[{"rt":4634,"url":"consent.html","trial_type":"external-html","trial_index":0,"time_elapsed":4673,"subject_id":"78156"},{"view_history":[{"page_index":0,"viewing_time":25655}],"rt":25658,"trial_type":"instructions","trial_index":1,"time_elapsed":30332,"subject_id":"78156"},{"rt":8202,"stimulus":0,"slider_start":100,"sprites":"animalCrackers","response":100,"absDeviation":50,"callibration":"callibration","block":-1,"seed":0,"numerosity":50,"matchType":"callibration","which":"first","trial_type":"numerosity-estimation","trial_index":2,"time_elapsed":38544,"subject_id":"78156"},{"rt":7724,"stimulus":1,"slider_start":100,"sprites":"letters","response":66,"absDeviation":2,"callibration":"callibration","block":-1,"seed":1,"numerosity":64,"matchType":"callibration","which":"first","trial_type":"numerosity-estimation","trial_index":3,"time_elapsed":46271,"subject_id":"78156"},{"rt":6859,"stimulus":2,"slider_start":100,"sprites":"butterflies","response":54,"absDeviation":24,"callibration":"callibration","block":-1,"seed":2,"numerosity":78,"matchType":"callibration","which":"first","trial_type":"numerosity-estimation","trial_index":4,"time_elapsed":53132,"subject_id":"78156"},{"rt":5106,"stimulus":3,"slider_start":100,"sprites":"hearts","response":73,"absDeviation":19,"callibration":"callibration","block":-1,"seed":3,"numerosity":92,"matchType":"callibration","which":"first","trial_type":"numerosity-estimation","trial_index":5,"time_elapsed":58241,"subject_id":"78156"},{"rt":4006,"stimulus":4,"slider_start":100,"sprites":"crackers","response":100,"absDeviation":7,"callibration":"callibration","block":-1,"seed":4,"numerosity":107,"matchType":"callibration","which":"first","trial_type":"numerosity-estimation","trial_index":6,"time_elapsed":62249,"subject_id":"78156"},{"rt":3355,"stimulus":5,"slider_start":100,"sprites":"bears","response":100,"absDeviation":21,"callibration":"callibration","block":-1,"seed":5,"numerosity":121,"matchType":"callibration","which":"first","trial_type":"numerosity-estimation","trial_index":7,"time_elapsed":65606,"subject_id":"78156"},{"rt":3049,"stimulus":6,"slider_start":100,"sprites":"fruits","response":100,"absDeviation":35,"callibration":"callibration","block":-1,"seed":6,"numerosity":135,"matchType":"callibration","which":"first","trial_type":"numerosity-estimation","trial_index":8,"time_elapsed":68657,"subject_id":"78156"},{"rt":2611,"stimulus":7,"slider_start":100,"sprites":"jellyBeans","response":100,"absDeviation":50,"callibration":"callibration","block":-1,"seed":7,"numerosity":150,"matchType":"callibration","which":"first","trial_type":"numerosity-estimation","trial_index":9,"time_elapsed":71273,"subject_id":"78156"},{"view_history":[{"page_index":0,"viewing_time":3404}],"rt":3405,"trial_type":"instructions","trial_index":10,"time_elapsed":74679,"subject_id":"78156"},{"rt":4760,"stimulus":1,"slider_start":100,"sprites":"letters","response":72,"absDeviation":20,"callibration":"test","block":0,"seed":1,"numerosity":92,"matchType":"paired","which":"first","trial_type":"numerosity-estimation","trial_index":11,"time_elapsed":79442,"subject_id":"78156"},{"rt":4499,"stimulus":1,"slider_start":100,"sprites":"letters","response":85,"absDeviation":7,"callibration":"test","block":0,"seed":1,"numerosity":92,"matchType":"paired","which":"second","trial_type":"numerosity-estimation","trial_index":12,"time_elapsed":83945,"subject_id":"78156"},{"rt":3859,"stimulus":3,"slider_start":100,"sprites":"hearts","response":55,"absDeviation":5,"callibration":"test","block":0,"seed":3,"numerosity":50,"matchType":"unpaired","which":"first","trial_type":"numerosity-estimation","trial_index":13,"time_elapsed":87806,"subject_id":"78156"},{"rt":3218,"stimulus":4,"slider_start":100,"sprites":"crackers","response":86,"absDeviation":21,"callibration":"test","block":0,"seed":4,"numerosity":107,"matchType":"unpaired","which":"first","trial_type":"numerosity-estimation","trial_index":14,"time_elapsed":91025,"subject_id":"78156"},{"rt":3404,"stimulus":5,"slider_start":100,"sprites":"bears","response":57,"absDeviation":7,"callibration":"test","block":0,"seed":5,"numerosity":50,"matchType":"paired","which":"first","trial_type":"numerosity-estimation","trial_index":15,"time_elapsed":94432,"subject_id":"78156"},{"rt":3241,"stimulus":5,"slider_start":100,"sprites":"bears","response":55,"absDeviation":5,"callibration":"test","block":0,"seed":5,"numerosity":50,"matchType":"paired","which":"second","trial_type":"numerosity-estimation","trial_index":16,"time_elapsed":97675,"subject_id":"78156"},{"rt":6975,"stimulus":7,"slider_start":100,"sprites":"jellyBeans","response":49,"absDeviation":1,"callibration":"test","block":0,"seed":7,"numerosity":50,"matchType":"unpaired","which":"first","trial_type":"numerosity-estimation","trial_index":17,"time_elapsed":104653,"subject_id":"78156"},{"rt":4088,"stimulus":8,"slider_start":100,"sprites":"marbles","response":107,"absDeviation":15,"callibration":"test","block":0,"seed":8,"numerosity":92,"matchType":"unpaired","which":"first","trial_type":"numerosity-estimation","trial_index":18,"time_elapsed":108742,"subject_id":"78156"},{"rt":3885,"stimulus":9,"slider_start":100,"sprites":"mints","response":121,"absDeviation":14,"callibration":"test","block":0,"seed":9,"numerosity":135,"matchType":"paired","which":"first","trial_type":"numerosity-estimation","trial_index":19,"time_elapsed":112629,"subject_id":"78156"},{"rt":4747,"stimulus":9,"slider_start":100,"sprites":"mints","response":137,"absDeviation":2,"callibration":"test","block":0,"seed":9,"numerosity":135,"matchType":"paired","which":"second","trial_type":"numerosity-estimation","trial_index":20,"time_elapsed":117378,"subject_id":"78156"},{"rt":4055,"stimulus":11,"slider_start":100,"sprites":"buttons","response":90,"absDeviation":17,"callibration":"test","block":0,"seed":11,"numerosity":107,"matchType":"unpaired","which":"first","trial_type":"numerosity-estimation","trial_index":21,"time_elapsed":121434,"subject_id":"78156"},{"rt":3073,"stimulus":12,"slider_start":100,"sprites":"animalCrackers","response":113,"absDeviation":21,"callibration":"test","block":0,"seed":12,"numerosity":92,"matchType":"unpaired","which":"first","trial_type":"numerosity-estimation","trial_index":22,"time_elapsed":124509,"subject_id":"78156"},{"rt":2893,"stimulus":13,"slider_start":100,"sprites":"letters","response":89,"absDeviation":18,"callibration":"test","block":0,"seed":13,"numerosity":107,"matchType":"paired","which":"first","trial_type":"numerosity-estimation","trial_index":23,"time_elapsed":127407,"subject_id":"78156"},{"rt":2831,"stimulus":13,"slider_start":100,"sprites":"letters","response":114,"absDeviation":7,"callibration":"test","block":0,"seed":13,"numerosity":107,"matchType":"paired","which":"second","trial_type":"numerosity-estimation","trial_index":24,"time_elapsed":130240,"subject_id":"78156"},{"rt":50992,"stimulus":15,"slider_start":100,"sprites":"hearts","response":112,"absDeviation":9,"callibration":"test","block":0,"seed":15,"numerosity":121,"matchType":"unpaired","which":"first","trial_type":"numerosity-estimation","trial_index":25,"time_elapsed":181235,"subject_id":"78156"},{"rt":2969,"stimulus":16,"slider_start":100,"sprites":"crackers","response":88,"absDeviation":24,"callibration":"test","block":0,"seed":16,"numerosity":64,"matchType":"unpaired","which":"first","trial_type":"numerosity-estimation","trial_index":26,"time_elapsed":184209,"subject_id":"78156"},{"rt":20080,"stimulus":"<p> For the last block of trials, the average deviation of your guesses from correct answers was 12.</p>\n     <p>The smaller the deviation the better.  Your deviation was <b> AMAZINGLY good</b>.</p><br>\n       <p>Press any key to continue to the next block of trials</p>","response":"d","trial_type":"html-keyboard-response","trial_index":27,"time_elapsed":204293,"subject_id":"78156"},{"rt":3402,"stimulus":17,"slider_start":100,"sprites":"bears","response":117,"absDeviation":25,"callibration":"test","block":1,"seed":17,"numerosity":92,"matchType":"paired","which":"first","trial_type":"numerosity-estimation","trial_index":28,"time_elapsed":207698,"subject_id":"78156"},{"rt":3297,"stimulus":17,"slider_start":100,"sprites":"bears","response":122,"absDeviation":30,"callibration":"test","block":1,"seed":17,"numerosity":92,"matchType":"paired","which":"second","trial_type":"numerosity-estimation","trial_index":29,"time_elapsed":210997,"subject_id":"78156"},{"rt":4133,"stimulus":19,"slider_start":100,"sprites":"jellyBeans","response":133,"absDeviation":2,"callibration":"test","block":1,"seed":19,"numerosity":135,"matchType":"unpaired","which":"first","trial_type":"numerosity-estimation","trial_index":30,"time_elapsed":215134,"subject_id":"78156"},{"rt":3574,"stimulus":20,"slider_start":100,"sprites":"marbles","response":78,"absDeviation":0,"callibration":"test","block":1,"seed":20,"numerosity":78,"matchType":"unpaired","which":"first","trial_type":"numerosity-estimation","trial_index":31,"time_elapsed":218710,"subject_id":"78156"},{"rt":3425,"stimulus":21,"slider_start":100,"sprites":"mints","response":88,"absDeviation":4,"callibration":"test","block":1,"seed":21,"numerosity":92,"matchType":"paired","which":"first","trial_type":"numerosity-estimation","trial_index":32,"time_elapsed":222138,"subject_id":"78156"},{"rt":3371,"stimulus":21,"slider_start":100,"sprites":"mints","response":125,"absDeviation":33,"callibration":"test","block":1,"seed":21,"numerosity":92,"matchType":"paired","which":"second","trial_type":"numerosity-estimation","trial_index":33,"time_elapsed":225511,"subject_id":"78156"},{"rt":3957,"stimulus":23,"slider_start":100,"sprites":"buttons","response":137,"absDeviation":13,"callibration":"test","block":1,"seed":23,"numerosity":150,"matchType":"unpaired","which":"first","trial_type":"numerosity-estimation","trial_index":34,"time_elapsed":229471,"subject_id":"78156"},{"rt":3000,"stimulus":24,"slider_start":100,"sprites":"animalCrackers","response":115,"absDeviation":8,"callibration":"test","block":1,"seed":24,"numerosity":107,"matchType":"unpaired","which":"first","trial_type":"numerosity-estimation","trial_index":35,"time_elapsed":232473,"subject_id":"78156"},{"rt":2942,"stimulus":25,"slider_start":100,"sprites":"letters","response":114,"absDeviation":7,"callibration":"test","block":1,"seed":25,"numerosity":107,"matchType":"paired","which":"first","trial_type":"numerosity-estimation","trial_index":36,"time_elapsed":235419,"subject_id":"78156"},{"rt":3510,"stimulus":25,"slider_start":100,"sprites":"letters","response":128,"absDeviation":21,"callibration":"test","block":1,"seed":25,"numerosity":107,"matchType":"paired","which":"second","trial_type":"numerosity-estimation","trial_index":37,"time_elapsed":238931,"subject_id":"78156"},{"rt":3794,"stimulus":27,"slider_start":100,"sprites":"hearts","response":127,"absDeviation":6,"callibration":"test","block":1,"seed":27,"numerosity":121,"matchType":"unpaired","which":"first","trial_type":"numerosity-estimation","trial_index":38,"time_elapsed":242728,"subject_id":"78156"},{"rt":4008,"stimulus":28,"slider_start":100,"sprites":"crackers","response":142,"absDeviation":8,"callibration":"test","block":1,"seed":28,"numerosity":150,"matchType":"unpaired","which":"first","trial_type":"numerosity-estimation","trial_index":39,"time_elapsed":246737,"subject_id":"78156"},{"rt":5915,"stimulus":29,"slider_start":100,"sprites":"bears","response":79,"absDeviation":15,"callibration":"test","block":1,"seed":29,"numerosity":64,"matchType":"paired","which":"first","trial_type":"numerosity-estimation","trial_index":40,"time_elapsed":252655,"subject_id":"78156"},{"rt":3232,"stimulus":29,"slider_start":100,"sprites":"bears","response":107,"absDeviation":43,"callibration":"test","block":1,"seed":29,"numerosity":64,"matchType":"paired","which":"second","trial_type":"numerosity-estimation","trial_index":41,"time_elapsed":255891,"subject_id":"78156"},{"rt":3339,"stimulus":31,"slider_start":100,"sprites":"jellyBeans","response":108,"absDeviation":42,"callibration":"test","block":1,"seed":31,"numerosity":150,"matchType":"unpaired","which":"first","trial_type":"numerosity-estimation","trial_index":42,"time_elapsed":259231,"subject_id":"78156"},{"rt":2802,"stimulus":32,"slider_start":100,"sprites":"marbles","response":123,"absDeviation":12,"callibration":"test","block":1,"seed":32,"numerosity":135,"matchType":"unpaired","which":"first","trial_type":"numerosity-estimation","trial_index":43,"time_elapsed":262035,"subject_id":"78156"},{"rt":2880,"stimulus":"<p> For the last block of trials, the average deviation of your guesses from correct answers was 17.</p>\n     <p>The smaller the deviation the better.  Your deviation was <b> VERY good</b>.</p><br>\n       <p>Press any key to continue to the next block of trials</p>","response":"d","trial_type":"html-keyboard-response","trial_index":44,"time_elapsed":264917,"subject_id":"78156"},{"rt":2780,"stimulus":33,"slider_start":100,"sprites":"mints","response":131,"absDeviation":10,"callibration":"test","block":2,"seed":33,"numerosity":121,"matchType":"paired","which":"first","trial_type":"numerosity-estimation","trial_index":45,"time_elapsed":267699,"subject_id":"78156"},{"rt":2945,"stimulus":33,"slider_start":100,"sprites":"mints","response":138,"absDeviation":17,"callibration":"test","block":2,"seed":33,"numerosity":121,"matchType":"paired","which":"second","trial_type":"numerosity-estimation","trial_index":46,"time_elapsed":270645,"subject_id":"78156"},{"rt":3299,"stimulus":35,"slider_start":100,"sprites":"buttons","response":70,"absDeviation":8,"callibration":"test","block":2,"seed":35,"numerosity":78,"matchType":"unpaired","which":"first","trial_type":"numerosity-estimation","trial_index":47,"time_elapsed":273946,"subject_id":"78156"},{"rt":3228,"stimulus":36,"slider_start":100,"sprites":"animalCrackers","response":69,"absDeviation":19,"callibration":"test","block":2,"seed":36,"numerosity":50,"matchType":"unpaired","which":"first","trial_type":"numerosity-estimation","trial_index":48,"time_elapsed":277177,"subject_id":"78156"},{"rt":3151,"stimulus":37,"slider_start":100,"sprites":"letters","response":124,"absDeviation":11,"callibration":"test","block":2,"seed":37,"numerosity":135,"matchType":"paired","which":"first","trial_type":"numerosity-estimation","trial_index":49,"time_elapsed":280330,"subject_id":"78156"},{"rt":3024,"stimulus":37,"slider_start":100,"sprites":"letters","response":148,"absDeviation":13,"callibration":"test","block":2,"seed":37,"numerosity":135,"matchType":"paired","which":"second","trial_type":"numerosity-estimation","trial_index":50,"time_elapsed":283356,"subject_id":"78156"},{"rt":3000,"stimulus":39,"slider_start":100,"sprites":"hearts","response":116,"absDeviation":38,"callibration":"test","block":2,"seed":39,"numerosity":78,"matchType":"unpaired","which":"first","trial_type":"numerosity-estimation","trial_index":51,"time_elapsed":286359,"subject_id":"78156"},{"rt":3209,"stimulus":40,"slider_start":100,"sprites":"crackers","response":139,"absDeviation":18,"callibration":"test","block":2,"seed":40,"numerosity":121,"matchType":"unpaired","which":"first","trial_type":"numerosity-estimation","trial_index":52,"time_elapsed":289570,"subject_id":"78156"},{"rt":3524,"stimulus":41,"slider_start":100,"sprites":"bears","response":62,"absDeviation":12,"callibration":"test","block":2,"seed":41,"numerosity":50,"matchType":"paired","which":"first","trial_type":"numerosity-estimation","trial_index":53,"time_elapsed":293096,"subject_id":"78156"},{"rt":3282,"stimulus":41,"slider_start":100,"sprites":"bears","response":71,"absDeviation":21,"callibration":"test","block":2,"seed":41,"numerosity":50,"matchType":"paired","which":"second","trial_type":"numerosity-estimation","trial_index":54,"time_elapsed":296381,"subject_id":"78156"},{"rt":3082,"stimulus":43,"slider_start":100,"sprites":"jellyBeans","response":80,"absDeviation":16,"callibration":"test","block":2,"seed":43,"numerosity":64,"matchType":"unpaired","which":"first","trial_type":"numerosity-estimation","trial_index":55,"time_elapsed":299464,"subject_id":"78156"},{"rt":2990,"stimulus":44,"slider_start":100,"sprites":"marbles","response":90,"absDeviation":31,"callibration":"test","block":2,"seed":44,"numerosity":121,"matchType":"unpaired","which":"first","trial_type":"numerosity-estimation","trial_index":56,"time_elapsed":302458,"subject_id":"78156"},{"rt":3388,"stimulus":45,"slider_start":100,"sprites":"mints","response":119,"absDeviation":2,"callibration":"test","block":2,"seed":45,"numerosity":121,"matchType":"paired","which":"first","trial_type":"numerosity-estimation","trial_index":57,"time_elapsed":305847,"subject_id":"78156"},{"rt":3025,"stimulus":45,"slider_start":100,"sprites":"mints","response":153,"absDeviation":32,"callibration":"test","block":2,"seed":45,"numerosity":121,"matchType":"paired","which":"second","trial_type":"numerosity-estimation","trial_index":58,"time_elapsed":308874,"subject_id":"78156"},{"rt":3238,"stimulus":47,"slider_start":100,"sprites":"buttons","response":157,"absDeviation":36,"callibration":"test","block":2,"seed":47,"numerosity":121,"matchType":"unpaired","which":"first","trial_type":"numerosity-estimation","trial_index":59,"time_elapsed":312115,"subject_id":"78156"},{"rt":2737,"stimulus":48,"slider_start":100,"sprites":"animalCrackers","response":160,"absDeviation":25,"callibration":"test","block":2,"seed":48,"numerosity":135,"matchType":"unpaired","which":"first","trial_type":"numerosity-estimation","trial_index":60,"time_elapsed":314855,"subject_id":"78156"},{"rt":1364,"stimulus":"<p> For the last block of trials, the average deviation of your guesses from correct answers was 19.</p>\n     <p>The smaller the deviation the better.  Your deviation was <b> VERY good</b>.</p><br>\n       <p>Press any key to continue to the next block of trials</p>","response":"d","trial_type":"html-keyboard-response","trial_index":61,"time_elapsed":316220,"subject_id":"78156"},{"rt":2632,"stimulus":49,"slider_start":100,"sprites":"letters","response":89,"absDeviation":11,"callibration":"test","block":3,"seed":49,"numerosity":78,"matchType":"paired","which":"first","trial_type":"numerosity-estimation","trial_index":62,"time_elapsed":318855,"subject_id":"78156"},{"rt":2564,"stimulus":49,"slider_start":100,"sprites":"letters","response":106,"absDeviation":28,"callibration":"test","block":3,"seed":49,"numerosity":78,"matchType":"paired","which":"second","trial_type":"numerosity-estimation","trial_index":63,"time_elapsed":321422,"subject_id":"78156"},{"rt":2524,"stimulus":51,"slider_start":100,"sprites":"hearts","response":110,"absDeviation":40,"callibration":"test","block":3,"seed":51,"numerosity":150,"matchType":"unpaired","which":"first","trial_type":"numerosity-estimation","trial_index":64,"time_elapsed":323949,"subject_id":"78156"},{"rt":3138,"stimulus":52,"slider_start":100,"sprites":"crackers","response":109,"absDeviation":31,"callibration":"test","block":3,"seed":52,"numerosity":78,"matchType":"unpaired","which":"first","trial_type":"numerosity-estimation","trial_index":65,"time_elapsed":327089,"subject_id":"78156"},{"rt":2904,"stimulus":53,"slider_start":100,"sprites":"bears","response":76,"absDeviation":26,"callibration":"test","block":3,"seed":53,"numerosity":50,"matchType":"paired","which":"first","trial_type":"numerosity-estimation","trial_index":66,"time_elapsed":329995,"subject_id":"78156"},{"rt":3558,"stimulus":53,"slider_start":100,"sprites":"bears","response":59,"absDeviation":9,"callibration":"test","block":3,"seed":53,"numerosity":50,"matchType":"paired","which":"second","trial_type":"numerosity-estimation","trial_index":67,"time_elapsed":333554,"subject_id":"78156"},{"rt":3352,"stimulus":55,"slider_start":100,"sprites":"jellyBeans","response":89,"absDeviation":32,"callibration":"test","block":3,"seed":55,"numerosity":121,"matchType":"unpaired","which":"first","trial_type":"numerosity-estimation","trial_index":68,"time_elapsed":336909,"subject_id":"78156"},{"rt":2952,"stimulus":56,"slider_start":100,"sprites":"marbles","response":60,"absDeviation":4,"callibration":"test","block":3,"seed":56,"numerosity":64,"matchType":"unpaired","which":"first","trial_type":"numerosity-estimation","trial_index":69,"time_elapsed":339863,"subject_id":"78156"},{"rt":2945,"stimulus":57,"slider_start":100,"sprites":"mints","response":78,"absDeviation":14,"callibration":"test","block":3,"seed":57,"numerosity":64,"matchType":"paired","which":"first","trial_type":"numerosity-estimation","trial_index":70,"time_elapsed":342810,"subject_id":"78156"},{"rt":3387,"stimulus":57,"slider_start":100,"sprites":"mints","response":72,"absDeviation":8,"callibration":"test","block":3,"seed":57,"numerosity":64,"matchType":"paired","which":"second","trial_type":"numerosity-estimation","trial_index":71,"time_elapsed":346198,"subject_id":"78156"},{"rt":3089,"stimulus":59,"slider_start":100,"sprites":"buttons","response":106,"absDeviation":29,"callibration":"test","block":3,"seed":59,"numerosity":135,"matchType":"unpaired","which":"first","trial_type":"numerosity-estimation","trial_index":72,"time_elapsed":349290,"subject_id":"78156"},{"rt":2871,"stimulus":60,"slider_start":100,"sprites":"animalCrackers","response":126,"absDeviation":24,"callibration":"test","block":3,"seed":60,"numerosity":150,"matchType":"unpaired","which":"first","trial_type":"numerosity-estimation","trial_index":73,"time_elapsed":352163,"subject_id":"78156"},{"rt":2679,"stimulus":61,"slider_start":100,"sprites":"letters","response":52,"absDeviation":2,"callibration":"test","block":3,"seed":61,"numerosity":50,"matchType":"paired","which":"first","trial_type":"numerosity-estimation","trial_index":74,"time_elapsed":354844,"subject_id":"78156"},{"rt":2766,"stimulus":61,"slider_start":100,"sprites":"letters","response":70,"absDeviation":20,"callibration":"test","block":3,"seed":61,"numerosity":50,"matchType":"paired","which":"second","trial_type":"numerosity-estimation","trial_index":75,"time_elapsed":357612,"subject_id":"78156"},{"rt":2494,"stimulus":63,"slider_start":100,"sprites":"hearts","response":84,"absDeviation":20,"callibration":"test","block":3,"seed":63,"numerosity":64,"matchType":"unpaired","which":"first","trial_type":"numerosity-estimation","trial_index":76,"time_elapsed":360108,"subject_id":"78156"},{"rt":2527,"stimulus":64,"slider_start":100,"sprites":"crackers","response":142,"absDeviation":7,"callibration":"test","block":3,"seed":64,"numerosity":135,"matchType":"unpaired","which":"first","trial_type":"numerosity-estimation","trial_index":77,"time_elapsed":362637,"subject_id":"78156"},{"rt":1166,"stimulus":"<p> For the last block of trials, the average deviation of your guesses from correct answers was 19.</p>\n     <p>The smaller the deviation the better.  Your deviation was <b> VERY good</b>.</p><br>\n       <p>Press any key to continue to the next block of trials</p>","response":"d","trial_type":"html-keyboard-response","trial_index":78,"time_elapsed":363804,"subject_id":"78156"},{"rt":2782,"stimulus":65,"slider_start":100,"sprites":"bears","response":136,"absDeviation":29,"callibration":"test","block":4,"seed":65,"numerosity":107,"matchType":"paired","which":"first","trial_type":"numerosity-estimation","trial_index":79,"time_elapsed":366588,"subject_id":"78156"},{"rt":2880,"stimulus":65,"slider_start":100,"sprites":"bears","response":144,"absDeviation":37,"callibration":"test","block":4,"seed":65,"numerosity":107,"matchType":"paired","which":"second","trial_type":"numerosity-estimation","trial_index":80,"time_elapsed":369470,"subject_id":"78156"},{"rt":2591,"stimulus":67,"slider_start":100,"sprites":"jellyBeans","response":133,"absDeviation":26,"callibration":"test","block":4,"seed":67,"numerosity":107,"matchType":"unpaired","which":"first","trial_type":"numerosity-estimation","trial_index":81,"time_elapsed":372063,"subject_id":"78156"},{"rt":5730,"stimulus":68,"slider_start":100,"sprites":"marbles","response":76,"absDeviation":74,"callibration":"test","block":4,"seed":68,"numerosity":150,"matchType":"unpaired","which":"first","trial_type":"numerosity-estimation","trial_index":82,"time_elapsed":377794,"subject_id":"78156"},{"rt":3729,"stimulus":69,"slider_start":100,"sprites":"mints","response":161,"absDeviation":40,"callibration":"test","block":4,"seed":69,"numerosity":121,"matchType":"paired","which":"first","trial_type":"numerosity-estimation","trial_index":83,"time_elapsed":381527,"subject_id":"78156"},{"rt":4450,"stimulus":69,"slider_start":100,"sprites":"mints","response":150,"absDeviation":29,"callibration":"test","block":4,"seed":69,"numerosity":121,"matchType":"paired","which":"second","trial_type":"numerosity-estimation","trial_index":84,"time_elapsed":385979,"subject_id":"78156"},{"rt":2745,"stimulus":71,"slider_start":100,"sprites":"buttons","response":128,"absDeviation":21,"callibration":"test","block":4,"seed":71,"numerosity":107,"matchType":"unpaired","which":"first","trial_type":"numerosity-estimation","trial_index":85,"time_elapsed":388727,"subject_id":"78156"},{"rt":4681,"stimulus":72,"slider_start":100,"sprites":"animalCrackers","response":38,"absDeviation":12,"callibration":"test","block":4,"seed":72,"numerosity":50,"matchType":"unpaired","which":"first","trial_type":"numerosity-estimation","trial_index":86,"time_elapsed":393409,"subject_id":"78156"},{"rt":2638,"stimulus":73,"slider_start":100,"sprites":"letters","response":61,"absDeviation":17,"callibration":"test","block":4,"seed":73,"numerosity":78,"matchType":"paired","which":"first","trial_type":"numerosity-estimation","trial_index":87,"time_elapsed":396050,"subject_id":"78156"},{"rt":2864,"stimulus":73,"slider_start":100,"sprites":"letters","response":81,"absDeviation":3,"callibration":"test","block":4,"seed":73,"numerosity":78,"matchType":"paired","which":"second","trial_type":"numerosity-estimation","trial_index":88,"time_elapsed":398915,"subject_id":"78156"},{"rt":3074,"stimulus":75,"slider_start":100,"sprites":"hearts","response":81,"absDeviation":11,"callibration":"test","block":4,"seed":75,"numerosity":92,"matchType":"unpaired","which":"first","trial_type":"numerosity-estimation","trial_index":89,"time_elapsed":401991,"subject_id":"78156"},{"rt":3756,"stimulus":76,"slider_start":100,"sprites":"crackers","response":57,"absDeviation":7,"callibration":"test","block":4,"seed":76,"numerosity":64,"matchType":"unpaired","which":"first","trial_type":"numerosity-estimation","trial_index":90,"time_elapsed":405749,"subject_id":"78156"},{"rt":2750,"stimulus":77,"slider_start":100,"sprites":"bears","response":129,"absDeviation":6,"callibration":"test","block":4,"seed":77,"numerosity":135,"matchType":"paired","which":"first","trial_type":"numerosity-estimation","trial_index":91,"time_elapsed":408501,"subject_id":"78156"},{"rt":2865,"stimulus":77,"slider_start":100,"sprites":"bears","response":145,"absDeviation":10,"callibration":"test","block":4,"seed":77,"numerosity":135,"matchType":"paired","which":"second","trial_type":"numerosity-estimation","trial_index":92,"time_elapsed":411369,"subject_id":"78156"},{"rt":3836,"stimulus":79,"slider_start":100,"sprites":"jellyBeans","response":39,"absDeviation":11,"callibration":"test","block":4,"seed":79,"numerosity":50,"matchType":"unpaired","which":"first","trial_type":"numerosity-estimation","trial_index":93,"time_elapsed":415207,"subject_id":"78156"},{"rt":4281,"stimulus":80,"slider_start":100,"sprites":"marbles","response":55,"absDeviation":66,"callibration":"test","block":4,"seed":80,"numerosity":121,"matchType":"unpaired","which":"first","trial_type":"numerosity-estimation","trial_index":94,"time_elapsed":419490,"subject_id":"78156"},{"rt":3430,"stimulus":"<p> For the last block of trials, the average deviation of your guesses from correct answers was 25.</p>\n     <p>The smaller the deviation the better.  Your deviation was <b> good</b>.</p><br>\n       <p>Press any key to continue to the next block of trials</p>","response":"d","trial_type":"html-keyboard-response","trial_index":95,"time_elapsed":422922,"subject_id":"78156"},{"rt":3521,"stimulus":81,"slider_start":100,"sprites":"mints","response":120,"absDeviation":1,"callibration":"test","block":5,"seed":81,"numerosity":121,"matchType":"paired","which":"first","trial_type":"numerosity-estimation","trial_index":96,"time_elapsed":426445,"subject_id":"78156"},{"rt":2468,"stimulus":81,"slider_start":100,"sprites":"mints","response":122,"absDeviation":1,"callibration":"test","block":5,"seed":81,"numerosity":121,"matchType":"paired","which":"second","trial_type":"numerosity-estimation","trial_index":97,"time_elapsed":428915,"subject_id":"78156"},{"rt":2614,"stimulus":83,"slider_start":100,"sprites":"buttons","response":120,"absDeviation":1,"callibration":"test","block":5,"seed":83,"numerosity":121,"matchType":"unpaired","which":"first","trial_type":"numerosity-estimation","trial_index":98,"time_elapsed":431532,"subject_id":"78156"},{"rt":3355,"stimulus":84,"slider_start":100,"sprites":"animalCrackers","response":58,"absDeviation":8,"callibration":"test","block":5,"seed":84,"numerosity":50,"matchType":"unpaired","which":"first","trial_type":"numerosity-estimation","trial_index":99,"time_elapsed":434889,"subject_id":"78156"},{"rt":2839,"stimulus":85,"slider_start":100,"sprites":"letters","response":61,"absDeviation":3,"callibration":"test","block":5,"seed":85,"numerosity":64,"matchType":"paired","which":"first","trial_type":"numerosity-estimation","trial_index":100,"time_elapsed":437730,"subject_id":"78156"},{"rt":2856,"stimulus":85,"slider_start":100,"sprites":"letters","response":55,"absDeviation":9,"callibration":"test","block":5,"seed":85,"numerosity":64,"matchType":"paired","which":"second","trial_type":"numerosity-estimation","trial_index":101,"time_elapsed":440588,"subject_id":"78156"},{"rt":2839,"stimulus":87,"slider_start":100,"sprites":"hearts","response":69,"absDeviation":19,"callibration":"test","block":5,"seed":87,"numerosity":50,"matchType":"unpaired","which":"first","trial_type":"numerosity-estimation","trial_index":102,"time_elapsed":443429,"subject_id":"78156"},{"rt":3192,"stimulus":88,"slider_start":100,"sprites":"crackers","response":118,"absDeviation":17,"callibration":"test","block":5,"seed":88,"numerosity":135,"matchType":"unpaired","which":"first","trial_type":"numerosity-estimation","trial_index":103,"time_elapsed":446624,"subject_id":"78156"},{"rt":2776,"stimulus":89,"slider_start":100,"sprites":"bears","response":57,"absDeviation":7,"callibration":"test","block":5,"seed":89,"numerosity":50,"matchType":"paired","which":"first","trial_type":"numerosity-estimation","trial_index":104,"time_elapsed":449402,"subject_id":"78156"},{"rt":3064,"stimulus":89,"slider_start":100,"sprites":"bears","response":82,"absDeviation":32,"callibration":"test","block":5,"seed":89,"numerosity":50,"matchType":"paired","which":"second","trial_type":"numerosity-estimation","trial_index":105,"time_elapsed":452469,"subject_id":"78156"},{"rt":2630,"stimulus":91,"slider_start":100,"sprites":"jellyBeans","response":72,"absDeviation":20,"callibration":"test","block":5,"seed":91,"numerosity":92,"matchType":"unpaired","which":"first","trial_type":"numerosity-estimation","trial_index":106,"time_elapsed":455101,"subject_id":"78156"},{"rt":4610,"stimulus":92,"slider_start":100,"sprites":"marbles","response":87,"absDeviation":34,"callibration":"test","block":5,"seed":92,"numerosity":121,"matchType":"unpaired","which":"first","trial_type":"numerosity-estimation","trial_index":107,"time_elapsed":459713,"subject_id":"78156"},{"rt":2799,"stimulus":93,"slider_start":100,"sprites":"mints","response":94,"absDeviation":16,"callibration":"test","block":5,"seed":93,"numerosity":78,"matchType":"paired","which":"first","trial_type":"numerosity-estimation","trial_index":108,"time_elapsed":462514,"subject_id":"78156"},{"rt":3178,"stimulus":93,"slider_start":100,"sprites":"mints","response":112,"absDeviation":34,"callibration":"test","block":5,"seed":93,"numerosity":78,"matchType":"paired","which":"second","trial_type":"numerosity-estimation","trial_index":109,"time_elapsed":465694,"subject_id":"78156"},{"rt":2960,"stimulus":95,"slider_start":100,"sprites":"buttons","response":92,"absDeviation":28,"callibration":"test","block":5,"seed":95,"numerosity":64,"matchType":"unpaired","which":"first","trial_type":"numerosity-estimation","trial_index":110,"time_elapsed":468656,"subject_id":"78156"},{"rt":2694,"stimulus":96,"slider_start":100,"sprites":"animalCrackers","response":115,"absDeviation":23,"callibration":"test","block":5,"seed":96,"numerosity":92,"matchType":"unpaired","which":"first","trial_type":"numerosity-estimation","trial_index":111,"time_elapsed":471352,"subject_id":"78156"},{"rt":1761,"stimulus":"<p> For the last block of trials, the average deviation of your guesses from correct answers was 16.</p>\n     <p>The smaller the deviation the better.  Your deviation was <b> VERY good</b>.</p><br>\n       <p>Press any key to continue to the next block of trials</p>","response":"d","trial_type":"html-keyboard-response","trial_index":112,"time_elapsed":473114,"subject_id":"78156"},{"rt":5947,"stimulus":2,"slider_start":100,"sprites":"butterflies","response":130,"absDeviation":5,"callibration":"test","block":6,"seed":2,"numerosity":135,"matchType":"paired","which":"first","trial_type":"numerosity-estimation","trial_index":113,"time_elapsed":479063,"subject_id":"78156"},{"rt":2638,"stimulus":2,"slider_start":100,"sprites":"butterflies","response":147,"absDeviation":12,"callibration":"test","block":6,"seed":2,"numerosity":135,"matchType":"paired","which":"second","trial_type":"numerosity-estimation","trial_index":114,"time_elapsed":481703,"subject_id":"78156"},{"rt":3048,"stimulus":3,"slider_start":100,"sprites":"hearts","response":58,"absDeviation":8,"callibration":"test","block":6,"seed":3,"numerosity":50,"matchType":"unpaired","which":"second","trial_type":"numerosity-estimation","trial_index":115,"time_elapsed":484754,"subject_id":"78156"},{"rt":2727,"stimulus":4,"slider_start":100,"sprites":"crackers","response":78,"absDeviation":29,"callibration":"test","block":6,"seed":4,"numerosity":107,"matchType":"unpaired","which":"second","trial_type":"numerosity-estimation","trial_index":116,"time_elapsed":487483,"subject_id":"78156"},{"rt":3080,"stimulus":6,"slider_start":100,"sprites":"fruits","response":86,"absDeviation":8,"callibration":"test","block":6,"seed":6,"numerosity":78,"matchType":"paired","which":"first","trial_type":"numerosity-estimation","trial_index":117,"time_elapsed":490565,"subject_id":"78156"},{"rt":3355,"stimulus":6,"slider_start":100,"sprites":"fruits","response":93,"absDeviation":15,"callibration":"test","block":6,"seed":6,"numerosity":78,"matchType":"paired","which":"second","trial_type":"numerosity-estimation","trial_index":118,"time_elapsed":493922,"subject_id":"78156"},{"rt":2912,"stimulus":7,"slider_start":100,"sprites":"jellyBeans","response":58,"absDeviation":8,"callibration":"test","block":6,"seed":7,"numerosity":50,"matchType":"unpaired","which":"second","trial_type":"numerosity-estimation","trial_index":119,"time_elapsed":496836,"subject_id":"78156"},{"rt":3032,"stimulus":8,"slider_start":100,"sprites":"marbles","response":69,"absDeviation":23,"callibration":"test","block":6,"seed":8,"numerosity":92,"matchType":"unpaired","which":"second","trial_type":"numerosity-estimation","trial_index":120,"time_elapsed":499870,"subject_id":"78156"},{"rt":2872,"stimulus":10,"slider_start":100,"sprites":"rocks","response":72,"absDeviation":22,"callibration":"test","block":6,"seed":10,"numerosity":50,"matchType":"paired","which":"first","trial_type":"numerosity-estimation","trial_index":121,"time_elapsed":502743,"subject_id":"78156"},{"rt":2761,"stimulus":10,"slider_start":100,"sprites":"rocks","response":50,"absDeviation":0,"callibration":"test","block":6,"seed":10,"numerosity":50,"matchType":"paired","which":"second","trial_type":"numerosity-estimation","trial_index":122,"time_elapsed":505507,"subject_id":"78156"},{"rt":3360,"stimulus":11,"slider_start":100,"sprites":"buttons","response":106,"absDeviation":1,"callibration":"test","block":6,"seed":11,"numerosity":107,"matchType":"unpaired","which":"second","trial_type":"numerosity-estimation","trial_index":123,"time_elapsed":508869,"subject_id":"78156"},{"rt":2734,"stimulus":12,"slider_start":100,"sprites":"animalCrackers","response":123,"absDeviation":31,"callibration":"test","block":6,"seed":12,"numerosity":92,"matchType":"unpaired","which":"second","trial_type":"numerosity-estimation","trial_index":124,"time_elapsed":511606,"subject_id":"78156"},{"rt":2430,"stimulus":14,"slider_start":100,"sprites":"butterflies","response":151,"absDeviation":1,"callibration":"test","block":6,"seed":14,"numerosity":150,"matchType":"paired","which":"first","trial_type":"numerosity-estimation","trial_index":125,"time_elapsed":514037,"subject_id":"78156"},{"rt":2849,"stimulus":14,"slider_start":100,"sprites":"butterflies","response":151,"absDeviation":1,"callibration":"test","block":6,"seed":14,"numerosity":150,"matchType":"paired","which":"second","trial_type":"numerosity-estimation","trial_index":126,"time_elapsed":516888,"subject_id":"78156"},{"rt":2605,"stimulus":15,"slider_start":100,"sprites":"hearts","response":146,"absDeviation":25,"callibration":"test","block":6,"seed":15,"numerosity":121,"matchType":"unpaired","which":"second","trial_type":"numerosity-estimation","trial_index":127,"time_elapsed":519497,"subject_id":"78156"},{"rt":2916,"stimulus":16,"slider_start":100,"sprites":"crackers","response":58,"absDeviation":6,"callibration":"test","block":6,"seed":16,"numerosity":64,"matchType":"unpaired","which":"second","trial_type":"numerosity-estimation","trial_index":128,"time_elapsed":522417,"subject_id":"78156"},{"rt":2189,"stimulus":"<p> For the last block of trials, the average deviation of your guesses from correct answers was 12.</p>\n     <p>The smaller the deviation the better.  Your deviation was <b> AMAZINGLY good</b>.</p><br>\n       <p>Press any key to continue to the next block of trials</p>","response":"d","trial_type":"html-keyboard-response","trial_index":129,"time_elapsed":524607,"subject_id":"78156"},{"rt":3508,"stimulus":18,"slider_start":100,"sprites":"fruits","response":83,"absDeviation":24,"callibration":"test","block":7,"seed":18,"numerosity":107,"matchType":"paired","which":"first","trial_type":"numerosity-estimation","trial_index":130,"time_elapsed":528116,"subject_id":"78156"},{"rt":2560,"stimulus":18,"slider_start":100,"sprites":"fruits","response":93,"absDeviation":14,"callibration":"test","block":7,"seed":18,"numerosity":107,"matchType":"paired","which":"second","trial_type":"numerosity-estimation","trial_index":131,"time_elapsed":530678,"subject_id":"78156"},{"rt":3022,"stimulus":19,"slider_start":100,"sprites":"jellyBeans","response":108,"absDeviation":27,"callibration":"test","block":7,"seed":19,"numerosity":135,"matchType":"unpaired","which":"second","trial_type":"numerosity-estimation","trial_index":132,"time_elapsed":533702,"subject_id":"78156"},{"rt":2695,"stimulus":20,"slider_start":100,"sprites":"marbles","response":60,"absDeviation":18,"callibration":"test","block":7,"seed":20,"numerosity":78,"matchType":"unpaired","which":"second","trial_type":"numerosity-estimation","trial_index":133,"time_elapsed":536399,"subject_id":"78156"},{"rt":2558,"stimulus":22,"slider_start":100,"sprites":"rocks","response":74,"absDeviation":18,"callibration":"test","block":7,"seed":22,"numerosity":92,"matchType":"paired","which":"first","trial_type":"numerosity-estimation","trial_index":134,"time_elapsed":538959,"subject_id":"78156"},{"rt":2540,"stimulus":22,"slider_start":100,"sprites":"rocks","response":93,"absDeviation":1,"callibration":"test","block":7,"seed":22,"numerosity":92,"matchType":"paired","which":"second","trial_type":"numerosity-estimation","trial_index":135,"time_elapsed":541503,"subject_id":"78156"},{"rt":5109,"stimulus":23,"slider_start":100,"sprites":"buttons","response":111,"absDeviation":39,"callibration":"test","block":7,"seed":23,"numerosity":150,"matchType":"unpaired","which":"second","trial_type":"numerosity-estimation","trial_index":136,"time_elapsed":546614,"subject_id":"78156"},{"rt":2710,"stimulus":24,"slider_start":100,"sprites":"animalCrackers","response":145,"absDeviation":38,"callibration":"test","block":7,"seed":24,"numerosity":107,"matchType":"unpaired","which":"second","trial_type":"numerosity-estimation","trial_index":137,"time_elapsed":549328,"subject_id":"78156"},{"rt":3142,"stimulus":26,"slider_start":100,"sprites":"butterflies","response":65,"absDeviation":27,"callibration":"test","block":7,"seed":26,"numerosity":92,"matchType":"paired","which":"first","trial_type":"numerosity-estimation","trial_index":138,"time_elapsed":552474,"subject_id":"78156"},{"rt":2889,"stimulus":26,"slider_start":100,"sprites":"butterflies","response":83,"absDeviation":9,"callibration":"test","block":7,"seed":26,"numerosity":92,"matchType":"paired","which":"second","trial_type":"numerosity-estimation","trial_index":139,"time_elapsed":555365,"subject_id":"78156"},{"rt":4256,"stimulus":27,"slider_start":100,"sprites":"hearts","response":118,"absDeviation":3,"callibration":"test","block":7,"seed":27,"numerosity":121,"matchType":"unpaired","which":"second","trial_type":"numerosity-estimation","trial_index":140,"time_elapsed":559624,"subject_id":"78156"},{"rt":2734,"stimulus":28,"slider_start":100,"sprites":"crackers","response":156,"absDeviation":6,"callibration":"test","block":7,"seed":28,"numerosity":150,"matchType":"unpaired","which":"second","trial_type":"numerosity-estimation","trial_index":141,"time_elapsed":562360,"subject_id":"78156"},{"rt":3596,"stimulus":30,"slider_start":100,"sprites":"fruits","response":89,"absDeviation":18,"callibration":"test","block":7,"seed":30,"numerosity":107,"matchType":"paired","which":"first","trial_type":"numerosity-estimation","trial_index":142,"time_elapsed":565959,"subject_id":"78156"},{"rt":4626,"stimulus":30,"slider_start":100,"sprites":"fruits","response":111,"absDeviation":4,"callibration":"test","block":7,"seed":30,"numerosity":107,"matchType":"paired","which":"second","trial_type":"numerosity-estimation","trial_index":143,"time_elapsed":570588,"subject_id":"78156"},{"rt":2670,"stimulus":31,"slider_start":100,"sprites":"jellyBeans","response":146,"absDeviation":4,"callibration":"test","block":7,"seed":31,"numerosity":150,"matchType":"unpaired","which":"second","trial_type":"numerosity-estimation","trial_index":144,"time_elapsed":573259,"subject_id":"78156"},{"rt":2598,"stimulus":32,"slider_start":100,"sprites":"marbles","response":73,"absDeviation":62,"callibration":"test","block":7,"seed":32,"numerosity":135,"matchType":"unpaired","which":"second","trial_type":"numerosity-estimation","trial_index":145,"time_elapsed":575859,"subject_id":"78156"},{"rt":1425,"stimulus":"<p> For the last block of trials, the average deviation of your guesses from correct answers was 20.</p>\n     <p>The smaller the deviation the better.  Your deviation was <b> VERY good</b>.</p><br>\n       <p>Press any key to continue to the next block of trials</p>","response":"d","trial_type":"html-keyboard-response","trial_index":146,"time_elapsed":577286,"subject_id":"78156"},{"rt":3418,"stimulus":34,"slider_start":100,"sprites":"rocks","response":89,"absDeviation":39,"callibration":"test","block":8,"seed":34,"numerosity":50,"matchType":"paired","which":"first","trial_type":"numerosity-estimation","trial_index":147,"time_elapsed":580706,"subject_id":"78156"},{"rt":2469,"stimulus":34,"slider_start":100,"sprites":"rocks","response":47,"absDeviation":3,"callibration":"test","block":8,"seed":34,"numerosity":50,"matchType":"paired","which":"second","trial_type":"numerosity-estimation","trial_index":148,"time_elapsed":583177,"subject_id":"78156"},{"rt":2792,"stimulus":35,"slider_start":100,"sprites":"buttons","response":63,"absDeviation":15,"callibration":"test","block":8,"seed":35,"numerosity":78,"matchType":"unpaired","which":"second","trial_type":"numerosity-estimation","trial_index":149,"time_elapsed":585971,"subject_id":"78156"},{"rt":2968,"stimulus":36,"slider_start":100,"sprites":"animalCrackers","response":60,"absDeviation":10,"callibration":"test","block":8,"seed":36,"numerosity":50,"matchType":"unpaired","which":"second","trial_type":"numerosity-estimation","trial_index":150,"time_elapsed":588941,"subject_id":"78156"},{"rt":2541,"stimulus":38,"slider_start":100,"sprites":"butterflies","response":58,"absDeviation":20,"callibration":"test","block":8,"seed":38,"numerosity":78,"matchType":"paired","which":"first","trial_type":"numerosity-estimation","trial_index":151,"time_elapsed":591484,"subject_id":"78156"},{"rt":2252,"stimulus":38,"slider_start":100,"sprites":"butterflies","response":64,"absDeviation":14,"callibration":"test","block":8,"seed":38,"numerosity":78,"matchType":"paired","which":"second","trial_type":"numerosity-estimation","trial_index":152,"time_elapsed":593738,"subject_id":"78156"},{"rt":2504,"stimulus":39,"slider_start":100,"sprites":"hearts","response":75,"absDeviation":3,"callibration":"test","block":8,"seed":39,"numerosity":78,"matchType":"unpaired","which":"second","trial_type":"numerosity-estimation","trial_index":153,"time_elapsed":596245,"subject_id":"78156"},{"rt":2603,"stimulus":40,"slider_start":100,"sprites":"crackers","response":130,"absDeviation":9,"callibration":"test","block":8,"seed":40,"numerosity":121,"matchType":"unpaired","which":"second","trial_type":"numerosity-estimation","trial_index":154,"time_elapsed":598850,"subject_id":"78156"},{"rt":4014,"stimulus":42,"slider_start":100,"sprites":"fruits","response":84,"absDeviation":6,"callibration":"test","block":8,"seed":42,"numerosity":78,"matchType":"paired","which":"first","trial_type":"numerosity-estimation","trial_index":155,"time_elapsed":602866,"subject_id":"78156"},{"rt":2985,"stimulus":42,"slider_start":100,"sprites":"fruits","response":90,"absDeviation":12,"callibration":"test","block":8,"seed":42,"numerosity":78,"matchType":"paired","which":"second","trial_type":"numerosity-estimation","trial_index":156,"time_elapsed":605853,"subject_id":"78156"},{"rt":3932,"stimulus":43,"slider_start":100,"sprites":"jellyBeans","response":77,"absDeviation":13,"callibration":"test","block":8,"seed":43,"numerosity":64,"matchType":"unpaired","which":"second","trial_type":"numerosity-estimation","trial_index":157,"time_elapsed":609789,"subject_id":"78156"},{"rt":3033,"stimulus":44,"slider_start":100,"sprites":"marbles","response":107,"absDeviation":14,"callibration":"test","block":8,"seed":44,"numerosity":121,"matchType":"unpaired","which":"second","trial_type":"numerosity-estimation","trial_index":158,"time_elapsed":612824,"subject_id":"78156"},{"rt":3202,"stimulus":46,"slider_start":100,"sprites":"rocks","response":94,"absDeviation":13,"callibration":"test","block":8,"seed":46,"numerosity":107,"matchType":"paired","which":"first","trial_type":"numerosity-estimation","trial_index":159,"time_elapsed":616028,"subject_id":"78156"},{"rt":2858,"stimulus":46,"slider_start":100,"sprites":"rocks","response":118,"absDeviation":11,"callibration":"test","block":8,"seed":46,"numerosity":107,"matchType":"paired","which":"second","trial_type":"numerosity-estimation","trial_index":160,"time_elapsed":618888,"subject_id":"78156"},{"rt":2477,"stimulus":47,"slider_start":100,"sprites":"buttons","response":133,"absDeviation":12,"callibration":"test","block":8,"seed":47,"numerosity":121,"matchType":"unpaired","which":"second","trial_type":"numerosity-estimation","trial_index":161,"time_elapsed":621367,"subject_id":"78156"},{"rt":2823,"stimulus":48,"slider_start":100,"sprites":"animalCrackers","response":156,"absDeviation":21,"callibration":"test","block":8,"seed":48,"numerosity":135,"matchType":"unpaired","which":"second","trial_type":"numerosity-estimation","trial_index":162,"time_elapsed":624192,"subject_id":"78156"},{"rt":1234,"stimulus":"<p> For the last block of trials, the average deviation of your guesses from correct answers was 13.</p>\n     <p>The smaller the deviation the better.  Your deviation was <b> AMAZINGLY good</b>.</p><br>\n       <p>Press any key to continue to the next block of trials</p>","response":"d","trial_type":"html-keyboard-response","trial_index":163,"time_elapsed":625428,"subject_id":"78156"},{"rt":4294,"stimulus":50,"slider_start":100,"sprites":"butterflies","response":126,"absDeviation":24,"callibration":"test","block":9,"seed":50,"numerosity":150,"matchType":"paired","which":"first","trial_type":"numerosity-estimation","trial_index":164,"time_elapsed":629724,"subject_id":"78156"},{"rt":2758,"stimulus":50,"slider_start":100,"sprites":"butterflies","response":134,"absDeviation":16,"callibration":"test","block":9,"seed":50,"numerosity":150,"matchType":"paired","which":"second","trial_type":"numerosity-estimation","trial_index":165,"time_elapsed":632484,"subject_id":"78156"},{"rt":2919,"stimulus":51,"slider_start":100,"sprites":"hearts","response":123,"absDeviation":27,"callibration":"test","block":9,"seed":51,"numerosity":150,"matchType":"unpaired","which":"second","trial_type":"numerosity-estimation","trial_index":166,"time_elapsed":635406,"subject_id":"78156"},{"rt":3026,"stimulus":52,"slider_start":100,"sprites":"crackers","response":62,"absDeviation":16,"callibration":"test","block":9,"seed":52,"numerosity":78,"matchType":"unpaired","which":"second","trial_type":"numerosity-estimation","trial_index":167,"time_elapsed":638434,"subject_id":"78156"},{"rt":2784,"stimulus":54,"slider_start":100,"sprites":"fruits","response":75,"absDeviation":17,"callibration":"test","block":9,"seed":54,"numerosity":92,"matchType":"paired","which":"first","trial_type":"numerosity-estimation","trial_index":168,"time_elapsed":641219,"subject_id":"78156"},{"rt":2944,"stimulus":54,"slider_start":100,"sprites":"fruits","response":88,"absDeviation":4,"callibration":"test","block":9,"seed":54,"numerosity":92,"matchType":"paired","which":"second","trial_type":"numerosity-estimation","trial_index":169,"time_elapsed":644165,"subject_id":"78156"},{"rt":2663,"stimulus":55,"slider_start":100,"sprites":"jellyBeans","response":83,"absDeviation":38,"callibration":"test","block":9,"seed":55,"numerosity":121,"matchType":"unpaired","which":"second","trial_type":"numerosity-estimation","trial_index":170,"time_elapsed":646831,"subject_id":"78156"},{"rt":2936,"stimulus":56,"slider_start":100,"sprites":"marbles","response":41,"absDeviation":23,"callibration":"test","block":9,"seed":56,"numerosity":64,"matchType":"unpaired","which":"second","trial_type":"numerosity-estimation","trial_index":171,"time_elapsed":649769,"subject_id":"78156"},{"rt":5077,"stimulus":58,"slider_start":100,"sprites":"rocks","response":90,"absDeviation":31,"callibration":"test","block":9,"seed":58,"numerosity":121,"matchType":"paired","which":"first","trial_type":"numerosity-estimation","trial_index":172,"time_elapsed":654848,"subject_id":"78156"},{"rt":2970,"stimulus":58,"slider_start":100,"sprites":"rocks","response":113,"absDeviation":8,"callibration":"test","block":9,"seed":58,"numerosity":121,"matchType":"paired","which":"second","trial_type":"numerosity-estimation","trial_index":173,"time_elapsed":657820,"subject_id":"78156"},{"rt":2340,"stimulus":59,"slider_start":100,"sprites":"buttons","response":131,"absDeviation":4,"callibration":"test","block":9,"seed":59,"numerosity":135,"matchType":"unpaired","which":"second","trial_type":"numerosity-estimation","trial_index":174,"time_elapsed":660163,"subject_id":"78156"},{"rt":2550,"stimulus":60,"slider_start":100,"sprites":"animalCrackers","response":162,"absDeviation":12,"callibration":"test","block":9,"seed":60,"numerosity":150,"matchType":"unpaired","which":"second","trial_type":"numerosity-estimation","trial_index":175,"time_elapsed":662714,"subject_id":"78156"},{"rt":2559,"stimulus":62,"slider_start":100,"sprites":"butterflies","response":133,"absDeviation":2,"callibration":"test","block":9,"seed":62,"numerosity":135,"matchType":"paired","which":"first","trial_type":"numerosity-estimation","trial_index":176,"time_elapsed":665275,"subject_id":"78156"},{"rt":3186,"stimulus":62,"slider_start":100,"sprites":"butterflies","response":128,"absDeviation":7,"callibration":"test","block":9,"seed":62,"numerosity":135,"matchType":"paired","which":"second","trial_type":"numerosity-estimation","trial_index":177,"time_elapsed":668463,"subject_id":"78156"},{"rt":3000,"stimulus":63,"slider_start":100,"sprites":"hearts","response":70,"absDeviation":6,"callibration":"test","block":9,"seed":63,"numerosity":64,"matchType":"unpaired","which":"second","trial_type":"numerosity-estimation","trial_index":178,"time_elapsed":671465,"subject_id":"78156"},{"rt":3075,"stimulus":64,"slider_start":100,"sprites":"crackers","response":116,"absDeviation":19,"callibration":"test","block":9,"seed":64,"numerosity":135,"matchType":"unpaired","which":"second","trial_type":"numerosity-estimation","trial_index":179,"time_elapsed":674542,"subject_id":"78156"},{"rt":2059,"stimulus":"<p> For the last block of trials, the average deviation of your guesses from correct answers was 16.</p>\n     <p>The smaller the deviation the better.  Your deviation was <b> VERY good</b>.</p><br>\n       <p>Press any key to continue to the next block of trials</p>","response":"d","trial_type":"html-keyboard-response","trial_index":180,"time_elapsed":676601,"subject_id":"78156"},{"rt":3039,"stimulus":66,"slider_start":100,"sprites":"fruits","response":50,"absDeviation":14,"callibration":"test","block":10,"seed":66,"numerosity":64,"matchType":"paired","which":"first","trial_type":"numerosity-estimation","trial_index":181,"time_elapsed":679645,"subject_id":"78156"},{"rt":3403,"stimulus":66,"slider_start":100,"sprites":"fruits","response":56,"absDeviation":8,"callibration":"test","block":10,"seed":66,"numerosity":64,"matchType":"paired","which":"second","trial_type":"numerosity-estimation","trial_index":182,"time_elapsed":683050,"subject_id":"78156"},{"rt":6028,"stimulus":67,"slider_start":100,"sprites":"jellyBeans","response":77,"absDeviation":30,"callibration":"test","block":10,"seed":67,"numerosity":107,"matchType":"unpaired","which":"second","trial_type":"numerosity-estimation","trial_index":183,"time_elapsed":689080,"subject_id":"78156"},{"rt":3756,"stimulus":68,"slider_start":100,"sprites":"marbles","response":86,"absDeviation":64,"callibration":"test","block":10,"seed":68,"numerosity":150,"matchType":"unpaired","which":"second","trial_type":"numerosity-estimation","trial_index":184,"time_elapsed":692838,"subject_id":"78156"},{"rt":3138,"stimulus":70,"slider_start":100,"sprites":"rocks","response":79,"absDeviation":13,"callibration":"test","block":10,"seed":70,"numerosity":92,"matchType":"paired","which":"first","trial_type":"numerosity-estimation","trial_index":185,"time_elapsed":695979,"subject_id":"78156"},{"rt":2294,"stimulus":70,"slider_start":100,"sprites":"rocks","response":93,"absDeviation":1,"callibration":"test","block":10,"seed":70,"numerosity":92,"matchType":"paired","which":"second","trial_type":"numerosity-estimation","trial_index":186,"time_elapsed":698275,"subject_id":"78156"},{"rt":2959,"stimulus":71,"slider_start":100,"sprites":"buttons","response":111,"absDeviation":4,"callibration":"test","block":10,"seed":71,"numerosity":107,"matchType":"unpaired","which":"second","trial_type":"numerosity-estimation","trial_index":187,"time_elapsed":701236,"subject_id":"78156"},{"rt":2945,"stimulus":72,"slider_start":100,"sprites":"animalCrackers","response":30,"absDeviation":20,"callibration":"test","block":10,"seed":72,"numerosity":50,"matchType":"unpaired","which":"second","trial_type":"numerosity-estimation","trial_index":188,"time_elapsed":704183,"subject_id":"78156"},{"rt":3258,"stimulus":74,"slider_start":100,"sprites":"butterflies","response":32,"absDeviation":32,"callibration":"test","block":10,"seed":74,"numerosity":64,"matchType":"paired","which":"first","trial_type":"numerosity-estimation","trial_index":189,"time_elapsed":707444,"subject_id":"78156"},{"rt":2775,"stimulus":74,"slider_start":100,"sprites":"butterflies","response":50,"absDeviation":14,"callibration":"test","block":10,"seed":74,"numerosity":64,"matchType":"paired","which":"second","trial_type":"numerosity-estimation","trial_index":190,"time_elapsed":710220,"subject_id":"78156"},{"rt":3157,"stimulus":75,"slider_start":100,"sprites":"hearts","response":63,"absDeviation":29,"callibration":"test","block":10,"seed":75,"numerosity":92,"matchType":"unpaired","which":"second","trial_type":"numerosity-estimation","trial_index":191,"time_elapsed":713380,"subject_id":"78156"},{"rt":2756,"stimulus":76,"slider_start":100,"sprites":"crackers","response":75,"absDeviation":11,"callibration":"test","block":10,"seed":76,"numerosity":64,"matchType":"unpaired","which":"second","trial_type":"numerosity-estimation","trial_index":192,"time_elapsed":716137,"subject_id":"78156"},{"rt":2131,"stimulus":78,"slider_start":100,"sprites":"fruits","response":71,"absDeviation":7,"callibration":"test","block":10,"seed":78,"numerosity":64,"matchType":"paired","which":"first","trial_type":"numerosity-estimation","trial_index":193,"time_elapsed":718271,"subject_id":"78156"},{"rt":3146,"stimulus":78,"slider_start":100,"sprites":"fruits","response":78,"absDeviation":14,"callibration":"test","block":10,"seed":78,"numerosity":64,"matchType":"paired","which":"second","trial_type":"numerosity-estimation","trial_index":194,"time_elapsed":721419,"subject_id":"78156"},{"rt":3218,"stimulus":79,"slider_start":100,"sprites":"jellyBeans","response":57,"absDeviation":7,"callibration":"test","block":10,"seed":79,"numerosity":50,"matchType":"unpaired","which":"second","trial_type":"numerosity-estimation","trial_index":195,"time_elapsed":724639,"subject_id":"78156"},{"rt":2969,"stimulus":80,"slider_start":100,"sprites":"marbles","response":61,"absDeviation":60,"callibration":"test","block":10,"seed":80,"numerosity":121,"matchType":"unpaired","which":"second","trial_type":"numerosity-estimation","trial_index":196,"time_elapsed":727609,"subject_id":"78156"},{"rt":1854,"stimulus":"<p> For the last block of trials, the average deviation of your guesses from correct answers was 21.</p>\n     <p>The smaller the deviation the better.  Your deviation was <b> VERY good</b>.</p><br>\n       <p>Press any key to continue to the next block of trials</p>","response":"d","trial_type":"html-keyboard-response","trial_index":197,"time_elapsed":729464,"subject_id":"78156"},{"rt":2295,"stimulus":82,"slider_start":100,"sprites":"rocks","response":50,"absDeviation":14,"callibration":"test","block":11,"seed":82,"numerosity":64,"matchType":"paired","which":"first","trial_type":"numerosity-estimation","trial_index":198,"time_elapsed":731763,"subject_id":"78156"},{"rt":3153,"stimulus":82,"slider_start":100,"sprites":"rocks","response":63,"absDeviation":1,"callibration":"test","block":11,"seed":82,"numerosity":64,"matchType":"paired","which":"second","trial_type":"numerosity-estimation","trial_index":199,"time_elapsed":734919,"subject_id":"78156"},{"rt":3621,"stimulus":83,"slider_start":100,"sprites":"buttons","response":108,"absDeviation":13,"callibration":"test","block":11,"seed":83,"numerosity":121,"matchType":"unpaired","which":"second","trial_type":"numerosity-estimation","trial_index":200,"time_elapsed":738542,"subject_id":"78156"},{"rt":2905,"stimulus":84,"slider_start":100,"sprites":"animalCrackers","response":63,"absDeviation":13,"callibration":"test","block":11,"seed":84,"numerosity":50,"matchType":"unpaired","which":"second","trial_type":"numerosity-estimation","trial_index":201,"time_elapsed":741449,"subject_id":"78156"},{"rt":2490,"stimulus":86,"slider_start":100,"sprites":"butterflies","response":114,"absDeviation":7,"callibration":"test","block":11,"seed":86,"numerosity":121,"matchType":"paired","which":"first","trial_type":"numerosity-estimation","trial_index":202,"time_elapsed":743943,"subject_id":"78156"},{"rt":2854,"stimulus":86,"slider_start":100,"sprites":"butterflies","response":109,"absDeviation":12,"callibration":"test","block":11,"seed":86,"numerosity":121,"matchType":"paired","which":"second","trial_type":"numerosity-estimation","trial_index":203,"time_elapsed":746798,"subject_id":"78156"},{"rt":2795,"stimulus":87,"slider_start":100,"sprites":"hearts","response":81,"absDeviation":31,"callibration":"test","block":11,"seed":87,"numerosity":50,"matchType":"unpaired","which":"second","trial_type":"numerosity-estimation","trial_index":204,"time_elapsed":749595,"subject_id":"78156"},{"rt":2300,"stimulus":88,"slider_start":100,"sprites":"crackers","response":136,"absDeviation":1,"callibration":"test","block":11,"seed":88,"numerosity":135,"matchType":"unpaired","which":"second","trial_type":"numerosity-estimation","trial_index":205,"time_elapsed":751897,"subject_id":"78156"},{"rt":2718,"stimulus":90,"slider_start":100,"sprites":"fruits","response":164,"absDeviation":14,"callibration":"test","block":11,"seed":90,"numerosity":150,"matchType":"paired","which":"first","trial_type":"numerosity-estimation","trial_index":206,"time_elapsed":754617,"subject_id":"78156"},{"rt":2799,"stimulus":90,"slider_start":100,"sprites":"fruits","response":161,"absDeviation":11,"callibration":"test","block":11,"seed":90,"numerosity":150,"matchType":"paired","which":"second","trial_type":"numerosity-estimation","trial_index":207,"time_elapsed":757419,"subject_id":"78156"},{"rt":2598,"stimulus":91,"slider_start":100,"sprites":"jellyBeans","response":80,"absDeviation":12,"callibration":"test","block":11,"seed":91,"numerosity":92,"matchType":"unpaired","which":"second","trial_type":"numerosity-estimation","trial_index":208,"time_elapsed":760019,"subject_id":"78156"},{"rt":2664,"stimulus":92,"slider_start":100,"sprites":"marbles","response":85,"absDeviation":36,"callibration":"test","block":11,"seed":92,"numerosity":121,"matchType":"unpaired","which":"second","trial_type":"numerosity-estimation","trial_index":209,"time_elapsed":762685,"subject_id":"78156"},{"rt":2138,"stimulus":94,"slider_start":100,"sprites":"rocks","response":65,"absDeviation":13,"callibration":"test","block":11,"seed":94,"numerosity":78,"matchType":"paired","which":"first","trial_type":"numerosity-estimation","trial_index":210,"time_elapsed":764825,"subject_id":"78156"},{"rt":2453,"stimulus":94,"slider_start":100,"sprites":"rocks","response":88,"absDeviation":10,"callibration":"test","block":11,"seed":94,"numerosity":78,"matchType":"paired","which":"second","trial_type":"numerosity-estimation","trial_index":211,"time_elapsed":767281,"subject_id":"78156"},{"rt":2897,"stimulus":95,"slider_start":100,"sprites":"buttons","response":86,"absDeviation":22,"callibration":"test","block":11,"seed":95,"numerosity":64,"matchType":"unpaired","which":"second","trial_type":"numerosity-estimation","trial_index":212,"time_elapsed":770180,"subject_id":"78156"},{"rt":3442,"stimulus":96,"slider_start":100,"sprites":"animalCrackers","response":68,"absDeviation":24,"callibration":"test","block":11,"seed":96,"numerosity":92,"matchType":"unpaired","which":"second","trial_type":"numerosity-estimation","trial_index":213,"time_elapsed":773625,"subject_id":"78156"},{"rt":1960,"stimulus":"<p> For the last block of trials, the average deviation of your guesses from correct answers was 15.</p>\n     <p>The smaller the deviation the better.  Your deviation was <b> VERY good</b>.</p><br>\n       <p>Press any key to continue to the next block of trials</p>","response":"d","trial_type":"html-keyboard-response","trial_index":214,"time_elapsed":775586,"subject_id":"78156"},{"rt":28554,"response":{"averageEstimates":"When the two displays occured back-to-back, in immediate succession.","firstOrSecond":"The second time the objects were shown"},"question_order":[0,1],"trial_type":"survey-multi-choice","trial_index":215,"time_elapsed":804143,"subject_id":"78156"}]