[{"rt":4928,"url":"consent.html","trial_type":"external-html","trial_index":0,"time_elapsed":4972,"subject_id":"77762"},{"view_history":[{"page_index":0,"viewing_time":2198}],"rt":2198,"trial_type":"instructions","trial_index":1,"time_elapsed":7170,"subject_id":"77762"},{"rt":17183,"stimulus":0,"slider_start":100,"sprites":"animalCrackers","response":50,"absDeviation":0,"callibration":"callibration","block":-1,"seed":0,"numerosity":50,"matchType":"callibration","which":"first","trial_type":"numerosity-estimation","trial_index":2,"time_elapsed":24358,"subject_id":"77762"},{"rt":8660,"stimulus":1,"slider_start":100,"sprites":"letters","response":64,"absDeviation":0,"callibration":"callibration","block":-1,"seed":1,"numerosity":64,"matchType":"callibration","which":"first","trial_type":"numerosity-estimation","trial_index":3,"time_elapsed":33021,"subject_id":"77762"},{"rt":4982,"stimulus":2,"slider_start":100,"sprites":"butterflies","response":100,"absDeviation":22,"callibration":"callibration","block":-1,"seed":2,"numerosity":78,"matchType":"callibration","which":"first","trial_type":"numerosity-estimation","trial_index":4,"time_elapsed":38004,"subject_id":"77762"},{"rt":4899,"stimulus":3,"slider_start":100,"sprites":"hearts","response":100,"absDeviation":8,"callibration":"callibration","block":-1,"seed":3,"numerosity":92,"matchType":"callibration","which":"first","trial_type":"numerosity-estimation","trial_index":5,"time_elapsed":42904,"subject_id":"77762"},{"rt":7233,"stimulus":4,"slider_start":100,"sprites":"crackers","response":107,"absDeviation":0,"callibration":"callibration","block":-1,"seed":4,"numerosity":107,"matchType":"callibration","which":"first","trial_type":"numerosity-estimation","trial_index":6,"time_elapsed":50138,"subject_id":"77762"},{"rt":5512,"stimulus":5,"slider_start":100,"sprites":"bears","response":121,"absDeviation":0,"callibration":"callibration","block":-1,"seed":5,"numerosity":121,"matchType":"callibration","which":"first","trial_type":"numerosity-estimation","trial_index":7,"time_elapsed":55652,"subject_id":"77762"},{"rt":7751,"stimulus":6,"slider_start":100,"sprites":"fruits","response":135,"absDeviation":0,"callibration":"callibration","block":-1,"seed":6,"numerosity":135,"matchType":"callibration","which":"first","trial_type":"numerosity-estimation","trial_index":8,"time_elapsed":63404,"subject_id":"77762"},{"rt":5264,"stimulus":7,"slider_start":100,"sprites":"jellyBeans","response":150,"absDeviation":0,"callibration":"callibration","block":-1,"seed":7,"numerosity":150,"matchType":"callibration","which":"first","trial_type":"numerosity-estimation","trial_index":9,"time_elapsed":68670,"subject_id":"77762"},{"view_history":[{"page_index":0,"viewing_time":7817}],"rt":7817,"trial_type":"instructions","trial_index":10,"time_elapsed":76487,"subject_id":"77762"},{"rt":7098,"stimulus":1,"slider_start":100,"sprites":"letters","response":75,"absDeviation":17,"callibration":"test","block":0,"seed":1,"numerosity":92,"matchType":"paired","which":"first","trial_type":"numerosity-estimation","trial_index":11,"time_elapsed":83587,"subject_id":"77762"},{"rt":7766,"stimulus":1,"slider_start":100,"sprites":"letters","response":72,"absDeviation":20,"callibration":"test","block":0,"seed":1,"numerosity":92,"matchType":"paired","which":"second","trial_type":"numerosity-estimation","trial_index":12,"time_elapsed":91354,"subject_id":"77762"},{"rt":8831,"stimulus":3,"slider_start":100,"sprites":"hearts","response":57,"absDeviation":7,"callibration":"test","block":0,"seed":3,"numerosity":50,"matchType":"unpaired","which":"first","trial_type":"numerosity-estimation","trial_index":13,"time_elapsed":100186,"subject_id":"77762"},{"rt":7750,"stimulus":4,"slider_start":100,"sprites":"crackers","response":111,"absDeviation":4,"callibration":"test","block":0,"seed":4,"numerosity":107,"matchType":"unpaired","which":"first","trial_type":"numerosity-estimation","trial_index":14,"time_elapsed":107937,"subject_id":"77762"},{"rt":7946,"stimulus":5,"slider_start":100,"sprites":"bears","response":46,"absDeviation":4,"callibration":"test","block":0,"seed":5,"numerosity":50,"matchType":"paired","which":"first","trial_type":"numerosity-estimation","trial_index":15,"time_elapsed":115884,"subject_id":"77762"},{"rt":6435,"stimulus":5,"slider_start":100,"sprites":"bears","response":44,"absDeviation":6,"callibration":"test","block":0,"seed":5,"numerosity":50,"matchType":"paired","which":"second","trial_type":"numerosity-estimation","trial_index":16,"time_elapsed":122320,"subject_id":"77762"},{"rt":4699,"stimulus":7,"slider_start":100,"sprites":"jellyBeans","response":45,"absDeviation":5,"callibration":"test","block":0,"seed":7,"numerosity":50,"matchType":"unpaired","which":"first","trial_type":"numerosity-estimation","trial_index":17,"time_elapsed":127021,"subject_id":"77762"},{"rt":6749,"stimulus":8,"slider_start":100,"sprites":"marbles","response":52,"absDeviation":40,"callibration":"test","block":0,"seed":8,"numerosity":92,"matchType":"unpaired","which":"first","trial_type":"numerosity-estimation","trial_index":18,"time_elapsed":133771,"subject_id":"77762"},{"rt":3882,"stimulus":9,"slider_start":100,"sprites":"mints","response":136,"absDeviation":1,"callibration":"test","block":0,"seed":9,"numerosity":135,"matchType":"paired","which":"first","trial_type":"numerosity-estimation","trial_index":19,"time_elapsed":137654,"subject_id":"77762"},{"rt":3481,"stimulus":9,"slider_start":100,"sprites":"mints","response":144,"absDeviation":9,"callibration":"test","block":0,"seed":9,"numerosity":135,"matchType":"paired","which":"second","trial_type":"numerosity-estimation","trial_index":20,"time_elapsed":141136,"subject_id":"77762"},{"rt":3316,"stimulus":11,"slider_start":100,"sprites":"buttons","response":112,"absDeviation":5,"callibration":"test","block":0,"seed":11,"numerosity":107,"matchType":"unpaired","which":"first","trial_type":"numerosity-estimation","trial_index":21,"time_elapsed":144452,"subject_id":"77762"},{"rt":3749,"stimulus":12,"slider_start":100,"sprites":"animalCrackers","response":107,"absDeviation":15,"callibration":"test","block":0,"seed":12,"numerosity":92,"matchType":"unpaired","which":"first","trial_type":"numerosity-estimation","trial_index":22,"time_elapsed":148202,"subject_id":"77762"},{"rt":3184,"stimulus":13,"slider_start":100,"sprites":"letters","response":108,"absDeviation":1,"callibration":"test","block":0,"seed":13,"numerosity":107,"matchType":"paired","which":"first","trial_type":"numerosity-estimation","trial_index":23,"time_elapsed":151387,"subject_id":"77762"},{"rt":2713,"stimulus":13,"slider_start":100,"sprites":"letters","response":107,"absDeviation":0,"callibration":"test","block":0,"seed":13,"numerosity":107,"matchType":"paired","which":"second","trial_type":"numerosity-estimation","trial_index":24,"time_elapsed":154100,"subject_id":"77762"},{"rt":7335,"stimulus":15,"slider_start":100,"sprites":"hearts","response":129,"absDeviation":8,"callibration":"test","block":0,"seed":15,"numerosity":121,"matchType":"unpaired","which":"first","trial_type":"numerosity-estimation","trial_index":25,"time_elapsed":161436,"subject_id":"77762"},{"rt":4517,"stimulus":16,"slider_start":100,"sprites":"crackers","response":56,"absDeviation":8,"callibration":"test","block":0,"seed":16,"numerosity":64,"matchType":"unpaired","which":"first","trial_type":"numerosity-estimation","trial_index":26,"time_elapsed":165954,"subject_id":"77762"},{"rt":9879,"stimulus":"<p> For the last block of trials, the average deviation of your guesses from correct answers was 9.</p>\n     <p>The smaller the deviation the better.  Your deviation was <b> AMAZINGLY good</b>.</p><br>\n       <p>Press any key to continue to the next block of trials</p>","response":" ","trial_type":"html-keyboard-response","trial_index":27,"time_elapsed":175835,"subject_id":"77762"},{"rt":5749,"stimulus":17,"slider_start":100,"sprites":"bears","response":58,"absDeviation":34,"callibration":"test","block":1,"seed":17,"numerosity":92,"matchType":"paired","which":"first","trial_type":"numerosity-estimation","trial_index":28,"time_elapsed":181585,"subject_id":"77762"},{"rt":4648,"stimulus":17,"slider_start":100,"sprites":"bears","response":79,"absDeviation":13,"callibration":"test","block":1,"seed":17,"numerosity":92,"matchType":"paired","which":"second","trial_type":"numerosity-estimation","trial_index":29,"time_elapsed":186234,"subject_id":"77762"},{"rt":3283,"stimulus":19,"slider_start":100,"sprites":"jellyBeans","response":117,"absDeviation":18,"callibration":"test","block":1,"seed":19,"numerosity":135,"matchType":"unpaired","which":"first","trial_type":"numerosity-estimation","trial_index":30,"time_elapsed":189518,"subject_id":"77762"},{"rt":5734,"stimulus":20,"slider_start":100,"sprites":"marbles","response":43,"absDeviation":35,"callibration":"test","block":1,"seed":20,"numerosity":78,"matchType":"unpaired","which":"first","trial_type":"numerosity-estimation","trial_index":31,"time_elapsed":195252,"subject_id":"77762"},{"rt":2682,"stimulus":21,"slider_start":100,"sprites":"mints","response":114,"absDeviation":22,"callibration":"test","block":1,"seed":21,"numerosity":92,"matchType":"paired","which":"first","trial_type":"numerosity-estimation","trial_index":32,"time_elapsed":197936,"subject_id":"77762"},{"rt":3197,"stimulus":21,"slider_start":100,"sprites":"mints","response":125,"absDeviation":33,"callibration":"test","block":1,"seed":21,"numerosity":92,"matchType":"paired","which":"second","trial_type":"numerosity-estimation","trial_index":33,"time_elapsed":201134,"subject_id":"77762"},{"rt":4515,"stimulus":23,"slider_start":100,"sprites":"buttons","response":152,"absDeviation":2,"callibration":"test","block":1,"seed":23,"numerosity":150,"matchType":"unpaired","which":"first","trial_type":"numerosity-estimation","trial_index":34,"time_elapsed":205650,"subject_id":"77762"},{"rt":3832,"stimulus":24,"slider_start":100,"sprites":"animalCrackers","response":132,"absDeviation":25,"callibration":"test","block":1,"seed":24,"numerosity":107,"matchType":"unpaired","which":"first","trial_type":"numerosity-estimation","trial_index":35,"time_elapsed":209483,"subject_id":"77762"},{"rt":2901,"stimulus":25,"slider_start":100,"sprites":"letters","response":121,"absDeviation":14,"callibration":"test","block":1,"seed":25,"numerosity":107,"matchType":"paired","which":"first","trial_type":"numerosity-estimation","trial_index":36,"time_elapsed":212385,"subject_id":"77762"},{"rt":3082,"stimulus":25,"slider_start":100,"sprites":"letters","response":129,"absDeviation":22,"callibration":"test","block":1,"seed":25,"numerosity":107,"matchType":"paired","which":"second","trial_type":"numerosity-estimation","trial_index":37,"time_elapsed":215468,"subject_id":"77762"},{"rt":2763,"stimulus":27,"slider_start":100,"sprites":"hearts","response":133,"absDeviation":12,"callibration":"test","block":1,"seed":27,"numerosity":121,"matchType":"unpaired","which":"first","trial_type":"numerosity-estimation","trial_index":38,"time_elapsed":218233,"subject_id":"77762"},{"rt":5601,"stimulus":28,"slider_start":100,"sprites":"crackers","response":147,"absDeviation":3,"callibration":"test","block":1,"seed":28,"numerosity":150,"matchType":"unpaired","which":"first","trial_type":"numerosity-estimation","trial_index":39,"time_elapsed":223834,"subject_id":"77762"},{"rt":4516,"stimulus":29,"slider_start":100,"sprites":"bears","response":45,"absDeviation":19,"callibration":"test","block":1,"seed":29,"numerosity":64,"matchType":"paired","which":"first","trial_type":"numerosity-estimation","trial_index":40,"time_elapsed":228351,"subject_id":"77762"},{"rt":3533,"stimulus":29,"slider_start":100,"sprites":"bears","response":52,"absDeviation":12,"callibration":"test","block":1,"seed":29,"numerosity":64,"matchType":"paired","which":"second","trial_type":"numerosity-estimation","trial_index":41,"time_elapsed":231884,"subject_id":"77762"},{"rt":5500,"stimulus":31,"slider_start":100,"sprites":"jellyBeans","response":124,"absDeviation":26,"callibration":"test","block":1,"seed":31,"numerosity":150,"matchType":"unpaired","which":"first","trial_type":"numerosity-estimation","trial_index":42,"time_elapsed":237385,"subject_id":"77762"},{"rt":5782,"stimulus":32,"slider_start":100,"sprites":"marbles","response":117,"absDeviation":18,"callibration":"test","block":1,"seed":32,"numerosity":135,"matchType":"unpaired","which":"first","trial_type":"numerosity-estimation","trial_index":43,"time_elapsed":243168,"subject_id":"77762"},{"rt":3109,"stimulus":"<p> For the last block of trials, the average deviation of your guesses from correct answers was 19.</p>\n     <p>The smaller the deviation the better.  Your deviation was <b> VERY good</b>.</p><br>\n       <p>Press any key to continue to the next block of trials</p>","response":" ","trial_type":"html-keyboard-response","trial_index":44,"time_elapsed":246278,"subject_id":"77762"},{"rt":2753,"stimulus":33,"slider_start":100,"sprites":"mints","response":120,"absDeviation":1,"callibration":"test","block":2,"seed":33,"numerosity":121,"matchType":"paired","which":"first","trial_type":"numerosity-estimation","trial_index":45,"time_elapsed":249035,"subject_id":"77762"},{"rt":2930,"stimulus":33,"slider_start":100,"sprites":"mints","response":131,"absDeviation":10,"callibration":"test","block":2,"seed":33,"numerosity":121,"matchType":"paired","which":"second","trial_type":"numerosity-estimation","trial_index":46,"time_elapsed":251966,"subject_id":"77762"},{"rt":3850,"stimulus":35,"slider_start":100,"sprites":"buttons","response":81,"absDeviation":3,"callibration":"test","block":2,"seed":35,"numerosity":78,"matchType":"unpaired","which":"first","trial_type":"numerosity-estimation","trial_index":47,"time_elapsed":255817,"subject_id":"77762"},{"rt":4198,"stimulus":36,"slider_start":100,"sprites":"animalCrackers","response":38,"absDeviation":12,"callibration":"test","block":2,"seed":36,"numerosity":50,"matchType":"unpaired","which":"first","trial_type":"numerosity-estimation","trial_index":48,"time_elapsed":260017,"subject_id":"77762"},{"rt":5252,"stimulus":37,"slider_start":100,"sprites":"letters","response":115,"absDeviation":20,"callibration":"test","block":2,"seed":37,"numerosity":135,"matchType":"paired","which":"first","trial_type":"numerosity-estimation","trial_index":49,"time_elapsed":265270,"subject_id":"77762"},{"rt":2796,"stimulus":37,"slider_start":100,"sprites":"letters","response":112,"absDeviation":23,"callibration":"test","block":2,"seed":37,"numerosity":135,"matchType":"paired","which":"second","trial_type":"numerosity-estimation","trial_index":50,"time_elapsed":268067,"subject_id":"77762"},{"rt":4999,"stimulus":39,"slider_start":100,"sprites":"hearts","response":104,"absDeviation":26,"callibration":"test","block":2,"seed":39,"numerosity":78,"matchType":"unpaired","which":"first","trial_type":"numerosity-estimation","trial_index":51,"time_elapsed":273067,"subject_id":"77762"},{"rt":3849,"stimulus":40,"slider_start":100,"sprites":"crackers","response":115,"absDeviation":6,"callibration":"test","block":2,"seed":40,"numerosity":121,"matchType":"unpaired","which":"first","trial_type":"numerosity-estimation","trial_index":52,"time_elapsed":276917,"subject_id":"77762"},{"rt":4517,"stimulus":41,"slider_start":100,"sprites":"bears","response":37,"absDeviation":13,"callibration":"test","block":2,"seed":41,"numerosity":50,"matchType":"paired","which":"first","trial_type":"numerosity-estimation","trial_index":53,"time_elapsed":281435,"subject_id":"77762"},{"rt":3981,"stimulus":41,"slider_start":100,"sprites":"bears","response":39,"absDeviation":11,"callibration":"test","block":2,"seed":41,"numerosity":50,"matchType":"paired","which":"second","trial_type":"numerosity-estimation","trial_index":54,"time_elapsed":285418,"subject_id":"77762"},{"rt":3598,"stimulus":43,"slider_start":100,"sprites":"jellyBeans","response":54,"absDeviation":10,"callibration":"test","block":2,"seed":43,"numerosity":64,"matchType":"unpaired","which":"first","trial_type":"numerosity-estimation","trial_index":55,"time_elapsed":289016,"subject_id":"77762"},{"rt":3047,"stimulus":44,"slider_start":100,"sprites":"marbles","response":74,"absDeviation":47,"callibration":"test","block":2,"seed":44,"numerosity":121,"matchType":"unpaired","which":"first","trial_type":"numerosity-estimation","trial_index":56,"time_elapsed":292066,"subject_id":"77762"},{"rt":3448,"stimulus":45,"slider_start":100,"sprites":"mints","response":120,"absDeviation":1,"callibration":"test","block":2,"seed":45,"numerosity":121,"matchType":"paired","which":"first","trial_type":"numerosity-estimation","trial_index":57,"time_elapsed":295515,"subject_id":"77762"},{"rt":2418,"stimulus":45,"slider_start":100,"sprites":"mints","response":123,"absDeviation":2,"callibration":"test","block":2,"seed":45,"numerosity":121,"matchType":"paired","which":"second","trial_type":"numerosity-estimation","trial_index":58,"time_elapsed":297934,"subject_id":"77762"},{"rt":4548,"stimulus":47,"slider_start":100,"sprites":"buttons","response":125,"absDeviation":4,"callibration":"test","block":2,"seed":47,"numerosity":121,"matchType":"unpaired","which":"first","trial_type":"numerosity-estimation","trial_index":59,"time_elapsed":302483,"subject_id":"77762"},{"rt":3915,"stimulus":48,"slider_start":100,"sprites":"animalCrackers","response":131,"absDeviation":4,"callibration":"test","block":2,"seed":48,"numerosity":135,"matchType":"unpaired","which":"first","trial_type":"numerosity-estimation","trial_index":60,"time_elapsed":306400,"subject_id":"77762"},{"rt":5848,"stimulus":"<p> For the last block of trials, the average deviation of your guesses from correct answers was 12.</p>\n     <p>The smaller the deviation the better.  Your deviation was <b> AMAZINGLY good</b>.</p><br>\n       <p>Press any key to continue to the next block of trials</p>","response":" ","trial_type":"html-keyboard-response","trial_index":61,"time_elapsed":312248,"subject_id":"77762"},{"rt":5535,"stimulus":49,"slider_start":100,"sprites":"letters","response":50,"absDeviation":28,"callibration":"test","block":3,"seed":49,"numerosity":78,"matchType":"paired","which":"first","trial_type":"numerosity-estimation","trial_index":62,"time_elapsed":317785,"subject_id":"77762"},{"rt":4581,"stimulus":49,"slider_start":100,"sprites":"letters","response":56,"absDeviation":22,"callibration":"test","block":3,"seed":49,"numerosity":78,"matchType":"paired","which":"second","trial_type":"numerosity-estimation","trial_index":63,"time_elapsed":322367,"subject_id":"77762"},{"rt":3684,"stimulus":51,"slider_start":100,"sprites":"hearts","response":136,"absDeviation":14,"callibration":"test","block":3,"seed":51,"numerosity":150,"matchType":"unpaired","which":"first","trial_type":"numerosity-estimation","trial_index":64,"time_elapsed":326052,"subject_id":"77762"},{"rt":4345,"stimulus":52,"slider_start":100,"sprites":"crackers","response":59,"absDeviation":19,"callibration":"test","block":3,"seed":52,"numerosity":78,"matchType":"unpaired","which":"first","trial_type":"numerosity-estimation","trial_index":65,"time_elapsed":330398,"subject_id":"77762"},{"rt":3616,"stimulus":53,"slider_start":100,"sprites":"bears","response":49,"absDeviation":1,"callibration":"test","block":3,"seed":53,"numerosity":50,"matchType":"paired","which":"first","trial_type":"numerosity-estimation","trial_index":66,"time_elapsed":334014,"subject_id":"77762"},{"rt":3951,"stimulus":53,"slider_start":100,"sprites":"bears","response":40,"absDeviation":10,"callibration":"test","block":3,"seed":53,"numerosity":50,"matchType":"paired","which":"second","trial_type":"numerosity-estimation","trial_index":67,"time_elapsed":337966,"subject_id":"77762"},{"rt":4448,"stimulus":55,"slider_start":100,"sprites":"jellyBeans","response":105,"absDeviation":16,"callibration":"test","block":3,"seed":55,"numerosity":121,"matchType":"unpaired","which":"first","trial_type":"numerosity-estimation","trial_index":68,"time_elapsed":342415,"subject_id":"77762"},{"rt":6649,"stimulus":56,"slider_start":100,"sprites":"marbles","response":53,"absDeviation":11,"callibration":"test","block":3,"seed":56,"numerosity":64,"matchType":"unpaired","which":"first","trial_type":"numerosity-estimation","trial_index":69,"time_elapsed":349065,"subject_id":"77762"},{"rt":3198,"stimulus":57,"slider_start":100,"sprites":"mints","response":59,"absDeviation":5,"callibration":"test","block":3,"seed":57,"numerosity":64,"matchType":"paired","which":"first","trial_type":"numerosity-estimation","trial_index":70,"time_elapsed":352264,"subject_id":"77762"},{"rt":3453,"stimulus":57,"slider_start":100,"sprites":"mints","response":66,"absDeviation":2,"callibration":"test","block":3,"seed":57,"numerosity":64,"matchType":"paired","which":"second","trial_type":"numerosity-estimation","trial_index":71,"time_elapsed":355717,"subject_id":"77762"},{"rt":5862,"stimulus":59,"slider_start":100,"sprites":"buttons","response":128,"absDeviation":7,"callibration":"test","block":3,"seed":59,"numerosity":135,"matchType":"unpaired","which":"first","trial_type":"numerosity-estimation","trial_index":72,"time_elapsed":361580,"subject_id":"77762"},{"rt":3467,"stimulus":60,"slider_start":100,"sprites":"animalCrackers","response":142,"absDeviation":8,"callibration":"test","block":3,"seed":60,"numerosity":150,"matchType":"unpaired","which":"first","trial_type":"numerosity-estimation","trial_index":73,"time_elapsed":365048,"subject_id":"77762"},{"rt":4516,"stimulus":61,"slider_start":100,"sprites":"letters","response":40,"absDeviation":10,"callibration":"test","block":3,"seed":61,"numerosity":50,"matchType":"paired","which":"first","trial_type":"numerosity-estimation","trial_index":74,"time_elapsed":369565,"subject_id":"77762"},{"rt":3216,"stimulus":61,"slider_start":100,"sprites":"letters","response":51,"absDeviation":1,"callibration":"test","block":3,"seed":61,"numerosity":50,"matchType":"paired","which":"second","trial_type":"numerosity-estimation","trial_index":75,"time_elapsed":372782,"subject_id":"77762"},{"rt":3698,"stimulus":63,"slider_start":100,"sprites":"hearts","response":62,"absDeviation":2,"callibration":"test","block":3,"seed":63,"numerosity":64,"matchType":"unpaired","which":"first","trial_type":"numerosity-estimation","trial_index":76,"time_elapsed":376481,"subject_id":"77762"},{"rt":4350,"stimulus":64,"slider_start":100,"sprites":"crackers","response":131,"absDeviation":4,"callibration":"test","block":3,"seed":64,"numerosity":135,"matchType":"unpaired","which":"first","trial_type":"numerosity-estimation","trial_index":77,"time_elapsed":380832,"subject_id":"77762"},{"rt":1699,"stimulus":"<p> For the last block of trials, the average deviation of your guesses from correct answers was 10.</p>\n     <p>The smaller the deviation the better.  Your deviation was <b> AMAZINGLY good</b>.</p><br>\n       <p>Press any key to continue to the next block of trials</p>","response":" ","trial_type":"html-keyboard-response","trial_index":78,"time_elapsed":382532,"subject_id":"77762"},{"rt":6648,"stimulus":65,"slider_start":100,"sprites":"bears","response":114,"absDeviation":7,"callibration":"test","block":4,"seed":65,"numerosity":107,"matchType":"paired","which":"first","trial_type":"numerosity-estimation","trial_index":79,"time_elapsed":389182,"subject_id":"77762"},{"rt":9099,"stimulus":65,"slider_start":100,"sprites":"bears","response":58,"absDeviation":49,"callibration":"test","block":4,"seed":65,"numerosity":107,"matchType":"paired","which":"second","trial_type":"numerosity-estimation","trial_index":80,"time_elapsed":398281,"subject_id":"77762"},{"rt":3698,"stimulus":67,"slider_start":100,"sprites":"jellyBeans","response":71,"absDeviation":36,"callibration":"test","block":4,"seed":67,"numerosity":107,"matchType":"unpaired","which":"first","trial_type":"numerosity-estimation","trial_index":81,"time_elapsed":401980,"subject_id":"77762"},{"rt":3200,"stimulus":68,"slider_start":100,"sprites":"marbles","response":77,"absDeviation":73,"callibration":"test","block":4,"seed":68,"numerosity":150,"matchType":"unpaired","which":"first","trial_type":"numerosity-estimation","trial_index":82,"time_elapsed":405181,"subject_id":"77762"},{"rt":6281,"stimulus":69,"slider_start":100,"sprites":"mints","response":99,"absDeviation":22,"callibration":"test","block":4,"seed":69,"numerosity":121,"matchType":"paired","which":"first","trial_type":"numerosity-estimation","trial_index":83,"time_elapsed":411463,"subject_id":"77762"},{"rt":2667,"stimulus":69,"slider_start":100,"sprites":"mints","response":114,"absDeviation":7,"callibration":"test","block":4,"seed":69,"numerosity":121,"matchType":"paired","which":"second","trial_type":"numerosity-estimation","trial_index":84,"time_elapsed":414132,"subject_id":"77762"},{"rt":3299,"stimulus":71,"slider_start":100,"sprites":"buttons","response":117,"absDeviation":10,"callibration":"test","block":4,"seed":71,"numerosity":107,"matchType":"unpaired","which":"first","trial_type":"numerosity-estimation","trial_index":85,"time_elapsed":417433,"subject_id":"77762"},{"rt":6233,"stimulus":72,"slider_start":100,"sprites":"animalCrackers","response":45,"absDeviation":5,"callibration":"test","block":4,"seed":72,"numerosity":50,"matchType":"unpaired","which":"first","trial_type":"numerosity-estimation","trial_index":86,"time_elapsed":423668,"subject_id":"77762"},{"rt":3114,"stimulus":73,"slider_start":100,"sprites":"letters","response":75,"absDeviation":3,"callibration":"test","block":4,"seed":73,"numerosity":78,"matchType":"paired","which":"first","trial_type":"numerosity-estimation","trial_index":87,"time_elapsed":426784,"subject_id":"77762"},{"rt":3918,"stimulus":73,"slider_start":100,"sprites":"letters","response":80,"absDeviation":2,"callibration":"test","block":4,"seed":73,"numerosity":78,"matchType":"paired","which":"second","trial_type":"numerosity-estimation","trial_index":88,"time_elapsed":430703,"subject_id":"77762"},{"rt":5566,"stimulus":75,"slider_start":100,"sprites":"hearts","response":83,"absDeviation":9,"callibration":"test","block":4,"seed":75,"numerosity":92,"matchType":"unpaired","which":"first","trial_type":"numerosity-estimation","trial_index":89,"time_elapsed":436271,"subject_id":"77762"},{"rt":3098,"stimulus":76,"slider_start":100,"sprites":"crackers","response":73,"absDeviation":9,"callibration":"test","block":4,"seed":76,"numerosity":64,"matchType":"unpaired","which":"first","trial_type":"numerosity-estimation","trial_index":90,"time_elapsed":439370,"subject_id":"77762"},{"rt":2830,"stimulus":77,"slider_start":100,"sprites":"bears","response":111,"absDeviation":24,"callibration":"test","block":4,"seed":77,"numerosity":135,"matchType":"paired","which":"first","trial_type":"numerosity-estimation","trial_index":91,"time_elapsed":442204,"subject_id":"77762"},{"rt":5382,"stimulus":77,"slider_start":100,"sprites":"bears","response":111,"absDeviation":24,"callibration":"test","block":4,"seed":77,"numerosity":135,"matchType":"paired","which":"second","trial_type":"numerosity-estimation","trial_index":92,"time_elapsed":447587,"subject_id":"77762"},{"rt":3383,"stimulus":79,"slider_start":100,"sprites":"jellyBeans","response":40,"absDeviation":10,"callibration":"test","block":4,"seed":79,"numerosity":50,"matchType":"unpaired","which":"first","trial_type":"numerosity-estimation","trial_index":93,"time_elapsed":450971,"subject_id":"77762"},{"rt":4065,"stimulus":80,"slider_start":100,"sprites":"marbles","response":92,"absDeviation":29,"callibration":"test","block":4,"seed":80,"numerosity":121,"matchType":"unpaired","which":"first","trial_type":"numerosity-estimation","trial_index":94,"time_elapsed":455038,"subject_id":"77762"},{"rt":1251,"stimulus":"<p> For the last block of trials, the average deviation of your guesses from correct answers was 20.</p>\n     <p>The smaller the deviation the better.  Your deviation was <b> VERY good</b>.</p><br>\n       <p>Press any key to continue to the next block of trials</p>","response":" ","trial_type":"html-keyboard-response","trial_index":95,"time_elapsed":456290,"subject_id":"77762"},{"rt":4478,"stimulus":81,"slider_start":100,"sprites":"mints","response":120,"absDeviation":1,"callibration":"test","block":5,"seed":81,"numerosity":121,"matchType":"paired","which":"first","trial_type":"numerosity-estimation","trial_index":96,"time_elapsed":460770,"subject_id":"77762"},{"rt":3415,"stimulus":81,"slider_start":100,"sprites":"mints","response":124,"absDeviation":3,"callibration":"test","block":5,"seed":81,"numerosity":121,"matchType":"paired","which":"second","trial_type":"numerosity-estimation","trial_index":97,"time_elapsed":464186,"subject_id":"77762"},{"rt":2716,"stimulus":83,"slider_start":100,"sprites":"buttons","response":133,"absDeviation":12,"callibration":"test","block":5,"seed":83,"numerosity":121,"matchType":"unpaired","which":"first","trial_type":"numerosity-estimation","trial_index":98,"time_elapsed":466902,"subject_id":"77762"},{"rt":3884,"stimulus":84,"slider_start":100,"sprites":"animalCrackers","response":43,"absDeviation":7,"callibration":"test","block":5,"seed":84,"numerosity":50,"matchType":"unpaired","which":"first","trial_type":"numerosity-estimation","trial_index":99,"time_elapsed":470786,"subject_id":"77762"},{"rt":3500,"stimulus":85,"slider_start":100,"sprites":"letters","response":61,"absDeviation":3,"callibration":"test","block":5,"seed":85,"numerosity":64,"matchType":"paired","which":"first","trial_type":"numerosity-estimation","trial_index":100,"time_elapsed":474287,"subject_id":"77762"},{"rt":3932,"stimulus":85,"slider_start":100,"sprites":"letters","response":46,"absDeviation":18,"callibration":"test","block":5,"seed":85,"numerosity":64,"matchType":"paired","which":"second","trial_type":"numerosity-estimation","trial_index":101,"time_elapsed":478220,"subject_id":"77762"},{"rt":4598,"stimulus":87,"slider_start":100,"sprites":"hearts","response":47,"absDeviation":3,"callibration":"test","block":5,"seed":87,"numerosity":50,"matchType":"unpaired","which":"first","trial_type":"numerosity-estimation","trial_index":102,"time_elapsed":482820,"subject_id":"77762"},{"rt":4534,"stimulus":88,"slider_start":100,"sprites":"crackers","response":109,"absDeviation":26,"callibration":"test","block":5,"seed":88,"numerosity":135,"matchType":"unpaired","which":"first","trial_type":"numerosity-estimation","trial_index":103,"time_elapsed":487354,"subject_id":"77762"},{"rt":4082,"stimulus":89,"slider_start":100,"sprites":"bears","response":49,"absDeviation":1,"callibration":"test","block":5,"seed":89,"numerosity":50,"matchType":"paired","which":"first","trial_type":"numerosity-estimation","trial_index":104,"time_elapsed":491436,"subject_id":"77762"},{"rt":3416,"stimulus":89,"slider_start":100,"sprites":"bears","response":43,"absDeviation":7,"callibration":"test","block":5,"seed":89,"numerosity":50,"matchType":"paired","which":"second","trial_type":"numerosity-estimation","trial_index":105,"time_elapsed":494854,"subject_id":"77762"},{"rt":3615,"stimulus":91,"slider_start":100,"sprites":"jellyBeans","response":62,"absDeviation":30,"callibration":"test","block":5,"seed":91,"numerosity":92,"matchType":"unpaired","which":"first","trial_type":"numerosity-estimation","trial_index":106,"time_elapsed":498470,"subject_id":"77762"},{"rt":3832,"stimulus":92,"slider_start":100,"sprites":"marbles","response":70,"absDeviation":51,"callibration":"test","block":5,"seed":92,"numerosity":121,"matchType":"unpaired","which":"first","trial_type":"numerosity-estimation","trial_index":107,"time_elapsed":502304,"subject_id":"77762"},{"rt":3919,"stimulus":93,"slider_start":100,"sprites":"mints","response":69,"absDeviation":9,"callibration":"test","block":5,"seed":93,"numerosity":78,"matchType":"paired","which":"first","trial_type":"numerosity-estimation","trial_index":108,"time_elapsed":506223,"subject_id":"77762"},{"rt":3113,"stimulus":93,"slider_start":100,"sprites":"mints","response":80,"absDeviation":2,"callibration":"test","block":5,"seed":93,"numerosity":78,"matchType":"paired","which":"second","trial_type":"numerosity-estimation","trial_index":109,"time_elapsed":509337,"subject_id":"77762"},{"rt":3552,"stimulus":95,"slider_start":100,"sprites":"buttons","response":73,"absDeviation":9,"callibration":"test","block":5,"seed":95,"numerosity":64,"matchType":"unpaired","which":"first","trial_type":"numerosity-estimation","trial_index":110,"time_elapsed":512890,"subject_id":"77762"},{"rt":3430,"stimulus":96,"slider_start":100,"sprites":"animalCrackers","response":91,"absDeviation":1,"callibration":"test","block":5,"seed":96,"numerosity":92,"matchType":"unpaired","which":"first","trial_type":"numerosity-estimation","trial_index":111,"time_elapsed":516320,"subject_id":"77762"},{"rt":986,"stimulus":"<p> For the last block of trials, the average deviation of your guesses from correct answers was 11.</p>\n     <p>The smaller the deviation the better.  Your deviation was <b> AMAZINGLY good</b>.</p><br>\n       <p>Press any key to continue to the next block of trials</p>","response":" ","trial_type":"html-keyboard-response","trial_index":112,"time_elapsed":517307,"subject_id":"77762"},{"rt":6147,"stimulus":2,"slider_start":100,"sprites":"butterflies","response":98,"absDeviation":37,"callibration":"test","block":6,"seed":2,"numerosity":135,"matchType":"paired","which":"first","trial_type":"numerosity-estimation","trial_index":113,"time_elapsed":523456,"subject_id":"77762"},{"rt":3149,"stimulus":2,"slider_start":100,"sprites":"butterflies","response":89,"absDeviation":46,"callibration":"test","block":6,"seed":2,"numerosity":135,"matchType":"paired","which":"second","trial_type":"numerosity-estimation","trial_index":114,"time_elapsed":526606,"subject_id":"77762"},{"rt":6395,"stimulus":3,"slider_start":100,"sprites":"hearts","response":52,"absDeviation":2,"callibration":"test","block":6,"seed":3,"numerosity":50,"matchType":"unpaired","which":"second","trial_type":"numerosity-estimation","trial_index":115,"time_elapsed":533002,"subject_id":"77762"},{"rt":3533,"stimulus":4,"slider_start":100,"sprites":"crackers","response":105,"absDeviation":2,"callibration":"test","block":6,"seed":4,"numerosity":107,"matchType":"unpaired","which":"second","trial_type":"numerosity-estimation","trial_index":116,"time_elapsed":536535,"subject_id":"77762"},{"rt":4052,"stimulus":6,"slider_start":100,"sprites":"fruits","response":78,"absDeviation":0,"callibration":"test","block":6,"seed":6,"numerosity":78,"matchType":"paired","which":"first","trial_type":"numerosity-estimation","trial_index":117,"time_elapsed":540588,"subject_id":"77762"},{"rt":4748,"stimulus":6,"slider_start":100,"sprites":"fruits","response":60,"absDeviation":18,"callibration":"test","block":6,"seed":6,"numerosity":78,"matchType":"paired","which":"second","trial_type":"numerosity-estimation","trial_index":118,"time_elapsed":545336,"subject_id":"77762"},{"rt":3683,"stimulus":7,"slider_start":100,"sprites":"jellyBeans","response":46,"absDeviation":4,"callibration":"test","block":6,"seed":7,"numerosity":50,"matchType":"unpaired","which":"second","trial_type":"numerosity-estimation","trial_index":119,"time_elapsed":549020,"subject_id":"77762"},{"rt":3599,"stimulus":8,"slider_start":100,"sprites":"marbles","response":52,"absDeviation":40,"callibration":"test","block":6,"seed":8,"numerosity":92,"matchType":"unpaired","which":"second","trial_type":"numerosity-estimation","trial_index":120,"time_elapsed":552620,"subject_id":"77762"},{"rt":4499,"stimulus":10,"slider_start":100,"sprites":"rocks","response":42,"absDeviation":8,"callibration":"test","block":6,"seed":10,"numerosity":50,"matchType":"paired","which":"first","trial_type":"numerosity-estimation","trial_index":121,"time_elapsed":557120,"subject_id":"77762"},{"rt":3281,"stimulus":10,"slider_start":100,"sprites":"rocks","response":47,"absDeviation":3,"callibration":"test","block":6,"seed":10,"numerosity":50,"matchType":"paired","which":"second","trial_type":"numerosity-estimation","trial_index":122,"time_elapsed":560403,"subject_id":"77762"},{"rt":3050,"stimulus":11,"slider_start":100,"sprites":"buttons","response":118,"absDeviation":11,"callibration":"test","block":6,"seed":11,"numerosity":107,"matchType":"unpaired","which":"second","trial_type":"numerosity-estimation","trial_index":123,"time_elapsed":563453,"subject_id":"77762"},{"rt":5568,"stimulus":12,"slider_start":100,"sprites":"animalCrackers","response":92,"absDeviation":0,"callibration":"test","block":6,"seed":12,"numerosity":92,"matchType":"unpaired","which":"second","trial_type":"numerosity-estimation","trial_index":124,"time_elapsed":569022,"subject_id":"77762"},{"rt":3362,"stimulus":14,"slider_start":100,"sprites":"butterflies","response":107,"absDeviation":43,"callibration":"test","block":6,"seed":14,"numerosity":150,"matchType":"paired","which":"first","trial_type":"numerosity-estimation","trial_index":125,"time_elapsed":572385,"subject_id":"77762"},{"rt":2699,"stimulus":14,"slider_start":100,"sprites":"butterflies","response":120,"absDeviation":30,"callibration":"test","block":6,"seed":14,"numerosity":150,"matchType":"paired","which":"second","trial_type":"numerosity-estimation","trial_index":126,"time_elapsed":575085,"subject_id":"77762"},{"rt":2867,"stimulus":15,"slider_start":100,"sprites":"hearts","response":126,"absDeviation":5,"callibration":"test","block":6,"seed":15,"numerosity":121,"matchType":"unpaired","which":"second","trial_type":"numerosity-estimation","trial_index":127,"time_elapsed":577952,"subject_id":"77762"},{"rt":3416,"stimulus":16,"slider_start":100,"sprites":"crackers","response":81,"absDeviation":17,"callibration":"test","block":6,"seed":16,"numerosity":64,"matchType":"unpaired","which":"second","trial_type":"numerosity-estimation","trial_index":128,"time_elapsed":581369,"subject_id":"77762"},{"rt":1204,"stimulus":"<p> For the last block of trials, the average deviation of your guesses from correct answers was 17.</p>\n     <p>The smaller the deviation the better.  Your deviation was <b> VERY good</b>.</p><br>\n       <p>Press any key to continue to the next block of trials</p>","response":" ","trial_type":"html-keyboard-response","trial_index":129,"time_elapsed":582573,"subject_id":"77762"},{"rt":4062,"stimulus":18,"slider_start":100,"sprites":"fruits","response":120,"absDeviation":13,"callibration":"test","block":7,"seed":18,"numerosity":107,"matchType":"paired","which":"first","trial_type":"numerosity-estimation","trial_index":130,"time_elapsed":586637,"subject_id":"77762"},{"rt":2749,"stimulus":18,"slider_start":100,"sprites":"fruits","response":115,"absDeviation":8,"callibration":"test","block":7,"seed":18,"numerosity":107,"matchType":"paired","which":"second","trial_type":"numerosity-estimation","trial_index":131,"time_elapsed":589387,"subject_id":"77762"},{"rt":3432,"stimulus":19,"slider_start":100,"sprites":"jellyBeans","response":123,"absDeviation":12,"callibration":"test","block":7,"seed":19,"numerosity":135,"matchType":"unpaired","which":"second","trial_type":"numerosity-estimation","trial_index":132,"time_elapsed":592819,"subject_id":"77762"},{"rt":3916,"stimulus":20,"slider_start":100,"sprites":"marbles","response":45,"absDeviation":33,"callibration":"test","block":7,"seed":20,"numerosity":78,"matchType":"unpaired","which":"second","trial_type":"numerosity-estimation","trial_index":133,"time_elapsed":596736,"subject_id":"77762"},{"rt":4180,"stimulus":22,"slider_start":100,"sprites":"rocks","response":74,"absDeviation":18,"callibration":"test","block":7,"seed":22,"numerosity":92,"matchType":"paired","which":"first","trial_type":"numerosity-estimation","trial_index":134,"time_elapsed":600918,"subject_id":"77762"},{"rt":3099,"stimulus":22,"slider_start":100,"sprites":"rocks","response":68,"absDeviation":24,"callibration":"test","block":7,"seed":22,"numerosity":92,"matchType":"paired","which":"second","trial_type":"numerosity-estimation","trial_index":135,"time_elapsed":604017,"subject_id":"77762"},{"rt":2917,"stimulus":23,"slider_start":100,"sprites":"buttons","response":142,"absDeviation":8,"callibration":"test","block":7,"seed":23,"numerosity":150,"matchType":"unpaired","which":"second","trial_type":"numerosity-estimation","trial_index":136,"time_elapsed":606935,"subject_id":"77762"},{"rt":3032,"stimulus":24,"slider_start":100,"sprites":"animalCrackers","response":118,"absDeviation":11,"callibration":"test","block":7,"seed":24,"numerosity":107,"matchType":"unpaired","which":"second","trial_type":"numerosity-estimation","trial_index":137,"time_elapsed":609969,"subject_id":"77762"},{"rt":2782,"stimulus":26,"slider_start":100,"sprites":"butterflies","response":82,"absDeviation":10,"callibration":"test","block":7,"seed":26,"numerosity":92,"matchType":"paired","which":"first","trial_type":"numerosity-estimation","trial_index":138,"time_elapsed":612752,"subject_id":"77762"},{"rt":4065,"stimulus":26,"slider_start":100,"sprites":"butterflies","response":92,"absDeviation":0,"callibration":"test","block":7,"seed":26,"numerosity":92,"matchType":"paired","which":"second","trial_type":"numerosity-estimation","trial_index":139,"time_elapsed":616818,"subject_id":"77762"},{"rt":3101,"stimulus":27,"slider_start":100,"sprites":"hearts","response":122,"absDeviation":1,"callibration":"test","block":7,"seed":27,"numerosity":121,"matchType":"unpaired","which":"second","trial_type":"numerosity-estimation","trial_index":140,"time_elapsed":619920,"subject_id":"77762"},{"rt":2949,"stimulus":28,"slider_start":100,"sprites":"crackers","response":121,"absDeviation":29,"callibration":"test","block":7,"seed":28,"numerosity":150,"matchType":"unpaired","which":"second","trial_type":"numerosity-estimation","trial_index":141,"time_elapsed":622870,"subject_id":"77762"},{"rt":2698,"stimulus":30,"slider_start":100,"sprites":"fruits","response":107,"absDeviation":0,"callibration":"test","block":7,"seed":30,"numerosity":107,"matchType":"paired","which":"first","trial_type":"numerosity-estimation","trial_index":142,"time_elapsed":625569,"subject_id":"77762"},{"rt":2632,"stimulus":30,"slider_start":100,"sprites":"fruits","response":111,"absDeviation":4,"callibration":"test","block":7,"seed":30,"numerosity":107,"matchType":"paired","which":"second","trial_type":"numerosity-estimation","trial_index":143,"time_elapsed":628203,"subject_id":"77762"},{"rt":2549,"stimulus":31,"slider_start":100,"sprites":"jellyBeans","response":119,"absDeviation":31,"callibration":"test","block":7,"seed":31,"numerosity":150,"matchType":"unpaired","which":"second","trial_type":"numerosity-estimation","trial_index":144,"time_elapsed":630753,"subject_id":"77762"},{"rt":2464,"stimulus":32,"slider_start":100,"sprites":"marbles","response":105,"absDeviation":30,"callibration":"test","block":7,"seed":32,"numerosity":135,"matchType":"unpaired","which":"second","trial_type":"numerosity-estimation","trial_index":145,"time_elapsed":633218,"subject_id":"77762"},{"rt":1197,"stimulus":"<p> For the last block of trials, the average deviation of your guesses from correct answers was 15.</p>\n     <p>The smaller the deviation the better.  Your deviation was <b> VERY good</b>.</p><br>\n       <p>Press any key to continue to the next block of trials</p>","response":" ","trial_type":"html-keyboard-response","trial_index":146,"time_elapsed":634416,"subject_id":"77762"},{"rt":5136,"stimulus":34,"slider_start":100,"sprites":"rocks","response":40,"absDeviation":10,"callibration":"test","block":8,"seed":34,"numerosity":50,"matchType":"paired","which":"first","trial_type":"numerosity-estimation","trial_index":147,"time_elapsed":639554,"subject_id":"77762"},{"rt":3064,"stimulus":34,"slider_start":100,"sprites":"rocks","response":50,"absDeviation":0,"callibration":"test","block":8,"seed":34,"numerosity":50,"matchType":"paired","which":"second","trial_type":"numerosity-estimation","trial_index":148,"time_elapsed":642619,"subject_id":"77762"},{"rt":2997,"stimulus":35,"slider_start":100,"sprites":"buttons","response":64,"absDeviation":14,"callibration":"test","block":8,"seed":35,"numerosity":78,"matchType":"unpaired","which":"second","trial_type":"numerosity-estimation","trial_index":149,"time_elapsed":645618,"subject_id":"77762"},{"rt":4317,"stimulus":36,"slider_start":100,"sprites":"animalCrackers","response":44,"absDeviation":6,"callibration":"test","block":8,"seed":36,"numerosity":50,"matchType":"unpaired","which":"second","trial_type":"numerosity-estimation","trial_index":150,"time_elapsed":649936,"subject_id":"77762"},{"rt":3316,"stimulus":38,"slider_start":100,"sprites":"butterflies","response":45,"absDeviation":33,"callibration":"test","block":8,"seed":38,"numerosity":78,"matchType":"paired","which":"first","trial_type":"numerosity-estimation","trial_index":151,"time_elapsed":653253,"subject_id":"77762"},{"rt":7282,"stimulus":38,"slider_start":100,"sprites":"butterflies","response":52,"absDeviation":26,"callibration":"test","block":8,"seed":38,"numerosity":78,"matchType":"paired","which":"second","trial_type":"numerosity-estimation","trial_index":152,"time_elapsed":660535,"subject_id":"77762"},{"rt":3567,"stimulus":39,"slider_start":100,"sprites":"hearts","response":63,"absDeviation":15,"callibration":"test","block":8,"seed":39,"numerosity":78,"matchType":"unpaired","which":"second","trial_type":"numerosity-estimation","trial_index":153,"time_elapsed":664103,"subject_id":"77762"},{"rt":2714,"stimulus":40,"slider_start":100,"sprites":"crackers","response":113,"absDeviation":8,"callibration":"test","block":8,"seed":40,"numerosity":121,"matchType":"unpaired","which":"second","trial_type":"numerosity-estimation","trial_index":154,"time_elapsed":666818,"subject_id":"77762"},{"rt":4298,"stimulus":42,"slider_start":100,"sprites":"fruits","response":66,"absDeviation":12,"callibration":"test","block":8,"seed":42,"numerosity":78,"matchType":"paired","which":"first","trial_type":"numerosity-estimation","trial_index":155,"time_elapsed":671117,"subject_id":"77762"},{"rt":2719,"stimulus":42,"slider_start":100,"sprites":"fruits","response":75,"absDeviation":3,"callibration":"test","block":8,"seed":42,"numerosity":78,"matchType":"paired","which":"second","trial_type":"numerosity-estimation","trial_index":156,"time_elapsed":673836,"subject_id":"77762"},{"rt":2865,"stimulus":43,"slider_start":100,"sprites":"jellyBeans","response":55,"absDeviation":9,"callibration":"test","block":8,"seed":43,"numerosity":64,"matchType":"unpaired","which":"second","trial_type":"numerosity-estimation","trial_index":157,"time_elapsed":676702,"subject_id":"77762"},{"rt":2947,"stimulus":44,"slider_start":100,"sprites":"marbles","response":123,"absDeviation":2,"callibration":"test","block":8,"seed":44,"numerosity":121,"matchType":"unpaired","which":"second","trial_type":"numerosity-estimation","trial_index":158,"time_elapsed":679650,"subject_id":"77762"},{"rt":7034,"stimulus":46,"slider_start":100,"sprites":"rocks","response":111,"absDeviation":4,"callibration":"test","block":8,"seed":46,"numerosity":107,"matchType":"paired","which":"first","trial_type":"numerosity-estimation","trial_index":159,"time_elapsed":686684,"subject_id":"77762"},{"rt":2666,"stimulus":46,"slider_start":100,"sprites":"rocks","response":125,"absDeviation":18,"callibration":"test","block":8,"seed":46,"numerosity":107,"matchType":"paired","which":"second","trial_type":"numerosity-estimation","trial_index":160,"time_elapsed":689352,"subject_id":"77762"},{"rt":2533,"stimulus":47,"slider_start":100,"sprites":"buttons","response":133,"absDeviation":12,"callibration":"test","block":8,"seed":47,"numerosity":121,"matchType":"unpaired","which":"second","trial_type":"numerosity-estimation","trial_index":161,"time_elapsed":691886,"subject_id":"77762"},{"rt":2898,"stimulus":48,"slider_start":100,"sprites":"animalCrackers","response":136,"absDeviation":1,"callibration":"test","block":8,"seed":48,"numerosity":135,"matchType":"unpaired","which":"second","trial_type":"numerosity-estimation","trial_index":162,"time_elapsed":694784,"subject_id":"77762"},{"rt":944,"stimulus":"<p> For the last block of trials, the average deviation of your guesses from correct answers was 11.</p>\n     <p>The smaller the deviation the better.  Your deviation was <b> AMAZINGLY good</b>.</p><br>\n       <p>Press any key to continue to the next block of trials</p>","response":" ","trial_type":"html-keyboard-response","trial_index":163,"time_elapsed":695729,"subject_id":"77762"},{"rt":4820,"stimulus":50,"slider_start":100,"sprites":"butterflies","response":124,"absDeviation":26,"callibration":"test","block":9,"seed":50,"numerosity":150,"matchType":"paired","which":"first","trial_type":"numerosity-estimation","trial_index":164,"time_elapsed":700552,"subject_id":"77762"},{"rt":3881,"stimulus":50,"slider_start":100,"sprites":"butterflies","response":109,"absDeviation":41,"callibration":"test","block":9,"seed":50,"numerosity":150,"matchType":"paired","which":"second","trial_type":"numerosity-estimation","trial_index":165,"time_elapsed":704434,"subject_id":"77762"},{"rt":2365,"stimulus":51,"slider_start":100,"sprites":"hearts","response":121,"absDeviation":29,"callibration":"test","block":9,"seed":51,"numerosity":150,"matchType":"unpaired","which":"second","trial_type":"numerosity-estimation","trial_index":166,"time_elapsed":706799,"subject_id":"77762"},{"rt":4983,"stimulus":52,"slider_start":100,"sprites":"crackers","response":95,"absDeviation":17,"callibration":"test","block":9,"seed":52,"numerosity":78,"matchType":"unpaired","which":"second","trial_type":"numerosity-estimation","trial_index":167,"time_elapsed":711783,"subject_id":"77762"},{"rt":2684,"stimulus":54,"slider_start":100,"sprites":"fruits","response":92,"absDeviation":0,"callibration":"test","block":9,"seed":54,"numerosity":92,"matchType":"paired","which":"first","trial_type":"numerosity-estimation","trial_index":168,"time_elapsed":714467,"subject_id":"77762"},{"rt":4351,"stimulus":54,"slider_start":100,"sprites":"fruits","response":89,"absDeviation":3,"callibration":"test","block":9,"seed":54,"numerosity":92,"matchType":"paired","which":"second","trial_type":"numerosity-estimation","trial_index":169,"time_elapsed":718819,"subject_id":"77762"},{"rt":4778,"stimulus":55,"slider_start":100,"sprites":"jellyBeans","response":106,"absDeviation":15,"callibration":"test","block":9,"seed":55,"numerosity":121,"matchType":"unpaired","which":"second","trial_type":"numerosity-estimation","trial_index":170,"time_elapsed":723599,"subject_id":"77762"},{"rt":8200,"stimulus":56,"slider_start":100,"sprites":"marbles","response":88,"absDeviation":24,"callibration":"test","block":9,"seed":56,"numerosity":64,"matchType":"unpaired","which":"second","trial_type":"numerosity-estimation","trial_index":171,"time_elapsed":731800,"subject_id":"77762"},{"rt":3866,"stimulus":58,"slider_start":100,"sprites":"rocks","response":119,"absDeviation":2,"callibration":"test","block":9,"seed":58,"numerosity":121,"matchType":"paired","which":"first","trial_type":"numerosity-estimation","trial_index":172,"time_elapsed":735666,"subject_id":"77762"},{"rt":2616,"stimulus":58,"slider_start":100,"sprites":"rocks","response":115,"absDeviation":6,"callibration":"test","block":9,"seed":58,"numerosity":121,"matchType":"paired","which":"second","trial_type":"numerosity-estimation","trial_index":173,"time_elapsed":738283,"subject_id":"77762"},{"rt":3001,"stimulus":59,"slider_start":100,"sprites":"buttons","response":126,"absDeviation":9,"callibration":"test","block":9,"seed":59,"numerosity":135,"matchType":"unpaired","which":"second","trial_type":"numerosity-estimation","trial_index":174,"time_elapsed":741284,"subject_id":"77762"},{"rt":2714,"stimulus":60,"slider_start":100,"sprites":"animalCrackers","response":123,"absDeviation":27,"callibration":"test","block":9,"seed":60,"numerosity":150,"matchType":"unpaired","which":"second","trial_type":"numerosity-estimation","trial_index":175,"time_elapsed":743999,"subject_id":"77762"},{"rt":2516,"stimulus":62,"slider_start":100,"sprites":"butterflies","response":106,"absDeviation":29,"callibration":"test","block":9,"seed":62,"numerosity":135,"matchType":"paired","which":"first","trial_type":"numerosity-estimation","trial_index":176,"time_elapsed":746516,"subject_id":"77762"},{"rt":2450,"stimulus":62,"slider_start":100,"sprites":"butterflies","response":104,"absDeviation":31,"callibration":"test","block":9,"seed":62,"numerosity":135,"matchType":"paired","which":"second","trial_type":"numerosity-estimation","trial_index":177,"time_elapsed":748967,"subject_id":"77762"},{"rt":2535,"stimulus":63,"slider_start":100,"sprites":"hearts","response":83,"absDeviation":19,"callibration":"test","block":9,"seed":63,"numerosity":64,"matchType":"unpaired","which":"second","trial_type":"numerosity-estimation","trial_index":178,"time_elapsed":751502,"subject_id":"77762"},{"rt":2447,"stimulus":64,"slider_start":100,"sprites":"crackers","response":121,"absDeviation":14,"callibration":"test","block":9,"seed":64,"numerosity":135,"matchType":"unpaired","which":"second","trial_type":"numerosity-estimation","trial_index":179,"time_elapsed":753950,"subject_id":"77762"},{"rt":798,"stimulus":"<p> For the last block of trials, the average deviation of your guesses from correct answers was 18.</p>\n     <p>The smaller the deviation the better.  Your deviation was <b> VERY good</b>.</p><br>\n       <p>Press any key to continue to the next block of trials</p>","response":" ","trial_type":"html-keyboard-response","trial_index":180,"time_elapsed":754749,"subject_id":"77762"},{"rt":3486,"stimulus":66,"slider_start":100,"sprites":"fruits","response":87,"absDeviation":23,"callibration":"test","block":10,"seed":66,"numerosity":64,"matchType":"paired","which":"first","trial_type":"numerosity-estimation","trial_index":181,"time_elapsed":758238,"subject_id":"77762"},{"rt":2712,"stimulus":66,"slider_start":100,"sprites":"fruits","response":79,"absDeviation":15,"callibration":"test","block":10,"seed":66,"numerosity":64,"matchType":"paired","which":"second","trial_type":"numerosity-estimation","trial_index":182,"time_elapsed":760951,"subject_id":"77762"},{"rt":2248,"stimulus":67,"slider_start":100,"sprites":"jellyBeans","response":91,"absDeviation":16,"callibration":"test","block":10,"seed":67,"numerosity":107,"matchType":"unpaired","which":"second","trial_type":"numerosity-estimation","trial_index":183,"time_elapsed":763200,"subject_id":"77762"},{"rt":3115,"stimulus":68,"slider_start":100,"sprites":"marbles","response":95,"absDeviation":55,"callibration":"test","block":10,"seed":68,"numerosity":150,"matchType":"unpaired","which":"second","trial_type":"numerosity-estimation","trial_index":184,"time_elapsed":766318,"subject_id":"77762"},{"rt":2580,"stimulus":70,"slider_start":100,"sprites":"rocks","response":97,"absDeviation":5,"callibration":"test","block":10,"seed":70,"numerosity":92,"matchType":"paired","which":"first","trial_type":"numerosity-estimation","trial_index":185,"time_elapsed":768901,"subject_id":"77762"},{"rt":2896,"stimulus":70,"slider_start":100,"sprites":"rocks","response":81,"absDeviation":11,"callibration":"test","block":10,"seed":70,"numerosity":92,"matchType":"paired","which":"second","trial_type":"numerosity-estimation","trial_index":186,"time_elapsed":771799,"subject_id":"77762"},{"rt":3152,"stimulus":71,"slider_start":100,"sprites":"buttons","response":82,"absDeviation":25,"callibration":"test","block":10,"seed":71,"numerosity":107,"matchType":"unpaired","which":"second","trial_type":"numerosity-estimation","trial_index":187,"time_elapsed":774951,"subject_id":"77762"},{"rt":4063,"stimulus":72,"slider_start":100,"sprites":"animalCrackers","response":58,"absDeviation":8,"callibration":"test","block":10,"seed":72,"numerosity":50,"matchType":"unpaired","which":"second","trial_type":"numerosity-estimation","trial_index":188,"time_elapsed":779015,"subject_id":"77762"},{"rt":3051,"stimulus":74,"slider_start":100,"sprites":"butterflies","response":51,"absDeviation":13,"callibration":"test","block":10,"seed":74,"numerosity":64,"matchType":"paired","which":"first","trial_type":"numerosity-estimation","trial_index":189,"time_elapsed":782067,"subject_id":"77762"},{"rt":3030,"stimulus":74,"slider_start":100,"sprites":"butterflies","response":42,"absDeviation":22,"callibration":"test","block":10,"seed":74,"numerosity":64,"matchType":"paired","which":"second","trial_type":"numerosity-estimation","trial_index":190,"time_elapsed":785099,"subject_id":"77762"},{"rt":2686,"stimulus":75,"slider_start":100,"sprites":"hearts","response":82,"absDeviation":10,"callibration":"test","block":10,"seed":75,"numerosity":92,"matchType":"unpaired","which":"second","trial_type":"numerosity-estimation","trial_index":191,"time_elapsed":787786,"subject_id":"77762"},{"rt":4397,"stimulus":76,"slider_start":100,"sprites":"crackers","response":75,"absDeviation":11,"callibration":"test","block":10,"seed":76,"numerosity":64,"matchType":"unpaired","which":"second","trial_type":"numerosity-estimation","trial_index":192,"time_elapsed":792184,"subject_id":"77762"},{"rt":3716,"stimulus":78,"slider_start":100,"sprites":"fruits","response":74,"absDeviation":10,"callibration":"test","block":10,"seed":78,"numerosity":64,"matchType":"paired","which":"first","trial_type":"numerosity-estimation","trial_index":193,"time_elapsed":795901,"subject_id":"77762"},{"rt":2514,"stimulus":78,"slider_start":100,"sprites":"fruits","response":70,"absDeviation":6,"callibration":"test","block":10,"seed":78,"numerosity":64,"matchType":"paired","which":"second","trial_type":"numerosity-estimation","trial_index":194,"time_elapsed":798416,"subject_id":"77762"},{"rt":3466,"stimulus":79,"slider_start":100,"sprites":"jellyBeans","response":49,"absDeviation":1,"callibration":"test","block":10,"seed":79,"numerosity":50,"matchType":"unpaired","which":"second","trial_type":"numerosity-estimation","trial_index":195,"time_elapsed":801883,"subject_id":"77762"},{"rt":2765,"stimulus":80,"slider_start":100,"sprites":"marbles","response":86,"absDeviation":35,"callibration":"test","block":10,"seed":80,"numerosity":121,"matchType":"unpaired","which":"second","trial_type":"numerosity-estimation","trial_index":196,"time_elapsed":804648,"subject_id":"77762"},{"rt":921,"stimulus":"<p> For the last block of trials, the average deviation of your guesses from correct answers was 17.</p>\n     <p>The smaller the deviation the better.  Your deviation was <b> VERY good</b>.</p><br>\n       <p>Press any key to continue to the next block of trials</p>","response":" ","trial_type":"html-keyboard-response","trial_index":197,"time_elapsed":805570,"subject_id":"77762"},{"rt":3493,"stimulus":82,"slider_start":100,"sprites":"rocks","response":83,"absDeviation":19,"callibration":"test","block":11,"seed":82,"numerosity":64,"matchType":"paired","which":"first","trial_type":"numerosity-estimation","trial_index":198,"time_elapsed":809065,"subject_id":"77762"},{"rt":2750,"stimulus":82,"slider_start":100,"sprites":"rocks","response":81,"absDeviation":17,"callibration":"test","block":11,"seed":82,"numerosity":64,"matchType":"paired","which":"second","trial_type":"numerosity-estimation","trial_index":199,"time_elapsed":811816,"subject_id":"77762"},{"rt":2681,"stimulus":83,"slider_start":100,"sprites":"buttons","response":112,"absDeviation":9,"callibration":"test","block":11,"seed":83,"numerosity":121,"matchType":"unpaired","which":"second","trial_type":"numerosity-estimation","trial_index":200,"time_elapsed":814498,"subject_id":"77762"},{"rt":3666,"stimulus":84,"slider_start":100,"sprites":"animalCrackers","response":49,"absDeviation":1,"callibration":"test","block":11,"seed":84,"numerosity":50,"matchType":"unpaired","which":"second","trial_type":"numerosity-estimation","trial_index":201,"time_elapsed":818165,"subject_id":"77762"},{"rt":3569,"stimulus":86,"slider_start":100,"sprites":"butterflies","response":59,"absDeviation":62,"callibration":"test","block":11,"seed":86,"numerosity":121,"matchType":"paired","which":"first","trial_type":"numerosity-estimation","trial_index":202,"time_elapsed":821735,"subject_id":"77762"},{"rt":2594,"stimulus":86,"slider_start":100,"sprites":"butterflies","response":76,"absDeviation":45,"callibration":"test","block":11,"seed":86,"numerosity":121,"matchType":"paired","which":"second","trial_type":"numerosity-estimation","trial_index":203,"time_elapsed":824332,"subject_id":"77762"},{"rt":2583,"stimulus":87,"slider_start":100,"sprites":"hearts","response":76,"absDeviation":26,"callibration":"test","block":11,"seed":87,"numerosity":50,"matchType":"unpaired","which":"second","trial_type":"numerosity-estimation","trial_index":204,"time_elapsed":826916,"subject_id":"77762"},{"rt":3765,"stimulus":88,"slider_start":100,"sprites":"crackers","response":117,"absDeviation":18,"callibration":"test","block":11,"seed":88,"numerosity":135,"matchType":"unpaired","which":"second","trial_type":"numerosity-estimation","trial_index":205,"time_elapsed":830682,"subject_id":"77762"},{"rt":2714,"stimulus":90,"slider_start":100,"sprites":"fruits","response":125,"absDeviation":25,"callibration":"test","block":11,"seed":90,"numerosity":150,"matchType":"paired","which":"first","trial_type":"numerosity-estimation","trial_index":206,"time_elapsed":833398,"subject_id":"77762"},{"rt":3115,"stimulus":90,"slider_start":100,"sprites":"fruits","response":132,"absDeviation":18,"callibration":"test","block":11,"seed":90,"numerosity":150,"matchType":"paired","which":"second","trial_type":"numerosity-estimation","trial_index":207,"time_elapsed":836514,"subject_id":"77762"},{"rt":2817,"stimulus":91,"slider_start":100,"sprites":"jellyBeans","response":113,"absDeviation":21,"callibration":"test","block":11,"seed":91,"numerosity":92,"matchType":"unpaired","which":"second","trial_type":"numerosity-estimation","trial_index":208,"time_elapsed":839331,"subject_id":"77762"},{"rt":3201,"stimulus":92,"slider_start":100,"sprites":"marbles","response":93,"absDeviation":28,"callibration":"test","block":11,"seed":92,"numerosity":121,"matchType":"unpaired","which":"second","trial_type":"numerosity-estimation","trial_index":209,"time_elapsed":842533,"subject_id":"77762"},{"rt":2647,"stimulus":94,"slider_start":100,"sprites":"rocks","response":92,"absDeviation":14,"callibration":"test","block":11,"seed":94,"numerosity":78,"matchType":"paired","which":"first","trial_type":"numerosity-estimation","trial_index":210,"time_elapsed":845181,"subject_id":"77762"},{"rt":3333,"stimulus":94,"slider_start":100,"sprites":"rocks","response":90,"absDeviation":12,"callibration":"test","block":11,"seed":94,"numerosity":78,"matchType":"paired","which":"second","trial_type":"numerosity-estimation","trial_index":211,"time_elapsed":848515,"subject_id":"77762"},{"rt":3033,"stimulus":95,"slider_start":100,"sprites":"buttons","response":55,"absDeviation":9,"callibration":"test","block":11,"seed":95,"numerosity":64,"matchType":"unpaired","which":"second","trial_type":"numerosity-estimation","trial_index":212,"time_elapsed":851549,"subject_id":"77762"},{"rt":2797,"stimulus":96,"slider_start":100,"sprites":"animalCrackers","response":79,"absDeviation":13,"callibration":"test","block":11,"seed":96,"numerosity":92,"matchType":"unpaired","which":"second","trial_type":"numerosity-estimation","trial_index":213,"time_elapsed":854347,"subject_id":"77762"},{"rt":866,"stimulus":"<p> For the last block of trials, the average deviation of your guesses from correct answers was 21.</p>\n     <p>The smaller the deviation the better.  Your deviation was <b> VERY good</b>.</p><br>\n       <p>Press any key to continue to the next block of trials</p>","response":" ","trial_type":"html-keyboard-response","trial_index":214,"time_elapsed":855214,"subject_id":"77762"},{"rt":22398,"response":{"averageEstimates":"When the two displays occured back-to-back, in immediate succession.","firstOrSecond":"The second time the objects were shown"},"question_order":[0,1],"trial_type":"survey-multi-choice","trial_index":215,"time_elapsed":877615,"subject_id":"77762"}]