[{"rt":29870,"url":"consent.html","trial_type":"external-html","trial_index":0,"time_elapsed":29935,"subject_id":"76419"},{"view_history":[{"page_index":0,"viewing_time":120487}],"rt":120493,"trial_type":"instructions","trial_index":1,"time_elapsed":150429,"subject_id":"76419"},{"rt":40162,"stimulus":0,"slider_start":100,"sprites":"animalCrackers","response":50,"absDeviation":0,"callibration":"callibration","block":-1,"seed":0,"numerosity":50,"matchType":"callibration","which":"first","trial_type":"numerosity-estimation","trial_index":2,"time_elapsed":190634,"subject_id":"76419"},{"rt":23746,"stimulus":1,"slider_start":100,"sprites":"letters","response":38,"absDeviation":26,"callibration":"callibration","block":-1,"seed":1,"numerosity":64,"matchType":"callibration","which":"first","trial_type":"numerosity-estimation","trial_index":3,"time_elapsed":214391,"subject_id":"76419"},{"rt":16923,"stimulus":2,"slider_start":100,"sprites":"butterflies","response":67,"absDeviation":11,"callibration":"callibration","block":-1,"seed":2,"numerosity":78,"matchType":"callibration","which":"first","trial_type":"numerosity-estimation","trial_index":4,"time_elapsed":231326,"subject_id":"76419"},{"rt":11494,"stimulus":3,"slider_start":100,"sprites":"hearts","response":87,"absDeviation":5,"callibration":"callibration","block":-1,"seed":3,"numerosity":92,"matchType":"callibration","which":"first","trial_type":"numerosity-estimation","trial_index":5,"time_elapsed":242835,"subject_id":"76419"},{"rt":23569,"stimulus":4,"slider_start":100,"sprites":"crackers","response":102,"absDeviation":5,"callibration":"callibration","block":-1,"seed":4,"numerosity":107,"matchType":"callibration","which":"first","trial_type":"numerosity-estimation","trial_index":6,"time_elapsed":266417,"subject_id":"76419"},{"rt":18141,"stimulus":5,"slider_start":100,"sprites":"bears","response":108,"absDeviation":13,"callibration":"callibration","block":-1,"seed":5,"numerosity":121,"matchType":"callibration","which":"first","trial_type":"numerosity-estimation","trial_index":7,"time_elapsed":284575,"subject_id":"76419"},{"rt":29460,"stimulus":6,"slider_start":100,"sprites":"fruits","response":112,"absDeviation":23,"callibration":"callibration","block":-1,"seed":6,"numerosity":135,"matchType":"callibration","which":"first","trial_type":"numerosity-estimation","trial_index":8,"time_elapsed":314039,"subject_id":"76419"},{"rt":11945,"stimulus":7,"slider_start":100,"sprites":"jellyBeans","response":113,"absDeviation":37,"callibration":"callibration","block":-1,"seed":7,"numerosity":150,"matchType":"callibration","which":"first","trial_type":"numerosity-estimation","trial_index":9,"time_elapsed":325990,"subject_id":"76419"},{"view_history":[{"page_index":0,"viewing_time":4409450}],"rt":4409451,"trial_type":"instructions","trial_index":10,"time_elapsed":4735444,"subject_id":"76419"},{"rt":10719,"stimulus":1,"slider_start":100,"sprites":"letters","response":86,"absDeviation":6,"callibration":"test","block":0,"seed":1,"numerosity":92,"matchType":"paired","which":"first","trial_type":"numerosity-estimation","trial_index":11,"time_elapsed":4746173,"subject_id":"76419"},{"rt":13685,"stimulus":1,"slider_start":100,"sprites":"letters","response":73,"absDeviation":19,"callibration":"test","block":0,"seed":1,"numerosity":92,"matchType":"paired","which":"second","trial_type":"numerosity-estimation","trial_index":12,"time_elapsed":4759869,"subject_id":"76419"},{"rt":18799,"stimulus":3,"slider_start":100,"sprites":"hearts","response":66,"absDeviation":16,"callibration":"test","block":0,"seed":3,"numerosity":50,"matchType":"unpaired","which":"first","trial_type":"numerosity-estimation","trial_index":13,"time_elapsed":4778679,"subject_id":"76419"},{"rt":9832,"stimulus":4,"slider_start":100,"sprites":"crackers","response":97,"absDeviation":10,"callibration":"test","block":0,"seed":4,"numerosity":107,"matchType":"unpaired","which":"first","trial_type":"numerosity-estimation","trial_index":14,"time_elapsed":4788520,"subject_id":"76419"},{"rt":14748,"stimulus":5,"slider_start":100,"sprites":"bears","response":70,"absDeviation":20,"callibration":"test","block":0,"seed":5,"numerosity":50,"matchType":"paired","which":"first","trial_type":"numerosity-estimation","trial_index":15,"time_elapsed":4803277,"subject_id":"76419"},{"rt":33631,"stimulus":5,"slider_start":100,"sprites":"bears","response":64,"absDeviation":14,"callibration":"test","block":0,"seed":5,"numerosity":50,"matchType":"paired","which":"second","trial_type":"numerosity-estimation","trial_index":16,"time_elapsed":4836914,"subject_id":"76419"},{"rt":11795,"stimulus":7,"slider_start":100,"sprites":"jellyBeans","response":76,"absDeviation":26,"callibration":"test","block":0,"seed":7,"numerosity":50,"matchType":"unpaired","which":"first","trial_type":"numerosity-estimation","trial_index":17,"time_elapsed":4848718,"subject_id":"76419"},{"rt":9538,"stimulus":8,"slider_start":100,"sprites":"marbles","response":99,"absDeviation":7,"callibration":"test","block":0,"seed":8,"numerosity":92,"matchType":"unpaired","which":"first","trial_type":"numerosity-estimation","trial_index":18,"time_elapsed":4858265,"subject_id":"76419"},{"rt":24663,"stimulus":9,"slider_start":100,"sprites":"mints","response":104,"absDeviation":31,"callibration":"test","block":0,"seed":9,"numerosity":135,"matchType":"paired","which":"first","trial_type":"numerosity-estimation","trial_index":19,"time_elapsed":4882935,"subject_id":"76419"},{"rt":22257,"stimulus":9,"slider_start":100,"sprites":"mints","response":119,"absDeviation":16,"callibration":"test","block":0,"seed":9,"numerosity":135,"matchType":"paired","which":"second","trial_type":"numerosity-estimation","trial_index":20,"time_elapsed":4905203,"subject_id":"76419"},{"rt":10537,"stimulus":11,"slider_start":100,"sprites":"buttons","response":96,"absDeviation":11,"callibration":"test","block":0,"seed":11,"numerosity":107,"matchType":"unpaired","which":"first","trial_type":"numerosity-estimation","trial_index":21,"time_elapsed":4915755,"subject_id":"76419"},{"rt":17403,"stimulus":12,"slider_start":100,"sprites":"animalCrackers","response":95,"absDeviation":3,"callibration":"test","block":0,"seed":12,"numerosity":92,"matchType":"unpaired","which":"first","trial_type":"numerosity-estimation","trial_index":22,"time_elapsed":4933165,"subject_id":"76419"},{"rt":13234,"stimulus":13,"slider_start":100,"sprites":"letters","response":80,"absDeviation":27,"callibration":"test","block":0,"seed":13,"numerosity":107,"matchType":"paired","which":"first","trial_type":"numerosity-estimation","trial_index":23,"time_elapsed":4946407,"subject_id":"76419"},{"rt":13251,"stimulus":13,"slider_start":100,"sprites":"letters","response":86,"absDeviation":21,"callibration":"test","block":0,"seed":13,"numerosity":107,"matchType":"paired","which":"second","trial_type":"numerosity-estimation","trial_index":24,"time_elapsed":4959665,"subject_id":"76419"},{"rt":12801,"stimulus":15,"slider_start":100,"sprites":"hearts","response":86,"absDeviation":35,"callibration":"test","block":0,"seed":15,"numerosity":121,"matchType":"unpaired","which":"first","trial_type":"numerosity-estimation","trial_index":25,"time_elapsed":4972474,"subject_id":"76419"},{"rt":9494,"stimulus":16,"slider_start":100,"sprites":"crackers","response":67,"absDeviation":3,"callibration":"test","block":0,"seed":16,"numerosity":64,"matchType":"unpaired","which":"first","trial_type":"numerosity-estimation","trial_index":26,"time_elapsed":4981975,"subject_id":"76419"},{"rt":23151,"stimulus":"<p> For the last block of trials, the average deviation of your guesses from correct answers was 17.</p>\n     <p>The smaller the deviation the better.  Your deviation was <b> VERY good</b>.</p><br>\n       <p>Press any key to continue to the next block of trials</p>","response":" ","trial_type":"html-keyboard-response","trial_index":27,"time_elapsed":5005133,"subject_id":"76419"},{"rt":18858,"stimulus":17,"slider_start":100,"sprites":"bears","response":86,"absDeviation":6,"callibration":"test","block":1,"seed":17,"numerosity":92,"matchType":"paired","which":"first","trial_type":"numerosity-estimation","trial_index":28,"time_elapsed":5023997,"subject_id":"76419"},{"rt":16227,"stimulus":17,"slider_start":100,"sprites":"bears","response":90,"absDeviation":2,"callibration":"test","block":1,"seed":17,"numerosity":92,"matchType":"paired","which":"second","trial_type":"numerosity-estimation","trial_index":29,"time_elapsed":5040234,"subject_id":"76419"},{"rt":12689,"stimulus":19,"slider_start":100,"sprites":"jellyBeans","response":92,"absDeviation":43,"callibration":"test","block":1,"seed":19,"numerosity":135,"matchType":"unpaired","which":"first","trial_type":"numerosity-estimation","trial_index":30,"time_elapsed":5052927,"subject_id":"76419"},{"rt":16699,"stimulus":20,"slider_start":100,"sprites":"marbles","response":75,"absDeviation":3,"callibration":"test","block":1,"seed":20,"numerosity":78,"matchType":"unpaired","which":"first","trial_type":"numerosity-estimation","trial_index":31,"time_elapsed":5069630,"subject_id":"76419"},{"rt":14169,"stimulus":21,"slider_start":100,"sprites":"mints","response":87,"absDeviation":5,"callibration":"test","block":1,"seed":21,"numerosity":92,"matchType":"paired","which":"first","trial_type":"numerosity-estimation","trial_index":32,"time_elapsed":5083806,"subject_id":"76419"},{"rt":7842,"stimulus":21,"slider_start":100,"sprites":"mints","response":105,"absDeviation":13,"callibration":"test","block":1,"seed":21,"numerosity":92,"matchType":"paired","which":"second","trial_type":"numerosity-estimation","trial_index":33,"time_elapsed":5091655,"subject_id":"76419"},{"rt":9689,"stimulus":23,"slider_start":100,"sprites":"buttons","response":119,"absDeviation":31,"callibration":"test","block":1,"seed":23,"numerosity":150,"matchType":"unpaired","which":"first","trial_type":"numerosity-estimation","trial_index":34,"time_elapsed":5101349,"subject_id":"76419"},{"rt":14183,"stimulus":24,"slider_start":100,"sprites":"animalCrackers","response":95,"absDeviation":12,"callibration":"test","block":1,"seed":24,"numerosity":107,"matchType":"unpaired","which":"first","trial_type":"numerosity-estimation","trial_index":35,"time_elapsed":5115537,"subject_id":"76419"},{"rt":10503,"stimulus":25,"slider_start":100,"sprites":"letters","response":92,"absDeviation":15,"callibration":"test","block":1,"seed":25,"numerosity":107,"matchType":"paired","which":"first","trial_type":"numerosity-estimation","trial_index":36,"time_elapsed":5126045,"subject_id":"76419"},{"rt":10692,"stimulus":25,"slider_start":100,"sprites":"letters","response":102,"absDeviation":5,"callibration":"test","block":1,"seed":25,"numerosity":107,"matchType":"paired","which":"second","trial_type":"numerosity-estimation","trial_index":37,"time_elapsed":5136743,"subject_id":"76419"},{"rt":7313,"stimulus":27,"slider_start":100,"sprites":"hearts","response":106,"absDeviation":15,"callibration":"test","block":1,"seed":27,"numerosity":121,"matchType":"unpaired","which":"first","trial_type":"numerosity-estimation","trial_index":38,"time_elapsed":5144060,"subject_id":"76419"},{"rt":11216,"stimulus":28,"slider_start":100,"sprites":"crackers","response":103,"absDeviation":47,"callibration":"test","block":1,"seed":28,"numerosity":150,"matchType":"unpaired","which":"first","trial_type":"numerosity-estimation","trial_index":39,"time_elapsed":5155281,"subject_id":"76419"},{"rt":32493,"stimulus":29,"slider_start":100,"sprites":"bears","response":75,"absDeviation":11,"callibration":"test","block":1,"seed":29,"numerosity":64,"matchType":"paired","which":"first","trial_type":"numerosity-estimation","trial_index":40,"time_elapsed":5187778,"subject_id":"76419"},{"rt":10042,"stimulus":29,"slider_start":100,"sprites":"bears","response":87,"absDeviation":23,"callibration":"test","block":1,"seed":29,"numerosity":64,"matchType":"paired","which":"second","trial_type":"numerosity-estimation","trial_index":41,"time_elapsed":5197832,"subject_id":"76419"},{"rt":12350,"stimulus":31,"slider_start":100,"sprites":"jellyBeans","response":113,"absDeviation":37,"callibration":"test","block":1,"seed":31,"numerosity":150,"matchType":"unpaired","which":"first","trial_type":"numerosity-estimation","trial_index":42,"time_elapsed":5210189,"subject_id":"76419"},{"rt":13193,"stimulus":32,"slider_start":100,"sprites":"marbles","response":96,"absDeviation":39,"callibration":"test","block":1,"seed":32,"numerosity":135,"matchType":"unpaired","which":"first","trial_type":"numerosity-estimation","trial_index":43,"time_elapsed":5223386,"subject_id":"76419"},{"rt":441893,"stimulus":"<p> For the last block of trials, the average deviation of your guesses from correct answers was 19.</p>\n     <p>The smaller the deviation the better.  Your deviation was <b> VERY good</b>.</p><br>\n       <p>Press any key to continue to the next block of trials</p>","response":" ","trial_type":"html-keyboard-response","trial_index":44,"time_elapsed":5665282,"subject_id":"76419"},{"rt":9598,"stimulus":33,"slider_start":100,"sprites":"mints","response":104,"absDeviation":17,"callibration":"test","block":2,"seed":33,"numerosity":121,"matchType":"paired","which":"first","trial_type":"numerosity-estimation","trial_index":45,"time_elapsed":5674892,"subject_id":"76419"},{"rt":12946,"stimulus":33,"slider_start":100,"sprites":"mints","response":98,"absDeviation":23,"callibration":"test","block":2,"seed":33,"numerosity":121,"matchType":"paired","which":"second","trial_type":"numerosity-estimation","trial_index":46,"time_elapsed":5687851,"subject_id":"76419"},{"rt":13938,"stimulus":35,"slider_start":100,"sprites":"buttons","response":94,"absDeviation":16,"callibration":"test","block":2,"seed":35,"numerosity":78,"matchType":"unpaired","which":"first","trial_type":"numerosity-estimation","trial_index":47,"time_elapsed":5701804,"subject_id":"76419"},{"rt":10121,"stimulus":36,"slider_start":100,"sprites":"animalCrackers","response":77,"absDeviation":27,"callibration":"test","block":2,"seed":36,"numerosity":50,"matchType":"unpaired","which":"first","trial_type":"numerosity-estimation","trial_index":48,"time_elapsed":5711936,"subject_id":"76419"},{"rt":9171,"stimulus":37,"slider_start":100,"sprites":"letters","response":85,"absDeviation":50,"callibration":"test","block":2,"seed":37,"numerosity":135,"matchType":"paired","which":"first","trial_type":"numerosity-estimation","trial_index":49,"time_elapsed":5721120,"subject_id":"76419"},{"rt":10998,"stimulus":37,"slider_start":100,"sprites":"letters","response":95,"absDeviation":40,"callibration":"test","block":2,"seed":37,"numerosity":135,"matchType":"paired","which":"second","trial_type":"numerosity-estimation","trial_index":50,"time_elapsed":5732128,"subject_id":"76419"},{"rt":12104,"stimulus":39,"slider_start":100,"sprites":"hearts","response":85,"absDeviation":7,"callibration":"test","block":2,"seed":39,"numerosity":78,"matchType":"unpaired","which":"first","trial_type":"numerosity-estimation","trial_index":51,"time_elapsed":5744244,"subject_id":"76419"},{"rt":11266,"stimulus":40,"slider_start":100,"sprites":"crackers","response":88,"absDeviation":33,"callibration":"test","block":2,"seed":40,"numerosity":121,"matchType":"unpaired","which":"first","trial_type":"numerosity-estimation","trial_index":52,"time_elapsed":5755521,"subject_id":"76419"},{"rt":233599,"stimulus":41,"slider_start":100,"sprites":"bears","response":66,"absDeviation":16,"callibration":"test","block":2,"seed":41,"numerosity":50,"matchType":"paired","which":"first","trial_type":"numerosity-estimation","trial_index":53,"time_elapsed":5989134,"subject_id":"76419"},{"rt":13659,"stimulus":41,"slider_start":100,"sprites":"bears","response":71,"absDeviation":21,"callibration":"test","block":2,"seed":41,"numerosity":50,"matchType":"paired","which":"second","trial_type":"numerosity-estimation","trial_index":54,"time_elapsed":6002804,"subject_id":"76419"},{"rt":20422,"stimulus":43,"slider_start":100,"sprites":"jellyBeans","response":76,"absDeviation":12,"callibration":"test","block":2,"seed":43,"numerosity":64,"matchType":"unpaired","which":"first","trial_type":"numerosity-estimation","trial_index":55,"time_elapsed":6023238,"subject_id":"76419"},{"rt":8514,"stimulus":44,"slider_start":100,"sprites":"marbles","response":78,"absDeviation":43,"callibration":"test","block":2,"seed":44,"numerosity":121,"matchType":"unpaired","which":"first","trial_type":"numerosity-estimation","trial_index":56,"time_elapsed":6031761,"subject_id":"76419"},{"rt":6452,"stimulus":45,"slider_start":100,"sprites":"mints","response":108,"absDeviation":13,"callibration":"test","block":2,"seed":45,"numerosity":121,"matchType":"paired","which":"first","trial_type":"numerosity-estimation","trial_index":57,"time_elapsed":6038225,"subject_id":"76419"},{"rt":5892,"stimulus":45,"slider_start":100,"sprites":"mints","response":116,"absDeviation":5,"callibration":"test","block":2,"seed":45,"numerosity":121,"matchType":"paired","which":"second","trial_type":"numerosity-estimation","trial_index":58,"time_elapsed":6044130,"subject_id":"76419"},{"rt":19789,"stimulus":47,"slider_start":100,"sprites":"buttons","response":105,"absDeviation":16,"callibration":"test","block":2,"seed":47,"numerosity":121,"matchType":"unpaired","which":"first","trial_type":"numerosity-estimation","trial_index":59,"time_elapsed":6063922,"subject_id":"76419"},{"rt":9748,"stimulus":48,"slider_start":100,"sprites":"animalCrackers","response":102,"absDeviation":33,"callibration":"test","block":2,"seed":48,"numerosity":135,"matchType":"unpaired","which":"first","trial_type":"numerosity-estimation","trial_index":60,"time_elapsed":6073679,"subject_id":"76419"},{"rt":20598,"stimulus":"<p> For the last block of trials, the average deviation of your guesses from correct answers was 23.</p>\n     <p>The smaller the deviation the better.  Your deviation was <b> VERY good</b>.</p><br>\n       <p>Press any key to continue to the next block of trials</p>","response":" ","trial_type":"html-keyboard-response","trial_index":61,"time_elapsed":6094283,"subject_id":"76419"},{"rt":12396,"stimulus":49,"slider_start":100,"sprites":"letters","response":63,"absDeviation":15,"callibration":"test","block":3,"seed":49,"numerosity":78,"matchType":"paired","which":"first","trial_type":"numerosity-estimation","trial_index":62,"time_elapsed":6106684,"subject_id":"76419"},{"rt":15196,"stimulus":49,"slider_start":100,"sprites":"letters","response":67,"absDeviation":11,"callibration":"test","block":3,"seed":49,"numerosity":78,"matchType":"paired","which":"second","trial_type":"numerosity-estimation","trial_index":63,"time_elapsed":6121885,"subject_id":"76419"},{"rt":17463,"stimulus":51,"slider_start":100,"sprites":"hearts","response":95,"absDeviation":55,"callibration":"test","block":3,"seed":51,"numerosity":150,"matchType":"unpaired","which":"first","trial_type":"numerosity-estimation","trial_index":64,"time_elapsed":6139359,"subject_id":"76419"},{"rt":18258,"stimulus":52,"slider_start":100,"sprites":"crackers","response":69,"absDeviation":9,"callibration":"test","block":3,"seed":52,"numerosity":78,"matchType":"unpaired","which":"first","trial_type":"numerosity-estimation","trial_index":65,"time_elapsed":6157623,"subject_id":"76419"},{"rt":8226,"stimulus":53,"slider_start":100,"sprites":"bears","response":60,"absDeviation":10,"callibration":"test","block":3,"seed":53,"numerosity":50,"matchType":"paired","which":"first","trial_type":"numerosity-estimation","trial_index":66,"time_elapsed":6165856,"subject_id":"76419"},{"rt":10113,"stimulus":53,"slider_start":100,"sprites":"bears","response":54,"absDeviation":4,"callibration":"test","block":3,"seed":53,"numerosity":50,"matchType":"paired","which":"second","trial_type":"numerosity-estimation","trial_index":67,"time_elapsed":6175982,"subject_id":"76419"},{"rt":12324,"stimulus":55,"slider_start":100,"sprites":"jellyBeans","response":93,"absDeviation":28,"callibration":"test","block":3,"seed":55,"numerosity":121,"matchType":"unpaired","which":"first","trial_type":"numerosity-estimation","trial_index":68,"time_elapsed":6188315,"subject_id":"76419"},{"rt":10688,"stimulus":56,"slider_start":100,"sprites":"marbles","response":80,"absDeviation":16,"callibration":"test","block":3,"seed":56,"numerosity":64,"matchType":"unpaired","which":"first","trial_type":"numerosity-estimation","trial_index":69,"time_elapsed":6199013,"subject_id":"76419"},{"rt":9577,"stimulus":57,"slider_start":100,"sprites":"mints","response":68,"absDeviation":4,"callibration":"test","block":3,"seed":57,"numerosity":64,"matchType":"paired","which":"first","trial_type":"numerosity-estimation","trial_index":70,"time_elapsed":6208600,"subject_id":"76419"},{"rt":11606,"stimulus":57,"slider_start":100,"sprites":"mints","response":70,"absDeviation":6,"callibration":"test","block":3,"seed":57,"numerosity":64,"matchType":"paired","which":"second","trial_type":"numerosity-estimation","trial_index":71,"time_elapsed":6220218,"subject_id":"76419"},{"rt":5659,"stimulus":59,"slider_start":100,"sprites":"buttons","response":111,"absDeviation":24,"callibration":"test","block":3,"seed":59,"numerosity":135,"matchType":"unpaired","which":"first","trial_type":"numerosity-estimation","trial_index":72,"time_elapsed":6225886,"subject_id":"76419"},{"rt":9673,"stimulus":60,"slider_start":100,"sprites":"animalCrackers","response":117,"absDeviation":33,"callibration":"test","block":3,"seed":60,"numerosity":150,"matchType":"unpaired","which":"first","trial_type":"numerosity-estimation","trial_index":73,"time_elapsed":6235567,"subject_id":"76419"},{"rt":8467,"stimulus":61,"slider_start":100,"sprites":"letters","response":48,"absDeviation":2,"callibration":"test","block":3,"seed":61,"numerosity":50,"matchType":"paired","which":"first","trial_type":"numerosity-estimation","trial_index":74,"time_elapsed":6244046,"subject_id":"76419"},{"rt":10628,"stimulus":61,"slider_start":100,"sprites":"letters","response":55,"absDeviation":5,"callibration":"test","block":3,"seed":61,"numerosity":50,"matchType":"paired","which":"second","trial_type":"numerosity-estimation","trial_index":75,"time_elapsed":6254682,"subject_id":"76419"},{"rt":5670,"stimulus":63,"slider_start":100,"sprites":"hearts","response":70,"absDeviation":6,"callibration":"test","block":3,"seed":63,"numerosity":64,"matchType":"unpaired","which":"first","trial_type":"numerosity-estimation","trial_index":76,"time_elapsed":6260358,"subject_id":"76419"},{"rt":12253,"stimulus":64,"slider_start":100,"sprites":"crackers","response":69,"absDeviation":66,"callibration":"test","block":3,"seed":64,"numerosity":135,"matchType":"unpaired","which":"first","trial_type":"numerosity-estimation","trial_index":77,"time_elapsed":6272618,"subject_id":"76419"},{"rt":48665,"stimulus":"<p> For the last block of trials, the average deviation of your guesses from correct answers was 18.</p>\n     <p>The smaller the deviation the better.  Your deviation was <b> VERY good</b>.</p><br>\n       <p>Press any key to continue to the next block of trials</p>","response":" ","trial_type":"html-keyboard-response","trial_index":78,"time_elapsed":6321285,"subject_id":"76419"},{"rt":8907,"stimulus":65,"slider_start":100,"sprites":"bears","response":70,"absDeviation":37,"callibration":"test","block":4,"seed":65,"numerosity":107,"matchType":"paired","which":"first","trial_type":"numerosity-estimation","trial_index":79,"time_elapsed":6330200,"subject_id":"76419"},{"rt":11924,"stimulus":65,"slider_start":100,"sprites":"bears","response":69,"absDeviation":38,"callibration":"test","block":4,"seed":65,"numerosity":107,"matchType":"paired","which":"second","trial_type":"numerosity-estimation","trial_index":80,"time_elapsed":6342135,"subject_id":"76419"},{"rt":10565,"stimulus":67,"slider_start":100,"sprites":"jellyBeans","response":79,"absDeviation":28,"callibration":"test","block":4,"seed":67,"numerosity":107,"matchType":"unpaired","which":"first","trial_type":"numerosity-estimation","trial_index":81,"time_elapsed":6352706,"subject_id":"76419"},{"rt":8092,"stimulus":68,"slider_start":100,"sprites":"marbles","response":77,"absDeviation":73,"callibration":"test","block":4,"seed":68,"numerosity":150,"matchType":"unpaired","which":"first","trial_type":"numerosity-estimation","trial_index":82,"time_elapsed":6360808,"subject_id":"76419"},{"rt":169476,"stimulus":69,"slider_start":100,"sprites":"mints","response":93,"absDeviation":28,"callibration":"test","block":4,"seed":69,"numerosity":121,"matchType":"paired","which":"first","trial_type":"numerosity-estimation","trial_index":83,"time_elapsed":6530290,"subject_id":"76419"},{"rt":9531,"stimulus":69,"slider_start":100,"sprites":"mints","response":107,"absDeviation":14,"callibration":"test","block":4,"seed":69,"numerosity":121,"matchType":"paired","which":"second","trial_type":"numerosity-estimation","trial_index":84,"time_elapsed":6539835,"subject_id":"76419"},{"rt":11795,"stimulus":71,"slider_start":100,"sprites":"buttons","response":116,"absDeviation":9,"callibration":"test","block":4,"seed":71,"numerosity":107,"matchType":"unpaired","which":"first","trial_type":"numerosity-estimation","trial_index":85,"time_elapsed":6551640,"subject_id":"76419"},{"rt":9388,"stimulus":72,"slider_start":100,"sprites":"animalCrackers","response":57,"absDeviation":7,"callibration":"test","block":4,"seed":72,"numerosity":50,"matchType":"unpaired","which":"first","trial_type":"numerosity-estimation","trial_index":86,"time_elapsed":6561037,"subject_id":"76419"},{"rt":10335,"stimulus":73,"slider_start":100,"sprites":"letters","response":66,"absDeviation":12,"callibration":"test","block":4,"seed":73,"numerosity":78,"matchType":"paired","which":"first","trial_type":"numerosity-estimation","trial_index":87,"time_elapsed":6571384,"subject_id":"76419"},{"rt":67332,"stimulus":73,"slider_start":100,"sprites":"letters","response":74,"absDeviation":4,"callibration":"test","block":4,"seed":73,"numerosity":78,"matchType":"paired","which":"second","trial_type":"numerosity-estimation","trial_index":88,"time_elapsed":6638734,"subject_id":"76419"},{"rt":20111,"stimulus":75,"slider_start":100,"sprites":"hearts","response":77,"absDeviation":15,"callibration":"test","block":4,"seed":75,"numerosity":92,"matchType":"unpaired","which":"first","trial_type":"numerosity-estimation","trial_index":89,"time_elapsed":6658854,"subject_id":"76419"},{"rt":33814,"stimulus":76,"slider_start":100,"sprites":"crackers","response":82,"absDeviation":18,"callibration":"test","block":4,"seed":76,"numerosity":64,"matchType":"unpaired","which":"first","trial_type":"numerosity-estimation","trial_index":90,"time_elapsed":6692675,"subject_id":"76419"},{"rt":49679,"stimulus":77,"slider_start":100,"sprites":"bears","response":107,"absDeviation":28,"callibration":"test","block":4,"seed":77,"numerosity":135,"matchType":"paired","which":"first","trial_type":"numerosity-estimation","trial_index":91,"time_elapsed":6742362,"subject_id":"76419"},{"rt":13480,"stimulus":77,"slider_start":100,"sprites":"bears","response":103,"absDeviation":32,"callibration":"test","block":4,"seed":77,"numerosity":135,"matchType":"paired","which":"second","trial_type":"numerosity-estimation","trial_index":92,"time_elapsed":6755841,"subject_id":"76419"},{"rt":11254,"stimulus":79,"slider_start":100,"sprites":"jellyBeans","response":75,"absDeviation":25,"callibration":"test","block":4,"seed":79,"numerosity":50,"matchType":"unpaired","which":"first","trial_type":"numerosity-estimation","trial_index":93,"time_elapsed":6767103,"subject_id":"76419"},{"rt":14794,"stimulus":80,"slider_start":100,"sprites":"marbles","response":91,"absDeviation":30,"callibration":"test","block":4,"seed":80,"numerosity":121,"matchType":"unpaired","which":"first","trial_type":"numerosity-estimation","trial_index":94,"time_elapsed":6781904,"subject_id":"76419"},{"rt":4102945,"stimulus":"<p> For the last block of trials, the average deviation of your guesses from correct answers was 25.</p>\n     <p>The smaller the deviation the better.  Your deviation was <b> good</b>.</p><br>\n       <p>Press any key to continue to the next block of trials</p>","response":" ","trial_type":"html-keyboard-response","trial_index":95,"time_elapsed":10882596,"subject_id":"76419"},{"rt":10509,"stimulus":81,"slider_start":100,"sprites":"mints","response":109,"absDeviation":12,"callibration":"test","block":5,"seed":81,"numerosity":121,"matchType":"paired","which":"first","trial_type":"numerosity-estimation","trial_index":96,"time_elapsed":10893129,"subject_id":"76419"},{"rt":13520,"stimulus":81,"slider_start":100,"sprites":"mints","response":117,"absDeviation":4,"callibration":"test","block":5,"seed":81,"numerosity":121,"matchType":"paired","which":"second","trial_type":"numerosity-estimation","trial_index":97,"time_elapsed":10906659,"subject_id":"76419"},{"rt":8786,"stimulus":83,"slider_start":100,"sprites":"buttons","response":107,"absDeviation":14,"callibration":"test","block":5,"seed":83,"numerosity":121,"matchType":"unpaired","which":"first","trial_type":"numerosity-estimation","trial_index":98,"time_elapsed":10915454,"subject_id":"76419"},{"rt":8302,"stimulus":84,"slider_start":100,"sprites":"animalCrackers","response":76,"absDeviation":26,"callibration":"test","block":5,"seed":84,"numerosity":50,"matchType":"unpaired","which":"first","trial_type":"numerosity-estimation","trial_index":99,"time_elapsed":10923762,"subject_id":"76419"},{"rt":26569,"stimulus":85,"slider_start":100,"sprites":"letters","response":78,"absDeviation":14,"callibration":"test","block":5,"seed":85,"numerosity":64,"matchType":"paired","which":"first","trial_type":"numerosity-estimation","trial_index":100,"time_elapsed":10950347,"subject_id":"76419"},{"rt":10303,"stimulus":85,"slider_start":100,"sprites":"letters","response":75,"absDeviation":11,"callibration":"test","block":5,"seed":85,"numerosity":64,"matchType":"paired","which":"second","trial_type":"numerosity-estimation","trial_index":101,"time_elapsed":10960662,"subject_id":"76419"},{"rt":23180,"stimulus":87,"slider_start":100,"sprites":"hearts","response":83,"absDeviation":33,"callibration":"test","block":5,"seed":87,"numerosity":50,"matchType":"unpaired","which":"first","trial_type":"numerosity-estimation","trial_index":102,"time_elapsed":10983850,"subject_id":"76419"},{"rt":31362,"stimulus":88,"slider_start":100,"sprites":"crackers","response":85,"absDeviation":50,"callibration":"test","block":5,"seed":88,"numerosity":135,"matchType":"unpaired","which":"first","trial_type":"numerosity-estimation","trial_index":103,"time_elapsed":11015217,"subject_id":"76419"},{"rt":13453,"stimulus":89,"slider_start":100,"sprites":"bears","response":60,"absDeviation":10,"callibration":"test","block":5,"seed":89,"numerosity":50,"matchType":"paired","which":"first","trial_type":"numerosity-estimation","trial_index":104,"time_elapsed":11028679,"subject_id":"76419"},{"rt":10266,"stimulus":89,"slider_start":100,"sprites":"bears","response":61,"absDeviation":11,"callibration":"test","block":5,"seed":89,"numerosity":50,"matchType":"paired","which":"second","trial_type":"numerosity-estimation","trial_index":105,"time_elapsed":11038951,"subject_id":"76419"},{"rt":11778,"stimulus":91,"slider_start":100,"sprites":"jellyBeans","response":85,"absDeviation":7,"callibration":"test","block":5,"seed":91,"numerosity":92,"matchType":"unpaired","which":"first","trial_type":"numerosity-estimation","trial_index":106,"time_elapsed":11050734,"subject_id":"76419"},{"rt":8366,"stimulus":92,"slider_start":100,"sprites":"marbles","response":105,"absDeviation":16,"callibration":"test","block":5,"seed":92,"numerosity":121,"matchType":"unpaired","which":"first","trial_type":"numerosity-estimation","trial_index":107,"time_elapsed":11059107,"subject_id":"76419"},{"rt":9142,"stimulus":93,"slider_start":100,"sprites":"mints","response":92,"absDeviation":14,"callibration":"test","block":5,"seed":93,"numerosity":78,"matchType":"paired","which":"first","trial_type":"numerosity-estimation","trial_index":108,"time_elapsed":11068258,"subject_id":"76419"},{"rt":10630,"stimulus":93,"slider_start":100,"sprites":"mints","response":94,"absDeviation":16,"callibration":"test","block":5,"seed":93,"numerosity":78,"matchType":"paired","which":"second","trial_type":"numerosity-estimation","trial_index":109,"time_elapsed":11078897,"subject_id":"76419"},{"rt":10149,"stimulus":95,"slider_start":100,"sprites":"buttons","response":82,"absDeviation":18,"callibration":"test","block":5,"seed":95,"numerosity":64,"matchType":"unpaired","which":"first","trial_type":"numerosity-estimation","trial_index":110,"time_elapsed":11089054,"subject_id":"76419"},{"rt":10303,"stimulus":96,"slider_start":100,"sprites":"animalCrackers","response":103,"absDeviation":11,"callibration":"test","block":5,"seed":96,"numerosity":92,"matchType":"unpaired","which":"first","trial_type":"numerosity-estimation","trial_index":111,"time_elapsed":11099364,"subject_id":"76419"},{"rt":8039080,"stimulus":"<p> For the last block of trials, the average deviation of your guesses from correct answers was 17.</p>\n     <p>The smaller the deviation the better.  Your deviation was <b> VERY good</b>.</p><br>\n       <p>Press any key to continue to the next block of trials</p>","response":" ","trial_type":"html-keyboard-response","trial_index":112,"time_elapsed":19138445,"subject_id":"76419"},{"rt":11551,"stimulus":2,"slider_start":100,"sprites":"butterflies","response":84,"absDeviation":51,"callibration":"test","block":6,"seed":2,"numerosity":135,"matchType":"paired","which":"first","trial_type":"numerosity-estimation","trial_index":113,"time_elapsed":19150008,"subject_id":"76419"},{"rt":9220,"stimulus":2,"slider_start":100,"sprites":"butterflies","response":105,"absDeviation":30,"callibration":"test","block":6,"seed":2,"numerosity":135,"matchType":"paired","which":"second","trial_type":"numerosity-estimation","trial_index":114,"time_elapsed":19159232,"subject_id":"76419"},{"rt":9916,"stimulus":3,"slider_start":100,"sprites":"hearts","response":60,"absDeviation":10,"callibration":"test","block":6,"seed":3,"numerosity":50,"matchType":"unpaired","which":"second","trial_type":"numerosity-estimation","trial_index":115,"time_elapsed":19169153,"subject_id":"76419"},{"rt":11896,"stimulus":4,"slider_start":100,"sprites":"crackers","response":94,"absDeviation":13,"callibration":"test","block":6,"seed":4,"numerosity":107,"matchType":"unpaired","which":"second","trial_type":"numerosity-estimation","trial_index":116,"time_elapsed":19181054,"subject_id":"76419"},{"rt":10560,"stimulus":6,"slider_start":100,"sprites":"fruits","response":76,"absDeviation":2,"callibration":"test","block":6,"seed":6,"numerosity":78,"matchType":"paired","which":"first","trial_type":"numerosity-estimation","trial_index":117,"time_elapsed":19191624,"subject_id":"76419"},{"rt":22620,"stimulus":6,"slider_start":100,"sprites":"fruits","response":80,"absDeviation":2,"callibration":"test","block":6,"seed":6,"numerosity":78,"matchType":"paired","which":"second","trial_type":"numerosity-estimation","trial_index":118,"time_elapsed":19214252,"subject_id":"76419"},{"rt":1102893,"stimulus":7,"slider_start":100,"sprites":"jellyBeans","response":58,"absDeviation":8,"callibration":"test","block":6,"seed":7,"numerosity":50,"matchType":"unpaired","which":"second","trial_type":"numerosity-estimation","trial_index":119,"time_elapsed":20317142,"subject_id":"76419"},{"rt":8591,"stimulus":8,"slider_start":100,"sprites":"marbles","response":87,"absDeviation":5,"callibration":"test","block":6,"seed":8,"numerosity":92,"matchType":"unpaired","which":"second","trial_type":"numerosity-estimation","trial_index":120,"time_elapsed":20325736,"subject_id":"76419"},{"rt":9114,"stimulus":10,"slider_start":100,"sprites":"rocks","response":49,"absDeviation":1,"callibration":"test","block":6,"seed":10,"numerosity":50,"matchType":"paired","which":"first","trial_type":"numerosity-estimation","trial_index":121,"time_elapsed":20334854,"subject_id":"76419"},{"rt":9805,"stimulus":10,"slider_start":100,"sprites":"rocks","response":52,"absDeviation":2,"callibration":"test","block":6,"seed":10,"numerosity":50,"matchType":"paired","which":"second","trial_type":"numerosity-estimation","trial_index":122,"time_elapsed":20344667,"subject_id":"76419"},{"rt":10740,"stimulus":11,"slider_start":100,"sprites":"buttons","response":91,"absDeviation":16,"callibration":"test","block":6,"seed":11,"numerosity":107,"matchType":"unpaired","which":"second","trial_type":"numerosity-estimation","trial_index":123,"time_elapsed":20355422,"subject_id":"76419"},{"rt":8998,"stimulus":12,"slider_start":100,"sprites":"animalCrackers","response":87,"absDeviation":5,"callibration":"test","block":6,"seed":12,"numerosity":92,"matchType":"unpaired","which":"second","trial_type":"numerosity-estimation","trial_index":124,"time_elapsed":20364429,"subject_id":"76419"},{"rt":10555,"stimulus":14,"slider_start":100,"sprites":"butterflies","response":94,"absDeviation":56,"callibration":"test","block":6,"seed":14,"numerosity":150,"matchType":"paired","which":"first","trial_type":"numerosity-estimation","trial_index":125,"time_elapsed":20374993,"subject_id":"76419"},{"rt":20767,"stimulus":14,"slider_start":100,"sprites":"butterflies","response":93,"absDeviation":57,"callibration":"test","block":6,"seed":14,"numerosity":150,"matchType":"paired","which":"second","trial_type":"numerosity-estimation","trial_index":126,"time_elapsed":20395770,"subject_id":"76419"},{"rt":9283,"stimulus":15,"slider_start":100,"sprites":"hearts","response":103,"absDeviation":18,"callibration":"test","block":6,"seed":15,"numerosity":121,"matchType":"unpaired","which":"second","trial_type":"numerosity-estimation","trial_index":127,"time_elapsed":20405060,"subject_id":"76419"},{"rt":8464,"stimulus":16,"slider_start":100,"sprites":"crackers","response":54,"absDeviation":10,"callibration":"test","block":6,"seed":16,"numerosity":64,"matchType":"unpaired","which":"second","trial_type":"numerosity-estimation","trial_index":128,"time_elapsed":20413533,"subject_id":"76419"},{"rt":3356,"stimulus":"<p> For the last block of trials, the average deviation of your guesses from correct answers was 18.</p>\n     <p>The smaller the deviation the better.  Your deviation was <b> VERY good</b>.</p><br>\n       <p>Press any key to continue to the next block of trials</p>","response":" ","trial_type":"html-keyboard-response","trial_index":129,"time_elapsed":20416916,"subject_id":"76419"},{"rt":8585,"stimulus":18,"slider_start":100,"sprites":"fruits","response":80,"absDeviation":27,"callibration":"test","block":7,"seed":18,"numerosity":107,"matchType":"paired","which":"first","trial_type":"numerosity-estimation","trial_index":130,"time_elapsed":20425504,"subject_id":"76419"},{"rt":11744,"stimulus":18,"slider_start":100,"sprites":"fruits","response":93,"absDeviation":14,"callibration":"test","block":7,"seed":18,"numerosity":107,"matchType":"paired","which":"second","trial_type":"numerosity-estimation","trial_index":131,"time_elapsed":20437255,"subject_id":"76419"},{"rt":7634,"stimulus":19,"slider_start":100,"sprites":"jellyBeans","response":108,"absDeviation":27,"callibration":"test","block":7,"seed":19,"numerosity":135,"matchType":"unpaired","which":"second","trial_type":"numerosity-estimation","trial_index":132,"time_elapsed":20444897,"subject_id":"76419"},{"rt":10253,"stimulus":20,"slider_start":100,"sprites":"marbles","response":55,"absDeviation":23,"callibration":"test","block":7,"seed":20,"numerosity":78,"matchType":"unpaired","which":"second","trial_type":"numerosity-estimation","trial_index":133,"time_elapsed":20455155,"subject_id":"76419"},{"rt":9531,"stimulus":22,"slider_start":100,"sprites":"rocks","response":64,"absDeviation":28,"callibration":"test","block":7,"seed":22,"numerosity":92,"matchType":"paired","which":"first","trial_type":"numerosity-estimation","trial_index":134,"time_elapsed":20464697,"subject_id":"76419"},{"rt":7466,"stimulus":22,"slider_start":100,"sprites":"rocks","response":63,"absDeviation":29,"callibration":"test","block":7,"seed":22,"numerosity":92,"matchType":"paired","which":"second","trial_type":"numerosity-estimation","trial_index":135,"time_elapsed":20472173,"subject_id":"76419"},{"rt":5465,"stimulus":23,"slider_start":100,"sprites":"buttons","response":114,"absDeviation":36,"callibration":"test","block":7,"seed":23,"numerosity":150,"matchType":"unpaired","which":"second","trial_type":"numerosity-estimation","trial_index":136,"time_elapsed":20477643,"subject_id":"76419"},{"rt":9824,"stimulus":24,"slider_start":100,"sprites":"animalCrackers","response":73,"absDeviation":34,"callibration":"test","block":7,"seed":24,"numerosity":107,"matchType":"unpaired","which":"second","trial_type":"numerosity-estimation","trial_index":137,"time_elapsed":20487475,"subject_id":"76419"},{"rt":11233,"stimulus":26,"slider_start":100,"sprites":"butterflies","response":59,"absDeviation":33,"callibration":"test","block":7,"seed":26,"numerosity":92,"matchType":"paired","which":"first","trial_type":"numerosity-estimation","trial_index":138,"time_elapsed":20498713,"subject_id":"76419"},{"rt":7642,"stimulus":26,"slider_start":100,"sprites":"butterflies","response":63,"absDeviation":29,"callibration":"test","block":7,"seed":26,"numerosity":92,"matchType":"paired","which":"second","trial_type":"numerosity-estimation","trial_index":139,"time_elapsed":20506361,"subject_id":"76419"},{"rt":8718,"stimulus":27,"slider_start":100,"sprites":"hearts","response":72,"absDeviation":49,"callibration":"test","block":7,"seed":27,"numerosity":121,"matchType":"unpaired","which":"second","trial_type":"numerosity-estimation","trial_index":140,"time_elapsed":20515085,"subject_id":"76419"},{"rt":6104,"stimulus":28,"slider_start":100,"sprites":"crackers","response":123,"absDeviation":27,"callibration":"test","block":7,"seed":28,"numerosity":150,"matchType":"unpaired","which":"second","trial_type":"numerosity-estimation","trial_index":141,"time_elapsed":20521197,"subject_id":"76419"},{"rt":8896,"stimulus":30,"slider_start":100,"sprites":"fruits","response":103,"absDeviation":4,"callibration":"test","block":7,"seed":30,"numerosity":107,"matchType":"paired","which":"first","trial_type":"numerosity-estimation","trial_index":142,"time_elapsed":20530095,"subject_id":"76419"},{"rt":7905,"stimulus":30,"slider_start":100,"sprites":"fruits","response":89,"absDeviation":18,"callibration":"test","block":7,"seed":30,"numerosity":107,"matchType":"paired","which":"second","trial_type":"numerosity-estimation","trial_index":143,"time_elapsed":20538007,"subject_id":"76419"},{"rt":5786,"stimulus":31,"slider_start":100,"sprites":"jellyBeans","response":95,"absDeviation":55,"callibration":"test","block":7,"seed":31,"numerosity":150,"matchType":"unpaired","which":"second","trial_type":"numerosity-estimation","trial_index":144,"time_elapsed":20543798,"subject_id":"76419"},{"rt":8824,"stimulus":32,"slider_start":100,"sprites":"marbles","response":81,"absDeviation":54,"callibration":"test","block":7,"seed":32,"numerosity":135,"matchType":"unpaired","which":"second","trial_type":"numerosity-estimation","trial_index":145,"time_elapsed":20552629,"subject_id":"76419"},{"rt":6269,"stimulus":"<p> For the last block of trials, the average deviation of your guesses from correct answers was 30.</p>\n     <p>The smaller the deviation the better.  Your deviation was <b> good</b>.</p><br>\n       <p>Press any key to continue to the next block of trials</p>","response":" ","trial_type":"html-keyboard-response","trial_index":146,"time_elapsed":20558902,"subject_id":"76419"},{"rt":10674,"stimulus":34,"slider_start":100,"sprites":"rocks","response":58,"absDeviation":8,"callibration":"test","block":8,"seed":34,"numerosity":50,"matchType":"paired","which":"first","trial_type":"numerosity-estimation","trial_index":147,"time_elapsed":20569581,"subject_id":"76419"},{"rt":8185,"stimulus":34,"slider_start":100,"sprites":"rocks","response":65,"absDeviation":15,"callibration":"test","block":8,"seed":34,"numerosity":50,"matchType":"paired","which":"second","trial_type":"numerosity-estimation","trial_index":148,"time_elapsed":20577771,"subject_id":"76419"},{"rt":9345,"stimulus":35,"slider_start":100,"sprites":"buttons","response":67,"absDeviation":11,"callibration":"test","block":8,"seed":35,"numerosity":78,"matchType":"unpaired","which":"second","trial_type":"numerosity-estimation","trial_index":149,"time_elapsed":20587122,"subject_id":"76419"},{"rt":8522,"stimulus":36,"slider_start":100,"sprites":"animalCrackers","response":54,"absDeviation":4,"callibration":"test","block":8,"seed":36,"numerosity":50,"matchType":"unpaired","which":"second","trial_type":"numerosity-estimation","trial_index":150,"time_elapsed":20595651,"subject_id":"76419"},{"rt":10843,"stimulus":38,"slider_start":100,"sprites":"butterflies","response":69,"absDeviation":9,"callibration":"test","block":8,"seed":38,"numerosity":78,"matchType":"paired","which":"first","trial_type":"numerosity-estimation","trial_index":151,"time_elapsed":20606498,"subject_id":"76419"},{"rt":9479,"stimulus":38,"slider_start":100,"sprites":"butterflies","response":65,"absDeviation":13,"callibration":"test","block":8,"seed":38,"numerosity":78,"matchType":"paired","which":"second","trial_type":"numerosity-estimation","trial_index":152,"time_elapsed":20615985,"subject_id":"76419"},{"rt":11313,"stimulus":39,"slider_start":100,"sprites":"hearts","response":70,"absDeviation":8,"callibration":"test","block":8,"seed":39,"numerosity":78,"matchType":"unpaired","which":"second","trial_type":"numerosity-estimation","trial_index":153,"time_elapsed":20627303,"subject_id":"76419"},{"rt":5772,"stimulus":40,"slider_start":100,"sprites":"crackers","response":106,"absDeviation":15,"callibration":"test","block":8,"seed":40,"numerosity":121,"matchType":"unpaired","which":"second","trial_type":"numerosity-estimation","trial_index":154,"time_elapsed":20633079,"subject_id":"76419"},{"rt":10022,"stimulus":42,"slider_start":100,"sprites":"fruits","response":80,"absDeviation":2,"callibration":"test","block":8,"seed":42,"numerosity":78,"matchType":"paired","which":"first","trial_type":"numerosity-estimation","trial_index":155,"time_elapsed":20643106,"subject_id":"76419"},{"rt":9469,"stimulus":42,"slider_start":100,"sprites":"fruits","response":74,"absDeviation":4,"callibration":"test","block":8,"seed":42,"numerosity":78,"matchType":"paired","which":"second","trial_type":"numerosity-estimation","trial_index":156,"time_elapsed":20652580,"subject_id":"76419"},{"rt":9219,"stimulus":43,"slider_start":100,"sprites":"jellyBeans","response":60,"absDeviation":4,"callibration":"test","block":8,"seed":43,"numerosity":64,"matchType":"unpaired","which":"second","trial_type":"numerosity-estimation","trial_index":157,"time_elapsed":20661806,"subject_id":"76419"},{"rt":8821,"stimulus":44,"slider_start":100,"sprites":"marbles","response":79,"absDeviation":42,"callibration":"test","block":8,"seed":44,"numerosity":121,"matchType":"unpaired","which":"second","trial_type":"numerosity-estimation","trial_index":158,"time_elapsed":20670634,"subject_id":"76419"},{"rt":7743,"stimulus":46,"slider_start":100,"sprites":"rocks","response":105,"absDeviation":2,"callibration":"test","block":8,"seed":46,"numerosity":107,"matchType":"paired","which":"first","trial_type":"numerosity-estimation","trial_index":159,"time_elapsed":20678383,"subject_id":"76419"},{"rt":11219,"stimulus":46,"slider_start":100,"sprites":"rocks","response":71,"absDeviation":36,"callibration":"test","block":8,"seed":46,"numerosity":107,"matchType":"paired","which":"second","trial_type":"numerosity-estimation","trial_index":160,"time_elapsed":20689610,"subject_id":"76419"},{"rt":8502,"stimulus":47,"slider_start":100,"sprites":"buttons","response":96,"absDeviation":25,"callibration":"test","block":8,"seed":47,"numerosity":121,"matchType":"unpaired","which":"second","trial_type":"numerosity-estimation","trial_index":161,"time_elapsed":20698120,"subject_id":"76419"},{"rt":5544,"stimulus":48,"slider_start":100,"sprites":"animalCrackers","response":109,"absDeviation":26,"callibration":"test","block":8,"seed":48,"numerosity":135,"matchType":"unpaired","which":"second","trial_type":"numerosity-estimation","trial_index":162,"time_elapsed":20703673,"subject_id":"76419"},{"rt":18189,"stimulus":"<p> For the last block of trials, the average deviation of your guesses from correct answers was 14.</p>\n     <p>The smaller the deviation the better.  Your deviation was <b> AMAZINGLY good</b>.</p><br>\n       <p>Press any key to continue to the next block of trials</p>","response":" ","trial_type":"html-keyboard-response","trial_index":163,"time_elapsed":20721867,"subject_id":"76419"},{"rt":7939,"stimulus":50,"slider_start":100,"sprites":"butterflies","response":92,"absDeviation":58,"callibration":"test","block":9,"seed":50,"numerosity":150,"matchType":"paired","which":"first","trial_type":"numerosity-estimation","trial_index":164,"time_elapsed":20729810,"subject_id":"76419"},{"rt":5629,"stimulus":50,"slider_start":100,"sprites":"butterflies","response":104,"absDeviation":46,"callibration":"test","block":9,"seed":50,"numerosity":150,"matchType":"paired","which":"second","trial_type":"numerosity-estimation","trial_index":165,"time_elapsed":20735447,"subject_id":"76419"},{"rt":6170,"stimulus":51,"slider_start":100,"sprites":"hearts","response":117,"absDeviation":33,"callibration":"test","block":9,"seed":51,"numerosity":150,"matchType":"unpaired","which":"second","trial_type":"numerosity-estimation","trial_index":166,"time_elapsed":20741621,"subject_id":"76419"},{"rt":33781,"stimulus":52,"slider_start":100,"sprites":"crackers","response":85,"absDeviation":7,"callibration":"test","block":9,"seed":52,"numerosity":78,"matchType":"unpaired","which":"second","trial_type":"numerosity-estimation","trial_index":167,"time_elapsed":20775408,"subject_id":"76419"},{"rt":9428,"stimulus":54,"slider_start":100,"sprites":"fruits","response":79,"absDeviation":13,"callibration":"test","block":9,"seed":54,"numerosity":92,"matchType":"paired","which":"first","trial_type":"numerosity-estimation","trial_index":168,"time_elapsed":20784840,"subject_id":"76419"},{"rt":7834,"stimulus":54,"slider_start":100,"sprites":"fruits","response":85,"absDeviation":7,"callibration":"test","block":9,"seed":54,"numerosity":92,"matchType":"paired","which":"second","trial_type":"numerosity-estimation","trial_index":169,"time_elapsed":20792682,"subject_id":"76419"},{"rt":9521,"stimulus":55,"slider_start":100,"sprites":"jellyBeans","response":83,"absDeviation":38,"callibration":"test","block":9,"seed":55,"numerosity":121,"matchType":"unpaired","which":"second","trial_type":"numerosity-estimation","trial_index":170,"time_elapsed":20802210,"subject_id":"76419"},{"rt":8938,"stimulus":56,"slider_start":100,"sprites":"marbles","response":79,"absDeviation":15,"callibration":"test","block":9,"seed":56,"numerosity":64,"matchType":"unpaired","which":"second","trial_type":"numerosity-estimation","trial_index":171,"time_elapsed":20811154,"subject_id":"76419"},{"rt":2919,"stimulus":58,"slider_start":100,"sprites":"rocks","response":106,"absDeviation":15,"callibration":"test","block":9,"seed":58,"numerosity":121,"matchType":"paired","which":"first","trial_type":"numerosity-estimation","trial_index":172,"time_elapsed":20814078,"subject_id":"76419"},{"rt":8157,"stimulus":58,"slider_start":100,"sprites":"rocks","response":116,"absDeviation":5,"callibration":"test","block":9,"seed":58,"numerosity":121,"matchType":"paired","which":"second","trial_type":"numerosity-estimation","trial_index":173,"time_elapsed":20822242,"subject_id":"76419"},{"rt":5461,"stimulus":59,"slider_start":100,"sprites":"buttons","response":114,"absDeviation":21,"callibration":"test","block":9,"seed":59,"numerosity":135,"matchType":"unpaired","which":"second","trial_type":"numerosity-estimation","trial_index":174,"time_elapsed":20827708,"subject_id":"76419"},{"rt":5619,"stimulus":60,"slider_start":100,"sprites":"animalCrackers","response":111,"absDeviation":39,"callibration":"test","block":9,"seed":60,"numerosity":150,"matchType":"unpaired","which":"second","trial_type":"numerosity-estimation","trial_index":175,"time_elapsed":20833336,"subject_id":"76419"},{"rt":5332,"stimulus":62,"slider_start":100,"sprites":"butterflies","response":96,"absDeviation":39,"callibration":"test","block":9,"seed":62,"numerosity":135,"matchType":"paired","which":"first","trial_type":"numerosity-estimation","trial_index":176,"time_elapsed":20838674,"subject_id":"76419"},{"rt":5425,"stimulus":62,"slider_start":100,"sprites":"butterflies","response":86,"absDeviation":49,"callibration":"test","block":9,"seed":62,"numerosity":135,"matchType":"paired","which":"second","trial_type":"numerosity-estimation","trial_index":177,"time_elapsed":20844105,"subject_id":"76419"},{"rt":5363,"stimulus":63,"slider_start":100,"sprites":"hearts","response":78,"absDeviation":14,"callibration":"test","block":9,"seed":63,"numerosity":64,"matchType":"unpaired","which":"second","trial_type":"numerosity-estimation","trial_index":178,"time_elapsed":20849475,"subject_id":"76419"},{"rt":5436,"stimulus":64,"slider_start":100,"sprites":"crackers","response":111,"absDeviation":24,"callibration":"test","block":9,"seed":64,"numerosity":135,"matchType":"unpaired","which":"second","trial_type":"numerosity-estimation","trial_index":179,"time_elapsed":20854917,"subject_id":"76419"},{"rt":2198,"stimulus":"<p> For the last block of trials, the average deviation of your guesses from correct answers was 26.</p>\n     <p>The smaller the deviation the better.  Your deviation was <b> good</b>.</p><br>\n       <p>Press any key to continue to the next block of trials</p>","response":" ","trial_type":"html-keyboard-response","trial_index":180,"time_elapsed":20857118,"subject_id":"76419"},{"rt":7601,"stimulus":66,"slider_start":100,"sprites":"fruits","response":71,"absDeviation":7,"callibration":"test","block":10,"seed":66,"numerosity":64,"matchType":"paired","which":"first","trial_type":"numerosity-estimation","trial_index":181,"time_elapsed":20864723,"subject_id":"76419"},{"rt":7178,"stimulus":66,"slider_start":100,"sprites":"fruits","response":77,"absDeviation":13,"callibration":"test","block":10,"seed":66,"numerosity":64,"matchType":"paired","which":"second","trial_type":"numerosity-estimation","trial_index":182,"time_elapsed":20871908,"subject_id":"76419"},{"rt":8040,"stimulus":67,"slider_start":100,"sprites":"jellyBeans","response":83,"absDeviation":24,"callibration":"test","block":10,"seed":67,"numerosity":107,"matchType":"unpaired","which":"second","trial_type":"numerosity-estimation","trial_index":183,"time_elapsed":20879954,"subject_id":"76419"},{"rt":9725,"stimulus":68,"slider_start":100,"sprites":"marbles","response":90,"absDeviation":60,"callibration":"test","block":10,"seed":68,"numerosity":150,"matchType":"unpaired","which":"second","trial_type":"numerosity-estimation","trial_index":184,"time_elapsed":20889685,"subject_id":"76419"},{"rt":6007,"stimulus":70,"slider_start":100,"sprites":"rocks","response":94,"absDeviation":2,"callibration":"test","block":10,"seed":70,"numerosity":92,"matchType":"paired","which":"first","trial_type":"numerosity-estimation","trial_index":185,"time_elapsed":20895697,"subject_id":"76419"},{"rt":4839,"stimulus":70,"slider_start":100,"sprites":"rocks","response":86,"absDeviation":6,"callibration":"test","block":10,"seed":70,"numerosity":92,"matchType":"paired","which":"second","trial_type":"numerosity-estimation","trial_index":186,"time_elapsed":20900544,"subject_id":"76419"},{"rt":8428,"stimulus":71,"slider_start":100,"sprites":"buttons","response":103,"absDeviation":4,"callibration":"test","block":10,"seed":71,"numerosity":107,"matchType":"unpaired","which":"second","trial_type":"numerosity-estimation","trial_index":187,"time_elapsed":20908977,"subject_id":"76419"},{"rt":5826,"stimulus":72,"slider_start":100,"sprites":"animalCrackers","response":58,"absDeviation":8,"callibration":"test","block":10,"seed":72,"numerosity":50,"matchType":"unpaired","which":"second","trial_type":"numerosity-estimation","trial_index":188,"time_elapsed":20914810,"subject_id":"76419"},{"rt":5477,"stimulus":74,"slider_start":100,"sprites":"butterflies","response":58,"absDeviation":6,"callibration":"test","block":10,"seed":74,"numerosity":64,"matchType":"paired","which":"first","trial_type":"numerosity-estimation","trial_index":189,"time_elapsed":20920292,"subject_id":"76419"},{"rt":4439,"stimulus":74,"slider_start":100,"sprites":"butterflies","response":55,"absDeviation":9,"callibration":"test","block":10,"seed":74,"numerosity":64,"matchType":"paired","which":"second","trial_type":"numerosity-estimation","trial_index":190,"time_elapsed":20924753,"subject_id":"76419"},{"rt":8531,"stimulus":75,"slider_start":100,"sprites":"hearts","response":66,"absDeviation":26,"callibration":"test","block":10,"seed":75,"numerosity":92,"matchType":"unpaired","which":"second","trial_type":"numerosity-estimation","trial_index":191,"time_elapsed":20933290,"subject_id":"76419"},{"rt":4972,"stimulus":76,"slider_start":100,"sprites":"crackers","response":71,"absDeviation":7,"callibration":"test","block":10,"seed":76,"numerosity":64,"matchType":"unpaired","which":"second","trial_type":"numerosity-estimation","trial_index":192,"time_elapsed":20938268,"subject_id":"76419"},{"rt":9079,"stimulus":78,"slider_start":100,"sprites":"fruits","response":66,"absDeviation":2,"callibration":"test","block":10,"seed":78,"numerosity":64,"matchType":"paired","which":"first","trial_type":"numerosity-estimation","trial_index":193,"time_elapsed":20947352,"subject_id":"76419"},{"rt":11243,"stimulus":78,"slider_start":100,"sprites":"fruits","response":75,"absDeviation":11,"callibration":"test","block":10,"seed":78,"numerosity":64,"matchType":"paired","which":"second","trial_type":"numerosity-estimation","trial_index":194,"time_elapsed":20958603,"subject_id":"76419"},{"rt":8956,"stimulus":79,"slider_start":100,"sprites":"jellyBeans","response":49,"absDeviation":1,"callibration":"test","block":10,"seed":79,"numerosity":50,"matchType":"unpaired","which":"second","trial_type":"numerosity-estimation","trial_index":195,"time_elapsed":20967566,"subject_id":"76419"},{"rt":8157,"stimulus":80,"slider_start":100,"sprites":"marbles","response":72,"absDeviation":49,"callibration":"test","block":10,"seed":80,"numerosity":121,"matchType":"unpaired","which":"second","trial_type":"numerosity-estimation","trial_index":196,"time_elapsed":20975730,"subject_id":"76419"},{"rt":4578,"stimulus":"<p> For the last block of trials, the average deviation of your guesses from correct answers was 15.</p>\n     <p>The smaller the deviation the better.  Your deviation was <b> VERY good</b>.</p><br>\n       <p>Press any key to continue to the next block of trials</p>","response":" ","trial_type":"html-keyboard-response","trial_index":197,"time_elapsed":20980312,"subject_id":"76419"},{"rt":13522,"stimulus":82,"slider_start":100,"sprites":"rocks","response":59,"absDeviation":5,"callibration":"test","block":11,"seed":82,"numerosity":64,"matchType":"paired","which":"first","trial_type":"numerosity-estimation","trial_index":198,"time_elapsed":20993840,"subject_id":"76419"},{"rt":8648,"stimulus":82,"slider_start":100,"sprites":"rocks","response":58,"absDeviation":6,"callibration":"test","block":11,"seed":82,"numerosity":64,"matchType":"paired","which":"second","trial_type":"numerosity-estimation","trial_index":199,"time_elapsed":21002494,"subject_id":"76419"},{"rt":5796,"stimulus":83,"slider_start":100,"sprites":"buttons","response":112,"absDeviation":9,"callibration":"test","block":11,"seed":83,"numerosity":121,"matchType":"unpaired","which":"second","trial_type":"numerosity-estimation","trial_index":200,"time_elapsed":21008298,"subject_id":"76419"},{"rt":21272,"stimulus":84,"slider_start":100,"sprites":"animalCrackers","response":93,"absDeviation":43,"callibration":"test","block":11,"seed":84,"numerosity":50,"matchType":"unpaired","which":"second","trial_type":"numerosity-estimation","trial_index":201,"time_elapsed":21029591,"subject_id":"76419"},{"rt":17335,"stimulus":86,"slider_start":100,"sprites":"butterflies","response":84,"absDeviation":37,"callibration":"test","block":11,"seed":86,"numerosity":121,"matchType":"paired","which":"first","trial_type":"numerosity-estimation","trial_index":202,"time_elapsed":21046934,"subject_id":"76419"},{"rt":11517,"stimulus":86,"slider_start":100,"sprites":"butterflies","response":75,"absDeviation":46,"callibration":"test","block":11,"seed":86,"numerosity":121,"matchType":"paired","which":"second","trial_type":"numerosity-estimation","trial_index":203,"time_elapsed":21058457,"subject_id":"76419"},{"rt":9761,"stimulus":87,"slider_start":100,"sprites":"hearts","response":59,"absDeviation":9,"callibration":"test","block":11,"seed":87,"numerosity":50,"matchType":"unpaired","which":"second","trial_type":"numerosity-estimation","trial_index":204,"time_elapsed":21068225,"subject_id":"76419"},{"rt":8761,"stimulus":88,"slider_start":100,"sprites":"crackers","response":75,"absDeviation":60,"callibration":"test","block":11,"seed":88,"numerosity":135,"matchType":"unpaired","which":"second","trial_type":"numerosity-estimation","trial_index":205,"time_elapsed":21076991,"subject_id":"76419"},{"rt":6767,"stimulus":90,"slider_start":100,"sprites":"fruits","response":116,"absDeviation":34,"callibration":"test","block":11,"seed":90,"numerosity":150,"matchType":"paired","which":"first","trial_type":"numerosity-estimation","trial_index":206,"time_elapsed":21083763,"subject_id":"76419"},{"rt":7309,"stimulus":90,"slider_start":100,"sprites":"fruits","response":111,"absDeviation":39,"callibration":"test","block":11,"seed":90,"numerosity":150,"matchType":"paired","which":"second","trial_type":"numerosity-estimation","trial_index":207,"time_elapsed":21091078,"subject_id":"76419"},{"rt":11560,"stimulus":91,"slider_start":100,"sprites":"jellyBeans","response":85,"absDeviation":7,"callibration":"test","block":11,"seed":91,"numerosity":92,"matchType":"unpaired","which":"second","trial_type":"numerosity-estimation","trial_index":208,"time_elapsed":21102642,"subject_id":"76419"},{"rt":9808,"stimulus":92,"slider_start":100,"sprites":"marbles","response":86,"absDeviation":35,"callibration":"test","block":11,"seed":92,"numerosity":121,"matchType":"unpaired","which":"second","trial_type":"numerosity-estimation","trial_index":209,"time_elapsed":21112455,"subject_id":"76419"},{"rt":3650,"stimulus":94,"slider_start":100,"sprites":"rocks","response":76,"absDeviation":2,"callibration":"test","block":11,"seed":94,"numerosity":78,"matchType":"paired","which":"first","trial_type":"numerosity-estimation","trial_index":210,"time_elapsed":21116111,"subject_id":"76419"},{"rt":4607,"stimulus":94,"slider_start":100,"sprites":"rocks","response":61,"absDeviation":17,"callibration":"test","block":11,"seed":94,"numerosity":78,"matchType":"paired","which":"second","trial_type":"numerosity-estimation","trial_index":211,"time_elapsed":21120723,"subject_id":"76419"},{"rt":4566,"stimulus":95,"slider_start":100,"sprites":"buttons","response":72,"absDeviation":8,"callibration":"test","block":11,"seed":95,"numerosity":64,"matchType":"unpaired","which":"second","trial_type":"numerosity-estimation","trial_index":212,"time_elapsed":21125295,"subject_id":"76419"},{"rt":6469,"stimulus":96,"slider_start":100,"sprites":"animalCrackers","response":83,"absDeviation":9,"callibration":"test","block":11,"seed":96,"numerosity":92,"matchType":"unpaired","which":"second","trial_type":"numerosity-estimation","trial_index":213,"time_elapsed":21131770,"subject_id":"76419"},{"rt":1492,"stimulus":"<p> For the last block of trials, the average deviation of your guesses from correct answers was 23.</p>\n     <p>The smaller the deviation the better.  Your deviation was <b> VERY good</b>.</p><br>\n       <p>Press any key to continue to the next block of trials</p>","response":" ","trial_type":"html-keyboard-response","trial_index":214,"time_elapsed":21133266,"subject_id":"76419"},{"rt":12506,"response":{"averageEstimates":"When the two displays occured back-to-back, in immediate succession.","firstOrSecond":"The second time the objects were shown"},"question_order":[0,1],"trial_type":"survey-multi-choice","trial_index":215,"time_elapsed":21145779,"subject_id":"76419"}]