[{"rt":24550,"url":"consent.html","trial_type":"external-html","trial_index":0,"time_elapsed":24577,"subject_id":"76027"},{"view_history":[{"page_index":0,"viewing_time":7683}],"rt":7683,"trial_type":"instructions","trial_index":1,"time_elapsed":32263,"subject_id":"76027"},{"rt":20268,"stimulus":0,"slider_start":100,"sprites":"animalCrackers","response":50,"absDeviation":0,"callibration":"callibration","block":-1,"seed":0,"numerosity":50,"matchType":"callibration","which":"first","trial_type":"numerosity-estimation","trial_index":2,"time_elapsed":52539,"subject_id":"76027"},{"rt":20689,"stimulus":1,"slider_start":100,"sprites":"letters","response":65,"absDeviation":1,"callibration":"callibration","block":-1,"seed":1,"numerosity":64,"matchType":"callibration","which":"first","trial_type":"numerosity-estimation","trial_index":3,"time_elapsed":73232,"subject_id":"76027"},{"rt":13223,"stimulus":2,"slider_start":100,"sprites":"butterflies","response":41,"absDeviation":37,"callibration":"callibration","block":-1,"seed":2,"numerosity":78,"matchType":"callibration","which":"first","trial_type":"numerosity-estimation","trial_index":4,"time_elapsed":86458,"subject_id":"76027"},{"rt":8604,"stimulus":3,"slider_start":100,"sprites":"hearts","response":84,"absDeviation":8,"callibration":"callibration","block":-1,"seed":3,"numerosity":92,"matchType":"callibration","which":"first","trial_type":"numerosity-estimation","trial_index":5,"time_elapsed":95066,"subject_id":"76027"},{"rt":9385,"stimulus":4,"slider_start":100,"sprites":"crackers","response":94,"absDeviation":13,"callibration":"callibration","block":-1,"seed":4,"numerosity":107,"matchType":"callibration","which":"first","trial_type":"numerosity-estimation","trial_index":6,"time_elapsed":104455,"subject_id":"76027"},{"rt":12464,"stimulus":5,"slider_start":100,"sprites":"bears","response":105,"absDeviation":16,"callibration":"callibration","block":-1,"seed":5,"numerosity":121,"matchType":"callibration","which":"first","trial_type":"numerosity-estimation","trial_index":7,"time_elapsed":116922,"subject_id":"76027"},{"rt":7698,"stimulus":6,"slider_start":100,"sprites":"fruits","response":116,"absDeviation":19,"callibration":"callibration","block":-1,"seed":6,"numerosity":135,"matchType":"callibration","which":"first","trial_type":"numerosity-estimation","trial_index":8,"time_elapsed":124622,"subject_id":"76027"},{"rt":10670,"stimulus":7,"slider_start":100,"sprites":"jellyBeans","response":112,"absDeviation":38,"callibration":"callibration","block":-1,"seed":7,"numerosity":150,"matchType":"callibration","which":"first","trial_type":"numerosity-estimation","trial_index":9,"time_elapsed":135295,"subject_id":"76027"},{"view_history":[{"page_index":0,"viewing_time":10711}],"rt":10711,"trial_type":"instructions","trial_index":10,"time_elapsed":146008,"subject_id":"76027"},{"rt":10562,"stimulus":1,"slider_start":100,"sprites":"letters","response":72,"absDeviation":20,"callibration":"test","block":0,"seed":1,"numerosity":92,"matchType":"paired","which":"first","trial_type":"numerosity-estimation","trial_index":11,"time_elapsed":156571,"subject_id":"76027"},{"rt":8498,"stimulus":1,"slider_start":100,"sprites":"letters","response":80,"absDeviation":12,"callibration":"test","block":0,"seed":1,"numerosity":92,"matchType":"paired","which":"second","trial_type":"numerosity-estimation","trial_index":12,"time_elapsed":165071,"subject_id":"76027"},{"rt":8606,"stimulus":3,"slider_start":100,"sprites":"hearts","response":48,"absDeviation":2,"callibration":"test","block":0,"seed":3,"numerosity":50,"matchType":"unpaired","which":"first","trial_type":"numerosity-estimation","trial_index":13,"time_elapsed":173679,"subject_id":"76027"},{"rt":12998,"stimulus":4,"slider_start":100,"sprites":"crackers","response":105,"absDeviation":2,"callibration":"test","block":0,"seed":4,"numerosity":107,"matchType":"unpaired","which":"first","trial_type":"numerosity-estimation","trial_index":14,"time_elapsed":186678,"subject_id":"76027"},{"rt":8998,"stimulus":5,"slider_start":100,"sprites":"bears","response":37,"absDeviation":13,"callibration":"test","block":0,"seed":5,"numerosity":50,"matchType":"paired","which":"first","trial_type":"numerosity-estimation","trial_index":15,"time_elapsed":195679,"subject_id":"76027"},{"rt":8278,"stimulus":5,"slider_start":100,"sprites":"bears","response":33,"absDeviation":17,"callibration":"test","block":0,"seed":5,"numerosity":50,"matchType":"paired","which":"second","trial_type":"numerosity-estimation","trial_index":16,"time_elapsed":203961,"subject_id":"76027"},{"rt":7982,"stimulus":7,"slider_start":100,"sprites":"jellyBeans","response":29,"absDeviation":21,"callibration":"test","block":0,"seed":7,"numerosity":50,"matchType":"unpaired","which":"first","trial_type":"numerosity-estimation","trial_index":17,"time_elapsed":211946,"subject_id":"76027"},{"rt":8016,"stimulus":8,"slider_start":100,"sprites":"marbles","response":50,"absDeviation":42,"callibration":"test","block":0,"seed":8,"numerosity":92,"matchType":"unpaired","which":"first","trial_type":"numerosity-estimation","trial_index":18,"time_elapsed":219965,"subject_id":"76027"},{"rt":7074,"stimulus":9,"slider_start":100,"sprites":"mints","response":104,"absDeviation":31,"callibration":"test","block":0,"seed":9,"numerosity":135,"matchType":"paired","which":"first","trial_type":"numerosity-estimation","trial_index":19,"time_elapsed":227041,"subject_id":"76027"},{"rt":6738,"stimulus":9,"slider_start":100,"sprites":"mints","response":118,"absDeviation":17,"callibration":"test","block":0,"seed":9,"numerosity":135,"matchType":"paired","which":"second","trial_type":"numerosity-estimation","trial_index":20,"time_elapsed":233782,"subject_id":"76027"},{"rt":6722,"stimulus":11,"slider_start":100,"sprites":"buttons","response":128,"absDeviation":21,"callibration":"test","block":0,"seed":11,"numerosity":107,"matchType":"unpaired","which":"first","trial_type":"numerosity-estimation","trial_index":21,"time_elapsed":240507,"subject_id":"76027"},{"rt":6599,"stimulus":12,"slider_start":100,"sprites":"animalCrackers","response":110,"absDeviation":18,"callibration":"test","block":0,"seed":12,"numerosity":92,"matchType":"unpaired","which":"first","trial_type":"numerosity-estimation","trial_index":22,"time_elapsed":247109,"subject_id":"76027"},{"rt":7344,"stimulus":13,"slider_start":100,"sprites":"letters","response":115,"absDeviation":8,"callibration":"test","block":0,"seed":13,"numerosity":107,"matchType":"paired","which":"first","trial_type":"numerosity-estimation","trial_index":23,"time_elapsed":254456,"subject_id":"76027"},{"rt":9777,"stimulus":13,"slider_start":100,"sprites":"letters","response":112,"absDeviation":5,"callibration":"test","block":0,"seed":13,"numerosity":107,"matchType":"paired","which":"second","trial_type":"numerosity-estimation","trial_index":24,"time_elapsed":264236,"subject_id":"76027"},{"rt":10891,"stimulus":15,"slider_start":100,"sprites":"hearts","response":98,"absDeviation":23,"callibration":"test","block":0,"seed":15,"numerosity":121,"matchType":"unpaired","which":"first","trial_type":"numerosity-estimation","trial_index":25,"time_elapsed":275129,"subject_id":"76027"},{"rt":8075,"stimulus":16,"slider_start":100,"sprites":"crackers","response":63,"absDeviation":1,"callibration":"test","block":0,"seed":16,"numerosity":64,"matchType":"unpaired","which":"first","trial_type":"numerosity-estimation","trial_index":26,"time_elapsed":283207,"subject_id":"76027"},{"rt":15494,"stimulus":"<p> For the last block of trials, the average deviation of your guesses from correct answers was 16.</p>\n     <p>The smaller the deviation the better.  Your deviation was <b> VERY good</b>.</p><br>\n       <p>Press any key to continue to the next block of trials</p>","response":" ","trial_type":"html-keyboard-response","trial_index":27,"time_elapsed":298704,"subject_id":"76027"},{"rt":8491,"stimulus":17,"slider_start":100,"sprites":"bears","response":75,"absDeviation":17,"callibration":"test","block":1,"seed":17,"numerosity":92,"matchType":"paired","which":"first","trial_type":"numerosity-estimation","trial_index":28,"time_elapsed":307198,"subject_id":"76027"},{"rt":7843,"stimulus":17,"slider_start":100,"sprites":"bears","response":85,"absDeviation":7,"callibration":"test","block":1,"seed":17,"numerosity":92,"matchType":"paired","which":"second","trial_type":"numerosity-estimation","trial_index":29,"time_elapsed":315045,"subject_id":"76027"},{"rt":10037,"stimulus":19,"slider_start":100,"sprites":"jellyBeans","response":130,"absDeviation":5,"callibration":"test","block":1,"seed":19,"numerosity":135,"matchType":"unpaired","which":"first","trial_type":"numerosity-estimation","trial_index":30,"time_elapsed":325085,"subject_id":"76027"},{"rt":9809,"stimulus":20,"slider_start":100,"sprites":"marbles","response":37,"absDeviation":41,"callibration":"test","block":1,"seed":20,"numerosity":78,"matchType":"unpaired","which":"first","trial_type":"numerosity-estimation","trial_index":31,"time_elapsed":334897,"subject_id":"76027"},{"rt":8637,"stimulus":21,"slider_start":100,"sprites":"mints","response":48,"absDeviation":44,"callibration":"test","block":1,"seed":21,"numerosity":92,"matchType":"paired","which":"first","trial_type":"numerosity-estimation","trial_index":32,"time_elapsed":343537,"subject_id":"76027"},{"rt":6746,"stimulus":21,"slider_start":100,"sprites":"mints","response":56,"absDeviation":36,"callibration":"test","block":1,"seed":21,"numerosity":92,"matchType":"paired","which":"second","trial_type":"numerosity-estimation","trial_index":33,"time_elapsed":350287,"subject_id":"76027"},{"rt":8204,"stimulus":23,"slider_start":100,"sprites":"buttons","response":143,"absDeviation":7,"callibration":"test","block":1,"seed":23,"numerosity":150,"matchType":"unpaired","which":"first","trial_type":"numerosity-estimation","trial_index":34,"time_elapsed":358493,"subject_id":"76027"},{"rt":11266,"stimulus":24,"slider_start":100,"sprites":"animalCrackers","response":99,"absDeviation":8,"callibration":"test","block":1,"seed":24,"numerosity":107,"matchType":"unpaired","which":"first","trial_type":"numerosity-estimation","trial_index":35,"time_elapsed":369762,"subject_id":"76027"},{"rt":7745,"stimulus":25,"slider_start":100,"sprites":"letters","response":97,"absDeviation":10,"callibration":"test","block":1,"seed":25,"numerosity":107,"matchType":"paired","which":"first","trial_type":"numerosity-estimation","trial_index":36,"time_elapsed":377510,"subject_id":"76027"},{"rt":6401,"stimulus":25,"slider_start":100,"sprites":"letters","response":103,"absDeviation":4,"callibration":"test","block":1,"seed":25,"numerosity":107,"matchType":"paired","which":"second","trial_type":"numerosity-estimation","trial_index":37,"time_elapsed":383914,"subject_id":"76027"},{"rt":8827,"stimulus":27,"slider_start":100,"sprites":"hearts","response":112,"absDeviation":9,"callibration":"test","block":1,"seed":27,"numerosity":121,"matchType":"unpaired","which":"first","trial_type":"numerosity-estimation","trial_index":38,"time_elapsed":392744,"subject_id":"76027"},{"rt":6539,"stimulus":28,"slider_start":100,"sprites":"crackers","response":108,"absDeviation":42,"callibration":"test","block":1,"seed":28,"numerosity":150,"matchType":"unpaired","which":"first","trial_type":"numerosity-estimation","trial_index":39,"time_elapsed":399286,"subject_id":"76027"},{"rt":8326,"stimulus":29,"slider_start":100,"sprites":"bears","response":43,"absDeviation":21,"callibration":"test","block":1,"seed":29,"numerosity":64,"matchType":"paired","which":"first","trial_type":"numerosity-estimation","trial_index":40,"time_elapsed":407614,"subject_id":"76027"},{"rt":6859,"stimulus":29,"slider_start":100,"sprites":"bears","response":60,"absDeviation":4,"callibration":"test","block":1,"seed":29,"numerosity":64,"matchType":"paired","which":"second","trial_type":"numerosity-estimation","trial_index":41,"time_elapsed":414477,"subject_id":"76027"},{"rt":6779,"stimulus":31,"slider_start":100,"sprites":"jellyBeans","response":102,"absDeviation":48,"callibration":"test","block":1,"seed":31,"numerosity":150,"matchType":"unpaired","which":"first","trial_type":"numerosity-estimation","trial_index":42,"time_elapsed":421259,"subject_id":"76027"},{"rt":6770,"stimulus":32,"slider_start":100,"sprites":"marbles","response":80,"absDeviation":55,"callibration":"test","block":1,"seed":32,"numerosity":135,"matchType":"unpaired","which":"first","trial_type":"numerosity-estimation","trial_index":43,"time_elapsed":428032,"subject_id":"76027"},{"rt":4199,"stimulus":"<p> For the last block of trials, the average deviation of your guesses from correct answers was 22.</p>\n     <p>The smaller the deviation the better.  Your deviation was <b> VERY good</b>.</p><br>\n       <p>Press any key to continue to the next block of trials</p>","response":" ","trial_type":"html-keyboard-response","trial_index":44,"time_elapsed":432232,"subject_id":"76027"},{"rt":9921,"stimulus":33,"slider_start":100,"sprites":"mints","response":104,"absDeviation":17,"callibration":"test","block":2,"seed":33,"numerosity":121,"matchType":"paired","which":"first","trial_type":"numerosity-estimation","trial_index":45,"time_elapsed":442155,"subject_id":"76027"},{"rt":6524,"stimulus":33,"slider_start":100,"sprites":"mints","response":106,"absDeviation":15,"callibration":"test","block":2,"seed":33,"numerosity":121,"matchType":"paired","which":"second","trial_type":"numerosity-estimation","trial_index":46,"time_elapsed":448683,"subject_id":"76027"},{"rt":10873,"stimulus":35,"slider_start":100,"sprites":"buttons","response":61,"absDeviation":17,"callibration":"test","block":2,"seed":35,"numerosity":78,"matchType":"unpaired","which":"first","trial_type":"numerosity-estimation","trial_index":47,"time_elapsed":459559,"subject_id":"76027"},{"rt":8540,"stimulus":36,"slider_start":100,"sprites":"animalCrackers","response":31,"absDeviation":19,"callibration":"test","block":2,"seed":36,"numerosity":50,"matchType":"unpaired","which":"first","trial_type":"numerosity-estimation","trial_index":48,"time_elapsed":468101,"subject_id":"76027"},{"rt":7417,"stimulus":37,"slider_start":100,"sprites":"letters","response":85,"absDeviation":50,"callibration":"test","block":2,"seed":37,"numerosity":135,"matchType":"paired","which":"first","trial_type":"numerosity-estimation","trial_index":49,"time_elapsed":475522,"subject_id":"76027"},{"rt":8179,"stimulus":37,"slider_start":100,"sprites":"letters","response":87,"absDeviation":48,"callibration":"test","block":2,"seed":37,"numerosity":135,"matchType":"paired","which":"second","trial_type":"numerosity-estimation","trial_index":50,"time_elapsed":483704,"subject_id":"76027"},{"rt":10541,"stimulus":39,"slider_start":100,"sprites":"hearts","response":68,"absDeviation":10,"callibration":"test","block":2,"seed":39,"numerosity":78,"matchType":"unpaired","which":"first","trial_type":"numerosity-estimation","trial_index":51,"time_elapsed":494246,"subject_id":"76027"},{"rt":6510,"stimulus":40,"slider_start":100,"sprites":"crackers","response":109,"absDeviation":12,"callibration":"test","block":2,"seed":40,"numerosity":121,"matchType":"unpaired","which":"first","trial_type":"numerosity-estimation","trial_index":52,"time_elapsed":500758,"subject_id":"76027"},{"rt":9883,"stimulus":41,"slider_start":100,"sprites":"bears","response":71,"absDeviation":21,"callibration":"test","block":2,"seed":41,"numerosity":50,"matchType":"paired","which":"first","trial_type":"numerosity-estimation","trial_index":53,"time_elapsed":510644,"subject_id":"76027"},{"rt":6926,"stimulus":41,"slider_start":100,"sprites":"bears","response":41,"absDeviation":9,"callibration":"test","block":2,"seed":41,"numerosity":50,"matchType":"paired","which":"second","trial_type":"numerosity-estimation","trial_index":54,"time_elapsed":517573,"subject_id":"76027"},{"rt":6999,"stimulus":43,"slider_start":100,"sprites":"jellyBeans","response":46,"absDeviation":18,"callibration":"test","block":2,"seed":43,"numerosity":64,"matchType":"unpaired","which":"first","trial_type":"numerosity-estimation","trial_index":55,"time_elapsed":524575,"subject_id":"76027"},{"rt":6968,"stimulus":44,"slider_start":100,"sprites":"marbles","response":91,"absDeviation":30,"callibration":"test","block":2,"seed":44,"numerosity":121,"matchType":"unpaired","which":"first","trial_type":"numerosity-estimation","trial_index":56,"time_elapsed":531545,"subject_id":"76027"},{"rt":10230,"stimulus":45,"slider_start":100,"sprites":"mints","response":114,"absDeviation":7,"callibration":"test","block":2,"seed":45,"numerosity":121,"matchType":"paired","which":"first","trial_type":"numerosity-estimation","trial_index":57,"time_elapsed":541778,"subject_id":"76027"},{"rt":8720,"stimulus":45,"slider_start":100,"sprites":"mints","response":124,"absDeviation":3,"callibration":"test","block":2,"seed":45,"numerosity":121,"matchType":"paired","which":"second","trial_type":"numerosity-estimation","trial_index":58,"time_elapsed":550502,"subject_id":"76027"},{"rt":11801,"stimulus":47,"slider_start":100,"sprites":"buttons","response":122,"absDeviation":1,"callibration":"test","block":2,"seed":47,"numerosity":121,"matchType":"unpaired","which":"first","trial_type":"numerosity-estimation","trial_index":59,"time_elapsed":562306,"subject_id":"76027"},{"rt":8153,"stimulus":48,"slider_start":100,"sprites":"animalCrackers","response":137,"absDeviation":2,"callibration":"test","block":2,"seed":48,"numerosity":135,"matchType":"unpaired","which":"first","trial_type":"numerosity-estimation","trial_index":60,"time_elapsed":570463,"subject_id":"76027"},{"rt":4552,"stimulus":"<p> For the last block of trials, the average deviation of your guesses from correct answers was 17.</p>\n     <p>The smaller the deviation the better.  Your deviation was <b> VERY good</b>.</p><br>\n       <p>Press any key to continue to the next block of trials</p>","response":" ","trial_type":"html-keyboard-response","trial_index":61,"time_elapsed":575016,"subject_id":"76027"},{"rt":8239,"stimulus":49,"slider_start":100,"sprites":"letters","response":82,"absDeviation":4,"callibration":"test","block":3,"seed":49,"numerosity":78,"matchType":"paired","which":"first","trial_type":"numerosity-estimation","trial_index":62,"time_elapsed":583259,"subject_id":"76027"},{"rt":11520,"stimulus":49,"slider_start":100,"sprites":"letters","response":74,"absDeviation":4,"callibration":"test","block":3,"seed":49,"numerosity":78,"matchType":"paired","which":"second","trial_type":"numerosity-estimation","trial_index":63,"time_elapsed":594782,"subject_id":"76027"},{"rt":7399,"stimulus":51,"slider_start":100,"sprites":"hearts","response":143,"absDeviation":7,"callibration":"test","block":3,"seed":51,"numerosity":150,"matchType":"unpaired","which":"first","trial_type":"numerosity-estimation","trial_index":64,"time_elapsed":602184,"subject_id":"76027"},{"rt":7965,"stimulus":52,"slider_start":100,"sprites":"crackers","response":91,"absDeviation":13,"callibration":"test","block":3,"seed":52,"numerosity":78,"matchType":"unpaired","which":"first","trial_type":"numerosity-estimation","trial_index":65,"time_elapsed":610153,"subject_id":"76027"},{"rt":10902,"stimulus":53,"slider_start":100,"sprites":"bears","response":46,"absDeviation":4,"callibration":"test","block":3,"seed":53,"numerosity":50,"matchType":"paired","which":"first","trial_type":"numerosity-estimation","trial_index":66,"time_elapsed":621058,"subject_id":"76027"},{"rt":14267,"stimulus":53,"slider_start":100,"sprites":"bears","response":49,"absDeviation":1,"callibration":"test","block":3,"seed":53,"numerosity":50,"matchType":"paired","which":"second","trial_type":"numerosity-estimation","trial_index":67,"time_elapsed":635329,"subject_id":"76027"},{"rt":8192,"stimulus":55,"slider_start":100,"sprites":"jellyBeans","response":132,"absDeviation":11,"callibration":"test","block":3,"seed":55,"numerosity":121,"matchType":"unpaired","which":"first","trial_type":"numerosity-estimation","trial_index":68,"time_elapsed":643523,"subject_id":"76027"},{"rt":11470,"stimulus":56,"slider_start":100,"sprites":"marbles","response":71,"absDeviation":7,"callibration":"test","block":3,"seed":56,"numerosity":64,"matchType":"unpaired","which":"first","trial_type":"numerosity-estimation","trial_index":69,"time_elapsed":654997,"subject_id":"76027"},{"rt":8964,"stimulus":57,"slider_start":100,"sprites":"mints","response":73,"absDeviation":9,"callibration":"test","block":3,"seed":57,"numerosity":64,"matchType":"paired","which":"first","trial_type":"numerosity-estimation","trial_index":70,"time_elapsed":663963,"subject_id":"76027"},{"rt":11324,"stimulus":57,"slider_start":100,"sprites":"mints","response":64,"absDeviation":0,"callibration":"test","block":3,"seed":57,"numerosity":64,"matchType":"paired","which":"second","trial_type":"numerosity-estimation","trial_index":71,"time_elapsed":675290,"subject_id":"76027"},{"rt":9220,"stimulus":59,"slider_start":100,"sprites":"buttons","response":144,"absDeviation":9,"callibration":"test","block":3,"seed":59,"numerosity":135,"matchType":"unpaired","which":"first","trial_type":"numerosity-estimation","trial_index":72,"time_elapsed":684513,"subject_id":"76027"},{"rt":9033,"stimulus":60,"slider_start":100,"sprites":"animalCrackers","response":150,"absDeviation":0,"callibration":"test","block":3,"seed":60,"numerosity":150,"matchType":"unpaired","which":"first","trial_type":"numerosity-estimation","trial_index":73,"time_elapsed":693550,"subject_id":"76027"},{"rt":11011,"stimulus":61,"slider_start":100,"sprites":"letters","response":57,"absDeviation":7,"callibration":"test","block":3,"seed":61,"numerosity":50,"matchType":"paired","which":"first","trial_type":"numerosity-estimation","trial_index":74,"time_elapsed":704563,"subject_id":"76027"},{"rt":7737,"stimulus":61,"slider_start":100,"sprites":"letters","response":49,"absDeviation":1,"callibration":"test","block":3,"seed":61,"numerosity":50,"matchType":"paired","which":"second","trial_type":"numerosity-estimation","trial_index":75,"time_elapsed":712304,"subject_id":"76027"},{"rt":5124,"stimulus":63,"slider_start":100,"sprites":"hearts","response":52,"absDeviation":12,"callibration":"test","block":3,"seed":63,"numerosity":64,"matchType":"unpaired","which":"first","trial_type":"numerosity-estimation","trial_index":76,"time_elapsed":717431,"subject_id":"76027"},{"rt":9671,"stimulus":64,"slider_start":100,"sprites":"crackers","response":126,"absDeviation":9,"callibration":"test","block":3,"seed":64,"numerosity":135,"matchType":"unpaired","which":"first","trial_type":"numerosity-estimation","trial_index":77,"time_elapsed":727105,"subject_id":"76027"},{"rt":8643,"stimulus":"<p> For the last block of trials, the average deviation of your guesses from correct answers was 6.</p>\n     <p>The smaller the deviation the better.  Your deviation was <b> AMAZINGLY good</b>.</p><br>\n       <p>Press any key to continue to the next block of trials</p>","response":" ","trial_type":"html-keyboard-response","trial_index":78,"time_elapsed":735751,"subject_id":"76027"},{"rt":6959,"stimulus":65,"slider_start":100,"sprites":"bears","response":102,"absDeviation":5,"callibration":"test","block":4,"seed":65,"numerosity":107,"matchType":"paired","which":"first","trial_type":"numerosity-estimation","trial_index":79,"time_elapsed":742714,"subject_id":"76027"},{"rt":7262,"stimulus":65,"slider_start":100,"sprites":"bears","response":91,"absDeviation":16,"callibration":"test","block":4,"seed":65,"numerosity":107,"matchType":"paired","which":"second","trial_type":"numerosity-estimation","trial_index":80,"time_elapsed":749979,"subject_id":"76027"},{"rt":6984,"stimulus":67,"slider_start":100,"sprites":"jellyBeans","response":94,"absDeviation":13,"callibration":"test","block":4,"seed":67,"numerosity":107,"matchType":"unpaired","which":"first","trial_type":"numerosity-estimation","trial_index":81,"time_elapsed":756966,"subject_id":"76027"},{"rt":7972,"stimulus":68,"slider_start":100,"sprites":"marbles","response":94,"absDeviation":56,"callibration":"test","block":4,"seed":68,"numerosity":150,"matchType":"unpaired","which":"first","trial_type":"numerosity-estimation","trial_index":82,"time_elapsed":764940,"subject_id":"76027"},{"rt":9458,"stimulus":69,"slider_start":100,"sprites":"mints","response":120,"absDeviation":1,"callibration":"test","block":4,"seed":69,"numerosity":121,"matchType":"paired","which":"first","trial_type":"numerosity-estimation","trial_index":83,"time_elapsed":774401,"subject_id":"76027"},{"rt":6615,"stimulus":69,"slider_start":100,"sprites":"mints","response":123,"absDeviation":2,"callibration":"test","block":4,"seed":69,"numerosity":121,"matchType":"paired","which":"second","trial_type":"numerosity-estimation","trial_index":84,"time_elapsed":781019,"subject_id":"76027"},{"rt":6731,"stimulus":71,"slider_start":100,"sprites":"buttons","response":141,"absDeviation":34,"callibration":"test","block":4,"seed":71,"numerosity":107,"matchType":"unpaired","which":"first","trial_type":"numerosity-estimation","trial_index":85,"time_elapsed":787753,"subject_id":"76027"},{"rt":10489,"stimulus":72,"slider_start":100,"sprites":"animalCrackers","response":46,"absDeviation":4,"callibration":"test","block":4,"seed":72,"numerosity":50,"matchType":"unpaired","which":"first","trial_type":"numerosity-estimation","trial_index":86,"time_elapsed":798246,"subject_id":"76027"},{"rt":6542,"stimulus":73,"slider_start":100,"sprites":"letters","response":51,"absDeviation":27,"callibration":"test","block":4,"seed":73,"numerosity":78,"matchType":"paired","which":"first","trial_type":"numerosity-estimation","trial_index":87,"time_elapsed":804791,"subject_id":"76027"},{"rt":6034,"stimulus":73,"slider_start":100,"sprites":"letters","response":60,"absDeviation":18,"callibration":"test","block":4,"seed":73,"numerosity":78,"matchType":"paired","which":"second","trial_type":"numerosity-estimation","trial_index":88,"time_elapsed":810829,"subject_id":"76027"},{"rt":6337,"stimulus":75,"slider_start":100,"sprites":"hearts","response":123,"absDeviation":31,"callibration":"test","block":4,"seed":75,"numerosity":92,"matchType":"unpaired","which":"first","trial_type":"numerosity-estimation","trial_index":89,"time_elapsed":817169,"subject_id":"76027"},{"rt":7623,"stimulus":76,"slider_start":100,"sprites":"crackers","response":78,"absDeviation":14,"callibration":"test","block":4,"seed":76,"numerosity":64,"matchType":"unpaired","which":"first","trial_type":"numerosity-estimation","trial_index":90,"time_elapsed":824796,"subject_id":"76027"},{"rt":6550,"stimulus":77,"slider_start":100,"sprites":"bears","response":138,"absDeviation":3,"callibration":"test","block":4,"seed":77,"numerosity":135,"matchType":"paired","which":"first","trial_type":"numerosity-estimation","trial_index":91,"time_elapsed":831349,"subject_id":"76027"},{"rt":6479,"stimulus":77,"slider_start":100,"sprites":"bears","response":142,"absDeviation":7,"callibration":"test","block":4,"seed":77,"numerosity":135,"matchType":"paired","which":"second","trial_type":"numerosity-estimation","trial_index":92,"time_elapsed":837831,"subject_id":"76027"},{"rt":8259,"stimulus":79,"slider_start":100,"sprites":"jellyBeans","response":53,"absDeviation":3,"callibration":"test","block":4,"seed":79,"numerosity":50,"matchType":"unpaired","which":"first","trial_type":"numerosity-estimation","trial_index":93,"time_elapsed":846092,"subject_id":"76027"},{"rt":6705,"stimulus":80,"slider_start":100,"sprites":"marbles","response":97,"absDeviation":24,"callibration":"test","block":4,"seed":80,"numerosity":121,"matchType":"unpaired","which":"first","trial_type":"numerosity-estimation","trial_index":94,"time_elapsed":852800,"subject_id":"76027"},{"rt":3969,"stimulus":"<p> For the last block of trials, the average deviation of your guesses from correct answers was 16.</p>\n     <p>The smaller the deviation the better.  Your deviation was <b> VERY good</b>.</p><br>\n       <p>Press any key to continue to the next block of trials</p>","response":" ","trial_type":"html-keyboard-response","trial_index":95,"time_elapsed":856771,"subject_id":"76027"},{"rt":6858,"stimulus":81,"slider_start":100,"sprites":"mints","response":114,"absDeviation":7,"callibration":"test","block":5,"seed":81,"numerosity":121,"matchType":"paired","which":"first","trial_type":"numerosity-estimation","trial_index":96,"time_elapsed":863632,"subject_id":"76027"},{"rt":5132,"stimulus":81,"slider_start":100,"sprites":"mints","response":116,"absDeviation":5,"callibration":"test","block":5,"seed":81,"numerosity":121,"matchType":"paired","which":"second","trial_type":"numerosity-estimation","trial_index":97,"time_elapsed":868768,"subject_id":"76027"},{"rt":6124,"stimulus":83,"slider_start":100,"sprites":"buttons","response":143,"absDeviation":22,"callibration":"test","block":5,"seed":83,"numerosity":121,"matchType":"unpaired","which":"first","trial_type":"numerosity-estimation","trial_index":98,"time_elapsed":874895,"subject_id":"76027"},{"rt":5142,"stimulus":84,"slider_start":100,"sprites":"animalCrackers","response":39,"absDeviation":11,"callibration":"test","block":5,"seed":84,"numerosity":50,"matchType":"unpaired","which":"first","trial_type":"numerosity-estimation","trial_index":99,"time_elapsed":880040,"subject_id":"76027"},{"rt":4436,"stimulus":85,"slider_start":100,"sprites":"letters","response":57,"absDeviation":7,"callibration":"test","block":5,"seed":85,"numerosity":64,"matchType":"paired","which":"first","trial_type":"numerosity-estimation","trial_index":100,"time_elapsed":884480,"subject_id":"76027"},{"rt":5149,"stimulus":85,"slider_start":100,"sprites":"letters","response":62,"absDeviation":2,"callibration":"test","block":5,"seed":85,"numerosity":64,"matchType":"paired","which":"second","trial_type":"numerosity-estimation","trial_index":101,"time_elapsed":889632,"subject_id":"76027"},{"rt":4346,"stimulus":87,"slider_start":100,"sprites":"hearts","response":75,"absDeviation":25,"callibration":"test","block":5,"seed":87,"numerosity":50,"matchType":"unpaired","which":"first","trial_type":"numerosity-estimation","trial_index":102,"time_elapsed":893981,"subject_id":"76027"},{"rt":3602,"stimulus":88,"slider_start":100,"sprites":"crackers","response":122,"absDeviation":13,"callibration":"test","block":5,"seed":88,"numerosity":135,"matchType":"unpaired","which":"first","trial_type":"numerosity-estimation","trial_index":103,"time_elapsed":897586,"subject_id":"76027"},{"rt":6779,"stimulus":89,"slider_start":100,"sprites":"bears","response":44,"absDeviation":6,"callibration":"test","block":5,"seed":89,"numerosity":50,"matchType":"paired","which":"first","trial_type":"numerosity-estimation","trial_index":104,"time_elapsed":904368,"subject_id":"76027"},{"rt":4133,"stimulus":89,"slider_start":100,"sprites":"bears","response":54,"absDeviation":4,"callibration":"test","block":5,"seed":89,"numerosity":50,"matchType":"paired","which":"second","trial_type":"numerosity-estimation","trial_index":105,"time_elapsed":908505,"subject_id":"76027"},{"rt":4174,"stimulus":91,"slider_start":100,"sprites":"jellyBeans","response":116,"absDeviation":24,"callibration":"test","block":5,"seed":91,"numerosity":92,"matchType":"unpaired","which":"first","trial_type":"numerosity-estimation","trial_index":106,"time_elapsed":912682,"subject_id":"76027"},{"rt":6272,"stimulus":92,"slider_start":100,"sprites":"marbles","response":119,"absDeviation":2,"callibration":"test","block":5,"seed":92,"numerosity":121,"matchType":"unpaired","which":"first","trial_type":"numerosity-estimation","trial_index":107,"time_elapsed":918957,"subject_id":"76027"},{"rt":6894,"stimulus":93,"slider_start":100,"sprites":"mints","response":108,"absDeviation":30,"callibration":"test","block":5,"seed":93,"numerosity":78,"matchType":"paired","which":"first","trial_type":"numerosity-estimation","trial_index":108,"time_elapsed":925854,"subject_id":"76027"},{"rt":5976,"stimulus":93,"slider_start":100,"sprites":"mints","response":110,"absDeviation":32,"callibration":"test","block":5,"seed":93,"numerosity":78,"matchType":"paired","which":"second","trial_type":"numerosity-estimation","trial_index":109,"time_elapsed":931834,"subject_id":"76027"},{"rt":6092,"stimulus":95,"slider_start":100,"sprites":"buttons","response":80,"absDeviation":16,"callibration":"test","block":5,"seed":95,"numerosity":64,"matchType":"unpaired","which":"first","trial_type":"numerosity-estimation","trial_index":110,"time_elapsed":937928,"subject_id":"76027"},{"rt":4036,"stimulus":96,"slider_start":100,"sprites":"animalCrackers","response":93,"absDeviation":1,"callibration":"test","block":5,"seed":96,"numerosity":92,"matchType":"unpaired","which":"first","trial_type":"numerosity-estimation","trial_index":111,"time_elapsed":941966,"subject_id":"76027"},{"rt":7306,"stimulus":"<p> For the last block of trials, the average deviation of your guesses from correct answers was 13.</p>\n     <p>The smaller the deviation the better.  Your deviation was <b> AMAZINGLY good</b>.</p><br>\n       <p>Press any key to continue to the next block of trials</p>","response":" ","trial_type":"html-keyboard-response","trial_index":112,"time_elapsed":949274,"subject_id":"76027"},{"rt":4906,"stimulus":2,"slider_start":100,"sprites":"butterflies","response":112,"absDeviation":23,"callibration":"test","block":6,"seed":2,"numerosity":135,"matchType":"paired","which":"first","trial_type":"numerosity-estimation","trial_index":113,"time_elapsed":954182,"subject_id":"76027"},{"rt":4815,"stimulus":2,"slider_start":100,"sprites":"butterflies","response":122,"absDeviation":13,"callibration":"test","block":6,"seed":2,"numerosity":135,"matchType":"paired","which":"second","trial_type":"numerosity-estimation","trial_index":114,"time_elapsed":959007,"subject_id":"76027"},{"rt":5223,"stimulus":3,"slider_start":100,"sprites":"hearts","response":64,"absDeviation":14,"callibration":"test","block":6,"seed":3,"numerosity":50,"matchType":"unpaired","which":"second","trial_type":"numerosity-estimation","trial_index":115,"time_elapsed":964233,"subject_id":"76027"},{"rt":3199,"stimulus":4,"slider_start":100,"sprites":"crackers","response":112,"absDeviation":5,"callibration":"test","block":6,"seed":4,"numerosity":107,"matchType":"unpaired","which":"second","trial_type":"numerosity-estimation","trial_index":116,"time_elapsed":967435,"subject_id":"76027"},{"rt":3830,"stimulus":6,"slider_start":100,"sprites":"fruits","response":113,"absDeviation":35,"callibration":"test","block":6,"seed":6,"numerosity":78,"matchType":"paired","which":"first","trial_type":"numerosity-estimation","trial_index":117,"time_elapsed":971268,"subject_id":"76027"},{"rt":6002,"stimulus":6,"slider_start":100,"sprites":"fruits","response":97,"absDeviation":19,"callibration":"test","block":6,"seed":6,"numerosity":78,"matchType":"paired","which":"second","trial_type":"numerosity-estimation","trial_index":118,"time_elapsed":977273,"subject_id":"76027"},{"rt":6518,"stimulus":7,"slider_start":100,"sprites":"jellyBeans","response":72,"absDeviation":22,"callibration":"test","block":6,"seed":7,"numerosity":50,"matchType":"unpaired","which":"second","trial_type":"numerosity-estimation","trial_index":119,"time_elapsed":983794,"subject_id":"76027"},{"rt":6287,"stimulus":8,"slider_start":100,"sprites":"marbles","response":104,"absDeviation":12,"callibration":"test","block":6,"seed":8,"numerosity":92,"matchType":"unpaired","which":"second","trial_type":"numerosity-estimation","trial_index":120,"time_elapsed":990084,"subject_id":"76027"},{"rt":8222,"stimulus":10,"slider_start":100,"sprites":"rocks","response":38,"absDeviation":12,"callibration":"test","block":6,"seed":10,"numerosity":50,"matchType":"paired","which":"first","trial_type":"numerosity-estimation","trial_index":121,"time_elapsed":998309,"subject_id":"76027"},{"rt":4436,"stimulus":10,"slider_start":100,"sprites":"rocks","response":48,"absDeviation":2,"callibration":"test","block":6,"seed":10,"numerosity":50,"matchType":"paired","which":"second","trial_type":"numerosity-estimation","trial_index":122,"time_elapsed":1002748,"subject_id":"76027"},{"rt":5428,"stimulus":11,"slider_start":100,"sprites":"buttons","response":118,"absDeviation":11,"callibration":"test","block":6,"seed":11,"numerosity":107,"matchType":"unpaired","which":"second","trial_type":"numerosity-estimation","trial_index":123,"time_elapsed":1008180,"subject_id":"76027"},{"rt":6575,"stimulus":12,"slider_start":100,"sprites":"animalCrackers","response":121,"absDeviation":29,"callibration":"test","block":6,"seed":12,"numerosity":92,"matchType":"unpaired","which":"second","trial_type":"numerosity-estimation","trial_index":124,"time_elapsed":1014757,"subject_id":"76027"},{"rt":5444,"stimulus":14,"slider_start":100,"sprites":"butterflies","response":122,"absDeviation":28,"callibration":"test","block":6,"seed":14,"numerosity":150,"matchType":"paired","which":"first","trial_type":"numerosity-estimation","trial_index":125,"time_elapsed":1020204,"subject_id":"76027"},{"rt":4315,"stimulus":14,"slider_start":100,"sprites":"butterflies","response":128,"absDeviation":22,"callibration":"test","block":6,"seed":14,"numerosity":150,"matchType":"paired","which":"second","trial_type":"numerosity-estimation","trial_index":126,"time_elapsed":1024521,"subject_id":"76027"},{"rt":4117,"stimulus":15,"slider_start":100,"sprites":"hearts","response":122,"absDeviation":1,"callibration":"test","block":6,"seed":15,"numerosity":121,"matchType":"unpaired","which":"second","trial_type":"numerosity-estimation","trial_index":127,"time_elapsed":1028641,"subject_id":"76027"},{"rt":8074,"stimulus":16,"slider_start":100,"sprites":"crackers","response":61,"absDeviation":3,"callibration":"test","block":6,"seed":16,"numerosity":64,"matchType":"unpaired","which":"second","trial_type":"numerosity-estimation","trial_index":128,"time_elapsed":1036718,"subject_id":"76027"},{"rt":12112,"stimulus":"<p> For the last block of trials, the average deviation of your guesses from correct answers was 16.</p>\n     <p>The smaller the deviation the better.  Your deviation was <b> VERY good</b>.</p><br>\n       <p>Press any key to continue to the next block of trials</p>","response":" ","trial_type":"html-keyboard-response","trial_index":129,"time_elapsed":1048832,"subject_id":"76027"},{"rt":6637,"stimulus":18,"slider_start":100,"sprites":"fruits","response":117,"absDeviation":10,"callibration":"test","block":7,"seed":18,"numerosity":107,"matchType":"paired","which":"first","trial_type":"numerosity-estimation","trial_index":130,"time_elapsed":1055470,"subject_id":"76027"},{"rt":3108,"stimulus":18,"slider_start":100,"sprites":"fruits","response":117,"absDeviation":10,"callibration":"test","block":7,"seed":18,"numerosity":107,"matchType":"paired","which":"second","trial_type":"numerosity-estimation","trial_index":131,"time_elapsed":1058581,"subject_id":"76027"},{"rt":5059,"stimulus":19,"slider_start":100,"sprites":"jellyBeans","response":137,"absDeviation":2,"callibration":"test","block":7,"seed":19,"numerosity":135,"matchType":"unpaired","which":"second","trial_type":"numerosity-estimation","trial_index":132,"time_elapsed":1063644,"subject_id":"76027"},{"rt":6344,"stimulus":20,"slider_start":100,"sprites":"marbles","response":41,"absDeviation":37,"callibration":"test","block":7,"seed":20,"numerosity":78,"matchType":"unpaired","which":"second","trial_type":"numerosity-estimation","trial_index":133,"time_elapsed":1069991,"subject_id":"76027"},{"rt":6034,"stimulus":22,"slider_start":100,"sprites":"rocks","response":53,"absDeviation":39,"callibration":"test","block":7,"seed":22,"numerosity":92,"matchType":"paired","which":"first","trial_type":"numerosity-estimation","trial_index":134,"time_elapsed":1076028,"subject_id":"76027"},{"rt":4477,"stimulus":22,"slider_start":100,"sprites":"rocks","response":57,"absDeviation":35,"callibration":"test","block":7,"seed":22,"numerosity":92,"matchType":"paired","which":"second","trial_type":"numerosity-estimation","trial_index":135,"time_elapsed":1080508,"subject_id":"76027"},{"rt":6274,"stimulus":23,"slider_start":100,"sprites":"buttons","response":148,"absDeviation":2,"callibration":"test","block":7,"seed":23,"numerosity":150,"matchType":"unpaired","which":"second","trial_type":"numerosity-estimation","trial_index":136,"time_elapsed":1086785,"subject_id":"76027"},{"rt":4813,"stimulus":24,"slider_start":100,"sprites":"animalCrackers","response":104,"absDeviation":3,"callibration":"test","block":7,"seed":24,"numerosity":107,"matchType":"unpaired","which":"second","trial_type":"numerosity-estimation","trial_index":137,"time_elapsed":1091600,"subject_id":"76027"},{"rt":4527,"stimulus":26,"slider_start":100,"sprites":"butterflies","response":63,"absDeviation":29,"callibration":"test","block":7,"seed":26,"numerosity":92,"matchType":"paired","which":"first","trial_type":"numerosity-estimation","trial_index":138,"time_elapsed":1096129,"subject_id":"76027"},{"rt":3994,"stimulus":26,"slider_start":100,"sprites":"butterflies","response":53,"absDeviation":39,"callibration":"test","block":7,"seed":26,"numerosity":92,"matchType":"paired","which":"second","trial_type":"numerosity-estimation","trial_index":139,"time_elapsed":1100126,"subject_id":"76027"},{"rt":4349,"stimulus":27,"slider_start":100,"sprites":"hearts","response":87,"absDeviation":34,"callibration":"test","block":7,"seed":27,"numerosity":121,"matchType":"unpaired","which":"second","trial_type":"numerosity-estimation","trial_index":140,"time_elapsed":1104476,"subject_id":"76027"},{"rt":2881,"stimulus":28,"slider_start":100,"sprites":"crackers","response":108,"absDeviation":42,"callibration":"test","block":7,"seed":28,"numerosity":150,"matchType":"unpaired","which":"second","trial_type":"numerosity-estimation","trial_index":141,"time_elapsed":1107360,"subject_id":"76027"},{"rt":3397,"stimulus":30,"slider_start":100,"sprites":"fruits","response":113,"absDeviation":6,"callibration":"test","block":7,"seed":30,"numerosity":107,"matchType":"paired","which":"first","trial_type":"numerosity-estimation","trial_index":142,"time_elapsed":1110759,"subject_id":"76027"},{"rt":3200,"stimulus":30,"slider_start":100,"sprites":"fruits","response":117,"absDeviation":10,"callibration":"test","block":7,"seed":30,"numerosity":107,"matchType":"paired","which":"second","trial_type":"numerosity-estimation","trial_index":143,"time_elapsed":1113962,"subject_id":"76027"},{"rt":3994,"stimulus":31,"slider_start":100,"sprites":"jellyBeans","response":124,"absDeviation":26,"callibration":"test","block":7,"seed":31,"numerosity":150,"matchType":"unpaired","which":"second","trial_type":"numerosity-estimation","trial_index":144,"time_elapsed":1117960,"subject_id":"76027"},{"rt":4862,"stimulus":32,"slider_start":100,"sprites":"marbles","response":90,"absDeviation":45,"callibration":"test","block":7,"seed":32,"numerosity":135,"matchType":"unpaired","which":"second","trial_type":"numerosity-estimation","trial_index":145,"time_elapsed":1122825,"subject_id":"76027"},{"rt":6039,"stimulus":"<p> For the last block of trials, the average deviation of your guesses from correct answers was 23.</p>\n     <p>The smaller the deviation the better.  Your deviation was <b> VERY good</b>.</p><br>\n       <p>Press any key to continue to the next block of trials</p>","response":" ","trial_type":"html-keyboard-response","trial_index":146,"time_elapsed":1128866,"subject_id":"76027"},{"rt":6223,"stimulus":34,"slider_start":100,"sprites":"rocks","response":66,"absDeviation":16,"callibration":"test","block":8,"seed":34,"numerosity":50,"matchType":"paired","which":"first","trial_type":"numerosity-estimation","trial_index":147,"time_elapsed":1135093,"subject_id":"76027"},{"rt":3674,"stimulus":34,"slider_start":100,"sprites":"rocks","response":58,"absDeviation":8,"callibration":"test","block":8,"seed":34,"numerosity":50,"matchType":"paired","which":"second","trial_type":"numerosity-estimation","trial_index":148,"time_elapsed":1138770,"subject_id":"76027"},{"rt":5223,"stimulus":35,"slider_start":100,"sprites":"buttons","response":85,"absDeviation":7,"callibration":"test","block":8,"seed":35,"numerosity":78,"matchType":"unpaired","which":"second","trial_type":"numerosity-estimation","trial_index":149,"time_elapsed":1143997,"subject_id":"76027"},{"rt":6976,"stimulus":36,"slider_start":100,"sprites":"animalCrackers","response":61,"absDeviation":11,"callibration":"test","block":8,"seed":36,"numerosity":50,"matchType":"unpaired","which":"second","trial_type":"numerosity-estimation","trial_index":150,"time_elapsed":1150975,"subject_id":"76027"},{"rt":7134,"stimulus":38,"slider_start":100,"sprites":"butterflies","response":71,"absDeviation":7,"callibration":"test","block":8,"seed":38,"numerosity":78,"matchType":"paired","which":"first","trial_type":"numerosity-estimation","trial_index":151,"time_elapsed":1158111,"subject_id":"76027"},{"rt":6492,"stimulus":38,"slider_start":100,"sprites":"butterflies","response":74,"absDeviation":4,"callibration":"test","block":8,"seed":38,"numerosity":78,"matchType":"paired","which":"second","trial_type":"numerosity-estimation","trial_index":152,"time_elapsed":1164606,"subject_id":"76027"},{"rt":5633,"stimulus":39,"slider_start":100,"sprites":"hearts","response":92,"absDeviation":14,"callibration":"test","block":8,"seed":39,"numerosity":78,"matchType":"unpaired","which":"second","trial_type":"numerosity-estimation","trial_index":153,"time_elapsed":1170242,"subject_id":"76027"},{"rt":3617,"stimulus":40,"slider_start":100,"sprites":"crackers","response":104,"absDeviation":17,"callibration":"test","block":8,"seed":40,"numerosity":121,"matchType":"unpaired","which":"second","trial_type":"numerosity-estimation","trial_index":154,"time_elapsed":1173862,"subject_id":"76027"},{"rt":4667,"stimulus":42,"slider_start":100,"sprites":"fruits","response":104,"absDeviation":26,"callibration":"test","block":8,"seed":42,"numerosity":78,"matchType":"paired","which":"first","trial_type":"numerosity-estimation","trial_index":155,"time_elapsed":1178533,"subject_id":"76027"},{"rt":3413,"stimulus":42,"slider_start":100,"sprites":"fruits","response":110,"absDeviation":32,"callibration":"test","block":8,"seed":42,"numerosity":78,"matchType":"paired","which":"second","trial_type":"numerosity-estimation","trial_index":156,"time_elapsed":1181949,"subject_id":"76027"},{"rt":6788,"stimulus":43,"slider_start":100,"sprites":"jellyBeans","response":52,"absDeviation":12,"callibration":"test","block":8,"seed":43,"numerosity":64,"matchType":"unpaired","which":"second","trial_type":"numerosity-estimation","trial_index":157,"time_elapsed":1188739,"subject_id":"76027"},{"rt":5232,"stimulus":44,"slider_start":100,"sprites":"marbles","response":108,"absDeviation":13,"callibration":"test","block":8,"seed":44,"numerosity":121,"matchType":"unpaired","which":"second","trial_type":"numerosity-estimation","trial_index":158,"time_elapsed":1193975,"subject_id":"76027"},{"rt":4534,"stimulus":46,"slider_start":100,"sprites":"rocks","response":93,"absDeviation":14,"callibration":"test","block":8,"seed":46,"numerosity":107,"matchType":"paired","which":"first","trial_type":"numerosity-estimation","trial_index":159,"time_elapsed":1198512,"subject_id":"76027"},{"rt":11543,"stimulus":46,"slider_start":100,"sprites":"rocks","response":100,"absDeviation":7,"callibration":"test","block":8,"seed":46,"numerosity":107,"matchType":"paired","which":"second","trial_type":"numerosity-estimation","trial_index":160,"time_elapsed":1210058,"subject_id":"76027"},{"rt":8705,"stimulus":47,"slider_start":100,"sprites":"buttons","response":137,"absDeviation":16,"callibration":"test","block":8,"seed":47,"numerosity":121,"matchType":"unpaired","which":"second","trial_type":"numerosity-estimation","trial_index":161,"time_elapsed":1218767,"subject_id":"76027"},{"rt":6804,"stimulus":48,"slider_start":100,"sprites":"animalCrackers","response":140,"absDeviation":5,"callibration":"test","block":8,"seed":48,"numerosity":135,"matchType":"unpaired","which":"second","trial_type":"numerosity-estimation","trial_index":162,"time_elapsed":1225574,"subject_id":"76027"},{"rt":4942,"stimulus":"<p> For the last block of trials, the average deviation of your guesses from correct answers was 13.</p>\n     <p>The smaller the deviation the better.  Your deviation was <b> AMAZINGLY good</b>.</p><br>\n       <p>Press any key to continue to the next block of trials</p>","response":" ","trial_type":"html-keyboard-response","trial_index":163,"time_elapsed":1230518,"subject_id":"76027"},{"rt":4029,"stimulus":50,"slider_start":100,"sprites":"butterflies","response":128,"absDeviation":22,"callibration":"test","block":9,"seed":50,"numerosity":150,"matchType":"paired","which":"first","trial_type":"numerosity-estimation","trial_index":164,"time_elapsed":1234550,"subject_id":"76027"},{"rt":3184,"stimulus":50,"slider_start":100,"sprites":"butterflies","response":129,"absDeviation":21,"callibration":"test","block":9,"seed":50,"numerosity":150,"matchType":"paired","which":"second","trial_type":"numerosity-estimation","trial_index":165,"time_elapsed":1237737,"subject_id":"76027"},{"rt":3741,"stimulus":51,"slider_start":100,"sprites":"hearts","response":144,"absDeviation":6,"callibration":"test","block":9,"seed":51,"numerosity":150,"matchType":"unpaired","which":"second","trial_type":"numerosity-estimation","trial_index":166,"time_elapsed":1241481,"subject_id":"76027"},{"rt":4109,"stimulus":52,"slider_start":100,"sprites":"crackers","response":95,"absDeviation":17,"callibration":"test","block":9,"seed":52,"numerosity":78,"matchType":"unpaired","which":"second","trial_type":"numerosity-estimation","trial_index":167,"time_elapsed":1245593,"subject_id":"76027"},{"rt":5175,"stimulus":54,"slider_start":100,"sprites":"fruits","response":109,"absDeviation":17,"callibration":"test","block":9,"seed":54,"numerosity":92,"matchType":"paired","which":"first","trial_type":"numerosity-estimation","trial_index":168,"time_elapsed":1250771,"subject_id":"76027"},{"rt":3241,"stimulus":54,"slider_start":100,"sprites":"fruits","response":96,"absDeviation":4,"callibration":"test","block":9,"seed":54,"numerosity":92,"matchType":"paired","which":"second","trial_type":"numerosity-estimation","trial_index":169,"time_elapsed":1254015,"subject_id":"76027"},{"rt":6911,"stimulus":55,"slider_start":100,"sprites":"jellyBeans","response":95,"absDeviation":26,"callibration":"test","block":9,"seed":55,"numerosity":121,"matchType":"unpaired","which":"second","trial_type":"numerosity-estimation","trial_index":170,"time_elapsed":1260929,"subject_id":"76027"},{"rt":4920,"stimulus":56,"slider_start":100,"sprites":"marbles","response":44,"absDeviation":20,"callibration":"test","block":9,"seed":56,"numerosity":64,"matchType":"unpaired","which":"second","trial_type":"numerosity-estimation","trial_index":171,"time_elapsed":1265853,"subject_id":"76027"},{"rt":5552,"stimulus":58,"slider_start":100,"sprites":"rocks","response":106,"absDeviation":15,"callibration":"test","block":9,"seed":58,"numerosity":121,"matchType":"paired","which":"first","trial_type":"numerosity-estimation","trial_index":172,"time_elapsed":1271408,"subject_id":"76027"},{"rt":2995,"stimulus":58,"slider_start":100,"sprites":"rocks","response":113,"absDeviation":8,"callibration":"test","block":9,"seed":58,"numerosity":121,"matchType":"paired","which":"second","trial_type":"numerosity-estimation","trial_index":173,"time_elapsed":1274406,"subject_id":"76027"},{"rt":7420,"stimulus":59,"slider_start":100,"sprites":"buttons","response":132,"absDeviation":3,"callibration":"test","block":9,"seed":59,"numerosity":135,"matchType":"unpaired","which":"second","trial_type":"numerosity-estimation","trial_index":174,"time_elapsed":1281829,"subject_id":"76027"},{"rt":4199,"stimulus":60,"slider_start":100,"sprites":"animalCrackers","response":131,"absDeviation":19,"callibration":"test","block":9,"seed":60,"numerosity":150,"matchType":"unpaired","which":"second","trial_type":"numerosity-estimation","trial_index":175,"time_elapsed":1286031,"subject_id":"76027"},{"rt":4257,"stimulus":62,"slider_start":100,"sprites":"butterflies","response":94,"absDeviation":41,"callibration":"test","block":9,"seed":62,"numerosity":135,"matchType":"paired","which":"first","trial_type":"numerosity-estimation","trial_index":176,"time_elapsed":1290292,"subject_id":"76027"},{"rt":3727,"stimulus":62,"slider_start":100,"sprites":"butterflies","response":116,"absDeviation":19,"callibration":"test","block":9,"seed":62,"numerosity":135,"matchType":"paired","which":"second","trial_type":"numerosity-estimation","trial_index":177,"time_elapsed":1294027,"subject_id":"76027"},{"rt":5118,"stimulus":63,"slider_start":100,"sprites":"hearts","response":63,"absDeviation":1,"callibration":"test","block":9,"seed":63,"numerosity":64,"matchType":"unpaired","which":"second","trial_type":"numerosity-estimation","trial_index":178,"time_elapsed":1299148,"subject_id":"76027"},{"rt":3930,"stimulus":64,"slider_start":100,"sprites":"crackers","response":110,"absDeviation":25,"callibration":"test","block":9,"seed":64,"numerosity":135,"matchType":"unpaired","which":"second","trial_type":"numerosity-estimation","trial_index":179,"time_elapsed":1303080,"subject_id":"76027"},{"rt":2009,"stimulus":"<p> For the last block of trials, the average deviation of your guesses from correct answers was 17.</p>\n     <p>The smaller the deviation the better.  Your deviation was <b> VERY good</b>.</p><br>\n       <p>Press any key to continue to the next block of trials</p>","response":" ","trial_type":"html-keyboard-response","trial_index":180,"time_elapsed":1305091,"subject_id":"76027"},{"rt":9146,"stimulus":66,"slider_start":100,"sprites":"fruits","response":72,"absDeviation":8,"callibration":"test","block":10,"seed":66,"numerosity":64,"matchType":"paired","which":"first","trial_type":"numerosity-estimation","trial_index":181,"time_elapsed":1314239,"subject_id":"76027"},{"rt":3625,"stimulus":66,"slider_start":100,"sprites":"fruits","response":81,"absDeviation":17,"callibration":"test","block":10,"seed":66,"numerosity":64,"matchType":"paired","which":"second","trial_type":"numerosity-estimation","trial_index":182,"time_elapsed":1317868,"subject_id":"76027"},{"rt":3029,"stimulus":67,"slider_start":100,"sprites":"jellyBeans","response":109,"absDeviation":2,"callibration":"test","block":10,"seed":67,"numerosity":107,"matchType":"unpaired","which":"second","trial_type":"numerosity-estimation","trial_index":183,"time_elapsed":1320899,"subject_id":"76027"},{"rt":3528,"stimulus":68,"slider_start":100,"sprites":"marbles","response":122,"absDeviation":28,"callibration":"test","block":10,"seed":68,"numerosity":150,"matchType":"unpaired","which":"second","trial_type":"numerosity-estimation","trial_index":184,"time_elapsed":1324430,"subject_id":"76027"},{"rt":3781,"stimulus":70,"slider_start":100,"sprites":"rocks","response":122,"absDeviation":30,"callibration":"test","block":10,"seed":70,"numerosity":92,"matchType":"paired","which":"first","trial_type":"numerosity-estimation","trial_index":185,"time_elapsed":1328215,"subject_id":"76027"},{"rt":4175,"stimulus":70,"slider_start":100,"sprites":"rocks","response":108,"absDeviation":16,"callibration":"test","block":10,"seed":70,"numerosity":92,"matchType":"paired","which":"second","trial_type":"numerosity-estimation","trial_index":186,"time_elapsed":1332393,"subject_id":"76027"},{"rt":4405,"stimulus":71,"slider_start":100,"sprites":"buttons","response":129,"absDeviation":22,"callibration":"test","block":10,"seed":71,"numerosity":107,"matchType":"unpaired","which":"second","trial_type":"numerosity-estimation","trial_index":187,"time_elapsed":1336801,"subject_id":"76027"},{"rt":8641,"stimulus":72,"slider_start":100,"sprites":"animalCrackers","response":57,"absDeviation":7,"callibration":"test","block":10,"seed":72,"numerosity":50,"matchType":"unpaired","which":"second","trial_type":"numerosity-estimation","trial_index":188,"time_elapsed":1345445,"subject_id":"76027"},{"rt":5355,"stimulus":74,"slider_start":100,"sprites":"butterflies","response":38,"absDeviation":26,"callibration":"test","block":10,"seed":74,"numerosity":64,"matchType":"paired","which":"first","trial_type":"numerosity-estimation","trial_index":189,"time_elapsed":1350803,"subject_id":"76027"},{"rt":4856,"stimulus":74,"slider_start":100,"sprites":"butterflies","response":46,"absDeviation":18,"callibration":"test","block":10,"seed":74,"numerosity":64,"matchType":"paired","which":"second","trial_type":"numerosity-estimation","trial_index":190,"time_elapsed":1355662,"subject_id":"76027"},{"rt":3159,"stimulus":75,"slider_start":100,"sprites":"hearts","response":112,"absDeviation":20,"callibration":"test","block":10,"seed":75,"numerosity":92,"matchType":"unpaired","which":"second","trial_type":"numerosity-estimation","trial_index":191,"time_elapsed":1358824,"subject_id":"76027"},{"rt":4732,"stimulus":76,"slider_start":100,"sprites":"crackers","response":76,"absDeviation":12,"callibration":"test","block":10,"seed":76,"numerosity":64,"matchType":"unpaired","which":"second","trial_type":"numerosity-estimation","trial_index":192,"time_elapsed":1363559,"subject_id":"76027"},{"rt":6829,"stimulus":78,"slider_start":100,"sprites":"fruits","response":88,"absDeviation":24,"callibration":"test","block":10,"seed":78,"numerosity":64,"matchType":"paired","which":"first","trial_type":"numerosity-estimation","trial_index":193,"time_elapsed":1370392,"subject_id":"76027"},{"rt":2913,"stimulus":78,"slider_start":100,"sprites":"fruits","response":91,"absDeviation":27,"callibration":"test","block":10,"seed":78,"numerosity":64,"matchType":"paired","which":"second","trial_type":"numerosity-estimation","trial_index":194,"time_elapsed":1373309,"subject_id":"76027"},{"rt":5290,"stimulus":79,"slider_start":100,"sprites":"jellyBeans","response":52,"absDeviation":2,"callibration":"test","block":10,"seed":79,"numerosity":50,"matchType":"unpaired","which":"second","trial_type":"numerosity-estimation","trial_index":195,"time_elapsed":1378601,"subject_id":"76027"},{"rt":4019,"stimulus":80,"slider_start":100,"sprites":"marbles","response":105,"absDeviation":16,"callibration":"test","block":10,"seed":80,"numerosity":121,"matchType":"unpaired","which":"second","trial_type":"numerosity-estimation","trial_index":196,"time_elapsed":1382624,"subject_id":"76027"},{"rt":2215,"stimulus":"<p> For the last block of trials, the average deviation of your guesses from correct answers was 17.</p>\n     <p>The smaller the deviation the better.  Your deviation was <b> VERY good</b>.</p><br>\n       <p>Press any key to continue to the next block of trials</p>","response":" ","trial_type":"html-keyboard-response","trial_index":197,"time_elapsed":1384841,"subject_id":"76027"},{"rt":4139,"stimulus":82,"slider_start":100,"sprites":"rocks","response":98,"absDeviation":34,"callibration":"test","block":11,"seed":82,"numerosity":64,"matchType":"paired","which":"first","trial_type":"numerosity-estimation","trial_index":198,"time_elapsed":1388984,"subject_id":"76027"},{"rt":4691,"stimulus":82,"slider_start":100,"sprites":"rocks","response":93,"absDeviation":29,"callibration":"test","block":11,"seed":82,"numerosity":64,"matchType":"paired","which":"second","trial_type":"numerosity-estimation","trial_index":199,"time_elapsed":1393678,"subject_id":"76027"},{"rt":5273,"stimulus":83,"slider_start":100,"sprites":"buttons","response":137,"absDeviation":16,"callibration":"test","block":11,"seed":83,"numerosity":121,"matchType":"unpaired","which":"second","trial_type":"numerosity-estimation","trial_index":200,"time_elapsed":1398955,"subject_id":"76027"},{"rt":4380,"stimulus":84,"slider_start":100,"sprites":"animalCrackers","response":53,"absDeviation":3,"callibration":"test","block":11,"seed":84,"numerosity":50,"matchType":"unpaired","which":"second","trial_type":"numerosity-estimation","trial_index":201,"time_elapsed":1403338,"subject_id":"76027"},{"rt":4487,"stimulus":86,"slider_start":100,"sprites":"butterflies","response":119,"absDeviation":2,"callibration":"test","block":11,"seed":86,"numerosity":121,"matchType":"paired","which":"first","trial_type":"numerosity-estimation","trial_index":202,"time_elapsed":1407828,"subject_id":"76027"},{"rt":3429,"stimulus":86,"slider_start":100,"sprites":"butterflies","response":125,"absDeviation":4,"callibration":"test","block":11,"seed":86,"numerosity":121,"matchType":"paired","which":"second","trial_type":"numerosity-estimation","trial_index":203,"time_elapsed":1411260,"subject_id":"76027"},{"rt":3520,"stimulus":87,"slider_start":100,"sprites":"hearts","response":88,"absDeviation":38,"callibration":"test","block":11,"seed":87,"numerosity":50,"matchType":"unpaired","which":"second","trial_type":"numerosity-estimation","trial_index":204,"time_elapsed":1414783,"subject_id":"76027"},{"rt":4126,"stimulus":88,"slider_start":100,"sprites":"crackers","response":134,"absDeviation":1,"callibration":"test","block":11,"seed":88,"numerosity":135,"matchType":"unpaired","which":"second","trial_type":"numerosity-estimation","trial_index":205,"time_elapsed":1418912,"subject_id":"76027"},{"rt":3176,"stimulus":90,"slider_start":100,"sprites":"fruits","response":137,"absDeviation":13,"callibration":"test","block":11,"seed":90,"numerosity":150,"matchType":"paired","which":"first","trial_type":"numerosity-estimation","trial_index":206,"time_elapsed":1422091,"subject_id":"76027"},{"rt":3315,"stimulus":90,"slider_start":100,"sprites":"fruits","response":141,"absDeviation":9,"callibration":"test","block":11,"seed":90,"numerosity":150,"matchType":"paired","which":"second","trial_type":"numerosity-estimation","trial_index":207,"time_elapsed":1425408,"subject_id":"76027"},{"rt":7141,"stimulus":91,"slider_start":100,"sprites":"jellyBeans","response":110,"absDeviation":18,"callibration":"test","block":11,"seed":91,"numerosity":92,"matchType":"unpaired","which":"second","trial_type":"numerosity-estimation","trial_index":208,"time_elapsed":1432552,"subject_id":"76027"},{"rt":3266,"stimulus":92,"slider_start":100,"sprites":"marbles","response":115,"absDeviation":6,"callibration":"test","block":11,"seed":92,"numerosity":121,"matchType":"unpaired","which":"second","trial_type":"numerosity-estimation","trial_index":209,"time_elapsed":1435821,"subject_id":"76027"},{"rt":3315,"stimulus":94,"slider_start":100,"sprites":"rocks","response":108,"absDeviation":30,"callibration":"test","block":11,"seed":94,"numerosity":78,"matchType":"paired","which":"first","trial_type":"numerosity-estimation","trial_index":210,"time_elapsed":1439139,"subject_id":"76027"},{"rt":5674,"stimulus":94,"slider_start":100,"sprites":"rocks","response":99,"absDeviation":21,"callibration":"test","block":11,"seed":94,"numerosity":78,"matchType":"paired","which":"second","trial_type":"numerosity-estimation","trial_index":211,"time_elapsed":1444817,"subject_id":"76027"},{"rt":7091,"stimulus":95,"slider_start":100,"sprites":"buttons","response":80,"absDeviation":16,"callibration":"test","block":11,"seed":95,"numerosity":64,"matchType":"unpaired","which":"second","trial_type":"numerosity-estimation","trial_index":212,"time_elapsed":1451911,"subject_id":"76027"},{"rt":3325,"stimulus":96,"slider_start":100,"sprites":"animalCrackers","response":115,"absDeviation":23,"callibration":"test","block":11,"seed":96,"numerosity":92,"matchType":"unpaired","which":"second","trial_type":"numerosity-estimation","trial_index":213,"time_elapsed":1455238,"subject_id":"76027"},{"rt":2298,"stimulus":"<p> For the last block of trials, the average deviation of your guesses from correct answers was 16.</p>\n     <p>The smaller the deviation the better.  Your deviation was <b> VERY good</b>.</p><br>\n       <p>Press any key to continue to the next block of trials</p>","response":" ","trial_type":"html-keyboard-response","trial_index":214,"time_elapsed":1457538,"subject_id":"76027"},{"rt":32428,"response":{"averageEstimates":"When the two displays occured back-to-back, in immediate succession.","firstOrSecond":"The second time the objects were shown"},"question_order":[0,1],"trial_type":"survey-multi-choice","trial_index":215,"time_elapsed":1489971,"subject_id":"76027"}]