[{"rt":15204,"url":"consent.html","trial_type":"external-html","trial_index":0,"time_elapsed":15264,"subject_id":"78782"},{"view_history":[{"page_index":0,"viewing_time":9308}],"rt":9308,"trial_type":"instructions","trial_index":1,"time_elapsed":24575,"subject_id":"78782"},{"rt":16475,"stimulus":0,"slider_start":100,"sprites":"animalCrackers","response":101,"absDeviation":51,"callibration":"callibration","block":-1,"seed":0,"numerosity":50,"matchType":"callibration","which":"first","trial_type":"numerosity-estimation","trial_index":2,"time_elapsed":41064,"subject_id":"78782"},{"rt":9075,"stimulus":1,"slider_start":100,"sprites":"letters","response":100,"absDeviation":36,"callibration":"callibration","block":-1,"seed":1,"numerosity":64,"matchType":"callibration","which":"first","trial_type":"numerosity-estimation","trial_index":3,"time_elapsed":50145,"subject_id":"78782"},{"rt":2374,"stimulus":2,"slider_start":100,"sprites":"butterflies","response":100,"absDeviation":22,"callibration":"callibration","block":-1,"seed":2,"numerosity":78,"matchType":"callibration","which":"first","trial_type":"numerosity-estimation","trial_index":4,"time_elapsed":52524,"subject_id":"78782"},{"rt":13834,"stimulus":3,"slider_start":100,"sprites":"hearts","response":60,"absDeviation":32,"callibration":"callibration","block":-1,"seed":3,"numerosity":92,"matchType":"callibration","which":"first","trial_type":"numerosity-estimation","trial_index":5,"time_elapsed":66363,"subject_id":"78782"},{"rt":7642,"stimulus":4,"slider_start":100,"sprites":"crackers","response":100,"absDeviation":7,"callibration":"callibration","block":-1,"seed":4,"numerosity":107,"matchType":"callibration","which":"first","trial_type":"numerosity-estimation","trial_index":6,"time_elapsed":74010,"subject_id":"78782"},{"rt":8742,"stimulus":5,"slider_start":100,"sprites":"bears","response":121,"absDeviation":0,"callibration":"callibration","block":-1,"seed":5,"numerosity":121,"matchType":"callibration","which":"first","trial_type":"numerosity-estimation","trial_index":7,"time_elapsed":82756,"subject_id":"78782"},{"rt":9655,"stimulus":6,"slider_start":100,"sprites":"fruits","response":142,"absDeviation":7,"callibration":"callibration","block":-1,"seed":6,"numerosity":135,"matchType":"callibration","which":"first","trial_type":"numerosity-estimation","trial_index":8,"time_elapsed":92416,"subject_id":"78782"},{"rt":10717,"stimulus":7,"slider_start":100,"sprites":"jellyBeans","response":146,"absDeviation":4,"callibration":"callibration","block":-1,"seed":7,"numerosity":150,"matchType":"callibration","which":"first","trial_type":"numerosity-estimation","trial_index":9,"time_elapsed":103137,"subject_id":"78782"},{"view_history":[{"page_index":0,"viewing_time":12724}],"rt":12725,"trial_type":"instructions","trial_index":10,"time_elapsed":115863,"subject_id":"78782"},{"rt":8050,"stimulus":1,"slider_start":100,"sprites":"letters","response":81,"absDeviation":11,"callibration":"test","block":0,"seed":1,"numerosity":92,"matchType":"paired","which":"first","trial_type":"numerosity-estimation","trial_index":11,"time_elapsed":123916,"subject_id":"78782"},{"rt":6945,"stimulus":1,"slider_start":100,"sprites":"letters","response":65,"absDeviation":27,"callibration":"test","block":0,"seed":1,"numerosity":92,"matchType":"paired","which":"second","trial_type":"numerosity-estimation","trial_index":12,"time_elapsed":130865,"subject_id":"78782"},{"rt":3923,"stimulus":3,"slider_start":100,"sprites":"hearts","response":45,"absDeviation":5,"callibration":"test","block":0,"seed":3,"numerosity":50,"matchType":"unpaired","which":"first","trial_type":"numerosity-estimation","trial_index":13,"time_elapsed":134791,"subject_id":"78782"},{"rt":4417,"stimulus":4,"slider_start":100,"sprites":"crackers","response":113,"absDeviation":6,"callibration":"test","block":0,"seed":4,"numerosity":107,"matchType":"unpaired","which":"first","trial_type":"numerosity-estimation","trial_index":14,"time_elapsed":139212,"subject_id":"78782"},{"rt":4879,"stimulus":5,"slider_start":100,"sprites":"bears","response":38,"absDeviation":12,"callibration":"test","block":0,"seed":5,"numerosity":50,"matchType":"paired","which":"first","trial_type":"numerosity-estimation","trial_index":15,"time_elapsed":144095,"subject_id":"78782"},{"rt":4670,"stimulus":5,"slider_start":100,"sprites":"bears","response":54,"absDeviation":4,"callibration":"test","block":0,"seed":5,"numerosity":50,"matchType":"paired","which":"second","trial_type":"numerosity-estimation","trial_index":16,"time_elapsed":148768,"subject_id":"78782"},{"rt":9546,"stimulus":7,"slider_start":100,"sprites":"jellyBeans","response":37,"absDeviation":13,"callibration":"test","block":0,"seed":7,"numerosity":50,"matchType":"unpaired","which":"first","trial_type":"numerosity-estimation","trial_index":17,"time_elapsed":158317,"subject_id":"78782"},{"rt":6961,"stimulus":8,"slider_start":100,"sprites":"marbles","response":72,"absDeviation":20,"callibration":"test","block":0,"seed":8,"numerosity":92,"matchType":"unpaired","which":"first","trial_type":"numerosity-estimation","trial_index":18,"time_elapsed":165281,"subject_id":"78782"},{"rt":4699,"stimulus":9,"slider_start":100,"sprites":"mints","response":122,"absDeviation":13,"callibration":"test","block":0,"seed":9,"numerosity":135,"matchType":"paired","which":"first","trial_type":"numerosity-estimation","trial_index":19,"time_elapsed":169984,"subject_id":"78782"},{"rt":5173,"stimulus":9,"slider_start":100,"sprites":"mints","response":144,"absDeviation":9,"callibration":"test","block":0,"seed":9,"numerosity":135,"matchType":"paired","which":"second","trial_type":"numerosity-estimation","trial_index":20,"time_elapsed":175160,"subject_id":"78782"},{"rt":24592,"stimulus":11,"slider_start":100,"sprites":"buttons","response":121,"absDeviation":14,"callibration":"test","block":0,"seed":11,"numerosity":107,"matchType":"unpaired","which":"first","trial_type":"numerosity-estimation","trial_index":21,"time_elapsed":199756,"subject_id":"78782"},{"rt":3832,"stimulus":12,"slider_start":100,"sprites":"animalCrackers","response":127,"absDeviation":35,"callibration":"test","block":0,"seed":12,"numerosity":92,"matchType":"unpaired","which":"first","trial_type":"numerosity-estimation","trial_index":22,"time_elapsed":203592,"subject_id":"78782"},{"rt":4454,"stimulus":13,"slider_start":100,"sprites":"letters","response":112,"absDeviation":5,"callibration":"test","block":0,"seed":13,"numerosity":107,"matchType":"paired","which":"first","trial_type":"numerosity-estimation","trial_index":23,"time_elapsed":208050,"subject_id":"78782"},{"rt":3376,"stimulus":13,"slider_start":100,"sprites":"letters","response":120,"absDeviation":13,"callibration":"test","block":0,"seed":13,"numerosity":107,"matchType":"paired","which":"second","trial_type":"numerosity-estimation","trial_index":24,"time_elapsed":211429,"subject_id":"78782"},{"rt":2839,"stimulus":15,"slider_start":100,"sprites":"hearts","response":135,"absDeviation":14,"callibration":"test","block":0,"seed":15,"numerosity":121,"matchType":"unpaired","which":"first","trial_type":"numerosity-estimation","trial_index":25,"time_elapsed":214272,"subject_id":"78782"},{"rt":2987,"stimulus":16,"slider_start":100,"sprites":"crackers","response":70,"absDeviation":6,"callibration":"test","block":0,"seed":16,"numerosity":64,"matchType":"unpaired","which":"first","trial_type":"numerosity-estimation","trial_index":26,"time_elapsed":217262,"subject_id":"78782"},{"rt":10996,"stimulus":"<p> For the last block of trials, the average deviation of your guesses from correct answers was 13.</p>\n     <p>The smaller the deviation the better.  Your deviation was <b> AMAZINGLY good</b>.</p><br>\n       <p>Press any key to continue to the next block of trials</p>","response":"enter","trial_type":"html-keyboard-response","trial_index":27,"time_elapsed":228270,"subject_id":"78782"},{"rt":5612,"stimulus":17,"slider_start":100,"sprites":"bears","response":113,"absDeviation":21,"callibration":"test","block":1,"seed":17,"numerosity":92,"matchType":"paired","which":"first","trial_type":"numerosity-estimation","trial_index":28,"time_elapsed":233885,"subject_id":"78782"},{"rt":9504,"stimulus":17,"slider_start":100,"sprites":"bears","response":92,"absDeviation":0,"callibration":"test","block":1,"seed":17,"numerosity":92,"matchType":"paired","which":"second","trial_type":"numerosity-estimation","trial_index":29,"time_elapsed":243393,"subject_id":"78782"},{"rt":6479,"stimulus":19,"slider_start":100,"sprites":"jellyBeans","response":129,"absDeviation":6,"callibration":"test","block":1,"seed":19,"numerosity":135,"matchType":"unpaired","which":"first","trial_type":"numerosity-estimation","trial_index":30,"time_elapsed":249876,"subject_id":"78782"},{"rt":3020,"stimulus":20,"slider_start":100,"sprites":"marbles","response":66,"absDeviation":12,"callibration":"test","block":1,"seed":20,"numerosity":78,"matchType":"unpaired","which":"first","trial_type":"numerosity-estimation","trial_index":31,"time_elapsed":252900,"subject_id":"78782"},{"rt":3433,"stimulus":21,"slider_start":100,"sprites":"mints","response":78,"absDeviation":14,"callibration":"test","block":1,"seed":21,"numerosity":92,"matchType":"paired","which":"first","trial_type":"numerosity-estimation","trial_index":32,"time_elapsed":256336,"subject_id":"78782"},{"rt":4321,"stimulus":21,"slider_start":100,"sprites":"mints","response":91,"absDeviation":1,"callibration":"test","block":1,"seed":21,"numerosity":92,"matchType":"paired","which":"second","trial_type":"numerosity-estimation","trial_index":33,"time_elapsed":260661,"subject_id":"78782"},{"rt":4348,"stimulus":23,"slider_start":100,"sprites":"buttons","response":165,"absDeviation":15,"callibration":"test","block":1,"seed":23,"numerosity":150,"matchType":"unpaired","which":"first","trial_type":"numerosity-estimation","trial_index":34,"time_elapsed":265013,"subject_id":"78782"},{"rt":3070,"stimulus":24,"slider_start":100,"sprites":"animalCrackers","response":155,"absDeviation":48,"callibration":"test","block":1,"seed":24,"numerosity":107,"matchType":"unpaired","which":"first","trial_type":"numerosity-estimation","trial_index":35,"time_elapsed":268086,"subject_id":"78782"},{"rt":3992,"stimulus":25,"slider_start":100,"sprites":"letters","response":142,"absDeviation":35,"callibration":"test","block":1,"seed":25,"numerosity":107,"matchType":"paired","which":"first","trial_type":"numerosity-estimation","trial_index":36,"time_elapsed":272082,"subject_id":"78782"},{"rt":2581,"stimulus":25,"slider_start":100,"sprites":"letters","response":131,"absDeviation":24,"callibration":"test","block":1,"seed":25,"numerosity":107,"matchType":"paired","which":"second","trial_type":"numerosity-estimation","trial_index":37,"time_elapsed":274667,"subject_id":"78782"},{"rt":3279,"stimulus":27,"slider_start":100,"sprites":"hearts","response":147,"absDeviation":26,"callibration":"test","block":1,"seed":27,"numerosity":121,"matchType":"unpaired","which":"first","trial_type":"numerosity-estimation","trial_index":38,"time_elapsed":277950,"subject_id":"78782"},{"rt":3455,"stimulus":28,"slider_start":100,"sprites":"crackers","response":159,"absDeviation":9,"callibration":"test","block":1,"seed":28,"numerosity":150,"matchType":"unpaired","which":"first","trial_type":"numerosity-estimation","trial_index":39,"time_elapsed":281409,"subject_id":"78782"},{"rt":3174,"stimulus":29,"slider_start":100,"sprites":"bears","response":57,"absDeviation":7,"callibration":"test","block":1,"seed":29,"numerosity":64,"matchType":"paired","which":"first","trial_type":"numerosity-estimation","trial_index":40,"time_elapsed":284587,"subject_id":"78782"},{"rt":2393,"stimulus":29,"slider_start":100,"sprites":"bears","response":46,"absDeviation":18,"callibration":"test","block":1,"seed":29,"numerosity":64,"matchType":"paired","which":"second","trial_type":"numerosity-estimation","trial_index":41,"time_elapsed":286983,"subject_id":"78782"},{"rt":4818,"stimulus":31,"slider_start":100,"sprites":"jellyBeans","response":120,"absDeviation":30,"callibration":"test","block":1,"seed":31,"numerosity":150,"matchType":"unpaired","which":"first","trial_type":"numerosity-estimation","trial_index":42,"time_elapsed":291804,"subject_id":"78782"},{"rt":4859,"stimulus":32,"slider_start":100,"sprites":"marbles","response":111,"absDeviation":24,"callibration":"test","block":1,"seed":32,"numerosity":135,"matchType":"unpaired","which":"first","trial_type":"numerosity-estimation","trial_index":43,"time_elapsed":296667,"subject_id":"78782"},{"rt":48659,"stimulus":"<p> For the last block of trials, the average deviation of your guesses from correct answers was 18.</p>\n     <p>The smaller the deviation the better.  Your deviation was <b> VERY good</b>.</p><br>\n       <p>Press any key to continue to the next block of trials</p>","response":"enter","trial_type":"html-keyboard-response","trial_index":44,"time_elapsed":345324,"subject_id":"78782"},{"rt":3337,"stimulus":33,"slider_start":100,"sprites":"mints","response":115,"absDeviation":6,"callibration":"test","block":2,"seed":33,"numerosity":121,"matchType":"paired","which":"first","trial_type":"numerosity-estimation","trial_index":45,"time_elapsed":348665,"subject_id":"78782"},{"rt":2517,"stimulus":33,"slider_start":100,"sprites":"mints","response":127,"absDeviation":6,"callibration":"test","block":2,"seed":33,"numerosity":121,"matchType":"paired","which":"second","trial_type":"numerosity-estimation","trial_index":46,"time_elapsed":351186,"subject_id":"78782"},{"rt":2539,"stimulus":35,"slider_start":100,"sprites":"buttons","response":91,"absDeviation":13,"callibration":"test","block":2,"seed":35,"numerosity":78,"matchType":"unpaired","which":"first","trial_type":"numerosity-estimation","trial_index":47,"time_elapsed":353728,"subject_id":"78782"},{"rt":3502,"stimulus":36,"slider_start":100,"sprites":"animalCrackers","response":46,"absDeviation":4,"callibration":"test","block":2,"seed":36,"numerosity":50,"matchType":"unpaired","which":"first","trial_type":"numerosity-estimation","trial_index":48,"time_elapsed":357234,"subject_id":"78782"},{"rt":3600,"stimulus":37,"slider_start":100,"sprites":"letters","response":84,"absDeviation":51,"callibration":"test","block":2,"seed":37,"numerosity":135,"matchType":"paired","which":"first","trial_type":"numerosity-estimation","trial_index":49,"time_elapsed":360838,"subject_id":"78782"},{"rt":2678,"stimulus":37,"slider_start":100,"sprites":"letters","response":93,"absDeviation":42,"callibration":"test","block":2,"seed":37,"numerosity":135,"matchType":"paired","which":"second","trial_type":"numerosity-estimation","trial_index":50,"time_elapsed":363521,"subject_id":"78782"},{"rt":4116,"stimulus":39,"slider_start":100,"sprites":"hearts","response":83,"absDeviation":5,"callibration":"test","block":2,"seed":39,"numerosity":78,"matchType":"unpaired","which":"first","trial_type":"numerosity-estimation","trial_index":51,"time_elapsed":367640,"subject_id":"78782"},{"rt":4470,"stimulus":40,"slider_start":100,"sprites":"crackers","response":129,"absDeviation":8,"callibration":"test","block":2,"seed":40,"numerosity":121,"matchType":"unpaired","which":"first","trial_type":"numerosity-estimation","trial_index":52,"time_elapsed":372114,"subject_id":"78782"},{"rt":2517,"stimulus":41,"slider_start":100,"sprites":"bears","response":40,"absDeviation":10,"callibration":"test","block":2,"seed":41,"numerosity":50,"matchType":"paired","which":"first","trial_type":"numerosity-estimation","trial_index":53,"time_elapsed":374635,"subject_id":"78782"},{"rt":4606,"stimulus":41,"slider_start":100,"sprites":"bears","response":48,"absDeviation":2,"callibration":"test","block":2,"seed":41,"numerosity":50,"matchType":"paired","which":"second","trial_type":"numerosity-estimation","trial_index":54,"time_elapsed":379245,"subject_id":"78782"},{"rt":3181,"stimulus":43,"slider_start":100,"sprites":"jellyBeans","response":40,"absDeviation":24,"callibration":"test","block":2,"seed":43,"numerosity":64,"matchType":"unpaired","which":"first","trial_type":"numerosity-estimation","trial_index":55,"time_elapsed":382430,"subject_id":"78782"},{"rt":3104,"stimulus":44,"slider_start":100,"sprites":"marbles","response":59,"absDeviation":62,"callibration":"test","block":2,"seed":44,"numerosity":121,"matchType":"unpaired","which":"first","trial_type":"numerosity-estimation","trial_index":56,"time_elapsed":385538,"subject_id":"78782"},{"rt":3257,"stimulus":45,"slider_start":100,"sprites":"mints","response":132,"absDeviation":11,"callibration":"test","block":2,"seed":45,"numerosity":121,"matchType":"paired","which":"first","trial_type":"numerosity-estimation","trial_index":57,"time_elapsed":388799,"subject_id":"78782"},{"rt":2231,"stimulus":45,"slider_start":100,"sprites":"mints","response":152,"absDeviation":31,"callibration":"test","block":2,"seed":45,"numerosity":121,"matchType":"paired","which":"second","trial_type":"numerosity-estimation","trial_index":58,"time_elapsed":391034,"subject_id":"78782"},{"rt":2824,"stimulus":47,"slider_start":100,"sprites":"buttons","response":146,"absDeviation":25,"callibration":"test","block":2,"seed":47,"numerosity":121,"matchType":"unpaired","which":"first","trial_type":"numerosity-estimation","trial_index":59,"time_elapsed":393862,"subject_id":"78782"},{"rt":3501,"stimulus":48,"slider_start":100,"sprites":"animalCrackers","response":162,"absDeviation":27,"callibration":"test","block":2,"seed":48,"numerosity":135,"matchType":"unpaired","which":"first","trial_type":"numerosity-estimation","trial_index":60,"time_elapsed":397366,"subject_id":"78782"},{"rt":1347,"stimulus":"<p> For the last block of trials, the average deviation of your guesses from correct answers was 20.</p>\n     <p>The smaller the deviation the better.  Your deviation was <b> VERY good</b>.</p><br>\n       <p>Press any key to continue to the next block of trials</p>","response":"pagedown","trial_type":"html-keyboard-response","trial_index":61,"time_elapsed":398715,"subject_id":"78782"},{"rt":3460,"stimulus":49,"slider_start":100,"sprites":"letters","response":45,"absDeviation":33,"callibration":"test","block":3,"seed":49,"numerosity":78,"matchType":"paired","which":"first","trial_type":"numerosity-estimation","trial_index":62,"time_elapsed":402178,"subject_id":"78782"},{"rt":4272,"stimulus":49,"slider_start":100,"sprites":"letters","response":50,"absDeviation":28,"callibration":"test","block":3,"seed":49,"numerosity":78,"matchType":"paired","which":"second","trial_type":"numerosity-estimation","trial_index":63,"time_elapsed":406457,"subject_id":"78782"},{"rt":4786,"stimulus":51,"slider_start":100,"sprites":"hearts","response":116,"absDeviation":34,"callibration":"test","block":3,"seed":51,"numerosity":150,"matchType":"unpaired","which":"first","trial_type":"numerosity-estimation","trial_index":64,"time_elapsed":411246,"subject_id":"78782"},{"rt":2993,"stimulus":52,"slider_start":100,"sprites":"crackers","response":71,"absDeviation":7,"callibration":"test","block":3,"seed":52,"numerosity":78,"matchType":"unpaired","which":"first","trial_type":"numerosity-estimation","trial_index":65,"time_elapsed":414243,"subject_id":"78782"},{"rt":3593,"stimulus":53,"slider_start":100,"sprites":"bears","response":38,"absDeviation":12,"callibration":"test","block":3,"seed":53,"numerosity":50,"matchType":"paired","which":"first","trial_type":"numerosity-estimation","trial_index":66,"time_elapsed":417838,"subject_id":"78782"},{"rt":2246,"stimulus":53,"slider_start":100,"sprites":"bears","response":44,"absDeviation":6,"callibration":"test","block":3,"seed":53,"numerosity":50,"matchType":"paired","which":"second","trial_type":"numerosity-estimation","trial_index":67,"time_elapsed":420087,"subject_id":"78782"},{"rt":2734,"stimulus":55,"slider_start":100,"sprites":"jellyBeans","response":68,"absDeviation":53,"callibration":"test","block":3,"seed":55,"numerosity":121,"matchType":"unpaired","which":"first","trial_type":"numerosity-estimation","trial_index":68,"time_elapsed":422825,"subject_id":"78782"},{"rt":2087,"stimulus":56,"slider_start":100,"sprites":"marbles","response":59,"absDeviation":5,"callibration":"test","block":3,"seed":56,"numerosity":64,"matchType":"unpaired","which":"first","trial_type":"numerosity-estimation","trial_index":69,"time_elapsed":424915,"subject_id":"78782"},{"rt":2301,"stimulus":57,"slider_start":100,"sprites":"mints","response":77,"absDeviation":13,"callibration":"test","block":3,"seed":57,"numerosity":64,"matchType":"paired","which":"first","trial_type":"numerosity-estimation","trial_index":70,"time_elapsed":427219,"subject_id":"78782"},{"rt":2656,"stimulus":57,"slider_start":100,"sprites":"mints","response":68,"absDeviation":4,"callibration":"test","block":3,"seed":57,"numerosity":64,"matchType":"paired","which":"second","trial_type":"numerosity-estimation","trial_index":71,"time_elapsed":429879,"subject_id":"78782"},{"rt":2776,"stimulus":59,"slider_start":100,"sprites":"buttons","response":119,"absDeviation":16,"callibration":"test","block":3,"seed":59,"numerosity":135,"matchType":"unpaired","which":"first","trial_type":"numerosity-estimation","trial_index":72,"time_elapsed":432658,"subject_id":"78782"},{"rt":2965,"stimulus":60,"slider_start":100,"sprites":"animalCrackers","response":149,"absDeviation":1,"callibration":"test","block":3,"seed":60,"numerosity":150,"matchType":"unpaired","which":"first","trial_type":"numerosity-estimation","trial_index":73,"time_elapsed":435626,"subject_id":"78782"},{"rt":3649,"stimulus":61,"slider_start":100,"sprites":"letters","response":41,"absDeviation":9,"callibration":"test","block":3,"seed":61,"numerosity":50,"matchType":"paired","which":"first","trial_type":"numerosity-estimation","trial_index":74,"time_elapsed":439279,"subject_id":"78782"},{"rt":3496,"stimulus":61,"slider_start":100,"sprites":"letters","response":36,"absDeviation":14,"callibration":"test","block":3,"seed":61,"numerosity":50,"matchType":"paired","which":"second","trial_type":"numerosity-estimation","trial_index":75,"time_elapsed":442779,"subject_id":"78782"},{"rt":3703,"stimulus":63,"slider_start":100,"sprites":"hearts","response":47,"absDeviation":17,"callibration":"test","block":3,"seed":63,"numerosity":64,"matchType":"unpaired","which":"first","trial_type":"numerosity-estimation","trial_index":76,"time_elapsed":446485,"subject_id":"78782"},{"rt":3433,"stimulus":64,"slider_start":100,"sprites":"crackers","response":122,"absDeviation":13,"callibration":"test","block":3,"seed":64,"numerosity":135,"matchType":"unpaired","which":"first","trial_type":"numerosity-estimation","trial_index":77,"time_elapsed":449922,"subject_id":"78782"},{"rt":11078,"stimulus":"<p> For the last block of trials, the average deviation of your guesses from correct answers was 17.</p>\n     <p>The smaller the deviation the better.  Your deviation was <b> VERY good</b>.</p><br>\n       <p>Press any key to continue to the next block of trials</p>","response":"enter","trial_type":"html-keyboard-response","trial_index":78,"time_elapsed":461002,"subject_id":"78782"},{"rt":26595,"stimulus":65,"slider_start":100,"sprites":"bears","response":86,"absDeviation":21,"callibration":"test","block":4,"seed":65,"numerosity":107,"matchType":"paired","which":"first","trial_type":"numerosity-estimation","trial_index":79,"time_elapsed":487600,"subject_id":"78782"},{"rt":3087,"stimulus":65,"slider_start":100,"sprites":"bears","response":82,"absDeviation":25,"callibration":"test","block":4,"seed":65,"numerosity":107,"matchType":"paired","which":"second","trial_type":"numerosity-estimation","trial_index":80,"time_elapsed":490690,"subject_id":"78782"},{"rt":2441,"stimulus":67,"slider_start":100,"sprites":"jellyBeans","response":91,"absDeviation":16,"callibration":"test","block":4,"seed":67,"numerosity":107,"matchType":"unpaired","which":"first","trial_type":"numerosity-estimation","trial_index":81,"time_elapsed":493134,"subject_id":"78782"},{"rt":2783,"stimulus":68,"slider_start":100,"sprites":"marbles","response":112,"absDeviation":38,"callibration":"test","block":4,"seed":68,"numerosity":150,"matchType":"unpaired","which":"first","trial_type":"numerosity-estimation","trial_index":82,"time_elapsed":495921,"subject_id":"78782"},{"rt":2161,"stimulus":69,"slider_start":100,"sprites":"mints","response":131,"absDeviation":10,"callibration":"test","block":4,"seed":69,"numerosity":121,"matchType":"paired","which":"first","trial_type":"numerosity-estimation","trial_index":83,"time_elapsed":498085,"subject_id":"78782"},{"rt":2281,"stimulus":69,"slider_start":100,"sprites":"mints","response":134,"absDeviation":13,"callibration":"test","block":4,"seed":69,"numerosity":121,"matchType":"paired","which":"second","trial_type":"numerosity-estimation","trial_index":84,"time_elapsed":500370,"subject_id":"78782"},{"rt":2693,"stimulus":71,"slider_start":100,"sprites":"buttons","response":125,"absDeviation":18,"callibration":"test","block":4,"seed":71,"numerosity":107,"matchType":"unpaired","which":"first","trial_type":"numerosity-estimation","trial_index":85,"time_elapsed":503067,"subject_id":"78782"},{"rt":3581,"stimulus":72,"slider_start":100,"sprites":"animalCrackers","response":43,"absDeviation":7,"callibration":"test","block":4,"seed":72,"numerosity":50,"matchType":"unpaired","which":"first","trial_type":"numerosity-estimation","trial_index":86,"time_elapsed":506652,"subject_id":"78782"},{"rt":3146,"stimulus":73,"slider_start":100,"sprites":"letters","response":60,"absDeviation":18,"callibration":"test","block":4,"seed":73,"numerosity":78,"matchType":"paired","which":"first","trial_type":"numerosity-estimation","trial_index":87,"time_elapsed":509802,"subject_id":"78782"},{"rt":2917,"stimulus":73,"slider_start":100,"sprites":"letters","response":64,"absDeviation":14,"callibration":"test","block":4,"seed":73,"numerosity":78,"matchType":"paired","which":"second","trial_type":"numerosity-estimation","trial_index":88,"time_elapsed":512722,"subject_id":"78782"},{"rt":2281,"stimulus":75,"slider_start":100,"sprites":"hearts","response":71,"absDeviation":21,"callibration":"test","block":4,"seed":75,"numerosity":92,"matchType":"unpaired","which":"first","trial_type":"numerosity-estimation","trial_index":89,"time_elapsed":515007,"subject_id":"78782"},{"rt":3064,"stimulus":76,"slider_start":100,"sprites":"crackers","response":60,"absDeviation":4,"callibration":"test","block":4,"seed":76,"numerosity":64,"matchType":"unpaired","which":"first","trial_type":"numerosity-estimation","trial_index":90,"time_elapsed":518075,"subject_id":"78782"},{"rt":3545,"stimulus":77,"slider_start":100,"sprites":"bears","response":91,"absDeviation":44,"callibration":"test","block":4,"seed":77,"numerosity":135,"matchType":"paired","which":"first","trial_type":"numerosity-estimation","trial_index":91,"time_elapsed":521624,"subject_id":"78782"},{"rt":1939,"stimulus":77,"slider_start":100,"sprites":"bears","response":112,"absDeviation":23,"callibration":"test","block":4,"seed":77,"numerosity":135,"matchType":"paired","which":"second","trial_type":"numerosity-estimation","trial_index":92,"time_elapsed":523567,"subject_id":"78782"},{"rt":2791,"stimulus":79,"slider_start":100,"sprites":"jellyBeans","response":71,"absDeviation":21,"callibration":"test","block":4,"seed":79,"numerosity":50,"matchType":"unpaired","which":"first","trial_type":"numerosity-estimation","trial_index":93,"time_elapsed":526361,"subject_id":"78782"},{"rt":3225,"stimulus":80,"slider_start":100,"sprites":"marbles","response":67,"absDeviation":54,"callibration":"test","block":4,"seed":80,"numerosity":121,"matchType":"unpaired","which":"first","trial_type":"numerosity-estimation","trial_index":94,"time_elapsed":529590,"subject_id":"78782"},{"rt":1102,"stimulus":"<p> For the last block of trials, the average deviation of your guesses from correct answers was 22.</p>\n     <p>The smaller the deviation the better.  Your deviation was <b> VERY good</b>.</p><br>\n       <p>Press any key to continue to the next block of trials</p>","response":"enter","trial_type":"html-keyboard-response","trial_index":95,"time_elapsed":530694,"subject_id":"78782"},{"rt":66325,"stimulus":81,"slider_start":100,"sprites":"mints","response":91,"absDeviation":30,"callibration":"test","block":5,"seed":81,"numerosity":121,"matchType":"paired","which":"first","trial_type":"numerosity-estimation","trial_index":96,"time_elapsed":597022,"subject_id":"78782"},{"rt":9556,"stimulus":81,"slider_start":100,"sprites":"mints","response":111,"absDeviation":10,"callibration":"test","block":5,"seed":81,"numerosity":121,"matchType":"paired","which":"second","trial_type":"numerosity-estimation","trial_index":97,"time_elapsed":606583,"subject_id":"78782"},{"rt":2216,"stimulus":83,"slider_start":100,"sprites":"buttons","response":117,"absDeviation":4,"callibration":"test","block":5,"seed":83,"numerosity":121,"matchType":"unpaired","which":"first","trial_type":"numerosity-estimation","trial_index":98,"time_elapsed":608802,"subject_id":"78782"},{"rt":3624,"stimulus":84,"slider_start":100,"sprites":"animalCrackers","response":39,"absDeviation":11,"callibration":"test","block":5,"seed":84,"numerosity":50,"matchType":"unpaired","which":"first","trial_type":"numerosity-estimation","trial_index":99,"time_elapsed":612429,"subject_id":"78782"},{"rt":2533,"stimulus":85,"slider_start":100,"sprites":"letters","response":59,"absDeviation":5,"callibration":"test","block":5,"seed":85,"numerosity":64,"matchType":"paired","which":"first","trial_type":"numerosity-estimation","trial_index":100,"time_elapsed":614966,"subject_id":"78782"},{"rt":3281,"stimulus":85,"slider_start":100,"sprites":"letters","response":58,"absDeviation":6,"callibration":"test","block":5,"seed":85,"numerosity":64,"matchType":"paired","which":"second","trial_type":"numerosity-estimation","trial_index":101,"time_elapsed":618250,"subject_id":"78782"},{"rt":3345,"stimulus":87,"slider_start":100,"sprites":"hearts","response":40,"absDeviation":10,"callibration":"test","block":5,"seed":87,"numerosity":50,"matchType":"unpaired","which":"first","trial_type":"numerosity-estimation","trial_index":102,"time_elapsed":621598,"subject_id":"78782"},{"rt":4672,"stimulus":88,"slider_start":100,"sprites":"crackers","response":130,"absDeviation":5,"callibration":"test","block":5,"seed":88,"numerosity":135,"matchType":"unpaired","which":"first","trial_type":"numerosity-estimation","trial_index":103,"time_elapsed":626273,"subject_id":"78782"},{"rt":2570,"stimulus":89,"slider_start":100,"sprites":"bears","response":40,"absDeviation":10,"callibration":"test","block":5,"seed":89,"numerosity":50,"matchType":"paired","which":"first","trial_type":"numerosity-estimation","trial_index":104,"time_elapsed":628847,"subject_id":"78782"},{"rt":3129,"stimulus":89,"slider_start":100,"sprites":"bears","response":40,"absDeviation":10,"callibration":"test","block":5,"seed":89,"numerosity":50,"matchType":"paired","which":"second","trial_type":"numerosity-estimation","trial_index":105,"time_elapsed":631982,"subject_id":"78782"},{"rt":4173,"stimulus":91,"slider_start":100,"sprites":"jellyBeans","response":79,"absDeviation":13,"callibration":"test","block":5,"seed":91,"numerosity":92,"matchType":"unpaired","which":"first","trial_type":"numerosity-estimation","trial_index":106,"time_elapsed":636160,"subject_id":"78782"},{"rt":2882,"stimulus":92,"slider_start":100,"sprites":"marbles","response":69,"absDeviation":52,"callibration":"test","block":5,"seed":92,"numerosity":121,"matchType":"unpaired","which":"first","trial_type":"numerosity-estimation","trial_index":107,"time_elapsed":639045,"subject_id":"78782"},{"rt":3315,"stimulus":93,"slider_start":100,"sprites":"mints","response":61,"absDeviation":17,"callibration":"test","block":5,"seed":93,"numerosity":78,"matchType":"paired","which":"first","trial_type":"numerosity-estimation","trial_index":108,"time_elapsed":642363,"subject_id":"78782"},{"rt":3455,"stimulus":93,"slider_start":100,"sprites":"mints","response":76,"absDeviation":2,"callibration":"test","block":5,"seed":93,"numerosity":78,"matchType":"paired","which":"second","trial_type":"numerosity-estimation","trial_index":109,"time_elapsed":645822,"subject_id":"78782"},{"rt":3288,"stimulus":95,"slider_start":100,"sprites":"buttons","response":58,"absDeviation":6,"callibration":"test","block":5,"seed":95,"numerosity":64,"matchType":"unpaired","which":"first","trial_type":"numerosity-estimation","trial_index":110,"time_elapsed":649113,"subject_id":"78782"},{"rt":2834,"stimulus":96,"slider_start":100,"sprites":"animalCrackers","response":107,"absDeviation":15,"callibration":"test","block":5,"seed":96,"numerosity":92,"matchType":"unpaired","which":"first","trial_type":"numerosity-estimation","trial_index":111,"time_elapsed":651950,"subject_id":"78782"},{"rt":73217,"stimulus":"<p> For the last block of trials, the average deviation of your guesses from correct answers was 13.</p>\n     <p>The smaller the deviation the better.  Your deviation was <b> AMAZINGLY good</b>.</p><br>\n       <p>Press any key to continue to the next block of trials</p>","response":"enter","trial_type":"html-keyboard-response","trial_index":112,"time_elapsed":725169,"subject_id":"78782"},{"rt":5281,"stimulus":2,"slider_start":100,"sprites":"butterflies","response":68,"absDeviation":67,"callibration":"test","block":6,"seed":2,"numerosity":135,"matchType":"paired","which":"first","trial_type":"numerosity-estimation","trial_index":113,"time_elapsed":730452,"subject_id":"78782"},{"rt":2637,"stimulus":2,"slider_start":100,"sprites":"butterflies","response":64,"absDeviation":71,"callibration":"test","block":6,"seed":2,"numerosity":135,"matchType":"paired","which":"second","trial_type":"numerosity-estimation","trial_index":114,"time_elapsed":733093,"subject_id":"78782"},{"rt":2106,"stimulus":3,"slider_start":100,"sprites":"hearts","response":41,"absDeviation":9,"callibration":"test","block":6,"seed":3,"numerosity":50,"matchType":"unpaired","which":"second","trial_type":"numerosity-estimation","trial_index":115,"time_elapsed":735203,"subject_id":"78782"},{"rt":2477,"stimulus":4,"slider_start":100,"sprites":"crackers","response":86,"absDeviation":21,"callibration":"test","block":6,"seed":4,"numerosity":107,"matchType":"unpaired","which":"second","trial_type":"numerosity-estimation","trial_index":116,"time_elapsed":737684,"subject_id":"78782"},{"rt":3581,"stimulus":6,"slider_start":100,"sprites":"fruits","response":43,"absDeviation":35,"callibration":"test","block":6,"seed":6,"numerosity":78,"matchType":"paired","which":"first","trial_type":"numerosity-estimation","trial_index":117,"time_elapsed":741269,"subject_id":"78782"},{"rt":2113,"stimulus":6,"slider_start":100,"sprites":"fruits","response":48,"absDeviation":30,"callibration":"test","block":6,"seed":6,"numerosity":78,"matchType":"paired","which":"second","trial_type":"numerosity-estimation","trial_index":118,"time_elapsed":743386,"subject_id":"78782"},{"rt":3024,"stimulus":7,"slider_start":100,"sprites":"jellyBeans","response":43,"absDeviation":7,"callibration":"test","block":6,"seed":7,"numerosity":50,"matchType":"unpaired","which":"second","trial_type":"numerosity-estimation","trial_index":119,"time_elapsed":746414,"subject_id":"78782"},{"rt":2421,"stimulus":8,"slider_start":100,"sprites":"marbles","response":65,"absDeviation":27,"callibration":"test","block":6,"seed":8,"numerosity":92,"matchType":"unpaired","which":"second","trial_type":"numerosity-estimation","trial_index":120,"time_elapsed":748845,"subject_id":"78782"},{"rt":4343,"stimulus":10,"slider_start":100,"sprites":"rocks","response":63,"absDeviation":13,"callibration":"test","block":6,"seed":10,"numerosity":50,"matchType":"paired","which":"first","trial_type":"numerosity-estimation","trial_index":121,"time_elapsed":753191,"subject_id":"78782"},{"rt":3282,"stimulus":10,"slider_start":100,"sprites":"rocks","response":60,"absDeviation":10,"callibration":"test","block":6,"seed":10,"numerosity":50,"matchType":"paired","which":"second","trial_type":"numerosity-estimation","trial_index":122,"time_elapsed":756476,"subject_id":"78782"},{"rt":3757,"stimulus":11,"slider_start":100,"sprites":"buttons","response":115,"absDeviation":8,"callibration":"test","block":6,"seed":11,"numerosity":107,"matchType":"unpaired","which":"second","trial_type":"numerosity-estimation","trial_index":123,"time_elapsed":760239,"subject_id":"78782"},{"rt":3680,"stimulus":12,"slider_start":100,"sprites":"animalCrackers","response":92,"absDeviation":0,"callibration":"test","block":6,"seed":12,"numerosity":92,"matchType":"unpaired","which":"second","trial_type":"numerosity-estimation","trial_index":124,"time_elapsed":763923,"subject_id":"78782"},{"rt":2470,"stimulus":14,"slider_start":100,"sprites":"butterflies","response":108,"absDeviation":42,"callibration":"test","block":6,"seed":14,"numerosity":150,"matchType":"paired","which":"first","trial_type":"numerosity-estimation","trial_index":125,"time_elapsed":766396,"subject_id":"78782"},{"rt":2199,"stimulus":14,"slider_start":100,"sprites":"butterflies","response":120,"absDeviation":30,"callibration":"test","block":6,"seed":14,"numerosity":150,"matchType":"paired","which":"second","trial_type":"numerosity-estimation","trial_index":126,"time_elapsed":768598,"subject_id":"78782"},{"rt":2420,"stimulus":15,"slider_start":100,"sprites":"hearts","response":132,"absDeviation":11,"callibration":"test","block":6,"seed":15,"numerosity":121,"matchType":"unpaired","which":"second","trial_type":"numerosity-estimation","trial_index":127,"time_elapsed":771022,"subject_id":"78782"},{"rt":2736,"stimulus":16,"slider_start":100,"sprites":"crackers","response":74,"absDeviation":10,"callibration":"test","block":6,"seed":16,"numerosity":64,"matchType":"unpaired","which":"second","trial_type":"numerosity-estimation","trial_index":128,"time_elapsed":773762,"subject_id":"78782"},{"rt":1219,"stimulus":"<p> For the last block of trials, the average deviation of your guesses from correct answers was 24.</p>\n     <p>The smaller the deviation the better.  Your deviation was <b> VERY good</b>.</p><br>\n       <p>Press any key to continue to the next block of trials</p>","response":"enter","trial_type":"html-keyboard-response","trial_index":129,"time_elapsed":774983,"subject_id":"78782"},{"rt":2674,"stimulus":18,"slider_start":100,"sprites":"fruits","response":124,"absDeviation":17,"callibration":"test","block":7,"seed":18,"numerosity":107,"matchType":"paired","which":"first","trial_type":"numerosity-estimation","trial_index":130,"time_elapsed":777660,"subject_id":"78782"},{"rt":4015,"stimulus":18,"slider_start":100,"sprites":"fruits","response":128,"absDeviation":21,"callibration":"test","block":7,"seed":18,"numerosity":107,"matchType":"paired","which":"second","trial_type":"numerosity-estimation","trial_index":131,"time_elapsed":781678,"subject_id":"78782"},{"rt":3050,"stimulus":19,"slider_start":100,"sprites":"jellyBeans","response":132,"absDeviation":3,"callibration":"test","block":7,"seed":19,"numerosity":135,"matchType":"unpaired","which":"second","trial_type":"numerosity-estimation","trial_index":132,"time_elapsed":784732,"subject_id":"78782"},{"rt":2596,"stimulus":20,"slider_start":100,"sprites":"marbles","response":108,"absDeviation":30,"callibration":"test","block":7,"seed":20,"numerosity":78,"matchType":"unpaired","which":"second","trial_type":"numerosity-estimation","trial_index":133,"time_elapsed":787331,"subject_id":"78782"},{"rt":2234,"stimulus":22,"slider_start":100,"sprites":"rocks","response":118,"absDeviation":26,"callibration":"test","block":7,"seed":22,"numerosity":92,"matchType":"paired","which":"first","trial_type":"numerosity-estimation","trial_index":134,"time_elapsed":789568,"subject_id":"78782"},{"rt":2245,"stimulus":22,"slider_start":100,"sprites":"rocks","response":117,"absDeviation":25,"callibration":"test","block":7,"seed":22,"numerosity":92,"matchType":"paired","which":"second","trial_type":"numerosity-estimation","trial_index":135,"time_elapsed":791817,"subject_id":"78782"},{"rt":2960,"stimulus":23,"slider_start":100,"sprites":"buttons","response":159,"absDeviation":9,"callibration":"test","block":7,"seed":23,"numerosity":150,"matchType":"unpaired","which":"second","trial_type":"numerosity-estimation","trial_index":136,"time_elapsed":794780,"subject_id":"78782"},{"rt":2393,"stimulus":24,"slider_start":100,"sprites":"animalCrackers","response":140,"absDeviation":33,"callibration":"test","block":7,"seed":24,"numerosity":107,"matchType":"unpaired","which":"second","trial_type":"numerosity-estimation","trial_index":137,"time_elapsed":797177,"subject_id":"78782"},{"rt":3191,"stimulus":26,"slider_start":100,"sprites":"butterflies","response":122,"absDeviation":30,"callibration":"test","block":7,"seed":26,"numerosity":92,"matchType":"paired","which":"first","trial_type":"numerosity-estimation","trial_index":138,"time_elapsed":800371,"subject_id":"78782"},{"rt":9193,"stimulus":26,"slider_start":100,"sprites":"butterflies","response":79,"absDeviation":13,"callibration":"test","block":7,"seed":26,"numerosity":92,"matchType":"paired","which":"second","trial_type":"numerosity-estimation","trial_index":139,"time_elapsed":809566,"subject_id":"78782"},{"rt":3330,"stimulus":27,"slider_start":100,"sprites":"hearts","response":116,"absDeviation":5,"callibration":"test","block":7,"seed":27,"numerosity":121,"matchType":"unpaired","which":"second","trial_type":"numerosity-estimation","trial_index":140,"time_elapsed":812900,"subject_id":"78782"},{"rt":1925,"stimulus":28,"slider_start":100,"sprites":"crackers","response":130,"absDeviation":20,"callibration":"test","block":7,"seed":28,"numerosity":150,"matchType":"unpaired","which":"second","trial_type":"numerosity-estimation","trial_index":141,"time_elapsed":814828,"subject_id":"78782"},{"rt":2423,"stimulus":30,"slider_start":100,"sprites":"fruits","response":133,"absDeviation":26,"callibration":"test","block":7,"seed":30,"numerosity":107,"matchType":"paired","which":"first","trial_type":"numerosity-estimation","trial_index":142,"time_elapsed":817254,"subject_id":"78782"},{"rt":10827,"stimulus":30,"slider_start":100,"sprites":"fruits","response":135,"absDeviation":28,"callibration":"test","block":7,"seed":30,"numerosity":107,"matchType":"paired","which":"second","trial_type":"numerosity-estimation","trial_index":143,"time_elapsed":828084,"subject_id":"78782"},{"rt":3239,"stimulus":31,"slider_start":100,"sprites":"jellyBeans","response":119,"absDeviation":31,"callibration":"test","block":7,"seed":31,"numerosity":150,"matchType":"unpaired","which":"second","trial_type":"numerosity-estimation","trial_index":144,"time_elapsed":831327,"subject_id":"78782"},{"rt":2345,"stimulus":32,"slider_start":100,"sprites":"marbles","response":126,"absDeviation":9,"callibration":"test","block":7,"seed":32,"numerosity":135,"matchType":"unpaired","which":"second","trial_type":"numerosity-estimation","trial_index":145,"time_elapsed":833675,"subject_id":"78782"},{"rt":1046,"stimulus":"<p> For the last block of trials, the average deviation of your guesses from correct answers was 20.</p>\n     <p>The smaller the deviation the better.  Your deviation was <b> VERY good</b>.</p><br>\n       <p>Press any key to continue to the next block of trials</p>","response":"enter","trial_type":"html-keyboard-response","trial_index":146,"time_elapsed":834722,"subject_id":"78782"},{"rt":2449,"stimulus":34,"slider_start":100,"sprites":"rocks","response":58,"absDeviation":8,"callibration":"test","block":8,"seed":34,"numerosity":50,"matchType":"paired","which":"first","trial_type":"numerosity-estimation","trial_index":147,"time_elapsed":837176,"subject_id":"78782"},{"rt":2743,"stimulus":34,"slider_start":100,"sprites":"rocks","response":51,"absDeviation":1,"callibration":"test","block":8,"seed":34,"numerosity":50,"matchType":"paired","which":"second","trial_type":"numerosity-estimation","trial_index":148,"time_elapsed":839922,"subject_id":"78782"},{"rt":3574,"stimulus":35,"slider_start":100,"sprites":"buttons","response":65,"absDeviation":13,"callibration":"test","block":8,"seed":35,"numerosity":78,"matchType":"unpaired","which":"second","trial_type":"numerosity-estimation","trial_index":149,"time_elapsed":843500,"subject_id":"78782"},{"rt":3205,"stimulus":36,"slider_start":100,"sprites":"animalCrackers","response":36,"absDeviation":14,"callibration":"test","block":8,"seed":36,"numerosity":50,"matchType":"unpaired","which":"second","trial_type":"numerosity-estimation","trial_index":150,"time_elapsed":846708,"subject_id":"78782"},{"rt":2994,"stimulus":38,"slider_start":100,"sprites":"butterflies","response":64,"absDeviation":14,"callibration":"test","block":8,"seed":38,"numerosity":78,"matchType":"paired","which":"first","trial_type":"numerosity-estimation","trial_index":151,"time_elapsed":849706,"subject_id":"78782"},{"rt":2786,"stimulus":38,"slider_start":100,"sprites":"butterflies","response":66,"absDeviation":12,"callibration":"test","block":8,"seed":38,"numerosity":78,"matchType":"paired","which":"second","trial_type":"numerosity-estimation","trial_index":152,"time_elapsed":852494,"subject_id":"78782"},{"rt":3309,"stimulus":39,"slider_start":100,"sprites":"hearts","response":81,"absDeviation":3,"callibration":"test","block":8,"seed":39,"numerosity":78,"matchType":"unpaired","which":"second","trial_type":"numerosity-estimation","trial_index":153,"time_elapsed":855807,"subject_id":"78782"},{"rt":3595,"stimulus":40,"slider_start":100,"sprites":"crackers","response":124,"absDeviation":3,"callibration":"test","block":8,"seed":40,"numerosity":121,"matchType":"unpaired","which":"second","trial_type":"numerosity-estimation","trial_index":154,"time_elapsed":859406,"subject_id":"78782"},{"rt":2213,"stimulus":42,"slider_start":100,"sprites":"fruits","response":107,"absDeviation":29,"callibration":"test","block":8,"seed":42,"numerosity":78,"matchType":"paired","which":"first","trial_type":"numerosity-estimation","trial_index":155,"time_elapsed":861622,"subject_id":"78782"},{"rt":2512,"stimulus":42,"slider_start":100,"sprites":"fruits","response":107,"absDeviation":29,"callibration":"test","block":8,"seed":42,"numerosity":78,"matchType":"paired","which":"second","trial_type":"numerosity-estimation","trial_index":156,"time_elapsed":864137,"subject_id":"78782"},{"rt":2736,"stimulus":43,"slider_start":100,"sprites":"jellyBeans","response":53,"absDeviation":11,"callibration":"test","block":8,"seed":43,"numerosity":64,"matchType":"unpaired","which":"second","trial_type":"numerosity-estimation","trial_index":157,"time_elapsed":866877,"subject_id":"78782"},{"rt":1995,"stimulus":44,"slider_start":100,"sprites":"marbles","response":75,"absDeviation":46,"callibration":"test","block":8,"seed":44,"numerosity":121,"matchType":"unpaired","which":"second","trial_type":"numerosity-estimation","trial_index":158,"time_elapsed":868875,"subject_id":"78782"},{"rt":3414,"stimulus":46,"slider_start":100,"sprites":"rocks","response":108,"absDeviation":1,"callibration":"test","block":8,"seed":46,"numerosity":107,"matchType":"paired","which":"first","trial_type":"numerosity-estimation","trial_index":159,"time_elapsed":872293,"subject_id":"78782"},{"rt":2064,"stimulus":46,"slider_start":100,"sprites":"rocks","response":110,"absDeviation":3,"callibration":"test","block":8,"seed":46,"numerosity":107,"matchType":"paired","which":"second","trial_type":"numerosity-estimation","trial_index":160,"time_elapsed":874361,"subject_id":"78782"},{"rt":1974,"stimulus":47,"slider_start":100,"sprites":"buttons","response":140,"absDeviation":19,"callibration":"test","block":8,"seed":47,"numerosity":121,"matchType":"unpaired","which":"second","trial_type":"numerosity-estimation","trial_index":161,"time_elapsed":876338,"subject_id":"78782"},{"rt":3107,"stimulus":48,"slider_start":100,"sprites":"animalCrackers","response":158,"absDeviation":23,"callibration":"test","block":8,"seed":48,"numerosity":135,"matchType":"unpaired","which":"second","trial_type":"numerosity-estimation","trial_index":162,"time_elapsed":879449,"subject_id":"78782"},{"rt":17467,"stimulus":"<p> For the last block of trials, the average deviation of your guesses from correct answers was 14.</p>\n     <p>The smaller the deviation the better.  Your deviation was <b> AMAZINGLY good</b>.</p><br>\n       <p>Press any key to continue to the next block of trials</p>","response":"enter","trial_type":"html-keyboard-response","trial_index":163,"time_elapsed":896918,"subject_id":"78782"},{"rt":5603,"stimulus":50,"slider_start":100,"sprites":"butterflies","response":71,"absDeviation":79,"callibration":"test","block":9,"seed":50,"numerosity":150,"matchType":"paired","which":"first","trial_type":"numerosity-estimation","trial_index":164,"time_elapsed":902524,"subject_id":"78782"},{"rt":12015,"stimulus":50,"slider_start":100,"sprites":"butterflies","response":119,"absDeviation":31,"callibration":"test","block":9,"seed":50,"numerosity":150,"matchType":"paired","which":"second","trial_type":"numerosity-estimation","trial_index":165,"time_elapsed":914542,"subject_id":"78782"},{"rt":2140,"stimulus":51,"slider_start":100,"sprites":"hearts","response":141,"absDeviation":9,"callibration":"test","block":9,"seed":51,"numerosity":150,"matchType":"unpaired","which":"second","trial_type":"numerosity-estimation","trial_index":166,"time_elapsed":916686,"subject_id":"78782"},{"rt":2603,"stimulus":52,"slider_start":100,"sprites":"crackers","response":106,"absDeviation":28,"callibration":"test","block":9,"seed":52,"numerosity":78,"matchType":"unpaired","which":"second","trial_type":"numerosity-estimation","trial_index":167,"time_elapsed":919293,"subject_id":"78782"},{"rt":3276,"stimulus":54,"slider_start":100,"sprites":"fruits","response":90,"absDeviation":2,"callibration":"test","block":9,"seed":54,"numerosity":92,"matchType":"paired","which":"first","trial_type":"numerosity-estimation","trial_index":168,"time_elapsed":922572,"subject_id":"78782"},{"rt":4320,"stimulus":54,"slider_start":100,"sprites":"fruits","response":81,"absDeviation":11,"callibration":"test","block":9,"seed":54,"numerosity":92,"matchType":"paired","which":"second","trial_type":"numerosity-estimation","trial_index":169,"time_elapsed":926895,"subject_id":"78782"},{"rt":2694,"stimulus":55,"slider_start":100,"sprites":"jellyBeans","response":115,"absDeviation":6,"callibration":"test","block":9,"seed":55,"numerosity":121,"matchType":"unpaired","which":"second","trial_type":"numerosity-estimation","trial_index":170,"time_elapsed":929592,"subject_id":"78782"},{"rt":2233,"stimulus":56,"slider_start":100,"sprites":"marbles","response":62,"absDeviation":2,"callibration":"test","block":9,"seed":56,"numerosity":64,"matchType":"unpaired","which":"second","trial_type":"numerosity-estimation","trial_index":171,"time_elapsed":931828,"subject_id":"78782"},{"rt":2625,"stimulus":58,"slider_start":100,"sprites":"rocks","response":125,"absDeviation":4,"callibration":"test","block":9,"seed":58,"numerosity":121,"matchType":"paired","which":"first","trial_type":"numerosity-estimation","trial_index":172,"time_elapsed":934456,"subject_id":"78782"},{"rt":2703,"stimulus":58,"slider_start":100,"sprites":"rocks","response":136,"absDeviation":15,"callibration":"test","block":9,"seed":58,"numerosity":121,"matchType":"paired","which":"second","trial_type":"numerosity-estimation","trial_index":173,"time_elapsed":937162,"subject_id":"78782"},{"rt":2545,"stimulus":59,"slider_start":100,"sprites":"buttons","response":161,"absDeviation":26,"callibration":"test","block":9,"seed":59,"numerosity":135,"matchType":"unpaired","which":"second","trial_type":"numerosity-estimation","trial_index":174,"time_elapsed":939713,"subject_id":"78782"},{"rt":3484,"stimulus":60,"slider_start":100,"sprites":"animalCrackers","response":161,"absDeviation":11,"callibration":"test","block":9,"seed":60,"numerosity":150,"matchType":"unpaired","which":"second","trial_type":"numerosity-estimation","trial_index":175,"time_elapsed":943205,"subject_id":"78782"},{"rt":2179,"stimulus":62,"slider_start":100,"sprites":"butterflies","response":124,"absDeviation":11,"callibration":"test","block":9,"seed":62,"numerosity":135,"matchType":"paired","which":"first","trial_type":"numerosity-estimation","trial_index":176,"time_elapsed":945387,"subject_id":"78782"},{"rt":2467,"stimulus":62,"slider_start":100,"sprites":"butterflies","response":134,"absDeviation":1,"callibration":"test","block":9,"seed":62,"numerosity":135,"matchType":"paired","which":"second","trial_type":"numerosity-estimation","trial_index":177,"time_elapsed":947861,"subject_id":"78782"},{"rt":2412,"stimulus":63,"slider_start":100,"sprites":"hearts","response":76,"absDeviation":12,"callibration":"test","block":9,"seed":63,"numerosity":64,"matchType":"unpaired","which":"second","trial_type":"numerosity-estimation","trial_index":178,"time_elapsed":950280,"subject_id":"78782"},{"rt":2222,"stimulus":64,"slider_start":100,"sprites":"crackers","response":117,"absDeviation":18,"callibration":"test","block":9,"seed":64,"numerosity":135,"matchType":"unpaired","which":"second","trial_type":"numerosity-estimation","trial_index":179,"time_elapsed":952509,"subject_id":"78782"},{"rt":1533,"stimulus":"<p> For the last block of trials, the average deviation of your guesses from correct answers was 17.</p>\n     <p>The smaller the deviation the better.  Your deviation was <b> VERY good</b>.</p><br>\n       <p>Press any key to continue to the next block of trials</p>","response":"enter","trial_type":"html-keyboard-response","trial_index":180,"time_elapsed":954045,"subject_id":"78782"},{"rt":2931,"stimulus":66,"slider_start":100,"sprites":"fruits","response":70,"absDeviation":6,"callibration":"test","block":10,"seed":66,"numerosity":64,"matchType":"paired","which":"first","trial_type":"numerosity-estimation","trial_index":181,"time_elapsed":956981,"subject_id":"78782"},{"rt":2488,"stimulus":66,"slider_start":100,"sprites":"fruits","response":55,"absDeviation":9,"callibration":"test","block":10,"seed":66,"numerosity":64,"matchType":"paired","which":"second","trial_type":"numerosity-estimation","trial_index":182,"time_elapsed":959476,"subject_id":"78782"},{"rt":2522,"stimulus":67,"slider_start":100,"sprites":"jellyBeans","response":87,"absDeviation":20,"callibration":"test","block":10,"seed":67,"numerosity":107,"matchType":"unpaired","which":"second","trial_type":"numerosity-estimation","trial_index":183,"time_elapsed":962005,"subject_id":"78782"},{"rt":3950,"stimulus":68,"slider_start":100,"sprites":"marbles","response":143,"absDeviation":7,"callibration":"test","block":10,"seed":68,"numerosity":150,"matchType":"unpaired","which":"second","trial_type":"numerosity-estimation","trial_index":184,"time_elapsed":965962,"subject_id":"78782"},{"rt":2291,"stimulus":70,"slider_start":100,"sprites":"rocks","response":122,"absDeviation":30,"callibration":"test","block":10,"seed":70,"numerosity":92,"matchType":"paired","which":"first","trial_type":"numerosity-estimation","trial_index":185,"time_elapsed":968260,"subject_id":"78782"},{"rt":3585,"stimulus":70,"slider_start":100,"sprites":"rocks","response":129,"absDeviation":37,"callibration":"test","block":10,"seed":70,"numerosity":92,"matchType":"paired","which":"second","trial_type":"numerosity-estimation","trial_index":186,"time_elapsed":971853,"subject_id":"78782"},{"rt":2446,"stimulus":71,"slider_start":100,"sprites":"buttons","response":114,"absDeviation":7,"callibration":"test","block":10,"seed":71,"numerosity":107,"matchType":"unpaired","which":"second","trial_type":"numerosity-estimation","trial_index":187,"time_elapsed":974306,"subject_id":"78782"},{"rt":2333,"stimulus":72,"slider_start":100,"sprites":"animalCrackers","response":37,"absDeviation":13,"callibration":"test","block":10,"seed":72,"numerosity":50,"matchType":"unpaired","which":"second","trial_type":"numerosity-estimation","trial_index":188,"time_elapsed":976646,"subject_id":"78782"},{"rt":2349,"stimulus":74,"slider_start":100,"sprites":"butterflies","response":51,"absDeviation":13,"callibration":"test","block":10,"seed":74,"numerosity":64,"matchType":"paired","which":"first","trial_type":"numerosity-estimation","trial_index":189,"time_elapsed":979002,"subject_id":"78782"},{"rt":2137,"stimulus":74,"slider_start":100,"sprites":"butterflies","response":42,"absDeviation":22,"callibration":"test","block":10,"seed":74,"numerosity":64,"matchType":"paired","which":"second","trial_type":"numerosity-estimation","trial_index":190,"time_elapsed":981147,"subject_id":"78782"},{"rt":2586,"stimulus":75,"slider_start":100,"sprites":"hearts","response":60,"absDeviation":32,"callibration":"test","block":10,"seed":75,"numerosity":92,"matchType":"unpaired","which":"second","trial_type":"numerosity-estimation","trial_index":191,"time_elapsed":983740,"subject_id":"78782"},{"rt":2089,"stimulus":76,"slider_start":100,"sprites":"crackers","response":54,"absDeviation":10,"callibration":"test","block":10,"seed":76,"numerosity":64,"matchType":"unpaired","which":"second","trial_type":"numerosity-estimation","trial_index":192,"time_elapsed":985837,"subject_id":"78782"},{"rt":2278,"stimulus":78,"slider_start":100,"sprites":"fruits","response":44,"absDeviation":20,"callibration":"test","block":10,"seed":78,"numerosity":64,"matchType":"paired","which":"first","trial_type":"numerosity-estimation","trial_index":193,"time_elapsed":988122,"subject_id":"78782"},{"rt":2089,"stimulus":78,"slider_start":100,"sprites":"fruits","response":56,"absDeviation":8,"callibration":"test","block":10,"seed":78,"numerosity":64,"matchType":"paired","which":"second","trial_type":"numerosity-estimation","trial_index":194,"time_elapsed":990219,"subject_id":"78782"},{"rt":3346,"stimulus":79,"slider_start":100,"sprites":"jellyBeans","response":38,"absDeviation":12,"callibration":"test","block":10,"seed":79,"numerosity":50,"matchType":"unpaired","which":"second","trial_type":"numerosity-estimation","trial_index":195,"time_elapsed":993572,"subject_id":"78782"},{"rt":8523,"stimulus":80,"slider_start":100,"sprites":"marbles","response":73,"absDeviation":48,"callibration":"test","block":10,"seed":80,"numerosity":121,"matchType":"unpaired","which":"second","trial_type":"numerosity-estimation","trial_index":196,"time_elapsed":1002103,"subject_id":"78782"},{"rt":657006,"stimulus":"<p> For the last block of trials, the average deviation of your guesses from correct answers was 18.</p>\n     <p>The smaller the deviation the better.  Your deviation was <b> VERY good</b>.</p><br>\n       <p>Press any key to continue to the next block of trials</p>","response":"enter","trial_type":"html-keyboard-response","trial_index":197,"time_elapsed":1659108,"subject_id":"78782"},{"rt":4592,"stimulus":82,"slider_start":100,"sprites":"rocks","response":70,"absDeviation":6,"callibration":"test","block":11,"seed":82,"numerosity":64,"matchType":"paired","which":"first","trial_type":"numerosity-estimation","trial_index":198,"time_elapsed":1663704,"subject_id":"78782"},{"rt":2990,"stimulus":82,"slider_start":100,"sprites":"rocks","response":78,"absDeviation":14,"callibration":"test","block":11,"seed":82,"numerosity":64,"matchType":"paired","which":"second","trial_type":"numerosity-estimation","trial_index":199,"time_elapsed":1666698,"subject_id":"78782"},{"rt":3028,"stimulus":83,"slider_start":100,"sprites":"buttons","response":113,"absDeviation":8,"callibration":"test","block":11,"seed":83,"numerosity":121,"matchType":"unpaired","which":"second","trial_type":"numerosity-estimation","trial_index":200,"time_elapsed":1669729,"subject_id":"78782"},{"rt":4464,"stimulus":84,"slider_start":100,"sprites":"animalCrackers","response":40,"absDeviation":10,"callibration":"test","block":11,"seed":84,"numerosity":50,"matchType":"unpaired","which":"second","trial_type":"numerosity-estimation","trial_index":201,"time_elapsed":1674196,"subject_id":"78782"},{"rt":3039,"stimulus":86,"slider_start":100,"sprites":"butterflies","response":58,"absDeviation":63,"callibration":"test","block":11,"seed":86,"numerosity":121,"matchType":"paired","which":"first","trial_type":"numerosity-estimation","trial_index":202,"time_elapsed":1677239,"subject_id":"78782"},{"rt":2468,"stimulus":86,"slider_start":100,"sprites":"butterflies","response":67,"absDeviation":54,"callibration":"test","block":11,"seed":86,"numerosity":121,"matchType":"paired","which":"second","trial_type":"numerosity-estimation","trial_index":203,"time_elapsed":1679711,"subject_id":"78782"},{"rt":2816,"stimulus":87,"slider_start":100,"sprites":"hearts","response":58,"absDeviation":8,"callibration":"test","block":11,"seed":87,"numerosity":50,"matchType":"unpaired","which":"second","trial_type":"numerosity-estimation","trial_index":204,"time_elapsed":1682531,"subject_id":"78782"},{"rt":6495,"stimulus":88,"slider_start":100,"sprites":"crackers","response":143,"absDeviation":8,"callibration":"test","block":11,"seed":88,"numerosity":135,"matchType":"unpaired","which":"second","trial_type":"numerosity-estimation","trial_index":205,"time_elapsed":1689029,"subject_id":"78782"},{"rt":6760,"stimulus":90,"slider_start":100,"sprites":"fruits","response":129,"absDeviation":21,"callibration":"test","block":11,"seed":90,"numerosity":150,"matchType":"paired","which":"first","trial_type":"numerosity-estimation","trial_index":206,"time_elapsed":1695791,"subject_id":"78782"},{"rt":2426,"stimulus":90,"slider_start":100,"sprites":"fruits","response":114,"absDeviation":36,"callibration":"test","block":11,"seed":90,"numerosity":150,"matchType":"paired","which":"second","trial_type":"numerosity-estimation","trial_index":207,"time_elapsed":1698221,"subject_id":"78782"},{"rt":5113,"stimulus":91,"slider_start":100,"sprites":"jellyBeans","response":61,"absDeviation":31,"callibration":"test","block":11,"seed":91,"numerosity":92,"matchType":"unpaired","which":"second","trial_type":"numerosity-estimation","trial_index":208,"time_elapsed":1703337,"subject_id":"78782"},{"rt":2448,"stimulus":92,"slider_start":100,"sprites":"marbles","response":54,"absDeviation":67,"callibration":"test","block":11,"seed":92,"numerosity":121,"matchType":"unpaired","which":"second","trial_type":"numerosity-estimation","trial_index":209,"time_elapsed":1705788,"subject_id":"78782"},{"rt":3500,"stimulus":94,"slider_start":100,"sprites":"rocks","response":55,"absDeviation":23,"callibration":"test","block":11,"seed":94,"numerosity":78,"matchType":"paired","which":"first","trial_type":"numerosity-estimation","trial_index":210,"time_elapsed":1709291,"subject_id":"78782"},{"rt":2761,"stimulus":94,"slider_start":100,"sprites":"rocks","response":60,"absDeviation":18,"callibration":"test","block":11,"seed":94,"numerosity":78,"matchType":"paired","which":"second","trial_type":"numerosity-estimation","trial_index":211,"time_elapsed":1712056,"subject_id":"78782"},{"rt":2958,"stimulus":95,"slider_start":100,"sprites":"buttons","response":68,"absDeviation":4,"callibration":"test","block":11,"seed":95,"numerosity":64,"matchType":"unpaired","which":"second","trial_type":"numerosity-estimation","trial_index":212,"time_elapsed":1715017,"subject_id":"78782"},{"rt":2147,"stimulus":96,"slider_start":100,"sprites":"animalCrackers","response":82,"absDeviation":10,"callibration":"test","block":11,"seed":96,"numerosity":92,"matchType":"unpaired","which":"second","trial_type":"numerosity-estimation","trial_index":213,"time_elapsed":1717167,"subject_id":"78782"},{"rt":14116,"stimulus":"<p> For the last block of trials, the average deviation of your guesses from correct answers was 24.</p>\n     <p>The smaller the deviation the better.  Your deviation was <b> VERY good</b>.</p><br>\n       <p>Press any key to continue to the next block of trials</p>","response":"enter","trial_type":"html-keyboard-response","trial_index":214,"time_elapsed":1731285,"subject_id":"78782"},{"rt":10737,"response":{"averageEstimates":"When the two displays were separated in time.","firstOrSecond":"The second time the objects were shown"},"question_order":[0,1],"trial_type":"survey-multi-choice","trial_index":215,"time_elapsed":1742027,"subject_id":"78782"}]