[{"rt":18000,"url":"consent.html","trial_type":"external-html","trial_index":0,"time_elapsed":18023,"subject_id":"77522"},{"view_history":[{"page_index":0,"viewing_time":1950}],"rt":1951,"trial_type":"instructions","trial_index":1,"time_elapsed":19975,"subject_id":"77522"},{"rt":9677,"stimulus":0,"slider_start":100,"sprites":"animalCrackers","response":100,"absDeviation":50,"callibration":"callibration","block":-1,"seed":0,"numerosity":50,"matchType":"callibration","which":"first","trial_type":"numerosity-estimation","trial_index":2,"time_elapsed":29706,"subject_id":"77522"},{"rt":9381,"stimulus":1,"slider_start":100,"sprites":"letters","response":64,"absDeviation":0,"callibration":"callibration","block":-1,"seed":1,"numerosity":64,"matchType":"callibration","which":"first","trial_type":"numerosity-estimation","trial_index":3,"time_elapsed":39090,"subject_id":"77522"},{"rt":10442,"stimulus":2,"slider_start":100,"sprites":"butterflies","response":78,"absDeviation":0,"callibration":"callibration","block":-1,"seed":2,"numerosity":78,"matchType":"callibration","which":"first","trial_type":"numerosity-estimation","trial_index":4,"time_elapsed":49535,"subject_id":"77522"},{"rt":5763,"stimulus":3,"slider_start":100,"sprites":"hearts","response":92,"absDeviation":0,"callibration":"callibration","block":-1,"seed":3,"numerosity":92,"matchType":"callibration","which":"first","trial_type":"numerosity-estimation","trial_index":5,"time_elapsed":55300,"subject_id":"77522"},{"rt":6407,"stimulus":4,"slider_start":100,"sprites":"crackers","response":107,"absDeviation":0,"callibration":"callibration","block":-1,"seed":4,"numerosity":107,"matchType":"callibration","which":"first","trial_type":"numerosity-estimation","trial_index":6,"time_elapsed":61711,"subject_id":"77522"},{"rt":6392,"stimulus":5,"slider_start":100,"sprites":"bears","response":121,"absDeviation":0,"callibration":"callibration","block":-1,"seed":5,"numerosity":121,"matchType":"callibration","which":"first","trial_type":"numerosity-estimation","trial_index":7,"time_elapsed":68106,"subject_id":"77522"},{"rt":6938,"stimulus":6,"slider_start":100,"sprites":"fruits","response":135,"absDeviation":0,"callibration":"callibration","block":-1,"seed":6,"numerosity":135,"matchType":"callibration","which":"first","trial_type":"numerosity-estimation","trial_index":8,"time_elapsed":75047,"subject_id":"77522"},{"rt":8267,"stimulus":7,"slider_start":100,"sprites":"jellyBeans","response":150,"absDeviation":0,"callibration":"callibration","block":-1,"seed":7,"numerosity":150,"matchType":"callibration","which":"first","trial_type":"numerosity-estimation","trial_index":9,"time_elapsed":83316,"subject_id":"77522"},{"view_history":[{"page_index":0,"viewing_time":7788}],"rt":7788,"trial_type":"instructions","trial_index":10,"time_elapsed":91106,"subject_id":"77522"},{"rt":13846,"stimulus":1,"slider_start":100,"sprites":"letters","response":87,"absDeviation":5,"callibration":"test","block":0,"seed":1,"numerosity":92,"matchType":"paired","which":"first","trial_type":"numerosity-estimation","trial_index":11,"time_elapsed":104955,"subject_id":"77522"},{"rt":8540,"stimulus":1,"slider_start":100,"sprites":"letters","response":75,"absDeviation":17,"callibration":"test","block":0,"seed":1,"numerosity":92,"matchType":"paired","which":"second","trial_type":"numerosity-estimation","trial_index":12,"time_elapsed":113496,"subject_id":"77522"},{"rt":7828,"stimulus":3,"slider_start":100,"sprites":"hearts","response":54,"absDeviation":4,"callibration":"test","block":0,"seed":3,"numerosity":50,"matchType":"unpaired","which":"first","trial_type":"numerosity-estimation","trial_index":13,"time_elapsed":121326,"subject_id":"77522"},{"rt":7530,"stimulus":4,"slider_start":100,"sprites":"crackers","response":80,"absDeviation":27,"callibration":"test","block":0,"seed":4,"numerosity":107,"matchType":"unpaired","which":"first","trial_type":"numerosity-estimation","trial_index":14,"time_elapsed":128857,"subject_id":"77522"},{"rt":14527,"stimulus":5,"slider_start":100,"sprites":"bears","response":45,"absDeviation":5,"callibration":"test","block":0,"seed":5,"numerosity":50,"matchType":"paired","which":"first","trial_type":"numerosity-estimation","trial_index":15,"time_elapsed":143386,"subject_id":"77522"},{"rt":4648,"stimulus":5,"slider_start":100,"sprites":"bears","response":47,"absDeviation":3,"callibration":"test","block":0,"seed":5,"numerosity":50,"matchType":"paired","which":"second","trial_type":"numerosity-estimation","trial_index":16,"time_elapsed":148038,"subject_id":"77522"},{"rt":7513,"stimulus":7,"slider_start":100,"sprites":"jellyBeans","response":34,"absDeviation":16,"callibration":"test","block":0,"seed":7,"numerosity":50,"matchType":"unpaired","which":"first","trial_type":"numerosity-estimation","trial_index":17,"time_elapsed":155553,"subject_id":"77522"},{"rt":4921,"stimulus":8,"slider_start":100,"sprites":"marbles","response":56,"absDeviation":36,"callibration":"test","block":0,"seed":8,"numerosity":92,"matchType":"unpaired","which":"first","trial_type":"numerosity-estimation","trial_index":18,"time_elapsed":160476,"subject_id":"77522"},{"rt":4194,"stimulus":9,"slider_start":100,"sprites":"mints","response":109,"absDeviation":26,"callibration":"test","block":0,"seed":9,"numerosity":135,"matchType":"paired","which":"first","trial_type":"numerosity-estimation","trial_index":19,"time_elapsed":164671,"subject_id":"77522"},{"rt":4368,"stimulus":9,"slider_start":100,"sprites":"mints","response":116,"absDeviation":19,"callibration":"test","block":0,"seed":9,"numerosity":135,"matchType":"paired","which":"second","trial_type":"numerosity-estimation","trial_index":20,"time_elapsed":169042,"subject_id":"77522"},{"rt":4783,"stimulus":11,"slider_start":100,"sprites":"buttons","response":91,"absDeviation":16,"callibration":"test","block":0,"seed":11,"numerosity":107,"matchType":"unpaired","which":"first","trial_type":"numerosity-estimation","trial_index":21,"time_elapsed":173829,"subject_id":"77522"},{"rt":4895,"stimulus":12,"slider_start":100,"sprites":"animalCrackers","response":105,"absDeviation":13,"callibration":"test","block":0,"seed":12,"numerosity":92,"matchType":"unpaired","which":"first","trial_type":"numerosity-estimation","trial_index":22,"time_elapsed":178728,"subject_id":"77522"},{"rt":6274,"stimulus":13,"slider_start":100,"sprites":"letters","response":96,"absDeviation":11,"callibration":"test","block":0,"seed":13,"numerosity":107,"matchType":"paired","which":"first","trial_type":"numerosity-estimation","trial_index":23,"time_elapsed":185003,"subject_id":"77522"},{"rt":3337,"stimulus":13,"slider_start":100,"sprites":"letters","response":81,"absDeviation":26,"callibration":"test","block":0,"seed":13,"numerosity":107,"matchType":"paired","which":"second","trial_type":"numerosity-estimation","trial_index":24,"time_elapsed":188342,"subject_id":"77522"},{"rt":4175,"stimulus":15,"slider_start":100,"sprites":"hearts","response":97,"absDeviation":24,"callibration":"test","block":0,"seed":15,"numerosity":121,"matchType":"unpaired","which":"first","trial_type":"numerosity-estimation","trial_index":25,"time_elapsed":192520,"subject_id":"77522"},{"rt":6627,"stimulus":16,"slider_start":100,"sprites":"crackers","response":57,"absDeviation":7,"callibration":"test","block":0,"seed":16,"numerosity":64,"matchType":"unpaired","which":"first","trial_type":"numerosity-estimation","trial_index":26,"time_elapsed":199149,"subject_id":"77522"},{"rt":3069,"stimulus":"<p> For the last block of trials, the average deviation of your guesses from correct answers was 16.</p>\n     <p>The smaller the deviation the better.  Your deviation was <b> VERY good</b>.</p><br>\n       <p>Press any key to continue to the next block of trials</p>","response":" ","trial_type":"html-keyboard-response","trial_index":27,"time_elapsed":202222,"subject_id":"77522"},{"rt":8851,"stimulus":17,"slider_start":100,"sprites":"bears","response":68,"absDeviation":24,"callibration":"test","block":1,"seed":17,"numerosity":92,"matchType":"paired","which":"first","trial_type":"numerosity-estimation","trial_index":28,"time_elapsed":211077,"subject_id":"77522"},{"rt":6946,"stimulus":17,"slider_start":100,"sprites":"bears","response":60,"absDeviation":32,"callibration":"test","block":1,"seed":17,"numerosity":92,"matchType":"paired","which":"second","trial_type":"numerosity-estimation","trial_index":29,"time_elapsed":218025,"subject_id":"77522"},{"rt":6562,"stimulus":19,"slider_start":100,"sprites":"jellyBeans","response":84,"absDeviation":51,"callibration":"test","block":1,"seed":19,"numerosity":135,"matchType":"unpaired","which":"first","trial_type":"numerosity-estimation","trial_index":30,"time_elapsed":224589,"subject_id":"77522"},{"rt":5010,"stimulus":20,"slider_start":100,"sprites":"marbles","response":46,"absDeviation":32,"callibration":"test","block":1,"seed":20,"numerosity":78,"matchType":"unpaired","which":"first","trial_type":"numerosity-estimation","trial_index":31,"time_elapsed":229601,"subject_id":"77522"},{"rt":4616,"stimulus":21,"slider_start":100,"sprites":"mints","response":60,"absDeviation":32,"callibration":"test","block":1,"seed":21,"numerosity":92,"matchType":"paired","which":"first","trial_type":"numerosity-estimation","trial_index":32,"time_elapsed":234218,"subject_id":"77522"},{"rt":6377,"stimulus":21,"slider_start":100,"sprites":"mints","response":62,"absDeviation":30,"callibration":"test","block":1,"seed":21,"numerosity":92,"matchType":"paired","which":"second","trial_type":"numerosity-estimation","trial_index":33,"time_elapsed":240597,"subject_id":"77522"},{"rt":7083,"stimulus":23,"slider_start":100,"sprites":"buttons","response":75,"absDeviation":75,"callibration":"test","block":1,"seed":23,"numerosity":150,"matchType":"unpaired","which":"first","trial_type":"numerosity-estimation","trial_index":34,"time_elapsed":247682,"subject_id":"77522"},{"rt":6108,"stimulus":24,"slider_start":100,"sprites":"animalCrackers","response":82,"absDeviation":25,"callibration":"test","block":1,"seed":24,"numerosity":107,"matchType":"unpaired","which":"first","trial_type":"numerosity-estimation","trial_index":35,"time_elapsed":253792,"subject_id":"77522"},{"rt":4552,"stimulus":25,"slider_start":100,"sprites":"letters","response":79,"absDeviation":28,"callibration":"test","block":1,"seed":25,"numerosity":107,"matchType":"paired","which":"first","trial_type":"numerosity-estimation","trial_index":36,"time_elapsed":258346,"subject_id":"77522"},{"rt":6015,"stimulus":25,"slider_start":100,"sprites":"letters","response":67,"absDeviation":40,"callibration":"test","block":1,"seed":25,"numerosity":107,"matchType":"paired","which":"second","trial_type":"numerosity-estimation","trial_index":37,"time_elapsed":264365,"subject_id":"77522"},{"rt":3903,"stimulus":27,"slider_start":100,"sprites":"hearts","response":107,"absDeviation":14,"callibration":"test","block":1,"seed":27,"numerosity":121,"matchType":"unpaired","which":"first","trial_type":"numerosity-estimation","trial_index":38,"time_elapsed":268271,"subject_id":"77522"},{"rt":5017,"stimulus":28,"slider_start":100,"sprites":"crackers","response":116,"absDeviation":34,"callibration":"test","block":1,"seed":28,"numerosity":150,"matchType":"unpaired","which":"first","trial_type":"numerosity-estimation","trial_index":39,"time_elapsed":273290,"subject_id":"77522"},{"rt":5690,"stimulus":29,"slider_start":100,"sprites":"bears","response":58,"absDeviation":6,"callibration":"test","block":1,"seed":29,"numerosity":64,"matchType":"paired","which":"first","trial_type":"numerosity-estimation","trial_index":40,"time_elapsed":278981,"subject_id":"77522"},{"rt":3903,"stimulus":29,"slider_start":100,"sprites":"bears","response":60,"absDeviation":4,"callibration":"test","block":1,"seed":29,"numerosity":64,"matchType":"paired","which":"second","trial_type":"numerosity-estimation","trial_index":41,"time_elapsed":282886,"subject_id":"77522"},{"rt":4882,"stimulus":31,"slider_start":100,"sprites":"jellyBeans","response":89,"absDeviation":61,"callibration":"test","block":1,"seed":31,"numerosity":150,"matchType":"unpaired","which":"first","trial_type":"numerosity-estimation","trial_index":42,"time_elapsed":287770,"subject_id":"77522"},{"rt":5971,"stimulus":32,"slider_start":100,"sprites":"marbles","response":76,"absDeviation":59,"callibration":"test","block":1,"seed":32,"numerosity":135,"matchType":"unpaired","which":"first","trial_type":"numerosity-estimation","trial_index":43,"time_elapsed":293744,"subject_id":"77522"},{"rt":2409,"stimulus":"<p> For the last block of trials, the average deviation of your guesses from correct answers was 34.</p>\n     <p>The smaller the deviation the better.  Your deviation was <b> good</b>.</p><br>\n       <p>Press any key to continue to the next block of trials</p>","response":" ","trial_type":"html-keyboard-response","trial_index":44,"time_elapsed":296154,"subject_id":"77522"},{"rt":6163,"stimulus":33,"slider_start":100,"sprites":"mints","response":89,"absDeviation":32,"callibration":"test","block":2,"seed":33,"numerosity":121,"matchType":"paired","which":"first","trial_type":"numerosity-estimation","trial_index":45,"time_elapsed":302319,"subject_id":"77522"},{"rt":4049,"stimulus":33,"slider_start":100,"sprites":"mints","response":85,"absDeviation":36,"callibration":"test","block":2,"seed":33,"numerosity":121,"matchType":"paired","which":"second","trial_type":"numerosity-estimation","trial_index":46,"time_elapsed":306370,"subject_id":"77522"},{"rt":5761,"stimulus":35,"slider_start":100,"sprites":"buttons","response":55,"absDeviation":23,"callibration":"test","block":2,"seed":35,"numerosity":78,"matchType":"unpaired","which":"first","trial_type":"numerosity-estimation","trial_index":47,"time_elapsed":312134,"subject_id":"77522"},{"rt":5184,"stimulus":36,"slider_start":100,"sprites":"animalCrackers","response":48,"absDeviation":2,"callibration":"test","block":2,"seed":36,"numerosity":50,"matchType":"unpaired","which":"first","trial_type":"numerosity-estimation","trial_index":48,"time_elapsed":317320,"subject_id":"77522"},{"rt":6744,"stimulus":37,"slider_start":100,"sprites":"letters","response":75,"absDeviation":60,"callibration":"test","block":2,"seed":37,"numerosity":135,"matchType":"paired","which":"first","trial_type":"numerosity-estimation","trial_index":49,"time_elapsed":324068,"subject_id":"77522"},{"rt":6431,"stimulus":37,"slider_start":100,"sprites":"letters","response":83,"absDeviation":52,"callibration":"test","block":2,"seed":37,"numerosity":135,"matchType":"paired","which":"second","trial_type":"numerosity-estimation","trial_index":50,"time_elapsed":330503,"subject_id":"77522"},{"rt":7185,"stimulus":39,"slider_start":100,"sprites":"hearts","response":46,"absDeviation":32,"callibration":"test","block":2,"seed":39,"numerosity":78,"matchType":"unpaired","which":"first","trial_type":"numerosity-estimation","trial_index":51,"time_elapsed":337691,"subject_id":"77522"},{"rt":4096,"stimulus":40,"slider_start":100,"sprites":"crackers","response":87,"absDeviation":34,"callibration":"test","block":2,"seed":40,"numerosity":121,"matchType":"unpaired","which":"first","trial_type":"numerosity-estimation","trial_index":52,"time_elapsed":341788,"subject_id":"77522"},{"rt":4881,"stimulus":41,"slider_start":100,"sprites":"bears","response":53,"absDeviation":3,"callibration":"test","block":2,"seed":41,"numerosity":50,"matchType":"paired","which":"first","trial_type":"numerosity-estimation","trial_index":53,"time_elapsed":346671,"subject_id":"77522"},{"rt":6705,"stimulus":41,"slider_start":100,"sprites":"bears","response":42,"absDeviation":8,"callibration":"test","block":2,"seed":41,"numerosity":50,"matchType":"paired","which":"second","trial_type":"numerosity-estimation","trial_index":54,"time_elapsed":353378,"subject_id":"77522"},{"rt":7584,"stimulus":43,"slider_start":100,"sprites":"jellyBeans","response":47,"absDeviation":17,"callibration":"test","block":2,"seed":43,"numerosity":64,"matchType":"unpaired","which":"first","trial_type":"numerosity-estimation","trial_index":55,"time_elapsed":360965,"subject_id":"77522"},{"rt":4537,"stimulus":44,"slider_start":100,"sprites":"marbles","response":55,"absDeviation":66,"callibration":"test","block":2,"seed":44,"numerosity":121,"matchType":"unpaired","which":"first","trial_type":"numerosity-estimation","trial_index":56,"time_elapsed":365504,"subject_id":"77522"},{"rt":2679,"stimulus":45,"slider_start":100,"sprites":"mints","response":74,"absDeviation":47,"callibration":"test","block":2,"seed":45,"numerosity":121,"matchType":"paired","which":"first","trial_type":"numerosity-estimation","trial_index":57,"time_elapsed":368185,"subject_id":"77522"},{"rt":2982,"stimulus":45,"slider_start":100,"sprites":"mints","response":76,"absDeviation":45,"callibration":"test","block":2,"seed":45,"numerosity":121,"matchType":"paired","which":"second","trial_type":"numerosity-estimation","trial_index":58,"time_elapsed":371170,"subject_id":"77522"},{"rt":4951,"stimulus":47,"slider_start":100,"sprites":"buttons","response":71,"absDeviation":50,"callibration":"test","block":2,"seed":47,"numerosity":121,"matchType":"unpaired","which":"first","trial_type":"numerosity-estimation","trial_index":59,"time_elapsed":376124,"subject_id":"77522"},{"rt":6682,"stimulus":48,"slider_start":100,"sprites":"animalCrackers","response":93,"absDeviation":42,"callibration":"test","block":2,"seed":48,"numerosity":135,"matchType":"unpaired","which":"first","trial_type":"numerosity-estimation","trial_index":60,"time_elapsed":382810,"subject_id":"77522"},{"rt":3142,"stimulus":"<p> For the last block of trials, the average deviation of your guesses from correct answers was 34.</p>\n     <p>The smaller the deviation the better.  Your deviation was <b> good</b>.</p><br>\n       <p>Press any key to continue to the next block of trials</p>","response":" ","trial_type":"html-keyboard-response","trial_index":61,"time_elapsed":385954,"subject_id":"77522"},{"rt":5104,"stimulus":49,"slider_start":100,"sprites":"letters","response":41,"absDeviation":37,"callibration":"test","block":3,"seed":49,"numerosity":78,"matchType":"paired","which":"first","trial_type":"numerosity-estimation","trial_index":62,"time_elapsed":391061,"subject_id":"77522"},{"rt":4033,"stimulus":49,"slider_start":100,"sprites":"letters","response":45,"absDeviation":33,"callibration":"test","block":3,"seed":49,"numerosity":78,"matchType":"paired","which":"second","trial_type":"numerosity-estimation","trial_index":63,"time_elapsed":395096,"subject_id":"77522"},{"rt":4125,"stimulus":51,"slider_start":100,"sprites":"hearts","response":106,"absDeviation":44,"callibration":"test","block":3,"seed":51,"numerosity":150,"matchType":"unpaired","which":"first","trial_type":"numerosity-estimation","trial_index":64,"time_elapsed":399225,"subject_id":"77522"},{"rt":5879,"stimulus":52,"slider_start":100,"sprites":"crackers","response":53,"absDeviation":25,"callibration":"test","block":3,"seed":52,"numerosity":78,"matchType":"unpaired","which":"first","trial_type":"numerosity-estimation","trial_index":65,"time_elapsed":405107,"subject_id":"77522"},{"rt":5617,"stimulus":53,"slider_start":100,"sprites":"bears","response":43,"absDeviation":7,"callibration":"test","block":3,"seed":53,"numerosity":50,"matchType":"paired","which":"first","trial_type":"numerosity-estimation","trial_index":66,"time_elapsed":410726,"subject_id":"77522"},{"rt":3182,"stimulus":53,"slider_start":100,"sprites":"bears","response":43,"absDeviation":7,"callibration":"test","block":3,"seed":53,"numerosity":50,"matchType":"paired","which":"second","trial_type":"numerosity-estimation","trial_index":67,"time_elapsed":413911,"subject_id":"77522"},{"rt":7962,"stimulus":55,"slider_start":100,"sprites":"jellyBeans","response":58,"absDeviation":63,"callibration":"test","block":3,"seed":55,"numerosity":121,"matchType":"unpaired","which":"first","trial_type":"numerosity-estimation","trial_index":68,"time_elapsed":421875,"subject_id":"77522"},{"rt":6903,"stimulus":56,"slider_start":100,"sprites":"marbles","response":33,"absDeviation":31,"callibration":"test","block":3,"seed":56,"numerosity":64,"matchType":"unpaired","which":"first","trial_type":"numerosity-estimation","trial_index":69,"time_elapsed":428781,"subject_id":"77522"},{"rt":6232,"stimulus":57,"slider_start":100,"sprites":"mints","response":48,"absDeviation":16,"callibration":"test","block":3,"seed":57,"numerosity":64,"matchType":"paired","which":"first","trial_type":"numerosity-estimation","trial_index":70,"time_elapsed":435016,"subject_id":"77522"},{"rt":2717,"stimulus":57,"slider_start":100,"sprites":"mints","response":48,"absDeviation":16,"callibration":"test","block":3,"seed":57,"numerosity":64,"matchType":"paired","which":"second","trial_type":"numerosity-estimation","trial_index":71,"time_elapsed":437737,"subject_id":"77522"},{"rt":7359,"stimulus":59,"slider_start":100,"sprites":"buttons","response":66,"absDeviation":69,"callibration":"test","block":3,"seed":59,"numerosity":135,"matchType":"unpaired","which":"first","trial_type":"numerosity-estimation","trial_index":72,"time_elapsed":445099,"subject_id":"77522"},{"rt":4312,"stimulus":60,"slider_start":100,"sprites":"animalCrackers","response":97,"absDeviation":53,"callibration":"test","block":3,"seed":60,"numerosity":150,"matchType":"unpaired","which":"first","trial_type":"numerosity-estimation","trial_index":73,"time_elapsed":449413,"subject_id":"77522"},{"rt":2944,"stimulus":61,"slider_start":100,"sprites":"letters","response":61,"absDeviation":11,"callibration":"test","block":3,"seed":61,"numerosity":50,"matchType":"paired","which":"first","trial_type":"numerosity-estimation","trial_index":74,"time_elapsed":452359,"subject_id":"77522"},{"rt":2413,"stimulus":61,"slider_start":100,"sprites":"letters","response":52,"absDeviation":2,"callibration":"test","block":3,"seed":61,"numerosity":50,"matchType":"paired","which":"second","trial_type":"numerosity-estimation","trial_index":75,"time_elapsed":454775,"subject_id":"77522"},{"rt":3208,"stimulus":63,"slider_start":100,"sprites":"hearts","response":63,"absDeviation":1,"callibration":"test","block":3,"seed":63,"numerosity":64,"matchType":"unpaired","which":"first","trial_type":"numerosity-estimation","trial_index":76,"time_elapsed":457986,"subject_id":"77522"},{"rt":4833,"stimulus":64,"slider_start":100,"sprites":"crackers","response":83,"absDeviation":52,"callibration":"test","block":3,"seed":64,"numerosity":135,"matchType":"unpaired","which":"first","trial_type":"numerosity-estimation","trial_index":77,"time_elapsed":462820,"subject_id":"77522"},{"rt":1547,"stimulus":"<p> For the last block of trials, the average deviation of your guesses from correct answers was 29.</p>\n     <p>The smaller the deviation the better.  Your deviation was <b> good</b>.</p><br>\n       <p>Press any key to continue to the next block of trials</p>","response":" ","trial_type":"html-keyboard-response","trial_index":78,"time_elapsed":464369,"subject_id":"77522"},{"rt":5184,"stimulus":65,"slider_start":100,"sprites":"bears","response":79,"absDeviation":28,"callibration":"test","block":4,"seed":65,"numerosity":107,"matchType":"paired","which":"first","trial_type":"numerosity-estimation","trial_index":79,"time_elapsed":469556,"subject_id":"77522"},{"rt":3408,"stimulus":65,"slider_start":100,"sprites":"bears","response":76,"absDeviation":31,"callibration":"test","block":4,"seed":65,"numerosity":107,"matchType":"paired","which":"second","trial_type":"numerosity-estimation","trial_index":80,"time_elapsed":472966,"subject_id":"77522"},{"rt":4391,"stimulus":67,"slider_start":100,"sprites":"jellyBeans","response":76,"absDeviation":31,"callibration":"test","block":4,"seed":67,"numerosity":107,"matchType":"unpaired","which":"first","trial_type":"numerosity-estimation","trial_index":81,"time_elapsed":477361,"subject_id":"77522"},{"rt":5759,"stimulus":68,"slider_start":100,"sprites":"marbles","response":65,"absDeviation":85,"callibration":"test","block":4,"seed":68,"numerosity":150,"matchType":"unpaired","which":"first","trial_type":"numerosity-estimation","trial_index":82,"time_elapsed":483122,"subject_id":"77522"},{"rt":3310,"stimulus":69,"slider_start":100,"sprites":"mints","response":77,"absDeviation":44,"callibration":"test","block":4,"seed":69,"numerosity":121,"matchType":"paired","which":"first","trial_type":"numerosity-estimation","trial_index":83,"time_elapsed":486436,"subject_id":"77522"},{"rt":3032,"stimulus":69,"slider_start":100,"sprites":"mints","response":75,"absDeviation":46,"callibration":"test","block":4,"seed":69,"numerosity":121,"matchType":"paired","which":"second","trial_type":"numerosity-estimation","trial_index":84,"time_elapsed":489470,"subject_id":"77522"},{"rt":4360,"stimulus":71,"slider_start":100,"sprites":"buttons","response":89,"absDeviation":18,"callibration":"test","block":4,"seed":71,"numerosity":107,"matchType":"unpaired","which":"first","trial_type":"numerosity-estimation","trial_index":85,"time_elapsed":493833,"subject_id":"77522"},{"rt":3141,"stimulus":72,"slider_start":100,"sprites":"animalCrackers","response":54,"absDeviation":4,"callibration":"test","block":4,"seed":72,"numerosity":50,"matchType":"unpaired","which":"first","trial_type":"numerosity-estimation","trial_index":86,"time_elapsed":496978,"subject_id":"77522"},{"rt":2732,"stimulus":73,"slider_start":100,"sprites":"letters","response":57,"absDeviation":21,"callibration":"test","block":4,"seed":73,"numerosity":78,"matchType":"paired","which":"first","trial_type":"numerosity-estimation","trial_index":87,"time_elapsed":499714,"subject_id":"77522"},{"rt":4327,"stimulus":73,"slider_start":100,"sprites":"letters","response":60,"absDeviation":18,"callibration":"test","block":4,"seed":73,"numerosity":78,"matchType":"paired","which":"second","trial_type":"numerosity-estimation","trial_index":88,"time_elapsed":504044,"subject_id":"77522"},{"rt":5344,"stimulus":75,"slider_start":100,"sprites":"hearts","response":71,"absDeviation":21,"callibration":"test","block":4,"seed":75,"numerosity":92,"matchType":"unpaired","which":"first","trial_type":"numerosity-estimation","trial_index":89,"time_elapsed":509391,"subject_id":"77522"},{"rt":3230,"stimulus":76,"slider_start":100,"sprites":"crackers","response":62,"absDeviation":2,"callibration":"test","block":4,"seed":76,"numerosity":64,"matchType":"unpaired","which":"first","trial_type":"numerosity-estimation","trial_index":90,"time_elapsed":512623,"subject_id":"77522"},{"rt":3881,"stimulus":77,"slider_start":100,"sprites":"bears","response":85,"absDeviation":50,"callibration":"test","block":4,"seed":77,"numerosity":135,"matchType":"paired","which":"first","trial_type":"numerosity-estimation","trial_index":91,"time_elapsed":516506,"subject_id":"77522"},{"rt":2653,"stimulus":77,"slider_start":100,"sprites":"bears","response":87,"absDeviation":48,"callibration":"test","block":4,"seed":77,"numerosity":135,"matchType":"paired","which":"second","trial_type":"numerosity-estimation","trial_index":92,"time_elapsed":519163,"subject_id":"77522"},{"rt":6000,"stimulus":79,"slider_start":100,"sprites":"jellyBeans","response":42,"absDeviation":8,"callibration":"test","block":4,"seed":79,"numerosity":50,"matchType":"unpaired","which":"first","trial_type":"numerosity-estimation","trial_index":93,"time_elapsed":525165,"subject_id":"77522"},{"rt":2608,"stimulus":80,"slider_start":100,"sprites":"marbles","response":53,"absDeviation":68,"callibration":"test","block":4,"seed":80,"numerosity":121,"matchType":"unpaired","which":"first","trial_type":"numerosity-estimation","trial_index":94,"time_elapsed":527775,"subject_id":"77522"},{"rt":1193,"stimulus":"<p> For the last block of trials, the average deviation of your guesses from correct answers was 33.</p>\n     <p>The smaller the deviation the better.  Your deviation was <b> good</b>.</p><br>\n       <p>Press any key to continue to the next block of trials</p>","response":" ","trial_type":"html-keyboard-response","trial_index":95,"time_elapsed":528971,"subject_id":"77522"},{"rt":4379,"stimulus":81,"slider_start":100,"sprites":"mints","response":77,"absDeviation":44,"callibration":"test","block":5,"seed":81,"numerosity":121,"matchType":"paired","which":"first","trial_type":"numerosity-estimation","trial_index":96,"time_elapsed":533354,"subject_id":"77522"},{"rt":2255,"stimulus":81,"slider_start":100,"sprites":"mints","response":80,"absDeviation":41,"callibration":"test","block":5,"seed":81,"numerosity":121,"matchType":"paired","which":"second","trial_type":"numerosity-estimation","trial_index":97,"time_elapsed":535610,"subject_id":"77522"},{"rt":2998,"stimulus":83,"slider_start":100,"sprites":"buttons","response":77,"absDeviation":44,"callibration":"test","block":5,"seed":83,"numerosity":121,"matchType":"unpaired","which":"first","trial_type":"numerosity-estimation","trial_index":98,"time_elapsed":538612,"subject_id":"77522"},{"rt":2749,"stimulus":84,"slider_start":100,"sprites":"animalCrackers","response":51,"absDeviation":1,"callibration":"test","block":5,"seed":84,"numerosity":50,"matchType":"unpaired","which":"first","trial_type":"numerosity-estimation","trial_index":99,"time_elapsed":541364,"subject_id":"77522"},{"rt":3800,"stimulus":85,"slider_start":100,"sprites":"letters","response":46,"absDeviation":18,"callibration":"test","block":5,"seed":85,"numerosity":64,"matchType":"paired","which":"first","trial_type":"numerosity-estimation","trial_index":100,"time_elapsed":545167,"subject_id":"77522"},{"rt":2790,"stimulus":85,"slider_start":100,"sprites":"letters","response":45,"absDeviation":19,"callibration":"test","block":5,"seed":85,"numerosity":64,"matchType":"paired","which":"second","trial_type":"numerosity-estimation","trial_index":101,"time_elapsed":547959,"subject_id":"77522"},{"rt":2881,"stimulus":87,"slider_start":100,"sprites":"hearts","response":53,"absDeviation":3,"callibration":"test","block":5,"seed":87,"numerosity":50,"matchType":"unpaired","which":"first","trial_type":"numerosity-estimation","trial_index":102,"time_elapsed":550842,"subject_id":"77522"},{"rt":4423,"stimulus":88,"slider_start":100,"sprites":"crackers","response":69,"absDeviation":66,"callibration":"test","block":5,"seed":88,"numerosity":135,"matchType":"unpaired","which":"first","trial_type":"numerosity-estimation","trial_index":103,"time_elapsed":555268,"subject_id":"77522"},{"rt":3736,"stimulus":89,"slider_start":100,"sprites":"bears","response":69,"absDeviation":19,"callibration":"test","block":5,"seed":89,"numerosity":50,"matchType":"paired","which":"first","trial_type":"numerosity-estimation","trial_index":104,"time_elapsed":559006,"subject_id":"77522"},{"rt":3093,"stimulus":89,"slider_start":100,"sprites":"bears","response":65,"absDeviation":15,"callibration":"test","block":5,"seed":89,"numerosity":50,"matchType":"paired","which":"second","trial_type":"numerosity-estimation","trial_index":105,"time_elapsed":562103,"subject_id":"77522"},{"rt":6745,"stimulus":91,"slider_start":100,"sprites":"jellyBeans","response":67,"absDeviation":25,"callibration":"test","block":5,"seed":91,"numerosity":92,"matchType":"unpaired","which":"first","trial_type":"numerosity-estimation","trial_index":106,"time_elapsed":568851,"subject_id":"77522"},{"rt":4327,"stimulus":92,"slider_start":100,"sprites":"marbles","response":59,"absDeviation":62,"callibration":"test","block":5,"seed":92,"numerosity":121,"matchType":"unpaired","which":"first","trial_type":"numerosity-estimation","trial_index":107,"time_elapsed":573181,"subject_id":"77522"},{"rt":3654,"stimulus":93,"slider_start":100,"sprites":"mints","response":68,"absDeviation":10,"callibration":"test","block":5,"seed":93,"numerosity":78,"matchType":"paired","which":"first","trial_type":"numerosity-estimation","trial_index":108,"time_elapsed":576838,"subject_id":"77522"},{"rt":3006,"stimulus":93,"slider_start":100,"sprites":"mints","response":66,"absDeviation":12,"callibration":"test","block":5,"seed":93,"numerosity":78,"matchType":"paired","which":"second","trial_type":"numerosity-estimation","trial_index":109,"time_elapsed":579847,"subject_id":"77522"},{"rt":2431,"stimulus":95,"slider_start":100,"sprites":"buttons","response":60,"absDeviation":4,"callibration":"test","block":5,"seed":95,"numerosity":64,"matchType":"unpaired","which":"first","trial_type":"numerosity-estimation","trial_index":110,"time_elapsed":582280,"subject_id":"77522"},{"rt":3096,"stimulus":96,"slider_start":100,"sprites":"animalCrackers","response":62,"absDeviation":30,"callibration":"test","block":5,"seed":96,"numerosity":92,"matchType":"unpaired","which":"first","trial_type":"numerosity-estimation","trial_index":111,"time_elapsed":585378,"subject_id":"77522"},{"rt":1346,"stimulus":"<p> For the last block of trials, the average deviation of your guesses from correct answers was 26.</p>\n     <p>The smaller the deviation the better.  Your deviation was <b> good</b>.</p><br>\n       <p>Press any key to continue to the next block of trials</p>","response":" ","trial_type":"html-keyboard-response","trial_index":112,"time_elapsed":586727,"subject_id":"77522"},{"rt":4130,"stimulus":2,"slider_start":100,"sprites":"butterflies","response":73,"absDeviation":62,"callibration":"test","block":6,"seed":2,"numerosity":135,"matchType":"paired","which":"first","trial_type":"numerosity-estimation","trial_index":113,"time_elapsed":590860,"subject_id":"77522"},{"rt":2656,"stimulus":2,"slider_start":100,"sprites":"butterflies","response":70,"absDeviation":65,"callibration":"test","block":6,"seed":2,"numerosity":135,"matchType":"paired","which":"second","trial_type":"numerosity-estimation","trial_index":114,"time_elapsed":593517,"subject_id":"77522"},{"rt":5824,"stimulus":3,"slider_start":100,"sprites":"hearts","response":47,"absDeviation":3,"callibration":"test","block":6,"seed":3,"numerosity":50,"matchType":"unpaired","which":"second","trial_type":"numerosity-estimation","trial_index":115,"time_elapsed":599344,"subject_id":"77522"},{"rt":3415,"stimulus":4,"slider_start":100,"sprites":"crackers","response":63,"absDeviation":44,"callibration":"test","block":6,"seed":4,"numerosity":107,"matchType":"unpaired","which":"second","trial_type":"numerosity-estimation","trial_index":116,"time_elapsed":602761,"subject_id":"77522"},{"rt":2983,"stimulus":6,"slider_start":100,"sprites":"fruits","response":65,"absDeviation":13,"callibration":"test","block":6,"seed":6,"numerosity":78,"matchType":"paired","which":"first","trial_type":"numerosity-estimation","trial_index":117,"time_elapsed":605747,"subject_id":"77522"},{"rt":4926,"stimulus":6,"slider_start":100,"sprites":"fruits","response":79,"absDeviation":1,"callibration":"test","block":6,"seed":6,"numerosity":78,"matchType":"paired","which":"second","trial_type":"numerosity-estimation","trial_index":118,"time_elapsed":610677,"subject_id":"77522"},{"rt":2734,"stimulus":7,"slider_start":100,"sprites":"jellyBeans","response":78,"absDeviation":28,"callibration":"test","block":6,"seed":7,"numerosity":50,"matchType":"unpaired","which":"second","trial_type":"numerosity-estimation","trial_index":119,"time_elapsed":613414,"subject_id":"77522"},{"rt":3080,"stimulus":8,"slider_start":100,"sprites":"marbles","response":74,"absDeviation":18,"callibration":"test","block":6,"seed":8,"numerosity":92,"matchType":"unpaired","which":"second","trial_type":"numerosity-estimation","trial_index":120,"time_elapsed":616496,"subject_id":"77522"},{"rt":3159,"stimulus":10,"slider_start":100,"sprites":"rocks","response":64,"absDeviation":14,"callibration":"test","block":6,"seed":10,"numerosity":50,"matchType":"paired","which":"first","trial_type":"numerosity-estimation","trial_index":121,"time_elapsed":619657,"subject_id":"77522"},{"rt":3040,"stimulus":10,"slider_start":100,"sprites":"rocks","response":59,"absDeviation":9,"callibration":"test","block":6,"seed":10,"numerosity":50,"matchType":"paired","which":"second","trial_type":"numerosity-estimation","trial_index":122,"time_elapsed":622700,"subject_id":"77522"},{"rt":5526,"stimulus":11,"slider_start":100,"sprites":"buttons","response":89,"absDeviation":18,"callibration":"test","block":6,"seed":11,"numerosity":107,"matchType":"unpaired","which":"second","trial_type":"numerosity-estimation","trial_index":123,"time_elapsed":628229,"subject_id":"77522"},{"rt":2840,"stimulus":12,"slider_start":100,"sprites":"animalCrackers","response":78,"absDeviation":14,"callibration":"test","block":6,"seed":12,"numerosity":92,"matchType":"unpaired","which":"second","trial_type":"numerosity-estimation","trial_index":124,"time_elapsed":631071,"subject_id":"77522"},{"rt":3150,"stimulus":14,"slider_start":100,"sprites":"butterflies","response":86,"absDeviation":64,"callibration":"test","block":6,"seed":14,"numerosity":150,"matchType":"paired","which":"first","trial_type":"numerosity-estimation","trial_index":125,"time_elapsed":634223,"subject_id":"77522"},{"rt":2793,"stimulus":14,"slider_start":100,"sprites":"butterflies","response":88,"absDeviation":62,"callibration":"test","block":6,"seed":14,"numerosity":150,"matchType":"paired","which":"second","trial_type":"numerosity-estimation","trial_index":126,"time_elapsed":637017,"subject_id":"77522"},{"rt":3560,"stimulus":15,"slider_start":100,"sprites":"hearts","response":105,"absDeviation":16,"callibration":"test","block":6,"seed":15,"numerosity":121,"matchType":"unpaired","which":"second","trial_type":"numerosity-estimation","trial_index":127,"time_elapsed":640579,"subject_id":"77522"},{"rt":2367,"stimulus":16,"slider_start":100,"sprites":"crackers","response":85,"absDeviation":21,"callibration":"test","block":6,"seed":16,"numerosity":64,"matchType":"unpaired","which":"second","trial_type":"numerosity-estimation","trial_index":128,"time_elapsed":642948,"subject_id":"77522"},{"rt":1051,"stimulus":"<p> For the last block of trials, the average deviation of your guesses from correct answers was 28.</p>\n     <p>The smaller the deviation the better.  Your deviation was <b> good</b>.</p><br>\n       <p>Press any key to continue to the next block of trials</p>","response":" ","trial_type":"html-keyboard-response","trial_index":129,"time_elapsed":644001,"subject_id":"77522"},{"rt":4071,"stimulus":18,"slider_start":100,"sprites":"fruits","response":84,"absDeviation":23,"callibration":"test","block":7,"seed":18,"numerosity":107,"matchType":"paired","which":"first","trial_type":"numerosity-estimation","trial_index":130,"time_elapsed":648075,"subject_id":"77522"},{"rt":4271,"stimulus":18,"slider_start":100,"sprites":"fruits","response":85,"absDeviation":22,"callibration":"test","block":7,"seed":18,"numerosity":107,"matchType":"paired","which":"second","trial_type":"numerosity-estimation","trial_index":131,"time_elapsed":652349,"subject_id":"77522"},{"rt":4239,"stimulus":19,"slider_start":100,"sprites":"jellyBeans","response":90,"absDeviation":45,"callibration":"test","block":7,"seed":19,"numerosity":135,"matchType":"unpaired","which":"second","trial_type":"numerosity-estimation","trial_index":132,"time_elapsed":656592,"subject_id":"77522"},{"rt":3142,"stimulus":20,"slider_start":100,"sprites":"marbles","response":86,"absDeviation":8,"callibration":"test","block":7,"seed":20,"numerosity":78,"matchType":"unpaired","which":"second","trial_type":"numerosity-estimation","trial_index":133,"time_elapsed":659737,"subject_id":"77522"},{"rt":3719,"stimulus":22,"slider_start":100,"sprites":"rocks","response":87,"absDeviation":5,"callibration":"test","block":7,"seed":22,"numerosity":92,"matchType":"paired","which":"first","trial_type":"numerosity-estimation","trial_index":134,"time_elapsed":663459,"subject_id":"77522"},{"rt":3097,"stimulus":22,"slider_start":100,"sprites":"rocks","response":86,"absDeviation":6,"callibration":"test","block":7,"seed":22,"numerosity":92,"matchType":"paired","which":"second","trial_type":"numerosity-estimation","trial_index":135,"time_elapsed":666558,"subject_id":"77522"},{"rt":7646,"stimulus":23,"slider_start":100,"sprites":"buttons","response":116,"absDeviation":34,"callibration":"test","block":7,"seed":23,"numerosity":150,"matchType":"unpaired","which":"second","trial_type":"numerosity-estimation","trial_index":136,"time_elapsed":674207,"subject_id":"77522"},{"rt":4209,"stimulus":24,"slider_start":100,"sprites":"animalCrackers","response":114,"absDeviation":7,"callibration":"test","block":7,"seed":24,"numerosity":107,"matchType":"unpaired","which":"second","trial_type":"numerosity-estimation","trial_index":137,"time_elapsed":678417,"subject_id":"77522"},{"rt":5209,"stimulus":26,"slider_start":100,"sprites":"butterflies","response":77,"absDeviation":15,"callibration":"test","block":7,"seed":26,"numerosity":92,"matchType":"paired","which":"first","trial_type":"numerosity-estimation","trial_index":138,"time_elapsed":683628,"subject_id":"77522"},{"rt":2573,"stimulus":26,"slider_start":100,"sprites":"butterflies","response":76,"absDeviation":16,"callibration":"test","block":7,"seed":26,"numerosity":92,"matchType":"paired","which":"second","trial_type":"numerosity-estimation","trial_index":139,"time_elapsed":686205,"subject_id":"77522"},{"rt":5506,"stimulus":27,"slider_start":100,"sprites":"hearts","response":108,"absDeviation":13,"callibration":"test","block":7,"seed":27,"numerosity":121,"matchType":"unpaired","which":"second","trial_type":"numerosity-estimation","trial_index":140,"time_elapsed":691713,"subject_id":"77522"},{"rt":3246,"stimulus":28,"slider_start":100,"sprites":"crackers","response":111,"absDeviation":39,"callibration":"test","block":7,"seed":28,"numerosity":150,"matchType":"unpaired","which":"second","trial_type":"numerosity-estimation","trial_index":141,"time_elapsed":694962,"subject_id":"77522"},{"rt":2574,"stimulus":30,"slider_start":100,"sprites":"fruits","response":111,"absDeviation":4,"callibration":"test","block":7,"seed":30,"numerosity":107,"matchType":"paired","which":"first","trial_type":"numerosity-estimation","trial_index":142,"time_elapsed":697538,"subject_id":"77522"},{"rt":2687,"stimulus":30,"slider_start":100,"sprites":"fruits","response":113,"absDeviation":6,"callibration":"test","block":7,"seed":30,"numerosity":107,"matchType":"paired","which":"second","trial_type":"numerosity-estimation","trial_index":143,"time_elapsed":700227,"subject_id":"77522"},{"rt":3096,"stimulus":31,"slider_start":100,"sprites":"jellyBeans","response":111,"absDeviation":39,"callibration":"test","block":7,"seed":31,"numerosity":150,"matchType":"unpaired","which":"second","trial_type":"numerosity-estimation","trial_index":144,"time_elapsed":703325,"subject_id":"77522"},{"rt":6840,"stimulus":32,"slider_start":100,"sprites":"marbles","response":89,"absDeviation":46,"callibration":"test","block":7,"seed":32,"numerosity":135,"matchType":"unpaired","which":"second","trial_type":"numerosity-estimation","trial_index":145,"time_elapsed":710166,"subject_id":"77522"},{"rt":6107,"stimulus":"<p> For the last block of trials, the average deviation of your guesses from correct answers was 21.</p>\n     <p>The smaller the deviation the better.  Your deviation was <b> VERY good</b>.</p><br>\n       <p>Press any key to continue to the next block of trials</p>","response":" ","trial_type":"html-keyboard-response","trial_index":146,"time_elapsed":716274,"subject_id":"77522"},{"rt":6800,"stimulus":34,"slider_start":100,"sprites":"rocks","response":77,"absDeviation":27,"callibration":"test","block":8,"seed":34,"numerosity":50,"matchType":"paired","which":"first","trial_type":"numerosity-estimation","trial_index":147,"time_elapsed":723077,"subject_id":"77522"},{"rt":2944,"stimulus":34,"slider_start":100,"sprites":"rocks","response":79,"absDeviation":29,"callibration":"test","block":8,"seed":34,"numerosity":50,"matchType":"paired","which":"second","trial_type":"numerosity-estimation","trial_index":148,"time_elapsed":726023,"subject_id":"77522"},{"rt":2870,"stimulus":35,"slider_start":100,"sprites":"buttons","response":76,"absDeviation":2,"callibration":"test","block":8,"seed":35,"numerosity":78,"matchType":"unpaired","which":"second","trial_type":"numerosity-estimation","trial_index":149,"time_elapsed":728896,"subject_id":"77522"},{"rt":7216,"stimulus":36,"slider_start":100,"sprites":"animalCrackers","response":50,"absDeviation":0,"callibration":"test","block":8,"seed":36,"numerosity":50,"matchType":"unpaired","which":"second","trial_type":"numerosity-estimation","trial_index":150,"time_elapsed":736115,"subject_id":"77522"},{"rt":3942,"stimulus":38,"slider_start":100,"sprites":"butterflies","response":52,"absDeviation":26,"callibration":"test","block":8,"seed":38,"numerosity":78,"matchType":"paired","which":"first","trial_type":"numerosity-estimation","trial_index":151,"time_elapsed":740060,"subject_id":"77522"},{"rt":2208,"stimulus":38,"slider_start":100,"sprites":"butterflies","response":50,"absDeviation":28,"callibration":"test","block":8,"seed":38,"numerosity":78,"matchType":"paired","which":"second","trial_type":"numerosity-estimation","trial_index":152,"time_elapsed":742270,"subject_id":"77522"},{"rt":4887,"stimulus":39,"slider_start":100,"sprites":"hearts","response":66,"absDeviation":12,"callibration":"test","block":8,"seed":39,"numerosity":78,"matchType":"unpaired","which":"second","trial_type":"numerosity-estimation","trial_index":153,"time_elapsed":747160,"subject_id":"77522"},{"rt":5993,"stimulus":40,"slider_start":100,"sprites":"crackers","response":74,"absDeviation":47,"callibration":"test","block":8,"seed":40,"numerosity":121,"matchType":"unpaired","which":"second","trial_type":"numerosity-estimation","trial_index":154,"time_elapsed":753155,"subject_id":"77522"},{"rt":2943,"stimulus":42,"slider_start":100,"sprites":"fruits","response":78,"absDeviation":0,"callibration":"test","block":8,"seed":42,"numerosity":78,"matchType":"paired","which":"first","trial_type":"numerosity-estimation","trial_index":155,"time_elapsed":756102,"subject_id":"77522"},{"rt":2692,"stimulus":42,"slider_start":100,"sprites":"fruits","response":76,"absDeviation":2,"callibration":"test","block":8,"seed":42,"numerosity":78,"matchType":"paired","which":"second","trial_type":"numerosity-estimation","trial_index":156,"time_elapsed":758797,"subject_id":"77522"},{"rt":3967,"stimulus":43,"slider_start":100,"sprites":"jellyBeans","response":62,"absDeviation":2,"callibration":"test","block":8,"seed":43,"numerosity":64,"matchType":"unpaired","which":"second","trial_type":"numerosity-estimation","trial_index":157,"time_elapsed":762766,"subject_id":"77522"},{"rt":5729,"stimulus":44,"slider_start":100,"sprites":"marbles","response":81,"absDeviation":40,"callibration":"test","block":8,"seed":44,"numerosity":121,"matchType":"unpaired","which":"second","trial_type":"numerosity-estimation","trial_index":158,"time_elapsed":768497,"subject_id":"77522"},{"rt":5719,"stimulus":46,"slider_start":100,"sprites":"rocks","response":87,"absDeviation":20,"callibration":"test","block":8,"seed":46,"numerosity":107,"matchType":"paired","which":"first","trial_type":"numerosity-estimation","trial_index":159,"time_elapsed":774219,"subject_id":"77522"},{"rt":2575,"stimulus":46,"slider_start":100,"sprites":"rocks","response":88,"absDeviation":19,"callibration":"test","block":8,"seed":46,"numerosity":107,"matchType":"paired","which":"second","trial_type":"numerosity-estimation","trial_index":160,"time_elapsed":776796,"subject_id":"77522"},{"rt":4177,"stimulus":47,"slider_start":100,"sprites":"buttons","response":104,"absDeviation":17,"callibration":"test","block":8,"seed":47,"numerosity":121,"matchType":"unpaired","which":"second","trial_type":"numerosity-estimation","trial_index":161,"time_elapsed":780976,"subject_id":"77522"},{"rt":5534,"stimulus":48,"slider_start":100,"sprites":"animalCrackers","response":107,"absDeviation":28,"callibration":"test","block":8,"seed":48,"numerosity":135,"matchType":"unpaired","which":"second","trial_type":"numerosity-estimation","trial_index":162,"time_elapsed":786512,"subject_id":"77522"},{"rt":3383,"stimulus":"<p> For the last block of trials, the average deviation of your guesses from correct answers was 19.</p>\n     <p>The smaller the deviation the better.  Your deviation was <b> VERY good</b>.</p><br>\n       <p>Press any key to continue to the next block of trials</p>","response":" ","trial_type":"html-keyboard-response","trial_index":163,"time_elapsed":789898,"subject_id":"77522"},{"rt":4484,"stimulus":50,"slider_start":100,"sprites":"butterflies","response":79,"absDeviation":71,"callibration":"test","block":9,"seed":50,"numerosity":150,"matchType":"paired","which":"first","trial_type":"numerosity-estimation","trial_index":164,"time_elapsed":794386,"subject_id":"77522"},{"rt":2584,"stimulus":50,"slider_start":100,"sprites":"butterflies","response":81,"absDeviation":69,"callibration":"test","block":9,"seed":50,"numerosity":150,"matchType":"paired","which":"second","trial_type":"numerosity-estimation","trial_index":165,"time_elapsed":796971,"subject_id":"77522"},{"rt":5880,"stimulus":51,"slider_start":100,"sprites":"hearts","response":104,"absDeviation":46,"callibration":"test","block":9,"seed":51,"numerosity":150,"matchType":"unpaired","which":"second","trial_type":"numerosity-estimation","trial_index":166,"time_elapsed":802854,"subject_id":"77522"},{"rt":5831,"stimulus":52,"slider_start":100,"sprites":"crackers","response":70,"absDeviation":8,"callibration":"test","block":9,"seed":52,"numerosity":78,"matchType":"unpaired","which":"second","trial_type":"numerosity-estimation","trial_index":167,"time_elapsed":808687,"subject_id":"77522"},{"rt":3312,"stimulus":54,"slider_start":100,"sprites":"fruits","response":75,"absDeviation":17,"callibration":"test","block":9,"seed":54,"numerosity":92,"matchType":"paired","which":"first","trial_type":"numerosity-estimation","trial_index":168,"time_elapsed":812001,"subject_id":"77522"},{"rt":2479,"stimulus":54,"slider_start":100,"sprites":"fruits","response":76,"absDeviation":16,"callibration":"test","block":9,"seed":54,"numerosity":92,"matchType":"paired","which":"second","trial_type":"numerosity-estimation","trial_index":169,"time_elapsed":814482,"subject_id":"77522"},{"rt":3352,"stimulus":55,"slider_start":100,"sprites":"jellyBeans","response":85,"absDeviation":36,"callibration":"test","block":9,"seed":55,"numerosity":121,"matchType":"unpaired","which":"second","trial_type":"numerosity-estimation","trial_index":170,"time_elapsed":817836,"subject_id":"77522"},{"rt":3274,"stimulus":56,"slider_start":100,"sprites":"marbles","response":64,"absDeviation":0,"callibration":"test","block":9,"seed":56,"numerosity":64,"matchType":"unpaired","which":"second","trial_type":"numerosity-estimation","trial_index":171,"time_elapsed":821113,"subject_id":"77522"},{"rt":3647,"stimulus":58,"slider_start":100,"sprites":"rocks","response":78,"absDeviation":43,"callibration":"test","block":9,"seed":58,"numerosity":121,"matchType":"paired","which":"first","trial_type":"numerosity-estimation","trial_index":172,"time_elapsed":824763,"subject_id":"77522"},{"rt":3475,"stimulus":58,"slider_start":100,"sprites":"rocks","response":109,"absDeviation":12,"callibration":"test","block":9,"seed":58,"numerosity":121,"matchType":"paired","which":"second","trial_type":"numerosity-estimation","trial_index":173,"time_elapsed":828240,"subject_id":"77522"},{"rt":3254,"stimulus":59,"slider_start":100,"sprites":"buttons","response":107,"absDeviation":28,"callibration":"test","block":9,"seed":59,"numerosity":135,"matchType":"unpaired","which":"second","trial_type":"numerosity-estimation","trial_index":174,"time_elapsed":831497,"subject_id":"77522"},{"rt":3270,"stimulus":60,"slider_start":100,"sprites":"animalCrackers","response":112,"absDeviation":38,"callibration":"test","block":9,"seed":60,"numerosity":150,"matchType":"unpaired","which":"second","trial_type":"numerosity-estimation","trial_index":175,"time_elapsed":834771,"subject_id":"77522"},{"rt":4728,"stimulus":62,"slider_start":100,"sprites":"butterflies","response":96,"absDeviation":39,"callibration":"test","block":9,"seed":62,"numerosity":135,"matchType":"paired","which":"first","trial_type":"numerosity-estimation","trial_index":176,"time_elapsed":839500,"subject_id":"77522"},{"rt":3440,"stimulus":62,"slider_start":100,"sprites":"butterflies","response":91,"absDeviation":44,"callibration":"test","block":9,"seed":62,"numerosity":135,"matchType":"paired","which":"second","trial_type":"numerosity-estimation","trial_index":177,"time_elapsed":842943,"subject_id":"77522"},{"rt":5720,"stimulus":63,"slider_start":100,"sprites":"hearts","response":66,"absDeviation":2,"callibration":"test","block":9,"seed":63,"numerosity":64,"matchType":"unpaired","which":"second","trial_type":"numerosity-estimation","trial_index":178,"time_elapsed":848666,"subject_id":"77522"},{"rt":3494,"stimulus":64,"slider_start":100,"sprites":"crackers","response":78,"absDeviation":57,"callibration":"test","block":9,"seed":64,"numerosity":135,"matchType":"unpaired","which":"second","trial_type":"numerosity-estimation","trial_index":179,"time_elapsed":852162,"subject_id":"77522"},{"rt":1070,"stimulus":"<p> For the last block of trials, the average deviation of your guesses from correct answers was 33.</p>\n     <p>The smaller the deviation the better.  Your deviation was <b> good</b>.</p><br>\n       <p>Press any key to continue to the next block of trials</p>","response":" ","trial_type":"html-keyboard-response","trial_index":180,"time_elapsed":853233,"subject_id":"77522"},{"rt":4065,"stimulus":66,"slider_start":100,"sprites":"fruits","response":58,"absDeviation":6,"callibration":"test","block":10,"seed":66,"numerosity":64,"matchType":"paired","which":"first","trial_type":"numerosity-estimation","trial_index":181,"time_elapsed":857301,"subject_id":"77522"},{"rt":3006,"stimulus":66,"slider_start":100,"sprites":"fruits","response":64,"absDeviation":0,"callibration":"test","block":10,"seed":66,"numerosity":64,"matchType":"paired","which":"second","trial_type":"numerosity-estimation","trial_index":182,"time_elapsed":860311,"subject_id":"77522"},{"rt":4094,"stimulus":67,"slider_start":100,"sprites":"jellyBeans","response":66,"absDeviation":41,"callibration":"test","block":10,"seed":67,"numerosity":107,"matchType":"unpaired","which":"second","trial_type":"numerosity-estimation","trial_index":183,"time_elapsed":864408,"subject_id":"77522"},{"rt":3624,"stimulus":68,"slider_start":100,"sprites":"marbles","response":71,"absDeviation":79,"callibration":"test","block":10,"seed":68,"numerosity":150,"matchType":"unpaired","which":"second","trial_type":"numerosity-estimation","trial_index":184,"time_elapsed":868035,"subject_id":"77522"},{"rt":4847,"stimulus":70,"slider_start":100,"sprites":"rocks","response":73,"absDeviation":19,"callibration":"test","block":10,"seed":70,"numerosity":92,"matchType":"paired","which":"first","trial_type":"numerosity-estimation","trial_index":185,"time_elapsed":872884,"subject_id":"77522"},{"rt":4895,"stimulus":70,"slider_start":100,"sprites":"rocks","response":83,"absDeviation":9,"callibration":"test","block":10,"seed":70,"numerosity":92,"matchType":"paired","which":"second","trial_type":"numerosity-estimation","trial_index":186,"time_elapsed":877781,"subject_id":"77522"},{"rt":2815,"stimulus":71,"slider_start":100,"sprites":"buttons","response":86,"absDeviation":21,"callibration":"test","block":10,"seed":71,"numerosity":107,"matchType":"unpaired","which":"second","trial_type":"numerosity-estimation","trial_index":187,"time_elapsed":880598,"subject_id":"77522"},{"rt":5889,"stimulus":72,"slider_start":100,"sprites":"animalCrackers","response":51,"absDeviation":1,"callibration":"test","block":10,"seed":72,"numerosity":50,"matchType":"unpaired","which":"second","trial_type":"numerosity-estimation","trial_index":188,"time_elapsed":886489,"subject_id":"77522"},{"rt":6359,"stimulus":74,"slider_start":100,"sprites":"butterflies","response":44,"absDeviation":20,"callibration":"test","block":10,"seed":74,"numerosity":64,"matchType":"paired","which":"first","trial_type":"numerosity-estimation","trial_index":189,"time_elapsed":892851,"subject_id":"77522"},{"rt":2680,"stimulus":74,"slider_start":100,"sprites":"butterflies","response":43,"absDeviation":21,"callibration":"test","block":10,"seed":74,"numerosity":64,"matchType":"paired","which":"second","trial_type":"numerosity-estimation","trial_index":190,"time_elapsed":895533,"subject_id":"77522"},{"rt":4609,"stimulus":75,"slider_start":100,"sprites":"hearts","response":57,"absDeviation":35,"callibration":"test","block":10,"seed":75,"numerosity":92,"matchType":"unpaired","which":"second","trial_type":"numerosity-estimation","trial_index":191,"time_elapsed":900145,"subject_id":"77522"},{"rt":2677,"stimulus":76,"slider_start":100,"sprites":"crackers","response":61,"absDeviation":3,"callibration":"test","block":10,"seed":76,"numerosity":64,"matchType":"unpaired","which":"second","trial_type":"numerosity-estimation","trial_index":192,"time_elapsed":902825,"subject_id":"77522"},{"rt":3807,"stimulus":78,"slider_start":100,"sprites":"fruits","response":60,"absDeviation":4,"callibration":"test","block":10,"seed":78,"numerosity":64,"matchType":"paired","which":"first","trial_type":"numerosity-estimation","trial_index":193,"time_elapsed":906635,"subject_id":"77522"},{"rt":3629,"stimulus":78,"slider_start":100,"sprites":"fruits","response":71,"absDeviation":7,"callibration":"test","block":10,"seed":78,"numerosity":64,"matchType":"paired","which":"second","trial_type":"numerosity-estimation","trial_index":194,"time_elapsed":910268,"subject_id":"77522"},{"rt":2825,"stimulus":79,"slider_start":100,"sprites":"jellyBeans","response":64,"absDeviation":14,"callibration":"test","block":10,"seed":79,"numerosity":50,"matchType":"unpaired","which":"second","trial_type":"numerosity-estimation","trial_index":195,"time_elapsed":913096,"subject_id":"77522"},{"rt":2754,"stimulus":80,"slider_start":100,"sprites":"marbles","response":77,"absDeviation":44,"callibration":"test","block":10,"seed":80,"numerosity":121,"matchType":"unpaired","which":"second","trial_type":"numerosity-estimation","trial_index":196,"time_elapsed":915854,"subject_id":"77522"},{"rt":18020,"stimulus":"<p> For the last block of trials, the average deviation of your guesses from correct answers was 20.</p>\n     <p>The smaller the deviation the better.  Your deviation was <b> VERY good</b>.</p><br>\n       <p>Press any key to continue to the next block of trials</p>","response":" ","trial_type":"html-keyboard-response","trial_index":197,"time_elapsed":933875,"subject_id":"77522"},{"rt":4184,"stimulus":82,"slider_start":100,"sprites":"rocks","response":69,"absDeviation":5,"callibration":"test","block":11,"seed":82,"numerosity":64,"matchType":"paired","which":"first","trial_type":"numerosity-estimation","trial_index":198,"time_elapsed":938063,"subject_id":"77522"},{"rt":4752,"stimulus":82,"slider_start":100,"sprites":"rocks","response":74,"absDeviation":10,"callibration":"test","block":11,"seed":82,"numerosity":64,"matchType":"paired","which":"second","trial_type":"numerosity-estimation","trial_index":199,"time_elapsed":942817,"subject_id":"77522"},{"rt":3077,"stimulus":83,"slider_start":100,"sprites":"buttons","response":92,"absDeviation":29,"callibration":"test","block":11,"seed":83,"numerosity":121,"matchType":"unpaired","which":"second","trial_type":"numerosity-estimation","trial_index":200,"time_elapsed":945898,"subject_id":"77522"},{"rt":2430,"stimulus":84,"slider_start":100,"sprites":"animalCrackers","response":69,"absDeviation":19,"callibration":"test","block":11,"seed":84,"numerosity":50,"matchType":"unpaired","which":"second","trial_type":"numerosity-estimation","trial_index":201,"time_elapsed":948331,"subject_id":"77522"},{"rt":5255,"stimulus":86,"slider_start":100,"sprites":"butterflies","response":66,"absDeviation":55,"callibration":"test","block":11,"seed":86,"numerosity":121,"matchType":"paired","which":"first","trial_type":"numerosity-estimation","trial_index":202,"time_elapsed":953589,"subject_id":"77522"},{"rt":3568,"stimulus":86,"slider_start":100,"sprites":"butterflies","response":76,"absDeviation":45,"callibration":"test","block":11,"seed":86,"numerosity":121,"matchType":"paired","which":"second","trial_type":"numerosity-estimation","trial_index":203,"time_elapsed":957158,"subject_id":"77522"},{"rt":4992,"stimulus":87,"slider_start":100,"sprites":"hearts","response":57,"absDeviation":7,"callibration":"test","block":11,"seed":87,"numerosity":50,"matchType":"unpaired","which":"second","trial_type":"numerosity-estimation","trial_index":204,"time_elapsed":962153,"subject_id":"77522"},{"rt":2894,"stimulus":88,"slider_start":100,"sprites":"crackers","response":108,"absDeviation":27,"callibration":"test","block":11,"seed":88,"numerosity":135,"matchType":"unpaired","which":"second","trial_type":"numerosity-estimation","trial_index":205,"time_elapsed":965048,"subject_id":"77522"},{"rt":2784,"stimulus":90,"slider_start":100,"sprites":"fruits","response":106,"absDeviation":44,"callibration":"test","block":11,"seed":90,"numerosity":150,"matchType":"paired","which":"first","trial_type":"numerosity-estimation","trial_index":206,"time_elapsed":967830,"subject_id":"77522"},{"rt":2703,"stimulus":90,"slider_start":100,"sprites":"fruits","response":112,"absDeviation":38,"callibration":"test","block":11,"seed":90,"numerosity":150,"matchType":"paired","which":"second","trial_type":"numerosity-estimation","trial_index":207,"time_elapsed":970533,"subject_id":"77522"},{"rt":4495,"stimulus":91,"slider_start":100,"sprites":"jellyBeans","response":84,"absDeviation":8,"callibration":"test","block":11,"seed":91,"numerosity":92,"matchType":"unpaired","which":"second","trial_type":"numerosity-estimation","trial_index":208,"time_elapsed":975028,"subject_id":"77522"},{"rt":3622,"stimulus":92,"slider_start":100,"sprites":"marbles","response":76,"absDeviation":45,"callibration":"test","block":11,"seed":92,"numerosity":121,"matchType":"unpaired","which":"second","trial_type":"numerosity-estimation","trial_index":209,"time_elapsed":978652,"subject_id":"77522"},{"rt":2935,"stimulus":94,"slider_start":100,"sprites":"rocks","response":76,"absDeviation":2,"callibration":"test","block":11,"seed":94,"numerosity":78,"matchType":"paired","which":"first","trial_type":"numerosity-estimation","trial_index":210,"time_elapsed":981587,"subject_id":"77522"},{"rt":2311,"stimulus":94,"slider_start":100,"sprites":"rocks","response":79,"absDeviation":1,"callibration":"test","block":11,"seed":94,"numerosity":78,"matchType":"paired","which":"second","trial_type":"numerosity-estimation","trial_index":211,"time_elapsed":983900,"subject_id":"77522"},{"rt":3630,"stimulus":95,"slider_start":100,"sprites":"buttons","response":64,"absDeviation":0,"callibration":"test","block":11,"seed":95,"numerosity":64,"matchType":"unpaired","which":"second","trial_type":"numerosity-estimation","trial_index":212,"time_elapsed":987533,"subject_id":"77522"},{"rt":2726,"stimulus":96,"slider_start":100,"sprites":"animalCrackers","response":70,"absDeviation":22,"callibration":"test","block":11,"seed":96,"numerosity":92,"matchType":"unpaired","which":"second","trial_type":"numerosity-estimation","trial_index":213,"time_elapsed":990261,"subject_id":"77522"},{"rt":1652,"stimulus":"<p> For the last block of trials, the average deviation of your guesses from correct answers was 22.</p>\n     <p>The smaller the deviation the better.  Your deviation was <b> VERY good</b>.</p><br>\n       <p>Press any key to continue to the next block of trials</p>","response":" ","trial_type":"html-keyboard-response","trial_index":214,"time_elapsed":991914,"subject_id":"77522"},{"rt":14871,"response":{"averageEstimates":"When the two displays occured back-to-back, in immediate succession.","firstOrSecond":"The second time the objects were shown"},"question_order":[0,1],"trial_type":"survey-multi-choice","trial_index":215,"time_elapsed":1006788,"subject_id":"77522"}]