[{"rt":10260,"url":"consent.html","trial_type":"external-html","trial_index":0,"time_elapsed":10300,"subject_id":"78257"},{"view_history":[{"page_index":0,"viewing_time":2414}],"rt":2414,"trial_type":"instructions","trial_index":1,"time_elapsed":12716,"subject_id":"78257"},{"rt":4242,"stimulus":0,"slider_start":100,"sprites":"animalCrackers","response":100,"absDeviation":50,"callibration":"callibration","block":-1,"seed":0,"numerosity":50,"matchType":"callibration","which":"first","trial_type":"numerosity-estimation","trial_index":2,"time_elapsed":16965,"subject_id":"78257"},{"rt":8083,"stimulus":1,"slider_start":100,"sprites":"letters","response":64,"absDeviation":0,"callibration":"callibration","block":-1,"seed":1,"numerosity":64,"matchType":"callibration","which":"first","trial_type":"numerosity-estimation","trial_index":3,"time_elapsed":25050,"subject_id":"78257"},{"rt":2046,"stimulus":2,"slider_start":100,"sprites":"butterflies","response":100,"absDeviation":22,"callibration":"callibration","block":-1,"seed":2,"numerosity":78,"matchType":"callibration","which":"first","trial_type":"numerosity-estimation","trial_index":4,"time_elapsed":27099,"subject_id":"78257"},{"rt":1932,"stimulus":3,"slider_start":100,"sprites":"hearts","response":100,"absDeviation":8,"callibration":"callibration","block":-1,"seed":3,"numerosity":92,"matchType":"callibration","which":"first","trial_type":"numerosity-estimation","trial_index":5,"time_elapsed":29033,"subject_id":"78257"},{"rt":1530,"stimulus":4,"slider_start":100,"sprites":"crackers","response":100,"absDeviation":7,"callibration":"callibration","block":-1,"seed":4,"numerosity":107,"matchType":"callibration","which":"first","trial_type":"numerosity-estimation","trial_index":6,"time_elapsed":30566,"subject_id":"78257"},{"rt":1430,"stimulus":5,"slider_start":100,"sprites":"bears","response":100,"absDeviation":21,"callibration":"callibration","block":-1,"seed":5,"numerosity":121,"matchType":"callibration","which":"first","trial_type":"numerosity-estimation","trial_index":7,"time_elapsed":32000,"subject_id":"78257"},{"rt":1413,"stimulus":6,"slider_start":100,"sprites":"fruits","response":100,"absDeviation":35,"callibration":"callibration","block":-1,"seed":6,"numerosity":135,"matchType":"callibration","which":"first","trial_type":"numerosity-estimation","trial_index":8,"time_elapsed":33416,"subject_id":"78257"},{"rt":1281,"stimulus":7,"slider_start":100,"sprites":"jellyBeans","response":100,"absDeviation":50,"callibration":"callibration","block":-1,"seed":7,"numerosity":150,"matchType":"callibration","which":"first","trial_type":"numerosity-estimation","trial_index":9,"time_elapsed":34700,"subject_id":"78257"},{"view_history":[{"page_index":0,"viewing_time":1415}],"rt":1415,"trial_type":"instructions","trial_index":10,"time_elapsed":36116,"subject_id":"78257"},{"rt":9630,"stimulus":1,"slider_start":100,"sprites":"letters","response":101,"absDeviation":9,"callibration":"test","block":0,"seed":1,"numerosity":92,"matchType":"paired","which":"first","trial_type":"numerosity-estimation","trial_index":11,"time_elapsed":45749,"subject_id":"78257"},{"rt":4580,"stimulus":1,"slider_start":100,"sprites":"letters","response":101,"absDeviation":9,"callibration":"test","block":0,"seed":1,"numerosity":92,"matchType":"paired","which":"second","trial_type":"numerosity-estimation","trial_index":12,"time_elapsed":50333,"subject_id":"78257"},{"rt":5798,"stimulus":3,"slider_start":100,"sprites":"hearts","response":52,"absDeviation":2,"callibration":"test","block":0,"seed":3,"numerosity":50,"matchType":"unpaired","which":"first","trial_type":"numerosity-estimation","trial_index":13,"time_elapsed":56133,"subject_id":"78257"},{"rt":5097,"stimulus":4,"slider_start":100,"sprites":"crackers","response":106,"absDeviation":1,"callibration":"test","block":0,"seed":4,"numerosity":107,"matchType":"unpaired","which":"first","trial_type":"numerosity-estimation","trial_index":14,"time_elapsed":61233,"subject_id":"78257"},{"rt":6516,"stimulus":5,"slider_start":100,"sprites":"bears","response":53,"absDeviation":3,"callibration":"test","block":0,"seed":5,"numerosity":50,"matchType":"paired","which":"first","trial_type":"numerosity-estimation","trial_index":15,"time_elapsed":67751,"subject_id":"78257"},{"rt":5229,"stimulus":5,"slider_start":100,"sprites":"bears","response":43,"absDeviation":7,"callibration":"test","block":0,"seed":5,"numerosity":50,"matchType":"paired","which":"second","trial_type":"numerosity-estimation","trial_index":16,"time_elapsed":72983,"subject_id":"78257"},{"rt":4063,"stimulus":7,"slider_start":100,"sprites":"jellyBeans","response":49,"absDeviation":1,"callibration":"test","block":0,"seed":7,"numerosity":50,"matchType":"unpaired","which":"first","trial_type":"numerosity-estimation","trial_index":17,"time_elapsed":77048,"subject_id":"78257"},{"rt":4000,"stimulus":8,"slider_start":100,"sprites":"marbles","response":82,"absDeviation":10,"callibration":"test","block":0,"seed":8,"numerosity":92,"matchType":"unpaired","which":"first","trial_type":"numerosity-estimation","trial_index":18,"time_elapsed":81050,"subject_id":"78257"},{"rt":3396,"stimulus":9,"slider_start":100,"sprites":"mints","response":121,"absDeviation":14,"callibration":"test","block":0,"seed":9,"numerosity":135,"matchType":"paired","which":"first","trial_type":"numerosity-estimation","trial_index":19,"time_elapsed":84449,"subject_id":"78257"},{"rt":2532,"stimulus":9,"slider_start":100,"sprites":"mints","response":134,"absDeviation":1,"callibration":"test","block":0,"seed":9,"numerosity":135,"matchType":"paired","which":"second","trial_type":"numerosity-estimation","trial_index":20,"time_elapsed":86983,"subject_id":"78257"},{"rt":2848,"stimulus":11,"slider_start":100,"sprites":"buttons","response":102,"absDeviation":5,"callibration":"test","block":0,"seed":11,"numerosity":107,"matchType":"unpaired","which":"first","trial_type":"numerosity-estimation","trial_index":21,"time_elapsed":89833,"subject_id":"78257"},{"rt":2680,"stimulus":12,"slider_start":100,"sprites":"animalCrackers","response":92,"absDeviation":0,"callibration":"test","block":0,"seed":12,"numerosity":92,"matchType":"unpaired","which":"first","trial_type":"numerosity-estimation","trial_index":22,"time_elapsed":92516,"subject_id":"78257"},{"rt":2447,"stimulus":13,"slider_start":100,"sprites":"letters","response":105,"absDeviation":2,"callibration":"test","block":0,"seed":13,"numerosity":107,"matchType":"paired","which":"first","trial_type":"numerosity-estimation","trial_index":23,"time_elapsed":94966,"subject_id":"78257"},{"rt":2831,"stimulus":13,"slider_start":100,"sprites":"letters","response":113,"absDeviation":6,"callibration":"test","block":0,"seed":13,"numerosity":107,"matchType":"paired","which":"second","trial_type":"numerosity-estimation","trial_index":24,"time_elapsed":97799,"subject_id":"78257"},{"rt":2448,"stimulus":15,"slider_start":100,"sprites":"hearts","response":108,"absDeviation":13,"callibration":"test","block":0,"seed":15,"numerosity":121,"matchType":"unpaired","which":"first","trial_type":"numerosity-estimation","trial_index":25,"time_elapsed":100250,"subject_id":"78257"},{"rt":6113,"stimulus":16,"slider_start":100,"sprites":"crackers","response":70,"absDeviation":6,"callibration":"test","block":0,"seed":16,"numerosity":64,"matchType":"unpaired","which":"first","trial_type":"numerosity-estimation","trial_index":26,"time_elapsed":106366,"subject_id":"78257"},{"rt":7489,"stimulus":"<p> For the last block of trials, the average deviation of your guesses from correct answers was 6.</p>\n     <p>The smaller the deviation the better.  Your deviation was <b> AMAZINGLY good</b>.</p><br>\n       <p>Press any key to continue to the next block of trials</p>","response":"n","trial_type":"html-keyboard-response","trial_index":27,"time_elapsed":113860,"subject_id":"78257"},{"rt":5787,"stimulus":17,"slider_start":100,"sprites":"bears","response":79,"absDeviation":13,"callibration":"test","block":1,"seed":17,"numerosity":92,"matchType":"paired","which":"first","trial_type":"numerosity-estimation","trial_index":28,"time_elapsed":119649,"subject_id":"78257"},{"rt":2981,"stimulus":17,"slider_start":100,"sprites":"bears","response":76,"absDeviation":16,"callibration":"test","block":1,"seed":17,"numerosity":92,"matchType":"paired","which":"second","trial_type":"numerosity-estimation","trial_index":29,"time_elapsed":122633,"subject_id":"78257"},{"rt":2780,"stimulus":19,"slider_start":100,"sprites":"jellyBeans","response":107,"absDeviation":28,"callibration":"test","block":1,"seed":19,"numerosity":135,"matchType":"unpaired","which":"first","trial_type":"numerosity-estimation","trial_index":30,"time_elapsed":125416,"subject_id":"78257"},{"rt":3930,"stimulus":20,"slider_start":100,"sprites":"marbles","response":61,"absDeviation":17,"callibration":"test","block":1,"seed":20,"numerosity":78,"matchType":"unpaired","which":"first","trial_type":"numerosity-estimation","trial_index":31,"time_elapsed":129350,"subject_id":"78257"},{"rt":2830,"stimulus":21,"slider_start":100,"sprites":"mints","response":94,"absDeviation":2,"callibration":"test","block":1,"seed":21,"numerosity":92,"matchType":"paired","which":"first","trial_type":"numerosity-estimation","trial_index":32,"time_elapsed":132183,"subject_id":"78257"},{"rt":3498,"stimulus":21,"slider_start":100,"sprites":"mints","response":106,"absDeviation":14,"callibration":"test","block":1,"seed":21,"numerosity":92,"matchType":"paired","which":"second","trial_type":"numerosity-estimation","trial_index":33,"time_elapsed":135683,"subject_id":"78257"},{"rt":4197,"stimulus":23,"slider_start":100,"sprites":"buttons","response":144,"absDeviation":6,"callibration":"test","block":1,"seed":23,"numerosity":150,"matchType":"unpaired","which":"first","trial_type":"numerosity-estimation","trial_index":34,"time_elapsed":139883,"subject_id":"78257"},{"rt":2681,"stimulus":24,"slider_start":100,"sprites":"animalCrackers","response":109,"absDeviation":2,"callibration":"test","block":1,"seed":24,"numerosity":107,"matchType":"unpaired","which":"first","trial_type":"numerosity-estimation","trial_index":35,"time_elapsed":142567,"subject_id":"78257"},{"rt":3114,"stimulus":25,"slider_start":100,"sprites":"letters","response":92,"absDeviation":15,"callibration":"test","block":1,"seed":25,"numerosity":107,"matchType":"paired","which":"first","trial_type":"numerosity-estimation","trial_index":36,"time_elapsed":145683,"subject_id":"78257"},{"rt":2430,"stimulus":25,"slider_start":100,"sprites":"letters","response":106,"absDeviation":1,"callibration":"test","block":1,"seed":25,"numerosity":107,"matchType":"paired","which":"second","trial_type":"numerosity-estimation","trial_index":37,"time_elapsed":148116,"subject_id":"78257"},{"rt":2780,"stimulus":27,"slider_start":100,"sprites":"hearts","response":121,"absDeviation":0,"callibration":"test","block":1,"seed":27,"numerosity":121,"matchType":"unpaired","which":"first","trial_type":"numerosity-estimation","trial_index":38,"time_elapsed":150900,"subject_id":"78257"},{"rt":2247,"stimulus":28,"slider_start":100,"sprites":"crackers","response":119,"absDeviation":31,"callibration":"test","block":1,"seed":28,"numerosity":150,"matchType":"unpaired","which":"first","trial_type":"numerosity-estimation","trial_index":39,"time_elapsed":153150,"subject_id":"78257"},{"rt":2397,"stimulus":29,"slider_start":100,"sprites":"bears","response":85,"absDeviation":21,"callibration":"test","block":1,"seed":29,"numerosity":64,"matchType":"paired","which":"first","trial_type":"numerosity-estimation","trial_index":40,"time_elapsed":155550,"subject_id":"78257"},{"rt":2114,"stimulus":29,"slider_start":100,"sprites":"bears","response":86,"absDeviation":22,"callibration":"test","block":1,"seed":29,"numerosity":64,"matchType":"paired","which":"second","trial_type":"numerosity-estimation","trial_index":41,"time_elapsed":157666,"subject_id":"78257"},{"rt":2397,"stimulus":31,"slider_start":100,"sprites":"jellyBeans","response":119,"absDeviation":31,"callibration":"test","block":1,"seed":31,"numerosity":150,"matchType":"unpaired","which":"first","trial_type":"numerosity-estimation","trial_index":42,"time_elapsed":160066,"subject_id":"78257"},{"rt":2847,"stimulus":32,"slider_start":100,"sprites":"marbles","response":106,"absDeviation":29,"callibration":"test","block":1,"seed":32,"numerosity":135,"matchType":"unpaired","which":"first","trial_type":"numerosity-estimation","trial_index":43,"time_elapsed":162916,"subject_id":"78257"},{"rt":33357,"stimulus":"<p> For the last block of trials, the average deviation of your guesses from correct answers was 16.</p>\n     <p>The smaller the deviation the better.  Your deviation was <b> VERY good</b>.</p><br>\n       <p>Press any key to continue to the next block of trials</p>","response":",","trial_type":"html-keyboard-response","trial_index":44,"time_elapsed":196274,"subject_id":"78257"},{"rt":69776,"stimulus":33,"slider_start":100,"sprites":"mints","response":86,"absDeviation":35,"callibration":"test","block":2,"seed":33,"numerosity":121,"matchType":"paired","which":"first","trial_type":"numerosity-estimation","trial_index":45,"time_elapsed":266050,"subject_id":"78257"},{"rt":2713,"stimulus":33,"slider_start":100,"sprites":"mints","response":104,"absDeviation":17,"callibration":"test","block":2,"seed":33,"numerosity":121,"matchType":"paired","which":"second","trial_type":"numerosity-estimation","trial_index":46,"time_elapsed":268767,"subject_id":"78257"},{"rt":3597,"stimulus":35,"slider_start":100,"sprites":"buttons","response":61,"absDeviation":17,"callibration":"test","block":2,"seed":35,"numerosity":78,"matchType":"unpaired","which":"first","trial_type":"numerosity-estimation","trial_index":47,"time_elapsed":272367,"subject_id":"78257"},{"rt":3747,"stimulus":36,"slider_start":100,"sprites":"animalCrackers","response":56,"absDeviation":6,"callibration":"test","block":2,"seed":36,"numerosity":50,"matchType":"unpaired","which":"first","trial_type":"numerosity-estimation","trial_index":48,"time_elapsed":276117,"subject_id":"78257"},{"rt":2297,"stimulus":37,"slider_start":100,"sprites":"letters","response":119,"absDeviation":16,"callibration":"test","block":2,"seed":37,"numerosity":135,"matchType":"paired","which":"first","trial_type":"numerosity-estimation","trial_index":49,"time_elapsed":278417,"subject_id":"78257"},{"rt":2913,"stimulus":37,"slider_start":100,"sprites":"letters","response":116,"absDeviation":19,"callibration":"test","block":2,"seed":37,"numerosity":135,"matchType":"paired","which":"second","trial_type":"numerosity-estimation","trial_index":50,"time_elapsed":281333,"subject_id":"78257"},{"rt":2798,"stimulus":39,"slider_start":100,"sprites":"hearts","response":83,"absDeviation":5,"callibration":"test","block":2,"seed":39,"numerosity":78,"matchType":"unpaired","which":"first","trial_type":"numerosity-estimation","trial_index":51,"time_elapsed":284133,"subject_id":"78257"},{"rt":2297,"stimulus":40,"slider_start":100,"sprites":"crackers","response":115,"absDeviation":6,"callibration":"test","block":2,"seed":40,"numerosity":121,"matchType":"unpaired","which":"first","trial_type":"numerosity-estimation","trial_index":52,"time_elapsed":286433,"subject_id":"78257"},{"rt":4714,"stimulus":41,"slider_start":100,"sprites":"bears","response":55,"absDeviation":5,"callibration":"test","block":2,"seed":41,"numerosity":50,"matchType":"paired","which":"first","trial_type":"numerosity-estimation","trial_index":53,"time_elapsed":291150,"subject_id":"78257"},{"rt":2747,"stimulus":41,"slider_start":100,"sprites":"bears","response":75,"absDeviation":25,"callibration":"test","block":2,"seed":41,"numerosity":50,"matchType":"paired","which":"second","trial_type":"numerosity-estimation","trial_index":54,"time_elapsed":293900,"subject_id":"78257"},{"rt":10481,"stimulus":43,"slider_start":100,"sprites":"jellyBeans","response":61,"absDeviation":3,"callibration":"test","block":2,"seed":43,"numerosity":64,"matchType":"unpaired","which":"first","trial_type":"numerosity-estimation","trial_index":55,"time_elapsed":304384,"subject_id":"78257"},{"rt":3047,"stimulus":44,"slider_start":100,"sprites":"marbles","response":67,"absDeviation":54,"callibration":"test","block":2,"seed":44,"numerosity":121,"matchType":"unpaired","which":"first","trial_type":"numerosity-estimation","trial_index":56,"time_elapsed":307434,"subject_id":"78257"},{"rt":2130,"stimulus":45,"slider_start":100,"sprites":"mints","response":114,"absDeviation":7,"callibration":"test","block":2,"seed":45,"numerosity":121,"matchType":"paired","which":"first","trial_type":"numerosity-estimation","trial_index":57,"time_elapsed":309567,"subject_id":"78257"},{"rt":2281,"stimulus":45,"slider_start":100,"sprites":"mints","response":129,"absDeviation":8,"callibration":"test","block":2,"seed":45,"numerosity":121,"matchType":"paired","which":"second","trial_type":"numerosity-estimation","trial_index":58,"time_elapsed":311850,"subject_id":"78257"},{"rt":3663,"stimulus":47,"slider_start":100,"sprites":"buttons","response":134,"absDeviation":13,"callibration":"test","block":2,"seed":47,"numerosity":121,"matchType":"unpaired","which":"first","trial_type":"numerosity-estimation","trial_index":59,"time_elapsed":315516,"subject_id":"78257"},{"rt":2433,"stimulus":48,"slider_start":100,"sprites":"animalCrackers","response":121,"absDeviation":14,"callibration":"test","block":2,"seed":48,"numerosity":135,"matchType":"unpaired","which":"first","trial_type":"numerosity-estimation","trial_index":60,"time_elapsed":317950,"subject_id":"78257"},{"rt":93241,"stimulus":"<p> For the last block of trials, the average deviation of your guesses from correct answers was 16.</p>\n     <p>The smaller the deviation the better.  Your deviation was <b> VERY good</b>.</p><br>\n       <p>Press any key to continue to the next block of trials</p>","response":" ","trial_type":"html-keyboard-response","trial_index":61,"time_elapsed":411190,"subject_id":"78257"},{"rt":5225,"stimulus":49,"slider_start":100,"sprites":"letters","response":62,"absDeviation":16,"callibration":"test","block":3,"seed":49,"numerosity":78,"matchType":"paired","which":"first","trial_type":"numerosity-estimation","trial_index":62,"time_elapsed":416417,"subject_id":"78257"},{"rt":2779,"stimulus":49,"slider_start":100,"sprites":"letters","response":65,"absDeviation":13,"callibration":"test","block":3,"seed":49,"numerosity":78,"matchType":"paired","which":"second","trial_type":"numerosity-estimation","trial_index":63,"time_elapsed":419201,"subject_id":"78257"},{"rt":3848,"stimulus":51,"slider_start":100,"sprites":"hearts","response":138,"absDeviation":12,"callibration":"test","block":3,"seed":51,"numerosity":150,"matchType":"unpaired","which":"first","trial_type":"numerosity-estimation","trial_index":64,"time_elapsed":423051,"subject_id":"78257"},{"rt":2763,"stimulus":52,"slider_start":100,"sprites":"crackers","response":102,"absDeviation":24,"callibration":"test","block":3,"seed":52,"numerosity":78,"matchType":"unpaired","which":"first","trial_type":"numerosity-estimation","trial_index":65,"time_elapsed":425817,"subject_id":"78257"},{"rt":3630,"stimulus":53,"slider_start":100,"sprites":"bears","response":53,"absDeviation":3,"callibration":"test","block":3,"seed":53,"numerosity":50,"matchType":"paired","which":"first","trial_type":"numerosity-estimation","trial_index":66,"time_elapsed":429451,"subject_id":"78257"},{"rt":5114,"stimulus":53,"slider_start":100,"sprites":"bears","response":61,"absDeviation":11,"callibration":"test","block":3,"seed":53,"numerosity":50,"matchType":"paired","which":"second","trial_type":"numerosity-estimation","trial_index":67,"time_elapsed":434567,"subject_id":"78257"},{"rt":2447,"stimulus":55,"slider_start":100,"sprites":"jellyBeans","response":112,"absDeviation":9,"callibration":"test","block":3,"seed":55,"numerosity":121,"matchType":"unpaired","which":"first","trial_type":"numerosity-estimation","trial_index":68,"time_elapsed":437017,"subject_id":"78257"},{"rt":4597,"stimulus":56,"slider_start":100,"sprites":"marbles","response":92,"absDeviation":28,"callibration":"test","block":3,"seed":56,"numerosity":64,"matchType":"unpaired","which":"first","trial_type":"numerosity-estimation","trial_index":69,"time_elapsed":441617,"subject_id":"78257"},{"rt":4664,"stimulus":57,"slider_start":100,"sprites":"mints","response":80,"absDeviation":16,"callibration":"test","block":3,"seed":57,"numerosity":64,"matchType":"paired","which":"first","trial_type":"numerosity-estimation","trial_index":70,"time_elapsed":446284,"subject_id":"78257"},{"rt":2731,"stimulus":57,"slider_start":100,"sprites":"mints","response":78,"absDeviation":14,"callibration":"test","block":3,"seed":57,"numerosity":64,"matchType":"paired","which":"second","trial_type":"numerosity-estimation","trial_index":71,"time_elapsed":449018,"subject_id":"78257"},{"rt":2064,"stimulus":59,"slider_start":100,"sprites":"buttons","response":112,"absDeviation":23,"callibration":"test","block":3,"seed":59,"numerosity":135,"matchType":"unpaired","which":"first","trial_type":"numerosity-estimation","trial_index":72,"time_elapsed":451084,"subject_id":"78257"},{"rt":4330,"stimulus":60,"slider_start":100,"sprites":"animalCrackers","response":149,"absDeviation":1,"callibration":"test","block":3,"seed":60,"numerosity":150,"matchType":"unpaired","which":"first","trial_type":"numerosity-estimation","trial_index":73,"time_elapsed":455417,"subject_id":"78257"},{"rt":4431,"stimulus":61,"slider_start":100,"sprites":"letters","response":60,"absDeviation":10,"callibration":"test","block":3,"seed":61,"numerosity":50,"matchType":"paired","which":"first","trial_type":"numerosity-estimation","trial_index":74,"time_elapsed":459850,"subject_id":"78257"},{"rt":4214,"stimulus":61,"slider_start":100,"sprites":"letters","response":45,"absDeviation":5,"callibration":"test","block":3,"seed":61,"numerosity":50,"matchType":"paired","which":"second","trial_type":"numerosity-estimation","trial_index":75,"time_elapsed":464067,"subject_id":"78257"},{"rt":3564,"stimulus":63,"slider_start":100,"sprites":"hearts","response":50,"absDeviation":14,"callibration":"test","block":3,"seed":63,"numerosity":64,"matchType":"unpaired","which":"first","trial_type":"numerosity-estimation","trial_index":76,"time_elapsed":467634,"subject_id":"78257"},{"rt":3096,"stimulus":64,"slider_start":100,"sprites":"crackers","response":137,"absDeviation":2,"callibration":"test","block":3,"seed":64,"numerosity":135,"matchType":"unpaired","which":"first","trial_type":"numerosity-estimation","trial_index":77,"time_elapsed":470733,"subject_id":"78257"},{"rt":8512,"stimulus":"<p> For the last block of trials, the average deviation of your guesses from correct answers was 13.</p>\n     <p>The smaller the deviation the better.  Your deviation was <b> AMAZINGLY good</b>.</p><br>\n       <p>Press any key to continue to the next block of trials</p>","response":"n","trial_type":"html-keyboard-response","trial_index":78,"time_elapsed":479245,"subject_id":"78257"},{"rt":2820,"stimulus":65,"slider_start":100,"sprites":"bears","response":126,"absDeviation":19,"callibration":"test","block":4,"seed":65,"numerosity":107,"matchType":"paired","which":"first","trial_type":"numerosity-estimation","trial_index":79,"time_elapsed":482068,"subject_id":"78257"},{"rt":2397,"stimulus":65,"slider_start":100,"sprites":"bears","response":139,"absDeviation":32,"callibration":"test","block":4,"seed":65,"numerosity":107,"matchType":"paired","which":"second","trial_type":"numerosity-estimation","trial_index":80,"time_elapsed":484468,"subject_id":"78257"},{"rt":2847,"stimulus":67,"slider_start":100,"sprites":"jellyBeans","response":126,"absDeviation":19,"callibration":"test","block":4,"seed":67,"numerosity":107,"matchType":"unpaired","which":"first","trial_type":"numerosity-estimation","trial_index":81,"time_elapsed":487317,"subject_id":"78257"},{"rt":2380,"stimulus":68,"slider_start":100,"sprites":"marbles","response":123,"absDeviation":27,"callibration":"test","block":4,"seed":68,"numerosity":150,"matchType":"unpaired","which":"first","trial_type":"numerosity-estimation","trial_index":82,"time_elapsed":489700,"subject_id":"78257"},{"rt":2397,"stimulus":69,"slider_start":100,"sprites":"mints","response":142,"absDeviation":21,"callibration":"test","block":4,"seed":69,"numerosity":121,"matchType":"paired","which":"first","trial_type":"numerosity-estimation","trial_index":83,"time_elapsed":492101,"subject_id":"78257"},{"rt":2764,"stimulus":69,"slider_start":100,"sprites":"mints","response":157,"absDeviation":36,"callibration":"test","block":4,"seed":69,"numerosity":121,"matchType":"paired","which":"second","trial_type":"numerosity-estimation","trial_index":84,"time_elapsed":494867,"subject_id":"78257"},{"rt":2730,"stimulus":71,"slider_start":100,"sprites":"buttons","response":130,"absDeviation":23,"callibration":"test","block":4,"seed":71,"numerosity":107,"matchType":"unpaired","which":"first","trial_type":"numerosity-estimation","trial_index":85,"time_elapsed":497601,"subject_id":"78257"},{"rt":3797,"stimulus":72,"slider_start":100,"sprites":"animalCrackers","response":62,"absDeviation":12,"callibration":"test","block":4,"seed":72,"numerosity":50,"matchType":"unpaired","which":"first","trial_type":"numerosity-estimation","trial_index":86,"time_elapsed":501401,"subject_id":"78257"},{"rt":2730,"stimulus":73,"slider_start":100,"sprites":"letters","response":64,"absDeviation":14,"callibration":"test","block":4,"seed":73,"numerosity":78,"matchType":"paired","which":"first","trial_type":"numerosity-estimation","trial_index":87,"time_elapsed":504134,"subject_id":"78257"},{"rt":2531,"stimulus":73,"slider_start":100,"sprites":"letters","response":59,"absDeviation":19,"callibration":"test","block":4,"seed":73,"numerosity":78,"matchType":"paired","which":"second","trial_type":"numerosity-estimation","trial_index":88,"time_elapsed":506668,"subject_id":"78257"},{"rt":2614,"stimulus":75,"slider_start":100,"sprites":"hearts","response":64,"absDeviation":28,"callibration":"test","block":4,"seed":75,"numerosity":92,"matchType":"unpaired","which":"first","trial_type":"numerosity-estimation","trial_index":89,"time_elapsed":509284,"subject_id":"78257"},{"rt":2730,"stimulus":76,"slider_start":100,"sprites":"crackers","response":60,"absDeviation":4,"callibration":"test","block":4,"seed":76,"numerosity":64,"matchType":"unpaired","which":"first","trial_type":"numerosity-estimation","trial_index":90,"time_elapsed":512017,"subject_id":"78257"},{"rt":2714,"stimulus":77,"slider_start":100,"sprites":"bears","response":120,"absDeviation":15,"callibration":"test","block":4,"seed":77,"numerosity":135,"matchType":"paired","which":"first","trial_type":"numerosity-estimation","trial_index":91,"time_elapsed":514734,"subject_id":"78257"},{"rt":2580,"stimulus":77,"slider_start":100,"sprites":"bears","response":148,"absDeviation":13,"callibration":"test","block":4,"seed":77,"numerosity":135,"matchType":"paired","which":"second","trial_type":"numerosity-estimation","trial_index":92,"time_elapsed":517318,"subject_id":"78257"},{"rt":3047,"stimulus":79,"slider_start":100,"sprites":"jellyBeans","response":60,"absDeviation":10,"callibration":"test","block":4,"seed":79,"numerosity":50,"matchType":"unpaired","which":"first","trial_type":"numerosity-estimation","trial_index":93,"time_elapsed":520367,"subject_id":"78257"},{"rt":2544,"stimulus":80,"slider_start":100,"sprites":"marbles","response":126,"absDeviation":5,"callibration":"test","block":4,"seed":80,"numerosity":121,"matchType":"unpaired","which":"first","trial_type":"numerosity-estimation","trial_index":94,"time_elapsed":522917,"subject_id":"78257"},{"rt":1215,"stimulus":"<p> For the last block of trials, the average deviation of your guesses from correct answers was 19.</p>\n     <p>The smaller the deviation the better.  Your deviation was <b> VERY good</b>.</p><br>\n       <p>Press any key to continue to the next block of trials</p>","response":"n","trial_type":"html-keyboard-response","trial_index":95,"time_elapsed":524134,"subject_id":"78257"},{"rt":2714,"stimulus":81,"slider_start":100,"sprites":"mints","response":160,"absDeviation":39,"callibration":"test","block":5,"seed":81,"numerosity":121,"matchType":"paired","which":"first","trial_type":"numerosity-estimation","trial_index":96,"time_elapsed":526851,"subject_id":"78257"},{"rt":2580,"stimulus":81,"slider_start":100,"sprites":"mints","response":132,"absDeviation":11,"callibration":"test","block":5,"seed":81,"numerosity":121,"matchType":"paired","which":"second","trial_type":"numerosity-estimation","trial_index":97,"time_elapsed":529434,"subject_id":"78257"},{"rt":3247,"stimulus":83,"slider_start":100,"sprites":"buttons","response":137,"absDeviation":16,"callibration":"test","block":5,"seed":83,"numerosity":121,"matchType":"unpaired","which":"first","trial_type":"numerosity-estimation","trial_index":98,"time_elapsed":532685,"subject_id":"78257"},{"rt":2364,"stimulus":84,"slider_start":100,"sprites":"animalCrackers","response":81,"absDeviation":31,"callibration":"test","block":5,"seed":84,"numerosity":50,"matchType":"unpaired","which":"first","trial_type":"numerosity-estimation","trial_index":99,"time_elapsed":535051,"subject_id":"78257"},{"rt":2480,"stimulus":85,"slider_start":100,"sprites":"letters","response":64,"absDeviation":0,"callibration":"test","block":5,"seed":85,"numerosity":64,"matchType":"paired","which":"first","trial_type":"numerosity-estimation","trial_index":100,"time_elapsed":537534,"subject_id":"78257"},{"rt":2280,"stimulus":85,"slider_start":100,"sprites":"letters","response":69,"absDeviation":5,"callibration":"test","block":5,"seed":85,"numerosity":64,"matchType":"paired","which":"second","trial_type":"numerosity-estimation","trial_index":101,"time_elapsed":539817,"subject_id":"78257"},{"rt":2314,"stimulus":87,"slider_start":100,"sprites":"hearts","response":48,"absDeviation":2,"callibration":"test","block":5,"seed":87,"numerosity":50,"matchType":"unpaired","which":"first","trial_type":"numerosity-estimation","trial_index":102,"time_elapsed":542135,"subject_id":"78257"},{"rt":2180,"stimulus":88,"slider_start":100,"sprites":"crackers","response":151,"absDeviation":16,"callibration":"test","block":5,"seed":88,"numerosity":135,"matchType":"unpaired","which":"first","trial_type":"numerosity-estimation","trial_index":103,"time_elapsed":544317,"subject_id":"78257"},{"rt":2381,"stimulus":89,"slider_start":100,"sprites":"bears","response":73,"absDeviation":23,"callibration":"test","block":5,"seed":89,"numerosity":50,"matchType":"paired","which":"first","trial_type":"numerosity-estimation","trial_index":104,"time_elapsed":546701,"subject_id":"78257"},{"rt":2380,"stimulus":89,"slider_start":100,"sprites":"bears","response":65,"absDeviation":15,"callibration":"test","block":5,"seed":89,"numerosity":50,"matchType":"paired","which":"second","trial_type":"numerosity-estimation","trial_index":105,"time_elapsed":549084,"subject_id":"78257"},{"rt":3130,"stimulus":91,"slider_start":100,"sprites":"jellyBeans","response":65,"absDeviation":27,"callibration":"test","block":5,"seed":91,"numerosity":92,"matchType":"unpaired","which":"first","trial_type":"numerosity-estimation","trial_index":106,"time_elapsed":552217,"subject_id":"78257"},{"rt":3431,"stimulus":92,"slider_start":100,"sprites":"marbles","response":123,"absDeviation":2,"callibration":"test","block":5,"seed":92,"numerosity":121,"matchType":"unpaired","which":"first","trial_type":"numerosity-estimation","trial_index":107,"time_elapsed":555651,"subject_id":"78257"},{"rt":2598,"stimulus":93,"slider_start":100,"sprites":"mints","response":61,"absDeviation":17,"callibration":"test","block":5,"seed":93,"numerosity":78,"matchType":"paired","which":"first","trial_type":"numerosity-estimation","trial_index":108,"time_elapsed":558251,"subject_id":"78257"},{"rt":1880,"stimulus":93,"slider_start":100,"sprites":"mints","response":113,"absDeviation":35,"callibration":"test","block":5,"seed":93,"numerosity":78,"matchType":"paired","which":"second","trial_type":"numerosity-estimation","trial_index":109,"time_elapsed":560135,"subject_id":"78257"},{"rt":1947,"stimulus":95,"slider_start":100,"sprites":"buttons","response":79,"absDeviation":15,"callibration":"test","block":5,"seed":95,"numerosity":64,"matchType":"unpaired","which":"first","trial_type":"numerosity-estimation","trial_index":110,"time_elapsed":562084,"subject_id":"78257"},{"rt":2581,"stimulus":96,"slider_start":100,"sprites":"animalCrackers","response":122,"absDeviation":30,"callibration":"test","block":5,"seed":96,"numerosity":92,"matchType":"unpaired","which":"first","trial_type":"numerosity-estimation","trial_index":111,"time_elapsed":564668,"subject_id":"78257"},{"rt":955,"stimulus":"<p> For the last block of trials, the average deviation of your guesses from correct answers was 18.</p>\n     <p>The smaller the deviation the better.  Your deviation was <b> VERY good</b>.</p><br>\n       <p>Press any key to continue to the next block of trials</p>","response":"n","trial_type":"html-keyboard-response","trial_index":112,"time_elapsed":565625,"subject_id":"78257"},{"rt":3356,"stimulus":2,"slider_start":100,"sprites":"butterflies","response":119,"absDeviation":16,"callibration":"test","block":6,"seed":2,"numerosity":135,"matchType":"paired","which":"first","trial_type":"numerosity-estimation","trial_index":113,"time_elapsed":568983,"subject_id":"78257"},{"rt":9333,"stimulus":2,"slider_start":100,"sprites":"butterflies","response":101,"absDeviation":34,"callibration":"test","block":6,"seed":2,"numerosity":135,"matchType":"paired","which":"second","trial_type":"numerosity-estimation","trial_index":114,"time_elapsed":578318,"subject_id":"78257"},{"rt":7413,"stimulus":3,"slider_start":100,"sprites":"hearts","response":111,"absDeviation":61,"callibration":"test","block":6,"seed":3,"numerosity":50,"matchType":"unpaired","which":"second","trial_type":"numerosity-estimation","trial_index":115,"time_elapsed":585735,"subject_id":"78257"},{"rt":2313,"stimulus":4,"slider_start":100,"sprites":"crackers","response":114,"absDeviation":7,"callibration":"test","block":6,"seed":4,"numerosity":107,"matchType":"unpaired","which":"second","trial_type":"numerosity-estimation","trial_index":116,"time_elapsed":588051,"subject_id":"78257"},{"rt":2013,"stimulus":6,"slider_start":100,"sprites":"fruits","response":83,"absDeviation":5,"callibration":"test","block":6,"seed":6,"numerosity":78,"matchType":"paired","which":"first","trial_type":"numerosity-estimation","trial_index":117,"time_elapsed":590067,"subject_id":"78257"},{"rt":2531,"stimulus":6,"slider_start":100,"sprites":"fruits","response":92,"absDeviation":14,"callibration":"test","block":6,"seed":6,"numerosity":78,"matchType":"paired","which":"second","trial_type":"numerosity-estimation","trial_index":118,"time_elapsed":592601,"subject_id":"78257"},{"rt":2464,"stimulus":7,"slider_start":100,"sprites":"jellyBeans","response":59,"absDeviation":9,"callibration":"test","block":6,"seed":7,"numerosity":50,"matchType":"unpaired","which":"second","trial_type":"numerosity-estimation","trial_index":119,"time_elapsed":595069,"subject_id":"78257"},{"rt":2380,"stimulus":8,"slider_start":100,"sprites":"marbles","response":75,"absDeviation":17,"callibration":"test","block":6,"seed":8,"numerosity":92,"matchType":"unpaired","which":"second","trial_type":"numerosity-estimation","trial_index":120,"time_elapsed":597451,"subject_id":"78257"},{"rt":2530,"stimulus":10,"slider_start":100,"sprites":"rocks","response":46,"absDeviation":4,"callibration":"test","block":6,"seed":10,"numerosity":50,"matchType":"paired","which":"first","trial_type":"numerosity-estimation","trial_index":121,"time_elapsed":599984,"subject_id":"78257"},{"rt":2548,"stimulus":10,"slider_start":100,"sprites":"rocks","response":47,"absDeviation":3,"callibration":"test","block":6,"seed":10,"numerosity":50,"matchType":"paired","which":"second","trial_type":"numerosity-estimation","trial_index":122,"time_elapsed":602534,"subject_id":"78257"},{"rt":3514,"stimulus":11,"slider_start":100,"sprites":"buttons","response":123,"absDeviation":16,"callibration":"test","block":6,"seed":11,"numerosity":107,"matchType":"unpaired","which":"second","trial_type":"numerosity-estimation","trial_index":123,"time_elapsed":606051,"subject_id":"78257"},{"rt":2214,"stimulus":12,"slider_start":100,"sprites":"animalCrackers","response":129,"absDeviation":37,"callibration":"test","block":6,"seed":12,"numerosity":92,"matchType":"unpaired","which":"second","trial_type":"numerosity-estimation","trial_index":124,"time_elapsed":608268,"subject_id":"78257"},{"rt":2864,"stimulus":14,"slider_start":100,"sprites":"butterflies","response":122,"absDeviation":28,"callibration":"test","block":6,"seed":14,"numerosity":150,"matchType":"paired","which":"first","trial_type":"numerosity-estimation","trial_index":125,"time_elapsed":611134,"subject_id":"78257"},{"rt":2214,"stimulus":14,"slider_start":100,"sprites":"butterflies","response":131,"absDeviation":19,"callibration":"test","block":6,"seed":14,"numerosity":150,"matchType":"paired","which":"second","trial_type":"numerosity-estimation","trial_index":126,"time_elapsed":613351,"subject_id":"78257"},{"rt":2613,"stimulus":15,"slider_start":100,"sprites":"hearts","response":127,"absDeviation":6,"callibration":"test","block":6,"seed":15,"numerosity":121,"matchType":"unpaired","which":"second","trial_type":"numerosity-estimation","trial_index":127,"time_elapsed":615968,"subject_id":"78257"},{"rt":2114,"stimulus":16,"slider_start":100,"sprites":"crackers","response":78,"absDeviation":14,"callibration":"test","block":6,"seed":16,"numerosity":64,"matchType":"unpaired","which":"second","trial_type":"numerosity-estimation","trial_index":128,"time_elapsed":618084,"subject_id":"78257"},{"rt":1040,"stimulus":"<p> For the last block of trials, the average deviation of your guesses from correct answers was 18.</p>\n     <p>The smaller the deviation the better.  Your deviation was <b> VERY good</b>.</p><br>\n       <p>Press any key to continue to the next block of trials</p>","response":"n","trial_type":"html-keyboard-response","trial_index":129,"time_elapsed":619125,"subject_id":"78257"},{"rt":2739,"stimulus":18,"slider_start":100,"sprites":"fruits","response":115,"absDeviation":8,"callibration":"test","block":7,"seed":18,"numerosity":107,"matchType":"paired","which":"first","trial_type":"numerosity-estimation","trial_index":130,"time_elapsed":621868,"subject_id":"78257"},{"rt":1964,"stimulus":18,"slider_start":100,"sprites":"fruits","response":127,"absDeviation":20,"callibration":"test","block":7,"seed":18,"numerosity":107,"matchType":"paired","which":"second","trial_type":"numerosity-estimation","trial_index":131,"time_elapsed":623835,"subject_id":"78257"},{"rt":2430,"stimulus":19,"slider_start":100,"sprites":"jellyBeans","response":136,"absDeviation":1,"callibration":"test","block":7,"seed":19,"numerosity":135,"matchType":"unpaired","which":"second","trial_type":"numerosity-estimation","trial_index":132,"time_elapsed":626268,"subject_id":"78257"},{"rt":2114,"stimulus":20,"slider_start":100,"sprites":"marbles","response":82,"absDeviation":4,"callibration":"test","block":7,"seed":20,"numerosity":78,"matchType":"unpaired","which":"second","trial_type":"numerosity-estimation","trial_index":133,"time_elapsed":628385,"subject_id":"78257"},{"rt":2280,"stimulus":22,"slider_start":100,"sprites":"rocks","response":93,"absDeviation":1,"callibration":"test","block":7,"seed":22,"numerosity":92,"matchType":"paired","which":"first","trial_type":"numerosity-estimation","trial_index":134,"time_elapsed":630668,"subject_id":"78257"},{"rt":2081,"stimulus":22,"slider_start":100,"sprites":"rocks","response":111,"absDeviation":19,"callibration":"test","block":7,"seed":22,"numerosity":92,"matchType":"paired","which":"second","trial_type":"numerosity-estimation","trial_index":135,"time_elapsed":632751,"subject_id":"78257"},{"rt":2614,"stimulus":23,"slider_start":100,"sprites":"buttons","response":148,"absDeviation":2,"callibration":"test","block":7,"seed":23,"numerosity":150,"matchType":"unpaired","which":"second","trial_type":"numerosity-estimation","trial_index":136,"time_elapsed":635368,"subject_id":"78257"},{"rt":7897,"stimulus":24,"slider_start":100,"sprites":"animalCrackers","response":121,"absDeviation":14,"callibration":"test","block":7,"seed":24,"numerosity":107,"matchType":"unpaired","which":"second","trial_type":"numerosity-estimation","trial_index":137,"time_elapsed":643268,"subject_id":"78257"},{"rt":2747,"stimulus":26,"slider_start":100,"sprites":"butterflies","response":94,"absDeviation":2,"callibration":"test","block":7,"seed":26,"numerosity":92,"matchType":"paired","which":"first","trial_type":"numerosity-estimation","trial_index":138,"time_elapsed":646018,"subject_id":"78257"},{"rt":4547,"stimulus":26,"slider_start":100,"sprites":"butterflies","response":106,"absDeviation":14,"callibration":"test","block":7,"seed":26,"numerosity":92,"matchType":"paired","which":"second","trial_type":"numerosity-estimation","trial_index":139,"time_elapsed":650568,"subject_id":"78257"},{"rt":2413,"stimulus":27,"slider_start":100,"sprites":"hearts","response":117,"absDeviation":4,"callibration":"test","block":7,"seed":27,"numerosity":121,"matchType":"unpaired","which":"second","trial_type":"numerosity-estimation","trial_index":140,"time_elapsed":652985,"subject_id":"78257"},{"rt":5581,"stimulus":28,"slider_start":100,"sprites":"crackers","response":140,"absDeviation":10,"callibration":"test","block":7,"seed":28,"numerosity":150,"matchType":"unpaired","which":"second","trial_type":"numerosity-estimation","trial_index":141,"time_elapsed":658568,"subject_id":"78257"},{"rt":2197,"stimulus":30,"slider_start":100,"sprites":"fruits","response":112,"absDeviation":5,"callibration":"test","block":7,"seed":30,"numerosity":107,"matchType":"paired","which":"first","trial_type":"numerosity-estimation","trial_index":142,"time_elapsed":660768,"subject_id":"78257"},{"rt":2564,"stimulus":30,"slider_start":100,"sprites":"fruits","response":110,"absDeviation":3,"callibration":"test","block":7,"seed":30,"numerosity":107,"matchType":"paired","which":"second","trial_type":"numerosity-estimation","trial_index":143,"time_elapsed":663335,"subject_id":"78257"},{"rt":2796,"stimulus":31,"slider_start":100,"sprites":"jellyBeans","response":118,"absDeviation":32,"callibration":"test","block":7,"seed":31,"numerosity":150,"matchType":"unpaired","which":"second","trial_type":"numerosity-estimation","trial_index":144,"time_elapsed":666134,"subject_id":"78257"},{"rt":1864,"stimulus":32,"slider_start":100,"sprites":"marbles","response":93,"absDeviation":42,"callibration":"test","block":7,"seed":32,"numerosity":135,"matchType":"unpaired","which":"second","trial_type":"numerosity-estimation","trial_index":145,"time_elapsed":668001,"subject_id":"78257"},{"rt":1754,"stimulus":"<p> For the last block of trials, the average deviation of your guesses from correct answers was 11.</p>\n     <p>The smaller the deviation the better.  Your deviation was <b> AMAZINGLY good</b>.</p><br>\n       <p>Press any key to continue to the next block of trials</p>","response":"n","trial_type":"html-keyboard-response","trial_index":146,"time_elapsed":669757,"subject_id":"78257"},{"rt":5342,"stimulus":34,"slider_start":100,"sprites":"rocks","response":73,"absDeviation":23,"callibration":"test","block":8,"seed":34,"numerosity":50,"matchType":"paired","which":"first","trial_type":"numerosity-estimation","trial_index":147,"time_elapsed":675102,"subject_id":"78257"},{"rt":6146,"stimulus":34,"slider_start":100,"sprites":"rocks","response":87,"absDeviation":37,"callibration":"test","block":8,"seed":34,"numerosity":50,"matchType":"paired","which":"second","trial_type":"numerosity-estimation","trial_index":148,"time_elapsed":681251,"subject_id":"78257"},{"rt":2747,"stimulus":35,"slider_start":100,"sprites":"buttons","response":71,"absDeviation":7,"callibration":"test","block":8,"seed":35,"numerosity":78,"matchType":"unpaired","which":"second","trial_type":"numerosity-estimation","trial_index":149,"time_elapsed":684001,"subject_id":"78257"},{"rt":3297,"stimulus":36,"slider_start":100,"sprites":"animalCrackers","response":87,"absDeviation":37,"callibration":"test","block":8,"seed":36,"numerosity":50,"matchType":"unpaired","which":"second","trial_type":"numerosity-estimation","trial_index":150,"time_elapsed":687302,"subject_id":"78257"},{"rt":3130,"stimulus":38,"slider_start":100,"sprites":"butterflies","response":68,"absDeviation":10,"callibration":"test","block":8,"seed":38,"numerosity":78,"matchType":"paired","which":"first","trial_type":"numerosity-estimation","trial_index":151,"time_elapsed":690435,"subject_id":"78257"},{"rt":2679,"stimulus":38,"slider_start":100,"sprites":"butterflies","response":61,"absDeviation":17,"callibration":"test","block":8,"seed":38,"numerosity":78,"matchType":"paired","which":"second","trial_type":"numerosity-estimation","trial_index":152,"time_elapsed":693117,"subject_id":"78257"},{"rt":2449,"stimulus":39,"slider_start":100,"sprites":"hearts","response":89,"absDeviation":11,"callibration":"test","block":8,"seed":39,"numerosity":78,"matchType":"unpaired","which":"second","trial_type":"numerosity-estimation","trial_index":153,"time_elapsed":695568,"subject_id":"78257"},{"rt":9114,"stimulus":40,"slider_start":100,"sprites":"crackers","response":117,"absDeviation":4,"callibration":"test","block":8,"seed":40,"numerosity":121,"matchType":"unpaired","which":"second","trial_type":"numerosity-estimation","trial_index":154,"time_elapsed":704684,"subject_id":"78257"},{"rt":24649,"stimulus":42,"slider_start":100,"sprites":"fruits","response":85,"absDeviation":7,"callibration":"test","block":8,"seed":42,"numerosity":78,"matchType":"paired","which":"first","trial_type":"numerosity-estimation","trial_index":155,"time_elapsed":729335,"subject_id":"78257"},{"rt":3365,"stimulus":42,"slider_start":100,"sprites":"fruits","response":80,"absDeviation":2,"callibration":"test","block":8,"seed":42,"numerosity":78,"matchType":"paired","which":"second","trial_type":"numerosity-estimation","trial_index":156,"time_elapsed":732702,"subject_id":"78257"},{"rt":7814,"stimulus":43,"slider_start":100,"sprites":"jellyBeans","response":87,"absDeviation":23,"callibration":"test","block":8,"seed":43,"numerosity":64,"matchType":"unpaired","which":"second","trial_type":"numerosity-estimation","trial_index":157,"time_elapsed":740519,"subject_id":"78257"},{"rt":3697,"stimulus":44,"slider_start":100,"sprites":"marbles","response":83,"absDeviation":38,"callibration":"test","block":8,"seed":44,"numerosity":121,"matchType":"unpaired","which":"second","trial_type":"numerosity-estimation","trial_index":158,"time_elapsed":744219,"subject_id":"78257"},{"rt":3663,"stimulus":46,"slider_start":100,"sprites":"rocks","response":110,"absDeviation":3,"callibration":"test","block":8,"seed":46,"numerosity":107,"matchType":"paired","which":"first","trial_type":"numerosity-estimation","trial_index":159,"time_elapsed":747885,"subject_id":"78257"},{"rt":4663,"stimulus":46,"slider_start":100,"sprites":"rocks","response":112,"absDeviation":5,"callibration":"test","block":8,"seed":46,"numerosity":107,"matchType":"paired","which":"second","trial_type":"numerosity-estimation","trial_index":160,"time_elapsed":752552,"subject_id":"78257"},{"rt":2631,"stimulus":47,"slider_start":100,"sprites":"buttons","response":116,"absDeviation":5,"callibration":"test","block":8,"seed":47,"numerosity":121,"matchType":"unpaired","which":"second","trial_type":"numerosity-estimation","trial_index":161,"time_elapsed":755186,"subject_id":"78257"},{"rt":10115,"stimulus":48,"slider_start":100,"sprites":"animalCrackers","response":111,"absDeviation":24,"callibration":"test","block":8,"seed":48,"numerosity":135,"matchType":"unpaired","which":"second","trial_type":"numerosity-estimation","trial_index":162,"time_elapsed":765303,"subject_id":"78257"},{"rt":12297,"stimulus":"<p> For the last block of trials, the average deviation of your guesses from correct answers was 16.</p>\n     <p>The smaller the deviation the better.  Your deviation was <b> VERY good</b>.</p><br>\n       <p>Press any key to continue to the next block of trials</p>","response":"m","trial_type":"html-keyboard-response","trial_index":163,"time_elapsed":777601,"subject_id":"78257"},{"rt":2631,"stimulus":50,"slider_start":100,"sprites":"butterflies","response":121,"absDeviation":29,"callibration":"test","block":9,"seed":50,"numerosity":150,"matchType":"paired","which":"first","trial_type":"numerosity-estimation","trial_index":164,"time_elapsed":780235,"subject_id":"78257"},{"rt":2547,"stimulus":50,"slider_start":100,"sprites":"butterflies","response":117,"absDeviation":33,"callibration":"test","block":9,"seed":50,"numerosity":150,"matchType":"paired","which":"second","trial_type":"numerosity-estimation","trial_index":165,"time_elapsed":782785,"subject_id":"78257"},{"rt":3197,"stimulus":51,"slider_start":100,"sprites":"hearts","response":140,"absDeviation":10,"callibration":"test","block":9,"seed":51,"numerosity":150,"matchType":"unpaired","which":"second","trial_type":"numerosity-estimation","trial_index":166,"time_elapsed":785985,"subject_id":"78257"},{"rt":3614,"stimulus":52,"slider_start":100,"sprites":"crackers","response":63,"absDeviation":15,"callibration":"test","block":9,"seed":52,"numerosity":78,"matchType":"unpaired","which":"second","trial_type":"numerosity-estimation","trial_index":167,"time_elapsed":789602,"subject_id":"78257"},{"rt":167154,"stimulus":54,"slider_start":100,"sprites":"fruits","response":97,"absDeviation":5,"callibration":"test","block":9,"seed":54,"numerosity":92,"matchType":"paired","which":"first","trial_type":"numerosity-estimation","trial_index":168,"time_elapsed":956752,"subject_id":"78257"},{"rt":2463,"stimulus":54,"slider_start":100,"sprites":"fruits","response":82,"absDeviation":10,"callibration":"test","block":9,"seed":54,"numerosity":92,"matchType":"paired","which":"second","trial_type":"numerosity-estimation","trial_index":169,"time_elapsed":959219,"subject_id":"78257"},{"rt":2298,"stimulus":55,"slider_start":100,"sprites":"jellyBeans","response":94,"absDeviation":27,"callibration":"test","block":9,"seed":55,"numerosity":121,"matchType":"unpaired","which":"second","trial_type":"numerosity-estimation","trial_index":170,"time_elapsed":961519,"subject_id":"78257"},{"rt":2447,"stimulus":56,"slider_start":100,"sprites":"marbles","response":67,"absDeviation":3,"callibration":"test","block":9,"seed":56,"numerosity":64,"matchType":"unpaired","which":"second","trial_type":"numerosity-estimation","trial_index":171,"time_elapsed":963969,"subject_id":"78257"},{"rt":2464,"stimulus":58,"slider_start":100,"sprites":"rocks","response":113,"absDeviation":8,"callibration":"test","block":9,"seed":58,"numerosity":121,"matchType":"paired","which":"first","trial_type":"numerosity-estimation","trial_index":172,"time_elapsed":966436,"subject_id":"78257"},{"rt":2264,"stimulus":58,"slider_start":100,"sprites":"rocks","response":131,"absDeviation":10,"callibration":"test","block":9,"seed":58,"numerosity":121,"matchType":"paired","which":"second","trial_type":"numerosity-estimation","trial_index":173,"time_elapsed":968702,"subject_id":"78257"},{"rt":2797,"stimulus":59,"slider_start":100,"sprites":"buttons","response":134,"absDeviation":1,"callibration":"test","block":9,"seed":59,"numerosity":135,"matchType":"unpaired","which":"second","trial_type":"numerosity-estimation","trial_index":174,"time_elapsed":971502,"subject_id":"78257"},{"rt":2264,"stimulus":60,"slider_start":100,"sprites":"animalCrackers","response":121,"absDeviation":29,"callibration":"test","block":9,"seed":60,"numerosity":150,"matchType":"unpaired","which":"second","trial_type":"numerosity-estimation","trial_index":175,"time_elapsed":973769,"subject_id":"78257"},{"rt":2530,"stimulus":62,"slider_start":100,"sprites":"butterflies","response":112,"absDeviation":23,"callibration":"test","block":9,"seed":62,"numerosity":135,"matchType":"paired","which":"first","trial_type":"numerosity-estimation","trial_index":176,"time_elapsed":976303,"subject_id":"78257"},{"rt":2180,"stimulus":62,"slider_start":100,"sprites":"butterflies","response":120,"absDeviation":15,"callibration":"test","block":9,"seed":62,"numerosity":135,"matchType":"paired","which":"second","trial_type":"numerosity-estimation","trial_index":177,"time_elapsed":978486,"subject_id":"78257"},{"rt":2064,"stimulus":63,"slider_start":100,"sprites":"hearts","response":85,"absDeviation":21,"callibration":"test","block":9,"seed":63,"numerosity":64,"matchType":"unpaired","which":"second","trial_type":"numerosity-estimation","trial_index":178,"time_elapsed":980553,"subject_id":"78257"},{"rt":2029,"stimulus":64,"slider_start":100,"sprites":"crackers","response":120,"absDeviation":15,"callibration":"test","block":9,"seed":64,"numerosity":135,"matchType":"unpaired","which":"second","trial_type":"numerosity-estimation","trial_index":179,"time_elapsed":982586,"subject_id":"78257"},{"rt":1273,"stimulus":"<p> For the last block of trials, the average deviation of your guesses from correct answers was 16.</p>\n     <p>The smaller the deviation the better.  Your deviation was <b> VERY good</b>.</p><br>\n       <p>Press any key to continue to the next block of trials</p>","response":"n","trial_type":"html-keyboard-response","trial_index":180,"time_elapsed":983860,"subject_id":"78257"},{"rt":2556,"stimulus":66,"slider_start":100,"sprites":"fruits","response":81,"absDeviation":17,"callibration":"test","block":10,"seed":66,"numerosity":64,"matchType":"paired","which":"first","trial_type":"numerosity-estimation","trial_index":181,"time_elapsed":986419,"subject_id":"78257"},{"rt":2747,"stimulus":66,"slider_start":100,"sprites":"fruits","response":57,"absDeviation":7,"callibration":"test","block":10,"seed":66,"numerosity":64,"matchType":"paired","which":"second","trial_type":"numerosity-estimation","trial_index":182,"time_elapsed":989169,"subject_id":"78257"},{"rt":2347,"stimulus":67,"slider_start":100,"sprites":"jellyBeans","response":69,"absDeviation":38,"callibration":"test","block":10,"seed":67,"numerosity":107,"matchType":"unpaired","which":"second","trial_type":"numerosity-estimation","trial_index":183,"time_elapsed":991519,"subject_id":"78257"},{"rt":2664,"stimulus":68,"slider_start":100,"sprites":"marbles","response":80,"absDeviation":70,"callibration":"test","block":10,"seed":68,"numerosity":150,"matchType":"unpaired","which":"second","trial_type":"numerosity-estimation","trial_index":184,"time_elapsed":994185,"subject_id":"78257"},{"rt":3614,"stimulus":70,"slider_start":100,"sprites":"rocks","response":110,"absDeviation":18,"callibration":"test","block":10,"seed":70,"numerosity":92,"matchType":"paired","which":"first","trial_type":"numerosity-estimation","trial_index":185,"time_elapsed":997802,"subject_id":"78257"},{"rt":4997,"stimulus":70,"slider_start":100,"sprites":"rocks","response":109,"absDeviation":17,"callibration":"test","block":10,"seed":70,"numerosity":92,"matchType":"paired","which":"second","trial_type":"numerosity-estimation","trial_index":186,"time_elapsed":1002802,"subject_id":"78257"},{"rt":3397,"stimulus":71,"slider_start":100,"sprites":"buttons","response":111,"absDeviation":4,"callibration":"test","block":10,"seed":71,"numerosity":107,"matchType":"unpaired","which":"second","trial_type":"numerosity-estimation","trial_index":187,"time_elapsed":1006203,"subject_id":"78257"},{"rt":7831,"stimulus":72,"slider_start":100,"sprites":"animalCrackers","response":92,"absDeviation":42,"callibration":"test","block":10,"seed":72,"numerosity":50,"matchType":"unpaired","which":"second","trial_type":"numerosity-estimation","trial_index":188,"time_elapsed":1014036,"subject_id":"78257"},{"rt":2280,"stimulus":74,"slider_start":100,"sprites":"butterflies","response":73,"absDeviation":9,"callibration":"test","block":10,"seed":74,"numerosity":64,"matchType":"paired","which":"first","trial_type":"numerosity-estimation","trial_index":189,"time_elapsed":1016319,"subject_id":"78257"},{"rt":4530,"stimulus":74,"slider_start":100,"sprites":"butterflies","response":82,"absDeviation":18,"callibration":"test","block":10,"seed":74,"numerosity":64,"matchType":"paired","which":"second","trial_type":"numerosity-estimation","trial_index":190,"time_elapsed":1020853,"subject_id":"78257"},{"rt":2364,"stimulus":75,"slider_start":100,"sprites":"hearts","response":112,"absDeviation":20,"callibration":"test","block":10,"seed":75,"numerosity":92,"matchType":"unpaired","which":"second","trial_type":"numerosity-estimation","trial_index":191,"time_elapsed":1023219,"subject_id":"78257"},{"rt":2347,"stimulus":76,"slider_start":100,"sprites":"crackers","response":88,"absDeviation":24,"callibration":"test","block":10,"seed":76,"numerosity":64,"matchType":"unpaired","which":"second","trial_type":"numerosity-estimation","trial_index":192,"time_elapsed":1025570,"subject_id":"78257"},{"rt":2380,"stimulus":78,"slider_start":100,"sprites":"fruits","response":86,"absDeviation":22,"callibration":"test","block":10,"seed":78,"numerosity":64,"matchType":"paired","which":"first","trial_type":"numerosity-estimation","trial_index":193,"time_elapsed":1027953,"subject_id":"78257"},{"rt":10364,"stimulus":78,"slider_start":100,"sprites":"fruits","response":60,"absDeviation":4,"callibration":"test","block":10,"seed":78,"numerosity":64,"matchType":"paired","which":"second","trial_type":"numerosity-estimation","trial_index":194,"time_elapsed":1038319,"subject_id":"78257"},{"rt":2179,"stimulus":79,"slider_start":100,"sprites":"jellyBeans","response":90,"absDeviation":40,"callibration":"test","block":10,"seed":79,"numerosity":50,"matchType":"unpaired","which":"second","trial_type":"numerosity-estimation","trial_index":195,"time_elapsed":1040502,"subject_id":"78257"},{"rt":6147,"stimulus":80,"slider_start":100,"sprites":"marbles","response":87,"absDeviation":34,"callibration":"test","block":10,"seed":80,"numerosity":121,"matchType":"unpaired","which":"second","trial_type":"numerosity-estimation","trial_index":196,"time_elapsed":1046652,"subject_id":"78257"},{"rt":1022,"stimulus":"<p> For the last block of trials, the average deviation of your guesses from correct answers was 24.</p>\n     <p>The smaller the deviation the better.  Your deviation was <b> VERY good</b>.</p><br>\n       <p>Press any key to continue to the next block of trials</p>","response":"n","trial_type":"html-keyboard-response","trial_index":197,"time_elapsed":1047676,"subject_id":"78257"},{"rt":2641,"stimulus":82,"slider_start":100,"sprites":"rocks","response":88,"absDeviation":24,"callibration":"test","block":11,"seed":82,"numerosity":64,"matchType":"paired","which":"first","trial_type":"numerosity-estimation","trial_index":198,"time_elapsed":1050319,"subject_id":"78257"},{"rt":2464,"stimulus":82,"slider_start":100,"sprites":"rocks","response":86,"absDeviation":22,"callibration":"test","block":11,"seed":82,"numerosity":64,"matchType":"paired","which":"second","trial_type":"numerosity-estimation","trial_index":199,"time_elapsed":1052786,"subject_id":"78257"},{"rt":3931,"stimulus":83,"slider_start":100,"sprites":"buttons","response":88,"absDeviation":33,"callibration":"test","block":11,"seed":83,"numerosity":121,"matchType":"unpaired","which":"second","trial_type":"numerosity-estimation","trial_index":200,"time_elapsed":1056720,"subject_id":"78257"},{"rt":2214,"stimulus":84,"slider_start":100,"sprites":"animalCrackers","response":80,"absDeviation":30,"callibration":"test","block":11,"seed":84,"numerosity":50,"matchType":"unpaired","which":"second","trial_type":"numerosity-estimation","trial_index":201,"time_elapsed":1058936,"subject_id":"78257"},{"rt":2230,"stimulus":86,"slider_start":100,"sprites":"butterflies","response":87,"absDeviation":34,"callibration":"test","block":11,"seed":86,"numerosity":121,"matchType":"paired","which":"first","trial_type":"numerosity-estimation","trial_index":202,"time_elapsed":1061169,"subject_id":"78257"},{"rt":2231,"stimulus":86,"slider_start":100,"sprites":"butterflies","response":77,"absDeviation":44,"callibration":"test","block":11,"seed":86,"numerosity":121,"matchType":"paired","which":"second","trial_type":"numerosity-estimation","trial_index":203,"time_elapsed":1063403,"subject_id":"78257"},{"rt":2830,"stimulus":87,"slider_start":100,"sprites":"hearts","response":68,"absDeviation":18,"callibration":"test","block":11,"seed":87,"numerosity":50,"matchType":"unpaired","which":"second","trial_type":"numerosity-estimation","trial_index":204,"time_elapsed":1066236,"subject_id":"78257"},{"rt":2197,"stimulus":88,"slider_start":100,"sprites":"crackers","response":112,"absDeviation":23,"callibration":"test","block":11,"seed":88,"numerosity":135,"matchType":"unpaired","which":"second","trial_type":"numerosity-estimation","trial_index":205,"time_elapsed":1068436,"subject_id":"78257"},{"rt":2596,"stimulus":90,"slider_start":100,"sprites":"fruits","response":138,"absDeviation":12,"callibration":"test","block":11,"seed":90,"numerosity":150,"matchType":"paired","which":"first","trial_type":"numerosity-estimation","trial_index":206,"time_elapsed":1071035,"subject_id":"78257"},{"rt":2499,"stimulus":90,"slider_start":100,"sprites":"fruits","response":141,"absDeviation":9,"callibration":"test","block":11,"seed":90,"numerosity":150,"matchType":"paired","which":"second","trial_type":"numerosity-estimation","trial_index":207,"time_elapsed":1073536,"subject_id":"78257"},{"rt":2030,"stimulus":91,"slider_start":100,"sprites":"jellyBeans","response":83,"absDeviation":9,"callibration":"test","block":11,"seed":91,"numerosity":92,"matchType":"unpaired","which":"second","trial_type":"numerosity-estimation","trial_index":208,"time_elapsed":1075569,"subject_id":"78257"},{"rt":2381,"stimulus":92,"slider_start":100,"sprites":"marbles","response":66,"absDeviation":55,"callibration":"test","block":11,"seed":92,"numerosity":121,"matchType":"unpaired","which":"second","trial_type":"numerosity-estimation","trial_index":209,"time_elapsed":1077953,"subject_id":"78257"},{"rt":2164,"stimulus":94,"slider_start":100,"sprites":"rocks","response":76,"absDeviation":2,"callibration":"test","block":11,"seed":94,"numerosity":78,"matchType":"paired","which":"first","trial_type":"numerosity-estimation","trial_index":210,"time_elapsed":1080119,"subject_id":"78257"},{"rt":2413,"stimulus":94,"slider_start":100,"sprites":"rocks","response":89,"absDeviation":11,"callibration":"test","block":11,"seed":94,"numerosity":78,"matchType":"paired","which":"second","trial_type":"numerosity-estimation","trial_index":211,"time_elapsed":1082535,"subject_id":"78257"},{"rt":3115,"stimulus":95,"slider_start":100,"sprites":"buttons","response":54,"absDeviation":10,"callibration":"test","block":11,"seed":95,"numerosity":64,"matchType":"unpaired","which":"second","trial_type":"numerosity-estimation","trial_index":212,"time_elapsed":1085652,"subject_id":"78257"},{"rt":2482,"stimulus":96,"slider_start":100,"sprites":"animalCrackers","response":75,"absDeviation":17,"callibration":"test","block":11,"seed":96,"numerosity":92,"matchType":"unpaired","which":"second","trial_type":"numerosity-estimation","trial_index":213,"time_elapsed":1088136,"subject_id":"78257"},{"rt":1322,"stimulus":"<p> For the last block of trials, the average deviation of your guesses from correct answers was 22.</p>\n     <p>The smaller the deviation the better.  Your deviation was <b> VERY good</b>.</p><br>\n       <p>Press any key to continue to the next block of trials</p>","response":"n","trial_type":"html-keyboard-response","trial_index":214,"time_elapsed":1089460,"subject_id":"78257"},{"rt":13707,"response":{"averageEstimates":"When the two displays occured back-to-back, in immediate succession.","firstOrSecond":"The first time the objects were shown"},"question_order":[0,1],"trial_type":"survey-multi-choice","trial_index":215,"time_elapsed":1103172,"subject_id":"78257"}]