[{"rt":4912,"url":"consent.html","trial_type":"external-html","trial_index":0,"time_elapsed":4921,"subject_id":"78443"},{"view_history":[{"page_index":0,"viewing_time":6614}],"rt":6614,"trial_type":"instructions","trial_index":1,"time_elapsed":11536,"subject_id":"78443"},{"rt":22407,"stimulus":0,"slider_start":100,"sprites":"animalCrackers","response":77,"absDeviation":27,"callibration":"callibration","block":-1,"seed":0,"numerosity":50,"matchType":"callibration","which":"first","trial_type":"numerosity-estimation","trial_index":2,"time_elapsed":33950,"subject_id":"78443"},{"rt":15378,"stimulus":1,"slider_start":100,"sprites":"letters","response":64,"absDeviation":0,"callibration":"callibration","block":-1,"seed":1,"numerosity":64,"matchType":"callibration","which":"first","trial_type":"numerosity-estimation","trial_index":3,"time_elapsed":49333,"subject_id":"78443"},{"rt":20729,"stimulus":2,"slider_start":100,"sprites":"butterflies","response":78,"absDeviation":0,"callibration":"callibration","block":-1,"seed":2,"numerosity":78,"matchType":"callibration","which":"first","trial_type":"numerosity-estimation","trial_index":4,"time_elapsed":70066,"subject_id":"78443"},{"rt":12612,"stimulus":3,"slider_start":100,"sprites":"hearts","response":91,"absDeviation":1,"callibration":"callibration","block":-1,"seed":3,"numerosity":92,"matchType":"callibration","which":"first","trial_type":"numerosity-estimation","trial_index":5,"time_elapsed":82683,"subject_id":"78443"},{"rt":23947,"stimulus":4,"slider_start":100,"sprites":"crackers","response":119,"absDeviation":12,"callibration":"callibration","block":-1,"seed":4,"numerosity":107,"matchType":"callibration","which":"first","trial_type":"numerosity-estimation","trial_index":6,"time_elapsed":106634,"subject_id":"78443"},{"rt":22029,"stimulus":5,"slider_start":100,"sprites":"bears","response":121,"absDeviation":0,"callibration":"callibration","block":-1,"seed":5,"numerosity":121,"matchType":"callibration","which":"first","trial_type":"numerosity-estimation","trial_index":7,"time_elapsed":128667,"subject_id":"78443"},{"rt":23879,"stimulus":6,"slider_start":100,"sprites":"fruits","response":135,"absDeviation":0,"callibration":"callibration","block":-1,"seed":6,"numerosity":135,"matchType":"callibration","which":"first","trial_type":"numerosity-estimation","trial_index":8,"time_elapsed":152550,"subject_id":"78443"},{"rt":14563,"stimulus":7,"slider_start":100,"sprites":"jellyBeans","response":150,"absDeviation":0,"callibration":"callibration","block":-1,"seed":7,"numerosity":150,"matchType":"callibration","which":"first","trial_type":"numerosity-estimation","trial_index":9,"time_elapsed":167117,"subject_id":"78443"},{"view_history":[{"page_index":0,"viewing_time":7583}],"rt":7583,"trial_type":"instructions","trial_index":10,"time_elapsed":174700,"subject_id":"78443"},{"rt":10862,"stimulus":1,"slider_start":100,"sprites":"letters","response":97,"absDeviation":5,"callibration":"test","block":0,"seed":1,"numerosity":92,"matchType":"paired","which":"first","trial_type":"numerosity-estimation","trial_index":11,"time_elapsed":185566,"subject_id":"78443"},{"rt":9778,"stimulus":1,"slider_start":100,"sprites":"letters","response":102,"absDeviation":10,"callibration":"test","block":0,"seed":1,"numerosity":92,"matchType":"paired","which":"second","trial_type":"numerosity-estimation","trial_index":12,"time_elapsed":195349,"subject_id":"78443"},{"rt":25762,"stimulus":3,"slider_start":100,"sprites":"hearts","response":68,"absDeviation":18,"callibration":"test","block":0,"seed":3,"numerosity":50,"matchType":"unpaired","which":"first","trial_type":"numerosity-estimation","trial_index":13,"time_elapsed":221115,"subject_id":"78443"},{"rt":13492,"stimulus":4,"slider_start":100,"sprites":"crackers","response":73,"absDeviation":34,"callibration":"test","block":0,"seed":4,"numerosity":107,"matchType":"unpaired","which":"first","trial_type":"numerosity-estimation","trial_index":14,"time_elapsed":234616,"subject_id":"78443"},{"rt":13362,"stimulus":5,"slider_start":100,"sprites":"bears","response":48,"absDeviation":2,"callibration":"test","block":0,"seed":5,"numerosity":50,"matchType":"paired","which":"first","trial_type":"numerosity-estimation","trial_index":15,"time_elapsed":247982,"subject_id":"78443"},{"rt":11745,"stimulus":5,"slider_start":100,"sprites":"bears","response":50,"absDeviation":0,"callibration":"test","block":0,"seed":5,"numerosity":50,"matchType":"paired","which":"second","trial_type":"numerosity-estimation","trial_index":16,"time_elapsed":259731,"subject_id":"78443"},{"rt":14812,"stimulus":7,"slider_start":100,"sprites":"jellyBeans","response":36,"absDeviation":14,"callibration":"test","block":0,"seed":7,"numerosity":50,"matchType":"unpaired","which":"first","trial_type":"numerosity-estimation","trial_index":17,"time_elapsed":274548,"subject_id":"78443"},{"rt":9312,"stimulus":8,"slider_start":100,"sprites":"marbles","response":52,"absDeviation":40,"callibration":"test","block":0,"seed":8,"numerosity":92,"matchType":"unpaired","which":"first","trial_type":"numerosity-estimation","trial_index":18,"time_elapsed":283865,"subject_id":"78443"},{"rt":9448,"stimulus":9,"slider_start":100,"sprites":"mints","response":99,"absDeviation":36,"callibration":"test","block":0,"seed":9,"numerosity":135,"matchType":"paired","which":"first","trial_type":"numerosity-estimation","trial_index":19,"time_elapsed":293318,"subject_id":"78443"},{"rt":9127,"stimulus":9,"slider_start":100,"sprites":"mints","response":118,"absDeviation":17,"callibration":"test","block":0,"seed":9,"numerosity":135,"matchType":"paired","which":"second","trial_type":"numerosity-estimation","trial_index":20,"time_elapsed":302449,"subject_id":"78443"},{"rt":7179,"stimulus":11,"slider_start":100,"sprites":"buttons","response":90,"absDeviation":17,"callibration":"test","block":0,"seed":11,"numerosity":107,"matchType":"unpaired","which":"first","trial_type":"numerosity-estimation","trial_index":21,"time_elapsed":309632,"subject_id":"78443"},{"rt":8410,"stimulus":12,"slider_start":100,"sprites":"animalCrackers","response":85,"absDeviation":7,"callibration":"test","block":0,"seed":12,"numerosity":92,"matchType":"unpaired","which":"first","trial_type":"numerosity-estimation","trial_index":22,"time_elapsed":318048,"subject_id":"78443"},{"rt":14961,"stimulus":13,"slider_start":100,"sprites":"letters","response":105,"absDeviation":2,"callibration":"test","block":0,"seed":13,"numerosity":107,"matchType":"paired","which":"first","trial_type":"numerosity-estimation","trial_index":23,"time_elapsed":333015,"subject_id":"78443"},{"rt":7396,"stimulus":13,"slider_start":100,"sprites":"letters","response":111,"absDeviation":4,"callibration":"test","block":0,"seed":13,"numerosity":107,"matchType":"paired","which":"second","trial_type":"numerosity-estimation","trial_index":24,"time_elapsed":340415,"subject_id":"78443"},{"rt":12230,"stimulus":15,"slider_start":100,"sprites":"hearts","response":97,"absDeviation":24,"callibration":"test","block":0,"seed":15,"numerosity":121,"matchType":"unpaired","which":"first","trial_type":"numerosity-estimation","trial_index":25,"time_elapsed":352651,"subject_id":"78443"},{"rt":17626,"stimulus":16,"slider_start":100,"sprites":"crackers","response":70,"absDeviation":6,"callibration":"test","block":0,"seed":16,"numerosity":64,"matchType":"unpaired","which":"first","trial_type":"numerosity-estimation","trial_index":26,"time_elapsed":370282,"subject_id":"78443"},{"rt":19799,"stimulus":"<p> For the last block of trials, the average deviation of your guesses from correct answers was 15.</p>\n     <p>The smaller the deviation the better.  Your deviation was <b> VERY good</b>.</p><br>\n       <p>Press any key to continue to the next block of trials</p>","response":"o","trial_type":"html-keyboard-response","trial_index":27,"time_elapsed":390083,"subject_id":"78443"},{"rt":22124,"stimulus":17,"slider_start":100,"sprites":"bears","response":66,"absDeviation":26,"callibration":"test","block":1,"seed":17,"numerosity":92,"matchType":"paired","which":"first","trial_type":"numerosity-estimation","trial_index":28,"time_elapsed":412214,"subject_id":"78443"},{"rt":11846,"stimulus":17,"slider_start":100,"sprites":"bears","response":94,"absDeviation":2,"callibration":"test","block":1,"seed":17,"numerosity":92,"matchType":"paired","which":"second","trial_type":"numerosity-estimation","trial_index":29,"time_elapsed":424064,"subject_id":"78443"},{"rt":11245,"stimulus":19,"slider_start":100,"sprites":"jellyBeans","response":112,"absDeviation":23,"callibration":"test","block":1,"seed":19,"numerosity":135,"matchType":"unpaired","which":"first","trial_type":"numerosity-estimation","trial_index":30,"time_elapsed":435315,"subject_id":"78443"},{"rt":13043,"stimulus":20,"slider_start":100,"sprites":"marbles","response":91,"absDeviation":13,"callibration":"test","block":1,"seed":20,"numerosity":78,"matchType":"unpaired","which":"first","trial_type":"numerosity-estimation","trial_index":31,"time_elapsed":448363,"subject_id":"78443"},{"rt":10630,"stimulus":21,"slider_start":100,"sprites":"mints","response":63,"absDeviation":29,"callibration":"test","block":1,"seed":21,"numerosity":92,"matchType":"paired","which":"first","trial_type":"numerosity-estimation","trial_index":32,"time_elapsed":458998,"subject_id":"78443"},{"rt":24779,"stimulus":21,"slider_start":100,"sprites":"mints","response":76,"absDeviation":16,"callibration":"test","block":1,"seed":21,"numerosity":92,"matchType":"paired","which":"second","trial_type":"numerosity-estimation","trial_index":33,"time_elapsed":483780,"subject_id":"78443"},{"rt":8864,"stimulus":23,"slider_start":100,"sprites":"buttons","response":114,"absDeviation":36,"callibration":"test","block":1,"seed":23,"numerosity":150,"matchType":"unpaired","which":"first","trial_type":"numerosity-estimation","trial_index":34,"time_elapsed":492648,"subject_id":"78443"},{"rt":10495,"stimulus":24,"slider_start":100,"sprites":"animalCrackers","response":82,"absDeviation":25,"callibration":"test","block":1,"seed":24,"numerosity":107,"matchType":"unpaired","which":"first","trial_type":"numerosity-estimation","trial_index":35,"time_elapsed":503147,"subject_id":"78443"},{"rt":8544,"stimulus":25,"slider_start":100,"sprites":"letters","response":104,"absDeviation":3,"callibration":"test","block":1,"seed":25,"numerosity":107,"matchType":"paired","which":"first","trial_type":"numerosity-estimation","trial_index":36,"time_elapsed":511697,"subject_id":"78443"},{"rt":11480,"stimulus":25,"slider_start":100,"sprites":"letters","response":96,"absDeviation":11,"callibration":"test","block":1,"seed":25,"numerosity":107,"matchType":"paired","which":"second","trial_type":"numerosity-estimation","trial_index":37,"time_elapsed":523182,"subject_id":"78443"},{"rt":12411,"stimulus":27,"slider_start":100,"sprites":"hearts","response":87,"absDeviation":34,"callibration":"test","block":1,"seed":27,"numerosity":121,"matchType":"unpaired","which":"first","trial_type":"numerosity-estimation","trial_index":38,"time_elapsed":535597,"subject_id":"78443"},{"rt":25645,"stimulus":28,"slider_start":100,"sprites":"crackers","response":74,"absDeviation":76,"callibration":"test","block":1,"seed":28,"numerosity":150,"matchType":"unpaired","which":"first","trial_type":"numerosity-estimation","trial_index":39,"time_elapsed":561246,"subject_id":"78443"},{"rt":10278,"stimulus":29,"slider_start":100,"sprites":"bears","response":75,"absDeviation":11,"callibration":"test","block":1,"seed":29,"numerosity":64,"matchType":"paired","which":"first","trial_type":"numerosity-estimation","trial_index":40,"time_elapsed":571530,"subject_id":"78443"},{"rt":13829,"stimulus":29,"slider_start":100,"sprites":"bears","response":64,"absDeviation":0,"callibration":"test","block":1,"seed":29,"numerosity":64,"matchType":"paired","which":"second","trial_type":"numerosity-estimation","trial_index":41,"time_elapsed":585363,"subject_id":"78443"},{"rt":23778,"stimulus":31,"slider_start":100,"sprites":"jellyBeans","response":79,"absDeviation":71,"callibration":"test","block":1,"seed":31,"numerosity":150,"matchType":"unpaired","which":"first","trial_type":"numerosity-estimation","trial_index":42,"time_elapsed":609147,"subject_id":"78443"},{"rt":11827,"stimulus":32,"slider_start":100,"sprites":"marbles","response":87,"absDeviation":48,"callibration":"test","block":1,"seed":32,"numerosity":135,"matchType":"unpaired","which":"first","trial_type":"numerosity-estimation","trial_index":43,"time_elapsed":620979,"subject_id":"78443"},{"rt":10017,"stimulus":"<p> For the last block of trials, the average deviation of your guesses from correct answers was 27.</p>\n     <p>The smaller the deviation the better.  Your deviation was <b> good</b>.</p><br>\n       <p>Press any key to continue to the next block of trials</p>","response":"y","trial_type":"html-keyboard-response","trial_index":44,"time_elapsed":630998,"subject_id":"78443"},{"rt":26740,"stimulus":33,"slider_start":100,"sprites":"mints","response":59,"absDeviation":62,"callibration":"test","block":2,"seed":33,"numerosity":121,"matchType":"paired","which":"first","trial_type":"numerosity-estimation","trial_index":45,"time_elapsed":657746,"subject_id":"78443"},{"rt":13231,"stimulus":33,"slider_start":100,"sprites":"mints","response":70,"absDeviation":51,"callibration":"test","block":2,"seed":33,"numerosity":121,"matchType":"paired","which":"second","trial_type":"numerosity-estimation","trial_index":46,"time_elapsed":670980,"subject_id":"78443"},{"rt":10826,"stimulus":35,"slider_start":100,"sprites":"buttons","response":60,"absDeviation":18,"callibration":"test","block":2,"seed":35,"numerosity":78,"matchType":"unpaired","which":"first","trial_type":"numerosity-estimation","trial_index":47,"time_elapsed":681813,"subject_id":"78443"},{"rt":9829,"stimulus":36,"slider_start":100,"sprites":"animalCrackers","response":48,"absDeviation":2,"callibration":"test","block":2,"seed":36,"numerosity":50,"matchType":"unpaired","which":"first","trial_type":"numerosity-estimation","trial_index":48,"time_elapsed":691646,"subject_id":"78443"},{"rt":11746,"stimulus":37,"slider_start":100,"sprites":"letters","response":113,"absDeviation":22,"callibration":"test","block":2,"seed":37,"numerosity":135,"matchType":"paired","which":"first","trial_type":"numerosity-estimation","trial_index":49,"time_elapsed":703397,"subject_id":"78443"},{"rt":11281,"stimulus":37,"slider_start":100,"sprites":"letters","response":126,"absDeviation":9,"callibration":"test","block":2,"seed":37,"numerosity":135,"matchType":"paired","which":"second","trial_type":"numerosity-estimation","trial_index":50,"time_elapsed":714695,"subject_id":"78443"},{"rt":16596,"stimulus":39,"slider_start":100,"sprites":"hearts","response":56,"absDeviation":22,"callibration":"test","block":2,"seed":39,"numerosity":78,"matchType":"unpaired","which":"first","trial_type":"numerosity-estimation","trial_index":51,"time_elapsed":731296,"subject_id":"78443"},{"rt":12463,"stimulus":40,"slider_start":100,"sprites":"crackers","response":84,"absDeviation":37,"callibration":"test","block":2,"seed":40,"numerosity":121,"matchType":"unpaired","which":"first","trial_type":"numerosity-estimation","trial_index":52,"time_elapsed":743764,"subject_id":"78443"},{"rt":10462,"stimulus":41,"slider_start":100,"sprites":"bears","response":44,"absDeviation":6,"callibration":"test","block":2,"seed":41,"numerosity":50,"matchType":"paired","which":"first","trial_type":"numerosity-estimation","trial_index":53,"time_elapsed":754231,"subject_id":"78443"},{"rt":10610,"stimulus":41,"slider_start":100,"sprites":"bears","response":43,"absDeviation":7,"callibration":"test","block":2,"seed":41,"numerosity":50,"matchType":"paired","which":"second","trial_type":"numerosity-estimation","trial_index":54,"time_elapsed":764845,"subject_id":"78443"},{"rt":25946,"stimulus":43,"slider_start":100,"sprites":"jellyBeans","response":62,"absDeviation":2,"callibration":"test","block":2,"seed":43,"numerosity":64,"matchType":"unpaired","which":"first","trial_type":"numerosity-estimation","trial_index":55,"time_elapsed":790796,"subject_id":"78443"},{"rt":14779,"stimulus":44,"slider_start":100,"sprites":"marbles","response":47,"absDeviation":74,"callibration":"test","block":2,"seed":44,"numerosity":121,"matchType":"unpaired","which":"first","trial_type":"numerosity-estimation","trial_index":56,"time_elapsed":805580,"subject_id":"78443"},{"rt":27228,"stimulus":45,"slider_start":100,"sprites":"mints","response":44,"absDeviation":77,"callibration":"test","block":2,"seed":45,"numerosity":121,"matchType":"paired","which":"first","trial_type":"numerosity-estimation","trial_index":57,"time_elapsed":832811,"subject_id":"78443"},{"rt":13858,"stimulus":45,"slider_start":100,"sprites":"mints","response":70,"absDeviation":51,"callibration":"test","block":2,"seed":45,"numerosity":121,"matchType":"paired","which":"second","trial_type":"numerosity-estimation","trial_index":58,"time_elapsed":846679,"subject_id":"78443"},{"rt":10578,"stimulus":47,"slider_start":100,"sprites":"buttons","response":53,"absDeviation":68,"callibration":"test","block":2,"seed":47,"numerosity":121,"matchType":"unpaired","which":"first","trial_type":"numerosity-estimation","trial_index":59,"time_elapsed":857261,"subject_id":"78443"},{"rt":7246,"stimulus":48,"slider_start":100,"sprites":"animalCrackers","response":96,"absDeviation":39,"callibration":"test","block":2,"seed":48,"numerosity":135,"matchType":"unpaired","which":"first","trial_type":"numerosity-estimation","trial_index":60,"time_elapsed":864513,"subject_id":"78443"},{"rt":13026,"stimulus":"<p> For the last block of trials, the average deviation of your guesses from correct answers was 34.</p>\n     <p>The smaller the deviation the better.  Your deviation was <b> good</b>.</p><br>\n       <p>Press any key to continue to the next block of trials</p>","response":"g","trial_type":"html-keyboard-response","trial_index":61,"time_elapsed":877540,"subject_id":"78443"},{"rt":14746,"stimulus":49,"slider_start":100,"sprites":"letters","response":68,"absDeviation":10,"callibration":"test","block":3,"seed":49,"numerosity":78,"matchType":"paired","which":"first","trial_type":"numerosity-estimation","trial_index":62,"time_elapsed":892295,"subject_id":"78443"},{"rt":6362,"stimulus":49,"slider_start":100,"sprites":"letters","response":66,"absDeviation":12,"callibration":"test","block":3,"seed":49,"numerosity":78,"matchType":"paired","which":"second","trial_type":"numerosity-estimation","trial_index":63,"time_elapsed":898661,"subject_id":"78443"},{"rt":13980,"stimulus":51,"slider_start":100,"sprites":"hearts","response":63,"absDeviation":87,"callibration":"test","block":3,"seed":51,"numerosity":150,"matchType":"unpaired","which":"first","trial_type":"numerosity-estimation","trial_index":64,"time_elapsed":912645,"subject_id":"78443"},{"rt":12112,"stimulus":52,"slider_start":100,"sprites":"crackers","response":56,"absDeviation":22,"callibration":"test","block":3,"seed":52,"numerosity":78,"matchType":"unpaired","which":"first","trial_type":"numerosity-estimation","trial_index":65,"time_elapsed":924761,"subject_id":"78443"},{"rt":14830,"stimulus":53,"slider_start":100,"sprites":"bears","response":63,"absDeviation":13,"callibration":"test","block":3,"seed":53,"numerosity":50,"matchType":"paired","which":"first","trial_type":"numerosity-estimation","trial_index":66,"time_elapsed":939595,"subject_id":"78443"},{"rt":13178,"stimulus":53,"slider_start":100,"sprites":"bears","response":47,"absDeviation":3,"callibration":"test","block":3,"seed":53,"numerosity":50,"matchType":"paired","which":"second","trial_type":"numerosity-estimation","trial_index":67,"time_elapsed":952777,"subject_id":"78443"},{"rt":36345,"stimulus":55,"slider_start":100,"sprites":"jellyBeans","response":55,"absDeviation":66,"callibration":"test","block":3,"seed":55,"numerosity":121,"matchType":"unpaired","which":"first","trial_type":"numerosity-estimation","trial_index":68,"time_elapsed":989127,"subject_id":"78443"},{"rt":7711,"stimulus":56,"slider_start":100,"sprites":"marbles","response":79,"absDeviation":15,"callibration":"test","block":3,"seed":56,"numerosity":64,"matchType":"unpaired","which":"first","trial_type":"numerosity-estimation","trial_index":69,"time_elapsed":996843,"subject_id":"78443"},{"rt":5412,"stimulus":57,"slider_start":100,"sprites":"mints","response":70,"absDeviation":6,"callibration":"test","block":3,"seed":57,"numerosity":64,"matchType":"paired","which":"first","trial_type":"numerosity-estimation","trial_index":70,"time_elapsed":1002260,"subject_id":"78443"},{"rt":4996,"stimulus":57,"slider_start":100,"sprites":"mints","response":71,"absDeviation":7,"callibration":"test","block":3,"seed":57,"numerosity":64,"matchType":"paired","which":"second","trial_type":"numerosity-estimation","trial_index":71,"time_elapsed":1007261,"subject_id":"78443"},{"rt":5046,"stimulus":59,"slider_start":100,"sprites":"buttons","response":80,"absDeviation":55,"callibration":"test","block":3,"seed":59,"numerosity":135,"matchType":"unpaired","which":"first","trial_type":"numerosity-estimation","trial_index":72,"time_elapsed":1012312,"subject_id":"78443"},{"rt":7044,"stimulus":60,"slider_start":100,"sprites":"animalCrackers","response":107,"absDeviation":43,"callibration":"test","block":3,"seed":60,"numerosity":150,"matchType":"unpaired","which":"first","trial_type":"numerosity-estimation","trial_index":73,"time_elapsed":1019360,"subject_id":"78443"},{"rt":5195,"stimulus":61,"slider_start":100,"sprites":"letters","response":86,"absDeviation":36,"callibration":"test","block":3,"seed":61,"numerosity":50,"matchType":"paired","which":"first","trial_type":"numerosity-estimation","trial_index":74,"time_elapsed":1024560,"subject_id":"78443"},{"rt":8013,"stimulus":61,"slider_start":100,"sprites":"letters","response":65,"absDeviation":15,"callibration":"test","block":3,"seed":61,"numerosity":50,"matchType":"paired","which":"second","trial_type":"numerosity-estimation","trial_index":75,"time_elapsed":1032577,"subject_id":"78443"},{"rt":15881,"stimulus":63,"slider_start":100,"sprites":"hearts","response":60,"absDeviation":4,"callibration":"test","block":3,"seed":63,"numerosity":64,"matchType":"unpaired","which":"first","trial_type":"numerosity-estimation","trial_index":76,"time_elapsed":1048462,"subject_id":"78443"},{"rt":10412,"stimulus":64,"slider_start":100,"sprites":"crackers","response":104,"absDeviation":31,"callibration":"test","block":3,"seed":64,"numerosity":135,"matchType":"unpaired","which":"first","trial_type":"numerosity-estimation","trial_index":77,"time_elapsed":1058878,"subject_id":"78443"},{"rt":3979,"stimulus":"<p> For the last block of trials, the average deviation of your guesses from correct answers was 27.</p>\n     <p>The smaller the deviation the better.  Your deviation was <b> good</b>.</p><br>\n       <p>Press any key to continue to the next block of trials</p>","response":"t","trial_type":"html-keyboard-response","trial_index":78,"time_elapsed":1062859,"subject_id":"78443"},{"rt":20794,"stimulus":65,"slider_start":100,"sprites":"bears","response":75,"absDeviation":32,"callibration":"test","block":4,"seed":65,"numerosity":107,"matchType":"paired","which":"first","trial_type":"numerosity-estimation","trial_index":79,"time_elapsed":1083661,"subject_id":"78443"},{"rt":10228,"stimulus":65,"slider_start":100,"sprites":"bears","response":105,"absDeviation":2,"callibration":"test","block":4,"seed":65,"numerosity":107,"matchType":"paired","which":"second","trial_type":"numerosity-estimation","trial_index":80,"time_elapsed":1093893,"subject_id":"78443"},{"rt":11047,"stimulus":67,"slider_start":100,"sprites":"jellyBeans","response":86,"absDeviation":21,"callibration":"test","block":4,"seed":67,"numerosity":107,"matchType":"unpaired","which":"first","trial_type":"numerosity-estimation","trial_index":81,"time_elapsed":1104945,"subject_id":"78443"},{"rt":5494,"stimulus":68,"slider_start":100,"sprites":"marbles","response":70,"absDeviation":80,"callibration":"test","block":4,"seed":68,"numerosity":150,"matchType":"unpaired","which":"first","trial_type":"numerosity-estimation","trial_index":82,"time_elapsed":1110444,"subject_id":"78443"},{"rt":11828,"stimulus":69,"slider_start":100,"sprites":"mints","response":50,"absDeviation":71,"callibration":"test","block":4,"seed":69,"numerosity":121,"matchType":"paired","which":"first","trial_type":"numerosity-estimation","trial_index":83,"time_elapsed":1122276,"subject_id":"78443"},{"rt":16397,"stimulus":69,"slider_start":100,"sprites":"mints","response":109,"absDeviation":12,"callibration":"test","block":4,"seed":69,"numerosity":121,"matchType":"paired","which":"second","trial_type":"numerosity-estimation","trial_index":84,"time_elapsed":1138676,"subject_id":"78443"},{"rt":21712,"stimulus":71,"slider_start":100,"sprites":"buttons","response":84,"absDeviation":23,"callibration":"test","block":4,"seed":71,"numerosity":107,"matchType":"unpaired","which":"first","trial_type":"numerosity-estimation","trial_index":85,"time_elapsed":1160394,"subject_id":"78443"},{"rt":8145,"stimulus":72,"slider_start":100,"sprites":"animalCrackers","response":49,"absDeviation":1,"callibration":"test","block":4,"seed":72,"numerosity":50,"matchType":"unpaired","which":"first","trial_type":"numerosity-estimation","trial_index":86,"time_elapsed":1168543,"subject_id":"78443"},{"rt":17078,"stimulus":73,"slider_start":100,"sprites":"letters","response":82,"absDeviation":4,"callibration":"test","block":4,"seed":73,"numerosity":78,"matchType":"paired","which":"first","trial_type":"numerosity-estimation","trial_index":87,"time_elapsed":1185626,"subject_id":"78443"},{"rt":17296,"stimulus":73,"slider_start":100,"sprites":"letters","response":88,"absDeviation":10,"callibration":"test","block":4,"seed":73,"numerosity":78,"matchType":"paired","which":"second","trial_type":"numerosity-estimation","trial_index":88,"time_elapsed":1202926,"subject_id":"78443"},{"rt":17862,"stimulus":75,"slider_start":100,"sprites":"hearts","response":79,"absDeviation":13,"callibration":"test","block":4,"seed":75,"numerosity":92,"matchType":"unpaired","which":"first","trial_type":"numerosity-estimation","trial_index":89,"time_elapsed":1220793,"subject_id":"78443"},{"rt":11578,"stimulus":76,"slider_start":100,"sprites":"crackers","response":51,"absDeviation":13,"callibration":"test","block":4,"seed":76,"numerosity":64,"matchType":"unpaired","which":"first","trial_type":"numerosity-estimation","trial_index":90,"time_elapsed":1232376,"subject_id":"78443"},{"rt":246870,"stimulus":77,"slider_start":100,"sprites":"bears","response":65,"absDeviation":70,"callibration":"test","block":4,"seed":77,"numerosity":135,"matchType":"paired","which":"first","trial_type":"numerosity-estimation","trial_index":91,"time_elapsed":1479243,"subject_id":"78443"},{"rt":40413,"stimulus":77,"slider_start":100,"sprites":"bears","response":116,"absDeviation":19,"callibration":"test","block":4,"seed":77,"numerosity":135,"matchType":"paired","which":"second","trial_type":"numerosity-estimation","trial_index":92,"time_elapsed":1519660,"subject_id":"78443"},{"rt":50379,"stimulus":79,"slider_start":100,"sprites":"jellyBeans","response":96,"absDeviation":46,"callibration":"test","block":4,"seed":79,"numerosity":50,"matchType":"unpaired","which":"first","trial_type":"numerosity-estimation","trial_index":93,"time_elapsed":1570043,"subject_id":"78443"},{"rt":220038,"stimulus":80,"slider_start":100,"sprites":"marbles","response":79,"absDeviation":42,"callibration":"test","block":4,"seed":80,"numerosity":121,"matchType":"unpaired","which":"first","trial_type":"numerosity-estimation","trial_index":94,"time_elapsed":1790077,"subject_id":"78443"},{"rt":3618,"stimulus":"<p> For the last block of trials, the average deviation of your guesses from correct answers was 29.</p>\n     <p>The smaller the deviation the better.  Your deviation was <b> good</b>.</p><br>\n       <p>Press any key to continue to the next block of trials</p>","response":"n","trial_type":"html-keyboard-response","trial_index":95,"time_elapsed":1793702,"subject_id":"78443"},{"rt":7034,"stimulus":81,"slider_start":100,"sprites":"mints","response":102,"absDeviation":19,"callibration":"test","block":5,"seed":81,"numerosity":121,"matchType":"paired","which":"first","trial_type":"numerosity-estimation","trial_index":96,"time_elapsed":1800741,"subject_id":"78443"},{"rt":4363,"stimulus":81,"slider_start":100,"sprites":"mints","response":106,"absDeviation":15,"callibration":"test","block":5,"seed":81,"numerosity":121,"matchType":"paired","which":"second","trial_type":"numerosity-estimation","trial_index":97,"time_elapsed":1805107,"subject_id":"78443"},{"rt":4113,"stimulus":83,"slider_start":100,"sprites":"buttons","response":94,"absDeviation":27,"callibration":"test","block":5,"seed":83,"numerosity":121,"matchType":"unpaired","which":"first","trial_type":"numerosity-estimation","trial_index":98,"time_elapsed":1809225,"subject_id":"78443"},{"rt":6361,"stimulus":84,"slider_start":100,"sprites":"animalCrackers","response":62,"absDeviation":12,"callibration":"test","block":5,"seed":84,"numerosity":50,"matchType":"unpaired","which":"first","trial_type":"numerosity-estimation","trial_index":99,"time_elapsed":1815591,"subject_id":"78443"},{"rt":9994,"stimulus":85,"slider_start":100,"sprites":"letters","response":56,"absDeviation":8,"callibration":"test","block":5,"seed":85,"numerosity":64,"matchType":"paired","which":"first","trial_type":"numerosity-estimation","trial_index":100,"time_elapsed":1825591,"subject_id":"78443"},{"rt":14063,"stimulus":85,"slider_start":100,"sprites":"letters","response":88,"absDeviation":24,"callibration":"test","block":5,"seed":85,"numerosity":64,"matchType":"paired","which":"second","trial_type":"numerosity-estimation","trial_index":101,"time_elapsed":1839659,"subject_id":"78443"},{"rt":12694,"stimulus":87,"slider_start":100,"sprites":"hearts","response":57,"absDeviation":7,"callibration":"test","block":5,"seed":87,"numerosity":50,"matchType":"unpaired","which":"first","trial_type":"numerosity-estimation","trial_index":102,"time_elapsed":1852358,"subject_id":"78443"},{"rt":9046,"stimulus":88,"slider_start":100,"sprites":"crackers","response":107,"absDeviation":28,"callibration":"test","block":5,"seed":88,"numerosity":135,"matchType":"unpaired","which":"first","trial_type":"numerosity-estimation","trial_index":103,"time_elapsed":1861408,"subject_id":"78443"},{"rt":24062,"stimulus":89,"slider_start":100,"sprites":"bears","response":93,"absDeviation":43,"callibration":"test","block":5,"seed":89,"numerosity":50,"matchType":"paired","which":"first","trial_type":"numerosity-estimation","trial_index":104,"time_elapsed":1885474,"subject_id":"78443"},{"rt":12915,"stimulus":89,"slider_start":100,"sprites":"bears","response":96,"absDeviation":46,"callibration":"test","block":5,"seed":89,"numerosity":50,"matchType":"paired","which":"second","trial_type":"numerosity-estimation","trial_index":105,"time_elapsed":1898408,"subject_id":"78443"},{"rt":27478,"stimulus":91,"slider_start":100,"sprites":"jellyBeans","response":84,"absDeviation":8,"callibration":"test","block":5,"seed":91,"numerosity":92,"matchType":"unpaired","which":"first","trial_type":"numerosity-estimation","trial_index":106,"time_elapsed":1925890,"subject_id":"78443"},{"rt":7411,"stimulus":92,"slider_start":100,"sprites":"marbles","response":95,"absDeviation":26,"callibration":"test","block":5,"seed":92,"numerosity":121,"matchType":"unpaired","which":"first","trial_type":"numerosity-estimation","trial_index":107,"time_elapsed":1933307,"subject_id":"78443"},{"rt":6611,"stimulus":93,"slider_start":100,"sprites":"mints","response":73,"absDeviation":5,"callibration":"test","block":5,"seed":93,"numerosity":78,"matchType":"paired","which":"first","trial_type":"numerosity-estimation","trial_index":108,"time_elapsed":1939924,"subject_id":"78443"},{"rt":9097,"stimulus":93,"slider_start":100,"sprites":"mints","response":74,"absDeviation":4,"callibration":"test","block":5,"seed":93,"numerosity":78,"matchType":"paired","which":"second","trial_type":"numerosity-estimation","trial_index":109,"time_elapsed":1949025,"subject_id":"78443"},{"rt":5594,"stimulus":95,"slider_start":100,"sprites":"buttons","response":64,"absDeviation":0,"callibration":"test","block":5,"seed":95,"numerosity":64,"matchType":"unpaired","which":"first","trial_type":"numerosity-estimation","trial_index":110,"time_elapsed":1954625,"subject_id":"78443"},{"rt":12078,"stimulus":96,"slider_start":100,"sprites":"animalCrackers","response":64,"absDeviation":28,"callibration":"test","block":5,"seed":96,"numerosity":92,"matchType":"unpaired","which":"first","trial_type":"numerosity-estimation","trial_index":111,"time_elapsed":1966707,"subject_id":"78443"},{"rt":49471,"stimulus":"<p> For the last block of trials, the average deviation of your guesses from correct answers was 19.</p>\n     <p>The smaller the deviation the better.  Your deviation was <b> VERY good</b>.</p><br>\n       <p>Press any key to continue to the next block of trials</p>","response":"j","trial_type":"html-keyboard-response","trial_index":112,"time_elapsed":2016177,"subject_id":"78443"},{"rt":13157,"stimulus":2,"slider_start":100,"sprites":"butterflies","response":109,"absDeviation":26,"callibration":"test","block":6,"seed":2,"numerosity":135,"matchType":"paired","which":"first","trial_type":"numerosity-estimation","trial_index":113,"time_elapsed":2029340,"subject_id":"78443"},{"rt":30363,"stimulus":2,"slider_start":100,"sprites":"butterflies","response":90,"absDeviation":45,"callibration":"test","block":6,"seed":2,"numerosity":135,"matchType":"paired","which":"second","trial_type":"numerosity-estimation","trial_index":114,"time_elapsed":2059706,"subject_id":"78443"},{"rt":28711,"stimulus":3,"slider_start":100,"sprites":"hearts","response":93,"absDeviation":43,"callibration":"test","block":6,"seed":3,"numerosity":50,"matchType":"unpaired","which":"second","trial_type":"numerosity-estimation","trial_index":115,"time_elapsed":2088425,"subject_id":"78443"},{"rt":6676,"stimulus":4,"slider_start":100,"sprites":"crackers","response":65,"absDeviation":42,"callibration":"test","block":6,"seed":4,"numerosity":107,"matchType":"unpaired","which":"second","trial_type":"numerosity-estimation","trial_index":116,"time_elapsed":2095106,"subject_id":"78443"},{"rt":9609,"stimulus":6,"slider_start":100,"sprites":"fruits","response":56,"absDeviation":22,"callibration":"test","block":6,"seed":6,"numerosity":78,"matchType":"paired","which":"first","trial_type":"numerosity-estimation","trial_index":117,"time_elapsed":2104725,"subject_id":"78443"},{"rt":29645,"stimulus":6,"slider_start":100,"sprites":"fruits","response":79,"absDeviation":1,"callibration":"test","block":6,"seed":6,"numerosity":78,"matchType":"paired","which":"second","trial_type":"numerosity-estimation","trial_index":118,"time_elapsed":2134374,"subject_id":"78443"},{"rt":36529,"stimulus":7,"slider_start":100,"sprites":"jellyBeans","response":110,"absDeviation":60,"callibration":"test","block":6,"seed":7,"numerosity":50,"matchType":"unpaired","which":"second","trial_type":"numerosity-estimation","trial_index":119,"time_elapsed":2170907,"subject_id":"78443"},{"rt":9959,"stimulus":8,"slider_start":100,"sprites":"marbles","response":44,"absDeviation":48,"callibration":"test","block":6,"seed":8,"numerosity":92,"matchType":"unpaired","which":"second","trial_type":"numerosity-estimation","trial_index":120,"time_elapsed":2180873,"subject_id":"78443"},{"rt":21164,"stimulus":10,"slider_start":100,"sprites":"rocks","response":75,"absDeviation":25,"callibration":"test","block":6,"seed":10,"numerosity":50,"matchType":"paired","which":"first","trial_type":"numerosity-estimation","trial_index":121,"time_elapsed":2202042,"subject_id":"78443"},{"rt":12210,"stimulus":10,"slider_start":100,"sprites":"rocks","response":59,"absDeviation":9,"callibration":"test","block":6,"seed":10,"numerosity":50,"matchType":"paired","which":"second","trial_type":"numerosity-estimation","trial_index":122,"time_elapsed":2214257,"subject_id":"78443"},{"rt":6828,"stimulus":11,"slider_start":100,"sprites":"buttons","response":55,"absDeviation":52,"callibration":"test","block":6,"seed":11,"numerosity":107,"matchType":"unpaired","which":"second","trial_type":"numerosity-estimation","trial_index":123,"time_elapsed":2221089,"subject_id":"78443"},{"rt":16263,"stimulus":12,"slider_start":100,"sprites":"animalCrackers","response":52,"absDeviation":40,"callibration":"test","block":6,"seed":12,"numerosity":92,"matchType":"unpaired","which":"second","trial_type":"numerosity-estimation","trial_index":124,"time_elapsed":2237356,"subject_id":"78443"},{"rt":5961,"stimulus":14,"slider_start":100,"sprites":"butterflies","response":91,"absDeviation":59,"callibration":"test","block":6,"seed":14,"numerosity":150,"matchType":"paired","which":"first","trial_type":"numerosity-estimation","trial_index":125,"time_elapsed":2243322,"subject_id":"78443"},{"rt":70365,"stimulus":14,"slider_start":100,"sprites":"butterflies","response":86,"absDeviation":64,"callibration":"test","block":6,"seed":14,"numerosity":150,"matchType":"paired","which":"second","trial_type":"numerosity-estimation","trial_index":126,"time_elapsed":2313688,"subject_id":"78443"},{"rt":32412,"stimulus":15,"slider_start":100,"sprites":"hearts","response":87,"absDeviation":34,"callibration":"test","block":6,"seed":15,"numerosity":121,"matchType":"unpaired","which":"second","trial_type":"numerosity-estimation","trial_index":127,"time_elapsed":2346108,"subject_id":"78443"},{"rt":6030,"stimulus":16,"slider_start":100,"sprites":"crackers","response":38,"absDeviation":26,"callibration":"test","block":6,"seed":16,"numerosity":64,"matchType":"unpaired","which":"second","trial_type":"numerosity-estimation","trial_index":128,"time_elapsed":2352146,"subject_id":"78443"},{"rt":22712,"stimulus":"<p> For the last block of trials, the average deviation of your guesses from correct answers was 37.</p>\n     <p>The smaller the deviation the better.  Your deviation was <b> good</b>.</p><br>\n       <p>Press any key to continue to the next block of trials</p>","response":"j","trial_type":"html-keyboard-response","trial_index":129,"time_elapsed":2374865,"subject_id":"78443"},{"rt":36812,"stimulus":18,"slider_start":100,"sprites":"fruits","response":68,"absDeviation":39,"callibration":"test","block":7,"seed":18,"numerosity":107,"matchType":"paired","which":"first","trial_type":"numerosity-estimation","trial_index":130,"time_elapsed":2411686,"subject_id":"78443"},{"rt":10269,"stimulus":18,"slider_start":100,"sprites":"fruits","response":61,"absDeviation":46,"callibration":"test","block":7,"seed":18,"numerosity":107,"matchType":"paired","which":"second","trial_type":"numerosity-estimation","trial_index":131,"time_elapsed":2421969,"subject_id":"78443"},{"rt":8246,"stimulus":19,"slider_start":100,"sprites":"jellyBeans","response":88,"absDeviation":47,"callibration":"test","block":7,"seed":19,"numerosity":135,"matchType":"unpaired","which":"second","trial_type":"numerosity-estimation","trial_index":132,"time_elapsed":2430220,"subject_id":"78443"},{"rt":11296,"stimulus":20,"slider_start":100,"sprites":"marbles","response":42,"absDeviation":36,"callibration":"test","block":7,"seed":20,"numerosity":78,"matchType":"unpaired","which":"second","trial_type":"numerosity-estimation","trial_index":133,"time_elapsed":2441520,"subject_id":"78443"},{"rt":101041,"stimulus":22,"slider_start":100,"sprites":"rocks","response":65,"absDeviation":27,"callibration":"test","block":7,"seed":22,"numerosity":92,"matchType":"paired","which":"first","trial_type":"numerosity-estimation","trial_index":134,"time_elapsed":2542569,"subject_id":"78443"},{"rt":6448,"stimulus":22,"slider_start":100,"sprites":"rocks","response":87,"absDeviation":5,"callibration":"test","block":7,"seed":22,"numerosity":92,"matchType":"paired","which":"second","trial_type":"numerosity-estimation","trial_index":135,"time_elapsed":2549022,"subject_id":"78443"},{"rt":20777,"stimulus":23,"slider_start":100,"sprites":"buttons","response":94,"absDeviation":56,"callibration":"test","block":7,"seed":23,"numerosity":150,"matchType":"unpaired","which":"second","trial_type":"numerosity-estimation","trial_index":136,"time_elapsed":2569803,"subject_id":"78443"},{"rt":12762,"stimulus":24,"slider_start":100,"sprites":"animalCrackers","response":112,"absDeviation":5,"callibration":"test","block":7,"seed":24,"numerosity":107,"matchType":"unpaired","which":"second","trial_type":"numerosity-estimation","trial_index":137,"time_elapsed":2582570,"subject_id":"78443"},{"rt":9578,"stimulus":26,"slider_start":100,"sprites":"butterflies","response":82,"absDeviation":10,"callibration":"test","block":7,"seed":26,"numerosity":92,"matchType":"paired","which":"first","trial_type":"numerosity-estimation","trial_index":138,"time_elapsed":2592152,"subject_id":"78443"},{"rt":10579,"stimulus":26,"slider_start":100,"sprites":"butterflies","response":76,"absDeviation":16,"callibration":"test","block":7,"seed":26,"numerosity":92,"matchType":"paired","which":"second","trial_type":"numerosity-estimation","trial_index":139,"time_elapsed":2602736,"subject_id":"78443"},{"rt":18963,"stimulus":27,"slider_start":100,"sprites":"hearts","response":82,"absDeviation":39,"callibration":"test","block":7,"seed":27,"numerosity":121,"matchType":"unpaired","which":"second","trial_type":"numerosity-estimation","trial_index":140,"time_elapsed":2621703,"subject_id":"78443"},{"rt":5623,"stimulus":28,"slider_start":100,"sprites":"crackers","response":114,"absDeviation":36,"callibration":"test","block":7,"seed":28,"numerosity":150,"matchType":"unpaired","which":"second","trial_type":"numerosity-estimation","trial_index":141,"time_elapsed":2627336,"subject_id":"78443"},{"rt":127865,"stimulus":30,"slider_start":100,"sprites":"fruits","response":92,"absDeviation":15,"callibration":"test","block":7,"seed":30,"numerosity":107,"matchType":"paired","which":"first","trial_type":"numerosity-estimation","trial_index":142,"time_elapsed":2755202,"subject_id":"78443"},{"rt":16796,"stimulus":30,"slider_start":100,"sprites":"fruits","response":85,"absDeviation":22,"callibration":"test","block":7,"seed":30,"numerosity":107,"matchType":"paired","which":"second","trial_type":"numerosity-estimation","trial_index":143,"time_elapsed":2772001,"subject_id":"78443"},{"rt":27512,"stimulus":31,"slider_start":100,"sprites":"jellyBeans","response":87,"absDeviation":63,"callibration":"test","block":7,"seed":31,"numerosity":150,"matchType":"unpaired","which":"second","trial_type":"numerosity-estimation","trial_index":144,"time_elapsed":2799519,"subject_id":"78443"},{"rt":9495,"stimulus":32,"slider_start":100,"sprites":"marbles","response":72,"absDeviation":63,"callibration":"test","block":7,"seed":32,"numerosity":135,"matchType":"unpaired","which":"second","trial_type":"numerosity-estimation","trial_index":145,"time_elapsed":2809018,"subject_id":"78443"},{"rt":4183,"stimulus":"<p> For the last block of trials, the average deviation of your guesses from correct answers was 33.</p>\n     <p>The smaller the deviation the better.  Your deviation was <b> good</b>.</p><br>\n       <p>Press any key to continue to the next block of trials</p>","response":"h","trial_type":"html-keyboard-response","trial_index":146,"time_elapsed":2813204,"subject_id":"78443"},{"rt":16860,"stimulus":34,"slider_start":100,"sprites":"rocks","response":88,"absDeviation":38,"callibration":"test","block":8,"seed":34,"numerosity":50,"matchType":"paired","which":"first","trial_type":"numerosity-estimation","trial_index":147,"time_elapsed":2830069,"subject_id":"78443"},{"rt":10913,"stimulus":34,"slider_start":100,"sprites":"rocks","response":87,"absDeviation":37,"callibration":"test","block":8,"seed":34,"numerosity":50,"matchType":"paired","which":"second","trial_type":"numerosity-estimation","trial_index":148,"time_elapsed":2840986,"subject_id":"78443"},{"rt":46346,"stimulus":35,"slider_start":100,"sprites":"buttons","response":76,"absDeviation":2,"callibration":"test","block":8,"seed":35,"numerosity":78,"matchType":"unpaired","which":"second","trial_type":"numerosity-estimation","trial_index":149,"time_elapsed":2887335,"subject_id":"78443"},{"rt":20413,"stimulus":36,"slider_start":100,"sprites":"animalCrackers","response":57,"absDeviation":7,"callibration":"test","block":8,"seed":36,"numerosity":50,"matchType":"unpaired","which":"second","trial_type":"numerosity-estimation","trial_index":150,"time_elapsed":2907752,"subject_id":"78443"},{"rt":7095,"stimulus":38,"slider_start":100,"sprites":"butterflies","response":66,"absDeviation":12,"callibration":"test","block":8,"seed":38,"numerosity":78,"matchType":"paired","which":"first","trial_type":"numerosity-estimation","trial_index":151,"time_elapsed":2914853,"subject_id":"78443"},{"rt":12663,"stimulus":38,"slider_start":100,"sprites":"butterflies","response":67,"absDeviation":11,"callibration":"test","block":8,"seed":38,"numerosity":78,"matchType":"paired","which":"second","trial_type":"numerosity-estimation","trial_index":152,"time_elapsed":2927519,"subject_id":"78443"},{"rt":7894,"stimulus":39,"slider_start":100,"sprites":"hearts","response":60,"absDeviation":18,"callibration":"test","block":8,"seed":39,"numerosity":78,"matchType":"unpaired","which":"second","trial_type":"numerosity-estimation","trial_index":153,"time_elapsed":2935418,"subject_id":"78443"},{"rt":11031,"stimulus":40,"slider_start":100,"sprites":"crackers","response":74,"absDeviation":47,"callibration":"test","block":8,"seed":40,"numerosity":121,"matchType":"unpaired","which":"second","trial_type":"numerosity-estimation","trial_index":154,"time_elapsed":2946455,"subject_id":"78443"},{"rt":8193,"stimulus":42,"slider_start":100,"sprites":"fruits","response":75,"absDeviation":3,"callibration":"test","block":8,"seed":42,"numerosity":78,"matchType":"paired","which":"first","trial_type":"numerosity-estimation","trial_index":155,"time_elapsed":2954653,"subject_id":"78443"},{"rt":6982,"stimulus":42,"slider_start":100,"sprites":"fruits","response":66,"absDeviation":12,"callibration":"test","block":8,"seed":42,"numerosity":78,"matchType":"paired","which":"second","trial_type":"numerosity-estimation","trial_index":156,"time_elapsed":2961653,"subject_id":"78443"},{"rt":5560,"stimulus":43,"slider_start":100,"sprites":"jellyBeans","response":45,"absDeviation":19,"callibration":"test","block":8,"seed":43,"numerosity":64,"matchType":"unpaired","which":"second","trial_type":"numerosity-estimation","trial_index":157,"time_elapsed":2967220,"subject_id":"78443"},{"rt":4761,"stimulus":44,"slider_start":100,"sprites":"marbles","response":64,"absDeviation":57,"callibration":"test","block":8,"seed":44,"numerosity":121,"matchType":"unpaired","which":"second","trial_type":"numerosity-estimation","trial_index":158,"time_elapsed":2971986,"subject_id":"78443"},{"rt":10312,"stimulus":46,"slider_start":100,"sprites":"rocks","response":51,"absDeviation":56,"callibration":"test","block":8,"seed":46,"numerosity":107,"matchType":"paired","which":"first","trial_type":"numerosity-estimation","trial_index":159,"time_elapsed":2982302,"subject_id":"78443"},{"rt":9779,"stimulus":46,"slider_start":100,"sprites":"rocks","response":67,"absDeviation":40,"callibration":"test","block":8,"seed":46,"numerosity":107,"matchType":"paired","which":"second","trial_type":"numerosity-estimation","trial_index":160,"time_elapsed":2992086,"subject_id":"78443"},{"rt":28529,"stimulus":47,"slider_start":100,"sprites":"buttons","response":72,"absDeviation":49,"callibration":"test","block":8,"seed":47,"numerosity":121,"matchType":"unpaired","which":"second","trial_type":"numerosity-estimation","trial_index":161,"time_elapsed":3020620,"subject_id":"78443"},{"rt":9076,"stimulus":48,"slider_start":100,"sprites":"animalCrackers","response":92,"absDeviation":43,"callibration":"test","block":8,"seed":48,"numerosity":135,"matchType":"unpaired","which":"second","trial_type":"numerosity-estimation","trial_index":162,"time_elapsed":3029702,"subject_id":"78443"},{"rt":3881,"stimulus":"<p> For the last block of trials, the average deviation of your guesses from correct answers was 28.</p>\n     <p>The smaller the deviation the better.  Your deviation was <b> good</b>.</p><br>\n       <p>Press any key to continue to the next block of trials</p>","response":"h","trial_type":"html-keyboard-response","trial_index":163,"time_elapsed":3033585,"subject_id":"78443"},{"rt":56343,"stimulus":50,"slider_start":100,"sprites":"butterflies","response":80,"absDeviation":70,"callibration":"test","block":9,"seed":50,"numerosity":150,"matchType":"paired","which":"first","trial_type":"numerosity-estimation","trial_index":164,"time_elapsed":3089936,"subject_id":"78443"},{"rt":12830,"stimulus":50,"slider_start":100,"sprites":"butterflies","response":67,"absDeviation":83,"callibration":"test","block":9,"seed":50,"numerosity":150,"matchType":"paired","which":"second","trial_type":"numerosity-estimation","trial_index":165,"time_elapsed":3102770,"subject_id":"78443"},{"rt":10194,"stimulus":51,"slider_start":100,"sprites":"hearts","response":67,"absDeviation":83,"callibration":"test","block":9,"seed":51,"numerosity":150,"matchType":"unpaired","which":"second","trial_type":"numerosity-estimation","trial_index":166,"time_elapsed":3112969,"subject_id":"78443"},{"rt":10544,"stimulus":52,"slider_start":100,"sprites":"crackers","response":85,"absDeviation":7,"callibration":"test","block":9,"seed":52,"numerosity":78,"matchType":"unpaired","which":"second","trial_type":"numerosity-estimation","trial_index":167,"time_elapsed":3123519,"subject_id":"78443"},{"rt":12610,"stimulus":54,"slider_start":100,"sprites":"fruits","response":68,"absDeviation":24,"callibration":"test","block":9,"seed":54,"numerosity":92,"matchType":"paired","which":"first","trial_type":"numerosity-estimation","trial_index":168,"time_elapsed":3136134,"subject_id":"78443"},{"rt":56081,"stimulus":54,"slider_start":100,"sprites":"fruits","response":89,"absDeviation":3,"callibration":"test","block":9,"seed":54,"numerosity":92,"matchType":"paired","which":"second","trial_type":"numerosity-estimation","trial_index":169,"time_elapsed":3192218,"subject_id":"78443"},{"rt":22362,"stimulus":55,"slider_start":100,"sprites":"jellyBeans","response":92,"absDeviation":29,"callibration":"test","block":9,"seed":55,"numerosity":121,"matchType":"unpaired","which":"second","trial_type":"numerosity-estimation","trial_index":170,"time_elapsed":3214586,"subject_id":"78443"},{"rt":7410,"stimulus":56,"slider_start":100,"sprites":"marbles","response":67,"absDeviation":3,"callibration":"test","block":9,"seed":56,"numerosity":64,"matchType":"unpaired","which":"second","trial_type":"numerosity-estimation","trial_index":171,"time_elapsed":3222001,"subject_id":"78443"},{"rt":5352,"stimulus":58,"slider_start":100,"sprites":"rocks","response":78,"absDeviation":43,"callibration":"test","block":9,"seed":58,"numerosity":121,"matchType":"paired","which":"first","trial_type":"numerosity-estimation","trial_index":172,"time_elapsed":3227369,"subject_id":"78443"},{"rt":4415,"stimulus":58,"slider_start":100,"sprites":"rocks","response":71,"absDeviation":50,"callibration":"test","block":9,"seed":58,"numerosity":121,"matchType":"paired","which":"second","trial_type":"numerosity-estimation","trial_index":173,"time_elapsed":3231788,"subject_id":"78443"},{"rt":6710,"stimulus":59,"slider_start":100,"sprites":"buttons","response":88,"absDeviation":47,"callibration":"test","block":9,"seed":59,"numerosity":135,"matchType":"unpaired","which":"second","trial_type":"numerosity-estimation","trial_index":174,"time_elapsed":3238504,"subject_id":"78443"},{"rt":11175,"stimulus":60,"slider_start":100,"sprites":"animalCrackers","response":90,"absDeviation":60,"callibration":"test","block":9,"seed":60,"numerosity":150,"matchType":"unpaired","which":"second","trial_type":"numerosity-estimation","trial_index":175,"time_elapsed":3249684,"subject_id":"78443"},{"rt":5878,"stimulus":62,"slider_start":100,"sprites":"butterflies","response":86,"absDeviation":49,"callibration":"test","block":9,"seed":62,"numerosity":135,"matchType":"paired","which":"first","trial_type":"numerosity-estimation","trial_index":176,"time_elapsed":3255568,"subject_id":"78443"},{"rt":8629,"stimulus":62,"slider_start":100,"sprites":"butterflies","response":84,"absDeviation":51,"callibration":"test","block":9,"seed":62,"numerosity":135,"matchType":"paired","which":"second","trial_type":"numerosity-estimation","trial_index":177,"time_elapsed":3264202,"subject_id":"78443"},{"rt":6346,"stimulus":63,"slider_start":100,"sprites":"hearts","response":50,"absDeviation":14,"callibration":"test","block":9,"seed":63,"numerosity":64,"matchType":"unpaired","which":"second","trial_type":"numerosity-estimation","trial_index":178,"time_elapsed":3270552,"subject_id":"78443"},{"rt":67163,"stimulus":64,"slider_start":100,"sprites":"crackers","response":96,"absDeviation":39,"callibration":"test","block":9,"seed":64,"numerosity":135,"matchType":"unpaired","which":"second","trial_type":"numerosity-estimation","trial_index":179,"time_elapsed":3337734,"subject_id":"78443"},{"rt":2185,"stimulus":"<p> For the last block of trials, the average deviation of your guesses from correct answers was 41.</p>\n     <p>The smaller the deviation the better.  Your deviation was <b> good</b>.</p><br>\n       <p>Press any key to continue to the next block of trials</p>","response":"h","trial_type":"html-keyboard-response","trial_index":180,"time_elapsed":3339924,"subject_id":"78443"},{"rt":17854,"stimulus":66,"slider_start":100,"sprites":"fruits","response":87,"absDeviation":23,"callibration":"test","block":10,"seed":66,"numerosity":64,"matchType":"paired","which":"first","trial_type":"numerosity-estimation","trial_index":181,"time_elapsed":3357784,"subject_id":"78443"},{"rt":14462,"stimulus":66,"slider_start":100,"sprites":"fruits","response":41,"absDeviation":23,"callibration":"test","block":10,"seed":66,"numerosity":64,"matchType":"paired","which":"second","trial_type":"numerosity-estimation","trial_index":182,"time_elapsed":3372251,"subject_id":"78443"},{"rt":28779,"stimulus":67,"slider_start":100,"sprites":"jellyBeans","response":85,"absDeviation":22,"callibration":"test","block":10,"seed":67,"numerosity":107,"matchType":"unpaired","which":"second","trial_type":"numerosity-estimation","trial_index":183,"time_elapsed":3401035,"subject_id":"78443"},{"rt":5628,"stimulus":68,"slider_start":100,"sprites":"marbles","response":68,"absDeviation":82,"callibration":"test","block":10,"seed":68,"numerosity":150,"matchType":"unpaired","which":"second","trial_type":"numerosity-estimation","trial_index":184,"time_elapsed":3406668,"subject_id":"78443"},{"rt":10764,"stimulus":70,"slider_start":100,"sprites":"rocks","response":57,"absDeviation":35,"callibration":"test","block":10,"seed":70,"numerosity":92,"matchType":"paired","which":"first","trial_type":"numerosity-estimation","trial_index":185,"time_elapsed":3417436,"subject_id":"78443"},{"rt":4016,"stimulus":70,"slider_start":100,"sprites":"rocks","response":51,"absDeviation":41,"callibration":"test","block":10,"seed":70,"numerosity":92,"matchType":"paired","which":"second","trial_type":"numerosity-estimation","trial_index":186,"time_elapsed":3421468,"subject_id":"78443"},{"rt":7462,"stimulus":71,"slider_start":100,"sprites":"buttons","response":81,"absDeviation":26,"callibration":"test","block":10,"seed":71,"numerosity":107,"matchType":"unpaired","which":"second","trial_type":"numerosity-estimation","trial_index":187,"time_elapsed":3428935,"subject_id":"78443"},{"rt":8044,"stimulus":72,"slider_start":100,"sprites":"animalCrackers","response":63,"absDeviation":13,"callibration":"test","block":10,"seed":72,"numerosity":50,"matchType":"unpaired","which":"second","trial_type":"numerosity-estimation","trial_index":188,"time_elapsed":3436984,"subject_id":"78443"},{"rt":6812,"stimulus":74,"slider_start":100,"sprites":"butterflies","response":61,"absDeviation":3,"callibration":"test","block":10,"seed":74,"numerosity":64,"matchType":"paired","which":"first","trial_type":"numerosity-estimation","trial_index":189,"time_elapsed":3443802,"subject_id":"78443"},{"rt":7163,"stimulus":74,"slider_start":100,"sprites":"butterflies","response":65,"absDeviation":1,"callibration":"test","block":10,"seed":74,"numerosity":64,"matchType":"paired","which":"second","trial_type":"numerosity-estimation","trial_index":190,"time_elapsed":3450968,"subject_id":"78443"},{"rt":12295,"stimulus":75,"slider_start":100,"sprites":"hearts","response":72,"absDeviation":20,"callibration":"test","block":10,"seed":75,"numerosity":92,"matchType":"unpaired","which":"second","trial_type":"numerosity-estimation","trial_index":191,"time_elapsed":3463268,"subject_id":"78443"},{"rt":8912,"stimulus":76,"slider_start":100,"sprites":"crackers","response":59,"absDeviation":5,"callibration":"test","block":10,"seed":76,"numerosity":64,"matchType":"unpaired","which":"second","trial_type":"numerosity-estimation","trial_index":192,"time_elapsed":3472185,"subject_id":"78443"},{"rt":15645,"stimulus":78,"slider_start":100,"sprites":"fruits","response":71,"absDeviation":7,"callibration":"test","block":10,"seed":78,"numerosity":64,"matchType":"paired","which":"first","trial_type":"numerosity-estimation","trial_index":193,"time_elapsed":3487835,"subject_id":"78443"},{"rt":13872,"stimulus":78,"slider_start":100,"sprites":"fruits","response":63,"absDeviation":1,"callibration":"test","block":10,"seed":78,"numerosity":64,"matchType":"paired","which":"second","trial_type":"numerosity-estimation","trial_index":194,"time_elapsed":3501718,"subject_id":"78443"},{"rt":8830,"stimulus":79,"slider_start":100,"sprites":"jellyBeans","response":41,"absDeviation":9,"callibration":"test","block":10,"seed":79,"numerosity":50,"matchType":"unpaired","which":"second","trial_type":"numerosity-estimation","trial_index":195,"time_elapsed":3510553,"subject_id":"78443"},{"rt":4928,"stimulus":80,"slider_start":100,"sprites":"marbles","response":66,"absDeviation":55,"callibration":"test","block":10,"seed":80,"numerosity":121,"matchType":"unpaired","which":"second","trial_type":"numerosity-estimation","trial_index":196,"time_elapsed":3515485,"subject_id":"78443"},{"rt":1938,"stimulus":"<p> For the last block of trials, the average deviation of your guesses from correct answers was 23.</p>\n     <p>The smaller the deviation the better.  Your deviation was <b> VERY good</b>.</p><br>\n       <p>Press any key to continue to the next block of trials</p>","response":"h","trial_type":"html-keyboard-response","trial_index":197,"time_elapsed":3517425,"subject_id":"78443"},{"rt":18667,"stimulus":82,"slider_start":100,"sprites":"rocks","response":68,"absDeviation":4,"callibration":"test","block":11,"seed":82,"numerosity":64,"matchType":"paired","which":"first","trial_type":"numerosity-estimation","trial_index":198,"time_elapsed":3536101,"subject_id":"78443"},{"rt":15733,"stimulus":82,"slider_start":100,"sprites":"rocks","response":59,"absDeviation":5,"callibration":"test","block":11,"seed":82,"numerosity":64,"matchType":"paired","which":"second","trial_type":"numerosity-estimation","trial_index":199,"time_elapsed":3551838,"subject_id":"78443"},{"rt":6091,"stimulus":83,"slider_start":100,"sprites":"buttons","response":67,"absDeviation":54,"callibration":"test","block":11,"seed":83,"numerosity":121,"matchType":"unpaired","which":"second","trial_type":"numerosity-estimation","trial_index":200,"time_elapsed":3557935,"subject_id":"78443"},{"rt":7579,"stimulus":84,"slider_start":100,"sprites":"animalCrackers","response":33,"absDeviation":17,"callibration":"test","block":11,"seed":84,"numerosity":50,"matchType":"unpaired","which":"second","trial_type":"numerosity-estimation","trial_index":201,"time_elapsed":3565518,"subject_id":"78443"},{"rt":7396,"stimulus":86,"slider_start":100,"sprites":"butterflies","response":71,"absDeviation":50,"callibration":"test","block":11,"seed":86,"numerosity":121,"matchType":"paired","which":"first","trial_type":"numerosity-estimation","trial_index":202,"time_elapsed":3572919,"subject_id":"78443"},{"rt":3746,"stimulus":86,"slider_start":100,"sprites":"butterflies","response":55,"absDeviation":66,"callibration":"test","block":11,"seed":86,"numerosity":121,"matchType":"paired","which":"second","trial_type":"numerosity-estimation","trial_index":203,"time_elapsed":3576669,"subject_id":"78443"},{"rt":6044,"stimulus":87,"slider_start":100,"sprites":"hearts","response":44,"absDeviation":6,"callibration":"test","block":11,"seed":87,"numerosity":50,"matchType":"unpaired","which":"second","trial_type":"numerosity-estimation","trial_index":204,"time_elapsed":3582718,"subject_id":"78443"},{"rt":3513,"stimulus":88,"slider_start":100,"sprites":"crackers","response":93,"absDeviation":42,"callibration":"test","block":11,"seed":88,"numerosity":135,"matchType":"unpaired","which":"second","trial_type":"numerosity-estimation","trial_index":205,"time_elapsed":3586236,"subject_id":"78443"},{"rt":4627,"stimulus":90,"slider_start":100,"sprites":"fruits","response":107,"absDeviation":43,"callibration":"test","block":11,"seed":90,"numerosity":150,"matchType":"paired","which":"first","trial_type":"numerosity-estimation","trial_index":206,"time_elapsed":3590869,"subject_id":"78443"},{"rt":11012,"stimulus":90,"slider_start":100,"sprites":"fruits","response":108,"absDeviation":42,"callibration":"test","block":11,"seed":90,"numerosity":150,"matchType":"paired","which":"second","trial_type":"numerosity-estimation","trial_index":207,"time_elapsed":3601885,"subject_id":"78443"},{"rt":12128,"stimulus":91,"slider_start":100,"sprites":"jellyBeans","response":85,"absDeviation":7,"callibration":"test","block":11,"seed":91,"numerosity":92,"matchType":"unpaired","which":"second","trial_type":"numerosity-estimation","trial_index":208,"time_elapsed":3614018,"subject_id":"78443"},{"rt":3445,"stimulus":92,"slider_start":100,"sprites":"marbles","response":74,"absDeviation":47,"callibration":"test","block":11,"seed":92,"numerosity":121,"matchType":"unpaired","which":"second","trial_type":"numerosity-estimation","trial_index":209,"time_elapsed":3617468,"subject_id":"78443"},{"rt":4429,"stimulus":94,"slider_start":100,"sprites":"rocks","response":62,"absDeviation":16,"callibration":"test","block":11,"seed":94,"numerosity":78,"matchType":"paired","which":"first","trial_type":"numerosity-estimation","trial_index":210,"time_elapsed":3621901,"subject_id":"78443"},{"rt":3834,"stimulus":94,"slider_start":100,"sprites":"rocks","response":40,"absDeviation":38,"callibration":"test","block":11,"seed":94,"numerosity":78,"matchType":"paired","which":"second","trial_type":"numerosity-estimation","trial_index":211,"time_elapsed":3625738,"subject_id":"78443"},{"rt":8575,"stimulus":95,"slider_start":100,"sprites":"buttons","response":63,"absDeviation":1,"callibration":"test","block":11,"seed":95,"numerosity":64,"matchType":"unpaired","which":"second","trial_type":"numerosity-estimation","trial_index":212,"time_elapsed":3634318,"subject_id":"78443"},{"rt":4545,"stimulus":96,"slider_start":100,"sprites":"animalCrackers","response":74,"absDeviation":18,"callibration":"test","block":11,"seed":96,"numerosity":92,"matchType":"unpaired","which":"second","trial_type":"numerosity-estimation","trial_index":213,"time_elapsed":3638869,"subject_id":"78443"},{"rt":1434,"stimulus":"<p> For the last block of trials, the average deviation of your guesses from correct answers was 29.</p>\n     <p>The smaller the deviation the better.  Your deviation was <b> good</b>.</p><br>\n       <p>Press any key to continue to the next block of trials</p>","response":"h","trial_type":"html-keyboard-response","trial_index":214,"time_elapsed":3640305,"subject_id":"78443"},{"rt":45017,"response":{"averageEstimates":"When the two displays occured back-to-back, in immediate succession.","firstOrSecond":"The second time the objects were shown"},"question_order":[0,1],"trial_type":"survey-multi-choice","trial_index":215,"time_elapsed":3685324,"subject_id":"78443"}]