[{"rt":3593,"url":"consent.html","trial_type":"external-html","trial_index":0,"time_elapsed":3632,"subject_id":"76202"},{"view_history":[{"page_index":0,"viewing_time":7562}],"rt":7562,"trial_type":"instructions","trial_index":1,"time_elapsed":11195,"subject_id":"76202"},{"rt":9865,"stimulus":0,"slider_start":100,"sprites":"animalCrackers","response":100,"absDeviation":50,"callibration":"callibration","block":-1,"seed":0,"numerosity":50,"matchType":"callibration","which":"first","trial_type":"numerosity-estimation","trial_index":2,"time_elapsed":21062,"subject_id":"76202"},{"rt":2126,"stimulus":1,"slider_start":100,"sprites":"letters","response":100,"absDeviation":36,"callibration":"callibration","block":-1,"seed":1,"numerosity":64,"matchType":"callibration","which":"first","trial_type":"numerosity-estimation","trial_index":3,"time_elapsed":23190,"subject_id":"76202"},{"rt":2809,"stimulus":2,"slider_start":100,"sprites":"butterflies","response":100,"absDeviation":22,"callibration":"callibration","block":-1,"seed":2,"numerosity":78,"matchType":"callibration","which":"first","trial_type":"numerosity-estimation","trial_index":4,"time_elapsed":26000,"subject_id":"76202"},{"rt":1838,"stimulus":3,"slider_start":100,"sprites":"hearts","response":100,"absDeviation":8,"callibration":"callibration","block":-1,"seed":3,"numerosity":92,"matchType":"callibration","which":"first","trial_type":"numerosity-estimation","trial_index":5,"time_elapsed":27839,"subject_id":"76202"},{"rt":1322,"stimulus":4,"slider_start":100,"sprites":"crackers","response":100,"absDeviation":7,"callibration":"callibration","block":-1,"seed":4,"numerosity":107,"matchType":"callibration","which":"first","trial_type":"numerosity-estimation","trial_index":6,"time_elapsed":29161,"subject_id":"76202"},{"rt":1465,"stimulus":5,"slider_start":100,"sprites":"bears","response":100,"absDeviation":21,"callibration":"callibration","block":-1,"seed":5,"numerosity":121,"matchType":"callibration","which":"first","trial_type":"numerosity-estimation","trial_index":7,"time_elapsed":30628,"subject_id":"76202"},{"rt":1343,"stimulus":6,"slider_start":100,"sprites":"fruits","response":100,"absDeviation":35,"callibration":"callibration","block":-1,"seed":6,"numerosity":135,"matchType":"callibration","which":"first","trial_type":"numerosity-estimation","trial_index":8,"time_elapsed":31972,"subject_id":"76202"},{"rt":1268,"stimulus":7,"slider_start":100,"sprites":"jellyBeans","response":100,"absDeviation":50,"callibration":"callibration","block":-1,"seed":7,"numerosity":150,"matchType":"callibration","which":"first","trial_type":"numerosity-estimation","trial_index":9,"time_elapsed":33240,"subject_id":"76202"},{"view_history":[{"page_index":0,"viewing_time":703}],"rt":703,"trial_type":"instructions","trial_index":10,"time_elapsed":33944,"subject_id":"76202"},{"rt":5209,"stimulus":1,"slider_start":100,"sprites":"letters","response":93,"absDeviation":1,"callibration":"test","block":0,"seed":1,"numerosity":92,"matchType":"paired","which":"first","trial_type":"numerosity-estimation","trial_index":11,"time_elapsed":39154,"subject_id":"76202"},{"rt":3398,"stimulus":1,"slider_start":100,"sprites":"letters","response":102,"absDeviation":10,"callibration":"test","block":0,"seed":1,"numerosity":92,"matchType":"paired","which":"second","trial_type":"numerosity-estimation","trial_index":12,"time_elapsed":42552,"subject_id":"76202"},{"rt":2808,"stimulus":3,"slider_start":100,"sprites":"hearts","response":67,"absDeviation":17,"callibration":"test","block":0,"seed":3,"numerosity":50,"matchType":"unpaired","which":"first","trial_type":"numerosity-estimation","trial_index":13,"time_elapsed":45361,"subject_id":"76202"},{"rt":3391,"stimulus":4,"slider_start":100,"sprites":"crackers","response":94,"absDeviation":13,"callibration":"test","block":0,"seed":4,"numerosity":107,"matchType":"unpaired","which":"first","trial_type":"numerosity-estimation","trial_index":14,"time_elapsed":48754,"subject_id":"76202"},{"rt":3272,"stimulus":5,"slider_start":100,"sprites":"bears","response":57,"absDeviation":7,"callibration":"test","block":0,"seed":5,"numerosity":50,"matchType":"paired","which":"first","trial_type":"numerosity-estimation","trial_index":15,"time_elapsed":52027,"subject_id":"76202"},{"rt":3657,"stimulus":5,"slider_start":100,"sprites":"bears","response":53,"absDeviation":3,"callibration":"test","block":0,"seed":5,"numerosity":50,"matchType":"paired","which":"second","trial_type":"numerosity-estimation","trial_index":16,"time_elapsed":55685,"subject_id":"76202"},{"rt":10725,"stimulus":7,"slider_start":100,"sprites":"jellyBeans","response":65,"absDeviation":15,"callibration":"test","block":0,"seed":7,"numerosity":50,"matchType":"unpaired","which":"first","trial_type":"numerosity-estimation","trial_index":17,"time_elapsed":66411,"subject_id":"76202"},{"rt":7622,"stimulus":8,"slider_start":100,"sprites":"marbles","response":83,"absDeviation":9,"callibration":"test","block":0,"seed":8,"numerosity":92,"matchType":"unpaired","which":"first","trial_type":"numerosity-estimation","trial_index":18,"time_elapsed":74034,"subject_id":"76202"},{"rt":3814,"stimulus":9,"slider_start":100,"sprites":"mints","response":130,"absDeviation":5,"callibration":"test","block":0,"seed":9,"numerosity":135,"matchType":"paired","which":"first","trial_type":"numerosity-estimation","trial_index":19,"time_elapsed":77849,"subject_id":"76202"},{"rt":6107,"stimulus":9,"slider_start":100,"sprites":"mints","response":132,"absDeviation":3,"callibration":"test","block":0,"seed":9,"numerosity":135,"matchType":"paired","which":"second","trial_type":"numerosity-estimation","trial_index":20,"time_elapsed":83957,"subject_id":"76202"},{"rt":5720,"stimulus":11,"slider_start":100,"sprites":"buttons","response":123,"absDeviation":16,"callibration":"test","block":0,"seed":11,"numerosity":107,"matchType":"unpaired","which":"first","trial_type":"numerosity-estimation","trial_index":21,"time_elapsed":89678,"subject_id":"76202"},{"rt":8593,"stimulus":12,"slider_start":100,"sprites":"animalCrackers","response":120,"absDeviation":28,"callibration":"test","block":0,"seed":12,"numerosity":92,"matchType":"unpaired","which":"first","trial_type":"numerosity-estimation","trial_index":22,"time_elapsed":98272,"subject_id":"76202"},{"rt":5915,"stimulus":13,"slider_start":100,"sprites":"letters","response":113,"absDeviation":6,"callibration":"test","block":0,"seed":13,"numerosity":107,"matchType":"paired","which":"first","trial_type":"numerosity-estimation","trial_index":23,"time_elapsed":104188,"subject_id":"76202"},{"rt":5698,"stimulus":13,"slider_start":100,"sprites":"letters","response":107,"absDeviation":0,"callibration":"test","block":0,"seed":13,"numerosity":107,"matchType":"paired","which":"second","trial_type":"numerosity-estimation","trial_index":24,"time_elapsed":109887,"subject_id":"76202"},{"rt":4890,"stimulus":15,"slider_start":100,"sprites":"hearts","response":126,"absDeviation":5,"callibration":"test","block":0,"seed":15,"numerosity":121,"matchType":"unpaired","which":"first","trial_type":"numerosity-estimation","trial_index":25,"time_elapsed":114778,"subject_id":"76202"},{"rt":4121,"stimulus":16,"slider_start":100,"sprites":"crackers","response":49,"absDeviation":15,"callibration":"test","block":0,"seed":16,"numerosity":64,"matchType":"unpaired","which":"first","trial_type":"numerosity-estimation","trial_index":26,"time_elapsed":118900,"subject_id":"76202"},{"rt":2178,"stimulus":"<p> For the last block of trials, the average deviation of your guesses from correct answers was 10.</p>\n     <p>The smaller the deviation the better.  Your deviation was <b> AMAZINGLY good</b>.</p><br>\n       <p>Press any key to continue to the next block of trials</p>","response":"e","trial_type":"html-keyboard-response","trial_index":27,"time_elapsed":121079,"subject_id":"76202"},{"rt":5423,"stimulus":17,"slider_start":100,"sprites":"bears","response":84,"absDeviation":8,"callibration":"test","block":1,"seed":17,"numerosity":92,"matchType":"paired","which":"first","trial_type":"numerosity-estimation","trial_index":28,"time_elapsed":126502,"subject_id":"76202"},{"rt":3664,"stimulus":17,"slider_start":100,"sprites":"bears","response":70,"absDeviation":22,"callibration":"test","block":1,"seed":17,"numerosity":92,"matchType":"paired","which":"second","trial_type":"numerosity-estimation","trial_index":29,"time_elapsed":130168,"subject_id":"76202"},{"rt":2714,"stimulus":19,"slider_start":100,"sprites":"jellyBeans","response":115,"absDeviation":20,"callibration":"test","block":1,"seed":19,"numerosity":135,"matchType":"unpaired","which":"first","trial_type":"numerosity-estimation","trial_index":30,"time_elapsed":132882,"subject_id":"76202"},{"rt":4315,"stimulus":20,"slider_start":100,"sprites":"marbles","response":54,"absDeviation":24,"callibration":"test","block":1,"seed":20,"numerosity":78,"matchType":"unpaired","which":"first","trial_type":"numerosity-estimation","trial_index":31,"time_elapsed":137198,"subject_id":"76202"},{"rt":3033,"stimulus":21,"slider_start":100,"sprites":"mints","response":91,"absDeviation":1,"callibration":"test","block":1,"seed":21,"numerosity":92,"matchType":"paired","which":"first","trial_type":"numerosity-estimation","trial_index":32,"time_elapsed":140233,"subject_id":"76202"},{"rt":6007,"stimulus":21,"slider_start":100,"sprites":"mints","response":104,"absDeviation":12,"callibration":"test","block":1,"seed":21,"numerosity":92,"matchType":"paired","which":"second","trial_type":"numerosity-estimation","trial_index":33,"time_elapsed":146240,"subject_id":"76202"},{"rt":3497,"stimulus":23,"slider_start":100,"sprites":"buttons","response":136,"absDeviation":14,"callibration":"test","block":1,"seed":23,"numerosity":150,"matchType":"unpaired","which":"first","trial_type":"numerosity-estimation","trial_index":34,"time_elapsed":149738,"subject_id":"76202"},{"rt":7719,"stimulus":24,"slider_start":100,"sprites":"animalCrackers","response":115,"absDeviation":8,"callibration":"test","block":1,"seed":24,"numerosity":107,"matchType":"unpaired","which":"first","trial_type":"numerosity-estimation","trial_index":35,"time_elapsed":157458,"subject_id":"76202"},{"rt":5768,"stimulus":25,"slider_start":100,"sprites":"letters","response":121,"absDeviation":14,"callibration":"test","block":1,"seed":25,"numerosity":107,"matchType":"paired","which":"first","trial_type":"numerosity-estimation","trial_index":36,"time_elapsed":163227,"subject_id":"76202"},{"rt":5417,"stimulus":25,"slider_start":100,"sprites":"letters","response":111,"absDeviation":4,"callibration":"test","block":1,"seed":25,"numerosity":107,"matchType":"paired","which":"second","trial_type":"numerosity-estimation","trial_index":37,"time_elapsed":168646,"subject_id":"76202"},{"rt":6395,"stimulus":27,"slider_start":100,"sprites":"hearts","response":126,"absDeviation":5,"callibration":"test","block":1,"seed":27,"numerosity":121,"matchType":"unpaired","which":"first","trial_type":"numerosity-estimation","trial_index":38,"time_elapsed":175041,"subject_id":"76202"},{"rt":5453,"stimulus":28,"slider_start":100,"sprites":"crackers","response":136,"absDeviation":14,"callibration":"test","block":1,"seed":28,"numerosity":150,"matchType":"unpaired","which":"first","trial_type":"numerosity-estimation","trial_index":39,"time_elapsed":180496,"subject_id":"76202"},{"rt":5025,"stimulus":29,"slider_start":100,"sprites":"bears","response":48,"absDeviation":16,"callibration":"test","block":1,"seed":29,"numerosity":64,"matchType":"paired","which":"first","trial_type":"numerosity-estimation","trial_index":40,"time_elapsed":185522,"subject_id":"76202"},{"rt":4822,"stimulus":29,"slider_start":100,"sprites":"bears","response":44,"absDeviation":20,"callibration":"test","block":1,"seed":29,"numerosity":64,"matchType":"paired","which":"second","trial_type":"numerosity-estimation","trial_index":41,"time_elapsed":190345,"subject_id":"76202"},{"rt":6742,"stimulus":31,"slider_start":100,"sprites":"jellyBeans","response":122,"absDeviation":28,"callibration":"test","block":1,"seed":31,"numerosity":150,"matchType":"unpaired","which":"first","trial_type":"numerosity-estimation","trial_index":42,"time_elapsed":197088,"subject_id":"76202"},{"rt":5667,"stimulus":32,"slider_start":100,"sprites":"marbles","response":94,"absDeviation":41,"callibration":"test","block":1,"seed":32,"numerosity":135,"matchType":"unpaired","which":"first","trial_type":"numerosity-estimation","trial_index":43,"time_elapsed":202755,"subject_id":"76202"},{"rt":2345,"stimulus":"<p> For the last block of trials, the average deviation of your guesses from correct answers was 16.</p>\n     <p>The smaller the deviation the better.  Your deviation was <b> VERY good</b>.</p><br>\n       <p>Press any key to continue to the next block of trials</p>","response":"w","trial_type":"html-keyboard-response","trial_index":44,"time_elapsed":205101,"subject_id":"76202"},{"rt":7885,"stimulus":33,"slider_start":100,"sprites":"mints","response":104,"absDeviation":17,"callibration":"test","block":2,"seed":33,"numerosity":121,"matchType":"paired","which":"first","trial_type":"numerosity-estimation","trial_index":45,"time_elapsed":212987,"subject_id":"76202"},{"rt":5684,"stimulus":33,"slider_start":100,"sprites":"mints","response":105,"absDeviation":16,"callibration":"test","block":2,"seed":33,"numerosity":121,"matchType":"paired","which":"second","trial_type":"numerosity-estimation","trial_index":46,"time_elapsed":218672,"subject_id":"76202"},{"rt":5695,"stimulus":35,"slider_start":100,"sprites":"buttons","response":75,"absDeviation":3,"callibration":"test","block":2,"seed":35,"numerosity":78,"matchType":"unpaired","which":"first","trial_type":"numerosity-estimation","trial_index":47,"time_elapsed":224368,"subject_id":"76202"},{"rt":5725,"stimulus":36,"slider_start":100,"sprites":"animalCrackers","response":42,"absDeviation":8,"callibration":"test","block":2,"seed":36,"numerosity":50,"matchType":"unpaired","which":"first","trial_type":"numerosity-estimation","trial_index":48,"time_elapsed":230094,"subject_id":"76202"},{"rt":3806,"stimulus":37,"slider_start":100,"sprites":"letters","response":107,"absDeviation":28,"callibration":"test","block":2,"seed":37,"numerosity":135,"matchType":"paired","which":"first","trial_type":"numerosity-estimation","trial_index":49,"time_elapsed":233901,"subject_id":"76202"},{"rt":4299,"stimulus":37,"slider_start":100,"sprites":"letters","response":106,"absDeviation":29,"callibration":"test","block":2,"seed":37,"numerosity":135,"matchType":"paired","which":"second","trial_type":"numerosity-estimation","trial_index":50,"time_elapsed":238201,"subject_id":"76202"},{"rt":4425,"stimulus":39,"slider_start":100,"sprites":"hearts","response":80,"absDeviation":2,"callibration":"test","block":2,"seed":39,"numerosity":78,"matchType":"unpaired","which":"first","trial_type":"numerosity-estimation","trial_index":51,"time_elapsed":242627,"subject_id":"76202"},{"rt":6634,"stimulus":40,"slider_start":100,"sprites":"crackers","response":114,"absDeviation":7,"callibration":"test","block":2,"seed":40,"numerosity":121,"matchType":"unpaired","which":"first","trial_type":"numerosity-estimation","trial_index":52,"time_elapsed":249261,"subject_id":"76202"},{"rt":5545,"stimulus":41,"slider_start":100,"sprites":"bears","response":35,"absDeviation":15,"callibration":"test","block":2,"seed":41,"numerosity":50,"matchType":"paired","which":"first","trial_type":"numerosity-estimation","trial_index":53,"time_elapsed":254808,"subject_id":"76202"},{"rt":4360,"stimulus":41,"slider_start":100,"sprites":"bears","response":31,"absDeviation":19,"callibration":"test","block":2,"seed":41,"numerosity":50,"matchType":"paired","which":"second","trial_type":"numerosity-estimation","trial_index":54,"time_elapsed":259169,"subject_id":"76202"},{"rt":5148,"stimulus":43,"slider_start":100,"sprites":"jellyBeans","response":41,"absDeviation":23,"callibration":"test","block":2,"seed":43,"numerosity":64,"matchType":"unpaired","which":"first","trial_type":"numerosity-estimation","trial_index":55,"time_elapsed":264318,"subject_id":"76202"},{"rt":6052,"stimulus":44,"slider_start":100,"sprites":"marbles","response":54,"absDeviation":67,"callibration":"test","block":2,"seed":44,"numerosity":121,"matchType":"unpaired","which":"first","trial_type":"numerosity-estimation","trial_index":56,"time_elapsed":270370,"subject_id":"76202"},{"rt":4472,"stimulus":45,"slider_start":100,"sprites":"mints","response":108,"absDeviation":13,"callibration":"test","block":2,"seed":45,"numerosity":121,"matchType":"paired","which":"first","trial_type":"numerosity-estimation","trial_index":57,"time_elapsed":274844,"subject_id":"76202"},{"rt":4962,"stimulus":45,"slider_start":100,"sprites":"mints","response":109,"absDeviation":12,"callibration":"test","block":2,"seed":45,"numerosity":121,"matchType":"paired","which":"second","trial_type":"numerosity-estimation","trial_index":58,"time_elapsed":279807,"subject_id":"76202"},{"rt":7388,"stimulus":47,"slider_start":100,"sprites":"buttons","response":112,"absDeviation":9,"callibration":"test","block":2,"seed":47,"numerosity":121,"matchType":"unpaired","which":"first","trial_type":"numerosity-estimation","trial_index":59,"time_elapsed":287196,"subject_id":"76202"},{"rt":4811,"stimulus":48,"slider_start":100,"sprites":"animalCrackers","response":111,"absDeviation":24,"callibration":"test","block":2,"seed":48,"numerosity":135,"matchType":"unpaired","which":"first","trial_type":"numerosity-estimation","trial_index":60,"time_elapsed":292007,"subject_id":"76202"},{"rt":2374,"stimulus":"<p> For the last block of trials, the average deviation of your guesses from correct answers was 18.</p>\n     <p>The smaller the deviation the better.  Your deviation was <b> VERY good</b>.</p><br>\n       <p>Press any key to continue to the next block of trials</p>","response":"e","trial_type":"html-keyboard-response","trial_index":61,"time_elapsed":294383,"subject_id":"76202"},{"rt":6518,"stimulus":49,"slider_start":100,"sprites":"letters","response":58,"absDeviation":20,"callibration":"test","block":3,"seed":49,"numerosity":78,"matchType":"paired","which":"first","trial_type":"numerosity-estimation","trial_index":62,"time_elapsed":300902,"subject_id":"76202"},{"rt":4167,"stimulus":49,"slider_start":100,"sprites":"letters","response":54,"absDeviation":24,"callibration":"test","block":3,"seed":49,"numerosity":78,"matchType":"paired","which":"second","trial_type":"numerosity-estimation","trial_index":63,"time_elapsed":305070,"subject_id":"76202"},{"rt":4774,"stimulus":51,"slider_start":100,"sprites":"hearts","response":129,"absDeviation":21,"callibration":"test","block":3,"seed":51,"numerosity":150,"matchType":"unpaired","which":"first","trial_type":"numerosity-estimation","trial_index":64,"time_elapsed":309845,"subject_id":"76202"},{"rt":4419,"stimulus":52,"slider_start":100,"sprites":"crackers","response":44,"absDeviation":34,"callibration":"test","block":3,"seed":52,"numerosity":78,"matchType":"unpaired","which":"first","trial_type":"numerosity-estimation","trial_index":65,"time_elapsed":314265,"subject_id":"76202"},{"rt":2937,"stimulus":53,"slider_start":100,"sprites":"bears","response":32,"absDeviation":18,"callibration":"test","block":3,"seed":53,"numerosity":50,"matchType":"paired","which":"first","trial_type":"numerosity-estimation","trial_index":66,"time_elapsed":317203,"subject_id":"76202"},{"rt":3080,"stimulus":53,"slider_start":100,"sprites":"bears","response":30,"absDeviation":20,"callibration":"test","block":3,"seed":53,"numerosity":50,"matchType":"paired","which":"second","trial_type":"numerosity-estimation","trial_index":67,"time_elapsed":320284,"subject_id":"76202"},{"rt":4927,"stimulus":55,"slider_start":100,"sprites":"jellyBeans","response":112,"absDeviation":9,"callibration":"test","block":3,"seed":55,"numerosity":121,"matchType":"unpaired","which":"first","trial_type":"numerosity-estimation","trial_index":68,"time_elapsed":325212,"subject_id":"76202"},{"rt":3537,"stimulus":56,"slider_start":100,"sprites":"marbles","response":27,"absDeviation":37,"callibration":"test","block":3,"seed":56,"numerosity":64,"matchType":"unpaired","which":"first","trial_type":"numerosity-estimation","trial_index":69,"time_elapsed":328750,"subject_id":"76202"},{"rt":4920,"stimulus":57,"slider_start":100,"sprites":"mints","response":35,"absDeviation":29,"callibration":"test","block":3,"seed":57,"numerosity":64,"matchType":"paired","which":"first","trial_type":"numerosity-estimation","trial_index":70,"time_elapsed":333671,"subject_id":"76202"},{"rt":4032,"stimulus":57,"slider_start":100,"sprites":"mints","response":42,"absDeviation":22,"callibration":"test","block":3,"seed":57,"numerosity":64,"matchType":"paired","which":"second","trial_type":"numerosity-estimation","trial_index":71,"time_elapsed":337704,"subject_id":"76202"},{"rt":4019,"stimulus":59,"slider_start":100,"sprites":"buttons","response":125,"absDeviation":10,"callibration":"test","block":3,"seed":59,"numerosity":135,"matchType":"unpaired","which":"first","trial_type":"numerosity-estimation","trial_index":72,"time_elapsed":341724,"subject_id":"76202"},{"rt":8557,"stimulus":60,"slider_start":100,"sprites":"animalCrackers","response":89,"absDeviation":61,"callibration":"test","block":3,"seed":60,"numerosity":150,"matchType":"unpaired","which":"first","trial_type":"numerosity-estimation","trial_index":73,"time_elapsed":350282,"subject_id":"76202"},{"rt":5370,"stimulus":61,"slider_start":100,"sprites":"letters","response":27,"absDeviation":23,"callibration":"test","block":3,"seed":61,"numerosity":50,"matchType":"paired","which":"first","trial_type":"numerosity-estimation","trial_index":74,"time_elapsed":355653,"subject_id":"76202"},{"rt":5190,"stimulus":61,"slider_start":100,"sprites":"letters","response":29,"absDeviation":21,"callibration":"test","block":3,"seed":61,"numerosity":50,"matchType":"paired","which":"second","trial_type":"numerosity-estimation","trial_index":75,"time_elapsed":360843,"subject_id":"76202"},{"rt":6653,"stimulus":63,"slider_start":100,"sprites":"hearts","response":38,"absDeviation":26,"callibration":"test","block":3,"seed":63,"numerosity":64,"matchType":"unpaired","which":"first","trial_type":"numerosity-estimation","trial_index":76,"time_elapsed":367497,"subject_id":"76202"},{"rt":6702,"stimulus":64,"slider_start":100,"sprites":"crackers","response":113,"absDeviation":22,"callibration":"test","block":3,"seed":64,"numerosity":135,"matchType":"unpaired","which":"first","trial_type":"numerosity-estimation","trial_index":77,"time_elapsed":374201,"subject_id":"76202"},{"rt":9166,"stimulus":"<p> For the last block of trials, the average deviation of your guesses from correct answers was 25.</p>\n     <p>The smaller the deviation the better.  Your deviation was <b> good</b>.</p><br>\n       <p>Press any key to continue to the next block of trials</p>","response":"w","trial_type":"html-keyboard-response","trial_index":78,"time_elapsed":383368,"subject_id":"76202"},{"rt":3808,"stimulus":65,"slider_start":100,"sprites":"bears","response":105,"absDeviation":2,"callibration":"test","block":4,"seed":65,"numerosity":107,"matchType":"paired","which":"first","trial_type":"numerosity-estimation","trial_index":79,"time_elapsed":387176,"subject_id":"76202"},{"rt":5570,"stimulus":65,"slider_start":100,"sprites":"bears","response":96,"absDeviation":11,"callibration":"test","block":4,"seed":65,"numerosity":107,"matchType":"paired","which":"second","trial_type":"numerosity-estimation","trial_index":80,"time_elapsed":392747,"subject_id":"76202"},{"rt":4021,"stimulus":67,"slider_start":100,"sprites":"jellyBeans","response":102,"absDeviation":5,"callibration":"test","block":4,"seed":67,"numerosity":107,"matchType":"unpaired","which":"first","trial_type":"numerosity-estimation","trial_index":81,"time_elapsed":396769,"subject_id":"76202"},{"rt":5166,"stimulus":68,"slider_start":100,"sprites":"marbles","response":97,"absDeviation":53,"callibration":"test","block":4,"seed":68,"numerosity":150,"matchType":"unpaired","which":"first","trial_type":"numerosity-estimation","trial_index":82,"time_elapsed":401936,"subject_id":"76202"},{"rt":3659,"stimulus":69,"slider_start":100,"sprites":"mints","response":108,"absDeviation":13,"callibration":"test","block":4,"seed":69,"numerosity":121,"matchType":"paired","which":"first","trial_type":"numerosity-estimation","trial_index":83,"time_elapsed":405596,"subject_id":"76202"},{"rt":3448,"stimulus":69,"slider_start":100,"sprites":"mints","response":109,"absDeviation":12,"callibration":"test","block":4,"seed":69,"numerosity":121,"matchType":"paired","which":"second","trial_type":"numerosity-estimation","trial_index":84,"time_elapsed":409045,"subject_id":"76202"},{"rt":6291,"stimulus":71,"slider_start":100,"sprites":"buttons","response":106,"absDeviation":1,"callibration":"test","block":4,"seed":71,"numerosity":107,"matchType":"unpaired","which":"first","trial_type":"numerosity-estimation","trial_index":85,"time_elapsed":415337,"subject_id":"76202"},{"rt":2197,"stimulus":72,"slider_start":100,"sprites":"animalCrackers","response":29,"absDeviation":21,"callibration":"test","block":4,"seed":72,"numerosity":50,"matchType":"unpaired","which":"first","trial_type":"numerosity-estimation","trial_index":86,"time_elapsed":417535,"subject_id":"76202"},{"rt":150137,"stimulus":73,"slider_start":100,"sprites":"letters","response":87,"absDeviation":9,"callibration":"test","block":4,"seed":73,"numerosity":78,"matchType":"paired","which":"first","trial_type":"numerosity-estimation","trial_index":87,"time_elapsed":567673,"subject_id":"76202"},{"rt":4645,"stimulus":73,"slider_start":100,"sprites":"letters","response":49,"absDeviation":29,"callibration":"test","block":4,"seed":73,"numerosity":78,"matchType":"paired","which":"second","trial_type":"numerosity-estimation","trial_index":88,"time_elapsed":572319,"subject_id":"76202"},{"rt":5522,"stimulus":75,"slider_start":100,"sprites":"hearts","response":62,"absDeviation":30,"callibration":"test","block":4,"seed":75,"numerosity":92,"matchType":"unpaired","which":"first","trial_type":"numerosity-estimation","trial_index":89,"time_elapsed":577842,"subject_id":"76202"},{"rt":3274,"stimulus":76,"slider_start":100,"sprites":"crackers","response":41,"absDeviation":23,"callibration":"test","block":4,"seed":76,"numerosity":64,"matchType":"unpaired","which":"first","trial_type":"numerosity-estimation","trial_index":90,"time_elapsed":581117,"subject_id":"76202"},{"rt":3590,"stimulus":77,"slider_start":100,"sprites":"bears","response":106,"absDeviation":29,"callibration":"test","block":4,"seed":77,"numerosity":135,"matchType":"paired","which":"first","trial_type":"numerosity-estimation","trial_index":91,"time_elapsed":584708,"subject_id":"76202"},{"rt":3440,"stimulus":77,"slider_start":100,"sprites":"bears","response":109,"absDeviation":26,"callibration":"test","block":4,"seed":77,"numerosity":135,"matchType":"paired","which":"second","trial_type":"numerosity-estimation","trial_index":92,"time_elapsed":588149,"subject_id":"76202"},{"rt":3852,"stimulus":79,"slider_start":100,"sprites":"jellyBeans","response":36,"absDeviation":14,"callibration":"test","block":4,"seed":79,"numerosity":50,"matchType":"unpaired","which":"first","trial_type":"numerosity-estimation","trial_index":93,"time_elapsed":592002,"subject_id":"76202"},{"rt":3932,"stimulus":80,"slider_start":100,"sprites":"marbles","response":51,"absDeviation":70,"callibration":"test","block":4,"seed":80,"numerosity":121,"matchType":"unpaired","which":"first","trial_type":"numerosity-estimation","trial_index":94,"time_elapsed":595935,"subject_id":"76202"},{"rt":67096,"stimulus":"<p> For the last block of trials, the average deviation of your guesses from correct answers was 22.</p>\n     <p>The smaller the deviation the better.  Your deviation was <b> VERY good</b>.</p><br>\n       <p>Press any key to continue to the next block of trials</p>","response":"w","trial_type":"html-keyboard-response","trial_index":95,"time_elapsed":663033,"subject_id":"76202"},{"rt":4734,"stimulus":81,"slider_start":100,"sprites":"mints","response":110,"absDeviation":11,"callibration":"test","block":5,"seed":81,"numerosity":121,"matchType":"paired","which":"first","trial_type":"numerosity-estimation","trial_index":96,"time_elapsed":667768,"subject_id":"76202"},{"rt":3965,"stimulus":81,"slider_start":100,"sprites":"mints","response":110,"absDeviation":11,"callibration":"test","block":5,"seed":81,"numerosity":121,"matchType":"paired","which":"second","trial_type":"numerosity-estimation","trial_index":97,"time_elapsed":671734,"subject_id":"76202"},{"rt":7266,"stimulus":83,"slider_start":100,"sprites":"buttons","response":108,"absDeviation":13,"callibration":"test","block":5,"seed":83,"numerosity":121,"matchType":"unpaired","which":"first","trial_type":"numerosity-estimation","trial_index":98,"time_elapsed":679001,"subject_id":"76202"},{"rt":3154,"stimulus":84,"slider_start":100,"sprites":"animalCrackers","response":26,"absDeviation":24,"callibration":"test","block":5,"seed":84,"numerosity":50,"matchType":"unpaired","which":"first","trial_type":"numerosity-estimation","trial_index":99,"time_elapsed":682156,"subject_id":"76202"},{"rt":5601,"stimulus":85,"slider_start":100,"sprites":"letters","response":26,"absDeviation":38,"callibration":"test","block":5,"seed":85,"numerosity":64,"matchType":"paired","which":"first","trial_type":"numerosity-estimation","trial_index":100,"time_elapsed":687758,"subject_id":"76202"},{"rt":4206,"stimulus":85,"slider_start":100,"sprites":"letters","response":36,"absDeviation":28,"callibration":"test","block":5,"seed":85,"numerosity":64,"matchType":"paired","which":"second","trial_type":"numerosity-estimation","trial_index":101,"time_elapsed":691965,"subject_id":"76202"},{"rt":7896,"stimulus":87,"slider_start":100,"sprites":"hearts","response":41,"absDeviation":9,"callibration":"test","block":5,"seed":87,"numerosity":50,"matchType":"unpaired","which":"first","trial_type":"numerosity-estimation","trial_index":102,"time_elapsed":699862,"subject_id":"76202"},{"rt":3432,"stimulus":88,"slider_start":100,"sprites":"crackers","response":108,"absDeviation":27,"callibration":"test","block":5,"seed":88,"numerosity":135,"matchType":"unpaired","which":"first","trial_type":"numerosity-estimation","trial_index":103,"time_elapsed":703295,"subject_id":"76202"},{"rt":5592,"stimulus":89,"slider_start":100,"sprites":"bears","response":27,"absDeviation":23,"callibration":"test","block":5,"seed":89,"numerosity":50,"matchType":"paired","which":"first","trial_type":"numerosity-estimation","trial_index":104,"time_elapsed":708888,"subject_id":"76202"},{"rt":5889,"stimulus":89,"slider_start":100,"sprites":"bears","response":27,"absDeviation":23,"callibration":"test","block":5,"seed":89,"numerosity":50,"matchType":"paired","which":"second","trial_type":"numerosity-estimation","trial_index":105,"time_elapsed":714778,"subject_id":"76202"},{"rt":8056,"stimulus":91,"slider_start":100,"sprites":"jellyBeans","response":50,"absDeviation":42,"callibration":"test","block":5,"seed":91,"numerosity":92,"matchType":"unpaired","which":"first","trial_type":"numerosity-estimation","trial_index":106,"time_elapsed":722835,"subject_id":"76202"},{"rt":314822,"stimulus":92,"slider_start":100,"sprites":"marbles","response":79,"absDeviation":42,"callibration":"test","block":5,"seed":92,"numerosity":121,"matchType":"unpaired","which":"first","trial_type":"numerosity-estimation","trial_index":107,"time_elapsed":1037659,"subject_id":"76202"},{"rt":6028,"stimulus":93,"slider_start":100,"sprites":"mints","response":62,"absDeviation":16,"callibration":"test","block":5,"seed":93,"numerosity":78,"matchType":"paired","which":"first","trial_type":"numerosity-estimation","trial_index":108,"time_elapsed":1043688,"subject_id":"76202"},{"rt":8811,"stimulus":93,"slider_start":100,"sprites":"mints","response":62,"absDeviation":16,"callibration":"test","block":5,"seed":93,"numerosity":78,"matchType":"paired","which":"second","trial_type":"numerosity-estimation","trial_index":109,"time_elapsed":1052500,"subject_id":"76202"},{"rt":3462,"stimulus":95,"slider_start":100,"sprites":"buttons","response":55,"absDeviation":9,"callibration":"test","block":5,"seed":95,"numerosity":64,"matchType":"unpaired","which":"first","trial_type":"numerosity-estimation","trial_index":110,"time_elapsed":1055963,"subject_id":"76202"},{"rt":5123,"stimulus":96,"slider_start":100,"sprites":"animalCrackers","response":95,"absDeviation":3,"callibration":"test","block":5,"seed":96,"numerosity":92,"matchType":"unpaired","which":"first","trial_type":"numerosity-estimation","trial_index":111,"time_elapsed":1061087,"subject_id":"76202"},{"rt":1626,"stimulus":"<p> For the last block of trials, the average deviation of your guesses from correct answers was 21.</p>\n     <p>The smaller the deviation the better.  Your deviation was <b> VERY good</b>.</p><br>\n       <p>Press any key to continue to the next block of trials</p>","response":"w","trial_type":"html-keyboard-response","trial_index":112,"time_elapsed":1062714,"subject_id":"76202"},{"rt":4345,"stimulus":2,"slider_start":100,"sprites":"butterflies","response":95,"absDeviation":40,"callibration":"test","block":6,"seed":2,"numerosity":135,"matchType":"paired","which":"first","trial_type":"numerosity-estimation","trial_index":113,"time_elapsed":1067060,"subject_id":"76202"},{"rt":11010,"stimulus":2,"slider_start":100,"sprites":"butterflies","response":93,"absDeviation":42,"callibration":"test","block":6,"seed":2,"numerosity":135,"matchType":"paired","which":"second","trial_type":"numerosity-estimation","trial_index":114,"time_elapsed":1078071,"subject_id":"76202"},{"rt":3665,"stimulus":3,"slider_start":100,"sprites":"hearts","response":35,"absDeviation":15,"callibration":"test","block":6,"seed":3,"numerosity":50,"matchType":"unpaired","which":"second","trial_type":"numerosity-estimation","trial_index":115,"time_elapsed":1081737,"subject_id":"76202"},{"rt":4147,"stimulus":4,"slider_start":100,"sprites":"crackers","response":76,"absDeviation":31,"callibration":"test","block":6,"seed":4,"numerosity":107,"matchType":"unpaired","which":"second","trial_type":"numerosity-estimation","trial_index":116,"time_elapsed":1085885,"subject_id":"76202"},{"rt":7059,"stimulus":6,"slider_start":100,"sprites":"fruits","response":66,"absDeviation":12,"callibration":"test","block":6,"seed":6,"numerosity":78,"matchType":"paired","which":"first","trial_type":"numerosity-estimation","trial_index":117,"time_elapsed":1092945,"subject_id":"76202"},{"rt":4149,"stimulus":6,"slider_start":100,"sprites":"fruits","response":57,"absDeviation":21,"callibration":"test","block":6,"seed":6,"numerosity":78,"matchType":"paired","which":"second","trial_type":"numerosity-estimation","trial_index":118,"time_elapsed":1097095,"subject_id":"76202"},{"rt":3603,"stimulus":7,"slider_start":100,"sprites":"jellyBeans","response":34,"absDeviation":16,"callibration":"test","block":6,"seed":7,"numerosity":50,"matchType":"unpaired","which":"second","trial_type":"numerosity-estimation","trial_index":119,"time_elapsed":1100699,"subject_id":"76202"},{"rt":3498,"stimulus":8,"slider_start":100,"sprites":"marbles","response":47,"absDeviation":45,"callibration":"test","block":6,"seed":8,"numerosity":92,"matchType":"unpaired","which":"second","trial_type":"numerosity-estimation","trial_index":120,"time_elapsed":1104198,"subject_id":"76202"},{"rt":5769,"stimulus":10,"slider_start":100,"sprites":"rocks","response":32,"absDeviation":18,"callibration":"test","block":6,"seed":10,"numerosity":50,"matchType":"paired","which":"first","trial_type":"numerosity-estimation","trial_index":121,"time_elapsed":1109968,"subject_id":"76202"},{"rt":278789,"stimulus":10,"slider_start":100,"sprites":"rocks","response":34,"absDeviation":16,"callibration":"test","block":6,"seed":10,"numerosity":50,"matchType":"paired","which":"second","trial_type":"numerosity-estimation","trial_index":122,"time_elapsed":1388758,"subject_id":"76202"},{"rt":3531,"stimulus":11,"slider_start":100,"sprites":"buttons","response":95,"absDeviation":12,"callibration":"test","block":6,"seed":11,"numerosity":107,"matchType":"unpaired","which":"second","trial_type":"numerosity-estimation","trial_index":123,"time_elapsed":1392290,"subject_id":"76202"},{"rt":3527,"stimulus":12,"slider_start":100,"sprites":"animalCrackers","response":102,"absDeviation":10,"callibration":"test","block":6,"seed":12,"numerosity":92,"matchType":"unpaired","which":"second","trial_type":"numerosity-estimation","trial_index":124,"time_elapsed":1395818,"subject_id":"76202"},{"rt":3675,"stimulus":14,"slider_start":100,"sprites":"butterflies","response":105,"absDeviation":45,"callibration":"test","block":6,"seed":14,"numerosity":150,"matchType":"paired","which":"first","trial_type":"numerosity-estimation","trial_index":125,"time_elapsed":1399494,"subject_id":"76202"},{"rt":3310,"stimulus":14,"slider_start":100,"sprites":"butterflies","response":104,"absDeviation":46,"callibration":"test","block":6,"seed":14,"numerosity":150,"matchType":"paired","which":"second","trial_type":"numerosity-estimation","trial_index":126,"time_elapsed":1402805,"subject_id":"76202"},{"rt":2727,"stimulus":15,"slider_start":100,"sprites":"hearts","response":115,"absDeviation":6,"callibration":"test","block":6,"seed":15,"numerosity":121,"matchType":"unpaired","which":"second","trial_type":"numerosity-estimation","trial_index":127,"time_elapsed":1405533,"subject_id":"76202"},{"rt":2914,"stimulus":16,"slider_start":100,"sprites":"crackers","response":58,"absDeviation":6,"callibration":"test","block":6,"seed":16,"numerosity":64,"matchType":"unpaired","which":"second","trial_type":"numerosity-estimation","trial_index":128,"time_elapsed":1408448,"subject_id":"76202"},{"rt":1269,"stimulus":"<p> For the last block of trials, the average deviation of your guesses from correct answers was 24.</p>\n     <p>The smaller the deviation the better.  Your deviation was <b> VERY good</b>.</p><br>\n       <p>Press any key to continue to the next block of trials</p>","response":"d","trial_type":"html-keyboard-response","trial_index":129,"time_elapsed":1409718,"subject_id":"76202"},{"rt":5211,"stimulus":18,"slider_start":100,"sprites":"fruits","response":107,"absDeviation":0,"callibration":"test","block":7,"seed":18,"numerosity":107,"matchType":"paired","which":"first","trial_type":"numerosity-estimation","trial_index":130,"time_elapsed":1414930,"subject_id":"76202"},{"rt":3599,"stimulus":18,"slider_start":100,"sprites":"fruits","response":97,"absDeviation":10,"callibration":"test","block":7,"seed":18,"numerosity":107,"matchType":"paired","which":"second","trial_type":"numerosity-estimation","trial_index":131,"time_elapsed":1418530,"subject_id":"76202"},{"rt":3940,"stimulus":19,"slider_start":100,"sprites":"jellyBeans","response":119,"absDeviation":16,"callibration":"test","block":7,"seed":19,"numerosity":135,"matchType":"unpaired","which":"second","trial_type":"numerosity-estimation","trial_index":132,"time_elapsed":1422470,"subject_id":"76202"},{"rt":3585,"stimulus":20,"slider_start":100,"sprites":"marbles","response":44,"absDeviation":34,"callibration":"test","block":7,"seed":20,"numerosity":78,"matchType":"unpaired","which":"second","trial_type":"numerosity-estimation","trial_index":133,"time_elapsed":1426057,"subject_id":"76202"},{"rt":3126,"stimulus":22,"slider_start":100,"sprites":"rocks","response":110,"absDeviation":18,"callibration":"test","block":7,"seed":22,"numerosity":92,"matchType":"paired","which":"first","trial_type":"numerosity-estimation","trial_index":134,"time_elapsed":1429184,"subject_id":"76202"},{"rt":3565,"stimulus":22,"slider_start":100,"sprites":"rocks","response":100,"absDeviation":8,"callibration":"test","block":7,"seed":22,"numerosity":92,"matchType":"paired","which":"second","trial_type":"numerosity-estimation","trial_index":135,"time_elapsed":1432750,"subject_id":"76202"},{"rt":4290,"stimulus":23,"slider_start":100,"sprites":"buttons","response":130,"absDeviation":20,"callibration":"test","block":7,"seed":23,"numerosity":150,"matchType":"unpaired","which":"second","trial_type":"numerosity-estimation","trial_index":136,"time_elapsed":1437041,"subject_id":"76202"},{"rt":5059,"stimulus":24,"slider_start":100,"sprites":"animalCrackers","response":104,"absDeviation":3,"callibration":"test","block":7,"seed":24,"numerosity":107,"matchType":"unpaired","which":"second","trial_type":"numerosity-estimation","trial_index":137,"time_elapsed":1442101,"subject_id":"76202"},{"rt":3324,"stimulus":26,"slider_start":100,"sprites":"butterflies","response":88,"absDeviation":4,"callibration":"test","block":7,"seed":26,"numerosity":92,"matchType":"paired","which":"first","trial_type":"numerosity-estimation","trial_index":138,"time_elapsed":1445426,"subject_id":"76202"},{"rt":3226,"stimulus":26,"slider_start":100,"sprites":"butterflies","response":79,"absDeviation":13,"callibration":"test","block":7,"seed":26,"numerosity":92,"matchType":"paired","which":"second","trial_type":"numerosity-estimation","trial_index":139,"time_elapsed":1448652,"subject_id":"76202"},{"rt":6697,"stimulus":27,"slider_start":100,"sprites":"hearts","response":109,"absDeviation":12,"callibration":"test","block":7,"seed":27,"numerosity":121,"matchType":"unpaired","which":"second","trial_type":"numerosity-estimation","trial_index":140,"time_elapsed":1455350,"subject_id":"76202"},{"rt":6308,"stimulus":28,"slider_start":100,"sprites":"crackers","response":108,"absDeviation":42,"callibration":"test","block":7,"seed":28,"numerosity":150,"matchType":"unpaired","which":"second","trial_type":"numerosity-estimation","trial_index":141,"time_elapsed":1461659,"subject_id":"76202"},{"rt":6272,"stimulus":30,"slider_start":100,"sprites":"fruits","response":79,"absDeviation":28,"callibration":"test","block":7,"seed":30,"numerosity":107,"matchType":"paired","which":"first","trial_type":"numerosity-estimation","trial_index":142,"time_elapsed":1467932,"subject_id":"76202"},{"rt":3937,"stimulus":30,"slider_start":100,"sprites":"fruits","response":81,"absDeviation":26,"callibration":"test","block":7,"seed":30,"numerosity":107,"matchType":"paired","which":"second","trial_type":"numerosity-estimation","trial_index":143,"time_elapsed":1471870,"subject_id":"76202"},{"rt":2560,"stimulus":31,"slider_start":100,"sprites":"jellyBeans","response":104,"absDeviation":46,"callibration":"test","block":7,"seed":31,"numerosity":150,"matchType":"unpaired","which":"second","trial_type":"numerosity-estimation","trial_index":144,"time_elapsed":1474431,"subject_id":"76202"},{"rt":4069,"stimulus":32,"slider_start":100,"sprites":"marbles","response":90,"absDeviation":45,"callibration":"test","block":7,"seed":32,"numerosity":135,"matchType":"unpaired","which":"second","trial_type":"numerosity-estimation","trial_index":145,"time_elapsed":1478501,"subject_id":"76202"},{"rt":577909,"stimulus":"<p> For the last block of trials, the average deviation of your guesses from correct answers was 20.</p>\n     <p>The smaller the deviation the better.  Your deviation was <b> VERY good</b>.</p><br>\n       <p>Press any key to continue to the next block of trials</p>","response":"d","trial_type":"html-keyboard-response","trial_index":146,"time_elapsed":2056413,"subject_id":"76202"},{"rt":4654,"stimulus":34,"slider_start":100,"sprites":"rocks","response":61,"absDeviation":11,"callibration":"test","block":8,"seed":34,"numerosity":50,"matchType":"paired","which":"first","trial_type":"numerosity-estimation","trial_index":147,"time_elapsed":2061068,"subject_id":"76202"},{"rt":3267,"stimulus":34,"slider_start":100,"sprites":"rocks","response":50,"absDeviation":0,"callibration":"test","block":8,"seed":34,"numerosity":50,"matchType":"paired","which":"second","trial_type":"numerosity-estimation","trial_index":148,"time_elapsed":2064336,"subject_id":"76202"},{"rt":3494,"stimulus":35,"slider_start":100,"sprites":"buttons","response":71,"absDeviation":7,"callibration":"test","block":8,"seed":35,"numerosity":78,"matchType":"unpaired","which":"second","trial_type":"numerosity-estimation","trial_index":149,"time_elapsed":2067831,"subject_id":"76202"},{"rt":4116,"stimulus":36,"slider_start":100,"sprites":"animalCrackers","response":34,"absDeviation":16,"callibration":"test","block":8,"seed":36,"numerosity":50,"matchType":"unpaired","which":"second","trial_type":"numerosity-estimation","trial_index":150,"time_elapsed":2071948,"subject_id":"76202"},{"rt":4651,"stimulus":38,"slider_start":100,"sprites":"butterflies","response":42,"absDeviation":36,"callibration":"test","block":8,"seed":38,"numerosity":78,"matchType":"paired","which":"first","trial_type":"numerosity-estimation","trial_index":151,"time_elapsed":2076600,"subject_id":"76202"},{"rt":11234,"stimulus":38,"slider_start":100,"sprites":"butterflies","response":54,"absDeviation":24,"callibration":"test","block":8,"seed":38,"numerosity":78,"matchType":"paired","which":"second","trial_type":"numerosity-estimation","trial_index":152,"time_elapsed":2087836,"subject_id":"76202"},{"rt":3026,"stimulus":39,"slider_start":100,"sprites":"hearts","response":61,"absDeviation":17,"callibration":"test","block":8,"seed":39,"numerosity":78,"matchType":"unpaired","which":"second","trial_type":"numerosity-estimation","trial_index":153,"time_elapsed":2090863,"subject_id":"76202"},{"rt":4598,"stimulus":40,"slider_start":100,"sprites":"crackers","response":107,"absDeviation":14,"callibration":"test","block":8,"seed":40,"numerosity":121,"matchType":"unpaired","which":"second","trial_type":"numerosity-estimation","trial_index":154,"time_elapsed":2095462,"subject_id":"76202"},{"rt":3634,"stimulus":42,"slider_start":100,"sprites":"fruits","response":73,"absDeviation":5,"callibration":"test","block":8,"seed":42,"numerosity":78,"matchType":"paired","which":"first","trial_type":"numerosity-estimation","trial_index":155,"time_elapsed":2099097,"subject_id":"76202"},{"rt":79676,"stimulus":42,"slider_start":100,"sprites":"fruits","response":83,"absDeviation":5,"callibration":"test","block":8,"seed":42,"numerosity":78,"matchType":"paired","which":"second","trial_type":"numerosity-estimation","trial_index":156,"time_elapsed":2178773,"subject_id":"76202"},{"rt":3713,"stimulus":43,"slider_start":100,"sprites":"jellyBeans","response":31,"absDeviation":33,"callibration":"test","block":8,"seed":43,"numerosity":64,"matchType":"unpaired","which":"second","trial_type":"numerosity-estimation","trial_index":157,"time_elapsed":2182487,"subject_id":"76202"},{"rt":5790,"stimulus":44,"slider_start":100,"sprites":"marbles","response":73,"absDeviation":48,"callibration":"test","block":8,"seed":44,"numerosity":121,"matchType":"unpaired","which":"second","trial_type":"numerosity-estimation","trial_index":158,"time_elapsed":2188278,"subject_id":"76202"},{"rt":4822,"stimulus":46,"slider_start":100,"sprites":"rocks","response":90,"absDeviation":17,"callibration":"test","block":8,"seed":46,"numerosity":107,"matchType":"paired","which":"first","trial_type":"numerosity-estimation","trial_index":159,"time_elapsed":2193101,"subject_id":"76202"},{"rt":3144,"stimulus":46,"slider_start":100,"sprites":"rocks","response":80,"absDeviation":27,"callibration":"test","block":8,"seed":46,"numerosity":107,"matchType":"paired","which":"second","trial_type":"numerosity-estimation","trial_index":160,"time_elapsed":2196246,"subject_id":"76202"},{"rt":2654,"stimulus":47,"slider_start":100,"sprites":"buttons","response":108,"absDeviation":13,"callibration":"test","block":8,"seed":47,"numerosity":121,"matchType":"unpaired","which":"second","trial_type":"numerosity-estimation","trial_index":161,"time_elapsed":2198901,"subject_id":"76202"},{"rt":2351,"stimulus":48,"slider_start":100,"sprites":"animalCrackers","response":113,"absDeviation":22,"callibration":"test","block":8,"seed":48,"numerosity":135,"matchType":"unpaired","which":"second","trial_type":"numerosity-estimation","trial_index":162,"time_elapsed":2201253,"subject_id":"76202"},{"rt":996,"stimulus":"<p> For the last block of trials, the average deviation of your guesses from correct answers was 18.</p>\n     <p>The smaller the deviation the better.  Your deviation was <b> VERY good</b>.</p><br>\n       <p>Press any key to continue to the next block of trials</p>","response":"d","trial_type":"html-keyboard-response","trial_index":163,"time_elapsed":2202250,"subject_id":"76202"},{"rt":6292,"stimulus":50,"slider_start":100,"sprites":"butterflies","response":117,"absDeviation":33,"callibration":"test","block":9,"seed":50,"numerosity":150,"matchType":"paired","which":"first","trial_type":"numerosity-estimation","trial_index":164,"time_elapsed":2208543,"subject_id":"76202"},{"rt":2824,"stimulus":50,"slider_start":100,"sprites":"butterflies","response":113,"absDeviation":37,"callibration":"test","block":9,"seed":50,"numerosity":150,"matchType":"paired","which":"second","trial_type":"numerosity-estimation","trial_index":165,"time_elapsed":2211368,"subject_id":"76202"},{"rt":3003,"stimulus":51,"slider_start":100,"sprites":"hearts","response":122,"absDeviation":28,"callibration":"test","block":9,"seed":51,"numerosity":150,"matchType":"unpaired","which":"second","trial_type":"numerosity-estimation","trial_index":166,"time_elapsed":2214372,"subject_id":"76202"},{"rt":2859,"stimulus":52,"slider_start":100,"sprites":"crackers","response":45,"absDeviation":33,"callibration":"test","block":9,"seed":52,"numerosity":78,"matchType":"unpaired","which":"second","trial_type":"numerosity-estimation","trial_index":167,"time_elapsed":2217232,"subject_id":"76202"},{"rt":3714,"stimulus":54,"slider_start":100,"sprites":"fruits","response":77,"absDeviation":15,"callibration":"test","block":9,"seed":54,"numerosity":92,"matchType":"paired","which":"first","trial_type":"numerosity-estimation","trial_index":168,"time_elapsed":2220947,"subject_id":"76202"},{"rt":2911,"stimulus":54,"slider_start":100,"sprites":"fruits","response":75,"absDeviation":17,"callibration":"test","block":9,"seed":54,"numerosity":92,"matchType":"paired","which":"second","trial_type":"numerosity-estimation","trial_index":169,"time_elapsed":2223859,"subject_id":"76202"},{"rt":6537,"stimulus":55,"slider_start":100,"sprites":"jellyBeans","response":87,"absDeviation":34,"callibration":"test","block":9,"seed":55,"numerosity":121,"matchType":"unpaired","which":"second","trial_type":"numerosity-estimation","trial_index":170,"time_elapsed":2230397,"subject_id":"76202"},{"rt":2425,"stimulus":56,"slider_start":100,"sprites":"marbles","response":30,"absDeviation":34,"callibration":"test","block":9,"seed":56,"numerosity":64,"matchType":"unpaired","which":"second","trial_type":"numerosity-estimation","trial_index":171,"time_elapsed":2232823,"subject_id":"76202"},{"rt":2190,"stimulus":58,"slider_start":100,"sprites":"rocks","response":107,"absDeviation":14,"callibration":"test","block":9,"seed":58,"numerosity":121,"matchType":"paired","which":"first","trial_type":"numerosity-estimation","trial_index":172,"time_elapsed":2235014,"subject_id":"76202"},{"rt":2307,"stimulus":58,"slider_start":100,"sprites":"rocks","response":106,"absDeviation":15,"callibration":"test","block":9,"seed":58,"numerosity":121,"matchType":"paired","which":"second","trial_type":"numerosity-estimation","trial_index":173,"time_elapsed":2237323,"subject_id":"76202"},{"rt":2181,"stimulus":59,"slider_start":100,"sprites":"buttons","response":111,"absDeviation":24,"callibration":"test","block":9,"seed":59,"numerosity":135,"matchType":"unpaired","which":"second","trial_type":"numerosity-estimation","trial_index":174,"time_elapsed":2239505,"subject_id":"76202"},{"rt":2383,"stimulus":60,"slider_start":100,"sprites":"animalCrackers","response":116,"absDeviation":34,"callibration":"test","block":9,"seed":60,"numerosity":150,"matchType":"unpaired","which":"second","trial_type":"numerosity-estimation","trial_index":175,"time_elapsed":2241889,"subject_id":"76202"},{"rt":2656,"stimulus":62,"slider_start":100,"sprites":"butterflies","response":98,"absDeviation":37,"callibration":"test","block":9,"seed":62,"numerosity":135,"matchType":"paired","which":"first","trial_type":"numerosity-estimation","trial_index":176,"time_elapsed":2244546,"subject_id":"76202"},{"rt":84577,"stimulus":62,"slider_start":100,"sprites":"butterflies","response":95,"absDeviation":40,"callibration":"test","block":9,"seed":62,"numerosity":135,"matchType":"paired","which":"second","trial_type":"numerosity-estimation","trial_index":177,"time_elapsed":2329123,"subject_id":"76202"},{"rt":3922,"stimulus":63,"slider_start":100,"sprites":"hearts","response":46,"absDeviation":18,"callibration":"test","block":9,"seed":63,"numerosity":64,"matchType":"unpaired","which":"second","trial_type":"numerosity-estimation","trial_index":178,"time_elapsed":2333047,"subject_id":"76202"},{"rt":5492,"stimulus":64,"slider_start":100,"sprites":"crackers","response":104,"absDeviation":31,"callibration":"test","block":9,"seed":64,"numerosity":135,"matchType":"unpaired","which":"second","trial_type":"numerosity-estimation","trial_index":179,"time_elapsed":2338539,"subject_id":"76202"},{"rt":74879,"stimulus":"<p> For the last block of trials, the average deviation of your guesses from correct answers was 28.</p>\n     <p>The smaller the deviation the better.  Your deviation was <b> good</b>.</p><br>\n       <p>Press any key to continue to the next block of trials</p>","response":"e","trial_type":"html-keyboard-response","trial_index":180,"time_elapsed":2413421,"subject_id":"76202"},{"rt":7175,"stimulus":66,"slider_start":100,"sprites":"fruits","response":48,"absDeviation":16,"callibration":"test","block":10,"seed":66,"numerosity":64,"matchType":"paired","which":"first","trial_type":"numerosity-estimation","trial_index":181,"time_elapsed":2420597,"subject_id":"76202"},{"rt":4866,"stimulus":66,"slider_start":100,"sprites":"fruits","response":47,"absDeviation":17,"callibration":"test","block":10,"seed":66,"numerosity":64,"matchType":"paired","which":"second","trial_type":"numerosity-estimation","trial_index":182,"time_elapsed":2425464,"subject_id":"76202"},{"rt":2897,"stimulus":67,"slider_start":100,"sprites":"jellyBeans","response":74,"absDeviation":33,"callibration":"test","block":10,"seed":67,"numerosity":107,"matchType":"unpaired","which":"second","trial_type":"numerosity-estimation","trial_index":183,"time_elapsed":2428362,"subject_id":"76202"},{"rt":4057,"stimulus":68,"slider_start":100,"sprites":"marbles","response":71,"absDeviation":79,"callibration":"test","block":10,"seed":68,"numerosity":150,"matchType":"unpaired","which":"second","trial_type":"numerosity-estimation","trial_index":184,"time_elapsed":2432420,"subject_id":"76202"},{"rt":2614,"stimulus":70,"slider_start":100,"sprites":"rocks","response":62,"absDeviation":30,"callibration":"test","block":10,"seed":70,"numerosity":92,"matchType":"paired","which":"first","trial_type":"numerosity-estimation","trial_index":185,"time_elapsed":2435035,"subject_id":"76202"},{"rt":3180,"stimulus":70,"slider_start":100,"sprites":"rocks","response":63,"absDeviation":29,"callibration":"test","block":10,"seed":70,"numerosity":92,"matchType":"paired","which":"second","trial_type":"numerosity-estimation","trial_index":186,"time_elapsed":2438216,"subject_id":"76202"},{"rt":4899,"stimulus":71,"slider_start":100,"sprites":"buttons","response":66,"absDeviation":41,"callibration":"test","block":10,"seed":71,"numerosity":107,"matchType":"unpaired","which":"second","trial_type":"numerosity-estimation","trial_index":187,"time_elapsed":2443116,"subject_id":"76202"},{"rt":3883,"stimulus":72,"slider_start":100,"sprites":"animalCrackers","response":27,"absDeviation":23,"callibration":"test","block":10,"seed":72,"numerosity":50,"matchType":"unpaired","which":"second","trial_type":"numerosity-estimation","trial_index":188,"time_elapsed":2447000,"subject_id":"76202"},{"rt":3370,"stimulus":74,"slider_start":100,"sprites":"butterflies","response":35,"absDeviation":29,"callibration":"test","block":10,"seed":74,"numerosity":64,"matchType":"paired","which":"first","trial_type":"numerosity-estimation","trial_index":189,"time_elapsed":2450371,"subject_id":"76202"},{"rt":3533,"stimulus":74,"slider_start":100,"sprites":"butterflies","response":34,"absDeviation":30,"callibration":"test","block":10,"seed":74,"numerosity":64,"matchType":"paired","which":"second","trial_type":"numerosity-estimation","trial_index":190,"time_elapsed":2453905,"subject_id":"76202"},{"rt":6201,"stimulus":75,"slider_start":100,"sprites":"hearts","response":70,"absDeviation":22,"callibration":"test","block":10,"seed":75,"numerosity":92,"matchType":"unpaired","which":"second","trial_type":"numerosity-estimation","trial_index":191,"time_elapsed":2460107,"subject_id":"76202"},{"rt":4020,"stimulus":76,"slider_start":100,"sprites":"crackers","response":38,"absDeviation":26,"callibration":"test","block":10,"seed":76,"numerosity":64,"matchType":"unpaired","which":"second","trial_type":"numerosity-estimation","trial_index":192,"time_elapsed":2464128,"subject_id":"76202"},{"rt":3167,"stimulus":78,"slider_start":100,"sprites":"fruits","response":57,"absDeviation":7,"callibration":"test","block":10,"seed":78,"numerosity":64,"matchType":"paired","which":"first","trial_type":"numerosity-estimation","trial_index":193,"time_elapsed":2467296,"subject_id":"76202"},{"rt":4347,"stimulus":78,"slider_start":100,"sprites":"fruits","response":61,"absDeviation":3,"callibration":"test","block":10,"seed":78,"numerosity":64,"matchType":"paired","which":"second","trial_type":"numerosity-estimation","trial_index":194,"time_elapsed":2471644,"subject_id":"76202"},{"rt":2807,"stimulus":79,"slider_start":100,"sprites":"jellyBeans","response":53,"absDeviation":3,"callibration":"test","block":10,"seed":79,"numerosity":50,"matchType":"unpaired","which":"second","trial_type":"numerosity-estimation","trial_index":195,"time_elapsed":2474452,"subject_id":"76202"},{"rt":15781,"stimulus":80,"slider_start":100,"sprites":"marbles","response":78,"absDeviation":43,"callibration":"test","block":10,"seed":80,"numerosity":121,"matchType":"unpaired","which":"second","trial_type":"numerosity-estimation","trial_index":196,"time_elapsed":2490234,"subject_id":"76202"},{"rt":1296,"stimulus":"<p> For the last block of trials, the average deviation of your guesses from correct answers was 27.</p>\n     <p>The smaller the deviation the better.  Your deviation was <b> good</b>.</p><br>\n       <p>Press any key to continue to the next block of trials</p>","response":"h","trial_type":"html-keyboard-response","trial_index":197,"time_elapsed":2491531,"subject_id":"76202"},{"rt":9158,"stimulus":82,"slider_start":100,"sprites":"rocks","response":65,"absDeviation":1,"callibration":"test","block":11,"seed":82,"numerosity":64,"matchType":"paired","which":"first","trial_type":"numerosity-estimation","trial_index":198,"time_elapsed":2500690,"subject_id":"76202"},{"rt":3053,"stimulus":82,"slider_start":100,"sprites":"rocks","response":59,"absDeviation":5,"callibration":"test","block":11,"seed":82,"numerosity":64,"matchType":"paired","which":"second","trial_type":"numerosity-estimation","trial_index":199,"time_elapsed":2503744,"subject_id":"76202"},{"rt":3799,"stimulus":83,"slider_start":100,"sprites":"buttons","response":108,"absDeviation":13,"callibration":"test","block":11,"seed":83,"numerosity":121,"matchType":"unpaired","which":"second","trial_type":"numerosity-estimation","trial_index":200,"time_elapsed":2507544,"subject_id":"76202"},{"rt":5481,"stimulus":84,"slider_start":100,"sprites":"animalCrackers","response":28,"absDeviation":22,"callibration":"test","block":11,"seed":84,"numerosity":50,"matchType":"unpaired","which":"second","trial_type":"numerosity-estimation","trial_index":201,"time_elapsed":2513025,"subject_id":"76202"},{"rt":3899,"stimulus":86,"slider_start":100,"sprites":"butterflies","response":78,"absDeviation":43,"callibration":"test","block":11,"seed":86,"numerosity":121,"matchType":"paired","which":"first","trial_type":"numerosity-estimation","trial_index":202,"time_elapsed":2516926,"subject_id":"76202"},{"rt":2681,"stimulus":86,"slider_start":100,"sprites":"butterflies","response":74,"absDeviation":47,"callibration":"test","block":11,"seed":86,"numerosity":121,"matchType":"paired","which":"second","trial_type":"numerosity-estimation","trial_index":203,"time_elapsed":2519608,"subject_id":"76202"},{"rt":3516,"stimulus":87,"slider_start":100,"sprites":"hearts","response":51,"absDeviation":1,"callibration":"test","block":11,"seed":87,"numerosity":50,"matchType":"unpaired","which":"second","trial_type":"numerosity-estimation","trial_index":204,"time_elapsed":2523125,"subject_id":"76202"},{"rt":2639,"stimulus":88,"slider_start":100,"sprites":"crackers","response":114,"absDeviation":21,"callibration":"test","block":11,"seed":88,"numerosity":135,"matchType":"unpaired","which":"second","trial_type":"numerosity-estimation","trial_index":205,"time_elapsed":2525764,"subject_id":"76202"},{"rt":3394,"stimulus":90,"slider_start":100,"sprites":"fruits","response":131,"absDeviation":19,"callibration":"test","block":11,"seed":90,"numerosity":150,"matchType":"paired","which":"first","trial_type":"numerosity-estimation","trial_index":206,"time_elapsed":2529159,"subject_id":"76202"},{"rt":4294,"stimulus":90,"slider_start":100,"sprites":"fruits","response":130,"absDeviation":20,"callibration":"test","block":11,"seed":90,"numerosity":150,"matchType":"paired","which":"second","trial_type":"numerosity-estimation","trial_index":207,"time_elapsed":2533454,"subject_id":"76202"},{"rt":3830,"stimulus":91,"slider_start":100,"sprites":"jellyBeans","response":88,"absDeviation":4,"callibration":"test","block":11,"seed":91,"numerosity":92,"matchType":"unpaired","which":"second","trial_type":"numerosity-estimation","trial_index":208,"time_elapsed":2537285,"subject_id":"76202"},{"rt":3178,"stimulus":92,"slider_start":100,"sprites":"marbles","response":87,"absDeviation":34,"callibration":"test","block":11,"seed":92,"numerosity":121,"matchType":"unpaired","which":"second","trial_type":"numerosity-estimation","trial_index":209,"time_elapsed":2540463,"subject_id":"76202"},{"rt":3894,"stimulus":94,"slider_start":100,"sprites":"rocks","response":77,"absDeviation":1,"callibration":"test","block":11,"seed":94,"numerosity":78,"matchType":"paired","which":"first","trial_type":"numerosity-estimation","trial_index":210,"time_elapsed":2544358,"subject_id":"76202"},{"rt":3219,"stimulus":94,"slider_start":100,"sprites":"rocks","response":79,"absDeviation":1,"callibration":"test","block":11,"seed":94,"numerosity":78,"matchType":"paired","which":"second","trial_type":"numerosity-estimation","trial_index":211,"time_elapsed":2547579,"subject_id":"76202"},{"rt":3761,"stimulus":95,"slider_start":100,"sprites":"buttons","response":69,"absDeviation":5,"callibration":"test","block":11,"seed":95,"numerosity":64,"matchType":"unpaired","which":"second","trial_type":"numerosity-estimation","trial_index":212,"time_elapsed":2551341,"subject_id":"76202"},{"rt":3372,"stimulus":96,"slider_start":100,"sprites":"animalCrackers","response":85,"absDeviation":7,"callibration":"test","block":11,"seed":96,"numerosity":92,"matchType":"unpaired","which":"second","trial_type":"numerosity-estimation","trial_index":213,"time_elapsed":2554714,"subject_id":"76202"},{"rt":1241,"stimulus":"<p> For the last block of trials, the average deviation of your guesses from correct answers was 15.</p>\n     <p>The smaller the deviation the better.  Your deviation was <b> VERY good</b>.</p><br>\n       <p>Press any key to continue to the next block of trials</p>","response":"j","trial_type":"html-keyboard-response","trial_index":214,"time_elapsed":2555956,"subject_id":"76202"},{"rt":15668,"response":{"averageEstimates":"When the two displays occured back-to-back, in immediate succession.","firstOrSecond":"The first time the objects were shown"},"question_order":[0,1],"trial_type":"survey-multi-choice","trial_index":215,"time_elapsed":2571625,"subject_id":"76202"}]