[{"rt":13634,"url":"consent.html","trial_type":"external-html","trial_index":0,"time_elapsed":13700,"subject_id":"77167"},{"view_history":[{"page_index":0,"viewing_time":11977}],"rt":11978,"trial_type":"instructions","trial_index":1,"time_elapsed":25682,"subject_id":"77167"},{"rt":11087,"stimulus":0,"slider_start":100,"sprites":"animalCrackers","response":64,"absDeviation":14,"callibration":"callibration","block":-1,"seed":0,"numerosity":50,"matchType":"callibration","which":"first","trial_type":"numerosity-estimation","trial_index":2,"time_elapsed":36785,"subject_id":"77167"},{"rt":7381,"stimulus":1,"slider_start":100,"sprites":"letters","response":64,"absDeviation":0,"callibration":"callibration","block":-1,"seed":1,"numerosity":64,"matchType":"callibration","which":"first","trial_type":"numerosity-estimation","trial_index":3,"time_elapsed":44172,"subject_id":"77167"},{"rt":40402,"stimulus":2,"slider_start":100,"sprites":"butterflies","response":79,"absDeviation":1,"callibration":"callibration","block":-1,"seed":2,"numerosity":78,"matchType":"callibration","which":"first","trial_type":"numerosity-estimation","trial_index":4,"time_elapsed":84581,"subject_id":"77167"},{"rt":6079,"stimulus":3,"slider_start":100,"sprites":"hearts","response":92,"absDeviation":0,"callibration":"callibration","block":-1,"seed":3,"numerosity":92,"matchType":"callibration","which":"first","trial_type":"numerosity-estimation","trial_index":5,"time_elapsed":90666,"subject_id":"77167"},{"rt":4753,"stimulus":4,"slider_start":100,"sprites":"crackers","response":111,"absDeviation":4,"callibration":"callibration","block":-1,"seed":4,"numerosity":107,"matchType":"callibration","which":"first","trial_type":"numerosity-estimation","trial_index":6,"time_elapsed":95426,"subject_id":"77167"},{"rt":4159,"stimulus":5,"slider_start":100,"sprites":"bears","response":121,"absDeviation":0,"callibration":"callibration","block":-1,"seed":5,"numerosity":121,"matchType":"callibration","which":"first","trial_type":"numerosity-estimation","trial_index":7,"time_elapsed":99590,"subject_id":"77167"},{"rt":4659,"stimulus":6,"slider_start":100,"sprites":"fruits","response":135,"absDeviation":0,"callibration":"callibration","block":-1,"seed":6,"numerosity":135,"matchType":"callibration","which":"first","trial_type":"numerosity-estimation","trial_index":8,"time_elapsed":104251,"subject_id":"77167"},{"rt":5126,"stimulus":7,"slider_start":100,"sprites":"jellyBeans","response":154,"absDeviation":4,"callibration":"callibration","block":-1,"seed":7,"numerosity":150,"matchType":"callibration","which":"first","trial_type":"numerosity-estimation","trial_index":9,"time_elapsed":109383,"subject_id":"77167"},{"view_history":[{"page_index":0,"viewing_time":3810}],"rt":3811,"trial_type":"instructions","trial_index":10,"time_elapsed":113196,"subject_id":"77167"},{"rt":6437,"stimulus":1,"slider_start":100,"sprites":"letters","response":89,"absDeviation":3,"callibration":"test","block":0,"seed":1,"numerosity":92,"matchType":"paired","which":"first","trial_type":"numerosity-estimation","trial_index":11,"time_elapsed":119639,"subject_id":"77167"},{"rt":6483,"stimulus":1,"slider_start":100,"sprites":"letters","response":108,"absDeviation":16,"callibration":"test","block":0,"seed":1,"numerosity":92,"matchType":"paired","which":"second","trial_type":"numerosity-estimation","trial_index":12,"time_elapsed":126128,"subject_id":"77167"},{"rt":4048,"stimulus":3,"slider_start":100,"sprites":"hearts","response":57,"absDeviation":7,"callibration":"test","block":0,"seed":3,"numerosity":50,"matchType":"unpaired","which":"first","trial_type":"numerosity-estimation","trial_index":13,"time_elapsed":130180,"subject_id":"77167"},{"rt":4494,"stimulus":4,"slider_start":100,"sprites":"crackers","response":99,"absDeviation":8,"callibration":"test","block":0,"seed":4,"numerosity":107,"matchType":"unpaired","which":"first","trial_type":"numerosity-estimation","trial_index":14,"time_elapsed":134680,"subject_id":"77167"},{"rt":2941,"stimulus":5,"slider_start":100,"sprites":"bears","response":45,"absDeviation":5,"callibration":"test","block":0,"seed":5,"numerosity":50,"matchType":"paired","which":"first","trial_type":"numerosity-estimation","trial_index":15,"time_elapsed":137624,"subject_id":"77167"},{"rt":3822,"stimulus":5,"slider_start":100,"sprites":"bears","response":53,"absDeviation":3,"callibration":"test","block":0,"seed":5,"numerosity":50,"matchType":"paired","which":"second","trial_type":"numerosity-estimation","trial_index":16,"time_elapsed":141451,"subject_id":"77167"},{"rt":2901,"stimulus":7,"slider_start":100,"sprites":"jellyBeans","response":69,"absDeviation":19,"callibration":"test","block":0,"seed":7,"numerosity":50,"matchType":"unpaired","which":"first","trial_type":"numerosity-estimation","trial_index":17,"time_elapsed":144358,"subject_id":"77167"},{"rt":2927,"stimulus":8,"slider_start":100,"sprites":"marbles","response":109,"absDeviation":17,"callibration":"test","block":0,"seed":8,"numerosity":92,"matchType":"unpaired","which":"first","trial_type":"numerosity-estimation","trial_index":18,"time_elapsed":147289,"subject_id":"77167"},{"rt":3512,"stimulus":9,"slider_start":100,"sprites":"mints","response":132,"absDeviation":3,"callibration":"test","block":0,"seed":9,"numerosity":135,"matchType":"paired","which":"first","trial_type":"numerosity-estimation","trial_index":19,"time_elapsed":150806,"subject_id":"77167"},{"rt":2836,"stimulus":9,"slider_start":100,"sprites":"mints","response":138,"absDeviation":3,"callibration":"test","block":0,"seed":9,"numerosity":135,"matchType":"paired","which":"second","trial_type":"numerosity-estimation","trial_index":20,"time_elapsed":153646,"subject_id":"77167"},{"rt":2560,"stimulus":11,"slider_start":100,"sprites":"buttons","response":138,"absDeviation":31,"callibration":"test","block":0,"seed":11,"numerosity":107,"matchType":"unpaired","which":"first","trial_type":"numerosity-estimation","trial_index":21,"time_elapsed":156210,"subject_id":"77167"},{"rt":3541,"stimulus":12,"slider_start":100,"sprites":"animalCrackers","response":106,"absDeviation":14,"callibration":"test","block":0,"seed":12,"numerosity":92,"matchType":"unpaired","which":"first","trial_type":"numerosity-estimation","trial_index":22,"time_elapsed":159758,"subject_id":"77167"},{"rt":2796,"stimulus":13,"slider_start":100,"sprites":"letters","response":128,"absDeviation":21,"callibration":"test","block":0,"seed":13,"numerosity":107,"matchType":"paired","which":"first","trial_type":"numerosity-estimation","trial_index":23,"time_elapsed":162557,"subject_id":"77167"},{"rt":2188,"stimulus":13,"slider_start":100,"sprites":"letters","response":124,"absDeviation":17,"callibration":"test","block":0,"seed":13,"numerosity":107,"matchType":"paired","which":"second","trial_type":"numerosity-estimation","trial_index":24,"time_elapsed":164749,"subject_id":"77167"},{"rt":3016,"stimulus":15,"slider_start":100,"sprites":"hearts","response":130,"absDeviation":9,"callibration":"test","block":0,"seed":15,"numerosity":121,"matchType":"unpaired","which":"first","trial_type":"numerosity-estimation","trial_index":25,"time_elapsed":167770,"subject_id":"77167"},{"rt":3519,"stimulus":16,"slider_start":100,"sprites":"crackers","response":68,"absDeviation":4,"callibration":"test","block":0,"seed":16,"numerosity":64,"matchType":"unpaired","which":"first","trial_type":"numerosity-estimation","trial_index":26,"time_elapsed":171295,"subject_id":"77167"},{"rt":7874,"stimulus":"<p> For the last block of trials, the average deviation of your guesses from correct answers was 11.</p>\n     <p>The smaller the deviation the better.  Your deviation was <b> AMAZINGLY good</b>.</p><br>\n       <p>Press any key to continue to the next block of trials</p>","response":" ","trial_type":"html-keyboard-response","trial_index":27,"time_elapsed":179172,"subject_id":"77167"},{"rt":2733,"stimulus":17,"slider_start":100,"sprites":"bears","response":83,"absDeviation":9,"callibration":"test","block":1,"seed":17,"numerosity":92,"matchType":"paired","which":"first","trial_type":"numerosity-estimation","trial_index":28,"time_elapsed":181909,"subject_id":"77167"},{"rt":2411,"stimulus":17,"slider_start":100,"sprites":"bears","response":83,"absDeviation":9,"callibration":"test","block":1,"seed":17,"numerosity":92,"matchType":"paired","which":"second","trial_type":"numerosity-estimation","trial_index":29,"time_elapsed":184326,"subject_id":"77167"},{"rt":2304,"stimulus":19,"slider_start":100,"sprites":"jellyBeans","response":114,"absDeviation":21,"callibration":"test","block":1,"seed":19,"numerosity":135,"matchType":"unpaired","which":"first","trial_type":"numerosity-estimation","trial_index":30,"time_elapsed":186635,"subject_id":"77167"},{"rt":2401,"stimulus":20,"slider_start":100,"sprites":"marbles","response":60,"absDeviation":18,"callibration":"test","block":1,"seed":20,"numerosity":78,"matchType":"unpaired","which":"first","trial_type":"numerosity-estimation","trial_index":31,"time_elapsed":189043,"subject_id":"77167"},{"rt":2255,"stimulus":21,"slider_start":100,"sprites":"mints","response":109,"absDeviation":17,"callibration":"test","block":1,"seed":21,"numerosity":92,"matchType":"paired","which":"first","trial_type":"numerosity-estimation","trial_index":32,"time_elapsed":191302,"subject_id":"77167"},{"rt":2319,"stimulus":21,"slider_start":100,"sprites":"mints","response":118,"absDeviation":26,"callibration":"test","block":1,"seed":21,"numerosity":92,"matchType":"paired","which":"second","trial_type":"numerosity-estimation","trial_index":33,"time_elapsed":193626,"subject_id":"77167"},{"rt":2262,"stimulus":23,"slider_start":100,"sprites":"buttons","response":128,"absDeviation":22,"callibration":"test","block":1,"seed":23,"numerosity":150,"matchType":"unpaired","which":"first","trial_type":"numerosity-estimation","trial_index":34,"time_elapsed":195893,"subject_id":"77167"},{"rt":2171,"stimulus":24,"slider_start":100,"sprites":"animalCrackers","response":107,"absDeviation":0,"callibration":"test","block":1,"seed":24,"numerosity":107,"matchType":"unpaired","which":"first","trial_type":"numerosity-estimation","trial_index":35,"time_elapsed":198069,"subject_id":"77167"},{"rt":2127,"stimulus":25,"slider_start":100,"sprites":"letters","response":113,"absDeviation":6,"callibration":"test","block":1,"seed":25,"numerosity":107,"matchType":"paired","which":"first","trial_type":"numerosity-estimation","trial_index":36,"time_elapsed":200201,"subject_id":"77167"},{"rt":2227,"stimulus":25,"slider_start":100,"sprites":"letters","response":117,"absDeviation":10,"callibration":"test","block":1,"seed":25,"numerosity":107,"matchType":"paired","which":"second","trial_type":"numerosity-estimation","trial_index":37,"time_elapsed":202434,"subject_id":"77167"},{"rt":2313,"stimulus":27,"slider_start":100,"sprites":"hearts","response":139,"absDeviation":18,"callibration":"test","block":1,"seed":27,"numerosity":121,"matchType":"unpaired","which":"first","trial_type":"numerosity-estimation","trial_index":38,"time_elapsed":204752,"subject_id":"77167"},{"rt":2202,"stimulus":28,"slider_start":100,"sprites":"crackers","response":122,"absDeviation":28,"callibration":"test","block":1,"seed":28,"numerosity":150,"matchType":"unpaired","which":"first","trial_type":"numerosity-estimation","trial_index":39,"time_elapsed":206959,"subject_id":"77167"},{"rt":4230,"stimulus":29,"slider_start":100,"sprites":"bears","response":59,"absDeviation":5,"callibration":"test","block":1,"seed":29,"numerosity":64,"matchType":"paired","which":"first","trial_type":"numerosity-estimation","trial_index":40,"time_elapsed":211195,"subject_id":"77167"},{"rt":3278,"stimulus":29,"slider_start":100,"sprites":"bears","response":63,"absDeviation":1,"callibration":"test","block":1,"seed":29,"numerosity":64,"matchType":"paired","which":"second","trial_type":"numerosity-estimation","trial_index":41,"time_elapsed":214478,"subject_id":"77167"},{"rt":2455,"stimulus":31,"slider_start":100,"sprites":"jellyBeans","response":113,"absDeviation":37,"callibration":"test","block":1,"seed":31,"numerosity":150,"matchType":"unpaired","which":"first","trial_type":"numerosity-estimation","trial_index":42,"time_elapsed":216938,"subject_id":"77167"},{"rt":3105,"stimulus":32,"slider_start":100,"sprites":"marbles","response":114,"absDeviation":21,"callibration":"test","block":1,"seed":32,"numerosity":135,"matchType":"unpaired","which":"first","trial_type":"numerosity-estimation","trial_index":43,"time_elapsed":220048,"subject_id":"77167"},{"rt":954,"stimulus":"<p> For the last block of trials, the average deviation of your guesses from correct answers was 16.</p>\n     <p>The smaller the deviation the better.  Your deviation was <b> VERY good</b>.</p><br>\n       <p>Press any key to continue to the next block of trials</p>","response":" ","trial_type":"html-keyboard-response","trial_index":44,"time_elapsed":221005,"subject_id":"77167"},{"rt":2338,"stimulus":33,"slider_start":100,"sprites":"mints","response":114,"absDeviation":7,"callibration":"test","block":2,"seed":33,"numerosity":121,"matchType":"paired","which":"first","trial_type":"numerosity-estimation","trial_index":45,"time_elapsed":223351,"subject_id":"77167"},{"rt":2164,"stimulus":33,"slider_start":100,"sprites":"mints","response":118,"absDeviation":3,"callibration":"test","block":2,"seed":33,"numerosity":121,"matchType":"paired","which":"second","trial_type":"numerosity-estimation","trial_index":46,"time_elapsed":225520,"subject_id":"77167"},{"rt":2751,"stimulus":35,"slider_start":100,"sprites":"buttons","response":115,"absDeviation":37,"callibration":"test","block":2,"seed":35,"numerosity":78,"matchType":"unpaired","which":"first","trial_type":"numerosity-estimation","trial_index":47,"time_elapsed":228276,"subject_id":"77167"},{"rt":2385,"stimulus":36,"slider_start":100,"sprites":"animalCrackers","response":38,"absDeviation":12,"callibration":"test","block":2,"seed":36,"numerosity":50,"matchType":"unpaired","which":"first","trial_type":"numerosity-estimation","trial_index":48,"time_elapsed":230665,"subject_id":"77167"},{"rt":2690,"stimulus":37,"slider_start":100,"sprites":"letters","response":56,"absDeviation":79,"callibration":"test","block":2,"seed":37,"numerosity":135,"matchType":"paired","which":"first","trial_type":"numerosity-estimation","trial_index":49,"time_elapsed":233362,"subject_id":"77167"},{"rt":3283,"stimulus":37,"slider_start":100,"sprites":"letters","response":77,"absDeviation":58,"callibration":"test","block":2,"seed":37,"numerosity":135,"matchType":"paired","which":"second","trial_type":"numerosity-estimation","trial_index":50,"time_elapsed":236651,"subject_id":"77167"},{"rt":2492,"stimulus":39,"slider_start":100,"sprites":"hearts","response":60,"absDeviation":18,"callibration":"test","block":2,"seed":39,"numerosity":78,"matchType":"unpaired","which":"first","trial_type":"numerosity-estimation","trial_index":51,"time_elapsed":239147,"subject_id":"77167"},{"rt":2421,"stimulus":40,"slider_start":100,"sprites":"crackers","response":76,"absDeviation":45,"callibration":"test","block":2,"seed":40,"numerosity":121,"matchType":"unpaired","which":"first","trial_type":"numerosity-estimation","trial_index":52,"time_elapsed":241573,"subject_id":"77167"},{"rt":2369,"stimulus":41,"slider_start":100,"sprites":"bears","response":46,"absDeviation":4,"callibration":"test","block":2,"seed":41,"numerosity":50,"matchType":"paired","which":"first","trial_type":"numerosity-estimation","trial_index":53,"time_elapsed":243947,"subject_id":"77167"},{"rt":3093,"stimulus":41,"slider_start":100,"sprites":"bears","response":60,"absDeviation":10,"callibration":"test","block":2,"seed":41,"numerosity":50,"matchType":"paired","which":"second","trial_type":"numerosity-estimation","trial_index":54,"time_elapsed":247044,"subject_id":"77167"},{"rt":2579,"stimulus":43,"slider_start":100,"sprites":"jellyBeans","response":58,"absDeviation":6,"callibration":"test","block":2,"seed":43,"numerosity":64,"matchType":"unpaired","which":"first","trial_type":"numerosity-estimation","trial_index":55,"time_elapsed":249628,"subject_id":"77167"},{"rt":3007,"stimulus":44,"slider_start":100,"sprites":"marbles","response":64,"absDeviation":57,"callibration":"test","block":2,"seed":44,"numerosity":121,"matchType":"unpaired","which":"first","trial_type":"numerosity-estimation","trial_index":56,"time_elapsed":252640,"subject_id":"77167"},{"rt":2252,"stimulus":45,"slider_start":100,"sprites":"mints","response":110,"absDeviation":11,"callibration":"test","block":2,"seed":45,"numerosity":121,"matchType":"paired","which":"first","trial_type":"numerosity-estimation","trial_index":57,"time_elapsed":254897,"subject_id":"77167"},{"rt":2270,"stimulus":45,"slider_start":100,"sprites":"mints","response":140,"absDeviation":19,"callibration":"test","block":2,"seed":45,"numerosity":121,"matchType":"paired","which":"second","trial_type":"numerosity-estimation","trial_index":58,"time_elapsed":257172,"subject_id":"77167"},{"rt":2490,"stimulus":47,"slider_start":100,"sprites":"buttons","response":124,"absDeviation":3,"callibration":"test","block":2,"seed":47,"numerosity":121,"matchType":"unpaired","which":"first","trial_type":"numerosity-estimation","trial_index":59,"time_elapsed":259667,"subject_id":"77167"},{"rt":2708,"stimulus":48,"slider_start":100,"sprites":"animalCrackers","response":124,"absDeviation":11,"callibration":"test","block":2,"seed":48,"numerosity":135,"matchType":"unpaired","which":"first","trial_type":"numerosity-estimation","trial_index":60,"time_elapsed":262381,"subject_id":"77167"},{"rt":4075,"stimulus":"<p> For the last block of trials, the average deviation of your guesses from correct answers was 24.</p>\n     <p>The smaller the deviation the better.  Your deviation was <b> VERY good</b>.</p><br>\n       <p>Press any key to continue to the next block of trials</p>","response":" ","trial_type":"html-keyboard-response","trial_index":61,"time_elapsed":266458,"subject_id":"77167"},{"rt":2416,"stimulus":49,"slider_start":100,"sprites":"letters","response":75,"absDeviation":3,"callibration":"test","block":3,"seed":49,"numerosity":78,"matchType":"paired","which":"first","trial_type":"numerosity-estimation","trial_index":62,"time_elapsed":268878,"subject_id":"77167"},{"rt":2584,"stimulus":49,"slider_start":100,"sprites":"letters","response":84,"absDeviation":6,"callibration":"test","block":3,"seed":49,"numerosity":78,"matchType":"paired","which":"second","trial_type":"numerosity-estimation","trial_index":63,"time_elapsed":271466,"subject_id":"77167"},{"rt":3364,"stimulus":51,"slider_start":100,"sprites":"hearts","response":142,"absDeviation":8,"callibration":"test","block":3,"seed":51,"numerosity":150,"matchType":"unpaired","which":"first","trial_type":"numerosity-estimation","trial_index":64,"time_elapsed":274836,"subject_id":"77167"},{"rt":2587,"stimulus":52,"slider_start":100,"sprites":"crackers","response":96,"absDeviation":18,"callibration":"test","block":3,"seed":52,"numerosity":78,"matchType":"unpaired","which":"first","trial_type":"numerosity-estimation","trial_index":65,"time_elapsed":277428,"subject_id":"77167"},{"rt":2384,"stimulus":53,"slider_start":100,"sprites":"bears","response":47,"absDeviation":3,"callibration":"test","block":3,"seed":53,"numerosity":50,"matchType":"paired","which":"first","trial_type":"numerosity-estimation","trial_index":66,"time_elapsed":279818,"subject_id":"77167"},{"rt":2581,"stimulus":53,"slider_start":100,"sprites":"bears","response":52,"absDeviation":2,"callibration":"test","block":3,"seed":53,"numerosity":50,"matchType":"paired","which":"second","trial_type":"numerosity-estimation","trial_index":67,"time_elapsed":282399,"subject_id":"77167"},{"rt":3306,"stimulus":55,"slider_start":100,"sprites":"jellyBeans","response":92,"absDeviation":29,"callibration":"test","block":3,"seed":55,"numerosity":121,"matchType":"unpaired","which":"first","trial_type":"numerosity-estimation","trial_index":68,"time_elapsed":285711,"subject_id":"77167"},{"rt":2476,"stimulus":56,"slider_start":100,"sprites":"marbles","response":72,"absDeviation":8,"callibration":"test","block":3,"seed":56,"numerosity":64,"matchType":"unpaired","which":"first","trial_type":"numerosity-estimation","trial_index":69,"time_elapsed":288192,"subject_id":"77167"},{"rt":2977,"stimulus":57,"slider_start":100,"sprites":"mints","response":86,"absDeviation":22,"callibration":"test","block":3,"seed":57,"numerosity":64,"matchType":"paired","which":"first","trial_type":"numerosity-estimation","trial_index":70,"time_elapsed":291187,"subject_id":"77167"},{"rt":3047,"stimulus":57,"slider_start":100,"sprites":"mints","response":90,"absDeviation":26,"callibration":"test","block":3,"seed":57,"numerosity":64,"matchType":"paired","which":"second","trial_type":"numerosity-estimation","trial_index":71,"time_elapsed":294239,"subject_id":"77167"},{"rt":2364,"stimulus":59,"slider_start":100,"sprites":"buttons","response":115,"absDeviation":20,"callibration":"test","block":3,"seed":59,"numerosity":135,"matchType":"unpaired","which":"first","trial_type":"numerosity-estimation","trial_index":72,"time_elapsed":296607,"subject_id":"77167"},{"rt":2471,"stimulus":60,"slider_start":100,"sprites":"animalCrackers","response":124,"absDeviation":26,"callibration":"test","block":3,"seed":60,"numerosity":150,"matchType":"unpaired","which":"first","trial_type":"numerosity-estimation","trial_index":73,"time_elapsed":299080,"subject_id":"77167"},{"rt":2679,"stimulus":61,"slider_start":100,"sprites":"letters","response":46,"absDeviation":4,"callibration":"test","block":3,"seed":61,"numerosity":50,"matchType":"paired","which":"first","trial_type":"numerosity-estimation","trial_index":74,"time_elapsed":301764,"subject_id":"77167"},{"rt":2855,"stimulus":61,"slider_start":100,"sprites":"letters","response":55,"absDeviation":5,"callibration":"test","block":3,"seed":61,"numerosity":50,"matchType":"paired","which":"second","trial_type":"numerosity-estimation","trial_index":75,"time_elapsed":304625,"subject_id":"77167"},{"rt":3972,"stimulus":63,"slider_start":100,"sprites":"hearts","response":77,"absDeviation":13,"callibration":"test","block":3,"seed":63,"numerosity":64,"matchType":"unpaired","which":"first","trial_type":"numerosity-estimation","trial_index":76,"time_elapsed":308602,"subject_id":"77167"},{"rt":7712,"stimulus":64,"slider_start":100,"sprites":"crackers","response":86,"absDeviation":49,"callibration":"test","block":3,"seed":64,"numerosity":135,"matchType":"unpaired","which":"first","trial_type":"numerosity-estimation","trial_index":77,"time_elapsed":316319,"subject_id":"77167"},{"rt":1946,"stimulus":"<p> For the last block of trials, the average deviation of your guesses from correct answers was 15.</p>\n     <p>The smaller the deviation the better.  Your deviation was <b> VERY good</b>.</p><br>\n       <p>Press any key to continue to the next block of trials</p>","response":" ","trial_type":"html-keyboard-response","trial_index":78,"time_elapsed":318267,"subject_id":"77167"},{"rt":2365,"stimulus":65,"slider_start":100,"sprites":"bears","response":104,"absDeviation":3,"callibration":"test","block":4,"seed":65,"numerosity":107,"matchType":"paired","which":"first","trial_type":"numerosity-estimation","trial_index":79,"time_elapsed":320636,"subject_id":"77167"},{"rt":2272,"stimulus":65,"slider_start":100,"sprites":"bears","response":108,"absDeviation":1,"callibration":"test","block":4,"seed":65,"numerosity":107,"matchType":"paired","which":"second","trial_type":"numerosity-estimation","trial_index":80,"time_elapsed":322913,"subject_id":"77167"},{"rt":2165,"stimulus":67,"slider_start":100,"sprites":"jellyBeans","response":92,"absDeviation":15,"callibration":"test","block":4,"seed":67,"numerosity":107,"matchType":"unpaired","which":"first","trial_type":"numerosity-estimation","trial_index":81,"time_elapsed":325083,"subject_id":"77167"},{"rt":2685,"stimulus":68,"slider_start":100,"sprites":"marbles","response":114,"absDeviation":36,"callibration":"test","block":4,"seed":68,"numerosity":150,"matchType":"unpaired","which":"first","trial_type":"numerosity-estimation","trial_index":82,"time_elapsed":327773,"subject_id":"77167"},{"rt":2062,"stimulus":69,"slider_start":100,"sprites":"mints","response":118,"absDeviation":3,"callibration":"test","block":4,"seed":69,"numerosity":121,"matchType":"paired","which":"first","trial_type":"numerosity-estimation","trial_index":83,"time_elapsed":329840,"subject_id":"77167"},{"rt":2080,"stimulus":69,"slider_start":100,"sprites":"mints","response":117,"absDeviation":4,"callibration":"test","block":4,"seed":69,"numerosity":121,"matchType":"paired","which":"second","trial_type":"numerosity-estimation","trial_index":84,"time_elapsed":331926,"subject_id":"77167"},{"rt":2263,"stimulus":71,"slider_start":100,"sprites":"buttons","response":94,"absDeviation":13,"callibration":"test","block":4,"seed":71,"numerosity":107,"matchType":"unpaired","which":"first","trial_type":"numerosity-estimation","trial_index":85,"time_elapsed":334194,"subject_id":"77167"},{"rt":2276,"stimulus":72,"slider_start":100,"sprites":"animalCrackers","response":43,"absDeviation":7,"callibration":"test","block":4,"seed":72,"numerosity":50,"matchType":"unpaired","which":"first","trial_type":"numerosity-estimation","trial_index":86,"time_elapsed":336475,"subject_id":"77167"},{"rt":2572,"stimulus":73,"slider_start":100,"sprites":"letters","response":69,"absDeviation":9,"callibration":"test","block":4,"seed":73,"numerosity":78,"matchType":"paired","which":"first","trial_type":"numerosity-estimation","trial_index":87,"time_elapsed":339051,"subject_id":"77167"},{"rt":2129,"stimulus":73,"slider_start":100,"sprites":"letters","response":60,"absDeviation":18,"callibration":"test","block":4,"seed":73,"numerosity":78,"matchType":"paired","which":"second","trial_type":"numerosity-estimation","trial_index":88,"time_elapsed":341185,"subject_id":"77167"},{"rt":2814,"stimulus":75,"slider_start":100,"sprites":"hearts","response":94,"absDeviation":2,"callibration":"test","block":4,"seed":75,"numerosity":92,"matchType":"unpaired","which":"first","trial_type":"numerosity-estimation","trial_index":89,"time_elapsed":344008,"subject_id":"77167"},{"rt":2354,"stimulus":76,"slider_start":100,"sprites":"crackers","response":73,"absDeviation":9,"callibration":"test","block":4,"seed":76,"numerosity":64,"matchType":"unpaired","which":"first","trial_type":"numerosity-estimation","trial_index":90,"time_elapsed":346367,"subject_id":"77167"},{"rt":2505,"stimulus":77,"slider_start":100,"sprites":"bears","response":102,"absDeviation":33,"callibration":"test","block":4,"seed":77,"numerosity":135,"matchType":"paired","which":"first","trial_type":"numerosity-estimation","trial_index":91,"time_elapsed":348878,"subject_id":"77167"},{"rt":2138,"stimulus":77,"slider_start":100,"sprites":"bears","response":108,"absDeviation":27,"callibration":"test","block":4,"seed":77,"numerosity":135,"matchType":"paired","which":"second","trial_type":"numerosity-estimation","trial_index":92,"time_elapsed":351021,"subject_id":"77167"},{"rt":2396,"stimulus":79,"slider_start":100,"sprites":"jellyBeans","response":80,"absDeviation":30,"callibration":"test","block":4,"seed":79,"numerosity":50,"matchType":"unpaired","which":"first","trial_type":"numerosity-estimation","trial_index":93,"time_elapsed":353423,"subject_id":"77167"},{"rt":2484,"stimulus":80,"slider_start":100,"sprites":"marbles","response":86,"absDeviation":35,"callibration":"test","block":4,"seed":80,"numerosity":121,"matchType":"unpaired","which":"first","trial_type":"numerosity-estimation","trial_index":94,"time_elapsed":355911,"subject_id":"77167"},{"rt":1519,"stimulus":"<p> For the last block of trials, the average deviation of your guesses from correct answers was 15.</p>\n     <p>The smaller the deviation the better.  Your deviation was <b> VERY good</b>.</p><br>\n       <p>Press any key to continue to the next block of trials</p>","response":" ","trial_type":"html-keyboard-response","trial_index":95,"time_elapsed":357432,"subject_id":"77167"},{"rt":2890,"stimulus":81,"slider_start":100,"sprites":"mints","response":111,"absDeviation":10,"callibration":"test","block":5,"seed":81,"numerosity":121,"matchType":"paired","which":"first","trial_type":"numerosity-estimation","trial_index":96,"time_elapsed":360326,"subject_id":"77167"},{"rt":2079,"stimulus":81,"slider_start":100,"sprites":"mints","response":123,"absDeviation":2,"callibration":"test","block":5,"seed":81,"numerosity":121,"matchType":"paired","which":"second","trial_type":"numerosity-estimation","trial_index":97,"time_elapsed":362410,"subject_id":"77167"},{"rt":2042,"stimulus":83,"slider_start":100,"sprites":"buttons","response":96,"absDeviation":25,"callibration":"test","block":5,"seed":83,"numerosity":121,"matchType":"unpaired","which":"first","trial_type":"numerosity-estimation","trial_index":98,"time_elapsed":364456,"subject_id":"77167"},{"rt":2450,"stimulus":84,"slider_start":100,"sprites":"animalCrackers","response":71,"absDeviation":21,"callibration":"test","block":5,"seed":84,"numerosity":50,"matchType":"unpaired","which":"first","trial_type":"numerosity-estimation","trial_index":99,"time_elapsed":366911,"subject_id":"77167"},{"rt":2095,"stimulus":85,"slider_start":100,"sprites":"letters","response":53,"absDeviation":11,"callibration":"test","block":5,"seed":85,"numerosity":64,"matchType":"paired","which":"first","trial_type":"numerosity-estimation","trial_index":100,"time_elapsed":369012,"subject_id":"77167"},{"rt":2667,"stimulus":85,"slider_start":100,"sprites":"letters","response":60,"absDeviation":4,"callibration":"test","block":5,"seed":85,"numerosity":64,"matchType":"paired","which":"second","trial_type":"numerosity-estimation","trial_index":101,"time_elapsed":371684,"subject_id":"77167"},{"rt":2307,"stimulus":87,"slider_start":100,"sprites":"hearts","response":58,"absDeviation":8,"callibration":"test","block":5,"seed":87,"numerosity":50,"matchType":"unpaired","which":"first","trial_type":"numerosity-estimation","trial_index":102,"time_elapsed":373996,"subject_id":"77167"},{"rt":2152,"stimulus":88,"slider_start":100,"sprites":"crackers","response":108,"absDeviation":27,"callibration":"test","block":5,"seed":88,"numerosity":135,"matchType":"unpaired","which":"first","trial_type":"numerosity-estimation","trial_index":103,"time_elapsed":376153,"subject_id":"77167"},{"rt":4628,"stimulus":89,"slider_start":100,"sprites":"bears","response":41,"absDeviation":9,"callibration":"test","block":5,"seed":89,"numerosity":50,"matchType":"paired","which":"first","trial_type":"numerosity-estimation","trial_index":104,"time_elapsed":380786,"subject_id":"77167"},{"rt":3227,"stimulus":89,"slider_start":100,"sprites":"bears","response":53,"absDeviation":3,"callibration":"test","block":5,"seed":89,"numerosity":50,"matchType":"paired","which":"second","trial_type":"numerosity-estimation","trial_index":105,"time_elapsed":384017,"subject_id":"77167"},{"rt":3936,"stimulus":91,"slider_start":100,"sprites":"jellyBeans","response":116,"absDeviation":24,"callibration":"test","block":5,"seed":91,"numerosity":92,"matchType":"unpaired","which":"first","trial_type":"numerosity-estimation","trial_index":106,"time_elapsed":387958,"subject_id":"77167"},{"rt":3323,"stimulus":92,"slider_start":100,"sprites":"marbles","response":108,"absDeviation":13,"callibration":"test","block":5,"seed":92,"numerosity":121,"matchType":"unpaired","which":"first","trial_type":"numerosity-estimation","trial_index":107,"time_elapsed":391285,"subject_id":"77167"},{"rt":2702,"stimulus":93,"slider_start":100,"sprites":"mints","response":116,"absDeviation":38,"callibration":"test","block":5,"seed":93,"numerosity":78,"matchType":"paired","which":"first","trial_type":"numerosity-estimation","trial_index":108,"time_elapsed":393992,"subject_id":"77167"},{"rt":2679,"stimulus":93,"slider_start":100,"sprites":"mints","response":108,"absDeviation":30,"callibration":"test","block":5,"seed":93,"numerosity":78,"matchType":"paired","which":"second","trial_type":"numerosity-estimation","trial_index":109,"time_elapsed":396676,"subject_id":"77167"},{"rt":2253,"stimulus":95,"slider_start":100,"sprites":"buttons","response":85,"absDeviation":21,"callibration":"test","block":5,"seed":95,"numerosity":64,"matchType":"unpaired","which":"first","trial_type":"numerosity-estimation","trial_index":110,"time_elapsed":398935,"subject_id":"77167"},{"rt":3017,"stimulus":96,"slider_start":100,"sprites":"animalCrackers","response":109,"absDeviation":17,"callibration":"test","block":5,"seed":96,"numerosity":92,"matchType":"unpaired","which":"first","trial_type":"numerosity-estimation","trial_index":111,"time_elapsed":401957,"subject_id":"77167"},{"rt":7447,"stimulus":"<p> For the last block of trials, the average deviation of your guesses from correct answers was 16.</p>\n     <p>The smaller the deviation the better.  Your deviation was <b> VERY good</b>.</p><br>\n       <p>Press any key to continue to the next block of trials</p>","response":" ","trial_type":"html-keyboard-response","trial_index":112,"time_elapsed":409403,"subject_id":"77167"},{"rt":3369,"stimulus":2,"slider_start":100,"sprites":"butterflies","response":108,"absDeviation":27,"callibration":"test","block":6,"seed":2,"numerosity":135,"matchType":"paired","which":"first","trial_type":"numerosity-estimation","trial_index":113,"time_elapsed":412776,"subject_id":"77167"},{"rt":2931,"stimulus":2,"slider_start":100,"sprites":"butterflies","response":112,"absDeviation":23,"callibration":"test","block":6,"seed":2,"numerosity":135,"matchType":"paired","which":"second","trial_type":"numerosity-estimation","trial_index":114,"time_elapsed":415713,"subject_id":"77167"},{"rt":2007,"stimulus":3,"slider_start":100,"sprites":"hearts","response":61,"absDeviation":11,"callibration":"test","block":6,"seed":3,"numerosity":50,"matchType":"unpaired","which":"second","trial_type":"numerosity-estimation","trial_index":115,"time_elapsed":417725,"subject_id":"77167"},{"rt":3431,"stimulus":4,"slider_start":100,"sprites":"crackers","response":83,"absDeviation":24,"callibration":"test","block":6,"seed":4,"numerosity":107,"matchType":"unpaired","which":"second","trial_type":"numerosity-estimation","trial_index":116,"time_elapsed":421161,"subject_id":"77167"},{"rt":2336,"stimulus":6,"slider_start":100,"sprites":"fruits","response":81,"absDeviation":3,"callibration":"test","block":6,"seed":6,"numerosity":78,"matchType":"paired","which":"first","trial_type":"numerosity-estimation","trial_index":117,"time_elapsed":423502,"subject_id":"77167"},{"rt":2644,"stimulus":6,"slider_start":100,"sprites":"fruits","response":76,"absDeviation":2,"callibration":"test","block":6,"seed":6,"numerosity":78,"matchType":"paired","which":"second","trial_type":"numerosity-estimation","trial_index":118,"time_elapsed":426151,"subject_id":"77167"},{"rt":2624,"stimulus":7,"slider_start":100,"sprites":"jellyBeans","response":50,"absDeviation":0,"callibration":"test","block":6,"seed":7,"numerosity":50,"matchType":"unpaired","which":"second","trial_type":"numerosity-estimation","trial_index":119,"time_elapsed":428781,"subject_id":"77167"},{"rt":2272,"stimulus":8,"slider_start":100,"sprites":"marbles","response":83,"absDeviation":9,"callibration":"test","block":6,"seed":8,"numerosity":92,"matchType":"unpaired","which":"second","trial_type":"numerosity-estimation","trial_index":120,"time_elapsed":431058,"subject_id":"77167"},{"rt":3191,"stimulus":10,"slider_start":100,"sprites":"rocks","response":66,"absDeviation":16,"callibration":"test","block":6,"seed":10,"numerosity":50,"matchType":"paired","which":"first","trial_type":"numerosity-estimation","trial_index":121,"time_elapsed":434253,"subject_id":"77167"},{"rt":2539,"stimulus":10,"slider_start":100,"sprites":"rocks","response":54,"absDeviation":4,"callibration":"test","block":6,"seed":10,"numerosity":50,"matchType":"paired","which":"second","trial_type":"numerosity-estimation","trial_index":122,"time_elapsed":436797,"subject_id":"77167"},{"rt":2497,"stimulus":11,"slider_start":100,"sprites":"buttons","response":110,"absDeviation":3,"callibration":"test","block":6,"seed":11,"numerosity":107,"matchType":"unpaired","which":"second","trial_type":"numerosity-estimation","trial_index":123,"time_elapsed":439298,"subject_id":"77167"},{"rt":2203,"stimulus":12,"slider_start":100,"sprites":"animalCrackers","response":110,"absDeviation":18,"callibration":"test","block":6,"seed":12,"numerosity":92,"matchType":"unpaired","which":"second","trial_type":"numerosity-estimation","trial_index":124,"time_elapsed":441506,"subject_id":"77167"},{"rt":2708,"stimulus":14,"slider_start":100,"sprites":"butterflies","response":109,"absDeviation":41,"callibration":"test","block":6,"seed":14,"numerosity":150,"matchType":"paired","which":"first","trial_type":"numerosity-estimation","trial_index":125,"time_elapsed":444219,"subject_id":"77167"},{"rt":1949,"stimulus":14,"slider_start":100,"sprites":"butterflies","response":110,"absDeviation":40,"callibration":"test","block":6,"seed":14,"numerosity":150,"matchType":"paired","which":"second","trial_type":"numerosity-estimation","trial_index":126,"time_elapsed":446173,"subject_id":"77167"},{"rt":3646,"stimulus":15,"slider_start":100,"sprites":"hearts","response":113,"absDeviation":8,"callibration":"test","block":6,"seed":15,"numerosity":121,"matchType":"unpaired","which":"second","trial_type":"numerosity-estimation","trial_index":127,"time_elapsed":449824,"subject_id":"77167"},{"rt":2526,"stimulus":16,"slider_start":100,"sprites":"crackers","response":86,"absDeviation":22,"callibration":"test","block":6,"seed":16,"numerosity":64,"matchType":"unpaired","which":"second","trial_type":"numerosity-estimation","trial_index":128,"time_elapsed":452355,"subject_id":"77167"},{"rt":910,"stimulus":"<p> For the last block of trials, the average deviation of your guesses from correct answers was 16.</p>\n     <p>The smaller the deviation the better.  Your deviation was <b> VERY good</b>.</p><br>\n       <p>Press any key to continue to the next block of trials</p>","response":" ","trial_type":"html-keyboard-response","trial_index":129,"time_elapsed":453268,"subject_id":"77167"},{"rt":3384,"stimulus":18,"slider_start":100,"sprites":"fruits","response":105,"absDeviation":2,"callibration":"test","block":7,"seed":18,"numerosity":107,"matchType":"paired","which":"first","trial_type":"numerosity-estimation","trial_index":130,"time_elapsed":456656,"subject_id":"77167"},{"rt":2933,"stimulus":18,"slider_start":100,"sprites":"fruits","response":106,"absDeviation":1,"callibration":"test","block":7,"seed":18,"numerosity":107,"matchType":"paired","which":"second","trial_type":"numerosity-estimation","trial_index":131,"time_elapsed":459594,"subject_id":"77167"},{"rt":2238,"stimulus":19,"slider_start":100,"sprites":"jellyBeans","response":111,"absDeviation":24,"callibration":"test","block":7,"seed":19,"numerosity":135,"matchType":"unpaired","which":"second","trial_type":"numerosity-estimation","trial_index":132,"time_elapsed":461837,"subject_id":"77167"},{"rt":2753,"stimulus":20,"slider_start":100,"sprites":"marbles","response":82,"absDeviation":4,"callibration":"test","block":7,"seed":20,"numerosity":78,"matchType":"unpaired","which":"second","trial_type":"numerosity-estimation","trial_index":133,"time_elapsed":464600,"subject_id":"77167"},{"rt":2214,"stimulus":22,"slider_start":100,"sprites":"rocks","response":105,"absDeviation":13,"callibration":"test","block":7,"seed":22,"numerosity":92,"matchType":"paired","which":"first","trial_type":"numerosity-estimation","trial_index":134,"time_elapsed":466819,"subject_id":"77167"},{"rt":2682,"stimulus":22,"slider_start":100,"sprites":"rocks","response":97,"absDeviation":5,"callibration":"test","block":7,"seed":22,"numerosity":92,"matchType":"paired","which":"second","trial_type":"numerosity-estimation","trial_index":135,"time_elapsed":469506,"subject_id":"77167"},{"rt":2568,"stimulus":23,"slider_start":100,"sprites":"buttons","response":115,"absDeviation":35,"callibration":"test","block":7,"seed":23,"numerosity":150,"matchType":"unpaired","which":"second","trial_type":"numerosity-estimation","trial_index":136,"time_elapsed":472079,"subject_id":"77167"},{"rt":2068,"stimulus":24,"slider_start":100,"sprites":"animalCrackers","response":115,"absDeviation":8,"callibration":"test","block":7,"seed":24,"numerosity":107,"matchType":"unpaired","which":"second","trial_type":"numerosity-estimation","trial_index":137,"time_elapsed":474152,"subject_id":"77167"},{"rt":3699,"stimulus":26,"slider_start":100,"sprites":"butterflies","response":108,"absDeviation":16,"callibration":"test","block":7,"seed":26,"numerosity":92,"matchType":"paired","which":"first","trial_type":"numerosity-estimation","trial_index":138,"time_elapsed":477855,"subject_id":"77167"},{"rt":4022,"stimulus":26,"slider_start":100,"sprites":"butterflies","response":78,"absDeviation":14,"callibration":"test","block":7,"seed":26,"numerosity":92,"matchType":"paired","which":"second","trial_type":"numerosity-estimation","trial_index":139,"time_elapsed":481879,"subject_id":"77167"},{"rt":1924,"stimulus":27,"slider_start":100,"sprites":"hearts","response":111,"absDeviation":10,"callibration":"test","block":7,"seed":27,"numerosity":121,"matchType":"unpaired","which":"second","trial_type":"numerosity-estimation","trial_index":140,"time_elapsed":483809,"subject_id":"77167"},{"rt":4228,"stimulus":28,"slider_start":100,"sprites":"crackers","response":132,"absDeviation":18,"callibration":"test","block":7,"seed":28,"numerosity":150,"matchType":"unpaired","which":"second","trial_type":"numerosity-estimation","trial_index":141,"time_elapsed":488042,"subject_id":"77167"},{"rt":2029,"stimulus":30,"slider_start":100,"sprites":"fruits","response":121,"absDeviation":14,"callibration":"test","block":7,"seed":30,"numerosity":107,"matchType":"paired","which":"first","trial_type":"numerosity-estimation","trial_index":142,"time_elapsed":490076,"subject_id":"77167"},{"rt":2122,"stimulus":30,"slider_start":100,"sprites":"fruits","response":114,"absDeviation":7,"callibration":"test","block":7,"seed":30,"numerosity":107,"matchType":"paired","which":"second","trial_type":"numerosity-estimation","trial_index":143,"time_elapsed":492203,"subject_id":"77167"},{"rt":2349,"stimulus":31,"slider_start":100,"sprites":"jellyBeans","response":117,"absDeviation":33,"callibration":"test","block":7,"seed":31,"numerosity":150,"matchType":"unpaired","which":"second","trial_type":"numerosity-estimation","trial_index":144,"time_elapsed":494557,"subject_id":"77167"},{"rt":2934,"stimulus":32,"slider_start":100,"sprites":"marbles","response":113,"absDeviation":22,"callibration":"test","block":7,"seed":32,"numerosity":135,"matchType":"unpaired","which":"second","trial_type":"numerosity-estimation","trial_index":145,"time_elapsed":497498,"subject_id":"77167"},{"rt":844,"stimulus":"<p> For the last block of trials, the average deviation of your guesses from correct answers was 14.</p>\n     <p>The smaller the deviation the better.  Your deviation was <b> AMAZINGLY good</b>.</p><br>\n       <p>Press any key to continue to the next block of trials</p>","response":" ","trial_type":"html-keyboard-response","trial_index":146,"time_elapsed":498345,"subject_id":"77167"},{"rt":2540,"stimulus":34,"slider_start":100,"sprites":"rocks","response":66,"absDeviation":16,"callibration":"test","block":8,"seed":34,"numerosity":50,"matchType":"paired","which":"first","trial_type":"numerosity-estimation","trial_index":147,"time_elapsed":500889,"subject_id":"77167"},{"rt":2012,"stimulus":34,"slider_start":100,"sprites":"rocks","response":74,"absDeviation":24,"callibration":"test","block":8,"seed":34,"numerosity":50,"matchType":"paired","which":"second","trial_type":"numerosity-estimation","trial_index":148,"time_elapsed":502907,"subject_id":"77167"},{"rt":2063,"stimulus":35,"slider_start":100,"sprites":"buttons","response":113,"absDeviation":35,"callibration":"test","block":8,"seed":35,"numerosity":78,"matchType":"unpaired","which":"second","trial_type":"numerosity-estimation","trial_index":149,"time_elapsed":504975,"subject_id":"77167"},{"rt":2139,"stimulus":36,"slider_start":100,"sprites":"animalCrackers","response":61,"absDeviation":11,"callibration":"test","block":8,"seed":36,"numerosity":50,"matchType":"unpaired","which":"second","trial_type":"numerosity-estimation","trial_index":150,"time_elapsed":507118,"subject_id":"77167"},{"rt":2220,"stimulus":38,"slider_start":100,"sprites":"butterflies","response":94,"absDeviation":16,"callibration":"test","block":8,"seed":38,"numerosity":78,"matchType":"paired","which":"first","trial_type":"numerosity-estimation","trial_index":151,"time_elapsed":509342,"subject_id":"77167"},{"rt":2596,"stimulus":38,"slider_start":100,"sprites":"butterflies","response":85,"absDeviation":7,"callibration":"test","block":8,"seed":38,"numerosity":78,"matchType":"paired","which":"second","trial_type":"numerosity-estimation","trial_index":152,"time_elapsed":511944,"subject_id":"77167"},{"rt":2138,"stimulus":39,"slider_start":100,"sprites":"hearts","response":84,"absDeviation":6,"callibration":"test","block":8,"seed":39,"numerosity":78,"matchType":"unpaired","which":"second","trial_type":"numerosity-estimation","trial_index":153,"time_elapsed":514087,"subject_id":"77167"},{"rt":2090,"stimulus":40,"slider_start":100,"sprites":"crackers","response":89,"absDeviation":32,"callibration":"test","block":8,"seed":40,"numerosity":121,"matchType":"unpaired","which":"second","trial_type":"numerosity-estimation","trial_index":154,"time_elapsed":516182,"subject_id":"77167"},{"rt":4037,"stimulus":42,"slider_start":100,"sprites":"fruits","response":93,"absDeviation":15,"callibration":"test","block":8,"seed":42,"numerosity":78,"matchType":"paired","which":"first","trial_type":"numerosity-estimation","trial_index":155,"time_elapsed":520224,"subject_id":"77167"},{"rt":2145,"stimulus":42,"slider_start":100,"sprites":"fruits","response":88,"absDeviation":10,"callibration":"test","block":8,"seed":42,"numerosity":78,"matchType":"paired","which":"second","trial_type":"numerosity-estimation","trial_index":156,"time_elapsed":522372,"subject_id":"77167"},{"rt":1870,"stimulus":43,"slider_start":100,"sprites":"jellyBeans","response":71,"absDeviation":7,"callibration":"test","block":8,"seed":43,"numerosity":64,"matchType":"unpaired","which":"second","trial_type":"numerosity-estimation","trial_index":157,"time_elapsed":524248,"subject_id":"77167"},{"rt":2039,"stimulus":44,"slider_start":100,"sprites":"marbles","response":90,"absDeviation":31,"callibration":"test","block":8,"seed":44,"numerosity":121,"matchType":"unpaired","which":"second","trial_type":"numerosity-estimation","trial_index":158,"time_elapsed":526291,"subject_id":"77167"},{"rt":1834,"stimulus":46,"slider_start":100,"sprites":"rocks","response":117,"absDeviation":10,"callibration":"test","block":8,"seed":46,"numerosity":107,"matchType":"paired","which":"first","trial_type":"numerosity-estimation","trial_index":159,"time_elapsed":528130,"subject_id":"77167"},{"rt":2189,"stimulus":46,"slider_start":100,"sprites":"rocks","response":112,"absDeviation":5,"callibration":"test","block":8,"seed":46,"numerosity":107,"matchType":"paired","which":"second","trial_type":"numerosity-estimation","trial_index":160,"time_elapsed":530325,"subject_id":"77167"},{"rt":2276,"stimulus":47,"slider_start":100,"sprites":"buttons","response":85,"absDeviation":36,"callibration":"test","block":8,"seed":47,"numerosity":121,"matchType":"unpaired","which":"second","trial_type":"numerosity-estimation","trial_index":161,"time_elapsed":532607,"subject_id":"77167"},{"rt":1627,"stimulus":48,"slider_start":100,"sprites":"animalCrackers","response":122,"absDeviation":13,"callibration":"test","block":8,"seed":48,"numerosity":135,"matchType":"unpaired","which":"second","trial_type":"numerosity-estimation","trial_index":162,"time_elapsed":534238,"subject_id":"77167"},{"rt":1375,"stimulus":"<p> For the last block of trials, the average deviation of your guesses from correct answers was 17.</p>\n     <p>The smaller the deviation the better.  Your deviation was <b> VERY good</b>.</p><br>\n       <p>Press any key to continue to the next block of trials</p>","response":" ","trial_type":"html-keyboard-response","trial_index":163,"time_elapsed":535615,"subject_id":"77167"},{"rt":3463,"stimulus":50,"slider_start":100,"sprites":"butterflies","response":73,"absDeviation":77,"callibration":"test","block":9,"seed":50,"numerosity":150,"matchType":"paired","which":"first","trial_type":"numerosity-estimation","trial_index":164,"time_elapsed":539082,"subject_id":"77167"},{"rt":2161,"stimulus":50,"slider_start":100,"sprites":"butterflies","response":75,"absDeviation":75,"callibration":"test","block":9,"seed":50,"numerosity":150,"matchType":"paired","which":"second","trial_type":"numerosity-estimation","trial_index":165,"time_elapsed":541248,"subject_id":"77167"},{"rt":3371,"stimulus":51,"slider_start":100,"sprites":"hearts","response":94,"absDeviation":56,"callibration":"test","block":9,"seed":51,"numerosity":150,"matchType":"unpaired","which":"second","trial_type":"numerosity-estimation","trial_index":166,"time_elapsed":544624,"subject_id":"77167"},{"rt":1724,"stimulus":52,"slider_start":100,"sprites":"crackers","response":82,"absDeviation":4,"callibration":"test","block":9,"seed":52,"numerosity":78,"matchType":"unpaired","which":"second","trial_type":"numerosity-estimation","trial_index":167,"time_elapsed":546353,"subject_id":"77167"},{"rt":1903,"stimulus":54,"slider_start":100,"sprites":"fruits","response":90,"absDeviation":2,"callibration":"test","block":9,"seed":54,"numerosity":92,"matchType":"paired","which":"first","trial_type":"numerosity-estimation","trial_index":168,"time_elapsed":548262,"subject_id":"77167"},{"rt":2672,"stimulus":54,"slider_start":100,"sprites":"fruits","response":81,"absDeviation":11,"callibration":"test","block":9,"seed":54,"numerosity":92,"matchType":"paired","which":"second","trial_type":"numerosity-estimation","trial_index":169,"time_elapsed":550939,"subject_id":"77167"},{"rt":3130,"stimulus":55,"slider_start":100,"sprites":"jellyBeans","response":84,"absDeviation":37,"callibration":"test","block":9,"seed":55,"numerosity":121,"matchType":"unpaired","which":"second","trial_type":"numerosity-estimation","trial_index":170,"time_elapsed":554074,"subject_id":"77167"},{"rt":2037,"stimulus":56,"slider_start":100,"sprites":"marbles","response":66,"absDeviation":2,"callibration":"test","block":9,"seed":56,"numerosity":64,"matchType":"unpaired","which":"second","trial_type":"numerosity-estimation","trial_index":171,"time_elapsed":556115,"subject_id":"77167"},{"rt":2194,"stimulus":58,"slider_start":100,"sprites":"rocks","response":95,"absDeviation":26,"callibration":"test","block":9,"seed":58,"numerosity":121,"matchType":"paired","which":"first","trial_type":"numerosity-estimation","trial_index":172,"time_elapsed":558313,"subject_id":"77167"},{"rt":3408,"stimulus":58,"slider_start":100,"sprites":"rocks","response":92,"absDeviation":29,"callibration":"test","block":9,"seed":58,"numerosity":121,"matchType":"paired","which":"second","trial_type":"numerosity-estimation","trial_index":173,"time_elapsed":561726,"subject_id":"77167"},{"rt":2759,"stimulus":59,"slider_start":100,"sprites":"buttons","response":111,"absDeviation":24,"callibration":"test","block":9,"seed":59,"numerosity":135,"matchType":"unpaired","which":"second","trial_type":"numerosity-estimation","trial_index":174,"time_elapsed":564491,"subject_id":"77167"},{"rt":2592,"stimulus":60,"slider_start":100,"sprites":"animalCrackers","response":109,"absDeviation":41,"callibration":"test","block":9,"seed":60,"numerosity":150,"matchType":"unpaired","which":"second","trial_type":"numerosity-estimation","trial_index":175,"time_elapsed":567089,"subject_id":"77167"},{"rt":2058,"stimulus":62,"slider_start":100,"sprites":"butterflies","response":86,"absDeviation":49,"callibration":"test","block":9,"seed":62,"numerosity":135,"matchType":"paired","which":"first","trial_type":"numerosity-estimation","trial_index":176,"time_elapsed":569152,"subject_id":"77167"},{"rt":1865,"stimulus":62,"slider_start":100,"sprites":"butterflies","response":87,"absDeviation":48,"callibration":"test","block":9,"seed":62,"numerosity":135,"matchType":"paired","which":"second","trial_type":"numerosity-estimation","trial_index":177,"time_elapsed":571021,"subject_id":"77167"},{"rt":1878,"stimulus":63,"slider_start":100,"sprites":"hearts","response":71,"absDeviation":7,"callibration":"test","block":9,"seed":63,"numerosity":64,"matchType":"unpaired","which":"second","trial_type":"numerosity-estimation","trial_index":178,"time_elapsed":572905,"subject_id":"77167"},{"rt":2180,"stimulus":64,"slider_start":100,"sprites":"crackers","response":111,"absDeviation":24,"callibration":"test","block":9,"seed":64,"numerosity":135,"matchType":"unpaired","which":"second","trial_type":"numerosity-estimation","trial_index":179,"time_elapsed":575088,"subject_id":"77167"},{"rt":1403,"stimulus":"<p> For the last block of trials, the average deviation of your guesses from correct answers was 32.</p>\n     <p>The smaller the deviation the better.  Your deviation was <b> good</b>.</p><br>\n       <p>Press any key to continue to the next block of trials</p>","response":" ","trial_type":"html-keyboard-response","trial_index":180,"time_elapsed":576494,"subject_id":"77167"},{"rt":2294,"stimulus":66,"slider_start":100,"sprites":"fruits","response":85,"absDeviation":21,"callibration":"test","block":10,"seed":66,"numerosity":64,"matchType":"paired","which":"first","trial_type":"numerosity-estimation","trial_index":181,"time_elapsed":578792,"subject_id":"77167"},{"rt":2129,"stimulus":66,"slider_start":100,"sprites":"fruits","response":83,"absDeviation":19,"callibration":"test","block":10,"seed":66,"numerosity":64,"matchType":"paired","which":"second","trial_type":"numerosity-estimation","trial_index":182,"time_elapsed":580926,"subject_id":"77167"},{"rt":3501,"stimulus":67,"slider_start":100,"sprites":"jellyBeans","response":110,"absDeviation":3,"callibration":"test","block":10,"seed":67,"numerosity":107,"matchType":"unpaired","which":"second","trial_type":"numerosity-estimation","trial_index":183,"time_elapsed":584435,"subject_id":"77167"},{"rt":2896,"stimulus":68,"slider_start":100,"sprites":"marbles","response":109,"absDeviation":41,"callibration":"test","block":10,"seed":68,"numerosity":150,"matchType":"unpaired","which":"second","trial_type":"numerosity-estimation","trial_index":184,"time_elapsed":587336,"subject_id":"77167"},{"rt":2570,"stimulus":70,"slider_start":100,"sprites":"rocks","response":87,"absDeviation":5,"callibration":"test","block":10,"seed":70,"numerosity":92,"matchType":"paired","which":"first","trial_type":"numerosity-estimation","trial_index":185,"time_elapsed":589911,"subject_id":"77167"},{"rt":1907,"stimulus":70,"slider_start":100,"sprites":"rocks","response":110,"absDeviation":18,"callibration":"test","block":10,"seed":70,"numerosity":92,"matchType":"paired","which":"second","trial_type":"numerosity-estimation","trial_index":186,"time_elapsed":591823,"subject_id":"77167"},{"rt":2474,"stimulus":71,"slider_start":100,"sprites":"buttons","response":114,"absDeviation":7,"callibration":"test","block":10,"seed":71,"numerosity":107,"matchType":"unpaired","which":"second","trial_type":"numerosity-estimation","trial_index":187,"time_elapsed":594302,"subject_id":"77167"},{"rt":3394,"stimulus":72,"slider_start":100,"sprites":"animalCrackers","response":79,"absDeviation":29,"callibration":"test","block":10,"seed":72,"numerosity":50,"matchType":"unpaired","which":"second","trial_type":"numerosity-estimation","trial_index":188,"time_elapsed":597701,"subject_id":"77167"},{"rt":3824,"stimulus":74,"slider_start":100,"sprites":"butterflies","response":90,"absDeviation":26,"callibration":"test","block":10,"seed":74,"numerosity":64,"matchType":"paired","which":"first","trial_type":"numerosity-estimation","trial_index":189,"time_elapsed":601530,"subject_id":"77167"},{"rt":2383,"stimulus":74,"slider_start":100,"sprites":"butterflies","response":90,"absDeviation":26,"callibration":"test","block":10,"seed":74,"numerosity":64,"matchType":"paired","which":"second","trial_type":"numerosity-estimation","trial_index":190,"time_elapsed":603918,"subject_id":"77167"},{"rt":1777,"stimulus":75,"slider_start":100,"sprites":"hearts","response":109,"absDeviation":17,"callibration":"test","block":10,"seed":75,"numerosity":92,"matchType":"unpaired","which":"second","trial_type":"numerosity-estimation","trial_index":191,"time_elapsed":605700,"subject_id":"77167"},{"rt":3377,"stimulus":76,"slider_start":100,"sprites":"crackers","response":82,"absDeviation":18,"callibration":"test","block":10,"seed":76,"numerosity":64,"matchType":"unpaired","which":"second","trial_type":"numerosity-estimation","trial_index":192,"time_elapsed":609082,"subject_id":"77167"},{"rt":2933,"stimulus":78,"slider_start":100,"sprites":"fruits","response":86,"absDeviation":22,"callibration":"test","block":10,"seed":78,"numerosity":64,"matchType":"paired","which":"first","trial_type":"numerosity-estimation","trial_index":193,"time_elapsed":612020,"subject_id":"77167"},{"rt":2139,"stimulus":78,"slider_start":100,"sprites":"fruits","response":96,"absDeviation":32,"callibration":"test","block":10,"seed":78,"numerosity":64,"matchType":"paired","which":"second","trial_type":"numerosity-estimation","trial_index":194,"time_elapsed":614164,"subject_id":"77167"},{"rt":4061,"stimulus":79,"slider_start":100,"sprites":"jellyBeans","response":60,"absDeviation":10,"callibration":"test","block":10,"seed":79,"numerosity":50,"matchType":"unpaired","which":"second","trial_type":"numerosity-estimation","trial_index":195,"time_elapsed":618231,"subject_id":"77167"},{"rt":3771,"stimulus":80,"slider_start":100,"sprites":"marbles","response":81,"absDeviation":40,"callibration":"test","block":10,"seed":80,"numerosity":121,"matchType":"unpaired","which":"second","trial_type":"numerosity-estimation","trial_index":196,"time_elapsed":622006,"subject_id":"77167"},{"rt":2298,"stimulus":"<p> For the last block of trials, the average deviation of your guesses from correct answers was 21.</p>\n     <p>The smaller the deviation the better.  Your deviation was <b> VERY good</b>.</p><br>\n       <p>Press any key to continue to the next block of trials</p>","response":" ","trial_type":"html-keyboard-response","trial_index":197,"time_elapsed":624307,"subject_id":"77167"},{"rt":2771,"stimulus":82,"slider_start":100,"sprites":"rocks","response":87,"absDeviation":23,"callibration":"test","block":11,"seed":82,"numerosity":64,"matchType":"paired","which":"first","trial_type":"numerosity-estimation","trial_index":198,"time_elapsed":627082,"subject_id":"77167"},{"rt":1972,"stimulus":82,"slider_start":100,"sprites":"rocks","response":87,"absDeviation":23,"callibration":"test","block":11,"seed":82,"numerosity":64,"matchType":"paired","which":"second","trial_type":"numerosity-estimation","trial_index":199,"time_elapsed":629059,"subject_id":"77167"},{"rt":1922,"stimulus":83,"slider_start":100,"sprites":"buttons","response":116,"absDeviation":5,"callibration":"test","block":11,"seed":83,"numerosity":121,"matchType":"unpaired","which":"second","trial_type":"numerosity-estimation","trial_index":200,"time_elapsed":630985,"subject_id":"77167"},{"rt":2699,"stimulus":84,"slider_start":100,"sprites":"animalCrackers","response":77,"absDeviation":27,"callibration":"test","block":11,"seed":84,"numerosity":50,"matchType":"unpaired","which":"second","trial_type":"numerosity-estimation","trial_index":201,"time_elapsed":633688,"subject_id":"77167"},{"rt":4468,"stimulus":86,"slider_start":100,"sprites":"butterflies","response":84,"absDeviation":37,"callibration":"test","block":11,"seed":86,"numerosity":121,"matchType":"paired","which":"first","trial_type":"numerosity-estimation","trial_index":202,"time_elapsed":638160,"subject_id":"77167"},{"rt":1714,"stimulus":86,"slider_start":100,"sprites":"butterflies","response":83,"absDeviation":38,"callibration":"test","block":11,"seed":86,"numerosity":121,"matchType":"paired","which":"second","trial_type":"numerosity-estimation","trial_index":203,"time_elapsed":639879,"subject_id":"77167"},{"rt":3407,"stimulus":87,"slider_start":100,"sprites":"hearts","response":53,"absDeviation":3,"callibration":"test","block":11,"seed":87,"numerosity":50,"matchType":"unpaired","which":"second","trial_type":"numerosity-estimation","trial_index":204,"time_elapsed":643291,"subject_id":"77167"},{"rt":2310,"stimulus":88,"slider_start":100,"sprites":"crackers","response":124,"absDeviation":11,"callibration":"test","block":11,"seed":88,"numerosity":135,"matchType":"unpaired","which":"second","trial_type":"numerosity-estimation","trial_index":205,"time_elapsed":645606,"subject_id":"77167"},{"rt":2458,"stimulus":90,"slider_start":100,"sprites":"fruits","response":117,"absDeviation":33,"callibration":"test","block":11,"seed":90,"numerosity":150,"matchType":"paired","which":"first","trial_type":"numerosity-estimation","trial_index":206,"time_elapsed":648069,"subject_id":"77167"},{"rt":1870,"stimulus":90,"slider_start":100,"sprites":"fruits","response":123,"absDeviation":27,"callibration":"test","block":11,"seed":90,"numerosity":150,"matchType":"paired","which":"second","trial_type":"numerosity-estimation","trial_index":207,"time_elapsed":649944,"subject_id":"77167"},{"rt":2180,"stimulus":91,"slider_start":100,"sprites":"jellyBeans","response":96,"absDeviation":4,"callibration":"test","block":11,"seed":91,"numerosity":92,"matchType":"unpaired","which":"second","trial_type":"numerosity-estimation","trial_index":208,"time_elapsed":652130,"subject_id":"77167"},{"rt":1960,"stimulus":92,"slider_start":100,"sprites":"marbles","response":95,"absDeviation":26,"callibration":"test","block":11,"seed":92,"numerosity":121,"matchType":"unpaired","which":"second","trial_type":"numerosity-estimation","trial_index":209,"time_elapsed":654095,"subject_id":"77167"},{"rt":1974,"stimulus":94,"slider_start":100,"sprites":"rocks","response":110,"absDeviation":32,"callibration":"test","block":11,"seed":94,"numerosity":78,"matchType":"paired","which":"first","trial_type":"numerosity-estimation","trial_index":210,"time_elapsed":656072,"subject_id":"77167"},{"rt":1946,"stimulus":94,"slider_start":100,"sprites":"rocks","response":106,"absDeviation":28,"callibration":"test","block":11,"seed":94,"numerosity":78,"matchType":"paired","which":"second","trial_type":"numerosity-estimation","trial_index":211,"time_elapsed":658024,"subject_id":"77167"},{"rt":2057,"stimulus":95,"slider_start":100,"sprites":"buttons","response":84,"absDeviation":20,"callibration":"test","block":11,"seed":95,"numerosity":64,"matchType":"unpaired","which":"second","trial_type":"numerosity-estimation","trial_index":212,"time_elapsed":660085,"subject_id":"77167"},{"rt":2677,"stimulus":96,"slider_start":100,"sprites":"animalCrackers","response":115,"absDeviation":23,"callibration":"test","block":11,"seed":96,"numerosity":92,"matchType":"unpaired","which":"second","trial_type":"numerosity-estimation","trial_index":213,"time_elapsed":662767,"subject_id":"77167"},{"rt":1289,"stimulus":"<p> For the last block of trials, the average deviation of your guesses from correct answers was 23.</p>\n     <p>The smaller the deviation the better.  Your deviation was <b> VERY good</b>.</p><br>\n       <p>Press any key to continue to the next block of trials</p>","response":" ","trial_type":"html-keyboard-response","trial_index":214,"time_elapsed":664059,"subject_id":"77167"},{"rt":6683,"response":{"averageEstimates":"When the two displays occured back-to-back, in immediate succession.","firstOrSecond":"The first time the objects were shown"},"question_order":[0,1],"trial_type":"survey-multi-choice","trial_index":215,"time_elapsed":670750,"subject_id":"77167"}]