[{"rt":28412,"url":"consent.html","trial_type":"external-html","trial_index":0,"time_elapsed":28435,"subject_id":"76432"},{"view_history":[{"page_index":0,"viewing_time":5313}],"rt":5314,"trial_type":"instructions","trial_index":1,"time_elapsed":33751,"subject_id":"76432"},{"rt":10845,"stimulus":0,"slider_start":100,"sprites":"animalCrackers","response":100,"absDeviation":50,"callibration":"callibration","block":-1,"seed":0,"numerosity":50,"matchType":"callibration","which":"first","trial_type":"numerosity-estimation","trial_index":2,"time_elapsed":44602,"subject_id":"76432"},{"rt":6063,"stimulus":1,"slider_start":100,"sprites":"letters","response":100,"absDeviation":36,"callibration":"callibration","block":-1,"seed":1,"numerosity":64,"matchType":"callibration","which":"first","trial_type":"numerosity-estimation","trial_index":3,"time_elapsed":50668,"subject_id":"76432"},{"rt":4314,"stimulus":2,"slider_start":100,"sprites":"butterflies","response":100,"absDeviation":22,"callibration":"callibration","block":-1,"seed":2,"numerosity":78,"matchType":"callibration","which":"first","trial_type":"numerosity-estimation","trial_index":4,"time_elapsed":54985,"subject_id":"76432"},{"rt":13063,"stimulus":3,"slider_start":100,"sprites":"hearts","response":92,"absDeviation":0,"callibration":"callibration","block":-1,"seed":3,"numerosity":92,"matchType":"callibration","which":"first","trial_type":"numerosity-estimation","trial_index":5,"time_elapsed":68051,"subject_id":"76432"},{"rt":8514,"stimulus":4,"slider_start":100,"sprites":"crackers","response":107,"absDeviation":0,"callibration":"callibration","block":-1,"seed":4,"numerosity":107,"matchType":"callibration","which":"first","trial_type":"numerosity-estimation","trial_index":6,"time_elapsed":76568,"subject_id":"76432"},{"rt":12148,"stimulus":5,"slider_start":100,"sprites":"bears","response":121,"absDeviation":0,"callibration":"callibration","block":-1,"seed":5,"numerosity":121,"matchType":"callibration","which":"first","trial_type":"numerosity-estimation","trial_index":7,"time_elapsed":88719,"subject_id":"76432"},{"rt":7579,"stimulus":6,"slider_start":100,"sprites":"fruits","response":135,"absDeviation":0,"callibration":"callibration","block":-1,"seed":6,"numerosity":135,"matchType":"callibration","which":"first","trial_type":"numerosity-estimation","trial_index":8,"time_elapsed":96301,"subject_id":"76432"},{"rt":13531,"stimulus":7,"slider_start":100,"sprites":"jellyBeans","response":150,"absDeviation":0,"callibration":"callibration","block":-1,"seed":7,"numerosity":150,"matchType":"callibration","which":"first","trial_type":"numerosity-estimation","trial_index":9,"time_elapsed":109834,"subject_id":"76432"},{"view_history":[{"page_index":0,"viewing_time":20182}],"rt":20182,"trial_type":"instructions","trial_index":10,"time_elapsed":130017,"subject_id":"76432"},{"rt":8815,"stimulus":1,"slider_start":100,"sprites":"letters","response":107,"absDeviation":15,"callibration":"test","block":0,"seed":1,"numerosity":92,"matchType":"paired","which":"first","trial_type":"numerosity-estimation","trial_index":11,"time_elapsed":138834,"subject_id":"76432"},{"rt":6447,"stimulus":1,"slider_start":100,"sprites":"letters","response":125,"absDeviation":33,"callibration":"test","block":0,"seed":1,"numerosity":92,"matchType":"paired","which":"second","trial_type":"numerosity-estimation","trial_index":12,"time_elapsed":145284,"subject_id":"76432"},{"rt":10047,"stimulus":3,"slider_start":100,"sprites":"hearts","response":75,"absDeviation":25,"callibration":"test","block":0,"seed":3,"numerosity":50,"matchType":"unpaired","which":"first","trial_type":"numerosity-estimation","trial_index":13,"time_elapsed":155334,"subject_id":"76432"},{"rt":6480,"stimulus":4,"slider_start":100,"sprites":"crackers","response":139,"absDeviation":32,"callibration":"test","block":0,"seed":4,"numerosity":107,"matchType":"unpaired","which":"first","trial_type":"numerosity-estimation","trial_index":14,"time_elapsed":161817,"subject_id":"76432"},{"rt":9348,"stimulus":5,"slider_start":100,"sprites":"bears","response":67,"absDeviation":17,"callibration":"test","block":0,"seed":5,"numerosity":50,"matchType":"paired","which":"first","trial_type":"numerosity-estimation","trial_index":15,"time_elapsed":171167,"subject_id":"76432"},{"rt":5847,"stimulus":5,"slider_start":100,"sprites":"bears","response":72,"absDeviation":22,"callibration":"test","block":0,"seed":5,"numerosity":50,"matchType":"paired","which":"second","trial_type":"numerosity-estimation","trial_index":16,"time_elapsed":177017,"subject_id":"76432"},{"rt":6999,"stimulus":7,"slider_start":100,"sprites":"jellyBeans","response":80,"absDeviation":30,"callibration":"test","block":0,"seed":7,"numerosity":50,"matchType":"unpaired","which":"first","trial_type":"numerosity-estimation","trial_index":17,"time_elapsed":184018,"subject_id":"76432"},{"rt":6630,"stimulus":8,"slider_start":100,"sprites":"marbles","response":95,"absDeviation":3,"callibration":"test","block":0,"seed":8,"numerosity":92,"matchType":"unpaired","which":"first","trial_type":"numerosity-estimation","trial_index":18,"time_elapsed":190650,"subject_id":"76432"},{"rt":13231,"stimulus":9,"slider_start":100,"sprites":"mints","response":150,"absDeviation":15,"callibration":"test","block":0,"seed":9,"numerosity":135,"matchType":"paired","which":"first","trial_type":"numerosity-estimation","trial_index":19,"time_elapsed":203884,"subject_id":"76432"},{"rt":6147,"stimulus":9,"slider_start":100,"sprites":"mints","response":175,"absDeviation":40,"callibration":"test","block":0,"seed":9,"numerosity":135,"matchType":"paired","which":"second","trial_type":"numerosity-estimation","trial_index":20,"time_elapsed":210033,"subject_id":"76432"},{"rt":10366,"stimulus":11,"slider_start":100,"sprites":"buttons","response":111,"absDeviation":4,"callibration":"test","block":0,"seed":11,"numerosity":107,"matchType":"unpaired","which":"first","trial_type":"numerosity-estimation","trial_index":21,"time_elapsed":220402,"subject_id":"76432"},{"rt":6180,"stimulus":12,"slider_start":100,"sprites":"animalCrackers","response":83,"absDeviation":9,"callibration":"test","block":0,"seed":12,"numerosity":92,"matchType":"unpaired","which":"first","trial_type":"numerosity-estimation","trial_index":22,"time_elapsed":226584,"subject_id":"76432"},{"rt":5431,"stimulus":13,"slider_start":100,"sprites":"letters","response":127,"absDeviation":20,"callibration":"test","block":0,"seed":13,"numerosity":107,"matchType":"paired","which":"first","trial_type":"numerosity-estimation","trial_index":23,"time_elapsed":232017,"subject_id":"76432"},{"rt":4697,"stimulus":13,"slider_start":100,"sprites":"letters","response":140,"absDeviation":33,"callibration":"test","block":0,"seed":13,"numerosity":107,"matchType":"paired","which":"second","trial_type":"numerosity-estimation","trial_index":24,"time_elapsed":236717,"subject_id":"76432"},{"rt":7081,"stimulus":15,"slider_start":100,"sprites":"hearts","response":139,"absDeviation":18,"callibration":"test","block":0,"seed":15,"numerosity":121,"matchType":"unpaired","which":"first","trial_type":"numerosity-estimation","trial_index":25,"time_elapsed":243800,"subject_id":"76432"},{"rt":9647,"stimulus":16,"slider_start":100,"sprites":"crackers","response":77,"absDeviation":13,"callibration":"test","block":0,"seed":16,"numerosity":64,"matchType":"unpaired","which":"first","trial_type":"numerosity-estimation","trial_index":26,"time_elapsed":253449,"subject_id":"76432"},{"rt":18109,"stimulus":"<p> For the last block of trials, the average deviation of your guesses from correct answers was 21.</p>\n     <p>The smaller the deviation the better.  Your deviation was <b> VERY good</b>.</p><br>\n       <p>Press any key to continue to the next block of trials</p>","response":" ","trial_type":"html-keyboard-response","trial_index":27,"time_elapsed":271562,"subject_id":"76432"},{"rt":10618,"stimulus":17,"slider_start":100,"sprites":"bears","response":89,"absDeviation":3,"callibration":"test","block":1,"seed":17,"numerosity":92,"matchType":"paired","which":"first","trial_type":"numerosity-estimation","trial_index":28,"time_elapsed":282183,"subject_id":"76432"},{"rt":5931,"stimulus":17,"slider_start":100,"sprites":"bears","response":95,"absDeviation":3,"callibration":"test","block":1,"seed":17,"numerosity":92,"matchType":"paired","which":"second","trial_type":"numerosity-estimation","trial_index":29,"time_elapsed":288117,"subject_id":"76432"},{"rt":5731,"stimulus":19,"slider_start":100,"sprites":"jellyBeans","response":145,"absDeviation":10,"callibration":"test","block":1,"seed":19,"numerosity":135,"matchType":"unpaired","which":"first","trial_type":"numerosity-estimation","trial_index":30,"time_elapsed":293850,"subject_id":"76432"},{"rt":4864,"stimulus":20,"slider_start":100,"sprites":"marbles","response":71,"absDeviation":7,"callibration":"test","block":1,"seed":20,"numerosity":78,"matchType":"unpaired","which":"first","trial_type":"numerosity-estimation","trial_index":31,"time_elapsed":298716,"subject_id":"76432"},{"rt":5564,"stimulus":21,"slider_start":100,"sprites":"mints","response":104,"absDeviation":12,"callibration":"test","block":1,"seed":21,"numerosity":92,"matchType":"paired","which":"first","trial_type":"numerosity-estimation","trial_index":32,"time_elapsed":304283,"subject_id":"76432"},{"rt":11081,"stimulus":21,"slider_start":100,"sprites":"mints","response":95,"absDeviation":3,"callibration":"test","block":1,"seed":21,"numerosity":92,"matchType":"paired","which":"second","trial_type":"numerosity-estimation","trial_index":33,"time_elapsed":315367,"subject_id":"76432"},{"rt":9130,"stimulus":23,"slider_start":100,"sprites":"buttons","response":148,"absDeviation":2,"callibration":"test","block":1,"seed":23,"numerosity":150,"matchType":"unpaired","which":"first","trial_type":"numerosity-estimation","trial_index":34,"time_elapsed":324500,"subject_id":"76432"},{"rt":7598,"stimulus":24,"slider_start":100,"sprites":"animalCrackers","response":130,"absDeviation":23,"callibration":"test","block":1,"seed":24,"numerosity":107,"matchType":"unpaired","which":"first","trial_type":"numerosity-estimation","trial_index":35,"time_elapsed":332100,"subject_id":"76432"},{"rt":4364,"stimulus":25,"slider_start":100,"sprites":"letters","response":129,"absDeviation":22,"callibration":"test","block":1,"seed":25,"numerosity":107,"matchType":"paired","which":"first","trial_type":"numerosity-estimation","trial_index":36,"time_elapsed":336466,"subject_id":"76432"},{"rt":3863,"stimulus":25,"slider_start":100,"sprites":"letters","response":146,"absDeviation":39,"callibration":"test","block":1,"seed":25,"numerosity":107,"matchType":"paired","which":"second","trial_type":"numerosity-estimation","trial_index":37,"time_elapsed":340333,"subject_id":"76432"},{"rt":4180,"stimulus":27,"slider_start":100,"sprites":"hearts","response":154,"absDeviation":33,"callibration":"test","block":1,"seed":27,"numerosity":121,"matchType":"unpaired","which":"first","trial_type":"numerosity-estimation","trial_index":38,"time_elapsed":344516,"subject_id":"76432"},{"rt":4798,"stimulus":28,"slider_start":100,"sprites":"crackers","response":164,"absDeviation":14,"callibration":"test","block":1,"seed":28,"numerosity":150,"matchType":"unpaired","which":"first","trial_type":"numerosity-estimation","trial_index":39,"time_elapsed":349316,"subject_id":"76432"},{"rt":3481,"stimulus":29,"slider_start":100,"sprites":"bears","response":84,"absDeviation":20,"callibration":"test","block":1,"seed":29,"numerosity":64,"matchType":"paired","which":"first","trial_type":"numerosity-estimation","trial_index":40,"time_elapsed":352800,"subject_id":"76432"},{"rt":5397,"stimulus":29,"slider_start":100,"sprites":"bears","response":78,"absDeviation":14,"callibration":"test","block":1,"seed":29,"numerosity":64,"matchType":"paired","which":"second","trial_type":"numerosity-estimation","trial_index":41,"time_elapsed":358199,"subject_id":"76432"},{"rt":8282,"stimulus":31,"slider_start":100,"sprites":"jellyBeans","response":166,"absDeviation":16,"callibration":"test","block":1,"seed":31,"numerosity":150,"matchType":"unpaired","which":"first","trial_type":"numerosity-estimation","trial_index":42,"time_elapsed":366483,"subject_id":"76432"},{"rt":11081,"stimulus":32,"slider_start":100,"sprites":"marbles","response":119,"absDeviation":16,"callibration":"test","block":1,"seed":32,"numerosity":135,"matchType":"unpaired","which":"first","trial_type":"numerosity-estimation","trial_index":43,"time_elapsed":377566,"subject_id":"76432"},{"rt":18732,"stimulus":"<p> For the last block of trials, the average deviation of your guesses from correct answers was 15.</p>\n     <p>The smaller the deviation the better.  Your deviation was <b> VERY good</b>.</p><br>\n       <p>Press any key to continue to the next block of trials</p>","response":" ","trial_type":"html-keyboard-response","trial_index":44,"time_elapsed":396299,"subject_id":"76432"},{"rt":5097,"stimulus":33,"slider_start":100,"sprites":"mints","response":151,"absDeviation":30,"callibration":"test","block":2,"seed":33,"numerosity":121,"matchType":"paired","which":"first","trial_type":"numerosity-estimation","trial_index":45,"time_elapsed":401399,"subject_id":"76432"},{"rt":4765,"stimulus":33,"slider_start":100,"sprites":"mints","response":150,"absDeviation":29,"callibration":"test","block":2,"seed":33,"numerosity":121,"matchType":"paired","which":"second","trial_type":"numerosity-estimation","trial_index":46,"time_elapsed":406166,"subject_id":"76432"},{"rt":6713,"stimulus":35,"slider_start":100,"sprites":"buttons","response":96,"absDeviation":18,"callibration":"test","block":2,"seed":35,"numerosity":78,"matchType":"unpaired","which":"first","trial_type":"numerosity-estimation","trial_index":47,"time_elapsed":412882,"subject_id":"76432"},{"rt":6481,"stimulus":36,"slider_start":100,"sprites":"animalCrackers","response":70,"absDeviation":20,"callibration":"test","block":2,"seed":36,"numerosity":50,"matchType":"unpaired","which":"first","trial_type":"numerosity-estimation","trial_index":48,"time_elapsed":419365,"subject_id":"76432"},{"rt":9381,"stimulus":37,"slider_start":100,"sprites":"letters","response":146,"absDeviation":11,"callibration":"test","block":2,"seed":37,"numerosity":135,"matchType":"paired","which":"first","trial_type":"numerosity-estimation","trial_index":49,"time_elapsed":428749,"subject_id":"76432"},{"rt":4664,"stimulus":37,"slider_start":100,"sprites":"letters","response":149,"absDeviation":14,"callibration":"test","block":2,"seed":37,"numerosity":135,"matchType":"paired","which":"second","trial_type":"numerosity-estimation","trial_index":50,"time_elapsed":433416,"subject_id":"76432"},{"rt":4863,"stimulus":39,"slider_start":100,"sprites":"hearts","response":77,"absDeviation":1,"callibration":"test","block":2,"seed":39,"numerosity":78,"matchType":"unpaired","which":"first","trial_type":"numerosity-estimation","trial_index":51,"time_elapsed":438282,"subject_id":"76432"},{"rt":8015,"stimulus":40,"slider_start":100,"sprites":"crackers","response":161,"absDeviation":40,"callibration":"test","block":2,"seed":40,"numerosity":121,"matchType":"unpaired","which":"first","trial_type":"numerosity-estimation","trial_index":52,"time_elapsed":446299,"subject_id":"76432"},{"rt":5147,"stimulus":41,"slider_start":100,"sprites":"bears","response":64,"absDeviation":14,"callibration":"test","block":2,"seed":41,"numerosity":50,"matchType":"paired","which":"first","trial_type":"numerosity-estimation","trial_index":53,"time_elapsed":451449,"subject_id":"76432"},{"rt":4830,"stimulus":41,"slider_start":100,"sprites":"bears","response":73,"absDeviation":23,"callibration":"test","block":2,"seed":41,"numerosity":50,"matchType":"paired","which":"second","trial_type":"numerosity-estimation","trial_index":54,"time_elapsed":456282,"subject_id":"76432"},{"rt":7148,"stimulus":43,"slider_start":100,"sprites":"jellyBeans","response":67,"absDeviation":3,"callibration":"test","block":2,"seed":43,"numerosity":64,"matchType":"unpaired","which":"first","trial_type":"numerosity-estimation","trial_index":55,"time_elapsed":463432,"subject_id":"76432"},{"rt":4047,"stimulus":44,"slider_start":100,"sprites":"marbles","response":109,"absDeviation":12,"callibration":"test","block":2,"seed":44,"numerosity":121,"matchType":"unpaired","which":"first","trial_type":"numerosity-estimation","trial_index":56,"time_elapsed":467482,"subject_id":"76432"},{"rt":4407,"stimulus":45,"slider_start":100,"sprites":"mints","response":160,"absDeviation":39,"callibration":"test","block":2,"seed":45,"numerosity":121,"matchType":"paired","which":"first","trial_type":"numerosity-estimation","trial_index":57,"time_elapsed":471891,"subject_id":"76432"},{"rt":4139,"stimulus":45,"slider_start":100,"sprites":"mints","response":171,"absDeviation":50,"callibration":"test","block":2,"seed":45,"numerosity":121,"matchType":"paired","which":"second","trial_type":"numerosity-estimation","trial_index":58,"time_elapsed":476032,"subject_id":"76432"},{"rt":4981,"stimulus":47,"slider_start":100,"sprites":"buttons","response":157,"absDeviation":36,"callibration":"test","block":2,"seed":47,"numerosity":121,"matchType":"unpaired","which":"first","trial_type":"numerosity-estimation","trial_index":59,"time_elapsed":481015,"subject_id":"76432"},{"rt":5947,"stimulus":48,"slider_start":100,"sprites":"animalCrackers","response":163,"absDeviation":28,"callibration":"test","block":2,"seed":48,"numerosity":135,"matchType":"unpaired","which":"first","trial_type":"numerosity-estimation","trial_index":60,"time_elapsed":486965,"subject_id":"76432"},{"rt":26195,"stimulus":"<p> For the last block of trials, the average deviation of your guesses from correct answers was 23.</p>\n     <p>The smaller the deviation the better.  Your deviation was <b> VERY good</b>.</p><br>\n       <p>Press any key to continue to the next block of trials</p>","response":" ","trial_type":"html-keyboard-response","trial_index":61,"time_elapsed":513160,"subject_id":"76432"},{"rt":10035,"stimulus":49,"slider_start":100,"sprites":"letters","response":66,"absDeviation":12,"callibration":"test","block":3,"seed":49,"numerosity":78,"matchType":"paired","which":"first","trial_type":"numerosity-estimation","trial_index":62,"time_elapsed":523198,"subject_id":"76432"},{"rt":5848,"stimulus":49,"slider_start":100,"sprites":"letters","response":67,"absDeviation":11,"callibration":"test","block":3,"seed":49,"numerosity":78,"matchType":"paired","which":"second","trial_type":"numerosity-estimation","trial_index":63,"time_elapsed":529049,"subject_id":"76432"},{"rt":4647,"stimulus":51,"slider_start":100,"sprites":"hearts","response":166,"absDeviation":16,"callibration":"test","block":3,"seed":51,"numerosity":150,"matchType":"unpaired","which":"first","trial_type":"numerosity-estimation","trial_index":64,"time_elapsed":533698,"subject_id":"76432"},{"rt":5398,"stimulus":52,"slider_start":100,"sprites":"crackers","response":112,"absDeviation":34,"callibration":"test","block":3,"seed":52,"numerosity":78,"matchType":"unpaired","which":"first","trial_type":"numerosity-estimation","trial_index":65,"time_elapsed":539098,"subject_id":"76432"},{"rt":5682,"stimulus":53,"slider_start":100,"sprites":"bears","response":81,"absDeviation":31,"callibration":"test","block":3,"seed":53,"numerosity":50,"matchType":"paired","which":"first","trial_type":"numerosity-estimation","trial_index":66,"time_elapsed":544782,"subject_id":"76432"},{"rt":3780,"stimulus":53,"slider_start":100,"sprites":"bears","response":85,"absDeviation":35,"callibration":"test","block":3,"seed":53,"numerosity":50,"matchType":"paired","which":"second","trial_type":"numerosity-estimation","trial_index":67,"time_elapsed":548565,"subject_id":"76432"},{"rt":7247,"stimulus":55,"slider_start":100,"sprites":"jellyBeans","response":151,"absDeviation":30,"callibration":"test","block":3,"seed":55,"numerosity":121,"matchType":"unpaired","which":"first","trial_type":"numerosity-estimation","trial_index":68,"time_elapsed":555815,"subject_id":"76432"},{"rt":6948,"stimulus":56,"slider_start":100,"sprites":"marbles","response":61,"absDeviation":3,"callibration":"test","block":3,"seed":56,"numerosity":64,"matchType":"unpaired","which":"first","trial_type":"numerosity-estimation","trial_index":69,"time_elapsed":562765,"subject_id":"76432"},{"rt":4931,"stimulus":57,"slider_start":100,"sprites":"mints","response":90,"absDeviation":26,"callibration":"test","block":3,"seed":57,"numerosity":64,"matchType":"paired","which":"first","trial_type":"numerosity-estimation","trial_index":70,"time_elapsed":567698,"subject_id":"76432"},{"rt":4447,"stimulus":57,"slider_start":100,"sprites":"mints","response":106,"absDeviation":42,"callibration":"test","block":3,"seed":57,"numerosity":64,"matchType":"paired","which":"second","trial_type":"numerosity-estimation","trial_index":71,"time_elapsed":572148,"subject_id":"76432"},{"rt":3614,"stimulus":59,"slider_start":100,"sprites":"buttons","response":160,"absDeviation":25,"callibration":"test","block":3,"seed":59,"numerosity":135,"matchType":"unpaired","which":"first","trial_type":"numerosity-estimation","trial_index":72,"time_elapsed":575765,"subject_id":"76432"},{"rt":4963,"stimulus":60,"slider_start":100,"sprites":"animalCrackers","response":168,"absDeviation":18,"callibration":"test","block":3,"seed":60,"numerosity":150,"matchType":"unpaired","which":"first","trial_type":"numerosity-estimation","trial_index":73,"time_elapsed":580731,"subject_id":"76432"},{"rt":5281,"stimulus":61,"slider_start":100,"sprites":"letters","response":71,"absDeviation":21,"callibration":"test","block":3,"seed":61,"numerosity":50,"matchType":"paired","which":"first","trial_type":"numerosity-estimation","trial_index":74,"time_elapsed":586015,"subject_id":"76432"},{"rt":5280,"stimulus":61,"slider_start":100,"sprites":"letters","response":75,"absDeviation":25,"callibration":"test","block":3,"seed":61,"numerosity":50,"matchType":"paired","which":"second","trial_type":"numerosity-estimation","trial_index":75,"time_elapsed":591298,"subject_id":"76432"},{"rt":6464,"stimulus":63,"slider_start":100,"sprites":"hearts","response":103,"absDeviation":39,"callibration":"test","block":3,"seed":63,"numerosity":64,"matchType":"unpaired","which":"first","trial_type":"numerosity-estimation","trial_index":76,"time_elapsed":597765,"subject_id":"76432"},{"rt":4730,"stimulus":64,"slider_start":100,"sprites":"crackers","response":153,"absDeviation":18,"callibration":"test","block":3,"seed":64,"numerosity":135,"matchType":"unpaired","which":"first","trial_type":"numerosity-estimation","trial_index":77,"time_elapsed":602498,"subject_id":"76432"},{"rt":17243,"stimulus":"<p> For the last block of trials, the average deviation of your guesses from correct answers was 24.</p>\n     <p>The smaller the deviation the better.  Your deviation was <b> VERY good</b>.</p><br>\n       <p>Press any key to continue to the next block of trials</p>","response":" ","trial_type":"html-keyboard-response","trial_index":78,"time_elapsed":619742,"subject_id":"76432"},{"rt":7004,"stimulus":65,"slider_start":100,"sprites":"bears","response":103,"absDeviation":4,"callibration":"test","block":4,"seed":65,"numerosity":107,"matchType":"paired","which":"first","trial_type":"numerosity-estimation","trial_index":79,"time_elapsed":626748,"subject_id":"76432"},{"rt":9013,"stimulus":65,"slider_start":100,"sprites":"bears","response":113,"absDeviation":6,"callibration":"test","block":4,"seed":65,"numerosity":107,"matchType":"paired","which":"second","trial_type":"numerosity-estimation","trial_index":80,"time_elapsed":635764,"subject_id":"76432"},{"rt":5782,"stimulus":67,"slider_start":100,"sprites":"jellyBeans","response":115,"absDeviation":8,"callibration":"test","block":4,"seed":67,"numerosity":107,"matchType":"unpaired","which":"first","trial_type":"numerosity-estimation","trial_index":81,"time_elapsed":641548,"subject_id":"76432"},{"rt":3630,"stimulus":68,"slider_start":100,"sprites":"marbles","response":95,"absDeviation":55,"callibration":"test","block":4,"seed":68,"numerosity":150,"matchType":"unpaired","which":"first","trial_type":"numerosity-estimation","trial_index":82,"time_elapsed":645181,"subject_id":"76432"},{"rt":4948,"stimulus":69,"slider_start":100,"sprites":"mints","response":132,"absDeviation":11,"callibration":"test","block":4,"seed":69,"numerosity":121,"matchType":"paired","which":"first","trial_type":"numerosity-estimation","trial_index":83,"time_elapsed":650131,"subject_id":"76432"},{"rt":4464,"stimulus":69,"slider_start":100,"sprites":"mints","response":144,"absDeviation":23,"callibration":"test","block":4,"seed":69,"numerosity":121,"matchType":"paired","which":"second","trial_type":"numerosity-estimation","trial_index":84,"time_elapsed":654598,"subject_id":"76432"},{"rt":5314,"stimulus":71,"slider_start":100,"sprites":"buttons","response":124,"absDeviation":17,"callibration":"test","block":4,"seed":71,"numerosity":107,"matchType":"unpaired","which":"first","trial_type":"numerosity-estimation","trial_index":85,"time_elapsed":659915,"subject_id":"76432"},{"rt":3847,"stimulus":72,"slider_start":100,"sprites":"animalCrackers","response":69,"absDeviation":19,"callibration":"test","block":4,"seed":72,"numerosity":50,"matchType":"unpaired","which":"first","trial_type":"numerosity-estimation","trial_index":86,"time_elapsed":663764,"subject_id":"76432"},{"rt":5848,"stimulus":73,"slider_start":100,"sprites":"letters","response":83,"absDeviation":5,"callibration":"test","block":4,"seed":73,"numerosity":78,"matchType":"paired","which":"first","trial_type":"numerosity-estimation","trial_index":87,"time_elapsed":669615,"subject_id":"76432"},{"rt":5913,"stimulus":73,"slider_start":100,"sprites":"letters","response":105,"absDeviation":27,"callibration":"test","block":4,"seed":73,"numerosity":78,"matchType":"paired","which":"second","trial_type":"numerosity-estimation","trial_index":88,"time_elapsed":675531,"subject_id":"76432"},{"rt":4066,"stimulus":75,"slider_start":100,"sprites":"hearts","response":116,"absDeviation":24,"callibration":"test","block":4,"seed":75,"numerosity":92,"matchType":"unpaired","which":"first","trial_type":"numerosity-estimation","trial_index":89,"time_elapsed":679600,"subject_id":"76432"},{"rt":8078,"stimulus":76,"slider_start":100,"sprites":"crackers","response":75,"absDeviation":11,"callibration":"test","block":4,"seed":76,"numerosity":64,"matchType":"unpaired","which":"first","trial_type":"numerosity-estimation","trial_index":90,"time_elapsed":687681,"subject_id":"76432"},{"rt":8231,"stimulus":77,"slider_start":100,"sprites":"bears","response":151,"absDeviation":16,"callibration":"test","block":4,"seed":77,"numerosity":135,"matchType":"paired","which":"first","trial_type":"numerosity-estimation","trial_index":91,"time_elapsed":695914,"subject_id":"76432"},{"rt":5846,"stimulus":77,"slider_start":100,"sprites":"bears","response":160,"absDeviation":25,"callibration":"test","block":4,"seed":77,"numerosity":135,"matchType":"paired","which":"second","trial_type":"numerosity-estimation","trial_index":92,"time_elapsed":701764,"subject_id":"76432"},{"rt":4064,"stimulus":79,"slider_start":100,"sprites":"jellyBeans","response":67,"absDeviation":17,"callibration":"test","block":4,"seed":79,"numerosity":50,"matchType":"unpaired","which":"first","trial_type":"numerosity-estimation","trial_index":93,"time_elapsed":705831,"subject_id":"76432"},{"rt":7489,"stimulus":80,"slider_start":100,"sprites":"marbles","response":93,"absDeviation":28,"callibration":"test","block":4,"seed":80,"numerosity":121,"matchType":"unpaired","which":"first","trial_type":"numerosity-estimation","trial_index":94,"time_elapsed":713322,"subject_id":"76432"},{"rt":15393,"stimulus":"<p> For the last block of trials, the average deviation of your guesses from correct answers was 19.</p>\n     <p>The smaller the deviation the better.  Your deviation was <b> VERY good</b>.</p><br>\n       <p>Press any key to continue to the next block of trials</p>","response":" ","trial_type":"html-keyboard-response","trial_index":95,"time_elapsed":728716,"subject_id":"76432"},{"rt":6112,"stimulus":81,"slider_start":100,"sprites":"mints","response":151,"absDeviation":30,"callibration":"test","block":5,"seed":81,"numerosity":121,"matchType":"paired","which":"first","trial_type":"numerosity-estimation","trial_index":96,"time_elapsed":734831,"subject_id":"76432"},{"rt":3747,"stimulus":81,"slider_start":100,"sprites":"mints","response":157,"absDeviation":36,"callibration":"test","block":5,"seed":81,"numerosity":121,"matchType":"paired","which":"second","trial_type":"numerosity-estimation","trial_index":97,"time_elapsed":738581,"subject_id":"76432"},{"rt":7581,"stimulus":83,"slider_start":100,"sprites":"buttons","response":149,"absDeviation":28,"callibration":"test","block":5,"seed":83,"numerosity":121,"matchType":"unpaired","which":"first","trial_type":"numerosity-estimation","trial_index":98,"time_elapsed":746164,"subject_id":"76432"},{"rt":6130,"stimulus":84,"slider_start":100,"sprites":"animalCrackers","response":69,"absDeviation":19,"callibration":"test","block":5,"seed":84,"numerosity":50,"matchType":"unpaired","which":"first","trial_type":"numerosity-estimation","trial_index":99,"time_elapsed":752297,"subject_id":"76432"},{"rt":4281,"stimulus":85,"slider_start":100,"sprites":"letters","response":76,"absDeviation":12,"callibration":"test","block":5,"seed":85,"numerosity":64,"matchType":"paired","which":"first","trial_type":"numerosity-estimation","trial_index":100,"time_elapsed":756581,"subject_id":"76432"},{"rt":4730,"stimulus":85,"slider_start":100,"sprites":"letters","response":80,"absDeviation":16,"callibration":"test","block":5,"seed":85,"numerosity":64,"matchType":"paired","which":"second","trial_type":"numerosity-estimation","trial_index":101,"time_elapsed":761314,"subject_id":"76432"},{"rt":8913,"stimulus":87,"slider_start":100,"sprites":"hearts","response":80,"absDeviation":30,"callibration":"test","block":5,"seed":87,"numerosity":50,"matchType":"unpaired","which":"first","trial_type":"numerosity-estimation","trial_index":102,"time_elapsed":770230,"subject_id":"76432"},{"rt":10131,"stimulus":88,"slider_start":100,"sprites":"crackers","response":156,"absDeviation":21,"callibration":"test","block":5,"seed":88,"numerosity":135,"matchType":"unpaired","which":"first","trial_type":"numerosity-estimation","trial_index":103,"time_elapsed":780363,"subject_id":"76432"},{"rt":19665,"stimulus":89,"slider_start":100,"sprites":"bears","response":70,"absDeviation":20,"callibration":"test","block":5,"seed":89,"numerosity":50,"matchType":"paired","which":"first","trial_type":"numerosity-estimation","trial_index":104,"time_elapsed":800030,"subject_id":"76432"},{"rt":6647,"stimulus":89,"slider_start":100,"sprites":"bears","response":72,"absDeviation":22,"callibration":"test","block":5,"seed":89,"numerosity":50,"matchType":"paired","which":"second","trial_type":"numerosity-estimation","trial_index":105,"time_elapsed":806680,"subject_id":"76432"},{"rt":3614,"stimulus":91,"slider_start":100,"sprites":"jellyBeans","response":108,"absDeviation":16,"callibration":"test","block":5,"seed":91,"numerosity":92,"matchType":"unpaired","which":"first","trial_type":"numerosity-estimation","trial_index":106,"time_elapsed":810298,"subject_id":"76432"},{"rt":3846,"stimulus":92,"slider_start":100,"sprites":"marbles","response":126,"absDeviation":5,"callibration":"test","block":5,"seed":92,"numerosity":121,"matchType":"unpaired","which":"first","trial_type":"numerosity-estimation","trial_index":107,"time_elapsed":814146,"subject_id":"76432"},{"rt":3399,"stimulus":93,"slider_start":100,"sprites":"mints","response":125,"absDeviation":47,"callibration":"test","block":5,"seed":93,"numerosity":78,"matchType":"paired","which":"first","trial_type":"numerosity-estimation","trial_index":108,"time_elapsed":817547,"subject_id":"76432"},{"rt":3398,"stimulus":93,"slider_start":100,"sprites":"mints","response":133,"absDeviation":55,"callibration":"test","block":5,"seed":93,"numerosity":78,"matchType":"paired","which":"second","trial_type":"numerosity-estimation","trial_index":109,"time_elapsed":820948,"subject_id":"76432"},{"rt":7047,"stimulus":95,"slider_start":100,"sprites":"buttons","response":75,"absDeviation":11,"callibration":"test","block":5,"seed":95,"numerosity":64,"matchType":"unpaired","which":"first","trial_type":"numerosity-estimation","trial_index":110,"time_elapsed":827997,"subject_id":"76432"},{"rt":8514,"stimulus":96,"slider_start":100,"sprites":"animalCrackers","response":113,"absDeviation":21,"callibration":"test","block":5,"seed":96,"numerosity":92,"matchType":"unpaired","which":"first","trial_type":"numerosity-estimation","trial_index":111,"time_elapsed":836513,"subject_id":"76432"},{"rt":12419,"stimulus":"<p> For the last block of trials, the average deviation of your guesses from correct answers was 24.</p>\n     <p>The smaller the deviation the better.  Your deviation was <b> VERY good</b>.</p><br>\n       <p>Press any key to continue to the next block of trials</p>","response":" ","trial_type":"html-keyboard-response","trial_index":112,"time_elapsed":848934,"subject_id":"76432"},{"rt":8677,"stimulus":2,"slider_start":100,"sprites":"butterflies","response":115,"absDeviation":20,"callibration":"test","block":6,"seed":2,"numerosity":135,"matchType":"paired","which":"first","trial_type":"numerosity-estimation","trial_index":113,"time_elapsed":857614,"subject_id":"76432"},{"rt":5146,"stimulus":2,"slider_start":100,"sprites":"butterflies","response":118,"absDeviation":17,"callibration":"test","block":6,"seed":2,"numerosity":135,"matchType":"paired","which":"second","trial_type":"numerosity-estimation","trial_index":114,"time_elapsed":862763,"subject_id":"76432"},{"rt":3981,"stimulus":3,"slider_start":100,"sprites":"hearts","response":67,"absDeviation":17,"callibration":"test","block":6,"seed":3,"numerosity":50,"matchType":"unpaired","which":"second","trial_type":"numerosity-estimation","trial_index":115,"time_elapsed":866746,"subject_id":"76432"},{"rt":5498,"stimulus":4,"slider_start":100,"sprites":"crackers","response":138,"absDeviation":31,"callibration":"test","block":6,"seed":4,"numerosity":107,"matchType":"unpaired","which":"second","trial_type":"numerosity-estimation","trial_index":116,"time_elapsed":872247,"subject_id":"76432"},{"rt":6796,"stimulus":6,"slider_start":100,"sprites":"fruits","response":88,"absDeviation":10,"callibration":"test","block":6,"seed":6,"numerosity":78,"matchType":"paired","which":"first","trial_type":"numerosity-estimation","trial_index":117,"time_elapsed":879046,"subject_id":"76432"},{"rt":4414,"stimulus":6,"slider_start":100,"sprites":"fruits","response":100,"absDeviation":22,"callibration":"test","block":6,"seed":6,"numerosity":78,"matchType":"paired","which":"second","trial_type":"numerosity-estimation","trial_index":118,"time_elapsed":883463,"subject_id":"76432"},{"rt":9797,"stimulus":7,"slider_start":100,"sprites":"jellyBeans","response":81,"absDeviation":31,"callibration":"test","block":6,"seed":7,"numerosity":50,"matchType":"unpaired","which":"second","trial_type":"numerosity-estimation","trial_index":119,"time_elapsed":893263,"subject_id":"76432"},{"rt":5248,"stimulus":8,"slider_start":100,"sprites":"marbles","response":95,"absDeviation":3,"callibration":"test","block":6,"seed":8,"numerosity":92,"matchType":"unpaired","which":"second","trial_type":"numerosity-estimation","trial_index":120,"time_elapsed":898513,"subject_id":"76432"},{"rt":6831,"stimulus":10,"slider_start":100,"sprites":"rocks","response":55,"absDeviation":5,"callibration":"test","block":6,"seed":10,"numerosity":50,"matchType":"paired","which":"first","trial_type":"numerosity-estimation","trial_index":121,"time_elapsed":905346,"subject_id":"76432"},{"rt":5130,"stimulus":10,"slider_start":100,"sprites":"rocks","response":67,"absDeviation":17,"callibration":"test","block":6,"seed":10,"numerosity":50,"matchType":"paired","which":"second","trial_type":"numerosity-estimation","trial_index":122,"time_elapsed":910480,"subject_id":"76432"},{"rt":5980,"stimulus":11,"slider_start":100,"sprites":"buttons","response":123,"absDeviation":16,"callibration":"test","block":6,"seed":11,"numerosity":107,"matchType":"unpaired","which":"second","trial_type":"numerosity-estimation","trial_index":123,"time_elapsed":916463,"subject_id":"76432"},{"rt":6380,"stimulus":12,"slider_start":100,"sprites":"animalCrackers","response":129,"absDeviation":37,"callibration":"test","block":6,"seed":12,"numerosity":92,"matchType":"unpaired","which":"second","trial_type":"numerosity-estimation","trial_index":124,"time_elapsed":922846,"subject_id":"76432"},{"rt":4381,"stimulus":14,"slider_start":100,"sprites":"butterflies","response":123,"absDeviation":27,"callibration":"test","block":6,"seed":14,"numerosity":150,"matchType":"paired","which":"first","trial_type":"numerosity-estimation","trial_index":125,"time_elapsed":927229,"subject_id":"76432"},{"rt":4030,"stimulus":14,"slider_start":100,"sprites":"butterflies","response":118,"absDeviation":32,"callibration":"test","block":6,"seed":14,"numerosity":150,"matchType":"paired","which":"second","trial_type":"numerosity-estimation","trial_index":126,"time_elapsed":931262,"subject_id":"76432"},{"rt":4098,"stimulus":15,"slider_start":100,"sprites":"hearts","response":156,"absDeviation":35,"callibration":"test","block":6,"seed":15,"numerosity":121,"matchType":"unpaired","which":"second","trial_type":"numerosity-estimation","trial_index":127,"time_elapsed":935363,"subject_id":"76432"},{"rt":8816,"stimulus":16,"slider_start":100,"sprites":"crackers","response":76,"absDeviation":12,"callibration":"test","block":6,"seed":16,"numerosity":64,"matchType":"unpaired","which":"second","trial_type":"numerosity-estimation","trial_index":128,"time_elapsed":944180,"subject_id":"76432"},{"rt":2892,"stimulus":"<p> For the last block of trials, the average deviation of your guesses from correct answers was 21.</p>\n     <p>The smaller the deviation the better.  Your deviation was <b> VERY good</b>.</p><br>\n       <p>Press any key to continue to the next block of trials</p>","response":" ","trial_type":"html-keyboard-response","trial_index":129,"time_elapsed":947074,"subject_id":"76432"},{"rt":6052,"stimulus":18,"slider_start":100,"sprites":"fruits","response":127,"absDeviation":20,"callibration":"test","block":7,"seed":18,"numerosity":107,"matchType":"paired","which":"first","trial_type":"numerosity-estimation","trial_index":130,"time_elapsed":953128,"subject_id":"76432"},{"rt":4049,"stimulus":18,"slider_start":100,"sprites":"fruits","response":125,"absDeviation":18,"callibration":"test","block":7,"seed":18,"numerosity":107,"matchType":"paired","which":"second","trial_type":"numerosity-estimation","trial_index":131,"time_elapsed":957179,"subject_id":"76432"},{"rt":4665,"stimulus":19,"slider_start":100,"sprites":"jellyBeans","response":142,"absDeviation":7,"callibration":"test","block":7,"seed":19,"numerosity":135,"matchType":"unpaired","which":"second","trial_type":"numerosity-estimation","trial_index":132,"time_elapsed":961847,"subject_id":"76432"},{"rt":8147,"stimulus":20,"slider_start":100,"sprites":"marbles","response":69,"absDeviation":9,"callibration":"test","block":7,"seed":20,"numerosity":78,"matchType":"unpaired","which":"second","trial_type":"numerosity-estimation","trial_index":133,"time_elapsed":969996,"subject_id":"76432"},{"rt":3173,"stimulus":22,"slider_start":100,"sprites":"rocks","response":110,"absDeviation":18,"callibration":"test","block":7,"seed":22,"numerosity":92,"matchType":"paired","which":"first","trial_type":"numerosity-estimation","trial_index":134,"time_elapsed":973172,"subject_id":"76432"},{"rt":5689,"stimulus":22,"slider_start":100,"sprites":"rocks","response":90,"absDeviation":2,"callibration":"test","block":7,"seed":22,"numerosity":92,"matchType":"paired","which":"second","trial_type":"numerosity-estimation","trial_index":135,"time_elapsed":978862,"subject_id":"76432"},{"rt":6298,"stimulus":23,"slider_start":100,"sprites":"buttons","response":154,"absDeviation":4,"callibration":"test","block":7,"seed":23,"numerosity":150,"matchType":"unpaired","which":"second","trial_type":"numerosity-estimation","trial_index":136,"time_elapsed":985162,"subject_id":"76432"},{"rt":4397,"stimulus":24,"slider_start":100,"sprites":"animalCrackers","response":143,"absDeviation":36,"callibration":"test","block":7,"seed":24,"numerosity":107,"matchType":"unpaired","which":"second","trial_type":"numerosity-estimation","trial_index":137,"time_elapsed":989562,"subject_id":"76432"},{"rt":5097,"stimulus":26,"slider_start":100,"sprites":"butterflies","response":77,"absDeviation":15,"callibration":"test","block":7,"seed":26,"numerosity":92,"matchType":"paired","which":"first","trial_type":"numerosity-estimation","trial_index":138,"time_elapsed":994662,"subject_id":"76432"},{"rt":11597,"stimulus":26,"slider_start":100,"sprites":"butterflies","response":103,"absDeviation":11,"callibration":"test","block":7,"seed":26,"numerosity":92,"matchType":"paired","which":"second","trial_type":"numerosity-estimation","trial_index":139,"time_elapsed":1006262,"subject_id":"76432"},{"rt":14015,"stimulus":27,"slider_start":100,"sprites":"hearts","response":133,"absDeviation":12,"callibration":"test","block":7,"seed":27,"numerosity":121,"matchType":"unpaired","which":"second","trial_type":"numerosity-estimation","trial_index":140,"time_elapsed":1020279,"subject_id":"76432"},{"rt":10998,"stimulus":28,"slider_start":100,"sprites":"crackers","response":150,"absDeviation":0,"callibration":"test","block":7,"seed":28,"numerosity":150,"matchType":"unpaired","which":"second","trial_type":"numerosity-estimation","trial_index":141,"time_elapsed":1031279,"subject_id":"76432"},{"rt":5747,"stimulus":30,"slider_start":100,"sprites":"fruits","response":124,"absDeviation":17,"callibration":"test","block":7,"seed":30,"numerosity":107,"matchType":"paired","which":"first","trial_type":"numerosity-estimation","trial_index":142,"time_elapsed":1037029,"subject_id":"76432"},{"rt":10763,"stimulus":30,"slider_start":100,"sprites":"fruits","response":121,"absDeviation":14,"callibration":"test","block":7,"seed":30,"numerosity":107,"matchType":"paired","which":"second","trial_type":"numerosity-estimation","trial_index":143,"time_elapsed":1047795,"subject_id":"76432"},{"rt":9581,"stimulus":31,"slider_start":100,"sprites":"jellyBeans","response":143,"absDeviation":7,"callibration":"test","block":7,"seed":31,"numerosity":150,"matchType":"unpaired","which":"second","trial_type":"numerosity-estimation","trial_index":144,"time_elapsed":1057379,"subject_id":"76432"},{"rt":7597,"stimulus":32,"slider_start":100,"sprites":"marbles","response":90,"absDeviation":45,"callibration":"test","block":7,"seed":32,"numerosity":135,"matchType":"unpaired","which":"second","trial_type":"numerosity-estimation","trial_index":145,"time_elapsed":1064979,"subject_id":"76432"},{"rt":24948,"stimulus":"<p> For the last block of trials, the average deviation of your guesses from correct answers was 15.</p>\n     <p>The smaller the deviation the better.  Your deviation was <b> VERY good</b>.</p><br>\n       <p>Press any key to continue to the next block of trials</p>","response":" ","trial_type":"html-keyboard-response","trial_index":146,"time_elapsed":1089928,"subject_id":"76432"},{"rt":8165,"stimulus":34,"slider_start":100,"sprites":"rocks","response":73,"absDeviation":23,"callibration":"test","block":8,"seed":34,"numerosity":50,"matchType":"paired","which":"first","trial_type":"numerosity-estimation","trial_index":147,"time_elapsed":1098095,"subject_id":"76432"},{"rt":4229,"stimulus":34,"slider_start":100,"sprites":"rocks","response":76,"absDeviation":26,"callibration":"test","block":8,"seed":34,"numerosity":50,"matchType":"paired","which":"second","trial_type":"numerosity-estimation","trial_index":148,"time_elapsed":1102328,"subject_id":"76432"},{"rt":9699,"stimulus":35,"slider_start":100,"sprites":"buttons","response":97,"absDeviation":19,"callibration":"test","block":8,"seed":35,"numerosity":78,"matchType":"unpaired","which":"second","trial_type":"numerosity-estimation","trial_index":149,"time_elapsed":1112029,"subject_id":"76432"},{"rt":16864,"stimulus":36,"slider_start":100,"sprites":"animalCrackers","response":70,"absDeviation":20,"callibration":"test","block":8,"seed":36,"numerosity":50,"matchType":"unpaired","which":"second","trial_type":"numerosity-estimation","trial_index":150,"time_elapsed":1128895,"subject_id":"76432"},{"rt":21315,"stimulus":38,"slider_start":100,"sprites":"butterflies","response":76,"absDeviation":2,"callibration":"test","block":8,"seed":38,"numerosity":78,"matchType":"paired","which":"first","trial_type":"numerosity-estimation","trial_index":151,"time_elapsed":1150212,"subject_id":"76432"},{"rt":10731,"stimulus":38,"slider_start":100,"sprites":"butterflies","response":82,"absDeviation":4,"callibration":"test","block":8,"seed":38,"numerosity":78,"matchType":"paired","which":"second","trial_type":"numerosity-estimation","trial_index":152,"time_elapsed":1160946,"subject_id":"76432"},{"rt":8963,"stimulus":39,"slider_start":100,"sprites":"hearts","response":105,"absDeviation":27,"callibration":"test","block":8,"seed":39,"numerosity":78,"matchType":"unpaired","which":"second","trial_type":"numerosity-estimation","trial_index":153,"time_elapsed":1169911,"subject_id":"76432"},{"rt":7381,"stimulus":40,"slider_start":100,"sprites":"crackers","response":154,"absDeviation":33,"callibration":"test","block":8,"seed":40,"numerosity":121,"matchType":"unpaired","which":"second","trial_type":"numerosity-estimation","trial_index":154,"time_elapsed":1177295,"subject_id":"76432"},{"rt":7631,"stimulus":42,"slider_start":100,"sprites":"fruits","response":108,"absDeviation":30,"callibration":"test","block":8,"seed":42,"numerosity":78,"matchType":"paired","which":"first","trial_type":"numerosity-estimation","trial_index":155,"time_elapsed":1184928,"subject_id":"76432"},{"rt":9797,"stimulus":42,"slider_start":100,"sprites":"fruits","response":83,"absDeviation":5,"callibration":"test","block":8,"seed":42,"numerosity":78,"matchType":"paired","which":"second","trial_type":"numerosity-estimation","trial_index":156,"time_elapsed":1194727,"subject_id":"76432"},{"rt":5433,"stimulus":43,"slider_start":100,"sprites":"jellyBeans","response":77,"absDeviation":13,"callibration":"test","block":8,"seed":43,"numerosity":64,"matchType":"unpaired","which":"second","trial_type":"numerosity-estimation","trial_index":157,"time_elapsed":1200162,"subject_id":"76432"},{"rt":5463,"stimulus":44,"slider_start":100,"sprites":"marbles","response":112,"absDeviation":9,"callibration":"test","block":8,"seed":44,"numerosity":121,"matchType":"unpaired","which":"second","trial_type":"numerosity-estimation","trial_index":158,"time_elapsed":1205628,"subject_id":"76432"},{"rt":8764,"stimulus":46,"slider_start":100,"sprites":"rocks","response":151,"absDeviation":44,"callibration":"test","block":8,"seed":46,"numerosity":107,"matchType":"paired","which":"first","trial_type":"numerosity-estimation","trial_index":159,"time_elapsed":1214394,"subject_id":"76432"},{"rt":4163,"stimulus":46,"slider_start":100,"sprites":"rocks","response":148,"absDeviation":41,"callibration":"test","block":8,"seed":46,"numerosity":107,"matchType":"paired","which":"second","trial_type":"numerosity-estimation","trial_index":160,"time_elapsed":1218561,"subject_id":"76432"},{"rt":7631,"stimulus":47,"slider_start":100,"sprites":"buttons","response":146,"absDeviation":25,"callibration":"test","block":8,"seed":47,"numerosity":121,"matchType":"unpaired","which":"second","trial_type":"numerosity-estimation","trial_index":161,"time_elapsed":1226195,"subject_id":"76432"},{"rt":6648,"stimulus":48,"slider_start":100,"sprites":"animalCrackers","response":148,"absDeviation":13,"callibration":"test","block":8,"seed":48,"numerosity":135,"matchType":"unpaired","which":"second","trial_type":"numerosity-estimation","trial_index":162,"time_elapsed":1232845,"subject_id":"76432"},{"rt":51309,"stimulus":"<p> For the last block of trials, the average deviation of your guesses from correct answers was 21.</p>\n     <p>The smaller the deviation the better.  Your deviation was <b> VERY good</b>.</p><br>\n       <p>Press any key to continue to the next block of trials</p>","response":" ","trial_type":"html-keyboard-response","trial_index":163,"time_elapsed":1284154,"subject_id":"76432"},{"rt":7254,"stimulus":50,"slider_start":100,"sprites":"butterflies","response":94,"absDeviation":56,"callibration":"test","block":9,"seed":50,"numerosity":150,"matchType":"paired","which":"first","trial_type":"numerosity-estimation","trial_index":164,"time_elapsed":1291410,"subject_id":"76432"},{"rt":4333,"stimulus":50,"slider_start":100,"sprites":"butterflies","response":106,"absDeviation":44,"callibration":"test","block":9,"seed":50,"numerosity":150,"matchType":"paired","which":"second","trial_type":"numerosity-estimation","trial_index":165,"time_elapsed":1295745,"subject_id":"76432"},{"rt":9295,"stimulus":51,"slider_start":100,"sprites":"hearts","response":153,"absDeviation":3,"callibration":"test","block":9,"seed":51,"numerosity":150,"matchType":"unpaired","which":"second","trial_type":"numerosity-estimation","trial_index":166,"time_elapsed":1305040,"subject_id":"76432"},{"rt":6532,"stimulus":52,"slider_start":100,"sprites":"crackers","response":85,"absDeviation":7,"callibration":"test","block":9,"seed":52,"numerosity":78,"matchType":"unpaired","which":"second","trial_type":"numerosity-estimation","trial_index":167,"time_elapsed":1311573,"subject_id":"76432"},{"rt":9381,"stimulus":54,"slider_start":100,"sprites":"fruits","response":106,"absDeviation":14,"callibration":"test","block":9,"seed":54,"numerosity":92,"matchType":"paired","which":"first","trial_type":"numerosity-estimation","trial_index":168,"time_elapsed":1320956,"subject_id":"76432"},{"rt":4429,"stimulus":54,"slider_start":100,"sprites":"fruits","response":109,"absDeviation":17,"callibration":"test","block":9,"seed":54,"numerosity":92,"matchType":"paired","which":"second","trial_type":"numerosity-estimation","trial_index":169,"time_elapsed":1325388,"subject_id":"76432"},{"rt":3948,"stimulus":55,"slider_start":100,"sprites":"jellyBeans","response":145,"absDeviation":24,"callibration":"test","block":9,"seed":55,"numerosity":121,"matchType":"unpaired","which":"second","trial_type":"numerosity-estimation","trial_index":170,"time_elapsed":1329338,"subject_id":"76432"},{"rt":4231,"stimulus":56,"slider_start":100,"sprites":"marbles","response":54,"absDeviation":10,"callibration":"test","block":9,"seed":56,"numerosity":64,"matchType":"unpaired","which":"second","trial_type":"numerosity-estimation","trial_index":171,"time_elapsed":1333571,"subject_id":"76432"},{"rt":4147,"stimulus":58,"slider_start":100,"sprites":"rocks","response":140,"absDeviation":19,"callibration":"test","block":9,"seed":58,"numerosity":121,"matchType":"paired","which":"first","trial_type":"numerosity-estimation","trial_index":172,"time_elapsed":1337721,"subject_id":"76432"},{"rt":3636,"stimulus":58,"slider_start":100,"sprites":"rocks","response":145,"absDeviation":24,"callibration":"test","block":9,"seed":58,"numerosity":121,"matchType":"paired","which":"second","trial_type":"numerosity-estimation","trial_index":173,"time_elapsed":1341359,"subject_id":"76432"},{"rt":6110,"stimulus":59,"slider_start":100,"sprites":"buttons","response":157,"absDeviation":22,"callibration":"test","block":9,"seed":59,"numerosity":135,"matchType":"unpaired","which":"second","trial_type":"numerosity-estimation","trial_index":174,"time_elapsed":1347471,"subject_id":"76432"},{"rt":4697,"stimulus":60,"slider_start":100,"sprites":"animalCrackers","response":161,"absDeviation":11,"callibration":"test","block":9,"seed":60,"numerosity":150,"matchType":"unpaired","which":"second","trial_type":"numerosity-estimation","trial_index":175,"time_elapsed":1352171,"subject_id":"76432"},{"rt":6815,"stimulus":62,"slider_start":100,"sprites":"butterflies","response":110,"absDeviation":25,"callibration":"test","block":9,"seed":62,"numerosity":135,"matchType":"paired","which":"first","trial_type":"numerosity-estimation","trial_index":176,"time_elapsed":1358988,"subject_id":"76432"},{"rt":3146,"stimulus":62,"slider_start":100,"sprites":"butterflies","response":92,"absDeviation":43,"callibration":"test","block":9,"seed":62,"numerosity":135,"matchType":"paired","which":"second","trial_type":"numerosity-estimation","trial_index":177,"time_elapsed":1362137,"subject_id":"76432"},{"rt":4297,"stimulus":63,"slider_start":100,"sprites":"hearts","response":90,"absDeviation":26,"callibration":"test","block":9,"seed":63,"numerosity":64,"matchType":"unpaired","which":"second","trial_type":"numerosity-estimation","trial_index":178,"time_elapsed":1366437,"subject_id":"76432"},{"rt":5098,"stimulus":64,"slider_start":100,"sprites":"crackers","response":148,"absDeviation":13,"callibration":"test","block":9,"seed":64,"numerosity":135,"matchType":"unpaired","which":"second","trial_type":"numerosity-estimation","trial_index":179,"time_elapsed":1371538,"subject_id":"76432"},{"rt":2217,"stimulus":"<p> For the last block of trials, the average deviation of your guesses from correct answers was 22.</p>\n     <p>The smaller the deviation the better.  Your deviation was <b> VERY good</b>.</p><br>\n       <p>Press any key to continue to the next block of trials</p>","response":" ","trial_type":"html-keyboard-response","trial_index":180,"time_elapsed":1373756,"subject_id":"76432"},{"rt":7079,"stimulus":66,"slider_start":100,"sprites":"fruits","response":78,"absDeviation":14,"callibration":"test","block":10,"seed":66,"numerosity":64,"matchType":"paired","which":"first","trial_type":"numerosity-estimation","trial_index":181,"time_elapsed":1380837,"subject_id":"76432"},{"rt":6780,"stimulus":66,"slider_start":100,"sprites":"fruits","response":76,"absDeviation":12,"callibration":"test","block":10,"seed":66,"numerosity":64,"matchType":"paired","which":"second","trial_type":"numerosity-estimation","trial_index":182,"time_elapsed":1387620,"subject_id":"76432"},{"rt":6280,"stimulus":67,"slider_start":100,"sprites":"jellyBeans","response":120,"absDeviation":13,"callibration":"test","block":10,"seed":67,"numerosity":107,"matchType":"unpaired","which":"second","trial_type":"numerosity-estimation","trial_index":183,"time_elapsed":1393903,"subject_id":"76432"},{"rt":4864,"stimulus":68,"slider_start":100,"sprites":"marbles","response":129,"absDeviation":21,"callibration":"test","block":10,"seed":68,"numerosity":150,"matchType":"unpaired","which":"second","trial_type":"numerosity-estimation","trial_index":184,"time_elapsed":1398770,"subject_id":"76432"},{"rt":5364,"stimulus":70,"slider_start":100,"sprites":"rocks","response":127,"absDeviation":35,"callibration":"test","block":10,"seed":70,"numerosity":92,"matchType":"paired","which":"first","trial_type":"numerosity-estimation","trial_index":185,"time_elapsed":1404137,"subject_id":"76432"},{"rt":5447,"stimulus":70,"slider_start":100,"sprites":"rocks","response":120,"absDeviation":28,"callibration":"test","block":10,"seed":70,"numerosity":92,"matchType":"paired","which":"second","trial_type":"numerosity-estimation","trial_index":186,"time_elapsed":1409587,"subject_id":"76432"},{"rt":3880,"stimulus":71,"slider_start":100,"sprites":"buttons","response":137,"absDeviation":30,"callibration":"test","block":10,"seed":71,"numerosity":107,"matchType":"unpaired","which":"second","trial_type":"numerosity-estimation","trial_index":187,"time_elapsed":1413470,"subject_id":"76432"},{"rt":8598,"stimulus":72,"slider_start":100,"sprites":"animalCrackers","response":65,"absDeviation":15,"callibration":"test","block":10,"seed":72,"numerosity":50,"matchType":"unpaired","which":"second","trial_type":"numerosity-estimation","trial_index":188,"time_elapsed":1422071,"subject_id":"76432"},{"rt":7480,"stimulus":74,"slider_start":100,"sprites":"butterflies","response":56,"absDeviation":8,"callibration":"test","block":10,"seed":74,"numerosity":64,"matchType":"paired","which":"first","trial_type":"numerosity-estimation","trial_index":189,"time_elapsed":1429553,"subject_id":"76432"},{"rt":10014,"stimulus":74,"slider_start":100,"sprites":"butterflies","response":68,"absDeviation":4,"callibration":"test","block":10,"seed":74,"numerosity":64,"matchType":"paired","which":"second","trial_type":"numerosity-estimation","trial_index":190,"time_elapsed":1439570,"subject_id":"76432"},{"rt":3730,"stimulus":75,"slider_start":100,"sprites":"hearts","response":104,"absDeviation":12,"callibration":"test","block":10,"seed":75,"numerosity":92,"matchType":"unpaired","which":"second","trial_type":"numerosity-estimation","trial_index":191,"time_elapsed":1443303,"subject_id":"76432"},{"rt":4464,"stimulus":76,"slider_start":100,"sprites":"crackers","response":74,"absDeviation":10,"callibration":"test","block":10,"seed":76,"numerosity":64,"matchType":"unpaired","which":"second","trial_type":"numerosity-estimation","trial_index":192,"time_elapsed":1447770,"subject_id":"76432"},{"rt":3914,"stimulus":78,"slider_start":100,"sprites":"fruits","response":78,"absDeviation":14,"callibration":"test","block":10,"seed":78,"numerosity":64,"matchType":"paired","which":"first","trial_type":"numerosity-estimation","trial_index":193,"time_elapsed":1451687,"subject_id":"76432"},{"rt":4164,"stimulus":78,"slider_start":100,"sprites":"fruits","response":83,"absDeviation":19,"callibration":"test","block":10,"seed":78,"numerosity":64,"matchType":"paired","which":"second","trial_type":"numerosity-estimation","trial_index":194,"time_elapsed":1455853,"subject_id":"76432"},{"rt":11681,"stimulus":79,"slider_start":100,"sprites":"jellyBeans","response":81,"absDeviation":31,"callibration":"test","block":10,"seed":79,"numerosity":50,"matchType":"unpaired","which":"second","trial_type":"numerosity-estimation","trial_index":195,"time_elapsed":1467536,"subject_id":"76432"},{"rt":13497,"stimulus":80,"slider_start":100,"sprites":"marbles","response":118,"absDeviation":3,"callibration":"test","block":10,"seed":80,"numerosity":121,"matchType":"unpaired","which":"second","trial_type":"numerosity-estimation","trial_index":196,"time_elapsed":1481035,"subject_id":"76432"},{"rt":73489,"stimulus":"<p> For the last block of trials, the average deviation of your guesses from correct answers was 17.</p>\n     <p>The smaller the deviation the better.  Your deviation was <b> VERY good</b>.</p><br>\n       <p>Press any key to continue to the next block of trials</p>","response":" ","trial_type":"html-keyboard-response","trial_index":197,"time_elapsed":1554523,"subject_id":"76432"},{"rt":5677,"stimulus":82,"slider_start":100,"sprites":"rocks","response":72,"absDeviation":8,"callibration":"test","block":11,"seed":82,"numerosity":64,"matchType":"paired","which":"first","trial_type":"numerosity-estimation","trial_index":198,"time_elapsed":1560202,"subject_id":"76432"},{"rt":5999,"stimulus":82,"slider_start":100,"sprites":"rocks","response":81,"absDeviation":17,"callibration":"test","block":11,"seed":82,"numerosity":64,"matchType":"paired","which":"second","trial_type":"numerosity-estimation","trial_index":199,"time_elapsed":1566204,"subject_id":"76432"},{"rt":10013,"stimulus":83,"slider_start":100,"sprites":"buttons","response":145,"absDeviation":24,"callibration":"test","block":11,"seed":83,"numerosity":121,"matchType":"unpaired","which":"second","trial_type":"numerosity-estimation","trial_index":200,"time_elapsed":1576219,"subject_id":"76432"},{"rt":7981,"stimulus":84,"slider_start":100,"sprites":"animalCrackers","response":72,"absDeviation":22,"callibration":"test","block":11,"seed":84,"numerosity":50,"matchType":"unpaired","which":"second","trial_type":"numerosity-estimation","trial_index":201,"time_elapsed":1584202,"subject_id":"76432"},{"rt":7215,"stimulus":86,"slider_start":100,"sprites":"butterflies","response":103,"absDeviation":18,"callibration":"test","block":11,"seed":86,"numerosity":121,"matchType":"paired","which":"first","trial_type":"numerosity-estimation","trial_index":202,"time_elapsed":1591419,"subject_id":"76432"},{"rt":11313,"stimulus":86,"slider_start":100,"sprites":"butterflies","response":93,"absDeviation":28,"callibration":"test","block":11,"seed":86,"numerosity":121,"matchType":"paired","which":"second","trial_type":"numerosity-estimation","trial_index":203,"time_elapsed":1602735,"subject_id":"76432"},{"rt":6716,"stimulus":87,"slider_start":100,"sprites":"hearts","response":84,"absDeviation":34,"callibration":"test","block":11,"seed":87,"numerosity":50,"matchType":"unpaired","which":"second","trial_type":"numerosity-estimation","trial_index":204,"time_elapsed":1609453,"subject_id":"76432"},{"rt":4496,"stimulus":88,"slider_start":100,"sprites":"crackers","response":152,"absDeviation":17,"callibration":"test","block":11,"seed":88,"numerosity":135,"matchType":"unpaired","which":"second","trial_type":"numerosity-estimation","trial_index":205,"time_elapsed":1613951,"subject_id":"76432"},{"rt":5414,"stimulus":90,"slider_start":100,"sprites":"fruits","response":155,"absDeviation":5,"callibration":"test","block":11,"seed":90,"numerosity":150,"matchType":"paired","which":"first","trial_type":"numerosity-estimation","trial_index":206,"time_elapsed":1619368,"subject_id":"76432"},{"rt":4464,"stimulus":90,"slider_start":100,"sprites":"fruits","response":145,"absDeviation":5,"callibration":"test","block":11,"seed":90,"numerosity":150,"matchType":"paired","which":"second","trial_type":"numerosity-estimation","trial_index":207,"time_elapsed":1623835,"subject_id":"76432"},{"rt":3847,"stimulus":91,"slider_start":100,"sprites":"jellyBeans","response":73,"absDeviation":19,"callibration":"test","block":11,"seed":91,"numerosity":92,"matchType":"unpaired","which":"second","trial_type":"numerosity-estimation","trial_index":208,"time_elapsed":1627685,"subject_id":"76432"},{"rt":8965,"stimulus":92,"slider_start":100,"sprites":"marbles","response":114,"absDeviation":7,"callibration":"test","block":11,"seed":92,"numerosity":121,"matchType":"unpaired","which":"second","trial_type":"numerosity-estimation","trial_index":209,"time_elapsed":1636652,"subject_id":"76432"},{"rt":7914,"stimulus":94,"slider_start":100,"sprites":"rocks","response":92,"absDeviation":14,"callibration":"test","block":11,"seed":94,"numerosity":78,"matchType":"paired","which":"first","trial_type":"numerosity-estimation","trial_index":210,"time_elapsed":1644568,"subject_id":"76432"},{"rt":7582,"stimulus":94,"slider_start":100,"sprites":"rocks","response":106,"absDeviation":28,"callibration":"test","block":11,"seed":94,"numerosity":78,"matchType":"paired","which":"second","trial_type":"numerosity-estimation","trial_index":211,"time_elapsed":1652152,"subject_id":"76432"},{"rt":4264,"stimulus":95,"slider_start":100,"sprites":"buttons","response":72,"absDeviation":8,"callibration":"test","block":11,"seed":95,"numerosity":64,"matchType":"unpaired","which":"second","trial_type":"numerosity-estimation","trial_index":212,"time_elapsed":1656419,"subject_id":"76432"},{"rt":8064,"stimulus":96,"slider_start":100,"sprites":"animalCrackers","response":112,"absDeviation":20,"callibration":"test","block":11,"seed":96,"numerosity":92,"matchType":"unpaired","which":"second","trial_type":"numerosity-estimation","trial_index":213,"time_elapsed":1664485,"subject_id":"76432"},{"rt":138190,"stimulus":"<p> For the last block of trials, the average deviation of your guesses from correct answers was 17.</p>\n     <p>The smaller the deviation the better.  Your deviation was <b> VERY good</b>.</p><br>\n       <p>Press any key to continue to the next block of trials</p>","response":" ","trial_type":"html-keyboard-response","trial_index":214,"time_elapsed":1802671,"subject_id":"76432"},{"rt":15858,"response":{"averageEstimates":"When the two displays occured back-to-back, in immediate succession.","firstOrSecond":"The second time the objects were shown"},"question_order":[0,1],"trial_type":"survey-multi-choice","trial_index":215,"time_elapsed":1818533,"subject_id":"76432"}]