[{"rt":16896,"url":"consent.html","trial_type":"external-html","trial_index":0,"time_elapsed":16977,"subject_id":"78098"},{"view_history":[{"page_index":0,"viewing_time":101122}],"rt":101123,"trial_type":"instructions","trial_index":1,"time_elapsed":118102,"subject_id":"78098"},{"rt":10772,"stimulus":0,"slider_start":100,"sprites":"animalCrackers","response":100,"absDeviation":50,"callibration":"callibration","block":-1,"seed":0,"numerosity":50,"matchType":"callibration","which":"first","trial_type":"numerosity-estimation","trial_index":2,"time_elapsed":128878,"subject_id":"78098"},{"rt":6855,"stimulus":1,"slider_start":100,"sprites":"letters","response":100,"absDeviation":36,"callibration":"callibration","block":-1,"seed":1,"numerosity":64,"matchType":"callibration","which":"first","trial_type":"numerosity-estimation","trial_index":3,"time_elapsed":135735,"subject_id":"78098"},{"rt":4590,"stimulus":2,"slider_start":100,"sprites":"butterflies","response":100,"absDeviation":22,"callibration":"callibration","block":-1,"seed":2,"numerosity":78,"matchType":"callibration","which":"first","trial_type":"numerosity-estimation","trial_index":4,"time_elapsed":140327,"subject_id":"78098"},{"rt":2968,"stimulus":3,"slider_start":100,"sprites":"hearts","response":100,"absDeviation":8,"callibration":"callibration","block":-1,"seed":3,"numerosity":92,"matchType":"callibration","which":"first","trial_type":"numerosity-estimation","trial_index":5,"time_elapsed":143297,"subject_id":"78098"},{"rt":3645,"stimulus":4,"slider_start":100,"sprites":"crackers","response":100,"absDeviation":7,"callibration":"callibration","block":-1,"seed":4,"numerosity":107,"matchType":"callibration","which":"first","trial_type":"numerosity-estimation","trial_index":6,"time_elapsed":146943,"subject_id":"78098"},{"rt":4781,"stimulus":5,"slider_start":100,"sprites":"bears","response":100,"absDeviation":21,"callibration":"callibration","block":-1,"seed":5,"numerosity":121,"matchType":"callibration","which":"first","trial_type":"numerosity-estimation","trial_index":7,"time_elapsed":151726,"subject_id":"78098"},{"rt":4143,"stimulus":6,"slider_start":100,"sprites":"fruits","response":100,"absDeviation":35,"callibration":"callibration","block":-1,"seed":6,"numerosity":135,"matchType":"callibration","which":"first","trial_type":"numerosity-estimation","trial_index":8,"time_elapsed":155871,"subject_id":"78098"},{"rt":3450,"stimulus":7,"slider_start":100,"sprites":"jellyBeans","response":100,"absDeviation":50,"callibration":"callibration","block":-1,"seed":7,"numerosity":150,"matchType":"callibration","which":"first","trial_type":"numerosity-estimation","trial_index":9,"time_elapsed":159322,"subject_id":"78098"},{"view_history":[{"page_index":0,"viewing_time":25110}],"rt":25110,"trial_type":"instructions","trial_index":10,"time_elapsed":184433,"subject_id":"78098"},{"rt":8413,"stimulus":1,"slider_start":100,"sprites":"letters","response":75,"absDeviation":17,"callibration":"test","block":0,"seed":1,"numerosity":92,"matchType":"paired","which":"first","trial_type":"numerosity-estimation","trial_index":11,"time_elapsed":192847,"subject_id":"78098"},{"rt":8802,"stimulus":1,"slider_start":100,"sprites":"letters","response":75,"absDeviation":17,"callibration":"test","block":0,"seed":1,"numerosity":92,"matchType":"paired","which":"second","trial_type":"numerosity-estimation","trial_index":12,"time_elapsed":201650,"subject_id":"78098"},{"rt":10263,"stimulus":3,"slider_start":100,"sprites":"hearts","response":50,"absDeviation":0,"callibration":"test","block":0,"seed":3,"numerosity":50,"matchType":"unpaired","which":"first","trial_type":"numerosity-estimation","trial_index":13,"time_elapsed":211914,"subject_id":"78098"},{"rt":11343,"stimulus":4,"slider_start":100,"sprites":"crackers","response":87,"absDeviation":20,"callibration":"test","block":0,"seed":4,"numerosity":107,"matchType":"unpaired","which":"first","trial_type":"numerosity-estimation","trial_index":14,"time_elapsed":223259,"subject_id":"78098"},{"rt":11181,"stimulus":5,"slider_start":100,"sprites":"bears","response":47,"absDeviation":3,"callibration":"test","block":0,"seed":5,"numerosity":50,"matchType":"paired","which":"first","trial_type":"numerosity-estimation","trial_index":15,"time_elapsed":234441,"subject_id":"78098"},{"rt":13449,"stimulus":5,"slider_start":100,"sprites":"bears","response":50,"absDeviation":0,"callibration":"test","block":0,"seed":5,"numerosity":50,"matchType":"paired","which":"second","trial_type":"numerosity-estimation","trial_index":16,"time_elapsed":247892,"subject_id":"78098"},{"rt":6261,"stimulus":7,"slider_start":100,"sprites":"jellyBeans","response":71,"absDeviation":21,"callibration":"test","block":0,"seed":7,"numerosity":50,"matchType":"unpaired","which":"first","trial_type":"numerosity-estimation","trial_index":17,"time_elapsed":254154,"subject_id":"78098"},{"rt":8331,"stimulus":8,"slider_start":100,"sprites":"marbles","response":86,"absDeviation":6,"callibration":"test","block":0,"seed":8,"numerosity":92,"matchType":"unpaired","which":"first","trial_type":"numerosity-estimation","trial_index":18,"time_elapsed":262487,"subject_id":"78098"},{"rt":6023,"stimulus":9,"slider_start":100,"sprites":"mints","response":112,"absDeviation":23,"callibration":"test","block":0,"seed":9,"numerosity":135,"matchType":"paired","which":"first","trial_type":"numerosity-estimation","trial_index":19,"time_elapsed":268511,"subject_id":"78098"},{"rt":3346,"stimulus":9,"slider_start":100,"sprites":"mints","response":120,"absDeviation":15,"callibration":"test","block":0,"seed":9,"numerosity":135,"matchType":"paired","which":"second","trial_type":"numerosity-estimation","trial_index":20,"time_elapsed":271859,"subject_id":"78098"},{"rt":8987,"stimulus":11,"slider_start":100,"sprites":"buttons","response":131,"absDeviation":24,"callibration":"test","block":0,"seed":11,"numerosity":107,"matchType":"unpaired","which":"first","trial_type":"numerosity-estimation","trial_index":21,"time_elapsed":280847,"subject_id":"78098"},{"rt":8296,"stimulus":12,"slider_start":100,"sprites":"animalCrackers","response":98,"absDeviation":6,"callibration":"test","block":0,"seed":12,"numerosity":92,"matchType":"unpaired","which":"first","trial_type":"numerosity-estimation","trial_index":22,"time_elapsed":289145,"subject_id":"78098"},{"rt":7331,"stimulus":13,"slider_start":100,"sprites":"letters","response":91,"absDeviation":16,"callibration":"test","block":0,"seed":13,"numerosity":107,"matchType":"paired","which":"first","trial_type":"numerosity-estimation","trial_index":23,"time_elapsed":296476,"subject_id":"78098"},{"rt":3160,"stimulus":13,"slider_start":100,"sprites":"letters","response":90,"absDeviation":17,"callibration":"test","block":0,"seed":13,"numerosity":107,"matchType":"paired","which":"second","trial_type":"numerosity-estimation","trial_index":24,"time_elapsed":299638,"subject_id":"78098"},{"rt":7082,"stimulus":15,"slider_start":100,"sprites":"hearts","response":107,"absDeviation":14,"callibration":"test","block":0,"seed":15,"numerosity":121,"matchType":"unpaired","which":"first","trial_type":"numerosity-estimation","trial_index":25,"time_elapsed":306721,"subject_id":"78098"},{"rt":6256,"stimulus":16,"slider_start":100,"sprites":"crackers","response":62,"absDeviation":2,"callibration":"test","block":0,"seed":16,"numerosity":64,"matchType":"unpaired","which":"first","trial_type":"numerosity-estimation","trial_index":26,"time_elapsed":312978,"subject_id":"78098"},{"rt":12785,"stimulus":"<p> For the last block of trials, the average deviation of your guesses from correct answers was 13.</p>\n     <p>The smaller the deviation the better.  Your deviation was <b> AMAZINGLY good</b>.</p><br>\n       <p>Press any key to continue to the next block of trials</p>","response":" ","trial_type":"html-keyboard-response","trial_index":27,"time_elapsed":325765,"subject_id":"78098"},{"rt":7774,"stimulus":17,"slider_start":100,"sprites":"bears","response":101,"absDeviation":9,"callibration":"test","block":1,"seed":17,"numerosity":92,"matchType":"paired","which":"first","trial_type":"numerosity-estimation","trial_index":28,"time_elapsed":333540,"subject_id":"78098"},{"rt":3905,"stimulus":17,"slider_start":100,"sprites":"bears","response":83,"absDeviation":9,"callibration":"test","block":1,"seed":17,"numerosity":92,"matchType":"paired","which":"second","trial_type":"numerosity-estimation","trial_index":29,"time_elapsed":337446,"subject_id":"78098"},{"rt":3795,"stimulus":19,"slider_start":100,"sprites":"jellyBeans","response":117,"absDeviation":18,"callibration":"test","block":1,"seed":19,"numerosity":135,"matchType":"unpaired","which":"first","trial_type":"numerosity-estimation","trial_index":30,"time_elapsed":341243,"subject_id":"78098"},{"rt":8923,"stimulus":20,"slider_start":100,"sprites":"marbles","response":62,"absDeviation":16,"callibration":"test","block":1,"seed":20,"numerosity":78,"matchType":"unpaired","which":"first","trial_type":"numerosity-estimation","trial_index":31,"time_elapsed":350167,"subject_id":"78098"},{"rt":5063,"stimulus":21,"slider_start":100,"sprites":"mints","response":90,"absDeviation":2,"callibration":"test","block":1,"seed":21,"numerosity":92,"matchType":"paired","which":"first","trial_type":"numerosity-estimation","trial_index":32,"time_elapsed":355232,"subject_id":"78098"},{"rt":2926,"stimulus":21,"slider_start":100,"sprites":"mints","response":89,"absDeviation":3,"callibration":"test","block":1,"seed":21,"numerosity":92,"matchType":"paired","which":"second","trial_type":"numerosity-estimation","trial_index":33,"time_elapsed":358159,"subject_id":"78098"},{"rt":3263,"stimulus":23,"slider_start":100,"sprites":"buttons","response":150,"absDeviation":0,"callibration":"test","block":1,"seed":23,"numerosity":150,"matchType":"unpaired","which":"first","trial_type":"numerosity-estimation","trial_index":34,"time_elapsed":361423,"subject_id":"78098"},{"rt":3965,"stimulus":24,"slider_start":100,"sprites":"animalCrackers","response":121,"absDeviation":14,"callibration":"test","block":1,"seed":24,"numerosity":107,"matchType":"unpaired","which":"first","trial_type":"numerosity-estimation","trial_index":35,"time_elapsed":365389,"subject_id":"78098"},{"rt":3036,"stimulus":25,"slider_start":100,"sprites":"letters","response":110,"absDeviation":3,"callibration":"test","block":1,"seed":25,"numerosity":107,"matchType":"paired","which":"first","trial_type":"numerosity-estimation","trial_index":36,"time_elapsed":368427,"subject_id":"78098"},{"rt":3064,"stimulus":25,"slider_start":100,"sprites":"letters","response":100,"absDeviation":7,"callibration":"test","block":1,"seed":25,"numerosity":107,"matchType":"paired","which":"second","trial_type":"numerosity-estimation","trial_index":37,"time_elapsed":371493,"subject_id":"78098"},{"rt":4415,"stimulus":27,"slider_start":100,"sprites":"hearts","response":130,"absDeviation":9,"callibration":"test","block":1,"seed":27,"numerosity":121,"matchType":"unpaired","which":"first","trial_type":"numerosity-estimation","trial_index":38,"time_elapsed":375909,"subject_id":"78098"},{"rt":4119,"stimulus":28,"slider_start":100,"sprites":"crackers","response":161,"absDeviation":11,"callibration":"test","block":1,"seed":28,"numerosity":150,"matchType":"unpaired","which":"first","trial_type":"numerosity-estimation","trial_index":39,"time_elapsed":380029,"subject_id":"78098"},{"rt":5180,"stimulus":29,"slider_start":100,"sprites":"bears","response":62,"absDeviation":2,"callibration":"test","block":1,"seed":29,"numerosity":64,"matchType":"paired","which":"first","trial_type":"numerosity-estimation","trial_index":40,"time_elapsed":385211,"subject_id":"78098"},{"rt":3281,"stimulus":29,"slider_start":100,"sprites":"bears","response":66,"absDeviation":2,"callibration":"test","block":1,"seed":29,"numerosity":64,"matchType":"paired","which":"second","trial_type":"numerosity-estimation","trial_index":41,"time_elapsed":388493,"subject_id":"78098"},{"rt":2842,"stimulus":31,"slider_start":100,"sprites":"jellyBeans","response":125,"absDeviation":25,"callibration":"test","block":1,"seed":31,"numerosity":150,"matchType":"unpaired","which":"first","trial_type":"numerosity-estimation","trial_index":42,"time_elapsed":391336,"subject_id":"78098"},{"rt":3528,"stimulus":32,"slider_start":100,"sprites":"marbles","response":107,"absDeviation":28,"callibration":"test","block":1,"seed":32,"numerosity":135,"matchType":"unpaired","which":"first","trial_type":"numerosity-estimation","trial_index":43,"time_elapsed":394865,"subject_id":"78098"},{"rt":6575,"stimulus":"<p> For the last block of trials, the average deviation of your guesses from correct answers was 10.</p>\n     <p>The smaller the deviation the better.  Your deviation was <b> AMAZINGLY good</b>.</p><br>\n       <p>Press any key to continue to the next block of trials</p>","response":" ","trial_type":"html-keyboard-response","trial_index":44,"time_elapsed":401441,"subject_id":"78098"},{"rt":6199,"stimulus":33,"slider_start":100,"sprites":"mints","response":111,"absDeviation":10,"callibration":"test","block":2,"seed":33,"numerosity":121,"matchType":"paired","which":"first","trial_type":"numerosity-estimation","trial_index":45,"time_elapsed":407641,"subject_id":"78098"},{"rt":3789,"stimulus":33,"slider_start":100,"sprites":"mints","response":106,"absDeviation":15,"callibration":"test","block":2,"seed":33,"numerosity":121,"matchType":"paired","which":"second","trial_type":"numerosity-estimation","trial_index":46,"time_elapsed":411432,"subject_id":"78098"},{"rt":2780,"stimulus":35,"slider_start":100,"sprites":"buttons","response":92,"absDeviation":14,"callibration":"test","block":2,"seed":35,"numerosity":78,"matchType":"unpaired","which":"first","trial_type":"numerosity-estimation","trial_index":47,"time_elapsed":414214,"subject_id":"78098"},{"rt":5900,"stimulus":36,"slider_start":100,"sprites":"animalCrackers","response":54,"absDeviation":4,"callibration":"test","block":2,"seed":36,"numerosity":50,"matchType":"unpaired","which":"first","trial_type":"numerosity-estimation","trial_index":48,"time_elapsed":420115,"subject_id":"78098"},{"rt":4101,"stimulus":37,"slider_start":100,"sprites":"letters","response":113,"absDeviation":22,"callibration":"test","block":2,"seed":37,"numerosity":135,"matchType":"paired","which":"first","trial_type":"numerosity-estimation","trial_index":49,"time_elapsed":424217,"subject_id":"78098"},{"rt":2975,"stimulus":37,"slider_start":100,"sprites":"letters","response":109,"absDeviation":26,"callibration":"test","block":2,"seed":37,"numerosity":135,"matchType":"paired","which":"second","trial_type":"numerosity-estimation","trial_index":50,"time_elapsed":427194,"subject_id":"78098"},{"rt":3755,"stimulus":39,"slider_start":100,"sprites":"hearts","response":94,"absDeviation":16,"callibration":"test","block":2,"seed":39,"numerosity":78,"matchType":"unpaired","which":"first","trial_type":"numerosity-estimation","trial_index":51,"time_elapsed":430949,"subject_id":"78098"},{"rt":3821,"stimulus":40,"slider_start":100,"sprites":"crackers","response":131,"absDeviation":10,"callibration":"test","block":2,"seed":40,"numerosity":121,"matchType":"unpaired","which":"first","trial_type":"numerosity-estimation","trial_index":52,"time_elapsed":434772,"subject_id":"78098"},{"rt":8578,"stimulus":41,"slider_start":100,"sprites":"bears","response":61,"absDeviation":11,"callibration":"test","block":2,"seed":41,"numerosity":50,"matchType":"paired","which":"first","trial_type":"numerosity-estimation","trial_index":53,"time_elapsed":443351,"subject_id":"78098"},{"rt":7311,"stimulus":41,"slider_start":100,"sprites":"bears","response":61,"absDeviation":11,"callibration":"test","block":2,"seed":41,"numerosity":50,"matchType":"paired","which":"second","trial_type":"numerosity-estimation","trial_index":54,"time_elapsed":450663,"subject_id":"78098"},{"rt":6213,"stimulus":43,"slider_start":100,"sprites":"jellyBeans","response":60,"absDeviation":4,"callibration":"test","block":2,"seed":43,"numerosity":64,"matchType":"unpaired","which":"first","trial_type":"numerosity-estimation","trial_index":55,"time_elapsed":456877,"subject_id":"78098"},{"rt":7383,"stimulus":44,"slider_start":100,"sprites":"marbles","response":108,"absDeviation":13,"callibration":"test","block":2,"seed":44,"numerosity":121,"matchType":"unpaired","which":"first","trial_type":"numerosity-estimation","trial_index":56,"time_elapsed":464261,"subject_id":"78098"},{"rt":4078,"stimulus":45,"slider_start":100,"sprites":"mints","response":131,"absDeviation":10,"callibration":"test","block":2,"seed":45,"numerosity":121,"matchType":"paired","which":"first","trial_type":"numerosity-estimation","trial_index":57,"time_elapsed":468341,"subject_id":"78098"},{"rt":3929,"stimulus":45,"slider_start":100,"sprites":"mints","response":117,"absDeviation":4,"callibration":"test","block":2,"seed":45,"numerosity":121,"matchType":"paired","which":"second","trial_type":"numerosity-estimation","trial_index":58,"time_elapsed":472272,"subject_id":"78098"},{"rt":3683,"stimulus":47,"slider_start":100,"sprites":"buttons","response":144,"absDeviation":23,"callibration":"test","block":2,"seed":47,"numerosity":121,"matchType":"unpaired","which":"first","trial_type":"numerosity-estimation","trial_index":59,"time_elapsed":475955,"subject_id":"78098"},{"rt":3291,"stimulus":48,"slider_start":100,"sprites":"animalCrackers","response":144,"absDeviation":9,"callibration":"test","block":2,"seed":48,"numerosity":135,"matchType":"unpaired","which":"first","trial_type":"numerosity-estimation","trial_index":60,"time_elapsed":479248,"subject_id":"78098"},{"rt":2819,"stimulus":"<p> For the last block of trials, the average deviation of your guesses from correct answers was 13.</p>\n     <p>The smaller the deviation the better.  Your deviation was <b> AMAZINGLY good</b>.</p><br>\n       <p>Press any key to continue to the next block of trials</p>","response":" ","trial_type":"html-keyboard-response","trial_index":61,"time_elapsed":482068,"subject_id":"78098"},{"rt":10267,"stimulus":49,"slider_start":100,"sprites":"letters","response":90,"absDeviation":12,"callibration":"test","block":3,"seed":49,"numerosity":78,"matchType":"paired","which":"first","trial_type":"numerosity-estimation","trial_index":62,"time_elapsed":492336,"subject_id":"78098"},{"rt":5570,"stimulus":49,"slider_start":100,"sprites":"letters","response":82,"absDeviation":4,"callibration":"test","block":3,"seed":49,"numerosity":78,"matchType":"paired","which":"second","trial_type":"numerosity-estimation","trial_index":63,"time_elapsed":497907,"subject_id":"78098"},{"rt":3254,"stimulus":51,"slider_start":100,"sprites":"hearts","response":122,"absDeviation":28,"callibration":"test","block":3,"seed":51,"numerosity":150,"matchType":"unpaired","which":"first","trial_type":"numerosity-estimation","trial_index":64,"time_elapsed":501162,"subject_id":"78098"},{"rt":3531,"stimulus":52,"slider_start":100,"sprites":"crackers","response":108,"absDeviation":30,"callibration":"test","block":3,"seed":52,"numerosity":78,"matchType":"unpaired","which":"first","trial_type":"numerosity-estimation","trial_index":65,"time_elapsed":504695,"subject_id":"78098"},{"rt":3872,"stimulus":53,"slider_start":100,"sprites":"bears","response":86,"absDeviation":36,"callibration":"test","block":3,"seed":53,"numerosity":50,"matchType":"paired","which":"first","trial_type":"numerosity-estimation","trial_index":66,"time_elapsed":508568,"subject_id":"78098"},{"rt":3544,"stimulus":53,"slider_start":100,"sprites":"bears","response":92,"absDeviation":42,"callibration":"test","block":3,"seed":53,"numerosity":50,"matchType":"paired","which":"second","trial_type":"numerosity-estimation","trial_index":67,"time_elapsed":512114,"subject_id":"78098"},{"rt":3067,"stimulus":55,"slider_start":100,"sprites":"jellyBeans","response":109,"absDeviation":12,"callibration":"test","block":3,"seed":55,"numerosity":121,"matchType":"unpaired","which":"first","trial_type":"numerosity-estimation","trial_index":68,"time_elapsed":515182,"subject_id":"78098"},{"rt":7528,"stimulus":56,"slider_start":100,"sprites":"marbles","response":70,"absDeviation":6,"callibration":"test","block":3,"seed":56,"numerosity":64,"matchType":"unpaired","which":"first","trial_type":"numerosity-estimation","trial_index":69,"time_elapsed":522711,"subject_id":"78098"},{"rt":11327,"stimulus":57,"slider_start":100,"sprites":"mints","response":91,"absDeviation":27,"callibration":"test","block":3,"seed":57,"numerosity":64,"matchType":"paired","which":"first","trial_type":"numerosity-estimation","trial_index":70,"time_elapsed":534039,"subject_id":"78098"},{"rt":3000,"stimulus":57,"slider_start":100,"sprites":"mints","response":90,"absDeviation":26,"callibration":"test","block":3,"seed":57,"numerosity":64,"matchType":"paired","which":"second","trial_type":"numerosity-estimation","trial_index":71,"time_elapsed":537040,"subject_id":"78098"},{"rt":3655,"stimulus":59,"slider_start":100,"sprites":"buttons","response":151,"absDeviation":16,"callibration":"test","block":3,"seed":59,"numerosity":135,"matchType":"unpaired","which":"first","trial_type":"numerosity-estimation","trial_index":72,"time_elapsed":540696,"subject_id":"78098"},{"rt":4243,"stimulus":60,"slider_start":100,"sprites":"animalCrackers","response":164,"absDeviation":14,"callibration":"test","block":3,"seed":60,"numerosity":150,"matchType":"unpaired","which":"first","trial_type":"numerosity-estimation","trial_index":73,"time_elapsed":544940,"subject_id":"78098"},{"rt":4481,"stimulus":61,"slider_start":100,"sprites":"letters","response":59,"absDeviation":9,"callibration":"test","block":3,"seed":61,"numerosity":50,"matchType":"paired","which":"first","trial_type":"numerosity-estimation","trial_index":74,"time_elapsed":549422,"subject_id":"78098"},{"rt":4802,"stimulus":61,"slider_start":100,"sprites":"letters","response":58,"absDeviation":8,"callibration":"test","block":3,"seed":61,"numerosity":50,"matchType":"paired","which":"second","trial_type":"numerosity-estimation","trial_index":75,"time_elapsed":554226,"subject_id":"78098"},{"rt":5633,"stimulus":63,"slider_start":100,"sprites":"hearts","response":83,"absDeviation":19,"callibration":"test","block":3,"seed":63,"numerosity":64,"matchType":"unpaired","which":"first","trial_type":"numerosity-estimation","trial_index":76,"time_elapsed":559860,"subject_id":"78098"},{"rt":5305,"stimulus":64,"slider_start":100,"sprites":"crackers","response":141,"absDeviation":6,"callibration":"test","block":3,"seed":64,"numerosity":135,"matchType":"unpaired","which":"first","trial_type":"numerosity-estimation","trial_index":77,"time_elapsed":565166,"subject_id":"78098"},{"rt":2418,"stimulus":"<p> For the last block of trials, the average deviation of your guesses from correct answers was 18.</p>\n     <p>The smaller the deviation the better.  Your deviation was <b> VERY good</b>.</p><br>\n       <p>Press any key to continue to the next block of trials</p>","response":" ","trial_type":"html-keyboard-response","trial_index":78,"time_elapsed":567585,"subject_id":"78098"},{"rt":5990,"stimulus":65,"slider_start":100,"sprites":"bears","response":100,"absDeviation":7,"callibration":"test","block":4,"seed":65,"numerosity":107,"matchType":"paired","which":"first","trial_type":"numerosity-estimation","trial_index":79,"time_elapsed":573577,"subject_id":"78098"},{"rt":2591,"stimulus":65,"slider_start":100,"sprites":"bears","response":100,"absDeviation":7,"callibration":"test","block":4,"seed":65,"numerosity":107,"matchType":"paired","which":"second","trial_type":"numerosity-estimation","trial_index":80,"time_elapsed":576169,"subject_id":"78098"},{"rt":3467,"stimulus":67,"slider_start":100,"sprites":"jellyBeans","response":106,"absDeviation":1,"callibration":"test","block":4,"seed":67,"numerosity":107,"matchType":"unpaired","which":"first","trial_type":"numerosity-estimation","trial_index":81,"time_elapsed":579636,"subject_id":"78098"},{"rt":3908,"stimulus":68,"slider_start":100,"sprites":"marbles","response":115,"absDeviation":35,"callibration":"test","block":4,"seed":68,"numerosity":150,"matchType":"unpaired","which":"first","trial_type":"numerosity-estimation","trial_index":82,"time_elapsed":583545,"subject_id":"78098"},{"rt":2577,"stimulus":69,"slider_start":100,"sprites":"mints","response":117,"absDeviation":4,"callibration":"test","block":4,"seed":69,"numerosity":121,"matchType":"paired","which":"first","trial_type":"numerosity-estimation","trial_index":83,"time_elapsed":586124,"subject_id":"78098"},{"rt":4342,"stimulus":69,"slider_start":100,"sprites":"mints","response":124,"absDeviation":3,"callibration":"test","block":4,"seed":69,"numerosity":121,"matchType":"paired","which":"second","trial_type":"numerosity-estimation","trial_index":84,"time_elapsed":590468,"subject_id":"78098"},{"rt":3910,"stimulus":71,"slider_start":100,"sprites":"buttons","response":125,"absDeviation":18,"callibration":"test","block":4,"seed":71,"numerosity":107,"matchType":"unpaired","which":"first","trial_type":"numerosity-estimation","trial_index":85,"time_elapsed":594379,"subject_id":"78098"},{"rt":5258,"stimulus":72,"slider_start":100,"sprites":"animalCrackers","response":70,"absDeviation":20,"callibration":"test","block":4,"seed":72,"numerosity":50,"matchType":"unpaired","which":"first","trial_type":"numerosity-estimation","trial_index":86,"time_elapsed":599638,"subject_id":"78098"},{"rt":2979,"stimulus":73,"slider_start":100,"sprites":"letters","response":100,"absDeviation":22,"callibration":"test","block":4,"seed":73,"numerosity":78,"matchType":"paired","which":"first","trial_type":"numerosity-estimation","trial_index":87,"time_elapsed":602618,"subject_id":"78098"},{"rt":2904,"stimulus":73,"slider_start":100,"sprites":"letters","response":101,"absDeviation":23,"callibration":"test","block":4,"seed":73,"numerosity":78,"matchType":"paired","which":"second","trial_type":"numerosity-estimation","trial_index":88,"time_elapsed":605524,"subject_id":"78098"},{"rt":3046,"stimulus":75,"slider_start":100,"sprites":"hearts","response":113,"absDeviation":21,"callibration":"test","block":4,"seed":75,"numerosity":92,"matchType":"unpaired","which":"first","trial_type":"numerosity-estimation","trial_index":89,"time_elapsed":608571,"subject_id":"78098"},{"rt":4270,"stimulus":76,"slider_start":100,"sprites":"crackers","response":89,"absDeviation":25,"callibration":"test","block":4,"seed":76,"numerosity":64,"matchType":"unpaired","which":"first","trial_type":"numerosity-estimation","trial_index":90,"time_elapsed":612842,"subject_id":"78098"},{"rt":2822,"stimulus":77,"slider_start":100,"sprites":"bears","response":141,"absDeviation":6,"callibration":"test","block":4,"seed":77,"numerosity":135,"matchType":"paired","which":"first","trial_type":"numerosity-estimation","trial_index":91,"time_elapsed":615666,"subject_id":"78098"},{"rt":3949,"stimulus":77,"slider_start":100,"sprites":"bears","response":137,"absDeviation":2,"callibration":"test","block":4,"seed":77,"numerosity":135,"matchType":"paired","which":"second","trial_type":"numerosity-estimation","trial_index":92,"time_elapsed":619616,"subject_id":"78098"},{"rt":3441,"stimulus":79,"slider_start":100,"sprites":"jellyBeans","response":58,"absDeviation":8,"callibration":"test","block":4,"seed":79,"numerosity":50,"matchType":"unpaired","which":"first","trial_type":"numerosity-estimation","trial_index":93,"time_elapsed":623059,"subject_id":"78098"},{"rt":5090,"stimulus":80,"slider_start":100,"sprites":"marbles","response":123,"absDeviation":2,"callibration":"test","block":4,"seed":80,"numerosity":121,"matchType":"unpaired","which":"first","trial_type":"numerosity-estimation","trial_index":94,"time_elapsed":628150,"subject_id":"78098"},{"rt":1974,"stimulus":"<p> For the last block of trials, the average deviation of your guesses from correct answers was 13.</p>\n     <p>The smaller the deviation the better.  Your deviation was <b> AMAZINGLY good</b>.</p><br>\n       <p>Press any key to continue to the next block of trials</p>","response":" ","trial_type":"html-keyboard-response","trial_index":95,"time_elapsed":630125,"subject_id":"78098"},{"rt":4032,"stimulus":81,"slider_start":100,"sprites":"mints","response":129,"absDeviation":8,"callibration":"test","block":5,"seed":81,"numerosity":121,"matchType":"paired","which":"first","trial_type":"numerosity-estimation","trial_index":96,"time_elapsed":634158,"subject_id":"78098"},{"rt":3486,"stimulus":81,"slider_start":100,"sprites":"mints","response":131,"absDeviation":10,"callibration":"test","block":5,"seed":81,"numerosity":121,"matchType":"paired","which":"second","trial_type":"numerosity-estimation","trial_index":97,"time_elapsed":637646,"subject_id":"78098"},{"rt":4587,"stimulus":83,"slider_start":100,"sprites":"buttons","response":153,"absDeviation":32,"callibration":"test","block":5,"seed":83,"numerosity":121,"matchType":"unpaired","which":"first","trial_type":"numerosity-estimation","trial_index":98,"time_elapsed":642234,"subject_id":"78098"},{"rt":3914,"stimulus":84,"slider_start":100,"sprites":"animalCrackers","response":80,"absDeviation":30,"callibration":"test","block":5,"seed":84,"numerosity":50,"matchType":"unpaired","which":"first","trial_type":"numerosity-estimation","trial_index":99,"time_elapsed":646149,"subject_id":"78098"},{"rt":3378,"stimulus":85,"slider_start":100,"sprites":"letters","response":72,"absDeviation":8,"callibration":"test","block":5,"seed":85,"numerosity":64,"matchType":"paired","which":"first","trial_type":"numerosity-estimation","trial_index":100,"time_elapsed":649528,"subject_id":"78098"},{"rt":3715,"stimulus":85,"slider_start":100,"sprites":"letters","response":91,"absDeviation":27,"callibration":"test","block":5,"seed":85,"numerosity":64,"matchType":"paired","which":"second","trial_type":"numerosity-estimation","trial_index":101,"time_elapsed":653245,"subject_id":"78098"},{"rt":3084,"stimulus":87,"slider_start":100,"sprites":"hearts","response":60,"absDeviation":10,"callibration":"test","block":5,"seed":87,"numerosity":50,"matchType":"unpaired","which":"first","trial_type":"numerosity-estimation","trial_index":102,"time_elapsed":656330,"subject_id":"78098"},{"rt":3339,"stimulus":88,"slider_start":100,"sprites":"crackers","response":134,"absDeviation":1,"callibration":"test","block":5,"seed":88,"numerosity":135,"matchType":"unpaired","which":"first","trial_type":"numerosity-estimation","trial_index":103,"time_elapsed":659670,"subject_id":"78098"},{"rt":3373,"stimulus":89,"slider_start":100,"sprites":"bears","response":77,"absDeviation":27,"callibration":"test","block":5,"seed":89,"numerosity":50,"matchType":"paired","which":"first","trial_type":"numerosity-estimation","trial_index":104,"time_elapsed":663044,"subject_id":"78098"},{"rt":15398,"stimulus":89,"slider_start":100,"sprites":"bears","response":69,"absDeviation":19,"callibration":"test","block":5,"seed":89,"numerosity":50,"matchType":"paired","which":"second","trial_type":"numerosity-estimation","trial_index":105,"time_elapsed":678443,"subject_id":"78098"},{"rt":3132,"stimulus":91,"slider_start":100,"sprites":"jellyBeans","response":74,"absDeviation":18,"callibration":"test","block":5,"seed":91,"numerosity":92,"matchType":"unpaired","which":"first","trial_type":"numerosity-estimation","trial_index":106,"time_elapsed":681576,"subject_id":"78098"},{"rt":4008,"stimulus":92,"slider_start":100,"sprites":"marbles","response":111,"absDeviation":10,"callibration":"test","block":5,"seed":92,"numerosity":121,"matchType":"unpaired","which":"first","trial_type":"numerosity-estimation","trial_index":107,"time_elapsed":685586,"subject_id":"78098"},{"rt":2871,"stimulus":93,"slider_start":100,"sprites":"mints","response":108,"absDeviation":30,"callibration":"test","block":5,"seed":93,"numerosity":78,"matchType":"paired","which":"first","trial_type":"numerosity-estimation","trial_index":108,"time_elapsed":688458,"subject_id":"78098"},{"rt":2792,"stimulus":93,"slider_start":100,"sprites":"mints","response":110,"absDeviation":32,"callibration":"test","block":5,"seed":93,"numerosity":78,"matchType":"paired","which":"second","trial_type":"numerosity-estimation","trial_index":109,"time_elapsed":691252,"subject_id":"78098"},{"rt":4043,"stimulus":95,"slider_start":100,"sprites":"buttons","response":109,"absDeviation":45,"callibration":"test","block":5,"seed":95,"numerosity":64,"matchType":"unpaired","which":"first","trial_type":"numerosity-estimation","trial_index":110,"time_elapsed":695296,"subject_id":"78098"},{"rt":4029,"stimulus":96,"slider_start":100,"sprites":"animalCrackers","response":113,"absDeviation":21,"callibration":"test","block":5,"seed":96,"numerosity":92,"matchType":"unpaired","which":"first","trial_type":"numerosity-estimation","trial_index":111,"time_elapsed":699326,"subject_id":"78098"},{"rt":1537,"stimulus":"<p> For the last block of trials, the average deviation of your guesses from correct answers was 21.</p>\n     <p>The smaller the deviation the better.  Your deviation was <b> VERY good</b>.</p><br>\n       <p>Press any key to continue to the next block of trials</p>","response":" ","trial_type":"html-keyboard-response","trial_index":112,"time_elapsed":700864,"subject_id":"78098"},{"rt":3889,"stimulus":2,"slider_start":100,"sprites":"butterflies","response":132,"absDeviation":3,"callibration":"test","block":6,"seed":2,"numerosity":135,"matchType":"paired","which":"first","trial_type":"numerosity-estimation","trial_index":113,"time_elapsed":704754,"subject_id":"78098"},{"rt":2676,"stimulus":2,"slider_start":100,"sprites":"butterflies","response":128,"absDeviation":7,"callibration":"test","block":6,"seed":2,"numerosity":135,"matchType":"paired","which":"second","trial_type":"numerosity-estimation","trial_index":114,"time_elapsed":707430,"subject_id":"78098"},{"rt":3653,"stimulus":3,"slider_start":100,"sprites":"hearts","response":74,"absDeviation":24,"callibration":"test","block":6,"seed":3,"numerosity":50,"matchType":"unpaired","which":"second","trial_type":"numerosity-estimation","trial_index":115,"time_elapsed":711085,"subject_id":"78098"},{"rt":6245,"stimulus":4,"slider_start":100,"sprites":"crackers","response":123,"absDeviation":16,"callibration":"test","block":6,"seed":4,"numerosity":107,"matchType":"unpaired","which":"second","trial_type":"numerosity-estimation","trial_index":116,"time_elapsed":717332,"subject_id":"78098"},{"rt":4405,"stimulus":6,"slider_start":100,"sprites":"fruits","response":100,"absDeviation":22,"callibration":"test","block":6,"seed":6,"numerosity":78,"matchType":"paired","which":"first","trial_type":"numerosity-estimation","trial_index":117,"time_elapsed":721738,"subject_id":"78098"},{"rt":2610,"stimulus":6,"slider_start":100,"sprites":"fruits","response":100,"absDeviation":22,"callibration":"test","block":6,"seed":6,"numerosity":78,"matchType":"paired","which":"second","trial_type":"numerosity-estimation","trial_index":118,"time_elapsed":724349,"subject_id":"78098"},{"rt":3334,"stimulus":7,"slider_start":100,"sprites":"jellyBeans","response":79,"absDeviation":29,"callibration":"test","block":6,"seed":7,"numerosity":50,"matchType":"unpaired","which":"second","trial_type":"numerosity-estimation","trial_index":119,"time_elapsed":727685,"subject_id":"78098"},{"rt":3297,"stimulus":8,"slider_start":100,"sprites":"marbles","response":119,"absDeviation":27,"callibration":"test","block":6,"seed":8,"numerosity":92,"matchType":"unpaired","which":"second","trial_type":"numerosity-estimation","trial_index":120,"time_elapsed":730983,"subject_id":"78098"},{"rt":3283,"stimulus":10,"slider_start":100,"sprites":"rocks","response":74,"absDeviation":24,"callibration":"test","block":6,"seed":10,"numerosity":50,"matchType":"paired","which":"first","trial_type":"numerosity-estimation","trial_index":121,"time_elapsed":734267,"subject_id":"78098"},{"rt":2379,"stimulus":10,"slider_start":100,"sprites":"rocks","response":69,"absDeviation":19,"callibration":"test","block":6,"seed":10,"numerosity":50,"matchType":"paired","which":"second","trial_type":"numerosity-estimation","trial_index":122,"time_elapsed":736647,"subject_id":"78098"},{"rt":2893,"stimulus":11,"slider_start":100,"sprites":"buttons","response":137,"absDeviation":30,"callibration":"test","block":6,"seed":11,"numerosity":107,"matchType":"unpaired","which":"second","trial_type":"numerosity-estimation","trial_index":123,"time_elapsed":739541,"subject_id":"78098"},{"rt":4203,"stimulus":12,"slider_start":100,"sprites":"animalCrackers","response":116,"absDeviation":24,"callibration":"test","block":6,"seed":12,"numerosity":92,"matchType":"unpaired","which":"second","trial_type":"numerosity-estimation","trial_index":124,"time_elapsed":743745,"subject_id":"78098"},{"rt":7835,"stimulus":14,"slider_start":100,"sprites":"butterflies","response":122,"absDeviation":28,"callibration":"test","block":6,"seed":14,"numerosity":150,"matchType":"paired","which":"first","trial_type":"numerosity-estimation","trial_index":125,"time_elapsed":751581,"subject_id":"78098"},{"rt":3529,"stimulus":14,"slider_start":100,"sprites":"butterflies","response":126,"absDeviation":24,"callibration":"test","block":6,"seed":14,"numerosity":150,"matchType":"paired","which":"second","trial_type":"numerosity-estimation","trial_index":126,"time_elapsed":755112,"subject_id":"78098"},{"rt":5540,"stimulus":15,"slider_start":100,"sprites":"hearts","response":136,"absDeviation":15,"callibration":"test","block":6,"seed":15,"numerosity":121,"matchType":"unpaired","which":"second","trial_type":"numerosity-estimation","trial_index":127,"time_elapsed":760653,"subject_id":"78098"},{"rt":2576,"stimulus":16,"slider_start":100,"sprites":"crackers","response":91,"absDeviation":27,"callibration":"test","block":6,"seed":16,"numerosity":64,"matchType":"unpaired","which":"second","trial_type":"numerosity-estimation","trial_index":128,"time_elapsed":763230,"subject_id":"78098"},{"rt":1559,"stimulus":"<p> For the last block of trials, the average deviation of your guesses from correct answers was 21.</p>\n     <p>The smaller the deviation the better.  Your deviation was <b> VERY good</b>.</p><br>\n       <p>Press any key to continue to the next block of trials</p>","response":" ","trial_type":"html-keyboard-response","trial_index":129,"time_elapsed":764790,"subject_id":"78098"},{"rt":8268,"stimulus":18,"slider_start":100,"sprites":"fruits","response":117,"absDeviation":10,"callibration":"test","block":7,"seed":18,"numerosity":107,"matchType":"paired","which":"first","trial_type":"numerosity-estimation","trial_index":130,"time_elapsed":773059,"subject_id":"78098"},{"rt":3232,"stimulus":18,"slider_start":100,"sprites":"fruits","response":120,"absDeviation":13,"callibration":"test","block":7,"seed":18,"numerosity":107,"matchType":"paired","which":"second","trial_type":"numerosity-estimation","trial_index":131,"time_elapsed":776293,"subject_id":"78098"},{"rt":3317,"stimulus":19,"slider_start":100,"sprites":"jellyBeans","response":119,"absDeviation":16,"callibration":"test","block":7,"seed":19,"numerosity":135,"matchType":"unpaired","which":"second","trial_type":"numerosity-estimation","trial_index":132,"time_elapsed":779611,"subject_id":"78098"},{"rt":3514,"stimulus":20,"slider_start":100,"sprites":"marbles","response":78,"absDeviation":0,"callibration":"test","block":7,"seed":20,"numerosity":78,"matchType":"unpaired","which":"second","trial_type":"numerosity-estimation","trial_index":133,"time_elapsed":783126,"subject_id":"78098"},{"rt":2949,"stimulus":22,"slider_start":100,"sprites":"rocks","response":131,"absDeviation":39,"callibration":"test","block":7,"seed":22,"numerosity":92,"matchType":"paired","which":"first","trial_type":"numerosity-estimation","trial_index":134,"time_elapsed":786077,"subject_id":"78098"},{"rt":5517,"stimulus":22,"slider_start":100,"sprites":"rocks","response":123,"absDeviation":31,"callibration":"test","block":7,"seed":22,"numerosity":92,"matchType":"paired","which":"second","trial_type":"numerosity-estimation","trial_index":135,"time_elapsed":791595,"subject_id":"78098"},{"rt":3516,"stimulus":23,"slider_start":100,"sprites":"buttons","response":158,"absDeviation":8,"callibration":"test","block":7,"seed":23,"numerosity":150,"matchType":"unpaired","which":"second","trial_type":"numerosity-estimation","trial_index":136,"time_elapsed":795112,"subject_id":"78098"},{"rt":5324,"stimulus":24,"slider_start":100,"sprites":"animalCrackers","response":113,"absDeviation":6,"callibration":"test","block":7,"seed":24,"numerosity":107,"matchType":"unpaired","which":"second","trial_type":"numerosity-estimation","trial_index":137,"time_elapsed":800437,"subject_id":"78098"},{"rt":2531,"stimulus":26,"slider_start":100,"sprites":"butterflies","response":100,"absDeviation":8,"callibration":"test","block":7,"seed":26,"numerosity":92,"matchType":"paired","which":"first","trial_type":"numerosity-estimation","trial_index":138,"time_elapsed":802970,"subject_id":"78098"},{"rt":2449,"stimulus":26,"slider_start":100,"sprites":"butterflies","response":100,"absDeviation":8,"callibration":"test","block":7,"seed":26,"numerosity":92,"matchType":"paired","which":"second","trial_type":"numerosity-estimation","trial_index":139,"time_elapsed":805420,"subject_id":"78098"},{"rt":4663,"stimulus":27,"slider_start":100,"sprites":"hearts","response":122,"absDeviation":1,"callibration":"test","block":7,"seed":27,"numerosity":121,"matchType":"unpaired","which":"second","trial_type":"numerosity-estimation","trial_index":140,"time_elapsed":810085,"subject_id":"78098"},{"rt":3836,"stimulus":28,"slider_start":100,"sprites":"crackers","response":127,"absDeviation":23,"callibration":"test","block":7,"seed":28,"numerosity":150,"matchType":"unpaired","which":"second","trial_type":"numerosity-estimation","trial_index":141,"time_elapsed":813922,"subject_id":"78098"},{"rt":2911,"stimulus":30,"slider_start":100,"sprites":"fruits","response":117,"absDeviation":10,"callibration":"test","block":7,"seed":30,"numerosity":107,"matchType":"paired","which":"first","trial_type":"numerosity-estimation","trial_index":142,"time_elapsed":816834,"subject_id":"78098"},{"rt":2580,"stimulus":30,"slider_start":100,"sprites":"fruits","response":120,"absDeviation":13,"callibration":"test","block":7,"seed":30,"numerosity":107,"matchType":"paired","which":"second","trial_type":"numerosity-estimation","trial_index":143,"time_elapsed":819416,"subject_id":"78098"},{"rt":2606,"stimulus":31,"slider_start":100,"sprites":"jellyBeans","response":128,"absDeviation":22,"callibration":"test","block":7,"seed":31,"numerosity":150,"matchType":"unpaired","which":"second","trial_type":"numerosity-estimation","trial_index":144,"time_elapsed":822024,"subject_id":"78098"},{"rt":2715,"stimulus":32,"slider_start":100,"sprites":"marbles","response":130,"absDeviation":5,"callibration":"test","block":7,"seed":32,"numerosity":135,"matchType":"unpaired","which":"second","trial_type":"numerosity-estimation","trial_index":145,"time_elapsed":824741,"subject_id":"78098"},{"rt":1563,"stimulus":"<p> For the last block of trials, the average deviation of your guesses from correct answers was 13.</p>\n     <p>The smaller the deviation the better.  Your deviation was <b> AMAZINGLY good</b>.</p><br>\n       <p>Press any key to continue to the next block of trials</p>","response":" ","trial_type":"html-keyboard-response","trial_index":146,"time_elapsed":826304,"subject_id":"78098"},{"rt":12366,"stimulus":34,"slider_start":100,"sprites":"rocks","response":114,"absDeviation":64,"callibration":"test","block":8,"seed":34,"numerosity":50,"matchType":"paired","which":"first","trial_type":"numerosity-estimation","trial_index":147,"time_elapsed":838671,"subject_id":"78098"},{"rt":5938,"stimulus":34,"slider_start":100,"sprites":"rocks","response":72,"absDeviation":22,"callibration":"test","block":8,"seed":34,"numerosity":50,"matchType":"paired","which":"second","trial_type":"numerosity-estimation","trial_index":148,"time_elapsed":844611,"subject_id":"78098"},{"rt":3223,"stimulus":35,"slider_start":100,"sprites":"buttons","response":100,"absDeviation":22,"callibration":"test","block":8,"seed":35,"numerosity":78,"matchType":"unpaired","which":"second","trial_type":"numerosity-estimation","trial_index":149,"time_elapsed":847835,"subject_id":"78098"},{"rt":6441,"stimulus":36,"slider_start":100,"sprites":"animalCrackers","response":70,"absDeviation":20,"callibration":"test","block":8,"seed":36,"numerosity":50,"matchType":"unpaired","which":"second","trial_type":"numerosity-estimation","trial_index":150,"time_elapsed":854277,"subject_id":"78098"},{"rt":3528,"stimulus":38,"slider_start":100,"sprites":"butterflies","response":86,"absDeviation":8,"callibration":"test","block":8,"seed":38,"numerosity":78,"matchType":"paired","which":"first","trial_type":"numerosity-estimation","trial_index":151,"time_elapsed":857807,"subject_id":"78098"},{"rt":2973,"stimulus":38,"slider_start":100,"sprites":"butterflies","response":89,"absDeviation":11,"callibration":"test","block":8,"seed":38,"numerosity":78,"matchType":"paired","which":"second","trial_type":"numerosity-estimation","trial_index":152,"time_elapsed":860781,"subject_id":"78098"},{"rt":3309,"stimulus":39,"slider_start":100,"sprites":"hearts","response":100,"absDeviation":22,"callibration":"test","block":8,"seed":39,"numerosity":78,"matchType":"unpaired","which":"second","trial_type":"numerosity-estimation","trial_index":153,"time_elapsed":864091,"subject_id":"78098"},{"rt":2802,"stimulus":40,"slider_start":100,"sprites":"crackers","response":114,"absDeviation":7,"callibration":"test","block":8,"seed":40,"numerosity":121,"matchType":"unpaired","which":"second","trial_type":"numerosity-estimation","trial_index":154,"time_elapsed":866895,"subject_id":"78098"},{"rt":3028,"stimulus":42,"slider_start":100,"sprites":"fruits","response":100,"absDeviation":22,"callibration":"test","block":8,"seed":42,"numerosity":78,"matchType":"paired","which":"first","trial_type":"numerosity-estimation","trial_index":155,"time_elapsed":869924,"subject_id":"78098"},{"rt":2031,"stimulus":42,"slider_start":100,"sprites":"fruits","response":100,"absDeviation":22,"callibration":"test","block":8,"seed":42,"numerosity":78,"matchType":"paired","which":"second","trial_type":"numerosity-estimation","trial_index":156,"time_elapsed":871956,"subject_id":"78098"},{"rt":2722,"stimulus":43,"slider_start":100,"sprites":"jellyBeans","response":100,"absDeviation":36,"callibration":"test","block":8,"seed":43,"numerosity":64,"matchType":"unpaired","which":"second","trial_type":"numerosity-estimation","trial_index":157,"time_elapsed":874679,"subject_id":"78098"},{"rt":2841,"stimulus":44,"slider_start":100,"sprites":"marbles","response":122,"absDeviation":1,"callibration":"test","block":8,"seed":44,"numerosity":121,"matchType":"unpaired","which":"second","trial_type":"numerosity-estimation","trial_index":158,"time_elapsed":877521,"subject_id":"78098"},{"rt":2550,"stimulus":46,"slider_start":100,"sprites":"rocks","response":147,"absDeviation":40,"callibration":"test","block":8,"seed":46,"numerosity":107,"matchType":"paired","which":"first","trial_type":"numerosity-estimation","trial_index":159,"time_elapsed":880072,"subject_id":"78098"},{"rt":2588,"stimulus":46,"slider_start":100,"sprites":"rocks","response":131,"absDeviation":24,"callibration":"test","block":8,"seed":46,"numerosity":107,"matchType":"paired","which":"second","trial_type":"numerosity-estimation","trial_index":160,"time_elapsed":882661,"subject_id":"78098"},{"rt":3645,"stimulus":47,"slider_start":100,"sprites":"buttons","response":144,"absDeviation":23,"callibration":"test","block":8,"seed":47,"numerosity":121,"matchType":"unpaired","which":"second","trial_type":"numerosity-estimation","trial_index":161,"time_elapsed":886307,"subject_id":"78098"},{"rt":3106,"stimulus":48,"slider_start":100,"sprites":"animalCrackers","response":146,"absDeviation":11,"callibration":"test","block":8,"seed":48,"numerosity":135,"matchType":"unpaired","which":"second","trial_type":"numerosity-estimation","trial_index":162,"time_elapsed":889415,"subject_id":"78098"},{"rt":1516,"stimulus":"<p> For the last block of trials, the average deviation of your guesses from correct answers was 22.</p>\n     <p>The smaller the deviation the better.  Your deviation was <b> VERY good</b>.</p><br>\n       <p>Press any key to continue to the next block of trials</p>","response":" ","trial_type":"html-keyboard-response","trial_index":163,"time_elapsed":890932,"subject_id":"78098"},{"rt":4289,"stimulus":50,"slider_start":100,"sprites":"butterflies","response":125,"absDeviation":25,"callibration":"test","block":9,"seed":50,"numerosity":150,"matchType":"paired","which":"first","trial_type":"numerosity-estimation","trial_index":164,"time_elapsed":895222,"subject_id":"78098"},{"rt":2641,"stimulus":50,"slider_start":100,"sprites":"butterflies","response":124,"absDeviation":26,"callibration":"test","block":9,"seed":50,"numerosity":150,"matchType":"paired","which":"second","trial_type":"numerosity-estimation","trial_index":165,"time_elapsed":897865,"subject_id":"78098"},{"rt":2399,"stimulus":51,"slider_start":100,"sprites":"hearts","response":145,"absDeviation":5,"callibration":"test","block":9,"seed":51,"numerosity":150,"matchType":"unpaired","which":"second","trial_type":"numerosity-estimation","trial_index":166,"time_elapsed":900265,"subject_id":"78098"},{"rt":2624,"stimulus":52,"slider_start":100,"sprites":"crackers","response":113,"absDeviation":35,"callibration":"test","block":9,"seed":52,"numerosity":78,"matchType":"unpaired","which":"second","trial_type":"numerosity-estimation","trial_index":167,"time_elapsed":902890,"subject_id":"78098"},{"rt":2771,"stimulus":54,"slider_start":100,"sprites":"fruits","response":112,"absDeviation":20,"callibration":"test","block":9,"seed":54,"numerosity":92,"matchType":"paired","which":"first","trial_type":"numerosity-estimation","trial_index":168,"time_elapsed":905662,"subject_id":"78098"},{"rt":2812,"stimulus":54,"slider_start":100,"sprites":"fruits","response":117,"absDeviation":25,"callibration":"test","block":9,"seed":54,"numerosity":92,"matchType":"paired","which":"second","trial_type":"numerosity-estimation","trial_index":169,"time_elapsed":908476,"subject_id":"78098"},{"rt":3301,"stimulus":55,"slider_start":100,"sprites":"jellyBeans","response":116,"absDeviation":5,"callibration":"test","block":9,"seed":55,"numerosity":121,"matchType":"unpaired","which":"second","trial_type":"numerosity-estimation","trial_index":170,"time_elapsed":911778,"subject_id":"78098"},{"rt":3906,"stimulus":56,"slider_start":100,"sprites":"marbles","response":84,"absDeviation":20,"callibration":"test","block":9,"seed":56,"numerosity":64,"matchType":"unpaired","which":"second","trial_type":"numerosity-estimation","trial_index":171,"time_elapsed":915686,"subject_id":"78098"},{"rt":4100,"stimulus":58,"slider_start":100,"sprites":"rocks","response":147,"absDeviation":26,"callibration":"test","block":9,"seed":58,"numerosity":121,"matchType":"paired","which":"first","trial_type":"numerosity-estimation","trial_index":172,"time_elapsed":919787,"subject_id":"78098"},{"rt":2911,"stimulus":58,"slider_start":100,"sprites":"rocks","response":134,"absDeviation":13,"callibration":"test","block":9,"seed":58,"numerosity":121,"matchType":"paired","which":"second","trial_type":"numerosity-estimation","trial_index":173,"time_elapsed":922699,"subject_id":"78098"},{"rt":2831,"stimulus":59,"slider_start":100,"sprites":"buttons","response":161,"absDeviation":26,"callibration":"test","block":9,"seed":59,"numerosity":135,"matchType":"unpaired","which":"second","trial_type":"numerosity-estimation","trial_index":174,"time_elapsed":925531,"subject_id":"78098"},{"rt":6168,"stimulus":60,"slider_start":100,"sprites":"animalCrackers","response":151,"absDeviation":1,"callibration":"test","block":9,"seed":60,"numerosity":150,"matchType":"unpaired","which":"second","trial_type":"numerosity-estimation","trial_index":175,"time_elapsed":931701,"subject_id":"78098"},{"rt":2747,"stimulus":62,"slider_start":100,"sprites":"butterflies","response":129,"absDeviation":6,"callibration":"test","block":9,"seed":62,"numerosity":135,"matchType":"paired","which":"first","trial_type":"numerosity-estimation","trial_index":176,"time_elapsed":934450,"subject_id":"78098"},{"rt":3266,"stimulus":62,"slider_start":100,"sprites":"butterflies","response":126,"absDeviation":9,"callibration":"test","block":9,"seed":62,"numerosity":135,"matchType":"paired","which":"second","trial_type":"numerosity-estimation","trial_index":177,"time_elapsed":937717,"subject_id":"78098"},{"rt":2692,"stimulus":63,"slider_start":100,"sprites":"hearts","response":71,"absDeviation":7,"callibration":"test","block":9,"seed":63,"numerosity":64,"matchType":"unpaired","which":"second","trial_type":"numerosity-estimation","trial_index":178,"time_elapsed":940410,"subject_id":"78098"},{"rt":2847,"stimulus":64,"slider_start":100,"sprites":"crackers","response":118,"absDeviation":17,"callibration":"test","block":9,"seed":64,"numerosity":135,"matchType":"unpaired","which":"second","trial_type":"numerosity-estimation","trial_index":179,"time_elapsed":943259,"subject_id":"78098"},{"rt":1741,"stimulus":"<p> For the last block of trials, the average deviation of your guesses from correct answers was 17.</p>\n     <p>The smaller the deviation the better.  Your deviation was <b> VERY good</b>.</p><br>\n       <p>Press any key to continue to the next block of trials</p>","response":" ","trial_type":"html-keyboard-response","trial_index":180,"time_elapsed":945000,"subject_id":"78098"},{"rt":6561,"stimulus":66,"slider_start":100,"sprites":"fruits","response":87,"absDeviation":23,"callibration":"test","block":10,"seed":66,"numerosity":64,"matchType":"paired","which":"first","trial_type":"numerosity-estimation","trial_index":181,"time_elapsed":951563,"subject_id":"78098"},{"rt":2990,"stimulus":66,"slider_start":100,"sprites":"fruits","response":89,"absDeviation":25,"callibration":"test","block":10,"seed":66,"numerosity":64,"matchType":"paired","which":"second","trial_type":"numerosity-estimation","trial_index":182,"time_elapsed":954555,"subject_id":"78098"},{"rt":3610,"stimulus":67,"slider_start":100,"sprites":"jellyBeans","response":106,"absDeviation":1,"callibration":"test","block":10,"seed":67,"numerosity":107,"matchType":"unpaired","which":"second","trial_type":"numerosity-estimation","trial_index":183,"time_elapsed":958166,"subject_id":"78098"},{"rt":3218,"stimulus":68,"slider_start":100,"sprites":"marbles","response":115,"absDeviation":35,"callibration":"test","block":10,"seed":68,"numerosity":150,"matchType":"unpaired","which":"second","trial_type":"numerosity-estimation","trial_index":184,"time_elapsed":961386,"subject_id":"78098"},{"rt":2955,"stimulus":70,"slider_start":100,"sprites":"rocks","response":132,"absDeviation":40,"callibration":"test","block":10,"seed":70,"numerosity":92,"matchType":"paired","which":"first","trial_type":"numerosity-estimation","trial_index":185,"time_elapsed":964343,"subject_id":"78098"},{"rt":2846,"stimulus":70,"slider_start":100,"sprites":"rocks","response":125,"absDeviation":33,"callibration":"test","block":10,"seed":70,"numerosity":92,"matchType":"paired","which":"second","trial_type":"numerosity-estimation","trial_index":186,"time_elapsed":967190,"subject_id":"78098"},{"rt":3225,"stimulus":71,"slider_start":100,"sprites":"buttons","response":142,"absDeviation":35,"callibration":"test","block":10,"seed":71,"numerosity":107,"matchType":"unpaired","which":"second","trial_type":"numerosity-estimation","trial_index":187,"time_elapsed":970416,"subject_id":"78098"},{"rt":3855,"stimulus":72,"slider_start":100,"sprites":"animalCrackers","response":68,"absDeviation":18,"callibration":"test","block":10,"seed":72,"numerosity":50,"matchType":"unpaired","which":"second","trial_type":"numerosity-estimation","trial_index":188,"time_elapsed":974273,"subject_id":"78098"},{"rt":3634,"stimulus":74,"slider_start":100,"sprites":"butterflies","response":96,"absDeviation":32,"callibration":"test","block":10,"seed":74,"numerosity":64,"matchType":"paired","which":"first","trial_type":"numerosity-estimation","trial_index":189,"time_elapsed":977908,"subject_id":"78098"},{"rt":2645,"stimulus":74,"slider_start":100,"sprites":"butterflies","response":74,"absDeviation":10,"callibration":"test","block":10,"seed":74,"numerosity":64,"matchType":"paired","which":"second","trial_type":"numerosity-estimation","trial_index":190,"time_elapsed":980555,"subject_id":"78098"},{"rt":5777,"stimulus":75,"slider_start":100,"sprites":"hearts","response":91,"absDeviation":1,"callibration":"test","block":10,"seed":75,"numerosity":92,"matchType":"unpaired","which":"second","trial_type":"numerosity-estimation","trial_index":191,"time_elapsed":986332,"subject_id":"78098"},{"rt":3000,"stimulus":76,"slider_start":100,"sprites":"crackers","response":90,"absDeviation":26,"callibration":"test","block":10,"seed":76,"numerosity":64,"matchType":"unpaired","which":"second","trial_type":"numerosity-estimation","trial_index":192,"time_elapsed":989334,"subject_id":"78098"},{"rt":3231,"stimulus":78,"slider_start":100,"sprites":"fruits","response":100,"absDeviation":36,"callibration":"test","block":10,"seed":78,"numerosity":64,"matchType":"paired","which":"first","trial_type":"numerosity-estimation","trial_index":193,"time_elapsed":992566,"subject_id":"78098"},{"rt":3151,"stimulus":78,"slider_start":100,"sprites":"fruits","response":82,"absDeviation":18,"callibration":"test","block":10,"seed":78,"numerosity":64,"matchType":"paired","which":"second","trial_type":"numerosity-estimation","trial_index":194,"time_elapsed":995719,"subject_id":"78098"},{"rt":2639,"stimulus":79,"slider_start":100,"sprites":"jellyBeans","response":80,"absDeviation":30,"callibration":"test","block":10,"seed":79,"numerosity":50,"matchType":"unpaired","which":"second","trial_type":"numerosity-estimation","trial_index":195,"time_elapsed":998359,"subject_id":"78098"},{"rt":2427,"stimulus":80,"slider_start":100,"sprites":"marbles","response":131,"absDeviation":10,"callibration":"test","block":10,"seed":80,"numerosity":121,"matchType":"unpaired","which":"second","trial_type":"numerosity-estimation","trial_index":196,"time_elapsed":1000787,"subject_id":"78098"},{"rt":1524,"stimulus":"<p> For the last block of trials, the average deviation of your guesses from correct answers was 23.</p>\n     <p>The smaller the deviation the better.  Your deviation was <b> VERY good</b>.</p><br>\n       <p>Press any key to continue to the next block of trials</p>","response":" ","trial_type":"html-keyboard-response","trial_index":197,"time_elapsed":1002312,"subject_id":"78098"},{"rt":5191,"stimulus":82,"slider_start":100,"sprites":"rocks","response":104,"absDeviation":40,"callibration":"test","block":11,"seed":82,"numerosity":64,"matchType":"paired","which":"first","trial_type":"numerosity-estimation","trial_index":198,"time_elapsed":1007505,"subject_id":"78098"},{"rt":2867,"stimulus":82,"slider_start":100,"sprites":"rocks","response":102,"absDeviation":38,"callibration":"test","block":11,"seed":82,"numerosity":64,"matchType":"paired","which":"second","trial_type":"numerosity-estimation","trial_index":199,"time_elapsed":1010374,"subject_id":"78098"},{"rt":3098,"stimulus":83,"slider_start":100,"sprites":"buttons","response":130,"absDeviation":9,"callibration":"test","block":11,"seed":83,"numerosity":121,"matchType":"unpaired","which":"second","trial_type":"numerosity-estimation","trial_index":200,"time_elapsed":1013473,"subject_id":"78098"},{"rt":2946,"stimulus":84,"slider_start":100,"sprites":"animalCrackers","response":84,"absDeviation":34,"callibration":"test","block":11,"seed":84,"numerosity":50,"matchType":"unpaired","which":"second","trial_type":"numerosity-estimation","trial_index":201,"time_elapsed":1016421,"subject_id":"78098"},{"rt":3549,"stimulus":86,"slider_start":100,"sprites":"butterflies","response":100,"absDeviation":21,"callibration":"test","block":11,"seed":86,"numerosity":121,"matchType":"paired","which":"first","trial_type":"numerosity-estimation","trial_index":202,"time_elapsed":1019971,"subject_id":"78098"},{"rt":2372,"stimulus":86,"slider_start":100,"sprites":"butterflies","response":101,"absDeviation":20,"callibration":"test","block":11,"seed":86,"numerosity":121,"matchType":"paired","which":"second","trial_type":"numerosity-estimation","trial_index":203,"time_elapsed":1022344,"subject_id":"78098"},{"rt":4884,"stimulus":87,"slider_start":100,"sprites":"hearts","response":79,"absDeviation":29,"callibration":"test","block":11,"seed":87,"numerosity":50,"matchType":"unpaired","which":"second","trial_type":"numerosity-estimation","trial_index":204,"time_elapsed":1027229,"subject_id":"78098"},{"rt":2794,"stimulus":88,"slider_start":100,"sprites":"crackers","response":115,"absDeviation":20,"callibration":"test","block":11,"seed":88,"numerosity":135,"matchType":"unpaired","which":"second","trial_type":"numerosity-estimation","trial_index":205,"time_elapsed":1030024,"subject_id":"78098"},{"rt":4295,"stimulus":90,"slider_start":100,"sprites":"fruits","response":144,"absDeviation":6,"callibration":"test","block":11,"seed":90,"numerosity":150,"matchType":"paired","which":"first","trial_type":"numerosity-estimation","trial_index":206,"time_elapsed":1034320,"subject_id":"78098"},{"rt":3078,"stimulus":90,"slider_start":100,"sprites":"fruits","response":156,"absDeviation":6,"callibration":"test","block":11,"seed":90,"numerosity":150,"matchType":"paired","which":"second","trial_type":"numerosity-estimation","trial_index":207,"time_elapsed":1037399,"subject_id":"78098"},{"rt":2817,"stimulus":91,"slider_start":100,"sprites":"jellyBeans","response":118,"absDeviation":26,"callibration":"test","block":11,"seed":91,"numerosity":92,"matchType":"unpaired","which":"second","trial_type":"numerosity-estimation","trial_index":208,"time_elapsed":1040218,"subject_id":"78098"},{"rt":4796,"stimulus":92,"slider_start":100,"sprites":"marbles","response":124,"absDeviation":3,"callibration":"test","block":11,"seed":92,"numerosity":121,"matchType":"unpaired","which":"second","trial_type":"numerosity-estimation","trial_index":209,"time_elapsed":1045015,"subject_id":"78098"},{"rt":3476,"stimulus":94,"slider_start":100,"sprites":"rocks","response":114,"absDeviation":36,"callibration":"test","block":11,"seed":94,"numerosity":78,"matchType":"paired","which":"first","trial_type":"numerosity-estimation","trial_index":210,"time_elapsed":1048493,"subject_id":"78098"},{"rt":2585,"stimulus":94,"slider_start":100,"sprites":"rocks","response":114,"absDeviation":36,"callibration":"test","block":11,"seed":94,"numerosity":78,"matchType":"paired","which":"second","trial_type":"numerosity-estimation","trial_index":211,"time_elapsed":1051079,"subject_id":"78098"},{"rt":2319,"stimulus":95,"slider_start":100,"sprites":"buttons","response":119,"absDeviation":55,"callibration":"test","block":11,"seed":95,"numerosity":64,"matchType":"unpaired","which":"second","trial_type":"numerosity-estimation","trial_index":212,"time_elapsed":1053400,"subject_id":"78098"},{"rt":2445,"stimulus":96,"slider_start":100,"sprites":"animalCrackers","response":114,"absDeviation":22,"callibration":"test","block":11,"seed":96,"numerosity":92,"matchType":"unpaired","which":"second","trial_type":"numerosity-estimation","trial_index":213,"time_elapsed":1055846,"subject_id":"78098"},{"rt":1952,"stimulus":"<p> For the last block of trials, the average deviation of your guesses from correct answers was 25.</p>\n     <p>The smaller the deviation the better.  Your deviation was <b> good</b>.</p><br>\n       <p>Press any key to continue to the next block of trials</p>","response":" ","trial_type":"html-keyboard-response","trial_index":214,"time_elapsed":1057799,"subject_id":"78098"},{"rt":16652,"response":{"averageEstimates":"When the two displays were separated in time.","firstOrSecond":"The second time the objects were shown"},"question_order":[0,1],"trial_type":"survey-multi-choice","trial_index":215,"time_elapsed":1074453,"subject_id":"78098"}]