[{"rt":16708,"url":"consent.html","trial_type":"external-html","trial_index":0,"time_elapsed":16742,"subject_id":"77791"},{"view_history":[{"page_index":0,"viewing_time":19531}],"rt":19532,"trial_type":"instructions","trial_index":1,"time_elapsed":36275,"subject_id":"77791"},{"rt":9744,"stimulus":0,"slider_start":100,"sprites":"animalCrackers","response":100,"absDeviation":50,"callibration":"callibration","block":-1,"seed":0,"numerosity":50,"matchType":"callibration","which":"first","trial_type":"numerosity-estimation","trial_index":2,"time_elapsed":46026,"subject_id":"77791"},{"rt":6428,"stimulus":1,"slider_start":100,"sprites":"letters","response":100,"absDeviation":36,"callibration":"callibration","block":-1,"seed":1,"numerosity":64,"matchType":"callibration","which":"first","trial_type":"numerosity-estimation","trial_index":3,"time_elapsed":52457,"subject_id":"77791"},{"rt":4680,"stimulus":2,"slider_start":100,"sprites":"butterflies","response":100,"absDeviation":22,"callibration":"callibration","block":-1,"seed":2,"numerosity":78,"matchType":"callibration","which":"first","trial_type":"numerosity-estimation","trial_index":4,"time_elapsed":57140,"subject_id":"77791"},{"rt":2965,"stimulus":3,"slider_start":100,"sprites":"hearts","response":100,"absDeviation":8,"callibration":"callibration","block":-1,"seed":3,"numerosity":92,"matchType":"callibration","which":"first","trial_type":"numerosity-estimation","trial_index":5,"time_elapsed":60106,"subject_id":"77791"},{"rt":4050,"stimulus":4,"slider_start":100,"sprites":"crackers","response":100,"absDeviation":7,"callibration":"callibration","block":-1,"seed":4,"numerosity":107,"matchType":"callibration","which":"first","trial_type":"numerosity-estimation","trial_index":6,"time_elapsed":64158,"subject_id":"77791"},{"rt":8367,"stimulus":5,"slider_start":100,"sprites":"bears","response":113,"absDeviation":8,"callibration":"callibration","block":-1,"seed":5,"numerosity":121,"matchType":"callibration","which":"first","trial_type":"numerosity-estimation","trial_index":7,"time_elapsed":72527,"subject_id":"77791"},{"rt":3527,"stimulus":6,"slider_start":100,"sprites":"fruits","response":100,"absDeviation":35,"callibration":"callibration","block":-1,"seed":6,"numerosity":135,"matchType":"callibration","which":"first","trial_type":"numerosity-estimation","trial_index":8,"time_elapsed":76057,"subject_id":"77791"},{"rt":2714,"stimulus":7,"slider_start":100,"sprites":"jellyBeans","response":100,"absDeviation":50,"callibration":"callibration","block":-1,"seed":7,"numerosity":150,"matchType":"callibration","which":"first","trial_type":"numerosity-estimation","trial_index":9,"time_elapsed":78774,"subject_id":"77791"},{"view_history":[{"page_index":0,"viewing_time":1499}],"rt":1499,"trial_type":"instructions","trial_index":10,"time_elapsed":80274,"subject_id":"77791"},{"rt":10248,"stimulus":1,"slider_start":100,"sprites":"letters","response":80,"absDeviation":12,"callibration":"test","block":0,"seed":1,"numerosity":92,"matchType":"paired","which":"first","trial_type":"numerosity-estimation","trial_index":11,"time_elapsed":90524,"subject_id":"77791"},{"rt":7330,"stimulus":1,"slider_start":100,"sprites":"letters","response":76,"absDeviation":16,"callibration":"test","block":0,"seed":1,"numerosity":92,"matchType":"paired","which":"second","trial_type":"numerosity-estimation","trial_index":12,"time_elapsed":97856,"subject_id":"77791"},{"rt":8665,"stimulus":3,"slider_start":100,"sprites":"hearts","response":47,"absDeviation":3,"callibration":"test","block":0,"seed":3,"numerosity":50,"matchType":"unpaired","which":"first","trial_type":"numerosity-estimation","trial_index":13,"time_elapsed":106524,"subject_id":"77791"},{"rt":9584,"stimulus":4,"slider_start":100,"sprites":"crackers","response":105,"absDeviation":2,"callibration":"test","block":0,"seed":4,"numerosity":107,"matchType":"unpaired","which":"first","trial_type":"numerosity-estimation","trial_index":14,"time_elapsed":116109,"subject_id":"77791"},{"rt":9528,"stimulus":5,"slider_start":100,"sprites":"bears","response":42,"absDeviation":8,"callibration":"test","block":0,"seed":5,"numerosity":50,"matchType":"paired","which":"first","trial_type":"numerosity-estimation","trial_index":15,"time_elapsed":125643,"subject_id":"77791"},{"rt":8396,"stimulus":5,"slider_start":100,"sprites":"bears","response":52,"absDeviation":2,"callibration":"test","block":0,"seed":5,"numerosity":50,"matchType":"paired","which":"second","trial_type":"numerosity-estimation","trial_index":16,"time_elapsed":134041,"subject_id":"77791"},{"rt":9132,"stimulus":7,"slider_start":100,"sprites":"jellyBeans","response":51,"absDeviation":1,"callibration":"test","block":0,"seed":7,"numerosity":50,"matchType":"unpaired","which":"first","trial_type":"numerosity-estimation","trial_index":17,"time_elapsed":143176,"subject_id":"77791"},{"rt":9615,"stimulus":8,"slider_start":100,"sprites":"marbles","response":71,"absDeviation":21,"callibration":"test","block":0,"seed":8,"numerosity":92,"matchType":"unpaired","which":"first","trial_type":"numerosity-estimation","trial_index":18,"time_elapsed":152793,"subject_id":"77791"},{"rt":8813,"stimulus":9,"slider_start":100,"sprites":"mints","response":152,"absDeviation":17,"callibration":"test","block":0,"seed":9,"numerosity":135,"matchType":"paired","which":"first","trial_type":"numerosity-estimation","trial_index":19,"time_elapsed":161608,"subject_id":"77791"},{"rt":8800,"stimulus":9,"slider_start":100,"sprites":"mints","response":158,"absDeviation":23,"callibration":"test","block":0,"seed":9,"numerosity":135,"matchType":"paired","which":"second","trial_type":"numerosity-estimation","trial_index":20,"time_elapsed":170409,"subject_id":"77791"},{"rt":11630,"stimulus":11,"slider_start":100,"sprites":"buttons","response":142,"absDeviation":35,"callibration":"test","block":0,"seed":11,"numerosity":107,"matchType":"unpaired","which":"first","trial_type":"numerosity-estimation","trial_index":21,"time_elapsed":182041,"subject_id":"77791"},{"rt":6949,"stimulus":12,"slider_start":100,"sprites":"animalCrackers","response":89,"absDeviation":3,"callibration":"test","block":0,"seed":12,"numerosity":92,"matchType":"unpaired","which":"first","trial_type":"numerosity-estimation","trial_index":22,"time_elapsed":188992,"subject_id":"77791"},{"rt":9263,"stimulus":13,"slider_start":100,"sprites":"letters","response":101,"absDeviation":6,"callibration":"test","block":0,"seed":13,"numerosity":107,"matchType":"paired","which":"first","trial_type":"numerosity-estimation","trial_index":23,"time_elapsed":198258,"subject_id":"77791"},{"rt":6280,"stimulus":13,"slider_start":100,"sprites":"letters","response":90,"absDeviation":17,"callibration":"test","block":0,"seed":13,"numerosity":107,"matchType":"paired","which":"second","trial_type":"numerosity-estimation","trial_index":24,"time_elapsed":204541,"subject_id":"77791"},{"rt":9649,"stimulus":15,"slider_start":100,"sprites":"hearts","response":140,"absDeviation":19,"callibration":"test","block":0,"seed":15,"numerosity":121,"matchType":"unpaired","which":"first","trial_type":"numerosity-estimation","trial_index":25,"time_elapsed":214191,"subject_id":"77791"},{"rt":12065,"stimulus":16,"slider_start":100,"sprites":"crackers","response":75,"absDeviation":11,"callibration":"test","block":0,"seed":16,"numerosity":64,"matchType":"unpaired","which":"first","trial_type":"numerosity-estimation","trial_index":26,"time_elapsed":226258,"subject_id":"77791"},{"rt":12525,"stimulus":"<p> For the last block of trials, the average deviation of your guesses from correct answers was 12.</p>\n     <p>The smaller the deviation the better.  Your deviation was <b> AMAZINGLY good</b>.</p><br>\n       <p>Press any key to continue to the next block of trials</p>","response":" ","trial_type":"html-keyboard-response","trial_index":27,"time_elapsed":238787,"subject_id":"77791"},{"rt":8354,"stimulus":17,"slider_start":100,"sprites":"bears","response":84,"absDeviation":8,"callibration":"test","block":1,"seed":17,"numerosity":92,"matchType":"paired","which":"first","trial_type":"numerosity-estimation","trial_index":28,"time_elapsed":247142,"subject_id":"77791"},{"rt":7463,"stimulus":17,"slider_start":100,"sprites":"bears","response":77,"absDeviation":15,"callibration":"test","block":1,"seed":17,"numerosity":92,"matchType":"paired","which":"second","trial_type":"numerosity-estimation","trial_index":29,"time_elapsed":254608,"subject_id":"77791"},{"rt":9616,"stimulus":19,"slider_start":100,"sprites":"jellyBeans","response":96,"absDeviation":39,"callibration":"test","block":1,"seed":19,"numerosity":135,"matchType":"unpaired","which":"first","trial_type":"numerosity-estimation","trial_index":30,"time_elapsed":264225,"subject_id":"77791"},{"rt":9248,"stimulus":20,"slider_start":100,"sprites":"marbles","response":50,"absDeviation":28,"callibration":"test","block":1,"seed":20,"numerosity":78,"matchType":"unpaired","which":"first","trial_type":"numerosity-estimation","trial_index":31,"time_elapsed":273476,"subject_id":"77791"},{"rt":7063,"stimulus":21,"slider_start":100,"sprites":"mints","response":73,"absDeviation":19,"callibration":"test","block":1,"seed":21,"numerosity":92,"matchType":"paired","which":"first","trial_type":"numerosity-estimation","trial_index":32,"time_elapsed":280542,"subject_id":"77791"},{"rt":8414,"stimulus":21,"slider_start":100,"sprites":"mints","response":79,"absDeviation":13,"callibration":"test","block":1,"seed":21,"numerosity":92,"matchType":"paired","which":"second","trial_type":"numerosity-estimation","trial_index":33,"time_elapsed":288958,"subject_id":"77791"},{"rt":8649,"stimulus":23,"slider_start":100,"sprites":"buttons","response":157,"absDeviation":7,"callibration":"test","block":1,"seed":23,"numerosity":150,"matchType":"unpaired","which":"first","trial_type":"numerosity-estimation","trial_index":34,"time_elapsed":297607,"subject_id":"77791"},{"rt":7597,"stimulus":24,"slider_start":100,"sprites":"animalCrackers","response":103,"absDeviation":4,"callibration":"test","block":1,"seed":24,"numerosity":107,"matchType":"unpaired","which":"first","trial_type":"numerosity-estimation","trial_index":35,"time_elapsed":305198,"subject_id":"77791"},{"rt":8948,"stimulus":25,"slider_start":100,"sprites":"letters","response":91,"absDeviation":16,"callibration":"test","block":1,"seed":25,"numerosity":107,"matchType":"paired","which":"first","trial_type":"numerosity-estimation","trial_index":36,"time_elapsed":314142,"subject_id":"77791"},{"rt":4847,"stimulus":25,"slider_start":100,"sprites":"letters","response":102,"absDeviation":5,"callibration":"test","block":1,"seed":25,"numerosity":107,"matchType":"paired","which":"second","trial_type":"numerosity-estimation","trial_index":37,"time_elapsed":318989,"subject_id":"77791"},{"rt":7350,"stimulus":27,"slider_start":100,"sprites":"hearts","response":144,"absDeviation":23,"callibration":"test","block":1,"seed":27,"numerosity":121,"matchType":"unpaired","which":"first","trial_type":"numerosity-estimation","trial_index":38,"time_elapsed":326339,"subject_id":"77791"},{"rt":7979,"stimulus":28,"slider_start":100,"sprites":"crackers","response":156,"absDeviation":6,"callibration":"test","block":1,"seed":28,"numerosity":150,"matchType":"unpaired","which":"first","trial_type":"numerosity-estimation","trial_index":39,"time_elapsed":334319,"subject_id":"77791"},{"rt":11666,"stimulus":29,"slider_start":100,"sprites":"bears","response":58,"absDeviation":6,"callibration":"test","block":1,"seed":29,"numerosity":64,"matchType":"paired","which":"first","trial_type":"numerosity-estimation","trial_index":40,"time_elapsed":345984,"subject_id":"77791"},{"rt":6534,"stimulus":29,"slider_start":100,"sprites":"bears","response":60,"absDeviation":4,"callibration":"test","block":1,"seed":29,"numerosity":64,"matchType":"paired","which":"second","trial_type":"numerosity-estimation","trial_index":41,"time_elapsed":352520,"subject_id":"77791"},{"rt":8497,"stimulus":31,"slider_start":100,"sprites":"jellyBeans","response":134,"absDeviation":16,"callibration":"test","block":1,"seed":31,"numerosity":150,"matchType":"unpaired","which":"first","trial_type":"numerosity-estimation","trial_index":42,"time_elapsed":361018,"subject_id":"77791"},{"rt":9130,"stimulus":32,"slider_start":100,"sprites":"marbles","response":94,"absDeviation":41,"callibration":"test","block":1,"seed":32,"numerosity":135,"matchType":"unpaired","which":"first","trial_type":"numerosity-estimation","trial_index":43,"time_elapsed":370150,"subject_id":"77791"},{"rt":174313,"stimulus":"<p> For the last block of trials, the average deviation of your guesses from correct answers was 16.</p>\n     <p>The smaller the deviation the better.  Your deviation was <b> VERY good</b>.</p><br>\n       <p>Press any key to continue to the next block of trials</p>","response":" ","trial_type":"html-keyboard-response","trial_index":44,"time_elapsed":1279037,"subject_id":"77791"},{"rt":12594,"stimulus":33,"slider_start":100,"sprites":"mints","response":81,"absDeviation":40,"callibration":"test","block":2,"seed":33,"numerosity":121,"matchType":"paired","which":"first","trial_type":"numerosity-estimation","trial_index":45,"time_elapsed":1291635,"subject_id":"77791"},{"rt":10266,"stimulus":33,"slider_start":100,"sprites":"mints","response":95,"absDeviation":26,"callibration":"test","block":2,"seed":33,"numerosity":121,"matchType":"paired","which":"second","trial_type":"numerosity-estimation","trial_index":46,"time_elapsed":1301903,"subject_id":"77791"},{"rt":10997,"stimulus":35,"slider_start":100,"sprites":"buttons","response":71,"absDeviation":7,"callibration":"test","block":2,"seed":35,"numerosity":78,"matchType":"unpaired","which":"first","trial_type":"numerosity-estimation","trial_index":47,"time_elapsed":1312902,"subject_id":"77791"},{"rt":8498,"stimulus":36,"slider_start":100,"sprites":"animalCrackers","response":43,"absDeviation":7,"callibration":"test","block":2,"seed":36,"numerosity":50,"matchType":"unpaired","which":"first","trial_type":"numerosity-estimation","trial_index":48,"time_elapsed":1321402,"subject_id":"77791"},{"rt":11215,"stimulus":37,"slider_start":100,"sprites":"letters","response":98,"absDeviation":37,"callibration":"test","block":2,"seed":37,"numerosity":135,"matchType":"paired","which":"first","trial_type":"numerosity-estimation","trial_index":49,"time_elapsed":1332618,"subject_id":"77791"},{"rt":7865,"stimulus":37,"slider_start":100,"sprites":"letters","response":102,"absDeviation":33,"callibration":"test","block":2,"seed":37,"numerosity":135,"matchType":"paired","which":"second","trial_type":"numerosity-estimation","trial_index":50,"time_elapsed":1340485,"subject_id":"77791"},{"rt":20433,"stimulus":39,"slider_start":100,"sprites":"hearts","response":78,"absDeviation":0,"callibration":"test","block":2,"seed":39,"numerosity":78,"matchType":"unpaired","which":"first","trial_type":"numerosity-estimation","trial_index":51,"time_elapsed":1360920,"subject_id":"77791"},{"rt":7246,"stimulus":40,"slider_start":100,"sprites":"crackers","response":104,"absDeviation":17,"callibration":"test","block":2,"seed":40,"numerosity":121,"matchType":"unpaired","which":"first","trial_type":"numerosity-estimation","trial_index":52,"time_elapsed":1368168,"subject_id":"77791"},{"rt":17049,"stimulus":41,"slider_start":100,"sprites":"bears","response":83,"absDeviation":33,"callibration":"test","block":2,"seed":41,"numerosity":50,"matchType":"paired","which":"first","trial_type":"numerosity-estimation","trial_index":53,"time_elapsed":1385219,"subject_id":"77791"},{"rt":8665,"stimulus":41,"slider_start":100,"sprites":"bears","response":41,"absDeviation":9,"callibration":"test","block":2,"seed":41,"numerosity":50,"matchType":"paired","which":"second","trial_type":"numerosity-estimation","trial_index":54,"time_elapsed":1393885,"subject_id":"77791"},{"rt":7032,"stimulus":43,"slider_start":100,"sprites":"jellyBeans","response":48,"absDeviation":16,"callibration":"test","block":2,"seed":43,"numerosity":64,"matchType":"unpaired","which":"first","trial_type":"numerosity-estimation","trial_index":55,"time_elapsed":1400919,"subject_id":"77791"},{"rt":8333,"stimulus":44,"slider_start":100,"sprites":"marbles","response":69,"absDeviation":52,"callibration":"test","block":2,"seed":44,"numerosity":121,"matchType":"unpaired","which":"first","trial_type":"numerosity-estimation","trial_index":56,"time_elapsed":1409254,"subject_id":"77791"},{"rt":9279,"stimulus":45,"slider_start":100,"sprites":"mints","response":104,"absDeviation":17,"callibration":"test","block":2,"seed":45,"numerosity":121,"matchType":"paired","which":"first","trial_type":"numerosity-estimation","trial_index":57,"time_elapsed":1418535,"subject_id":"77791"},{"rt":8565,"stimulus":45,"slider_start":100,"sprites":"mints","response":93,"absDeviation":28,"callibration":"test","block":2,"seed":45,"numerosity":121,"matchType":"paired","which":"second","trial_type":"numerosity-estimation","trial_index":58,"time_elapsed":1427102,"subject_id":"77791"},{"rt":9580,"stimulus":47,"slider_start":100,"sprites":"buttons","response":109,"absDeviation":12,"callibration":"test","block":2,"seed":47,"numerosity":121,"matchType":"unpaired","which":"first","trial_type":"numerosity-estimation","trial_index":59,"time_elapsed":1436684,"subject_id":"77791"},{"rt":8449,"stimulus":48,"slider_start":100,"sprites":"animalCrackers","response":103,"absDeviation":32,"callibration":"test","block":2,"seed":48,"numerosity":135,"matchType":"unpaired","which":"first","trial_type":"numerosity-estimation","trial_index":60,"time_elapsed":1445135,"subject_id":"77791"},{"rt":42576,"stimulus":"<p> For the last block of trials, the average deviation of your guesses from correct answers was 23.</p>\n     <p>The smaller the deviation the better.  Your deviation was <b> VERY good</b>.</p><br>\n       <p>Press any key to continue to the next block of trials</p>","response":" ","trial_type":"html-keyboard-response","trial_index":61,"time_elapsed":1487711,"subject_id":"77791"},{"rt":5589,"stimulus":49,"slider_start":100,"sprites":"letters","response":68,"absDeviation":10,"callibration":"test","block":3,"seed":49,"numerosity":78,"matchType":"paired","which":"first","trial_type":"numerosity-estimation","trial_index":62,"time_elapsed":1493303,"subject_id":"77791"},{"rt":7483,"stimulus":49,"slider_start":100,"sprites":"letters","response":57,"absDeviation":21,"callibration":"test","block":3,"seed":49,"numerosity":78,"matchType":"paired","which":"second","trial_type":"numerosity-estimation","trial_index":63,"time_elapsed":1500788,"subject_id":"77791"},{"rt":5879,"stimulus":51,"slider_start":100,"sprites":"hearts","response":115,"absDeviation":35,"callibration":"test","block":3,"seed":51,"numerosity":150,"matchType":"unpaired","which":"first","trial_type":"numerosity-estimation","trial_index":64,"time_elapsed":1506669,"subject_id":"77791"},{"rt":6198,"stimulus":52,"slider_start":100,"sprites":"crackers","response":69,"absDeviation":9,"callibration":"test","block":3,"seed":52,"numerosity":78,"matchType":"unpaired","which":"first","trial_type":"numerosity-estimation","trial_index":65,"time_elapsed":1512869,"subject_id":"77791"},{"rt":8231,"stimulus":53,"slider_start":100,"sprites":"bears","response":46,"absDeviation":4,"callibration":"test","block":3,"seed":53,"numerosity":50,"matchType":"paired","which":"first","trial_type":"numerosity-estimation","trial_index":66,"time_elapsed":1521102,"subject_id":"77791"},{"rt":7218,"stimulus":53,"slider_start":100,"sprites":"bears","response":52,"absDeviation":2,"callibration":"test","block":3,"seed":53,"numerosity":50,"matchType":"paired","which":"second","trial_type":"numerosity-estimation","trial_index":67,"time_elapsed":1528321,"subject_id":"77791"},{"rt":6429,"stimulus":55,"slider_start":100,"sprites":"jellyBeans","response":86,"absDeviation":35,"callibration":"test","block":3,"seed":55,"numerosity":121,"matchType":"unpaired","which":"first","trial_type":"numerosity-estimation","trial_index":68,"time_elapsed":1534752,"subject_id":"77791"},{"rt":10748,"stimulus":56,"slider_start":100,"sprites":"marbles","response":47,"absDeviation":17,"callibration":"test","block":3,"seed":56,"numerosity":64,"matchType":"unpaired","which":"first","trial_type":"numerosity-estimation","trial_index":69,"time_elapsed":1545502,"subject_id":"77791"},{"rt":10964,"stimulus":57,"slider_start":100,"sprites":"mints","response":55,"absDeviation":9,"callibration":"test","block":3,"seed":57,"numerosity":64,"matchType":"paired","which":"first","trial_type":"numerosity-estimation","trial_index":70,"time_elapsed":1556468,"subject_id":"77791"},{"rt":8765,"stimulus":57,"slider_start":100,"sprites":"mints","response":69,"absDeviation":5,"callibration":"test","block":3,"seed":57,"numerosity":64,"matchType":"paired","which":"second","trial_type":"numerosity-estimation","trial_index":71,"time_elapsed":1565236,"subject_id":"77791"},{"rt":7879,"stimulus":59,"slider_start":100,"sprites":"buttons","response":102,"absDeviation":33,"callibration":"test","block":3,"seed":59,"numerosity":135,"matchType":"unpaired","which":"first","trial_type":"numerosity-estimation","trial_index":72,"time_elapsed":1573118,"subject_id":"77791"},{"rt":6667,"stimulus":60,"slider_start":100,"sprites":"animalCrackers","response":108,"absDeviation":42,"callibration":"test","block":3,"seed":60,"numerosity":150,"matchType":"unpaired","which":"first","trial_type":"numerosity-estimation","trial_index":73,"time_elapsed":1579787,"subject_id":"77791"},{"rt":14781,"stimulus":61,"slider_start":100,"sprites":"letters","response":96,"absDeviation":46,"callibration":"test","block":3,"seed":61,"numerosity":50,"matchType":"paired","which":"first","trial_type":"numerosity-estimation","trial_index":74,"time_elapsed":1594570,"subject_id":"77791"},{"rt":13012,"stimulus":61,"slider_start":100,"sprites":"letters","response":41,"absDeviation":9,"callibration":"test","block":3,"seed":61,"numerosity":50,"matchType":"paired","which":"second","trial_type":"numerosity-estimation","trial_index":75,"time_elapsed":1607585,"subject_id":"77791"},{"rt":6132,"stimulus":63,"slider_start":100,"sprites":"hearts","response":54,"absDeviation":10,"callibration":"test","block":3,"seed":63,"numerosity":64,"matchType":"unpaired","which":"first","trial_type":"numerosity-estimation","trial_index":76,"time_elapsed":1613720,"subject_id":"77791"},{"rt":20747,"stimulus":64,"slider_start":100,"sprites":"crackers","response":73,"absDeviation":62,"callibration":"test","block":3,"seed":64,"numerosity":135,"matchType":"unpaired","which":"first","trial_type":"numerosity-estimation","trial_index":77,"time_elapsed":1634469,"subject_id":"77791"},{"rt":73730,"stimulus":"<p> For the last block of trials, the average deviation of your guesses from correct answers was 22.</p>\n     <p>The smaller the deviation the better.  Your deviation was <b> VERY good</b>.</p><br>\n       <p>Press any key to continue to the next block of trials</p>","response":" ","trial_type":"html-keyboard-response","trial_index":78,"time_elapsed":1708198,"subject_id":"77791"},{"rt":5535,"stimulus":65,"slider_start":100,"sprites":"bears","response":70,"absDeviation":37,"callibration":"test","block":4,"seed":65,"numerosity":107,"matchType":"paired","which":"first","trial_type":"numerosity-estimation","trial_index":79,"time_elapsed":1713736,"subject_id":"77791"},{"rt":8130,"stimulus":65,"slider_start":100,"sprites":"bears","response":78,"absDeviation":29,"callibration":"test","block":4,"seed":65,"numerosity":107,"matchType":"paired","which":"second","trial_type":"numerosity-estimation","trial_index":80,"time_elapsed":1721869,"subject_id":"77791"},{"rt":10030,"stimulus":67,"slider_start":100,"sprites":"jellyBeans","response":83,"absDeviation":24,"callibration":"test","block":4,"seed":67,"numerosity":107,"matchType":"unpaired","which":"first","trial_type":"numerosity-estimation","trial_index":81,"time_elapsed":1731901,"subject_id":"77791"},{"rt":7465,"stimulus":68,"slider_start":100,"sprites":"marbles","response":77,"absDeviation":73,"callibration":"test","block":4,"seed":68,"numerosity":150,"matchType":"unpaired","which":"first","trial_type":"numerosity-estimation","trial_index":82,"time_elapsed":1739368,"subject_id":"77791"},{"rt":9565,"stimulus":69,"slider_start":100,"sprites":"mints","response":88,"absDeviation":33,"callibration":"test","block":4,"seed":69,"numerosity":121,"matchType":"paired","which":"first","trial_type":"numerosity-estimation","trial_index":83,"time_elapsed":1748935,"subject_id":"77791"},{"rt":10098,"stimulus":69,"slider_start":100,"sprites":"mints","response":96,"absDeviation":25,"callibration":"test","block":4,"seed":69,"numerosity":121,"matchType":"paired","which":"second","trial_type":"numerosity-estimation","trial_index":84,"time_elapsed":1759035,"subject_id":"77791"},{"rt":9864,"stimulus":71,"slider_start":100,"sprites":"buttons","response":71,"absDeviation":36,"callibration":"test","block":4,"seed":71,"numerosity":107,"matchType":"unpaired","which":"first","trial_type":"numerosity-estimation","trial_index":85,"time_elapsed":1768901,"subject_id":"77791"},{"rt":13480,"stimulus":72,"slider_start":100,"sprites":"animalCrackers","response":37,"absDeviation":13,"callibration":"test","block":4,"seed":72,"numerosity":50,"matchType":"unpaired","which":"first","trial_type":"numerosity-estimation","trial_index":86,"time_elapsed":1782384,"subject_id":"77791"},{"rt":7549,"stimulus":73,"slider_start":100,"sprites":"letters","response":55,"absDeviation":23,"callibration":"test","block":4,"seed":73,"numerosity":78,"matchType":"paired","which":"first","trial_type":"numerosity-estimation","trial_index":87,"time_elapsed":1789935,"subject_id":"77791"},{"rt":7848,"stimulus":73,"slider_start":100,"sprites":"letters","response":56,"absDeviation":22,"callibration":"test","block":4,"seed":73,"numerosity":78,"matchType":"paired","which":"second","trial_type":"numerosity-estimation","trial_index":88,"time_elapsed":1797785,"subject_id":"77791"},{"rt":11649,"stimulus":75,"slider_start":100,"sprites":"hearts","response":69,"absDeviation":23,"callibration":"test","block":4,"seed":75,"numerosity":92,"matchType":"unpaired","which":"first","trial_type":"numerosity-estimation","trial_index":89,"time_elapsed":1809436,"subject_id":"77791"},{"rt":8779,"stimulus":76,"slider_start":100,"sprites":"crackers","response":57,"absDeviation":7,"callibration":"test","block":4,"seed":76,"numerosity":64,"matchType":"unpaired","which":"first","trial_type":"numerosity-estimation","trial_index":90,"time_elapsed":1818218,"subject_id":"77791"},{"rt":6484,"stimulus":77,"slider_start":100,"sprites":"bears","response":90,"absDeviation":45,"callibration":"test","block":4,"seed":77,"numerosity":135,"matchType":"paired","which":"first","trial_type":"numerosity-estimation","trial_index":91,"time_elapsed":1824704,"subject_id":"77791"},{"rt":14695,"stimulus":77,"slider_start":100,"sprites":"bears","response":75,"absDeviation":60,"callibration":"test","block":4,"seed":77,"numerosity":135,"matchType":"paired","which":"second","trial_type":"numerosity-estimation","trial_index":92,"time_elapsed":1839401,"subject_id":"77791"},{"rt":9483,"stimulus":79,"slider_start":100,"sprites":"jellyBeans","response":35,"absDeviation":15,"callibration":"test","block":4,"seed":79,"numerosity":50,"matchType":"unpaired","which":"first","trial_type":"numerosity-estimation","trial_index":93,"time_elapsed":1848886,"subject_id":"77791"},{"rt":10497,"stimulus":80,"slider_start":100,"sprites":"marbles","response":56,"absDeviation":65,"callibration":"test","block":4,"seed":80,"numerosity":121,"matchType":"unpaired","which":"first","trial_type":"numerosity-estimation","trial_index":94,"time_elapsed":1859384,"subject_id":"77791"},{"rt":19235,"stimulus":"<p> For the last block of trials, the average deviation of your guesses from correct answers was 33.</p>\n     <p>The smaller the deviation the better.  Your deviation was <b> good</b>.</p><br>\n       <p>Press any key to continue to the next block of trials</p>","response":" ","trial_type":"html-keyboard-response","trial_index":95,"time_elapsed":1878620,"subject_id":"77791"},{"rt":7245,"stimulus":81,"slider_start":100,"sprites":"mints","response":94,"absDeviation":27,"callibration":"test","block":5,"seed":81,"numerosity":121,"matchType":"paired","which":"first","trial_type":"numerosity-estimation","trial_index":96,"time_elapsed":1885867,"subject_id":"77791"},{"rt":27133,"stimulus":81,"slider_start":100,"sprites":"mints","response":84,"absDeviation":37,"callibration":"test","block":5,"seed":81,"numerosity":121,"matchType":"paired","which":"second","trial_type":"numerosity-estimation","trial_index":97,"time_elapsed":1913000,"subject_id":"77791"},{"rt":8364,"stimulus":83,"slider_start":100,"sprites":"buttons","response":86,"absDeviation":35,"callibration":"test","block":5,"seed":83,"numerosity":121,"matchType":"unpaired","which":"first","trial_type":"numerosity-estimation","trial_index":98,"time_elapsed":1921367,"subject_id":"77791"},{"rt":8782,"stimulus":84,"slider_start":100,"sprites":"animalCrackers","response":41,"absDeviation":9,"callibration":"test","block":5,"seed":84,"numerosity":50,"matchType":"unpaired","which":"first","trial_type":"numerosity-estimation","trial_index":99,"time_elapsed":1930151,"subject_id":"77791"},{"rt":6948,"stimulus":85,"slider_start":100,"sprites":"letters","response":50,"absDeviation":14,"callibration":"test","block":5,"seed":85,"numerosity":64,"matchType":"paired","which":"first","trial_type":"numerosity-estimation","trial_index":100,"time_elapsed":1937101,"subject_id":"77791"},{"rt":9281,"stimulus":85,"slider_start":100,"sprites":"letters","response":64,"absDeviation":0,"callibration":"test","block":5,"seed":85,"numerosity":64,"matchType":"paired","which":"second","trial_type":"numerosity-estimation","trial_index":101,"time_elapsed":1946383,"subject_id":"77791"},{"rt":6931,"stimulus":87,"slider_start":100,"sprites":"hearts","response":49,"absDeviation":1,"callibration":"test","block":5,"seed":87,"numerosity":50,"matchType":"unpaired","which":"first","trial_type":"numerosity-estimation","trial_index":102,"time_elapsed":1953316,"subject_id":"77791"},{"rt":14185,"stimulus":88,"slider_start":100,"sprites":"crackers","response":120,"absDeviation":15,"callibration":"test","block":5,"seed":88,"numerosity":135,"matchType":"unpaired","which":"first","trial_type":"numerosity-estimation","trial_index":103,"time_elapsed":1967502,"subject_id":"77791"},{"rt":5064,"stimulus":89,"slider_start":100,"sprites":"bears","response":40,"absDeviation":10,"callibration":"test","block":5,"seed":89,"numerosity":50,"matchType":"paired","which":"first","trial_type":"numerosity-estimation","trial_index":104,"time_elapsed":1972567,"subject_id":"77791"},{"rt":13334,"stimulus":89,"slider_start":100,"sprites":"bears","response":52,"absDeviation":2,"callibration":"test","block":5,"seed":89,"numerosity":50,"matchType":"paired","which":"second","trial_type":"numerosity-estimation","trial_index":105,"time_elapsed":1985903,"subject_id":"77791"},{"rt":4929,"stimulus":91,"slider_start":100,"sprites":"jellyBeans","response":73,"absDeviation":19,"callibration":"test","block":5,"seed":91,"numerosity":92,"matchType":"unpaired","which":"first","trial_type":"numerosity-estimation","trial_index":106,"time_elapsed":1990835,"subject_id":"77791"},{"rt":7114,"stimulus":92,"slider_start":100,"sprites":"marbles","response":86,"absDeviation":35,"callibration":"test","block":5,"seed":92,"numerosity":121,"matchType":"unpaired","which":"first","trial_type":"numerosity-estimation","trial_index":107,"time_elapsed":1997951,"subject_id":"77791"},{"rt":7880,"stimulus":93,"slider_start":100,"sprites":"mints","response":93,"absDeviation":15,"callibration":"test","block":5,"seed":93,"numerosity":78,"matchType":"paired","which":"first","trial_type":"numerosity-estimation","trial_index":108,"time_elapsed":2005834,"subject_id":"77791"},{"rt":7431,"stimulus":93,"slider_start":100,"sprites":"mints","response":73,"absDeviation":5,"callibration":"test","block":5,"seed":93,"numerosity":78,"matchType":"paired","which":"second","trial_type":"numerosity-estimation","trial_index":109,"time_elapsed":2013267,"subject_id":"77791"},{"rt":6615,"stimulus":95,"slider_start":100,"sprites":"buttons","response":64,"absDeviation":0,"callibration":"test","block":5,"seed":95,"numerosity":64,"matchType":"unpaired","which":"first","trial_type":"numerosity-estimation","trial_index":110,"time_elapsed":2019884,"subject_id":"77791"},{"rt":7400,"stimulus":96,"slider_start":100,"sprites":"animalCrackers","response":82,"absDeviation":10,"callibration":"test","block":5,"seed":96,"numerosity":92,"matchType":"unpaired","which":"first","trial_type":"numerosity-estimation","trial_index":111,"time_elapsed":2027286,"subject_id":"77791"},{"rt":5371,"stimulus":"<p> For the last block of trials, the average deviation of your guesses from correct answers was 15.</p>\n     <p>The smaller the deviation the better.  Your deviation was <b> VERY good</b>.</p><br>\n       <p>Press any key to continue to the next block of trials</p>","response":" ","trial_type":"html-keyboard-response","trial_index":112,"time_elapsed":2032658,"subject_id":"77791"},{"rt":6108,"stimulus":2,"slider_start":100,"sprites":"butterflies","response":95,"absDeviation":40,"callibration":"test","block":6,"seed":2,"numerosity":135,"matchType":"paired","which":"first","trial_type":"numerosity-estimation","trial_index":113,"time_elapsed":2038767,"subject_id":"77791"},{"rt":4583,"stimulus":2,"slider_start":100,"sprites":"butterflies","response":100,"absDeviation":35,"callibration":"test","block":6,"seed":2,"numerosity":135,"matchType":"paired","which":"second","trial_type":"numerosity-estimation","trial_index":114,"time_elapsed":2043352,"subject_id":"77791"},{"rt":7280,"stimulus":3,"slider_start":100,"sprites":"hearts","response":51,"absDeviation":1,"callibration":"test","block":6,"seed":3,"numerosity":50,"matchType":"unpaired","which":"second","trial_type":"numerosity-estimation","trial_index":115,"time_elapsed":2050634,"subject_id":"77791"},{"rt":6766,"stimulus":4,"slider_start":100,"sprites":"crackers","response":101,"absDeviation":6,"callibration":"test","block":6,"seed":4,"numerosity":107,"matchType":"unpaired","which":"second","trial_type":"numerosity-estimation","trial_index":116,"time_elapsed":2057402,"subject_id":"77791"},{"rt":10797,"stimulus":6,"slider_start":100,"sprites":"fruits","response":75,"absDeviation":3,"callibration":"test","block":6,"seed":6,"numerosity":78,"matchType":"paired","which":"first","trial_type":"numerosity-estimation","trial_index":117,"time_elapsed":2068202,"subject_id":"77791"},{"rt":6465,"stimulus":6,"slider_start":100,"sprites":"fruits","response":79,"absDeviation":1,"callibration":"test","block":6,"seed":6,"numerosity":78,"matchType":"paired","which":"second","trial_type":"numerosity-estimation","trial_index":118,"time_elapsed":2074669,"subject_id":"77791"},{"rt":7714,"stimulus":7,"slider_start":100,"sprites":"jellyBeans","response":61,"absDeviation":11,"callibration":"test","block":6,"seed":7,"numerosity":50,"matchType":"unpaired","which":"second","trial_type":"numerosity-estimation","trial_index":119,"time_elapsed":2082385,"subject_id":"77791"},{"rt":6330,"stimulus":8,"slider_start":100,"sprites":"marbles","response":85,"absDeviation":7,"callibration":"test","block":6,"seed":8,"numerosity":92,"matchType":"unpaired","which":"second","trial_type":"numerosity-estimation","trial_index":120,"time_elapsed":2088717,"subject_id":"77791"},{"rt":8148,"stimulus":10,"slider_start":100,"sprites":"rocks","response":49,"absDeviation":1,"callibration":"test","block":6,"seed":10,"numerosity":50,"matchType":"paired","which":"first","trial_type":"numerosity-estimation","trial_index":121,"time_elapsed":2096867,"subject_id":"77791"},{"rt":8065,"stimulus":10,"slider_start":100,"sprites":"rocks","response":64,"absDeviation":14,"callibration":"test","block":6,"seed":10,"numerosity":50,"matchType":"paired","which":"second","trial_type":"numerosity-estimation","trial_index":122,"time_elapsed":2104935,"subject_id":"77791"},{"rt":6882,"stimulus":11,"slider_start":100,"sprites":"buttons","response":91,"absDeviation":16,"callibration":"test","block":6,"seed":11,"numerosity":107,"matchType":"unpaired","which":"second","trial_type":"numerosity-estimation","trial_index":123,"time_elapsed":2111820,"subject_id":"77791"},{"rt":6693,"stimulus":12,"slider_start":100,"sprites":"animalCrackers","response":84,"absDeviation":8,"callibration":"test","block":6,"seed":12,"numerosity":92,"matchType":"unpaired","which":"second","trial_type":"numerosity-estimation","trial_index":124,"time_elapsed":2118516,"subject_id":"77791"},{"rt":4099,"stimulus":14,"slider_start":100,"sprites":"butterflies","response":105,"absDeviation":45,"callibration":"test","block":6,"seed":14,"numerosity":150,"matchType":"paired","which":"first","trial_type":"numerosity-estimation","trial_index":125,"time_elapsed":2122617,"subject_id":"77791"},{"rt":2951,"stimulus":14,"slider_start":100,"sprites":"butterflies","response":111,"absDeviation":39,"callibration":"test","block":6,"seed":14,"numerosity":150,"matchType":"paired","which":"second","trial_type":"numerosity-estimation","trial_index":126,"time_elapsed":2125569,"subject_id":"77791"},{"rt":6313,"stimulus":15,"slider_start":100,"sprites":"hearts","response":118,"absDeviation":3,"callibration":"test","block":6,"seed":15,"numerosity":121,"matchType":"unpaired","which":"second","trial_type":"numerosity-estimation","trial_index":127,"time_elapsed":2131885,"subject_id":"77791"},{"rt":5762,"stimulus":16,"slider_start":100,"sprites":"crackers","response":65,"absDeviation":1,"callibration":"test","block":6,"seed":16,"numerosity":64,"matchType":"unpaired","which":"second","trial_type":"numerosity-estimation","trial_index":128,"time_elapsed":2137650,"subject_id":"77791"},{"rt":2560,"stimulus":"<p> For the last block of trials, the average deviation of your guesses from correct answers was 14.</p>\n     <p>The smaller the deviation the better.  Your deviation was <b> AMAZINGLY good</b>.</p><br>\n       <p>Press any key to continue to the next block of trials</p>","response":" ","trial_type":"html-keyboard-response","trial_index":129,"time_elapsed":2140211,"subject_id":"77791"},{"rt":7005,"stimulus":18,"slider_start":100,"sprites":"fruits","response":93,"absDeviation":14,"callibration":"test","block":7,"seed":18,"numerosity":107,"matchType":"paired","which":"first","trial_type":"numerosity-estimation","trial_index":130,"time_elapsed":2147217,"subject_id":"77791"},{"rt":2698,"stimulus":18,"slider_start":100,"sprites":"fruits","response":103,"absDeviation":4,"callibration":"test","block":7,"seed":18,"numerosity":107,"matchType":"paired","which":"second","trial_type":"numerosity-estimation","trial_index":131,"time_elapsed":2149917,"subject_id":"77791"},{"rt":5016,"stimulus":19,"slider_start":100,"sprites":"jellyBeans","response":114,"absDeviation":21,"callibration":"test","block":7,"seed":19,"numerosity":135,"matchType":"unpaired","which":"second","trial_type":"numerosity-estimation","trial_index":132,"time_elapsed":2154935,"subject_id":"77791"},{"rt":9781,"stimulus":20,"slider_start":100,"sprites":"marbles","response":77,"absDeviation":1,"callibration":"test","block":7,"seed":20,"numerosity":78,"matchType":"unpaired","which":"second","trial_type":"numerosity-estimation","trial_index":133,"time_elapsed":2164717,"subject_id":"77791"},{"rt":4014,"stimulus":22,"slider_start":100,"sprites":"rocks","response":107,"absDeviation":15,"callibration":"test","block":7,"seed":22,"numerosity":92,"matchType":"paired","which":"first","trial_type":"numerosity-estimation","trial_index":134,"time_elapsed":2168733,"subject_id":"77791"},{"rt":5100,"stimulus":22,"slider_start":100,"sprites":"rocks","response":103,"absDeviation":11,"callibration":"test","block":7,"seed":22,"numerosity":92,"matchType":"paired","which":"second","trial_type":"numerosity-estimation","trial_index":135,"time_elapsed":2173835,"subject_id":"77791"},{"rt":4348,"stimulus":23,"slider_start":100,"sprites":"buttons","response":139,"absDeviation":11,"callibration":"test","block":7,"seed":23,"numerosity":150,"matchType":"unpaired","which":"second","trial_type":"numerosity-estimation","trial_index":136,"time_elapsed":2178185,"subject_id":"77791"},{"rt":3731,"stimulus":24,"slider_start":100,"sprites":"animalCrackers","response":111,"absDeviation":4,"callibration":"test","block":7,"seed":24,"numerosity":107,"matchType":"unpaired","which":"second","trial_type":"numerosity-estimation","trial_index":137,"time_elapsed":2181919,"subject_id":"77791"},{"rt":6546,"stimulus":26,"slider_start":100,"sprites":"butterflies","response":78,"absDeviation":14,"callibration":"test","block":7,"seed":26,"numerosity":92,"matchType":"paired","which":"first","trial_type":"numerosity-estimation","trial_index":138,"time_elapsed":2188467,"subject_id":"77791"},{"rt":5381,"stimulus":26,"slider_start":100,"sprites":"butterflies","response":86,"absDeviation":6,"callibration":"test","block":7,"seed":26,"numerosity":92,"matchType":"paired","which":"second","trial_type":"numerosity-estimation","trial_index":139,"time_elapsed":2193850,"subject_id":"77791"},{"rt":5149,"stimulus":27,"slider_start":100,"sprites":"hearts","response":102,"absDeviation":19,"callibration":"test","block":7,"seed":27,"numerosity":121,"matchType":"unpaired","which":"second","trial_type":"numerosity-estimation","trial_index":140,"time_elapsed":2199002,"subject_id":"77791"},{"rt":4363,"stimulus":28,"slider_start":100,"sprites":"crackers","response":121,"absDeviation":29,"callibration":"test","block":7,"seed":28,"numerosity":150,"matchType":"unpaired","which":"second","trial_type":"numerosity-estimation","trial_index":141,"time_elapsed":2203367,"subject_id":"77791"},{"rt":14381,"stimulus":30,"slider_start":100,"sprites":"fruits","response":98,"absDeviation":9,"callibration":"test","block":7,"seed":30,"numerosity":107,"matchType":"paired","which":"first","trial_type":"numerosity-estimation","trial_index":142,"time_elapsed":2217750,"subject_id":"77791"},{"rt":3614,"stimulus":30,"slider_start":100,"sprites":"fruits","response":99,"absDeviation":8,"callibration":"test","block":7,"seed":30,"numerosity":107,"matchType":"paired","which":"second","trial_type":"numerosity-estimation","trial_index":143,"time_elapsed":2221366,"subject_id":"77791"},{"rt":5217,"stimulus":31,"slider_start":100,"sprites":"jellyBeans","response":117,"absDeviation":33,"callibration":"test","block":7,"seed":31,"numerosity":150,"matchType":"unpaired","which":"second","trial_type":"numerosity-estimation","trial_index":144,"time_elapsed":2226585,"subject_id":"77791"},{"rt":4132,"stimulus":32,"slider_start":100,"sprites":"marbles","response":97,"absDeviation":38,"callibration":"test","block":7,"seed":32,"numerosity":135,"matchType":"unpaired","which":"second","trial_type":"numerosity-estimation","trial_index":145,"time_elapsed":2230718,"subject_id":"77791"},{"rt":9020,"stimulus":"<p> For the last block of trials, the average deviation of your guesses from correct answers was 15.</p>\n     <p>The smaller the deviation the better.  Your deviation was <b> VERY good</b>.</p><br>\n       <p>Press any key to continue to the next block of trials</p>","response":" ","trial_type":"html-keyboard-response","trial_index":146,"time_elapsed":2239740,"subject_id":"77791"},{"rt":6345,"stimulus":34,"slider_start":100,"sprites":"rocks","response":60,"absDeviation":10,"callibration":"test","block":8,"seed":34,"numerosity":50,"matchType":"paired","which":"first","trial_type":"numerosity-estimation","trial_index":147,"time_elapsed":2246087,"subject_id":"77791"},{"rt":6510,"stimulus":34,"slider_start":100,"sprites":"rocks","response":51,"absDeviation":1,"callibration":"test","block":8,"seed":34,"numerosity":50,"matchType":"paired","which":"second","trial_type":"numerosity-estimation","trial_index":148,"time_elapsed":2252599,"subject_id":"77791"},{"rt":6283,"stimulus":35,"slider_start":100,"sprites":"buttons","response":75,"absDeviation":3,"callibration":"test","block":8,"seed":35,"numerosity":78,"matchType":"unpaired","which":"second","trial_type":"numerosity-estimation","trial_index":149,"time_elapsed":2258884,"subject_id":"77791"},{"rt":9196,"stimulus":36,"slider_start":100,"sprites":"animalCrackers","response":50,"absDeviation":0,"callibration":"test","block":8,"seed":36,"numerosity":50,"matchType":"unpaired","which":"second","trial_type":"numerosity-estimation","trial_index":150,"time_elapsed":2268083,"subject_id":"77791"},{"rt":6482,"stimulus":38,"slider_start":100,"sprites":"butterflies","response":49,"absDeviation":29,"callibration":"test","block":8,"seed":38,"numerosity":78,"matchType":"paired","which":"first","trial_type":"numerosity-estimation","trial_index":151,"time_elapsed":2274568,"subject_id":"77791"},{"rt":6046,"stimulus":38,"slider_start":100,"sprites":"butterflies","response":60,"absDeviation":18,"callibration":"test","block":8,"seed":38,"numerosity":78,"matchType":"paired","which":"second","trial_type":"numerosity-estimation","trial_index":152,"time_elapsed":2280617,"subject_id":"77791"},{"rt":8046,"stimulus":39,"slider_start":100,"sprites":"hearts","response":69,"absDeviation":9,"callibration":"test","block":8,"seed":39,"numerosity":78,"matchType":"unpaired","which":"second","trial_type":"numerosity-estimation","trial_index":153,"time_elapsed":2288666,"subject_id":"77791"},{"rt":4934,"stimulus":40,"slider_start":100,"sprites":"crackers","response":104,"absDeviation":17,"callibration":"test","block":8,"seed":40,"numerosity":121,"matchType":"unpaired","which":"second","trial_type":"numerosity-estimation","trial_index":154,"time_elapsed":2293601,"subject_id":"77791"},{"rt":5230,"stimulus":42,"slider_start":100,"sprites":"fruits","response":83,"absDeviation":5,"callibration":"test","block":8,"seed":42,"numerosity":78,"matchType":"paired","which":"first","trial_type":"numerosity-estimation","trial_index":155,"time_elapsed":2298833,"subject_id":"77791"},{"rt":4814,"stimulus":42,"slider_start":100,"sprites":"fruits","response":88,"absDeviation":10,"callibration":"test","block":8,"seed":42,"numerosity":78,"matchType":"paired","which":"second","trial_type":"numerosity-estimation","trial_index":156,"time_elapsed":2303649,"subject_id":"77791"},{"rt":6031,"stimulus":43,"slider_start":100,"sprites":"jellyBeans","response":82,"absDeviation":18,"callibration":"test","block":8,"seed":43,"numerosity":64,"matchType":"unpaired","which":"second","trial_type":"numerosity-estimation","trial_index":157,"time_elapsed":2309683,"subject_id":"77791"},{"rt":12064,"stimulus":44,"slider_start":100,"sprites":"marbles","response":89,"absDeviation":32,"callibration":"test","block":8,"seed":44,"numerosity":121,"matchType":"unpaired","which":"second","trial_type":"numerosity-estimation","trial_index":158,"time_elapsed":2321749,"subject_id":"77791"},{"rt":5613,"stimulus":46,"slider_start":100,"sprites":"rocks","response":100,"absDeviation":7,"callibration":"test","block":8,"seed":46,"numerosity":107,"matchType":"paired","which":"first","trial_type":"numerosity-estimation","trial_index":159,"time_elapsed":2327367,"subject_id":"77791"},{"rt":3998,"stimulus":46,"slider_start":100,"sprites":"rocks","response":107,"absDeviation":0,"callibration":"test","block":8,"seed":46,"numerosity":107,"matchType":"paired","which":"second","trial_type":"numerosity-estimation","trial_index":160,"time_elapsed":2331367,"subject_id":"77791"},{"rt":3997,"stimulus":47,"slider_start":100,"sprites":"buttons","response":118,"absDeviation":3,"callibration":"test","block":8,"seed":47,"numerosity":121,"matchType":"unpaired","which":"second","trial_type":"numerosity-estimation","trial_index":161,"time_elapsed":2335366,"subject_id":"77791"},{"rt":3683,"stimulus":48,"slider_start":100,"sprites":"animalCrackers","response":119,"absDeviation":16,"callibration":"test","block":8,"seed":48,"numerosity":135,"matchType":"unpaired","which":"second","trial_type":"numerosity-estimation","trial_index":162,"time_elapsed":2339052,"subject_id":"77791"},{"rt":4442,"stimulus":"<p> For the last block of trials, the average deviation of your guesses from correct answers was 11.</p>\n     <p>The smaller the deviation the better.  Your deviation was <b> AMAZINGLY good</b>.</p><br>\n       <p>Press any key to continue to the next block of trials</p>","response":" ","trial_type":"html-keyboard-response","trial_index":163,"time_elapsed":2343495,"subject_id":"77791"},{"rt":4368,"stimulus":50,"slider_start":100,"sprites":"butterflies","response":96,"absDeviation":54,"callibration":"test","block":9,"seed":50,"numerosity":150,"matchType":"paired","which":"first","trial_type":"numerosity-estimation","trial_index":164,"time_elapsed":2347865,"subject_id":"77791"},{"rt":4683,"stimulus":50,"slider_start":100,"sprites":"butterflies","response":94,"absDeviation":56,"callibration":"test","block":9,"seed":50,"numerosity":150,"matchType":"paired","which":"second","trial_type":"numerosity-estimation","trial_index":165,"time_elapsed":2352550,"subject_id":"77791"},{"rt":4363,"stimulus":51,"slider_start":100,"sprites":"hearts","response":125,"absDeviation":25,"callibration":"test","block":9,"seed":51,"numerosity":150,"matchType":"unpaired","which":"second","trial_type":"numerosity-estimation","trial_index":166,"time_elapsed":2356916,"subject_id":"77791"},{"rt":8383,"stimulus":52,"slider_start":100,"sprites":"crackers","response":87,"absDeviation":9,"callibration":"test","block":9,"seed":52,"numerosity":78,"matchType":"unpaired","which":"second","trial_type":"numerosity-estimation","trial_index":167,"time_elapsed":2365300,"subject_id":"77791"},{"rt":8248,"stimulus":54,"slider_start":100,"sprites":"fruits","response":86,"absDeviation":6,"callibration":"test","block":9,"seed":54,"numerosity":92,"matchType":"paired","which":"first","trial_type":"numerosity-estimation","trial_index":168,"time_elapsed":2373550,"subject_id":"77791"},{"rt":5997,"stimulus":54,"slider_start":100,"sprites":"fruits","response":91,"absDeviation":1,"callibration":"test","block":9,"seed":54,"numerosity":92,"matchType":"paired","which":"second","trial_type":"numerosity-estimation","trial_index":169,"time_elapsed":2379549,"subject_id":"77791"},{"rt":5549,"stimulus":55,"slider_start":100,"sprites":"jellyBeans","response":104,"absDeviation":17,"callibration":"test","block":9,"seed":55,"numerosity":121,"matchType":"unpaired","which":"second","trial_type":"numerosity-estimation","trial_index":170,"time_elapsed":2385099,"subject_id":"77791"},{"rt":9732,"stimulus":56,"slider_start":100,"sprites":"marbles","response":41,"absDeviation":23,"callibration":"test","block":9,"seed":56,"numerosity":64,"matchType":"unpaired","which":"second","trial_type":"numerosity-estimation","trial_index":171,"time_elapsed":2394833,"subject_id":"77791"},{"rt":15563,"stimulus":58,"slider_start":100,"sprites":"rocks","response":97,"absDeviation":24,"callibration":"test","block":9,"seed":58,"numerosity":121,"matchType":"paired","which":"first","trial_type":"numerosity-estimation","trial_index":172,"time_elapsed":2410399,"subject_id":"77791"},{"rt":6182,"stimulus":58,"slider_start":100,"sprites":"rocks","response":103,"absDeviation":18,"callibration":"test","block":9,"seed":58,"numerosity":121,"matchType":"paired","which":"second","trial_type":"numerosity-estimation","trial_index":173,"time_elapsed":2416583,"subject_id":"77791"},{"rt":4847,"stimulus":59,"slider_start":100,"sprites":"buttons","response":111,"absDeviation":24,"callibration":"test","block":9,"seed":59,"numerosity":135,"matchType":"unpaired","which":"second","trial_type":"numerosity-estimation","trial_index":174,"time_elapsed":2421433,"subject_id":"77791"},{"rt":3731,"stimulus":60,"slider_start":100,"sprites":"animalCrackers","response":122,"absDeviation":28,"callibration":"test","block":9,"seed":60,"numerosity":150,"matchType":"unpaired","which":"second","trial_type":"numerosity-estimation","trial_index":175,"time_elapsed":2425165,"subject_id":"77791"},{"rt":6782,"stimulus":62,"slider_start":100,"sprites":"butterflies","response":91,"absDeviation":44,"callibration":"test","block":9,"seed":62,"numerosity":135,"matchType":"paired","which":"first","trial_type":"numerosity-estimation","trial_index":176,"time_elapsed":2431949,"subject_id":"77791"},{"rt":5649,"stimulus":62,"slider_start":100,"sprites":"butterflies","response":86,"absDeviation":49,"callibration":"test","block":9,"seed":62,"numerosity":135,"matchType":"paired","which":"second","trial_type":"numerosity-estimation","trial_index":177,"time_elapsed":2437600,"subject_id":"77791"},{"rt":6947,"stimulus":63,"slider_start":100,"sprites":"hearts","response":64,"absDeviation":0,"callibration":"test","block":9,"seed":63,"numerosity":64,"matchType":"unpaired","which":"second","trial_type":"numerosity-estimation","trial_index":178,"time_elapsed":2444550,"subject_id":"77791"},{"rt":6317,"stimulus":64,"slider_start":100,"sprites":"crackers","response":115,"absDeviation":20,"callibration":"test","block":9,"seed":64,"numerosity":135,"matchType":"unpaired","which":"second","trial_type":"numerosity-estimation","trial_index":179,"time_elapsed":2450869,"subject_id":"77791"},{"rt":21768,"stimulus":"<p> For the last block of trials, the average deviation of your guesses from correct answers was 25.</p>\n     <p>The smaller the deviation the better.  Your deviation was <b> good</b>.</p><br>\n       <p>Press any key to continue to the next block of trials</p>","response":" ","trial_type":"html-keyboard-response","trial_index":180,"time_elapsed":2472638,"subject_id":"77791"},{"rt":7460,"stimulus":66,"slider_start":100,"sprites":"fruits","response":58,"absDeviation":6,"callibration":"test","block":10,"seed":66,"numerosity":64,"matchType":"paired","which":"first","trial_type":"numerosity-estimation","trial_index":181,"time_elapsed":2480100,"subject_id":"77791"},{"rt":5665,"stimulus":66,"slider_start":100,"sprites":"fruits","response":64,"absDeviation":0,"callibration":"test","block":10,"seed":66,"numerosity":64,"matchType":"paired","which":"second","trial_type":"numerosity-estimation","trial_index":182,"time_elapsed":2485767,"subject_id":"77791"},{"rt":3529,"stimulus":67,"slider_start":100,"sprites":"jellyBeans","response":105,"absDeviation":2,"callibration":"test","block":10,"seed":67,"numerosity":107,"matchType":"unpaired","which":"second","trial_type":"numerosity-estimation","trial_index":183,"time_elapsed":2489298,"subject_id":"77791"},{"rt":8402,"stimulus":68,"slider_start":100,"sprites":"marbles","response":92,"absDeviation":58,"callibration":"test","block":10,"seed":68,"numerosity":150,"matchType":"unpaired","which":"second","trial_type":"numerosity-estimation","trial_index":184,"time_elapsed":2497701,"subject_id":"77791"},{"rt":6946,"stimulus":70,"slider_start":100,"sprites":"rocks","response":87,"absDeviation":5,"callibration":"test","block":10,"seed":70,"numerosity":92,"matchType":"paired","which":"first","trial_type":"numerosity-estimation","trial_index":185,"time_elapsed":2504649,"subject_id":"77791"},{"rt":8082,"stimulus":70,"slider_start":100,"sprites":"rocks","response":88,"absDeviation":4,"callibration":"test","block":10,"seed":70,"numerosity":92,"matchType":"paired","which":"second","trial_type":"numerosity-estimation","trial_index":186,"time_elapsed":2512733,"subject_id":"77791"},{"rt":6450,"stimulus":71,"slider_start":100,"sprites":"buttons","response":93,"absDeviation":14,"callibration":"test","block":10,"seed":71,"numerosity":107,"matchType":"unpaired","which":"second","trial_type":"numerosity-estimation","trial_index":187,"time_elapsed":2519186,"subject_id":"77791"},{"rt":7311,"stimulus":72,"slider_start":100,"sprites":"animalCrackers","response":44,"absDeviation":6,"callibration":"test","block":10,"seed":72,"numerosity":50,"matchType":"unpaired","which":"second","trial_type":"numerosity-estimation","trial_index":188,"time_elapsed":2526500,"subject_id":"77791"},{"rt":4915,"stimulus":74,"slider_start":100,"sprites":"butterflies","response":40,"absDeviation":24,"callibration":"test","block":10,"seed":74,"numerosity":64,"matchType":"paired","which":"first","trial_type":"numerosity-estimation","trial_index":189,"time_elapsed":2531417,"subject_id":"77791"},{"rt":7047,"stimulus":74,"slider_start":100,"sprites":"butterflies","response":45,"absDeviation":19,"callibration":"test","block":10,"seed":74,"numerosity":64,"matchType":"paired","which":"second","trial_type":"numerosity-estimation","trial_index":190,"time_elapsed":2538465,"subject_id":"77791"},{"rt":8895,"stimulus":75,"slider_start":100,"sprites":"hearts","response":91,"absDeviation":1,"callibration":"test","block":10,"seed":75,"numerosity":92,"matchType":"unpaired","which":"second","trial_type":"numerosity-estimation","trial_index":191,"time_elapsed":2547366,"subject_id":"77791"},{"rt":4947,"stimulus":76,"slider_start":100,"sprites":"crackers","response":70,"absDeviation":6,"callibration":"test","block":10,"seed":76,"numerosity":64,"matchType":"unpaired","which":"second","trial_type":"numerosity-estimation","trial_index":192,"time_elapsed":2552316,"subject_id":"77791"},{"rt":4931,"stimulus":78,"slider_start":100,"sprites":"fruits","response":75,"absDeviation":11,"callibration":"test","block":10,"seed":78,"numerosity":64,"matchType":"paired","which":"first","trial_type":"numerosity-estimation","trial_index":193,"time_elapsed":2557249,"subject_id":"77791"},{"rt":6748,"stimulus":78,"slider_start":100,"sprites":"fruits","response":80,"absDeviation":16,"callibration":"test","block":10,"seed":78,"numerosity":64,"matchType":"paired","which":"second","trial_type":"numerosity-estimation","trial_index":194,"time_elapsed":2563999,"subject_id":"77791"},{"rt":8781,"stimulus":79,"slider_start":100,"sprites":"jellyBeans","response":59,"absDeviation":9,"callibration":"test","block":10,"seed":79,"numerosity":50,"matchType":"unpaired","which":"second","trial_type":"numerosity-estimation","trial_index":195,"time_elapsed":2572782,"subject_id":"77791"},{"rt":7152,"stimulus":80,"slider_start":100,"sprites":"marbles","response":89,"absDeviation":32,"callibration":"test","block":10,"seed":80,"numerosity":121,"matchType":"unpaired","which":"second","trial_type":"numerosity-estimation","trial_index":196,"time_elapsed":2579935,"subject_id":"77791"},{"rt":14306,"stimulus":"<p> For the last block of trials, the average deviation of your guesses from correct answers was 13.</p>\n     <p>The smaller the deviation the better.  Your deviation was <b> AMAZINGLY good</b>.</p><br>\n       <p>Press any key to continue to the next block of trials</p>","response":" ","trial_type":"html-keyboard-response","trial_index":197,"time_elapsed":2594242,"subject_id":"77791"},{"rt":5373,"stimulus":82,"slider_start":100,"sprites":"rocks","response":86,"absDeviation":22,"callibration":"test","block":11,"seed":82,"numerosity":64,"matchType":"paired","which":"first","trial_type":"numerosity-estimation","trial_index":198,"time_elapsed":2599617,"subject_id":"77791"},{"rt":5413,"stimulus":82,"slider_start":100,"sprites":"rocks","response":76,"absDeviation":12,"callibration":"test","block":11,"seed":82,"numerosity":64,"matchType":"paired","which":"second","trial_type":"numerosity-estimation","trial_index":199,"time_elapsed":2605032,"subject_id":"77791"},{"rt":7564,"stimulus":83,"slider_start":100,"sprites":"buttons","response":113,"absDeviation":8,"callibration":"test","block":11,"seed":83,"numerosity":121,"matchType":"unpaired","which":"second","trial_type":"numerosity-estimation","trial_index":200,"time_elapsed":2612598,"subject_id":"77791"},{"rt":8132,"stimulus":84,"slider_start":100,"sprites":"animalCrackers","response":71,"absDeviation":21,"callibration":"test","block":11,"seed":84,"numerosity":50,"matchType":"unpaired","which":"second","trial_type":"numerosity-estimation","trial_index":201,"time_elapsed":2620732,"subject_id":"77791"},{"rt":4715,"stimulus":86,"slider_start":100,"sprites":"butterflies","response":94,"absDeviation":27,"callibration":"test","block":11,"seed":86,"numerosity":121,"matchType":"paired","which":"first","trial_type":"numerosity-estimation","trial_index":202,"time_elapsed":2625450,"subject_id":"77791"},{"rt":12264,"stimulus":86,"slider_start":100,"sprites":"butterflies","response":95,"absDeviation":26,"callibration":"test","block":11,"seed":86,"numerosity":121,"matchType":"paired","which":"second","trial_type":"numerosity-estimation","trial_index":203,"time_elapsed":2637714,"subject_id":"77791"},{"rt":5348,"stimulus":87,"slider_start":100,"sprites":"hearts","response":61,"absDeviation":11,"callibration":"test","block":11,"seed":87,"numerosity":50,"matchType":"unpaired","which":"second","trial_type":"numerosity-estimation","trial_index":204,"time_elapsed":2643063,"subject_id":"77791"},{"rt":8364,"stimulus":88,"slider_start":100,"sprites":"crackers","response":120,"absDeviation":15,"callibration":"test","block":11,"seed":88,"numerosity":135,"matchType":"unpaired","which":"second","trial_type":"numerosity-estimation","trial_index":205,"time_elapsed":2651427,"subject_id":"77791"},{"rt":4549,"stimulus":90,"slider_start":100,"sprites":"fruits","response":146,"absDeviation":4,"callibration":"test","block":11,"seed":90,"numerosity":150,"matchType":"paired","which":"first","trial_type":"numerosity-estimation","trial_index":206,"time_elapsed":2655977,"subject_id":"77791"},{"rt":3998,"stimulus":90,"slider_start":100,"sprites":"fruits","response":154,"absDeviation":4,"callibration":"test","block":11,"seed":90,"numerosity":150,"matchType":"paired","which":"second","trial_type":"numerosity-estimation","trial_index":207,"time_elapsed":2659977,"subject_id":"77791"},{"rt":5766,"stimulus":91,"slider_start":100,"sprites":"jellyBeans","response":94,"absDeviation":2,"callibration":"test","block":11,"seed":91,"numerosity":92,"matchType":"unpaired","which":"second","trial_type":"numerosity-estimation","trial_index":208,"time_elapsed":2665744,"subject_id":"77791"},{"rt":4115,"stimulus":92,"slider_start":100,"sprites":"marbles","response":89,"absDeviation":32,"callibration":"test","block":11,"seed":92,"numerosity":121,"matchType":"unpaired","which":"second","trial_type":"numerosity-estimation","trial_index":209,"time_elapsed":2669861,"subject_id":"77791"},{"rt":4129,"stimulus":94,"slider_start":100,"sprites":"rocks","response":79,"absDeviation":1,"callibration":"test","block":11,"seed":94,"numerosity":78,"matchType":"paired","which":"first","trial_type":"numerosity-estimation","trial_index":210,"time_elapsed":2673991,"subject_id":"77791"},{"rt":6066,"stimulus":94,"slider_start":100,"sprites":"rocks","response":88,"absDeviation":10,"callibration":"test","block":11,"seed":94,"numerosity":78,"matchType":"paired","which":"second","trial_type":"numerosity-estimation","trial_index":211,"time_elapsed":2680058,"subject_id":"77791"},{"rt":8181,"stimulus":95,"slider_start":100,"sprites":"buttons","response":80,"absDeviation":16,"callibration":"test","block":11,"seed":95,"numerosity":64,"matchType":"unpaired","which":"second","trial_type":"numerosity-estimation","trial_index":212,"time_elapsed":2688242,"subject_id":"77791"},{"rt":4897,"stimulus":96,"slider_start":100,"sprites":"animalCrackers","response":96,"absDeviation":4,"callibration":"test","block":11,"seed":96,"numerosity":92,"matchType":"unpaired","which":"second","trial_type":"numerosity-estimation","trial_index":213,"time_elapsed":2693141,"subject_id":"77791"},{"rt":5563,"stimulus":"<p> For the last block of trials, the average deviation of your guesses from correct answers was 13.</p>\n     <p>The smaller the deviation the better.  Your deviation was <b> AMAZINGLY good</b>.</p><br>\n       <p>Press any key to continue to the next block of trials</p>","response":" ","trial_type":"html-keyboard-response","trial_index":214,"time_elapsed":2698705,"subject_id":"77791"},{"rt":90903,"response":{"averageEstimates":"When the two displays were separated in time.","firstOrSecond":"The second time the objects were shown"},"question_order":[0,1],"trial_type":"survey-multi-choice","trial_index":215,"time_elapsed":2789610,"subject_id":"77791"}]