[{"rt":6772,"url":"consent.html","trial_type":"external-html","trial_index":0,"time_elapsed":6810,"subject_id":"78216"},{"view_history":[{"page_index":0,"viewing_time":5372}],"rt":5372,"trial_type":"instructions","trial_index":1,"time_elapsed":12183,"subject_id":"78216"},{"rt":13889,"stimulus":0,"slider_start":100,"sprites":"animalCrackers","response":56,"absDeviation":6,"callibration":"callibration","block":-1,"seed":0,"numerosity":50,"matchType":"callibration","which":"first","trial_type":"numerosity-estimation","trial_index":2,"time_elapsed":26080,"subject_id":"78216"},{"rt":11720,"stimulus":1,"slider_start":100,"sprites":"letters","response":70,"absDeviation":6,"callibration":"callibration","block":-1,"seed":1,"numerosity":64,"matchType":"callibration","which":"first","trial_type":"numerosity-estimation","trial_index":3,"time_elapsed":37803,"subject_id":"78216"},{"rt":7582,"stimulus":2,"slider_start":100,"sprites":"butterflies","response":80,"absDeviation":2,"callibration":"callibration","block":-1,"seed":2,"numerosity":78,"matchType":"callibration","which":"first","trial_type":"numerosity-estimation","trial_index":4,"time_elapsed":45389,"subject_id":"78216"},{"rt":7068,"stimulus":3,"slider_start":100,"sprites":"hearts","response":87,"absDeviation":5,"callibration":"callibration","block":-1,"seed":3,"numerosity":92,"matchType":"callibration","which":"first","trial_type":"numerosity-estimation","trial_index":5,"time_elapsed":52459,"subject_id":"78216"},{"rt":7043,"stimulus":4,"slider_start":100,"sprites":"crackers","response":103,"absDeviation":4,"callibration":"callibration","block":-1,"seed":4,"numerosity":107,"matchType":"callibration","which":"first","trial_type":"numerosity-estimation","trial_index":6,"time_elapsed":59505,"subject_id":"78216"},{"rt":3823,"stimulus":5,"slider_start":100,"sprites":"bears","response":111,"absDeviation":10,"callibration":"callibration","block":-1,"seed":5,"numerosity":121,"matchType":"callibration","which":"first","trial_type":"numerosity-estimation","trial_index":7,"time_elapsed":63330,"subject_id":"78216"},{"rt":5767,"stimulus":6,"slider_start":100,"sprites":"fruits","response":126,"absDeviation":9,"callibration":"callibration","block":-1,"seed":6,"numerosity":135,"matchType":"callibration","which":"first","trial_type":"numerosity-estimation","trial_index":8,"time_elapsed":69100,"subject_id":"78216"},{"rt":4856,"stimulus":7,"slider_start":100,"sprites":"jellyBeans","response":132,"absDeviation":18,"callibration":"callibration","block":-1,"seed":7,"numerosity":150,"matchType":"callibration","which":"first","trial_type":"numerosity-estimation","trial_index":9,"time_elapsed":73958,"subject_id":"78216"},{"view_history":[{"page_index":0,"viewing_time":6645}],"rt":6645,"trial_type":"instructions","trial_index":10,"time_elapsed":80604,"subject_id":"78216"},{"rt":7297,"stimulus":1,"slider_start":100,"sprites":"letters","response":77,"absDeviation":15,"callibration":"test","block":0,"seed":1,"numerosity":92,"matchType":"paired","which":"first","trial_type":"numerosity-estimation","trial_index":11,"time_elapsed":87904,"subject_id":"78216"},{"rt":6776,"stimulus":1,"slider_start":100,"sprites":"letters","response":82,"absDeviation":10,"callibration":"test","block":0,"seed":1,"numerosity":92,"matchType":"paired","which":"second","trial_type":"numerosity-estimation","trial_index":12,"time_elapsed":94683,"subject_id":"78216"},{"rt":4428,"stimulus":3,"slider_start":100,"sprites":"hearts","response":67,"absDeviation":17,"callibration":"test","block":0,"seed":3,"numerosity":50,"matchType":"unpaired","which":"first","trial_type":"numerosity-estimation","trial_index":13,"time_elapsed":99114,"subject_id":"78216"},{"rt":4866,"stimulus":4,"slider_start":100,"sprites":"crackers","response":118,"absDeviation":11,"callibration":"test","block":0,"seed":4,"numerosity":107,"matchType":"unpaired","which":"first","trial_type":"numerosity-estimation","trial_index":14,"time_elapsed":103982,"subject_id":"78216"},{"rt":4566,"stimulus":5,"slider_start":100,"sprites":"bears","response":64,"absDeviation":14,"callibration":"test","block":0,"seed":5,"numerosity":50,"matchType":"paired","which":"first","trial_type":"numerosity-estimation","trial_index":15,"time_elapsed":108551,"subject_id":"78216"},{"rt":4720,"stimulus":5,"slider_start":100,"sprites":"bears","response":64,"absDeviation":14,"callibration":"test","block":0,"seed":5,"numerosity":50,"matchType":"paired","which":"second","trial_type":"numerosity-estimation","trial_index":16,"time_elapsed":113274,"subject_id":"78216"},{"rt":4198,"stimulus":7,"slider_start":100,"sprites":"jellyBeans","response":78,"absDeviation":28,"callibration":"test","block":0,"seed":7,"numerosity":50,"matchType":"unpaired","which":"first","trial_type":"numerosity-estimation","trial_index":17,"time_elapsed":117475,"subject_id":"78216"},{"rt":5460,"stimulus":8,"slider_start":100,"sprites":"marbles","response":80,"absDeviation":12,"callibration":"test","block":0,"seed":8,"numerosity":92,"matchType":"unpaired","which":"first","trial_type":"numerosity-estimation","trial_index":18,"time_elapsed":122937,"subject_id":"78216"},{"rt":3477,"stimulus":9,"slider_start":100,"sprites":"mints","response":109,"absDeviation":26,"callibration":"test","block":0,"seed":9,"numerosity":135,"matchType":"paired","which":"first","trial_type":"numerosity-estimation","trial_index":19,"time_elapsed":126416,"subject_id":"78216"},{"rt":3223,"stimulus":9,"slider_start":100,"sprites":"mints","response":111,"absDeviation":24,"callibration":"test","block":0,"seed":9,"numerosity":135,"matchType":"paired","which":"second","trial_type":"numerosity-estimation","trial_index":20,"time_elapsed":129642,"subject_id":"78216"},{"rt":3538,"stimulus":11,"slider_start":100,"sprites":"buttons","response":117,"absDeviation":10,"callibration":"test","block":0,"seed":11,"numerosity":107,"matchType":"unpaired","which":"first","trial_type":"numerosity-estimation","trial_index":21,"time_elapsed":133183,"subject_id":"78216"},{"rt":4837,"stimulus":12,"slider_start":100,"sprites":"animalCrackers","response":103,"absDeviation":11,"callibration":"test","block":0,"seed":12,"numerosity":92,"matchType":"unpaired","which":"first","trial_type":"numerosity-estimation","trial_index":22,"time_elapsed":138023,"subject_id":"78216"},{"rt":4113,"stimulus":13,"slider_start":100,"sprites":"letters","response":77,"absDeviation":30,"callibration":"test","block":0,"seed":13,"numerosity":107,"matchType":"paired","which":"first","trial_type":"numerosity-estimation","trial_index":23,"time_elapsed":142138,"subject_id":"78216"},{"rt":3004,"stimulus":13,"slider_start":100,"sprites":"letters","response":78,"absDeviation":29,"callibration":"test","block":0,"seed":13,"numerosity":107,"matchType":"paired","which":"second","trial_type":"numerosity-estimation","trial_index":24,"time_elapsed":145145,"subject_id":"78216"},{"rt":6686,"stimulus":15,"slider_start":100,"sprites":"hearts","response":94,"absDeviation":27,"callibration":"test","block":0,"seed":15,"numerosity":121,"matchType":"unpaired","which":"first","trial_type":"numerosity-estimation","trial_index":25,"time_elapsed":151834,"subject_id":"78216"},{"rt":2733,"stimulus":16,"slider_start":100,"sprites":"crackers","response":85,"absDeviation":21,"callibration":"test","block":0,"seed":16,"numerosity":64,"matchType":"unpaired","which":"first","trial_type":"numerosity-estimation","trial_index":26,"time_elapsed":154570,"subject_id":"78216"},{"rt":11975,"stimulus":"<p> For the last block of trials, the average deviation of your guesses from correct answers was 19.</p>\n     <p>The smaller the deviation the better.  Your deviation was <b> VERY good</b>.</p><br>\n       <p>Press any key to continue to the next block of trials</p>","response":" ","trial_type":"html-keyboard-response","trial_index":27,"time_elapsed":166548,"subject_id":"78216"},{"rt":5548,"stimulus":17,"slider_start":100,"sprites":"bears","response":111,"absDeviation":19,"callibration":"test","block":1,"seed":17,"numerosity":92,"matchType":"paired","which":"first","trial_type":"numerosity-estimation","trial_index":28,"time_elapsed":172099,"subject_id":"78216"},{"rt":3689,"stimulus":17,"slider_start":100,"sprites":"bears","response":116,"absDeviation":24,"callibration":"test","block":1,"seed":17,"numerosity":92,"matchType":"paired","which":"second","trial_type":"numerosity-estimation","trial_index":29,"time_elapsed":175792,"subject_id":"78216"},{"rt":4178,"stimulus":19,"slider_start":100,"sprites":"jellyBeans","response":124,"absDeviation":11,"callibration":"test","block":1,"seed":19,"numerosity":135,"matchType":"unpaired","which":"first","trial_type":"numerosity-estimation","trial_index":30,"time_elapsed":179973,"subject_id":"78216"},{"rt":5673,"stimulus":20,"slider_start":100,"sprites":"marbles","response":66,"absDeviation":12,"callibration":"test","block":1,"seed":20,"numerosity":78,"matchType":"unpaired","which":"first","trial_type":"numerosity-estimation","trial_index":31,"time_elapsed":185650,"subject_id":"78216"},{"rt":4458,"stimulus":21,"slider_start":100,"sprites":"mints","response":86,"absDeviation":6,"callibration":"test","block":1,"seed":21,"numerosity":92,"matchType":"paired","which":"first","trial_type":"numerosity-estimation","trial_index":32,"time_elapsed":190111,"subject_id":"78216"},{"rt":3040,"stimulus":21,"slider_start":100,"sprites":"mints","response":85,"absDeviation":7,"callibration":"test","block":1,"seed":21,"numerosity":92,"matchType":"paired","which":"second","trial_type":"numerosity-estimation","trial_index":33,"time_elapsed":193155,"subject_id":"78216"},{"rt":4950,"stimulus":23,"slider_start":100,"sprites":"buttons","response":119,"absDeviation":31,"callibration":"test","block":1,"seed":23,"numerosity":150,"matchType":"unpaired","which":"first","trial_type":"numerosity-estimation","trial_index":34,"time_elapsed":198107,"subject_id":"78216"},{"rt":3392,"stimulus":24,"slider_start":100,"sprites":"animalCrackers","response":107,"absDeviation":0,"callibration":"test","block":1,"seed":24,"numerosity":107,"matchType":"unpaired","which":"first","trial_type":"numerosity-estimation","trial_index":35,"time_elapsed":201502,"subject_id":"78216"},{"rt":4640,"stimulus":25,"slider_start":100,"sprites":"letters","response":77,"absDeviation":30,"callibration":"test","block":1,"seed":25,"numerosity":107,"matchType":"paired","which":"first","trial_type":"numerosity-estimation","trial_index":36,"time_elapsed":206146,"subject_id":"78216"},{"rt":3783,"stimulus":25,"slider_start":100,"sprites":"letters","response":83,"absDeviation":24,"callibration":"test","block":1,"seed":25,"numerosity":107,"matchType":"paired","which":"second","trial_type":"numerosity-estimation","trial_index":37,"time_elapsed":209932,"subject_id":"78216"},{"rt":4580,"stimulus":27,"slider_start":100,"sprites":"hearts","response":95,"absDeviation":26,"callibration":"test","block":1,"seed":27,"numerosity":121,"matchType":"unpaired","which":"first","trial_type":"numerosity-estimation","trial_index":38,"time_elapsed":214516,"subject_id":"78216"},{"rt":3081,"stimulus":28,"slider_start":100,"sprites":"crackers","response":115,"absDeviation":35,"callibration":"test","block":1,"seed":28,"numerosity":150,"matchType":"unpaired","which":"first","trial_type":"numerosity-estimation","trial_index":39,"time_elapsed":217599,"subject_id":"78216"},{"rt":6121,"stimulus":29,"slider_start":100,"sprites":"bears","response":73,"absDeviation":9,"callibration":"test","block":1,"seed":29,"numerosity":64,"matchType":"paired","which":"first","trial_type":"numerosity-estimation","trial_index":40,"time_elapsed":223723,"subject_id":"78216"},{"rt":3272,"stimulus":29,"slider_start":100,"sprites":"bears","response":72,"absDeviation":8,"callibration":"test","block":1,"seed":29,"numerosity":64,"matchType":"paired","which":"second","trial_type":"numerosity-estimation","trial_index":41,"time_elapsed":226999,"subject_id":"78216"},{"rt":6855,"stimulus":31,"slider_start":100,"sprites":"jellyBeans","response":120,"absDeviation":30,"callibration":"test","block":1,"seed":31,"numerosity":150,"matchType":"unpaired","which":"first","trial_type":"numerosity-estimation","trial_index":42,"time_elapsed":233858,"subject_id":"78216"},{"rt":5059,"stimulus":32,"slider_start":100,"sprites":"marbles","response":89,"absDeviation":46,"callibration":"test","block":1,"seed":32,"numerosity":135,"matchType":"unpaired","which":"first","trial_type":"numerosity-estimation","trial_index":43,"time_elapsed":238920,"subject_id":"78216"},{"rt":3015,"stimulus":"<p> For the last block of trials, the average deviation of your guesses from correct answers was 20.</p>\n     <p>The smaller the deviation the better.  Your deviation was <b> VERY good</b>.</p><br>\n       <p>Press any key to continue to the next block of trials</p>","response":" ","trial_type":"html-keyboard-response","trial_index":44,"time_elapsed":241936,"subject_id":"78216"},{"rt":4593,"stimulus":33,"slider_start":100,"sprites":"mints","response":105,"absDeviation":16,"callibration":"test","block":2,"seed":33,"numerosity":121,"matchType":"paired","which":"first","trial_type":"numerosity-estimation","trial_index":45,"time_elapsed":246533,"subject_id":"78216"},{"rt":4207,"stimulus":33,"slider_start":100,"sprites":"mints","response":106,"absDeviation":15,"callibration":"test","block":2,"seed":33,"numerosity":121,"matchType":"paired","which":"second","trial_type":"numerosity-estimation","trial_index":46,"time_elapsed":250743,"subject_id":"78216"},{"rt":4668,"stimulus":35,"slider_start":100,"sprites":"buttons","response":75,"absDeviation":3,"callibration":"test","block":2,"seed":35,"numerosity":78,"matchType":"unpaired","which":"first","trial_type":"numerosity-estimation","trial_index":47,"time_elapsed":255413,"subject_id":"78216"},{"rt":3161,"stimulus":36,"slider_start":100,"sprites":"animalCrackers","response":79,"absDeviation":29,"callibration":"test","block":2,"seed":36,"numerosity":50,"matchType":"unpaired","which":"first","trial_type":"numerosity-estimation","trial_index":48,"time_elapsed":258578,"subject_id":"78216"},{"rt":4029,"stimulus":37,"slider_start":100,"sprites":"letters","response":78,"absDeviation":57,"callibration":"test","block":2,"seed":37,"numerosity":135,"matchType":"paired","which":"first","trial_type":"numerosity-estimation","trial_index":49,"time_elapsed":262611,"subject_id":"78216"},{"rt":7135,"stimulus":37,"slider_start":100,"sprites":"letters","response":88,"absDeviation":47,"callibration":"test","block":2,"seed":37,"numerosity":135,"matchType":"paired","which":"second","trial_type":"numerosity-estimation","trial_index":50,"time_elapsed":269751,"subject_id":"78216"},{"rt":4020,"stimulus":39,"slider_start":100,"sprites":"hearts","response":91,"absDeviation":13,"callibration":"test","block":2,"seed":39,"numerosity":78,"matchType":"unpaired","which":"first","trial_type":"numerosity-estimation","trial_index":51,"time_elapsed":273774,"subject_id":"78216"},{"rt":3469,"stimulus":40,"slider_start":100,"sprites":"crackers","response":109,"absDeviation":12,"callibration":"test","block":2,"seed":40,"numerosity":121,"matchType":"unpaired","which":"first","trial_type":"numerosity-estimation","trial_index":52,"time_elapsed":277246,"subject_id":"78216"},{"rt":4745,"stimulus":41,"slider_start":100,"sprites":"bears","response":53,"absDeviation":3,"callibration":"test","block":2,"seed":41,"numerosity":50,"matchType":"paired","which":"first","trial_type":"numerosity-estimation","trial_index":53,"time_elapsed":281993,"subject_id":"78216"},{"rt":4288,"stimulus":41,"slider_start":100,"sprites":"bears","response":67,"absDeviation":17,"callibration":"test","block":2,"seed":41,"numerosity":50,"matchType":"paired","which":"second","trial_type":"numerosity-estimation","trial_index":54,"time_elapsed":286283,"subject_id":"78216"},{"rt":4267,"stimulus":43,"slider_start":100,"sprites":"jellyBeans","response":82,"absDeviation":18,"callibration":"test","block":2,"seed":43,"numerosity":64,"matchType":"unpaired","which":"first","trial_type":"numerosity-estimation","trial_index":55,"time_elapsed":290553,"subject_id":"78216"},{"rt":3959,"stimulus":44,"slider_start":100,"sprites":"marbles","response":104,"absDeviation":17,"callibration":"test","block":2,"seed":44,"numerosity":121,"matchType":"unpaired","which":"first","trial_type":"numerosity-estimation","trial_index":56,"time_elapsed":294516,"subject_id":"78216"},{"rt":3289,"stimulus":45,"slider_start":100,"sprites":"mints","response":119,"absDeviation":2,"callibration":"test","block":2,"seed":45,"numerosity":121,"matchType":"paired","which":"first","trial_type":"numerosity-estimation","trial_index":57,"time_elapsed":297808,"subject_id":"78216"},{"rt":3227,"stimulus":45,"slider_start":100,"sprites":"mints","response":114,"absDeviation":7,"callibration":"test","block":2,"seed":45,"numerosity":121,"matchType":"paired","which":"second","trial_type":"numerosity-estimation","trial_index":58,"time_elapsed":301038,"subject_id":"78216"},{"rt":5122,"stimulus":47,"slider_start":100,"sprites":"buttons","response":111,"absDeviation":10,"callibration":"test","block":2,"seed":47,"numerosity":121,"matchType":"unpaired","which":"first","trial_type":"numerosity-estimation","trial_index":59,"time_elapsed":306163,"subject_id":"78216"},{"rt":5620,"stimulus":48,"slider_start":100,"sprites":"animalCrackers","response":107,"absDeviation":28,"callibration":"test","block":2,"seed":48,"numerosity":135,"matchType":"unpaired","which":"first","trial_type":"numerosity-estimation","trial_index":60,"time_elapsed":311786,"subject_id":"78216"},{"rt":2108,"stimulus":"<p> For the last block of trials, the average deviation of your guesses from correct answers was 18.</p>\n     <p>The smaller the deviation the better.  Your deviation was <b> VERY good</b>.</p><br>\n       <p>Press any key to continue to the next block of trials</p>","response":" ","trial_type":"html-keyboard-response","trial_index":61,"time_elapsed":313897,"subject_id":"78216"},{"rt":5014,"stimulus":49,"slider_start":100,"sprites":"letters","response":73,"absDeviation":5,"callibration":"test","block":3,"seed":49,"numerosity":78,"matchType":"paired","which":"first","trial_type":"numerosity-estimation","trial_index":62,"time_elapsed":318914,"subject_id":"78216"},{"rt":3280,"stimulus":49,"slider_start":100,"sprites":"letters","response":83,"absDeviation":5,"callibration":"test","block":3,"seed":49,"numerosity":78,"matchType":"paired","which":"second","trial_type":"numerosity-estimation","trial_index":63,"time_elapsed":322197,"subject_id":"78216"},{"rt":4359,"stimulus":51,"slider_start":100,"sprites":"hearts","response":84,"absDeviation":66,"callibration":"test","block":3,"seed":51,"numerosity":150,"matchType":"unpaired","which":"first","trial_type":"numerosity-estimation","trial_index":64,"time_elapsed":326558,"subject_id":"78216"},{"rt":5250,"stimulus":52,"slider_start":100,"sprites":"crackers","response":83,"absDeviation":5,"callibration":"test","block":3,"seed":52,"numerosity":78,"matchType":"unpaired","which":"first","trial_type":"numerosity-estimation","trial_index":65,"time_elapsed":331810,"subject_id":"78216"},{"rt":4922,"stimulus":53,"slider_start":100,"sprites":"bears","response":78,"absDeviation":28,"callibration":"test","block":3,"seed":53,"numerosity":50,"matchType":"paired","which":"first","trial_type":"numerosity-estimation","trial_index":66,"time_elapsed":336734,"subject_id":"78216"},{"rt":7604,"stimulus":53,"slider_start":100,"sprites":"bears","response":65,"absDeviation":15,"callibration":"test","block":3,"seed":53,"numerosity":50,"matchType":"paired","which":"second","trial_type":"numerosity-estimation","trial_index":67,"time_elapsed":344338,"subject_id":"78216"},{"rt":2886,"stimulus":55,"slider_start":100,"sprites":"jellyBeans","response":115,"absDeviation":6,"callibration":"test","block":3,"seed":55,"numerosity":121,"matchType":"unpaired","which":"first","trial_type":"numerosity-estimation","trial_index":68,"time_elapsed":347226,"subject_id":"78216"},{"rt":5250,"stimulus":56,"slider_start":100,"sprites":"marbles","response":63,"absDeviation":1,"callibration":"test","block":3,"seed":56,"numerosity":64,"matchType":"unpaired","which":"first","trial_type":"numerosity-estimation","trial_index":69,"time_elapsed":352478,"subject_id":"78216"},{"rt":7510,"stimulus":57,"slider_start":100,"sprites":"mints","response":72,"absDeviation":8,"callibration":"test","block":3,"seed":57,"numerosity":64,"matchType":"paired","which":"first","trial_type":"numerosity-estimation","trial_index":70,"time_elapsed":359991,"subject_id":"78216"},{"rt":4973,"stimulus":57,"slider_start":100,"sprites":"mints","response":75,"absDeviation":11,"callibration":"test","block":3,"seed":57,"numerosity":64,"matchType":"paired","which":"second","trial_type":"numerosity-estimation","trial_index":71,"time_elapsed":364967,"subject_id":"78216"},{"rt":5132,"stimulus":59,"slider_start":100,"sprites":"buttons","response":119,"absDeviation":16,"callibration":"test","block":3,"seed":59,"numerosity":135,"matchType":"unpaired","which":"first","trial_type":"numerosity-estimation","trial_index":72,"time_elapsed":370103,"subject_id":"78216"},{"rt":7679,"stimulus":60,"slider_start":100,"sprites":"animalCrackers","response":114,"absDeviation":36,"callibration":"test","block":3,"seed":60,"numerosity":150,"matchType":"unpaired","which":"first","trial_type":"numerosity-estimation","trial_index":73,"time_elapsed":377784,"subject_id":"78216"},{"rt":5994,"stimulus":61,"slider_start":100,"sprites":"letters","response":54,"absDeviation":4,"callibration":"test","block":3,"seed":61,"numerosity":50,"matchType":"paired","which":"first","trial_type":"numerosity-estimation","trial_index":74,"time_elapsed":383779,"subject_id":"78216"},{"rt":4430,"stimulus":61,"slider_start":100,"sprites":"letters","response":71,"absDeviation":21,"callibration":"test","block":3,"seed":61,"numerosity":50,"matchType":"paired","which":"second","trial_type":"numerosity-estimation","trial_index":75,"time_elapsed":388212,"subject_id":"78216"},{"rt":3565,"stimulus":63,"slider_start":100,"sprites":"hearts","response":66,"absDeviation":2,"callibration":"test","block":3,"seed":63,"numerosity":64,"matchType":"unpaired","which":"first","trial_type":"numerosity-estimation","trial_index":76,"time_elapsed":391780,"subject_id":"78216"},{"rt":5071,"stimulus":64,"slider_start":100,"sprites":"crackers","response":93,"absDeviation":42,"callibration":"test","block":3,"seed":64,"numerosity":135,"matchType":"unpaired","which":"first","trial_type":"numerosity-estimation","trial_index":77,"time_elapsed":396854,"subject_id":"78216"},{"rt":1586,"stimulus":"<p> For the last block of trials, the average deviation of your guesses from correct answers was 17.</p>\n     <p>The smaller the deviation the better.  Your deviation was <b> VERY good</b>.</p><br>\n       <p>Press any key to continue to the next block of trials</p>","response":" ","trial_type":"html-keyboard-response","trial_index":78,"time_elapsed":398441,"subject_id":"78216"},{"rt":4868,"stimulus":65,"slider_start":100,"sprites":"bears","response":94,"absDeviation":13,"callibration":"test","block":4,"seed":65,"numerosity":107,"matchType":"paired","which":"first","trial_type":"numerosity-estimation","trial_index":79,"time_elapsed":403312,"subject_id":"78216"},{"rt":3466,"stimulus":65,"slider_start":100,"sprites":"bears","response":92,"absDeviation":15,"callibration":"test","block":4,"seed":65,"numerosity":107,"matchType":"paired","which":"second","trial_type":"numerosity-estimation","trial_index":80,"time_elapsed":406783,"subject_id":"78216"},{"rt":5692,"stimulus":67,"slider_start":100,"sprites":"jellyBeans","response":98,"absDeviation":9,"callibration":"test","block":4,"seed":67,"numerosity":107,"matchType":"unpaired","which":"first","trial_type":"numerosity-estimation","trial_index":81,"time_elapsed":412478,"subject_id":"78216"},{"rt":9089,"stimulus":68,"slider_start":100,"sprites":"marbles","response":106,"absDeviation":44,"callibration":"test","block":4,"seed":68,"numerosity":150,"matchType":"unpaired","which":"first","trial_type":"numerosity-estimation","trial_index":82,"time_elapsed":421569,"subject_id":"78216"},{"rt":3965,"stimulus":69,"slider_start":100,"sprites":"mints","response":113,"absDeviation":8,"callibration":"test","block":4,"seed":69,"numerosity":121,"matchType":"paired","which":"first","trial_type":"numerosity-estimation","trial_index":83,"time_elapsed":425537,"subject_id":"78216"},{"rt":2863,"stimulus":69,"slider_start":100,"sprites":"mints","response":108,"absDeviation":13,"callibration":"test","block":4,"seed":69,"numerosity":121,"matchType":"paired","which":"second","trial_type":"numerosity-estimation","trial_index":84,"time_elapsed":428404,"subject_id":"78216"},{"rt":3746,"stimulus":71,"slider_start":100,"sprites":"buttons","response":106,"absDeviation":1,"callibration":"test","block":4,"seed":71,"numerosity":107,"matchType":"unpaired","which":"first","trial_type":"numerosity-estimation","trial_index":85,"time_elapsed":432154,"subject_id":"78216"},{"rt":5563,"stimulus":72,"slider_start":100,"sprites":"animalCrackers","response":77,"absDeviation":27,"callibration":"test","block":4,"seed":72,"numerosity":50,"matchType":"unpaired","which":"first","trial_type":"numerosity-estimation","trial_index":86,"time_elapsed":437720,"subject_id":"78216"},{"rt":3144,"stimulus":73,"slider_start":100,"sprites":"letters","response":82,"absDeviation":4,"callibration":"test","block":4,"seed":73,"numerosity":78,"matchType":"paired","which":"first","trial_type":"numerosity-estimation","trial_index":87,"time_elapsed":440867,"subject_id":"78216"},{"rt":3969,"stimulus":73,"slider_start":100,"sprites":"letters","response":78,"absDeviation":0,"callibration":"test","block":4,"seed":73,"numerosity":78,"matchType":"paired","which":"second","trial_type":"numerosity-estimation","trial_index":88,"time_elapsed":444839,"subject_id":"78216"},{"rt":5020,"stimulus":75,"slider_start":100,"sprites":"hearts","response":79,"absDeviation":13,"callibration":"test","block":4,"seed":75,"numerosity":92,"matchType":"unpaired","which":"first","trial_type":"numerosity-estimation","trial_index":89,"time_elapsed":449861,"subject_id":"78216"},{"rt":5153,"stimulus":76,"slider_start":100,"sprites":"crackers","response":88,"absDeviation":24,"callibration":"test","block":4,"seed":76,"numerosity":64,"matchType":"unpaired","which":"first","trial_type":"numerosity-estimation","trial_index":90,"time_elapsed":455016,"subject_id":"78216"},{"rt":5578,"stimulus":77,"slider_start":100,"sprites":"bears","response":115,"absDeviation":20,"callibration":"test","block":4,"seed":77,"numerosity":135,"matchType":"paired","which":"first","trial_type":"numerosity-estimation","trial_index":91,"time_elapsed":460597,"subject_id":"78216"},{"rt":5478,"stimulus":77,"slider_start":100,"sprites":"bears","response":110,"absDeviation":25,"callibration":"test","block":4,"seed":77,"numerosity":135,"matchType":"paired","which":"second","trial_type":"numerosity-estimation","trial_index":92,"time_elapsed":466077,"subject_id":"78216"},{"rt":3452,"stimulus":79,"slider_start":100,"sprites":"jellyBeans","response":82,"absDeviation":32,"callibration":"test","block":4,"seed":79,"numerosity":50,"matchType":"unpaired","which":"first","trial_type":"numerosity-estimation","trial_index":93,"time_elapsed":469531,"subject_id":"78216"},{"rt":4942,"stimulus":80,"slider_start":100,"sprites":"marbles","response":110,"absDeviation":11,"callibration":"test","block":4,"seed":80,"numerosity":121,"matchType":"unpaired","which":"first","trial_type":"numerosity-estimation","trial_index":94,"time_elapsed":474474,"subject_id":"78216"},{"rt":1911,"stimulus":"<p> For the last block of trials, the average deviation of your guesses from correct answers was 16.</p>\n     <p>The smaller the deviation the better.  Your deviation was <b> VERY good</b>.</p><br>\n       <p>Press any key to continue to the next block of trials</p>","response":" ","trial_type":"html-keyboard-response","trial_index":95,"time_elapsed":476387,"subject_id":"78216"},{"rt":16585,"stimulus":81,"slider_start":100,"sprites":"mints","response":110,"absDeviation":11,"callibration":"test","block":5,"seed":81,"numerosity":121,"matchType":"paired","which":"first","trial_type":"numerosity-estimation","trial_index":96,"time_elapsed":492974,"subject_id":"78216"},{"rt":3263,"stimulus":81,"slider_start":100,"sprites":"mints","response":110,"absDeviation":11,"callibration":"test","block":5,"seed":81,"numerosity":121,"matchType":"paired","which":"second","trial_type":"numerosity-estimation","trial_index":97,"time_elapsed":496242,"subject_id":"78216"},{"rt":5751,"stimulus":83,"slider_start":100,"sprites":"buttons","response":109,"absDeviation":12,"callibration":"test","block":5,"seed":83,"numerosity":121,"matchType":"unpaired","which":"first","trial_type":"numerosity-estimation","trial_index":98,"time_elapsed":501996,"subject_id":"78216"},{"rt":4705,"stimulus":84,"slider_start":100,"sprites":"animalCrackers","response":76,"absDeviation":26,"callibration":"test","block":5,"seed":84,"numerosity":50,"matchType":"unpaired","which":"first","trial_type":"numerosity-estimation","trial_index":99,"time_elapsed":506704,"subject_id":"78216"},{"rt":3393,"stimulus":85,"slider_start":100,"sprites":"letters","response":81,"absDeviation":17,"callibration":"test","block":5,"seed":85,"numerosity":64,"matchType":"paired","which":"first","trial_type":"numerosity-estimation","trial_index":100,"time_elapsed":510100,"subject_id":"78216"},{"rt":2531,"stimulus":85,"slider_start":100,"sprites":"letters","response":88,"absDeviation":24,"callibration":"test","block":5,"seed":85,"numerosity":64,"matchType":"paired","which":"second","trial_type":"numerosity-estimation","trial_index":101,"time_elapsed":512634,"subject_id":"78216"},{"rt":3538,"stimulus":87,"slider_start":100,"sprites":"hearts","response":75,"absDeviation":25,"callibration":"test","block":5,"seed":87,"numerosity":50,"matchType":"unpaired","which":"first","trial_type":"numerosity-estimation","trial_index":102,"time_elapsed":516174,"subject_id":"78216"},{"rt":3333,"stimulus":88,"slider_start":100,"sprites":"crackers","response":114,"absDeviation":21,"callibration":"test","block":5,"seed":88,"numerosity":135,"matchType":"unpaired","which":"first","trial_type":"numerosity-estimation","trial_index":103,"time_elapsed":519510,"subject_id":"78216"},{"rt":4365,"stimulus":89,"slider_start":100,"sprites":"bears","response":69,"absDeviation":19,"callibration":"test","block":5,"seed":89,"numerosity":50,"matchType":"paired","which":"first","trial_type":"numerosity-estimation","trial_index":104,"time_elapsed":523877,"subject_id":"78216"},{"rt":3257,"stimulus":89,"slider_start":100,"sprites":"bears","response":70,"absDeviation":20,"callibration":"test","block":5,"seed":89,"numerosity":50,"matchType":"paired","which":"second","trial_type":"numerosity-estimation","trial_index":105,"time_elapsed":527136,"subject_id":"78216"},{"rt":5469,"stimulus":91,"slider_start":100,"sprites":"jellyBeans","response":90,"absDeviation":2,"callibration":"test","block":5,"seed":91,"numerosity":92,"matchType":"unpaired","which":"first","trial_type":"numerosity-estimation","trial_index":106,"time_elapsed":532607,"subject_id":"78216"},{"rt":3725,"stimulus":92,"slider_start":100,"sprites":"marbles","response":88,"absDeviation":33,"callibration":"test","block":5,"seed":92,"numerosity":121,"matchType":"unpaired","which":"first","trial_type":"numerosity-estimation","trial_index":107,"time_elapsed":536334,"subject_id":"78216"},{"rt":4123,"stimulus":93,"slider_start":100,"sprites":"mints","response":95,"absDeviation":17,"callibration":"test","block":5,"seed":93,"numerosity":78,"matchType":"paired","which":"first","trial_type":"numerosity-estimation","trial_index":108,"time_elapsed":540459,"subject_id":"78216"},{"rt":3375,"stimulus":93,"slider_start":100,"sprites":"mints","response":89,"absDeviation":11,"callibration":"test","block":5,"seed":93,"numerosity":78,"matchType":"paired","which":"second","trial_type":"numerosity-estimation","trial_index":109,"time_elapsed":543837,"subject_id":"78216"},{"rt":3348,"stimulus":95,"slider_start":100,"sprites":"buttons","response":83,"absDeviation":19,"callibration":"test","block":5,"seed":95,"numerosity":64,"matchType":"unpaired","which":"first","trial_type":"numerosity-estimation","trial_index":110,"time_elapsed":547187,"subject_id":"78216"},{"rt":4321,"stimulus":96,"slider_start":100,"sprites":"animalCrackers","response":87,"absDeviation":5,"callibration":"test","block":5,"seed":96,"numerosity":92,"matchType":"unpaired","which":"first","trial_type":"numerosity-estimation","trial_index":111,"time_elapsed":551510,"subject_id":"78216"},{"rt":1173,"stimulus":"<p> For the last block of trials, the average deviation of your guesses from correct answers was 17.</p>\n     <p>The smaller the deviation the better.  Your deviation was <b> VERY good</b>.</p><br>\n       <p>Press any key to continue to the next block of trials</p>","response":" ","trial_type":"html-keyboard-response","trial_index":112,"time_elapsed":552684,"subject_id":"78216"},{"rt":6721,"stimulus":2,"slider_start":100,"sprites":"butterflies","response":100,"absDeviation":35,"callibration":"test","block":6,"seed":2,"numerosity":135,"matchType":"paired","which":"first","trial_type":"numerosity-estimation","trial_index":113,"time_elapsed":559408,"subject_id":"78216"},{"rt":3820,"stimulus":2,"slider_start":100,"sprites":"butterflies","response":100,"absDeviation":35,"callibration":"test","block":6,"seed":2,"numerosity":135,"matchType":"paired","which":"second","trial_type":"numerosity-estimation","trial_index":114,"time_elapsed":563231,"subject_id":"78216"},{"rt":5225,"stimulus":3,"slider_start":100,"sprites":"hearts","response":59,"absDeviation":9,"callibration":"test","block":6,"seed":3,"numerosity":50,"matchType":"unpaired","which":"second","trial_type":"numerosity-estimation","trial_index":115,"time_elapsed":568458,"subject_id":"78216"},{"rt":3027,"stimulus":4,"slider_start":100,"sprites":"crackers","response":105,"absDeviation":2,"callibration":"test","block":6,"seed":4,"numerosity":107,"matchType":"unpaired","which":"second","trial_type":"numerosity-estimation","trial_index":116,"time_elapsed":571488,"subject_id":"78216"},{"rt":4214,"stimulus":6,"slider_start":100,"sprites":"fruits","response":87,"absDeviation":9,"callibration":"test","block":6,"seed":6,"numerosity":78,"matchType":"paired","which":"first","trial_type":"numerosity-estimation","trial_index":117,"time_elapsed":575704,"subject_id":"78216"},{"rt":4965,"stimulus":6,"slider_start":100,"sprites":"fruits","response":83,"absDeviation":5,"callibration":"test","block":6,"seed":6,"numerosity":78,"matchType":"paired","which":"second","trial_type":"numerosity-estimation","trial_index":118,"time_elapsed":580672,"subject_id":"78216"},{"rt":3729,"stimulus":7,"slider_start":100,"sprites":"jellyBeans","response":82,"absDeviation":32,"callibration":"test","block":6,"seed":7,"numerosity":50,"matchType":"unpaired","which":"second","trial_type":"numerosity-estimation","trial_index":119,"time_elapsed":584403,"subject_id":"78216"},{"rt":4467,"stimulus":8,"slider_start":100,"sprites":"marbles","response":93,"absDeviation":1,"callibration":"test","block":6,"seed":8,"numerosity":92,"matchType":"unpaired","which":"second","trial_type":"numerosity-estimation","trial_index":120,"time_elapsed":588872,"subject_id":"78216"},{"rt":5705,"stimulus":10,"slider_start":100,"sprites":"rocks","response":77,"absDeviation":27,"callibration":"test","block":6,"seed":10,"numerosity":50,"matchType":"paired","which":"first","trial_type":"numerosity-estimation","trial_index":121,"time_elapsed":594579,"subject_id":"78216"},{"rt":4244,"stimulus":10,"slider_start":100,"sprites":"rocks","response":77,"absDeviation":27,"callibration":"test","block":6,"seed":10,"numerosity":50,"matchType":"paired","which":"second","trial_type":"numerosity-estimation","trial_index":122,"time_elapsed":598826,"subject_id":"78216"},{"rt":3749,"stimulus":11,"slider_start":100,"sprites":"buttons","response":95,"absDeviation":12,"callibration":"test","block":6,"seed":11,"numerosity":107,"matchType":"unpaired","which":"second","trial_type":"numerosity-estimation","trial_index":123,"time_elapsed":602578,"subject_id":"78216"},{"rt":4045,"stimulus":12,"slider_start":100,"sprites":"animalCrackers","response":103,"absDeviation":11,"callibration":"test","block":6,"seed":12,"numerosity":92,"matchType":"unpaired","which":"second","trial_type":"numerosity-estimation","trial_index":124,"time_elapsed":606627,"subject_id":"78216"},{"rt":6822,"stimulus":14,"slider_start":100,"sprites":"butterflies","response":94,"absDeviation":56,"callibration":"test","block":6,"seed":14,"numerosity":150,"matchType":"paired","which":"first","trial_type":"numerosity-estimation","trial_index":125,"time_elapsed":613451,"subject_id":"78216"},{"rt":3052,"stimulus":14,"slider_start":100,"sprites":"butterflies","response":95,"absDeviation":55,"callibration":"test","block":6,"seed":14,"numerosity":150,"matchType":"paired","which":"second","trial_type":"numerosity-estimation","trial_index":126,"time_elapsed":616504,"subject_id":"78216"},{"rt":4230,"stimulus":15,"slider_start":100,"sprites":"hearts","response":104,"absDeviation":17,"callibration":"test","block":6,"seed":15,"numerosity":121,"matchType":"unpaired","which":"second","trial_type":"numerosity-estimation","trial_index":127,"time_elapsed":620737,"subject_id":"78216"},{"rt":5039,"stimulus":16,"slider_start":100,"sprites":"crackers","response":95,"absDeviation":31,"callibration":"test","block":6,"seed":16,"numerosity":64,"matchType":"unpaired","which":"second","trial_type":"numerosity-estimation","trial_index":128,"time_elapsed":625780,"subject_id":"78216"},{"rt":2420,"stimulus":"<p> For the last block of trials, the average deviation of your guesses from correct answers was 23.</p>\n     <p>The smaller the deviation the better.  Your deviation was <b> VERY good</b>.</p><br>\n       <p>Press any key to continue to the next block of trials</p>","response":" ","trial_type":"html-keyboard-response","trial_index":129,"time_elapsed":628203,"subject_id":"78216"},{"rt":3069,"stimulus":18,"slider_start":100,"sprites":"fruits","response":92,"absDeviation":15,"callibration":"test","block":7,"seed":18,"numerosity":107,"matchType":"paired","which":"first","trial_type":"numerosity-estimation","trial_index":130,"time_elapsed":631274,"subject_id":"78216"},{"rt":3345,"stimulus":18,"slider_start":100,"sprites":"fruits","response":97,"absDeviation":10,"callibration":"test","block":7,"seed":18,"numerosity":107,"matchType":"paired","which":"second","trial_type":"numerosity-estimation","trial_index":131,"time_elapsed":634622,"subject_id":"78216"},{"rt":3207,"stimulus":19,"slider_start":100,"sprites":"jellyBeans","response":107,"absDeviation":28,"callibration":"test","block":7,"seed":19,"numerosity":135,"matchType":"unpaired","which":"second","trial_type":"numerosity-estimation","trial_index":132,"time_elapsed":637831,"subject_id":"78216"},{"rt":5463,"stimulus":20,"slider_start":100,"sprites":"marbles","response":95,"absDeviation":17,"callibration":"test","block":7,"seed":20,"numerosity":78,"matchType":"unpaired","which":"second","trial_type":"numerosity-estimation","trial_index":133,"time_elapsed":643296,"subject_id":"78216"},{"rt":4198,"stimulus":22,"slider_start":100,"sprites":"rocks","response":94,"absDeviation":2,"callibration":"test","block":7,"seed":22,"numerosity":92,"matchType":"paired","which":"first","trial_type":"numerosity-estimation","trial_index":134,"time_elapsed":647498,"subject_id":"78216"},{"rt":3395,"stimulus":22,"slider_start":100,"sprites":"rocks","response":94,"absDeviation":2,"callibration":"test","block":7,"seed":22,"numerosity":92,"matchType":"paired","which":"second","trial_type":"numerosity-estimation","trial_index":135,"time_elapsed":650895,"subject_id":"78216"},{"rt":2481,"stimulus":23,"slider_start":100,"sprites":"buttons","response":107,"absDeviation":43,"callibration":"test","block":7,"seed":23,"numerosity":150,"matchType":"unpaired","which":"second","trial_type":"numerosity-estimation","trial_index":136,"time_elapsed":653381,"subject_id":"78216"},{"rt":2336,"stimulus":24,"slider_start":100,"sprites":"animalCrackers","response":90,"absDeviation":17,"callibration":"test","block":7,"seed":24,"numerosity":107,"matchType":"unpaired","which":"second","trial_type":"numerosity-estimation","trial_index":137,"time_elapsed":655719,"subject_id":"78216"},{"rt":3995,"stimulus":26,"slider_start":100,"sprites":"butterflies","response":90,"absDeviation":2,"callibration":"test","block":7,"seed":26,"numerosity":92,"matchType":"paired","which":"first","trial_type":"numerosity-estimation","trial_index":138,"time_elapsed":659719,"subject_id":"78216"},{"rt":3235,"stimulus":26,"slider_start":100,"sprites":"butterflies","response":78,"absDeviation":14,"callibration":"test","block":7,"seed":26,"numerosity":92,"matchType":"paired","which":"second","trial_type":"numerosity-estimation","trial_index":139,"time_elapsed":662957,"subject_id":"78216"},{"rt":3075,"stimulus":27,"slider_start":100,"sprites":"hearts","response":95,"absDeviation":26,"callibration":"test","block":7,"seed":27,"numerosity":121,"matchType":"unpaired","which":"second","trial_type":"numerosity-estimation","trial_index":140,"time_elapsed":666034,"subject_id":"78216"},{"rt":2220,"stimulus":28,"slider_start":100,"sprites":"crackers","response":106,"absDeviation":44,"callibration":"test","block":7,"seed":28,"numerosity":150,"matchType":"unpaired","which":"second","trial_type":"numerosity-estimation","trial_index":141,"time_elapsed":668256,"subject_id":"78216"},{"rt":2488,"stimulus":30,"slider_start":100,"sprites":"fruits","response":89,"absDeviation":18,"callibration":"test","block":7,"seed":30,"numerosity":107,"matchType":"paired","which":"first","trial_type":"numerosity-estimation","trial_index":142,"time_elapsed":670747,"subject_id":"78216"},{"rt":2839,"stimulus":30,"slider_start":100,"sprites":"fruits","response":89,"absDeviation":18,"callibration":"test","block":7,"seed":30,"numerosity":107,"matchType":"paired","which":"second","trial_type":"numerosity-estimation","trial_index":143,"time_elapsed":673588,"subject_id":"78216"},{"rt":4819,"stimulus":31,"slider_start":100,"sprites":"jellyBeans","response":113,"absDeviation":37,"callibration":"test","block":7,"seed":31,"numerosity":150,"matchType":"unpaired","which":"second","trial_type":"numerosity-estimation","trial_index":144,"time_elapsed":678409,"subject_id":"78216"},{"rt":2855,"stimulus":32,"slider_start":100,"sprites":"marbles","response":97,"absDeviation":38,"callibration":"test","block":7,"seed":32,"numerosity":135,"matchType":"unpaired","which":"second","trial_type":"numerosity-estimation","trial_index":145,"time_elapsed":681266,"subject_id":"78216"},{"rt":1075,"stimulus":"<p> For the last block of trials, the average deviation of your guesses from correct answers was 21.</p>\n     <p>The smaller the deviation the better.  Your deviation was <b> VERY good</b>.</p><br>\n       <p>Press any key to continue to the next block of trials</p>","response":" ","trial_type":"html-keyboard-response","trial_index":146,"time_elapsed":682343,"subject_id":"78216"},{"rt":3500,"stimulus":34,"slider_start":100,"sprites":"rocks","response":92,"absDeviation":42,"callibration":"test","block":8,"seed":34,"numerosity":50,"matchType":"paired","which":"first","trial_type":"numerosity-estimation","trial_index":147,"time_elapsed":685846,"subject_id":"78216"},{"rt":4571,"stimulus":34,"slider_start":100,"sprites":"rocks","response":78,"absDeviation":28,"callibration":"test","block":8,"seed":34,"numerosity":50,"matchType":"paired","which":"second","trial_type":"numerosity-estimation","trial_index":148,"time_elapsed":690422,"subject_id":"78216"},{"rt":3367,"stimulus":35,"slider_start":100,"sprites":"buttons","response":86,"absDeviation":8,"callibration":"test","block":8,"seed":35,"numerosity":78,"matchType":"unpaired","which":"second","trial_type":"numerosity-estimation","trial_index":149,"time_elapsed":693791,"subject_id":"78216"},{"rt":3262,"stimulus":36,"slider_start":100,"sprites":"animalCrackers","response":76,"absDeviation":26,"callibration":"test","block":8,"seed":36,"numerosity":50,"matchType":"unpaired","which":"second","trial_type":"numerosity-estimation","trial_index":150,"time_elapsed":697056,"subject_id":"78216"},{"rt":3155,"stimulus":38,"slider_start":100,"sprites":"butterflies","response":80,"absDeviation":2,"callibration":"test","block":8,"seed":38,"numerosity":78,"matchType":"paired","which":"first","trial_type":"numerosity-estimation","trial_index":151,"time_elapsed":700214,"subject_id":"78216"},{"rt":2099,"stimulus":38,"slider_start":100,"sprites":"butterflies","response":80,"absDeviation":2,"callibration":"test","block":8,"seed":38,"numerosity":78,"matchType":"paired","which":"second","trial_type":"numerosity-estimation","trial_index":152,"time_elapsed":702317,"subject_id":"78216"},{"rt":4410,"stimulus":39,"slider_start":100,"sprites":"hearts","response":83,"absDeviation":5,"callibration":"test","block":8,"seed":39,"numerosity":78,"matchType":"unpaired","which":"second","trial_type":"numerosity-estimation","trial_index":153,"time_elapsed":706730,"subject_id":"78216"},{"rt":3392,"stimulus":40,"slider_start":100,"sprites":"crackers","response":106,"absDeviation":15,"callibration":"test","block":8,"seed":40,"numerosity":121,"matchType":"unpaired","which":"second","trial_type":"numerosity-estimation","trial_index":154,"time_elapsed":710126,"subject_id":"78216"},{"rt":3654,"stimulus":42,"slider_start":100,"sprites":"fruits","response":95,"absDeviation":17,"callibration":"test","block":8,"seed":42,"numerosity":78,"matchType":"paired","which":"first","trial_type":"numerosity-estimation","trial_index":155,"time_elapsed":713783,"subject_id":"78216"},{"rt":3320,"stimulus":42,"slider_start":100,"sprites":"fruits","response":91,"absDeviation":13,"callibration":"test","block":8,"seed":42,"numerosity":78,"matchType":"paired","which":"second","trial_type":"numerosity-estimation","trial_index":156,"time_elapsed":717108,"subject_id":"78216"},{"rt":4600,"stimulus":43,"slider_start":100,"sprites":"jellyBeans","response":82,"absDeviation":18,"callibration":"test","block":8,"seed":43,"numerosity":64,"matchType":"unpaired","which":"second","trial_type":"numerosity-estimation","trial_index":157,"time_elapsed":721711,"subject_id":"78216"},{"rt":7034,"stimulus":44,"slider_start":100,"sprites":"marbles","response":96,"absDeviation":25,"callibration":"test","block":8,"seed":44,"numerosity":121,"matchType":"unpaired","which":"second","trial_type":"numerosity-estimation","trial_index":158,"time_elapsed":728748,"subject_id":"78216"},{"rt":3654,"stimulus":46,"slider_start":100,"sprites":"rocks","response":97,"absDeviation":10,"callibration":"test","block":8,"seed":46,"numerosity":107,"matchType":"paired","which":"first","trial_type":"numerosity-estimation","trial_index":159,"time_elapsed":732405,"subject_id":"78216"},{"rt":2414,"stimulus":46,"slider_start":100,"sprites":"rocks","response":95,"absDeviation":12,"callibration":"test","block":8,"seed":46,"numerosity":107,"matchType":"paired","which":"second","trial_type":"numerosity-estimation","trial_index":160,"time_elapsed":734823,"subject_id":"78216"},{"rt":5824,"stimulus":47,"slider_start":100,"sprites":"buttons","response":106,"absDeviation":15,"callibration":"test","block":8,"seed":47,"numerosity":121,"matchType":"unpaired","which":"second","trial_type":"numerosity-estimation","trial_index":161,"time_elapsed":740650,"subject_id":"78216"},{"rt":2406,"stimulus":48,"slider_start":100,"sprites":"animalCrackers","response":106,"absDeviation":29,"callibration":"test","block":8,"seed":48,"numerosity":135,"matchType":"unpaired","which":"second","trial_type":"numerosity-estimation","trial_index":162,"time_elapsed":743059,"subject_id":"78216"},{"rt":1710,"stimulus":"<p> For the last block of trials, the average deviation of your guesses from correct answers was 17.</p>\n     <p>The smaller the deviation the better.  Your deviation was <b> VERY good</b>.</p><br>\n       <p>Press any key to continue to the next block of trials</p>","response":" ","trial_type":"html-keyboard-response","trial_index":163,"time_elapsed":744770,"subject_id":"78216"},{"rt":22915,"stimulus":50,"slider_start":100,"sprites":"butterflies","response":86,"absDeviation":64,"callibration":"test","block":9,"seed":50,"numerosity":150,"matchType":"paired","which":"first","trial_type":"numerosity-estimation","trial_index":164,"time_elapsed":767687,"subject_id":"78216"},{"rt":3468,"stimulus":50,"slider_start":100,"sprites":"butterflies","response":90,"absDeviation":60,"callibration":"test","block":9,"seed":50,"numerosity":150,"matchType":"paired","which":"second","trial_type":"numerosity-estimation","trial_index":165,"time_elapsed":771158,"subject_id":"78216"},{"rt":4125,"stimulus":51,"slider_start":100,"sprites":"hearts","response":106,"absDeviation":44,"callibration":"test","block":9,"seed":51,"numerosity":150,"matchType":"unpaired","which":"second","trial_type":"numerosity-estimation","trial_index":166,"time_elapsed":775286,"subject_id":"78216"},{"rt":3222,"stimulus":52,"slider_start":100,"sprites":"crackers","response":82,"absDeviation":4,"callibration":"test","block":9,"seed":52,"numerosity":78,"matchType":"unpaired","which":"second","trial_type":"numerosity-estimation","trial_index":167,"time_elapsed":778510,"subject_id":"78216"},{"rt":3180,"stimulus":54,"slider_start":100,"sprites":"fruits","response":90,"absDeviation":2,"callibration":"test","block":9,"seed":54,"numerosity":92,"matchType":"paired","which":"first","trial_type":"numerosity-estimation","trial_index":168,"time_elapsed":781694,"subject_id":"78216"},{"rt":3590,"stimulus":54,"slider_start":100,"sprites":"fruits","response":96,"absDeviation":4,"callibration":"test","block":9,"seed":54,"numerosity":92,"matchType":"paired","which":"second","trial_type":"numerosity-estimation","trial_index":169,"time_elapsed":785286,"subject_id":"78216"},{"rt":2462,"stimulus":55,"slider_start":100,"sprites":"jellyBeans","response":109,"absDeviation":12,"callibration":"test","block":9,"seed":55,"numerosity":121,"matchType":"unpaired","which":"second","trial_type":"numerosity-estimation","trial_index":170,"time_elapsed":787750,"subject_id":"78216"},{"rt":4204,"stimulus":56,"slider_start":100,"sprites":"marbles","response":71,"absDeviation":7,"callibration":"test","block":9,"seed":56,"numerosity":64,"matchType":"unpaired","which":"second","trial_type":"numerosity-estimation","trial_index":171,"time_elapsed":791960,"subject_id":"78216"},{"rt":3316,"stimulus":58,"slider_start":100,"sprites":"rocks","response":107,"absDeviation":14,"callibration":"test","block":9,"seed":58,"numerosity":121,"matchType":"paired","which":"first","trial_type":"numerosity-estimation","trial_index":172,"time_elapsed":795280,"subject_id":"78216"},{"rt":2591,"stimulus":58,"slider_start":100,"sprites":"rocks","response":108,"absDeviation":13,"callibration":"test","block":9,"seed":58,"numerosity":121,"matchType":"paired","which":"second","trial_type":"numerosity-estimation","trial_index":173,"time_elapsed":797874,"subject_id":"78216"},{"rt":3022,"stimulus":59,"slider_start":100,"sprites":"buttons","response":109,"absDeviation":26,"callibration":"test","block":9,"seed":59,"numerosity":135,"matchType":"unpaired","which":"second","trial_type":"numerosity-estimation","trial_index":174,"time_elapsed":800900,"subject_id":"78216"},{"rt":3112,"stimulus":60,"slider_start":100,"sprites":"animalCrackers","response":108,"absDeviation":42,"callibration":"test","block":9,"seed":60,"numerosity":150,"matchType":"unpaired","which":"second","trial_type":"numerosity-estimation","trial_index":175,"time_elapsed":804015,"subject_id":"78216"},{"rt":3979,"stimulus":62,"slider_start":100,"sprites":"butterflies","response":107,"absDeviation":28,"callibration":"test","block":9,"seed":62,"numerosity":135,"matchType":"paired","which":"first","trial_type":"numerosity-estimation","trial_index":176,"time_elapsed":807997,"subject_id":"78216"},{"rt":4080,"stimulus":62,"slider_start":100,"sprites":"butterflies","response":107,"absDeviation":28,"callibration":"test","block":9,"seed":62,"numerosity":135,"matchType":"paired","which":"second","trial_type":"numerosity-estimation","trial_index":177,"time_elapsed":812080,"subject_id":"78216"},{"rt":2363,"stimulus":63,"slider_start":100,"sprites":"hearts","response":73,"absDeviation":9,"callibration":"test","block":9,"seed":63,"numerosity":64,"matchType":"unpaired","which":"second","trial_type":"numerosity-estimation","trial_index":178,"time_elapsed":814446,"subject_id":"78216"},{"rt":3825,"stimulus":64,"slider_start":100,"sprites":"crackers","response":108,"absDeviation":27,"callibration":"test","block":9,"seed":64,"numerosity":135,"matchType":"unpaired","which":"second","trial_type":"numerosity-estimation","trial_index":179,"time_elapsed":818273,"subject_id":"78216"},{"rt":1096,"stimulus":"<p> For the last block of trials, the average deviation of your guesses from correct answers was 24.</p>\n     <p>The smaller the deviation the better.  Your deviation was <b> VERY good</b>.</p><br>\n       <p>Press any key to continue to the next block of trials</p>","response":" ","trial_type":"html-keyboard-response","trial_index":180,"time_elapsed":819370,"subject_id":"78216"},{"rt":4584,"stimulus":66,"slider_start":100,"sprites":"fruits","response":77,"absDeviation":13,"callibration":"test","block":10,"seed":66,"numerosity":64,"matchType":"paired","which":"first","trial_type":"numerosity-estimation","trial_index":181,"time_elapsed":823956,"subject_id":"78216"},{"rt":1733,"stimulus":66,"slider_start":100,"sprites":"fruits","response":83,"absDeviation":19,"callibration":"test","block":10,"seed":66,"numerosity":64,"matchType":"paired","which":"second","trial_type":"numerosity-estimation","trial_index":182,"time_elapsed":825690,"subject_id":"78216"},{"rt":2229,"stimulus":67,"slider_start":100,"sprites":"jellyBeans","response":109,"absDeviation":2,"callibration":"test","block":10,"seed":67,"numerosity":107,"matchType":"unpaired","which":"second","trial_type":"numerosity-estimation","trial_index":183,"time_elapsed":827922,"subject_id":"78216"},{"rt":4904,"stimulus":68,"slider_start":100,"sprites":"marbles","response":95,"absDeviation":55,"callibration":"test","block":10,"seed":68,"numerosity":150,"matchType":"unpaired","which":"second","trial_type":"numerosity-estimation","trial_index":184,"time_elapsed":832829,"subject_id":"78216"},{"rt":2875,"stimulus":70,"slider_start":100,"sprites":"rocks","response":93,"absDeviation":1,"callibration":"test","block":10,"seed":70,"numerosity":92,"matchType":"paired","which":"first","trial_type":"numerosity-estimation","trial_index":185,"time_elapsed":835707,"subject_id":"78216"},{"rt":4530,"stimulus":70,"slider_start":100,"sprites":"rocks","response":86,"absDeviation":6,"callibration":"test","block":10,"seed":70,"numerosity":92,"matchType":"paired","which":"second","trial_type":"numerosity-estimation","trial_index":186,"time_elapsed":840239,"subject_id":"78216"},{"rt":2519,"stimulus":71,"slider_start":100,"sprites":"buttons","response":106,"absDeviation":1,"callibration":"test","block":10,"seed":71,"numerosity":107,"matchType":"unpaired","which":"second","trial_type":"numerosity-estimation","trial_index":187,"time_elapsed":842760,"subject_id":"78216"},{"rt":6261,"stimulus":72,"slider_start":100,"sprites":"animalCrackers","response":52,"absDeviation":2,"callibration":"test","block":10,"seed":72,"numerosity":50,"matchType":"unpaired","which":"second","trial_type":"numerosity-estimation","trial_index":188,"time_elapsed":849024,"subject_id":"78216"},{"rt":2717,"stimulus":74,"slider_start":100,"sprites":"butterflies","response":70,"absDeviation":6,"callibration":"test","block":10,"seed":74,"numerosity":64,"matchType":"paired","which":"first","trial_type":"numerosity-estimation","trial_index":189,"time_elapsed":851743,"subject_id":"78216"},{"rt":3143,"stimulus":74,"slider_start":100,"sprites":"butterflies","response":63,"absDeviation":1,"callibration":"test","block":10,"seed":74,"numerosity":64,"matchType":"paired","which":"second","trial_type":"numerosity-estimation","trial_index":190,"time_elapsed":854888,"subject_id":"78216"},{"rt":4389,"stimulus":75,"slider_start":100,"sprites":"hearts","response":81,"absDeviation":11,"callibration":"test","block":10,"seed":75,"numerosity":92,"matchType":"unpaired","which":"second","trial_type":"numerosity-estimation","trial_index":191,"time_elapsed":859280,"subject_id":"78216"},{"rt":3721,"stimulus":76,"slider_start":100,"sprites":"crackers","response":82,"absDeviation":18,"callibration":"test","block":10,"seed":76,"numerosity":64,"matchType":"unpaired","which":"second","trial_type":"numerosity-estimation","trial_index":192,"time_elapsed":863006,"subject_id":"78216"},{"rt":3867,"stimulus":78,"slider_start":100,"sprites":"fruits","response":86,"absDeviation":22,"callibration":"test","block":10,"seed":78,"numerosity":64,"matchType":"paired","which":"first","trial_type":"numerosity-estimation","trial_index":193,"time_elapsed":866875,"subject_id":"78216"},{"rt":4015,"stimulus":78,"slider_start":100,"sprites":"fruits","response":90,"absDeviation":26,"callibration":"test","block":10,"seed":78,"numerosity":64,"matchType":"paired","which":"second","trial_type":"numerosity-estimation","trial_index":194,"time_elapsed":870893,"subject_id":"78216"},{"rt":4071,"stimulus":79,"slider_start":100,"sprites":"jellyBeans","response":88,"absDeviation":38,"callibration":"test","block":10,"seed":79,"numerosity":50,"matchType":"unpaired","which":"second","trial_type":"numerosity-estimation","trial_index":195,"time_elapsed":874967,"subject_id":"78216"},{"rt":6172,"stimulus":80,"slider_start":100,"sprites":"marbles","response":95,"absDeviation":26,"callibration":"test","block":10,"seed":80,"numerosity":121,"matchType":"unpaired","which":"second","trial_type":"numerosity-estimation","trial_index":196,"time_elapsed":881143,"subject_id":"78216"},{"rt":1693,"stimulus":"<p> For the last block of trials, the average deviation of your guesses from correct answers was 15.</p>\n     <p>The smaller the deviation the better.  Your deviation was <b> VERY good</b>.</p><br>\n       <p>Press any key to continue to the next block of trials</p>","response":" ","trial_type":"html-keyboard-response","trial_index":197,"time_elapsed":882837,"subject_id":"78216"},{"rt":4779,"stimulus":82,"slider_start":100,"sprites":"rocks","response":89,"absDeviation":25,"callibration":"test","block":11,"seed":82,"numerosity":64,"matchType":"paired","which":"first","trial_type":"numerosity-estimation","trial_index":198,"time_elapsed":887619,"subject_id":"78216"},{"rt":3436,"stimulus":82,"slider_start":100,"sprites":"rocks","response":88,"absDeviation":24,"callibration":"test","block":11,"seed":82,"numerosity":64,"matchType":"paired","which":"second","trial_type":"numerosity-estimation","trial_index":199,"time_elapsed":891057,"subject_id":"78216"},{"rt":2762,"stimulus":83,"slider_start":100,"sprites":"buttons","response":109,"absDeviation":12,"callibration":"test","block":11,"seed":83,"numerosity":121,"matchType":"unpaired","which":"second","trial_type":"numerosity-estimation","trial_index":200,"time_elapsed":893821,"subject_id":"78216"},{"rt":3010,"stimulus":84,"slider_start":100,"sprites":"animalCrackers","response":64,"absDeviation":14,"callibration":"test","block":11,"seed":84,"numerosity":50,"matchType":"unpaired","which":"second","trial_type":"numerosity-estimation","trial_index":201,"time_elapsed":896834,"subject_id":"78216"},{"rt":2982,"stimulus":86,"slider_start":100,"sprites":"butterflies","response":78,"absDeviation":43,"callibration":"test","block":11,"seed":86,"numerosity":121,"matchType":"paired","which":"first","trial_type":"numerosity-estimation","trial_index":202,"time_elapsed":899818,"subject_id":"78216"},{"rt":2677,"stimulus":86,"slider_start":100,"sprites":"butterflies","response":80,"absDeviation":41,"callibration":"test","block":11,"seed":86,"numerosity":121,"matchType":"paired","which":"second","trial_type":"numerosity-estimation","trial_index":203,"time_elapsed":902498,"subject_id":"78216"},{"rt":3406,"stimulus":87,"slider_start":100,"sprites":"hearts","response":65,"absDeviation":15,"callibration":"test","block":11,"seed":87,"numerosity":50,"matchType":"unpaired","which":"second","trial_type":"numerosity-estimation","trial_index":204,"time_elapsed":905906,"subject_id":"78216"},{"rt":2916,"stimulus":88,"slider_start":100,"sprites":"crackers","response":109,"absDeviation":26,"callibration":"test","block":11,"seed":88,"numerosity":135,"matchType":"unpaired","which":"second","trial_type":"numerosity-estimation","trial_index":205,"time_elapsed":908825,"subject_id":"78216"},{"rt":3940,"stimulus":90,"slider_start":100,"sprites":"fruits","response":115,"absDeviation":35,"callibration":"test","block":11,"seed":90,"numerosity":150,"matchType":"paired","which":"first","trial_type":"numerosity-estimation","trial_index":206,"time_elapsed":912767,"subject_id":"78216"},{"rt":3460,"stimulus":90,"slider_start":100,"sprites":"fruits","response":119,"absDeviation":31,"callibration":"test","block":11,"seed":90,"numerosity":150,"matchType":"paired","which":"second","trial_type":"numerosity-estimation","trial_index":207,"time_elapsed":916232,"subject_id":"78216"},{"rt":3422,"stimulus":91,"slider_start":100,"sprites":"jellyBeans","response":88,"absDeviation":4,"callibration":"test","block":11,"seed":91,"numerosity":92,"matchType":"unpaired","which":"second","trial_type":"numerosity-estimation","trial_index":208,"time_elapsed":919655,"subject_id":"78216"},{"rt":3893,"stimulus":92,"slider_start":100,"sprites":"marbles","response":91,"absDeviation":30,"callibration":"test","block":11,"seed":92,"numerosity":121,"matchType":"unpaired","which":"second","trial_type":"numerosity-estimation","trial_index":209,"time_elapsed":923551,"subject_id":"78216"},{"rt":2781,"stimulus":94,"slider_start":100,"sprites":"rocks","response":91,"absDeviation":13,"callibration":"test","block":11,"seed":94,"numerosity":78,"matchType":"paired","which":"first","trial_type":"numerosity-estimation","trial_index":210,"time_elapsed":926335,"subject_id":"78216"},{"rt":2360,"stimulus":94,"slider_start":100,"sprites":"rocks","response":97,"absDeviation":19,"callibration":"test","block":11,"seed":94,"numerosity":78,"matchType":"paired","which":"second","trial_type":"numerosity-estimation","trial_index":211,"time_elapsed":928698,"subject_id":"78216"},{"rt":2831,"stimulus":95,"slider_start":100,"sprites":"buttons","response":94,"absDeviation":30,"callibration":"test","block":11,"seed":95,"numerosity":64,"matchType":"unpaired","which":"second","trial_type":"numerosity-estimation","trial_index":212,"time_elapsed":931531,"subject_id":"78216"},{"rt":2412,"stimulus":96,"slider_start":100,"sprites":"animalCrackers","response":109,"absDeviation":17,"callibration":"test","block":11,"seed":96,"numerosity":92,"matchType":"unpaired","which":"second","trial_type":"numerosity-estimation","trial_index":213,"time_elapsed":933945,"subject_id":"78216"},{"rt":1075,"stimulus":"<p> For the last block of trials, the average deviation of your guesses from correct answers was 24.</p>\n     <p>The smaller the deviation the better.  Your deviation was <b> VERY good</b>.</p><br>\n       <p>Press any key to continue to the next block of trials</p>","response":" ","trial_type":"html-keyboard-response","trial_index":214,"time_elapsed":935022,"subject_id":"78216"},{"rt":9419,"response":{"averageEstimates":"When the two displays occured back-to-back, in immediate succession.","firstOrSecond":"The first time the objects were shown"},"question_order":[0,1],"trial_type":"survey-multi-choice","trial_index":215,"time_elapsed":944445,"subject_id":"78216"}]