[{"rt":285602,"url":"consent.html","trial_type":"external-html","trial_index":0,"time_elapsed":285620,"subject_id":"76002"},{"view_history":[{"page_index":0,"viewing_time":28531}],"rt":28533,"trial_type":"instructions","trial_index":1,"time_elapsed":314154,"subject_id":"76002"},{"rt":13405,"stimulus":0,"slider_start":100,"sprites":"animalCrackers","response":35,"absDeviation":15,"callibration":"callibration","block":-1,"seed":0,"numerosity":50,"matchType":"callibration","which":"first","trial_type":"numerosity-estimation","trial_index":2,"time_elapsed":327567,"subject_id":"76002"},{"rt":17844,"stimulus":1,"slider_start":100,"sprites":"letters","response":60,"absDeviation":4,"callibration":"callibration","block":-1,"seed":1,"numerosity":64,"matchType":"callibration","which":"first","trial_type":"numerosity-estimation","trial_index":3,"time_elapsed":345414,"subject_id":"76002"},{"rt":13252,"stimulus":2,"slider_start":100,"sprites":"butterflies","response":67,"absDeviation":11,"callibration":"callibration","block":-1,"seed":2,"numerosity":78,"matchType":"callibration","which":"first","trial_type":"numerosity-estimation","trial_index":4,"time_elapsed":358669,"subject_id":"76002"},{"rt":9256,"stimulus":3,"slider_start":100,"sprites":"hearts","response":82,"absDeviation":10,"callibration":"callibration","block":-1,"seed":3,"numerosity":92,"matchType":"callibration","which":"first","trial_type":"numerosity-estimation","trial_index":5,"time_elapsed":367928,"subject_id":"76002"},{"rt":10103,"stimulus":4,"slider_start":100,"sprites":"crackers","response":101,"absDeviation":6,"callibration":"callibration","block":-1,"seed":4,"numerosity":107,"matchType":"callibration","which":"first","trial_type":"numerosity-estimation","trial_index":6,"time_elapsed":378033,"subject_id":"76002"},{"rt":11041,"stimulus":5,"slider_start":100,"sprites":"bears","response":112,"absDeviation":9,"callibration":"callibration","block":-1,"seed":5,"numerosity":121,"matchType":"callibration","which":"first","trial_type":"numerosity-estimation","trial_index":7,"time_elapsed":389077,"subject_id":"76002"},{"rt":7610,"stimulus":6,"slider_start":100,"sprites":"fruits","response":133,"absDeviation":2,"callibration":"callibration","block":-1,"seed":6,"numerosity":135,"matchType":"callibration","which":"first","trial_type":"numerosity-estimation","trial_index":8,"time_elapsed":396690,"subject_id":"76002"},{"rt":12677,"stimulus":7,"slider_start":100,"sprites":"jellyBeans","response":141,"absDeviation":9,"callibration":"callibration","block":-1,"seed":7,"numerosity":150,"matchType":"callibration","which":"first","trial_type":"numerosity-estimation","trial_index":9,"time_elapsed":409370,"subject_id":"76002"},{"view_history":[{"page_index":0,"viewing_time":24167}],"rt":24168,"trial_type":"instructions","trial_index":10,"time_elapsed":433538,"subject_id":"76002"},{"rt":8938,"stimulus":1,"slider_start":100,"sprites":"letters","response":69,"absDeviation":23,"callibration":"test","block":0,"seed":1,"numerosity":92,"matchType":"paired","which":"first","trial_type":"numerosity-estimation","trial_index":11,"time_elapsed":442479,"subject_id":"76002"},{"rt":11624,"stimulus":1,"slider_start":100,"sprites":"letters","response":76,"absDeviation":16,"callibration":"test","block":0,"seed":1,"numerosity":92,"matchType":"paired","which":"second","trial_type":"numerosity-estimation","trial_index":12,"time_elapsed":454107,"subject_id":"76002"},{"rt":7004,"stimulus":3,"slider_start":100,"sprites":"hearts","response":75,"absDeviation":25,"callibration":"test","block":0,"seed":3,"numerosity":50,"matchType":"unpaired","which":"first","trial_type":"numerosity-estimation","trial_index":13,"time_elapsed":461114,"subject_id":"76002"},{"rt":6211,"stimulus":4,"slider_start":100,"sprites":"crackers","response":149,"absDeviation":42,"callibration":"test","block":0,"seed":4,"numerosity":107,"matchType":"unpaired","which":"first","trial_type":"numerosity-estimation","trial_index":14,"time_elapsed":467328,"subject_id":"76002"},{"rt":23457,"stimulus":5,"slider_start":100,"sprites":"bears","response":76,"absDeviation":26,"callibration":"test","block":0,"seed":5,"numerosity":50,"matchType":"paired","which":"first","trial_type":"numerosity-estimation","trial_index":15,"time_elapsed":490787,"subject_id":"76002"},{"rt":8524,"stimulus":5,"slider_start":100,"sprites":"bears","response":104,"absDeviation":54,"callibration":"test","block":0,"seed":5,"numerosity":50,"matchType":"paired","which":"second","trial_type":"numerosity-estimation","trial_index":16,"time_elapsed":499314,"subject_id":"76002"},{"rt":6715,"stimulus":7,"slider_start":100,"sprites":"jellyBeans","response":73,"absDeviation":23,"callibration":"test","block":0,"seed":7,"numerosity":50,"matchType":"unpaired","which":"first","trial_type":"numerosity-estimation","trial_index":17,"time_elapsed":506031,"subject_id":"76002"},{"rt":8897,"stimulus":8,"slider_start":100,"sprites":"marbles","response":108,"absDeviation":16,"callibration":"test","block":0,"seed":8,"numerosity":92,"matchType":"unpaired","which":"first","trial_type":"numerosity-estimation","trial_index":18,"time_elapsed":514931,"subject_id":"76002"},{"rt":5986,"stimulus":9,"slider_start":100,"sprites":"mints","response":148,"absDeviation":13,"callibration":"test","block":0,"seed":9,"numerosity":135,"matchType":"paired","which":"first","trial_type":"numerosity-estimation","trial_index":19,"time_elapsed":520919,"subject_id":"76002"},{"rt":7513,"stimulus":9,"slider_start":100,"sprites":"mints","response":147,"absDeviation":12,"callibration":"test","block":0,"seed":9,"numerosity":135,"matchType":"paired","which":"second","trial_type":"numerosity-estimation","trial_index":20,"time_elapsed":528436,"subject_id":"76002"},{"rt":3096,"stimulus":11,"slider_start":100,"sprites":"buttons","response":126,"absDeviation":19,"callibration":"test","block":0,"seed":11,"numerosity":107,"matchType":"unpaired","which":"first","trial_type":"numerosity-estimation","trial_index":21,"time_elapsed":531535,"subject_id":"76002"},{"rt":5233,"stimulus":12,"slider_start":100,"sprites":"animalCrackers","response":119,"absDeviation":27,"callibration":"test","block":0,"seed":12,"numerosity":92,"matchType":"unpaired","which":"first","trial_type":"numerosity-estimation","trial_index":22,"time_elapsed":536771,"subject_id":"76002"},{"rt":3614,"stimulus":13,"slider_start":100,"sprites":"letters","response":92,"absDeviation":15,"callibration":"test","block":0,"seed":13,"numerosity":107,"matchType":"paired","which":"first","trial_type":"numerosity-estimation","trial_index":23,"time_elapsed":540387,"subject_id":"76002"},{"rt":3112,"stimulus":13,"slider_start":100,"sprites":"letters","response":111,"absDeviation":4,"callibration":"test","block":0,"seed":13,"numerosity":107,"matchType":"paired","which":"second","trial_type":"numerosity-estimation","trial_index":24,"time_elapsed":543502,"subject_id":"76002"},{"rt":5661,"stimulus":15,"slider_start":100,"sprites":"hearts","response":117,"absDeviation":4,"callibration":"test","block":0,"seed":15,"numerosity":121,"matchType":"unpaired","which":"first","trial_type":"numerosity-estimation","trial_index":25,"time_elapsed":549166,"subject_id":"76002"},{"rt":6123,"stimulus":16,"slider_start":100,"sprites":"crackers","response":86,"absDeviation":22,"callibration":"test","block":0,"seed":16,"numerosity":64,"matchType":"unpaired","which":"first","trial_type":"numerosity-estimation","trial_index":26,"time_elapsed":555292,"subject_id":"76002"},{"rt":10686,"stimulus":"<p> For the last block of trials, the average deviation of your guesses from correct answers was 21.</p>\n     <p>The smaller the deviation the better.  Your deviation was <b> VERY good</b>.</p><br>\n       <p>Press any key to continue to the next block of trials</p>","response":" ","trial_type":"html-keyboard-response","trial_index":27,"time_elapsed":565981,"subject_id":"76002"},{"rt":8072,"stimulus":17,"slider_start":100,"sprites":"bears","response":116,"absDeviation":24,"callibration":"test","block":1,"seed":17,"numerosity":92,"matchType":"paired","which":"first","trial_type":"numerosity-estimation","trial_index":28,"time_elapsed":574056,"subject_id":"76002"},{"rt":5653,"stimulus":17,"slider_start":100,"sprites":"bears","response":129,"absDeviation":37,"callibration":"test","block":1,"seed":17,"numerosity":92,"matchType":"paired","which":"second","trial_type":"numerosity-estimation","trial_index":29,"time_elapsed":579711,"subject_id":"76002"},{"rt":5403,"stimulus":19,"slider_start":100,"sprites":"jellyBeans","response":143,"absDeviation":8,"callibration":"test","block":1,"seed":19,"numerosity":135,"matchType":"unpaired","which":"first","trial_type":"numerosity-estimation","trial_index":30,"time_elapsed":585117,"subject_id":"76002"},{"rt":4325,"stimulus":20,"slider_start":100,"sprites":"marbles","response":120,"absDeviation":42,"callibration":"test","block":1,"seed":20,"numerosity":78,"matchType":"unpaired","which":"first","trial_type":"numerosity-estimation","trial_index":31,"time_elapsed":589445,"subject_id":"76002"},{"rt":4383,"stimulus":21,"slider_start":100,"sprites":"mints","response":134,"absDeviation":42,"callibration":"test","block":1,"seed":21,"numerosity":92,"matchType":"paired","which":"first","trial_type":"numerosity-estimation","trial_index":32,"time_elapsed":593830,"subject_id":"76002"},{"rt":5370,"stimulus":21,"slider_start":100,"sprites":"mints","response":150,"absDeviation":58,"callibration":"test","block":1,"seed":21,"numerosity":92,"matchType":"paired","which":"second","trial_type":"numerosity-estimation","trial_index":33,"time_elapsed":599204,"subject_id":"76002"},{"rt":4811,"stimulus":23,"slider_start":100,"sprites":"buttons","response":159,"absDeviation":9,"callibration":"test","block":1,"seed":23,"numerosity":150,"matchType":"unpaired","which":"first","trial_type":"numerosity-estimation","trial_index":34,"time_elapsed":604017,"subject_id":"76002"},{"rt":5901,"stimulus":24,"slider_start":100,"sprites":"animalCrackers","response":135,"absDeviation":28,"callibration":"test","block":1,"seed":24,"numerosity":107,"matchType":"unpaired","which":"first","trial_type":"numerosity-estimation","trial_index":35,"time_elapsed":609920,"subject_id":"76002"},{"rt":6256,"stimulus":25,"slider_start":100,"sprites":"letters","response":132,"absDeviation":25,"callibration":"test","block":1,"seed":25,"numerosity":107,"matchType":"paired","which":"first","trial_type":"numerosity-estimation","trial_index":36,"time_elapsed":616179,"subject_id":"76002"},{"rt":5120,"stimulus":25,"slider_start":100,"sprites":"letters","response":126,"absDeviation":19,"callibration":"test","block":1,"seed":25,"numerosity":107,"matchType":"paired","which":"second","trial_type":"numerosity-estimation","trial_index":37,"time_elapsed":621301,"subject_id":"76002"},{"rt":6171,"stimulus":27,"slider_start":100,"sprites":"hearts","response":137,"absDeviation":16,"callibration":"test","block":1,"seed":27,"numerosity":121,"matchType":"unpaired","which":"first","trial_type":"numerosity-estimation","trial_index":38,"time_elapsed":627475,"subject_id":"76002"},{"rt":7852,"stimulus":28,"slider_start":100,"sprites":"crackers","response":150,"absDeviation":0,"callibration":"test","block":1,"seed":28,"numerosity":150,"matchType":"unpaired","which":"first","trial_type":"numerosity-estimation","trial_index":39,"time_elapsed":635330,"subject_id":"76002"},{"rt":8947,"stimulus":29,"slider_start":100,"sprites":"bears","response":84,"absDeviation":20,"callibration":"test","block":1,"seed":29,"numerosity":64,"matchType":"paired","which":"first","trial_type":"numerosity-estimation","trial_index":40,"time_elapsed":644279,"subject_id":"76002"},{"rt":5871,"stimulus":29,"slider_start":100,"sprites":"bears","response":96,"absDeviation":32,"callibration":"test","block":1,"seed":29,"numerosity":64,"matchType":"paired","which":"second","trial_type":"numerosity-estimation","trial_index":41,"time_elapsed":650153,"subject_id":"76002"},{"rt":3395,"stimulus":31,"slider_start":100,"sprites":"jellyBeans","response":126,"absDeviation":24,"callibration":"test","block":1,"seed":31,"numerosity":150,"matchType":"unpaired","which":"first","trial_type":"numerosity-estimation","trial_index":42,"time_elapsed":653552,"subject_id":"76002"},{"rt":4504,"stimulus":32,"slider_start":100,"sprites":"marbles","response":141,"absDeviation":6,"callibration":"test","block":1,"seed":32,"numerosity":135,"matchType":"unpaired","which":"first","trial_type":"numerosity-estimation","trial_index":43,"time_elapsed":658058,"subject_id":"76002"},{"rt":2295,"stimulus":"<p> For the last block of trials, the average deviation of your guesses from correct answers was 24.</p>\n     <p>The smaller the deviation the better.  Your deviation was <b> VERY good</b>.</p><br>\n       <p>Press any key to continue to the next block of trials</p>","response":"n","trial_type":"html-keyboard-response","trial_index":44,"time_elapsed":660357,"subject_id":"76002"},{"rt":6502,"stimulus":33,"slider_start":100,"sprites":"mints","response":154,"absDeviation":33,"callibration":"test","block":2,"seed":33,"numerosity":121,"matchType":"paired","which":"first","trial_type":"numerosity-estimation","trial_index":45,"time_elapsed":666862,"subject_id":"76002"},{"rt":5306,"stimulus":33,"slider_start":100,"sprites":"mints","response":154,"absDeviation":33,"callibration":"test","block":2,"seed":33,"numerosity":121,"matchType":"paired","which":"second","trial_type":"numerosity-estimation","trial_index":46,"time_elapsed":672170,"subject_id":"76002"},{"rt":5823,"stimulus":35,"slider_start":100,"sprites":"buttons","response":108,"absDeviation":30,"callibration":"test","block":2,"seed":35,"numerosity":78,"matchType":"unpaired","which":"first","trial_type":"numerosity-estimation","trial_index":47,"time_elapsed":677996,"subject_id":"76002"},{"rt":6544,"stimulus":36,"slider_start":100,"sprites":"animalCrackers","response":82,"absDeviation":32,"callibration":"test","block":2,"seed":36,"numerosity":50,"matchType":"unpaired","which":"first","trial_type":"numerosity-estimation","trial_index":48,"time_elapsed":684543,"subject_id":"76002"},{"rt":2893,"stimulus":37,"slider_start":100,"sprites":"letters","response":121,"absDeviation":14,"callibration":"test","block":2,"seed":37,"numerosity":135,"matchType":"paired","which":"first","trial_type":"numerosity-estimation","trial_index":49,"time_elapsed":687439,"subject_id":"76002"},{"rt":2911,"stimulus":37,"slider_start":100,"sprites":"letters","response":112,"absDeviation":23,"callibration":"test","block":2,"seed":37,"numerosity":135,"matchType":"paired","which":"second","trial_type":"numerosity-estimation","trial_index":50,"time_elapsed":690352,"subject_id":"76002"},{"rt":5240,"stimulus":39,"slider_start":100,"sprites":"hearts","response":124,"absDeviation":46,"callibration":"test","block":2,"seed":39,"numerosity":78,"matchType":"unpaired","which":"first","trial_type":"numerosity-estimation","trial_index":51,"time_elapsed":695593,"subject_id":"76002"},{"rt":3484,"stimulus":40,"slider_start":100,"sprites":"crackers","response":146,"absDeviation":25,"callibration":"test","block":2,"seed":40,"numerosity":121,"matchType":"unpaired","which":"first","trial_type":"numerosity-estimation","trial_index":52,"time_elapsed":699079,"subject_id":"76002"},{"rt":6074,"stimulus":41,"slider_start":100,"sprites":"bears","response":80,"absDeviation":30,"callibration":"test","block":2,"seed":41,"numerosity":50,"matchType":"paired","which":"first","trial_type":"numerosity-estimation","trial_index":53,"time_elapsed":705154,"subject_id":"76002"},{"rt":4044,"stimulus":41,"slider_start":100,"sprites":"bears","response":90,"absDeviation":40,"callibration":"test","block":2,"seed":41,"numerosity":50,"matchType":"paired","which":"second","trial_type":"numerosity-estimation","trial_index":54,"time_elapsed":709200,"subject_id":"76002"},{"rt":3606,"stimulus":43,"slider_start":100,"sprites":"jellyBeans","response":89,"absDeviation":25,"callibration":"test","block":2,"seed":43,"numerosity":64,"matchType":"unpaired","which":"first","trial_type":"numerosity-estimation","trial_index":55,"time_elapsed":712808,"subject_id":"76002"},{"rt":5864,"stimulus":44,"slider_start":100,"sprites":"marbles","response":131,"absDeviation":10,"callibration":"test","block":2,"seed":44,"numerosity":121,"matchType":"unpaired","which":"first","trial_type":"numerosity-estimation","trial_index":56,"time_elapsed":718674,"subject_id":"76002"},{"rt":3558,"stimulus":45,"slider_start":100,"sprites":"mints","response":135,"absDeviation":14,"callibration":"test","block":2,"seed":45,"numerosity":121,"matchType":"paired","which":"first","trial_type":"numerosity-estimation","trial_index":57,"time_elapsed":722235,"subject_id":"76002"},{"rt":3678,"stimulus":45,"slider_start":100,"sprites":"mints","response":148,"absDeviation":27,"callibration":"test","block":2,"seed":45,"numerosity":121,"matchType":"paired","which":"second","trial_type":"numerosity-estimation","trial_index":58,"time_elapsed":725916,"subject_id":"76002"},{"rt":3825,"stimulus":47,"slider_start":100,"sprites":"buttons","response":149,"absDeviation":28,"callibration":"test","block":2,"seed":47,"numerosity":121,"matchType":"unpaired","which":"first","trial_type":"numerosity-estimation","trial_index":59,"time_elapsed":729744,"subject_id":"76002"},{"rt":4342,"stimulus":48,"slider_start":100,"sprites":"animalCrackers","response":158,"absDeviation":23,"callibration":"test","block":2,"seed":48,"numerosity":135,"matchType":"unpaired","which":"first","trial_type":"numerosity-estimation","trial_index":60,"time_elapsed":734089,"subject_id":"76002"},{"rt":1968,"stimulus":"<p> For the last block of trials, the average deviation of your guesses from correct answers was 27.</p>\n     <p>The smaller the deviation the better.  Your deviation was <b> good</b>.</p><br>\n       <p>Press any key to continue to the next block of trials</p>","response":" ","trial_type":"html-keyboard-response","trial_index":61,"time_elapsed":736059,"subject_id":"76002"},{"rt":6079,"stimulus":49,"slider_start":100,"sprites":"letters","response":141,"absDeviation":63,"callibration":"test","block":3,"seed":49,"numerosity":78,"matchType":"paired","which":"first","trial_type":"numerosity-estimation","trial_index":62,"time_elapsed":742141,"subject_id":"76002"},{"rt":3606,"stimulus":49,"slider_start":100,"sprites":"letters","response":134,"absDeviation":56,"callibration":"test","block":3,"seed":49,"numerosity":78,"matchType":"paired","which":"second","trial_type":"numerosity-estimation","trial_index":63,"time_elapsed":745750,"subject_id":"76002"},{"rt":3338,"stimulus":51,"slider_start":100,"sprites":"hearts","response":160,"absDeviation":10,"callibration":"test","block":3,"seed":51,"numerosity":150,"matchType":"unpaired","which":"first","trial_type":"numerosity-estimation","trial_index":64,"time_elapsed":749091,"subject_id":"76002"},{"rt":4173,"stimulus":52,"slider_start":100,"sprites":"crackers","response":127,"absDeviation":49,"callibration":"test","block":3,"seed":52,"numerosity":78,"matchType":"unpaired","which":"first","trial_type":"numerosity-estimation","trial_index":65,"time_elapsed":753267,"subject_id":"76002"},{"rt":5387,"stimulus":53,"slider_start":100,"sprites":"bears","response":113,"absDeviation":63,"callibration":"test","block":3,"seed":53,"numerosity":50,"matchType":"paired","which":"first","trial_type":"numerosity-estimation","trial_index":66,"time_elapsed":758656,"subject_id":"76002"},{"rt":6876,"stimulus":53,"slider_start":100,"sprites":"bears","response":83,"absDeviation":33,"callibration":"test","block":3,"seed":53,"numerosity":50,"matchType":"paired","which":"second","trial_type":"numerosity-estimation","trial_index":67,"time_elapsed":765535,"subject_id":"76002"},{"rt":7847,"stimulus":55,"slider_start":100,"sprites":"jellyBeans","response":121,"absDeviation":0,"callibration":"test","block":3,"seed":55,"numerosity":121,"matchType":"unpaired","which":"first","trial_type":"numerosity-estimation","trial_index":68,"time_elapsed":773384,"subject_id":"76002"},{"rt":3501,"stimulus":56,"slider_start":100,"sprites":"marbles","response":85,"absDeviation":21,"callibration":"test","block":3,"seed":56,"numerosity":64,"matchType":"unpaired","which":"first","trial_type":"numerosity-estimation","trial_index":69,"time_elapsed":776888,"subject_id":"76002"},{"rt":31297,"stimulus":57,"slider_start":100,"sprites":"mints","response":114,"absDeviation":50,"callibration":"test","block":3,"seed":57,"numerosity":64,"matchType":"paired","which":"first","trial_type":"numerosity-estimation","trial_index":70,"time_elapsed":808187,"subject_id":"76002"},{"rt":2999,"stimulus":57,"slider_start":100,"sprites":"mints","response":120,"absDeviation":56,"callibration":"test","block":3,"seed":57,"numerosity":64,"matchType":"paired","which":"second","trial_type":"numerosity-estimation","trial_index":71,"time_elapsed":811189,"subject_id":"76002"},{"rt":3994,"stimulus":59,"slider_start":100,"sprites":"buttons","response":170,"absDeviation":35,"callibration":"test","block":3,"seed":59,"numerosity":135,"matchType":"unpaired","which":"first","trial_type":"numerosity-estimation","trial_index":72,"time_elapsed":815186,"subject_id":"76002"},{"rt":2878,"stimulus":60,"slider_start":100,"sprites":"animalCrackers","response":163,"absDeviation":13,"callibration":"test","block":3,"seed":60,"numerosity":150,"matchType":"unpaired","which":"first","trial_type":"numerosity-estimation","trial_index":73,"time_elapsed":818067,"subject_id":"76002"},{"rt":3169,"stimulus":61,"slider_start":100,"sprites":"letters","response":76,"absDeviation":26,"callibration":"test","block":3,"seed":61,"numerosity":50,"matchType":"paired","which":"first","trial_type":"numerosity-estimation","trial_index":74,"time_elapsed":821238,"subject_id":"76002"},{"rt":2983,"stimulus":61,"slider_start":100,"sprites":"letters","response":72,"absDeviation":22,"callibration":"test","block":3,"seed":61,"numerosity":50,"matchType":"paired","which":"second","trial_type":"numerosity-estimation","trial_index":75,"time_elapsed":824225,"subject_id":"76002"},{"rt":8747,"stimulus":63,"slider_start":100,"sprites":"hearts","response":115,"absDeviation":51,"callibration":"test","block":3,"seed":63,"numerosity":64,"matchType":"unpaired","which":"first","trial_type":"numerosity-estimation","trial_index":76,"time_elapsed":832973,"subject_id":"76002"},{"rt":14564,"stimulus":64,"slider_start":100,"sprites":"crackers","response":160,"absDeviation":25,"callibration":"test","block":3,"seed":64,"numerosity":135,"matchType":"unpaired","which":"first","trial_type":"numerosity-estimation","trial_index":77,"time_elapsed":847541,"subject_id":"76002"},{"rt":1521,"stimulus":"<p> For the last block of trials, the average deviation of your guesses from correct answers was 36.</p>\n     <p>The smaller the deviation the better.  Your deviation was <b> good</b>.</p><br>\n       <p>Press any key to continue to the next block of trials</p>","response":" ","trial_type":"html-keyboard-response","trial_index":78,"time_elapsed":849070,"subject_id":"76002"},{"rt":8760,"stimulus":65,"slider_start":100,"sprites":"bears","response":121,"absDeviation":14,"callibration":"test","block":4,"seed":65,"numerosity":107,"matchType":"paired","which":"first","trial_type":"numerosity-estimation","trial_index":79,"time_elapsed":857835,"subject_id":"76002"},{"rt":3404,"stimulus":65,"slider_start":100,"sprites":"bears","response":111,"absDeviation":4,"callibration":"test","block":4,"seed":65,"numerosity":107,"matchType":"paired","which":"second","trial_type":"numerosity-estimation","trial_index":80,"time_elapsed":861242,"subject_id":"76002"},{"rt":3282,"stimulus":67,"slider_start":100,"sprites":"jellyBeans","response":130,"absDeviation":23,"callibration":"test","block":4,"seed":67,"numerosity":107,"matchType":"unpaired","which":"first","trial_type":"numerosity-estimation","trial_index":81,"time_elapsed":864528,"subject_id":"76002"},{"rt":3865,"stimulus":68,"slider_start":100,"sprites":"marbles","response":146,"absDeviation":4,"callibration":"test","block":4,"seed":68,"numerosity":150,"matchType":"unpaired","which":"first","trial_type":"numerosity-estimation","trial_index":82,"time_elapsed":868396,"subject_id":"76002"},{"rt":7362,"stimulus":69,"slider_start":100,"sprites":"mints","response":145,"absDeviation":24,"callibration":"test","block":4,"seed":69,"numerosity":121,"matchType":"paired","which":"first","trial_type":"numerosity-estimation","trial_index":83,"time_elapsed":875761,"subject_id":"76002"},{"rt":3817,"stimulus":69,"slider_start":100,"sprites":"mints","response":148,"absDeviation":27,"callibration":"test","block":4,"seed":69,"numerosity":121,"matchType":"paired","which":"second","trial_type":"numerosity-estimation","trial_index":84,"time_elapsed":879581,"subject_id":"76002"},{"rt":4748,"stimulus":71,"slider_start":100,"sprites":"buttons","response":150,"absDeviation":43,"callibration":"test","block":4,"seed":71,"numerosity":107,"matchType":"unpaired","which":"first","trial_type":"numerosity-estimation","trial_index":85,"time_elapsed":884332,"subject_id":"76002"},{"rt":3305,"stimulus":72,"slider_start":100,"sprites":"animalCrackers","response":79,"absDeviation":29,"callibration":"test","block":4,"seed":72,"numerosity":50,"matchType":"unpaired","which":"first","trial_type":"numerosity-estimation","trial_index":86,"time_elapsed":887640,"subject_id":"76002"},{"rt":4513,"stimulus":73,"slider_start":100,"sprites":"letters","response":96,"absDeviation":18,"callibration":"test","block":4,"seed":73,"numerosity":78,"matchType":"paired","which":"first","trial_type":"numerosity-estimation","trial_index":87,"time_elapsed":892156,"subject_id":"76002"},{"rt":5937,"stimulus":73,"slider_start":100,"sprites":"letters","response":110,"absDeviation":32,"callibration":"test","block":4,"seed":73,"numerosity":78,"matchType":"paired","which":"second","trial_type":"numerosity-estimation","trial_index":88,"time_elapsed":898097,"subject_id":"76002"},{"rt":4908,"stimulus":75,"slider_start":100,"sprites":"hearts","response":126,"absDeviation":34,"callibration":"test","block":4,"seed":75,"numerosity":92,"matchType":"unpaired","which":"first","trial_type":"numerosity-estimation","trial_index":89,"time_elapsed":903007,"subject_id":"76002"},{"rt":5799,"stimulus":76,"slider_start":100,"sprites":"crackers","response":92,"absDeviation":28,"callibration":"test","block":4,"seed":76,"numerosity":64,"matchType":"unpaired","which":"first","trial_type":"numerosity-estimation","trial_index":90,"time_elapsed":908810,"subject_id":"76002"},{"rt":3889,"stimulus":77,"slider_start":100,"sprites":"bears","response":125,"absDeviation":10,"callibration":"test","block":4,"seed":77,"numerosity":135,"matchType":"paired","which":"first","trial_type":"numerosity-estimation","trial_index":91,"time_elapsed":912702,"subject_id":"76002"},{"rt":4116,"stimulus":77,"slider_start":100,"sprites":"bears","response":141,"absDeviation":6,"callibration":"test","block":4,"seed":77,"numerosity":135,"matchType":"paired","which":"second","trial_type":"numerosity-estimation","trial_index":92,"time_elapsed":916821,"subject_id":"76002"},{"rt":8211,"stimulus":79,"slider_start":100,"sprites":"jellyBeans","response":69,"absDeviation":19,"callibration":"test","block":4,"seed":79,"numerosity":50,"matchType":"unpaired","which":"first","trial_type":"numerosity-estimation","trial_index":93,"time_elapsed":925035,"subject_id":"76002"},{"rt":2841,"stimulus":80,"slider_start":100,"sprites":"marbles","response":114,"absDeviation":7,"callibration":"test","block":4,"seed":80,"numerosity":121,"matchType":"unpaired","which":"first","trial_type":"numerosity-estimation","trial_index":94,"time_elapsed":927879,"subject_id":"76002"},{"rt":1837,"stimulus":"<p> For the last block of trials, the average deviation of your guesses from correct answers was 20.</p>\n     <p>The smaller the deviation the better.  Your deviation was <b> VERY good</b>.</p><br>\n       <p>Press any key to continue to the next block of trials</p>","response":" ","trial_type":"html-keyboard-response","trial_index":95,"time_elapsed":929719,"subject_id":"76002"},{"rt":5511,"stimulus":81,"slider_start":100,"sprites":"mints","response":152,"absDeviation":31,"callibration":"test","block":5,"seed":81,"numerosity":121,"matchType":"paired","which":"first","trial_type":"numerosity-estimation","trial_index":96,"time_elapsed":935233,"subject_id":"76002"},{"rt":3914,"stimulus":81,"slider_start":100,"sprites":"mints","response":151,"absDeviation":30,"callibration":"test","block":5,"seed":81,"numerosity":121,"matchType":"paired","which":"second","trial_type":"numerosity-estimation","trial_index":97,"time_elapsed":939149,"subject_id":"76002"},{"rt":9537,"stimulus":83,"slider_start":100,"sprites":"buttons","response":159,"absDeviation":38,"callibration":"test","block":5,"seed":83,"numerosity":121,"matchType":"unpaired","which":"first","trial_type":"numerosity-estimation","trial_index":98,"time_elapsed":948689,"subject_id":"76002"},{"rt":6763,"stimulus":84,"slider_start":100,"sprites":"animalCrackers","response":77,"absDeviation":27,"callibration":"test","block":5,"seed":84,"numerosity":50,"matchType":"unpaired","which":"first","trial_type":"numerosity-estimation","trial_index":99,"time_elapsed":955454,"subject_id":"76002"},{"rt":3141,"stimulus":85,"slider_start":100,"sprites":"letters","response":108,"absDeviation":44,"callibration":"test","block":5,"seed":85,"numerosity":64,"matchType":"paired","which":"first","trial_type":"numerosity-estimation","trial_index":100,"time_elapsed":958598,"subject_id":"76002"},{"rt":3076,"stimulus":85,"slider_start":100,"sprites":"letters","response":116,"absDeviation":52,"callibration":"test","block":5,"seed":85,"numerosity":64,"matchType":"paired","which":"second","trial_type":"numerosity-estimation","trial_index":101,"time_elapsed":961676,"subject_id":"76002"},{"rt":11897,"stimulus":87,"slider_start":100,"sprites":"hearts","response":118,"absDeviation":68,"callibration":"test","block":5,"seed":87,"numerosity":50,"matchType":"unpaired","which":"first","trial_type":"numerosity-estimation","trial_index":102,"time_elapsed":973576,"subject_id":"76002"},{"rt":39100,"stimulus":88,"slider_start":100,"sprites":"crackers","response":123,"absDeviation":12,"callibration":"test","block":5,"seed":88,"numerosity":135,"matchType":"unpaired","which":"first","trial_type":"numerosity-estimation","trial_index":103,"time_elapsed":1012677,"subject_id":"76002"},{"rt":5370,"stimulus":89,"slider_start":100,"sprites":"bears","response":89,"absDeviation":39,"callibration":"test","block":5,"seed":89,"numerosity":50,"matchType":"paired","which":"first","trial_type":"numerosity-estimation","trial_index":104,"time_elapsed":1018050,"subject_id":"76002"},{"rt":3103,"stimulus":89,"slider_start":100,"sprites":"bears","response":89,"absDeviation":39,"callibration":"test","block":5,"seed":89,"numerosity":50,"matchType":"paired","which":"second","trial_type":"numerosity-estimation","trial_index":105,"time_elapsed":1021157,"subject_id":"76002"},{"rt":3996,"stimulus":91,"slider_start":100,"sprites":"jellyBeans","response":120,"absDeviation":28,"callibration":"test","block":5,"seed":91,"numerosity":92,"matchType":"unpaired","which":"first","trial_type":"numerosity-estimation","trial_index":106,"time_elapsed":1025155,"subject_id":"76002"},{"rt":4406,"stimulus":92,"slider_start":100,"sprites":"marbles","response":142,"absDeviation":21,"callibration":"test","block":5,"seed":92,"numerosity":121,"matchType":"unpaired","which":"first","trial_type":"numerosity-estimation","trial_index":107,"time_elapsed":1029564,"subject_id":"76002"},{"rt":7552,"stimulus":93,"slider_start":100,"sprites":"mints","response":131,"absDeviation":53,"callibration":"test","block":5,"seed":93,"numerosity":78,"matchType":"paired","which":"first","trial_type":"numerosity-estimation","trial_index":108,"time_elapsed":1037119,"subject_id":"76002"},{"rt":3185,"stimulus":93,"slider_start":100,"sprites":"mints","response":143,"absDeviation":65,"callibration":"test","block":5,"seed":93,"numerosity":78,"matchType":"paired","which":"second","trial_type":"numerosity-estimation","trial_index":109,"time_elapsed":1040307,"subject_id":"76002"},{"rt":3104,"stimulus":95,"slider_start":100,"sprites":"buttons","response":125,"absDeviation":61,"callibration":"test","block":5,"seed":95,"numerosity":64,"matchType":"unpaired","which":"first","trial_type":"numerosity-estimation","trial_index":110,"time_elapsed":1043414,"subject_id":"76002"},{"rt":4601,"stimulus":96,"slider_start":100,"sprites":"animalCrackers","response":152,"absDeviation":60,"callibration":"test","block":5,"seed":96,"numerosity":92,"matchType":"unpaired","which":"first","trial_type":"numerosity-estimation","trial_index":111,"time_elapsed":1048018,"subject_id":"76002"},{"rt":2148,"stimulus":"<p> For the last block of trials, the average deviation of your guesses from correct answers was 42.</p>\n     <p>The smaller the deviation the better.  Your deviation was <b> good</b>.</p><br>\n       <p>Press any key to continue to the next block of trials</p>","response":" ","trial_type":"html-keyboard-response","trial_index":112,"time_elapsed":1050167,"subject_id":"76002"},{"rt":7260,"stimulus":2,"slider_start":100,"sprites":"butterflies","response":137,"absDeviation":2,"callibration":"test","block":6,"seed":2,"numerosity":135,"matchType":"paired","which":"first","trial_type":"numerosity-estimation","trial_index":113,"time_elapsed":1057430,"subject_id":"76002"},{"rt":3688,"stimulus":2,"slider_start":100,"sprites":"butterflies","response":138,"absDeviation":3,"callibration":"test","block":6,"seed":2,"numerosity":135,"matchType":"paired","which":"second","trial_type":"numerosity-estimation","trial_index":114,"time_elapsed":1061121,"subject_id":"76002"},{"rt":3766,"stimulus":3,"slider_start":100,"sprites":"hearts","response":94,"absDeviation":44,"callibration":"test","block":6,"seed":3,"numerosity":50,"matchType":"unpaired","which":"second","trial_type":"numerosity-estimation","trial_index":115,"time_elapsed":1064890,"subject_id":"76002"},{"rt":2828,"stimulus":4,"slider_start":100,"sprites":"crackers","response":111,"absDeviation":4,"callibration":"test","block":6,"seed":4,"numerosity":107,"matchType":"unpaired","which":"second","trial_type":"numerosity-estimation","trial_index":116,"time_elapsed":1067721,"subject_id":"76002"},{"rt":3080,"stimulus":6,"slider_start":100,"sprites":"fruits","response":119,"absDeviation":41,"callibration":"test","block":6,"seed":6,"numerosity":78,"matchType":"paired","which":"first","trial_type":"numerosity-estimation","trial_index":117,"time_elapsed":1070803,"subject_id":"76002"},{"rt":3099,"stimulus":6,"slider_start":100,"sprites":"fruits","response":111,"absDeviation":33,"callibration":"test","block":6,"seed":6,"numerosity":78,"matchType":"paired","which":"second","trial_type":"numerosity-estimation","trial_index":118,"time_elapsed":1073906,"subject_id":"76002"},{"rt":2934,"stimulus":7,"slider_start":100,"sprites":"jellyBeans","response":96,"absDeviation":46,"callibration":"test","block":6,"seed":7,"numerosity":50,"matchType":"unpaired","which":"second","trial_type":"numerosity-estimation","trial_index":119,"time_elapsed":1076846,"subject_id":"76002"},{"rt":3484,"stimulus":8,"slider_start":100,"sprites":"marbles","response":108,"absDeviation":16,"callibration":"test","block":6,"seed":8,"numerosity":92,"matchType":"unpaired","which":"second","trial_type":"numerosity-estimation","trial_index":120,"time_elapsed":1080333,"subject_id":"76002"},{"rt":6410,"stimulus":10,"slider_start":100,"sprites":"rocks","response":83,"absDeviation":33,"callibration":"test","block":6,"seed":10,"numerosity":50,"matchType":"paired","which":"first","trial_type":"numerosity-estimation","trial_index":121,"time_elapsed":1086745,"subject_id":"76002"},{"rt":4150,"stimulus":10,"slider_start":100,"sprites":"rocks","response":89,"absDeviation":39,"callibration":"test","block":6,"seed":10,"numerosity":50,"matchType":"paired","which":"second","trial_type":"numerosity-estimation","trial_index":122,"time_elapsed":1090899,"subject_id":"76002"},{"rt":3483,"stimulus":11,"slider_start":100,"sprites":"buttons","response":159,"absDeviation":52,"callibration":"test","block":6,"seed":11,"numerosity":107,"matchType":"unpaired","which":"second","trial_type":"numerosity-estimation","trial_index":123,"time_elapsed":1094385,"subject_id":"76002"},{"rt":2959,"stimulus":12,"slider_start":100,"sprites":"animalCrackers","response":149,"absDeviation":57,"callibration":"test","block":6,"seed":12,"numerosity":92,"matchType":"unpaired","which":"second","trial_type":"numerosity-estimation","trial_index":124,"time_elapsed":1097346,"subject_id":"76002"},{"rt":4851,"stimulus":14,"slider_start":100,"sprites":"butterflies","response":157,"absDeviation":7,"callibration":"test","block":6,"seed":14,"numerosity":150,"matchType":"paired","which":"first","trial_type":"numerosity-estimation","trial_index":125,"time_elapsed":1102200,"subject_id":"76002"},{"rt":4374,"stimulus":14,"slider_start":100,"sprites":"butterflies","response":147,"absDeviation":3,"callibration":"test","block":6,"seed":14,"numerosity":150,"matchType":"paired","which":"second","trial_type":"numerosity-estimation","trial_index":126,"time_elapsed":1106576,"subject_id":"76002"},{"rt":5159,"stimulus":15,"slider_start":100,"sprites":"hearts","response":153,"absDeviation":32,"callibration":"test","block":6,"seed":15,"numerosity":121,"matchType":"unpaired","which":"second","trial_type":"numerosity-estimation","trial_index":127,"time_elapsed":1111738,"subject_id":"76002"},{"rt":5214,"stimulus":16,"slider_start":100,"sprites":"crackers","response":74,"absDeviation":10,"callibration":"test","block":6,"seed":16,"numerosity":64,"matchType":"unpaired","which":"second","trial_type":"numerosity-estimation","trial_index":128,"time_elapsed":1116955,"subject_id":"76002"},{"rt":1310,"stimulus":"<p> For the last block of trials, the average deviation of your guesses from correct answers was 26.</p>\n     <p>The smaller the deviation the better.  Your deviation was <b> good</b>.</p><br>\n       <p>Press any key to continue to the next block of trials</p>","response":" ","trial_type":"html-keyboard-response","trial_index":129,"time_elapsed":1118267,"subject_id":"76002"},{"rt":4430,"stimulus":18,"slider_start":100,"sprites":"fruits","response":128,"absDeviation":21,"callibration":"test","block":7,"seed":18,"numerosity":107,"matchType":"paired","which":"first","trial_type":"numerosity-estimation","trial_index":130,"time_elapsed":1122700,"subject_id":"76002"},{"rt":3055,"stimulus":18,"slider_start":100,"sprites":"fruits","response":120,"absDeviation":13,"callibration":"test","block":7,"seed":18,"numerosity":107,"matchType":"paired","which":"second","trial_type":"numerosity-estimation","trial_index":131,"time_elapsed":1125758,"subject_id":"76002"},{"rt":3961,"stimulus":19,"slider_start":100,"sprites":"jellyBeans","response":151,"absDeviation":16,"callibration":"test","block":7,"seed":19,"numerosity":135,"matchType":"unpaired","which":"second","trial_type":"numerosity-estimation","trial_index":132,"time_elapsed":1129721,"subject_id":"76002"},{"rt":6162,"stimulus":20,"slider_start":100,"sprites":"marbles","response":82,"absDeviation":4,"callibration":"test","block":7,"seed":20,"numerosity":78,"matchType":"unpaired","which":"second","trial_type":"numerosity-estimation","trial_index":133,"time_elapsed":1135886,"subject_id":"76002"},{"rt":3168,"stimulus":22,"slider_start":100,"sprites":"rocks","response":136,"absDeviation":44,"callibration":"test","block":7,"seed":22,"numerosity":92,"matchType":"paired","which":"first","trial_type":"numerosity-estimation","trial_index":134,"time_elapsed":1139057,"subject_id":"76002"},{"rt":3233,"stimulus":22,"slider_start":100,"sprites":"rocks","response":130,"absDeviation":38,"callibration":"test","block":7,"seed":22,"numerosity":92,"matchType":"paired","which":"second","trial_type":"numerosity-estimation","trial_index":135,"time_elapsed":1142294,"subject_id":"76002"},{"rt":7991,"stimulus":23,"slider_start":100,"sprites":"buttons","response":148,"absDeviation":2,"callibration":"test","block":7,"seed":23,"numerosity":150,"matchType":"unpaired","which":"second","trial_type":"numerosity-estimation","trial_index":136,"time_elapsed":1150287,"subject_id":"76002"},{"rt":3973,"stimulus":24,"slider_start":100,"sprites":"animalCrackers","response":152,"absDeviation":45,"callibration":"test","block":7,"seed":24,"numerosity":107,"matchType":"unpaired","which":"second","trial_type":"numerosity-estimation","trial_index":137,"time_elapsed":1154264,"subject_id":"76002"},{"rt":6883,"stimulus":26,"slider_start":100,"sprites":"butterflies","response":109,"absDeviation":17,"callibration":"test","block":7,"seed":26,"numerosity":92,"matchType":"paired","which":"first","trial_type":"numerosity-estimation","trial_index":138,"time_elapsed":1161150,"subject_id":"76002"},{"rt":3240,"stimulus":26,"slider_start":100,"sprites":"butterflies","response":119,"absDeviation":27,"callibration":"test","block":7,"seed":26,"numerosity":92,"matchType":"paired","which":"second","trial_type":"numerosity-estimation","trial_index":139,"time_elapsed":1164393,"subject_id":"76002"},{"rt":5397,"stimulus":27,"slider_start":100,"sprites":"hearts","response":142,"absDeviation":21,"callibration":"test","block":7,"seed":27,"numerosity":121,"matchType":"unpaired","which":"second","trial_type":"numerosity-estimation","trial_index":140,"time_elapsed":1169793,"subject_id":"76002"},{"rt":3529,"stimulus":28,"slider_start":100,"sprites":"crackers","response":151,"absDeviation":1,"callibration":"test","block":7,"seed":28,"numerosity":150,"matchType":"unpaired","which":"second","trial_type":"numerosity-estimation","trial_index":141,"time_elapsed":1173325,"subject_id":"76002"},{"rt":7174,"stimulus":30,"slider_start":100,"sprites":"fruits","response":156,"absDeviation":49,"callibration":"test","block":7,"seed":30,"numerosity":107,"matchType":"paired","which":"first","trial_type":"numerosity-estimation","trial_index":142,"time_elapsed":1180502,"subject_id":"76002"},{"rt":4422,"stimulus":30,"slider_start":100,"sprites":"fruits","response":130,"absDeviation":23,"callibration":"test","block":7,"seed":30,"numerosity":107,"matchType":"paired","which":"second","trial_type":"numerosity-estimation","trial_index":143,"time_elapsed":1184928,"subject_id":"76002"},{"rt":3653,"stimulus":31,"slider_start":100,"sprites":"jellyBeans","response":145,"absDeviation":5,"callibration":"test","block":7,"seed":31,"numerosity":150,"matchType":"unpaired","which":"second","trial_type":"numerosity-estimation","trial_index":144,"time_elapsed":1188585,"subject_id":"76002"},{"rt":4011,"stimulus":32,"slider_start":100,"sprites":"marbles","response":118,"absDeviation":17,"callibration":"test","block":7,"seed":32,"numerosity":135,"matchType":"unpaired","which":"second","trial_type":"numerosity-estimation","trial_index":145,"time_elapsed":1192599,"subject_id":"76002"},{"rt":1193,"stimulus":"<p> For the last block of trials, the average deviation of your guesses from correct answers was 21.</p>\n     <p>The smaller the deviation the better.  Your deviation was <b> VERY good</b>.</p><br>\n       <p>Press any key to continue to the next block of trials</p>","response":" ","trial_type":"html-keyboard-response","trial_index":146,"time_elapsed":1193793,"subject_id":"76002"},{"rt":4838,"stimulus":34,"slider_start":100,"sprites":"rocks","response":135,"absDeviation":85,"callibration":"test","block":8,"seed":34,"numerosity":50,"matchType":"paired","which":"first","trial_type":"numerosity-estimation","trial_index":147,"time_elapsed":1198635,"subject_id":"76002"},{"rt":4074,"stimulus":34,"slider_start":100,"sprites":"rocks","response":110,"absDeviation":60,"callibration":"test","block":8,"seed":34,"numerosity":50,"matchType":"paired","which":"second","trial_type":"numerosity-estimation","trial_index":148,"time_elapsed":1202712,"subject_id":"76002"},{"rt":5604,"stimulus":35,"slider_start":100,"sprites":"buttons","response":119,"absDeviation":41,"callibration":"test","block":8,"seed":35,"numerosity":78,"matchType":"unpaired","which":"second","trial_type":"numerosity-estimation","trial_index":149,"time_elapsed":1208319,"subject_id":"76002"},{"rt":5135,"stimulus":36,"slider_start":100,"sprites":"animalCrackers","response":91,"absDeviation":41,"callibration":"test","block":8,"seed":36,"numerosity":50,"matchType":"unpaired","which":"second","trial_type":"numerosity-estimation","trial_index":150,"time_elapsed":1213458,"subject_id":"76002"},{"rt":5096,"stimulus":38,"slider_start":100,"sprites":"butterflies","response":97,"absDeviation":19,"callibration":"test","block":8,"seed":38,"numerosity":78,"matchType":"paired","which":"first","trial_type":"numerosity-estimation","trial_index":151,"time_elapsed":1218556,"subject_id":"76002"},{"rt":5200,"stimulus":38,"slider_start":100,"sprites":"butterflies","response":93,"absDeviation":15,"callibration":"test","block":8,"seed":38,"numerosity":78,"matchType":"paired","which":"second","trial_type":"numerosity-estimation","trial_index":152,"time_elapsed":1223759,"subject_id":"76002"},{"rt":3267,"stimulus":39,"slider_start":100,"sprites":"hearts","response":110,"absDeviation":32,"callibration":"test","block":8,"seed":39,"numerosity":78,"matchType":"unpaired","which":"second","trial_type":"numerosity-estimation","trial_index":153,"time_elapsed":1227029,"subject_id":"76002"},{"rt":3874,"stimulus":40,"slider_start":100,"sprites":"crackers","response":117,"absDeviation":4,"callibration":"test","block":8,"seed":40,"numerosity":121,"matchType":"unpaired","which":"second","trial_type":"numerosity-estimation","trial_index":154,"time_elapsed":1230906,"subject_id":"76002"},{"rt":3063,"stimulus":42,"slider_start":100,"sprites":"fruits","response":117,"absDeviation":39,"callibration":"test","block":8,"seed":42,"numerosity":78,"matchType":"paired","which":"first","trial_type":"numerosity-estimation","trial_index":155,"time_elapsed":1233972,"subject_id":"76002"},{"rt":6314,"stimulus":42,"slider_start":100,"sprites":"fruits","response":107,"absDeviation":29,"callibration":"test","block":8,"seed":42,"numerosity":78,"matchType":"paired","which":"second","trial_type":"numerosity-estimation","trial_index":156,"time_elapsed":1240289,"subject_id":"76002"},{"rt":8998,"stimulus":43,"slider_start":100,"sprites":"jellyBeans","response":112,"absDeviation":48,"callibration":"test","block":8,"seed":43,"numerosity":64,"matchType":"unpaired","which":"second","trial_type":"numerosity-estimation","trial_index":157,"time_elapsed":1249290,"subject_id":"76002"},{"rt":14990,"stimulus":44,"slider_start":100,"sprites":"marbles","response":115,"absDeviation":6,"callibration":"test","block":8,"seed":44,"numerosity":121,"matchType":"unpaired","which":"second","trial_type":"numerosity-estimation","trial_index":158,"time_elapsed":1264283,"subject_id":"76002"},{"rt":9913,"stimulus":46,"slider_start":100,"sprites":"rocks","response":111,"absDeviation":4,"callibration":"test","block":8,"seed":46,"numerosity":107,"matchType":"paired","which":"first","trial_type":"numerosity-estimation","trial_index":159,"time_elapsed":1274199,"subject_id":"76002"},{"rt":3092,"stimulus":46,"slider_start":100,"sprites":"rocks","response":117,"absDeviation":10,"callibration":"test","block":8,"seed":46,"numerosity":107,"matchType":"paired","which":"second","trial_type":"numerosity-estimation","trial_index":160,"time_elapsed":1277293,"subject_id":"76002"},{"rt":3340,"stimulus":47,"slider_start":100,"sprites":"buttons","response":145,"absDeviation":24,"callibration":"test","block":8,"seed":47,"numerosity":121,"matchType":"unpaired","which":"second","trial_type":"numerosity-estimation","trial_index":161,"time_elapsed":1280636,"subject_id":"76002"},{"rt":3354,"stimulus":48,"slider_start":100,"sprites":"animalCrackers","response":129,"absDeviation":6,"callibration":"test","block":8,"seed":48,"numerosity":135,"matchType":"unpaired","which":"second","trial_type":"numerosity-estimation","trial_index":162,"time_elapsed":1283993,"subject_id":"76002"},{"rt":1417,"stimulus":"<p> For the last block of trials, the average deviation of your guesses from correct answers was 29.</p>\n     <p>The smaller the deviation the better.  Your deviation was <b> good</b>.</p><br>\n       <p>Press any key to continue to the next block of trials</p>","response":" ","trial_type":"html-keyboard-response","trial_index":163,"time_elapsed":1285411,"subject_id":"76002"},{"rt":3945,"stimulus":50,"slider_start":100,"sprites":"butterflies","response":139,"absDeviation":11,"callibration":"test","block":9,"seed":50,"numerosity":150,"matchType":"paired","which":"first","trial_type":"numerosity-estimation","trial_index":164,"time_elapsed":1289358,"subject_id":"76002"},{"rt":4967,"stimulus":50,"slider_start":100,"sprites":"butterflies","response":132,"absDeviation":18,"callibration":"test","block":9,"seed":50,"numerosity":150,"matchType":"paired","which":"second","trial_type":"numerosity-estimation","trial_index":165,"time_elapsed":1294327,"subject_id":"76002"},{"rt":3775,"stimulus":51,"slider_start":100,"sprites":"hearts","response":160,"absDeviation":10,"callibration":"test","block":9,"seed":51,"numerosity":150,"matchType":"unpaired","which":"second","trial_type":"numerosity-estimation","trial_index":166,"time_elapsed":1298105,"subject_id":"76002"},{"rt":5088,"stimulus":52,"slider_start":100,"sprites":"crackers","response":112,"absDeviation":34,"callibration":"test","block":9,"seed":52,"numerosity":78,"matchType":"unpaired","which":"second","trial_type":"numerosity-estimation","trial_index":167,"time_elapsed":1303196,"subject_id":"76002"},{"rt":3476,"stimulus":54,"slider_start":100,"sprites":"fruits","response":120,"absDeviation":28,"callibration":"test","block":9,"seed":54,"numerosity":92,"matchType":"paired","which":"first","trial_type":"numerosity-estimation","trial_index":168,"time_elapsed":1306675,"subject_id":"76002"},{"rt":3394,"stimulus":54,"slider_start":100,"sprites":"fruits","response":125,"absDeviation":33,"callibration":"test","block":9,"seed":54,"numerosity":92,"matchType":"paired","which":"second","trial_type":"numerosity-estimation","trial_index":169,"time_elapsed":1310072,"subject_id":"76002"},{"rt":2959,"stimulus":55,"slider_start":100,"sprites":"jellyBeans","response":135,"absDeviation":14,"callibration":"test","block":9,"seed":55,"numerosity":121,"matchType":"unpaired","which":"second","trial_type":"numerosity-estimation","trial_index":170,"time_elapsed":1313034,"subject_id":"76002"},{"rt":7985,"stimulus":56,"slider_start":100,"sprites":"marbles","response":82,"absDeviation":18,"callibration":"test","block":9,"seed":56,"numerosity":64,"matchType":"unpaired","which":"second","trial_type":"numerosity-estimation","trial_index":171,"time_elapsed":1321022,"subject_id":"76002"},{"rt":2939,"stimulus":58,"slider_start":100,"sprites":"rocks","response":117,"absDeviation":4,"callibration":"test","block":9,"seed":58,"numerosity":121,"matchType":"paired","which":"first","trial_type":"numerosity-estimation","trial_index":172,"time_elapsed":1323964,"subject_id":"76002"},{"rt":4759,"stimulus":58,"slider_start":100,"sprites":"rocks","response":126,"absDeviation":5,"callibration":"test","block":9,"seed":58,"numerosity":121,"matchType":"paired","which":"second","trial_type":"numerosity-estimation","trial_index":173,"time_elapsed":1328725,"subject_id":"76002"},{"rt":3638,"stimulus":59,"slider_start":100,"sprites":"buttons","response":145,"absDeviation":10,"callibration":"test","block":9,"seed":59,"numerosity":135,"matchType":"unpaired","which":"second","trial_type":"numerosity-estimation","trial_index":174,"time_elapsed":1332366,"subject_id":"76002"},{"rt":4416,"stimulus":60,"slider_start":100,"sprites":"animalCrackers","response":152,"absDeviation":2,"callibration":"test","block":9,"seed":60,"numerosity":150,"matchType":"unpaired","which":"second","trial_type":"numerosity-estimation","trial_index":175,"time_elapsed":1336785,"subject_id":"76002"},{"rt":2425,"stimulus":62,"slider_start":100,"sprites":"butterflies","response":142,"absDeviation":7,"callibration":"test","block":9,"seed":62,"numerosity":135,"matchType":"paired","which":"first","trial_type":"numerosity-estimation","trial_index":176,"time_elapsed":1339212,"subject_id":"76002"},{"rt":4626,"stimulus":62,"slider_start":100,"sprites":"butterflies","response":142,"absDeviation":7,"callibration":"test","block":9,"seed":62,"numerosity":135,"matchType":"paired","which":"second","trial_type":"numerosity-estimation","trial_index":177,"time_elapsed":1343841,"subject_id":"76002"},{"rt":5055,"stimulus":63,"slider_start":100,"sprites":"hearts","response":123,"absDeviation":59,"callibration":"test","block":9,"seed":63,"numerosity":64,"matchType":"unpaired","which":"second","trial_type":"numerosity-estimation","trial_index":178,"time_elapsed":1348899,"subject_id":"76002"},{"rt":4124,"stimulus":64,"slider_start":100,"sprites":"crackers","response":133,"absDeviation":2,"callibration":"test","block":9,"seed":64,"numerosity":135,"matchType":"unpaired","which":"second","trial_type":"numerosity-estimation","trial_index":179,"time_elapsed":1353026,"subject_id":"76002"},{"rt":3513,"stimulus":"<p> For the last block of trials, the average deviation of your guesses from correct answers was 16.</p>\n     <p>The smaller the deviation the better.  Your deviation was <b> VERY good</b>.</p><br>\n       <p>Press any key to continue to the next block of trials</p>","response":" ","trial_type":"html-keyboard-response","trial_index":180,"time_elapsed":1356540,"subject_id":"76002"},{"rt":3610,"stimulus":66,"slider_start":100,"sprites":"fruits","response":114,"absDeviation":50,"callibration":"test","block":10,"seed":66,"numerosity":64,"matchType":"paired","which":"first","trial_type":"numerosity-estimation","trial_index":181,"time_elapsed":1360153,"subject_id":"76002"},{"rt":3161,"stimulus":66,"slider_start":100,"sprites":"fruits","response":110,"absDeviation":46,"callibration":"test","block":10,"seed":66,"numerosity":64,"matchType":"paired","which":"second","trial_type":"numerosity-estimation","trial_index":182,"time_elapsed":1363317,"subject_id":"76002"},{"rt":3452,"stimulus":67,"slider_start":100,"sprites":"jellyBeans","response":125,"absDeviation":18,"callibration":"test","block":10,"seed":67,"numerosity":107,"matchType":"unpaired","which":"second","trial_type":"numerosity-estimation","trial_index":183,"time_elapsed":1366773,"subject_id":"76002"},{"rt":2821,"stimulus":68,"slider_start":100,"sprites":"marbles","response":134,"absDeviation":16,"callibration":"test","block":10,"seed":68,"numerosity":150,"matchType":"unpaired","which":"second","trial_type":"numerosity-estimation","trial_index":184,"time_elapsed":1369597,"subject_id":"76002"},{"rt":4504,"stimulus":70,"slider_start":100,"sprites":"rocks","response":136,"absDeviation":44,"callibration":"test","block":10,"seed":70,"numerosity":92,"matchType":"paired","which":"first","trial_type":"numerosity-estimation","trial_index":185,"time_elapsed":1374104,"subject_id":"76002"},{"rt":3452,"stimulus":70,"slider_start":100,"sprites":"rocks","response":145,"absDeviation":53,"callibration":"test","block":10,"seed":70,"numerosity":92,"matchType":"paired","which":"second","trial_type":"numerosity-estimation","trial_index":186,"time_elapsed":1377559,"subject_id":"76002"},{"rt":3024,"stimulus":71,"slider_start":100,"sprites":"buttons","response":155,"absDeviation":48,"callibration":"test","block":10,"seed":71,"numerosity":107,"matchType":"unpaired","which":"second","trial_type":"numerosity-estimation","trial_index":187,"time_elapsed":1380586,"subject_id":"76002"},{"rt":4277,"stimulus":72,"slider_start":100,"sprites":"animalCrackers","response":92,"absDeviation":42,"callibration":"test","block":10,"seed":72,"numerosity":50,"matchType":"unpaired","which":"second","trial_type":"numerosity-estimation","trial_index":188,"time_elapsed":1384866,"subject_id":"76002"},{"rt":5532,"stimulus":74,"slider_start":100,"sprites":"butterflies","response":86,"absDeviation":22,"callibration":"test","block":10,"seed":74,"numerosity":64,"matchType":"paired","which":"first","trial_type":"numerosity-estimation","trial_index":189,"time_elapsed":1390400,"subject_id":"76002"},{"rt":2692,"stimulus":74,"slider_start":100,"sprites":"butterflies","response":85,"absDeviation":21,"callibration":"test","block":10,"seed":74,"numerosity":64,"matchType":"paired","which":"second","trial_type":"numerosity-estimation","trial_index":190,"time_elapsed":1393095,"subject_id":"76002"},{"rt":3582,"stimulus":75,"slider_start":100,"sprites":"hearts","response":118,"absDeviation":26,"callibration":"test","block":10,"seed":75,"numerosity":92,"matchType":"unpaired","which":"second","trial_type":"numerosity-estimation","trial_index":191,"time_elapsed":1396680,"subject_id":"76002"},{"rt":3995,"stimulus":76,"slider_start":100,"sprites":"crackers","response":109,"absDeviation":45,"callibration":"test","block":10,"seed":76,"numerosity":64,"matchType":"unpaired","which":"second","trial_type":"numerosity-estimation","trial_index":192,"time_elapsed":1400678,"subject_id":"76002"},{"rt":4868,"stimulus":78,"slider_start":100,"sprites":"fruits","response":111,"absDeviation":47,"callibration":"test","block":10,"seed":78,"numerosity":64,"matchType":"paired","which":"first","trial_type":"numerosity-estimation","trial_index":193,"time_elapsed":1405549,"subject_id":"76002"},{"rt":3186,"stimulus":78,"slider_start":100,"sprites":"fruits","response":113,"absDeviation":49,"callibration":"test","block":10,"seed":78,"numerosity":64,"matchType":"paired","which":"second","trial_type":"numerosity-estimation","trial_index":194,"time_elapsed":1408737,"subject_id":"76002"},{"rt":4024,"stimulus":79,"slider_start":100,"sprites":"jellyBeans","response":88,"absDeviation":38,"callibration":"test","block":10,"seed":79,"numerosity":50,"matchType":"unpaired","which":"second","trial_type":"numerosity-estimation","trial_index":195,"time_elapsed":1412764,"subject_id":"76002"},{"rt":4402,"stimulus":80,"slider_start":100,"sprites":"marbles","response":121,"absDeviation":0,"callibration":"test","block":10,"seed":80,"numerosity":121,"matchType":"unpaired","which":"second","trial_type":"numerosity-estimation","trial_index":196,"time_elapsed":1417168,"subject_id":"76002"},{"rt":1391,"stimulus":"<p> For the last block of trials, the average deviation of your guesses from correct answers was 35.</p>\n     <p>The smaller the deviation the better.  Your deviation was <b> good</b>.</p><br>\n       <p>Press any key to continue to the next block of trials</p>","response":" ","trial_type":"html-keyboard-response","trial_index":197,"time_elapsed":1418561,"subject_id":"76002"},{"rt":3241,"stimulus":82,"slider_start":100,"sprites":"rocks","response":137,"absDeviation":73,"callibration":"test","block":11,"seed":82,"numerosity":64,"matchType":"paired","which":"first","trial_type":"numerosity-estimation","trial_index":198,"time_elapsed":1421805,"subject_id":"76002"},{"rt":2652,"stimulus":82,"slider_start":100,"sprites":"rocks","response":119,"absDeviation":55,"callibration":"test","block":11,"seed":82,"numerosity":64,"matchType":"paired","which":"second","trial_type":"numerosity-estimation","trial_index":199,"time_elapsed":1424460,"subject_id":"76002"},{"rt":2441,"stimulus":83,"slider_start":100,"sprites":"buttons","response":155,"absDeviation":34,"callibration":"test","block":11,"seed":83,"numerosity":121,"matchType":"unpaired","which":"second","trial_type":"numerosity-estimation","trial_index":200,"time_elapsed":1426903,"subject_id":"76002"},{"rt":3014,"stimulus":84,"slider_start":100,"sprites":"animalCrackers","response":92,"absDeviation":42,"callibration":"test","block":11,"seed":84,"numerosity":50,"matchType":"unpaired","which":"second","trial_type":"numerosity-estimation","trial_index":201,"time_elapsed":1429921,"subject_id":"76002"},{"rt":3678,"stimulus":86,"slider_start":100,"sprites":"butterflies","response":142,"absDeviation":21,"callibration":"test","block":11,"seed":86,"numerosity":121,"matchType":"paired","which":"first","trial_type":"numerosity-estimation","trial_index":202,"time_elapsed":1433602,"subject_id":"76002"},{"rt":3332,"stimulus":86,"slider_start":100,"sprites":"butterflies","response":136,"absDeviation":15,"callibration":"test","block":11,"seed":86,"numerosity":121,"matchType":"paired","which":"second","trial_type":"numerosity-estimation","trial_index":203,"time_elapsed":1436937,"subject_id":"76002"},{"rt":2392,"stimulus":87,"slider_start":100,"sprites":"hearts","response":87,"absDeviation":37,"callibration":"test","block":11,"seed":87,"numerosity":50,"matchType":"unpaired","which":"second","trial_type":"numerosity-estimation","trial_index":204,"time_elapsed":1439332,"subject_id":"76002"},{"rt":3347,"stimulus":88,"slider_start":100,"sprites":"crackers","response":156,"absDeviation":21,"callibration":"test","block":11,"seed":88,"numerosity":135,"matchType":"unpaired","which":"second","trial_type":"numerosity-estimation","trial_index":205,"time_elapsed":1442682,"subject_id":"76002"},{"rt":4254,"stimulus":90,"slider_start":100,"sprites":"fruits","response":170,"absDeviation":20,"callibration":"test","block":11,"seed":90,"numerosity":150,"matchType":"paired","which":"first","trial_type":"numerosity-estimation","trial_index":206,"time_elapsed":1446939,"subject_id":"76002"},{"rt":3322,"stimulus":90,"slider_start":100,"sprites":"fruits","response":156,"absDeviation":6,"callibration":"test","block":11,"seed":90,"numerosity":150,"matchType":"paired","which":"second","trial_type":"numerosity-estimation","trial_index":207,"time_elapsed":1450263,"subject_id":"76002"},{"rt":2999,"stimulus":91,"slider_start":100,"sprites":"jellyBeans","response":86,"absDeviation":6,"callibration":"test","block":11,"seed":91,"numerosity":92,"matchType":"unpaired","which":"second","trial_type":"numerosity-estimation","trial_index":208,"time_elapsed":1453265,"subject_id":"76002"},{"rt":3695,"stimulus":92,"slider_start":100,"sprites":"marbles","response":115,"absDeviation":6,"callibration":"test","block":11,"seed":92,"numerosity":121,"matchType":"unpaired","which":"second","trial_type":"numerosity-estimation","trial_index":209,"time_elapsed":1456963,"subject_id":"76002"},{"rt":3428,"stimulus":94,"slider_start":100,"sprites":"rocks","response":128,"absDeviation":50,"callibration":"test","block":11,"seed":94,"numerosity":78,"matchType":"paired","which":"first","trial_type":"numerosity-estimation","trial_index":210,"time_elapsed":1460394,"subject_id":"76002"},{"rt":4609,"stimulus":94,"slider_start":100,"sprites":"rocks","response":113,"absDeviation":35,"callibration":"test","block":11,"seed":94,"numerosity":78,"matchType":"paired","which":"second","trial_type":"numerosity-estimation","trial_index":211,"time_elapsed":1465007,"subject_id":"76002"},{"rt":6672,"stimulus":95,"slider_start":100,"sprites":"buttons","response":100,"absDeviation":36,"callibration":"test","block":11,"seed":95,"numerosity":64,"matchType":"unpaired","which":"second","trial_type":"numerosity-estimation","trial_index":212,"time_elapsed":1471682,"subject_id":"76002"},{"rt":3051,"stimulus":96,"slider_start":100,"sprites":"animalCrackers","response":107,"absDeviation":15,"callibration":"test","block":11,"seed":96,"numerosity":92,"matchType":"unpaired","which":"second","trial_type":"numerosity-estimation","trial_index":213,"time_elapsed":1474736,"subject_id":"76002"},{"rt":1247,"stimulus":"<p> For the last block of trials, the average deviation of your guesses from correct answers was 30.</p>\n     <p>The smaller the deviation the better.  Your deviation was <b> good</b>.</p><br>\n       <p>Press any key to continue to the next block of trials</p>","response":" ","trial_type":"html-keyboard-response","trial_index":214,"time_elapsed":1475983,"subject_id":"76002"},{"rt":20940,"response":{"averageEstimates":"When the two displays occured back-to-back, in immediate succession.","firstOrSecond":"The second time the objects were shown"},"question_order":[0,1],"trial_type":"survey-multi-choice","trial_index":215,"time_elapsed":1496928,"subject_id":"76002"}]