[{"rt":9208,"url":"consent.html","trial_type":"external-html","trial_index":0,"time_elapsed":9266,"subject_id":"76242"},{"view_history":[{"page_index":0,"viewing_time":2426}],"rt":2426,"trial_type":"instructions","trial_index":1,"time_elapsed":11695,"subject_id":"76242"},{"rt":12809,"stimulus":0,"slider_start":100,"sprites":"animalCrackers","response":71,"absDeviation":21,"callibration":"callibration","block":-1,"seed":0,"numerosity":50,"matchType":"callibration","which":"first","trial_type":"numerosity-estimation","trial_index":2,"time_elapsed":24514,"subject_id":"76242"},{"rt":12141,"stimulus":1,"slider_start":100,"sprites":"letters","response":100,"absDeviation":36,"callibration":"callibration","block":-1,"seed":1,"numerosity":64,"matchType":"callibration","which":"first","trial_type":"numerosity-estimation","trial_index":3,"time_elapsed":36659,"subject_id":"76242"},{"rt":7599,"stimulus":2,"slider_start":100,"sprites":"butterflies","response":89,"absDeviation":11,"callibration":"callibration","block":-1,"seed":2,"numerosity":78,"matchType":"callibration","which":"first","trial_type":"numerosity-estimation","trial_index":4,"time_elapsed":44260,"subject_id":"76242"},{"rt":3676,"stimulus":3,"slider_start":100,"sprites":"hearts","response":114,"absDeviation":22,"callibration":"callibration","block":-1,"seed":3,"numerosity":92,"matchType":"callibration","which":"first","trial_type":"numerosity-estimation","trial_index":5,"time_elapsed":47940,"subject_id":"76242"},{"rt":4023,"stimulus":4,"slider_start":100,"sprites":"crackers","response":103,"absDeviation":4,"callibration":"callibration","block":-1,"seed":4,"numerosity":107,"matchType":"callibration","which":"first","trial_type":"numerosity-estimation","trial_index":6,"time_elapsed":51967,"subject_id":"76242"},{"rt":7120,"stimulus":5,"slider_start":100,"sprites":"bears","response":121,"absDeviation":0,"callibration":"callibration","block":-1,"seed":5,"numerosity":121,"matchType":"callibration","which":"first","trial_type":"numerosity-estimation","trial_index":7,"time_elapsed":59090,"subject_id":"76242"},{"rt":6526,"stimulus":6,"slider_start":100,"sprites":"fruits","response":135,"absDeviation":0,"callibration":"callibration","block":-1,"seed":6,"numerosity":135,"matchType":"callibration","which":"first","trial_type":"numerosity-estimation","trial_index":8,"time_elapsed":65620,"subject_id":"76242"},{"rt":6811,"stimulus":7,"slider_start":100,"sprites":"jellyBeans","response":152,"absDeviation":2,"callibration":"callibration","block":-1,"seed":7,"numerosity":150,"matchType":"callibration","which":"first","trial_type":"numerosity-estimation","trial_index":9,"time_elapsed":72434,"subject_id":"76242"},{"view_history":[{"page_index":0,"viewing_time":3167}],"rt":3167,"trial_type":"instructions","trial_index":10,"time_elapsed":75602,"subject_id":"76242"},{"rt":12357,"stimulus":1,"slider_start":100,"sprites":"letters","response":68,"absDeviation":24,"callibration":"test","block":0,"seed":1,"numerosity":92,"matchType":"paired","which":"first","trial_type":"numerosity-estimation","trial_index":11,"time_elapsed":87962,"subject_id":"76242"},{"rt":9727,"stimulus":1,"slider_start":100,"sprites":"letters","response":75,"absDeviation":17,"callibration":"test","block":0,"seed":1,"numerosity":92,"matchType":"paired","which":"second","trial_type":"numerosity-estimation","trial_index":12,"time_elapsed":97693,"subject_id":"76242"},{"rt":4083,"stimulus":3,"slider_start":100,"sprites":"hearts","response":45,"absDeviation":5,"callibration":"test","block":0,"seed":3,"numerosity":50,"matchType":"unpaired","which":"first","trial_type":"numerosity-estimation","trial_index":13,"time_elapsed":101778,"subject_id":"76242"},{"rt":7818,"stimulus":4,"slider_start":100,"sprites":"crackers","response":80,"absDeviation":27,"callibration":"test","block":0,"seed":4,"numerosity":107,"matchType":"unpaired","which":"first","trial_type":"numerosity-estimation","trial_index":14,"time_elapsed":109599,"subject_id":"76242"},{"rt":6925,"stimulus":5,"slider_start":100,"sprites":"bears","response":40,"absDeviation":10,"callibration":"test","block":0,"seed":5,"numerosity":50,"matchType":"paired","which":"first","trial_type":"numerosity-estimation","trial_index":15,"time_elapsed":116527,"subject_id":"76242"},{"rt":14240,"stimulus":5,"slider_start":100,"sprites":"bears","response":109,"absDeviation":59,"callibration":"test","block":0,"seed":5,"numerosity":50,"matchType":"paired","which":"second","trial_type":"numerosity-estimation","trial_index":16,"time_elapsed":130771,"subject_id":"76242"},{"rt":7655,"stimulus":7,"slider_start":100,"sprites":"jellyBeans","response":51,"absDeviation":1,"callibration":"test","block":0,"seed":7,"numerosity":50,"matchType":"unpaired","which":"first","trial_type":"numerosity-estimation","trial_index":17,"time_elapsed":138429,"subject_id":"76242"},{"rt":4476,"stimulus":8,"slider_start":100,"sprites":"marbles","response":68,"absDeviation":24,"callibration":"test","block":0,"seed":8,"numerosity":92,"matchType":"unpaired","which":"first","trial_type":"numerosity-estimation","trial_index":18,"time_elapsed":142908,"subject_id":"76242"},{"rt":4032,"stimulus":9,"slider_start":100,"sprites":"mints","response":125,"absDeviation":10,"callibration":"test","block":0,"seed":9,"numerosity":135,"matchType":"paired","which":"first","trial_type":"numerosity-estimation","trial_index":19,"time_elapsed":146942,"subject_id":"76242"},{"rt":3466,"stimulus":9,"slider_start":100,"sprites":"mints","response":115,"absDeviation":20,"callibration":"test","block":0,"seed":9,"numerosity":135,"matchType":"paired","which":"second","trial_type":"numerosity-estimation","trial_index":20,"time_elapsed":150412,"subject_id":"76242"},{"rt":4009,"stimulus":11,"slider_start":100,"sprites":"buttons","response":94,"absDeviation":13,"callibration":"test","block":0,"seed":11,"numerosity":107,"matchType":"unpaired","which":"first","trial_type":"numerosity-estimation","trial_index":21,"time_elapsed":154423,"subject_id":"76242"},{"rt":3767,"stimulus":12,"slider_start":100,"sprites":"animalCrackers","response":87,"absDeviation":5,"callibration":"test","block":0,"seed":12,"numerosity":92,"matchType":"unpaired","which":"first","trial_type":"numerosity-estimation","trial_index":22,"time_elapsed":158193,"subject_id":"76242"},{"rt":4903,"stimulus":13,"slider_start":100,"sprites":"letters","response":103,"absDeviation":4,"callibration":"test","block":0,"seed":13,"numerosity":107,"matchType":"paired","which":"first","trial_type":"numerosity-estimation","trial_index":23,"time_elapsed":163098,"subject_id":"76242"},{"rt":6333,"stimulus":13,"slider_start":100,"sprites":"letters","response":104,"absDeviation":3,"callibration":"test","block":0,"seed":13,"numerosity":107,"matchType":"paired","which":"second","trial_type":"numerosity-estimation","trial_index":24,"time_elapsed":169434,"subject_id":"76242"},{"rt":3592,"stimulus":15,"slider_start":100,"sprites":"hearts","response":114,"absDeviation":7,"callibration":"test","block":0,"seed":15,"numerosity":121,"matchType":"unpaired","which":"first","trial_type":"numerosity-estimation","trial_index":25,"time_elapsed":173029,"subject_id":"76242"},{"rt":23310,"stimulus":16,"slider_start":100,"sprites":"crackers","response":93,"absDeviation":29,"callibration":"test","block":0,"seed":16,"numerosity":64,"matchType":"unpaired","which":"first","trial_type":"numerosity-estimation","trial_index":26,"time_elapsed":196341,"subject_id":"76242"},{"rt":28084,"stimulus":"<p> For the last block of trials, the average deviation of your guesses from correct answers was 16.</p>\n     <p>The smaller the deviation the better.  Your deviation was <b> VERY good</b>.</p><br>\n       <p>Press any key to continue to the next block of trials</p>","response":" ","trial_type":"html-keyboard-response","trial_index":27,"time_elapsed":224431,"subject_id":"76242"},{"rt":10873,"stimulus":17,"slider_start":100,"sprites":"bears","response":76,"absDeviation":16,"callibration":"test","block":1,"seed":17,"numerosity":92,"matchType":"paired","which":"first","trial_type":"numerosity-estimation","trial_index":28,"time_elapsed":235306,"subject_id":"76242"},{"rt":5944,"stimulus":17,"slider_start":100,"sprites":"bears","response":59,"absDeviation":33,"callibration":"test","block":1,"seed":17,"numerosity":92,"matchType":"paired","which":"second","trial_type":"numerosity-estimation","trial_index":29,"time_elapsed":241252,"subject_id":"76242"},{"rt":5053,"stimulus":19,"slider_start":100,"sprites":"jellyBeans","response":95,"absDeviation":40,"callibration":"test","block":1,"seed":19,"numerosity":135,"matchType":"unpaired","which":"first","trial_type":"numerosity-estimation","trial_index":30,"time_elapsed":246308,"subject_id":"76242"},{"rt":5588,"stimulus":20,"slider_start":100,"sprites":"marbles","response":50,"absDeviation":28,"callibration":"test","block":1,"seed":20,"numerosity":78,"matchType":"unpaired","which":"first","trial_type":"numerosity-estimation","trial_index":31,"time_elapsed":251899,"subject_id":"76242"},{"rt":9216,"stimulus":21,"slider_start":100,"sprites":"mints","response":59,"absDeviation":33,"callibration":"test","block":1,"seed":21,"numerosity":92,"matchType":"paired","which":"first","trial_type":"numerosity-estimation","trial_index":32,"time_elapsed":261117,"subject_id":"76242"},{"rt":14075,"stimulus":21,"slider_start":100,"sprites":"mints","response":89,"absDeviation":3,"callibration":"test","block":1,"seed":21,"numerosity":92,"matchType":"paired","which":"second","trial_type":"numerosity-estimation","trial_index":33,"time_elapsed":275196,"subject_id":"76242"},{"rt":4493,"stimulus":23,"slider_start":100,"sprites":"buttons","response":119,"absDeviation":31,"callibration":"test","block":1,"seed":23,"numerosity":150,"matchType":"unpaired","which":"first","trial_type":"numerosity-estimation","trial_index":34,"time_elapsed":279692,"subject_id":"76242"},{"rt":3670,"stimulus":24,"slider_start":100,"sprites":"animalCrackers","response":103,"absDeviation":4,"callibration":"test","block":1,"seed":24,"numerosity":107,"matchType":"unpaired","which":"first","trial_type":"numerosity-estimation","trial_index":35,"time_elapsed":283364,"subject_id":"76242"},{"rt":3814,"stimulus":25,"slider_start":100,"sprites":"letters","response":96,"absDeviation":11,"callibration":"test","block":1,"seed":25,"numerosity":107,"matchType":"paired","which":"first","trial_type":"numerosity-estimation","trial_index":36,"time_elapsed":287181,"subject_id":"76242"},{"rt":5681,"stimulus":25,"slider_start":100,"sprites":"letters","response":92,"absDeviation":15,"callibration":"test","block":1,"seed":25,"numerosity":107,"matchType":"paired","which":"second","trial_type":"numerosity-estimation","trial_index":37,"time_elapsed":292865,"subject_id":"76242"},{"rt":9486,"stimulus":27,"slider_start":100,"sprites":"hearts","response":94,"absDeviation":27,"callibration":"test","block":1,"seed":27,"numerosity":121,"matchType":"unpaired","which":"first","trial_type":"numerosity-estimation","trial_index":38,"time_elapsed":302355,"subject_id":"76242"},{"rt":6320,"stimulus":28,"slider_start":100,"sprites":"crackers","response":112,"absDeviation":38,"callibration":"test","block":1,"seed":28,"numerosity":150,"matchType":"unpaired","which":"first","trial_type":"numerosity-estimation","trial_index":39,"time_elapsed":308677,"subject_id":"76242"},{"rt":5227,"stimulus":29,"slider_start":100,"sprites":"bears","response":39,"absDeviation":25,"callibration":"test","block":1,"seed":29,"numerosity":64,"matchType":"paired","which":"first","trial_type":"numerosity-estimation","trial_index":40,"time_elapsed":313907,"subject_id":"76242"},{"rt":8871,"stimulus":29,"slider_start":100,"sprites":"bears","response":49,"absDeviation":15,"callibration":"test","block":1,"seed":29,"numerosity":64,"matchType":"paired","which":"second","trial_type":"numerosity-estimation","trial_index":41,"time_elapsed":322781,"subject_id":"76242"},{"rt":5610,"stimulus":31,"slider_start":100,"sprites":"jellyBeans","response":106,"absDeviation":44,"callibration":"test","block":1,"seed":31,"numerosity":150,"matchType":"unpaired","which":"first","trial_type":"numerosity-estimation","trial_index":42,"time_elapsed":328394,"subject_id":"76242"},{"rt":4462,"stimulus":32,"slider_start":100,"sprites":"marbles","response":97,"absDeviation":38,"callibration":"test","block":1,"seed":32,"numerosity":135,"matchType":"unpaired","which":"first","trial_type":"numerosity-estimation","trial_index":43,"time_elapsed":332860,"subject_id":"76242"},{"rt":11845,"stimulus":"<p> For the last block of trials, the average deviation of your guesses from correct answers was 25.</p>\n     <p>The smaller the deviation the better.  Your deviation was <b> good</b>.</p><br>\n       <p>Press any key to continue to the next block of trials</p>","response":" ","trial_type":"html-keyboard-response","trial_index":44,"time_elapsed":344705,"subject_id":"76242"},{"rt":3908,"stimulus":33,"slider_start":100,"sprites":"mints","response":78,"absDeviation":43,"callibration":"test","block":2,"seed":33,"numerosity":121,"matchType":"paired","which":"first","trial_type":"numerosity-estimation","trial_index":45,"time_elapsed":348616,"subject_id":"76242"},{"rt":4562,"stimulus":33,"slider_start":100,"sprites":"mints","response":79,"absDeviation":42,"callibration":"test","block":2,"seed":33,"numerosity":121,"matchType":"paired","which":"second","trial_type":"numerosity-estimation","trial_index":46,"time_elapsed":353181,"subject_id":"76242"},{"rt":2759,"stimulus":35,"slider_start":100,"sprites":"buttons","response":37,"absDeviation":41,"callibration":"test","block":2,"seed":35,"numerosity":78,"matchType":"unpaired","which":"first","trial_type":"numerosity-estimation","trial_index":47,"time_elapsed":355944,"subject_id":"76242"},{"rt":2609,"stimulus":36,"slider_start":100,"sprites":"animalCrackers","response":29,"absDeviation":21,"callibration":"test","block":2,"seed":36,"numerosity":50,"matchType":"unpaired","which":"first","trial_type":"numerosity-estimation","trial_index":48,"time_elapsed":358556,"subject_id":"76242"},{"rt":4017,"stimulus":37,"slider_start":100,"sprites":"letters","response":72,"absDeviation":63,"callibration":"test","block":2,"seed":37,"numerosity":135,"matchType":"paired","which":"first","trial_type":"numerosity-estimation","trial_index":49,"time_elapsed":362576,"subject_id":"76242"},{"rt":3358,"stimulus":37,"slider_start":100,"sprites":"letters","response":74,"absDeviation":61,"callibration":"test","block":2,"seed":37,"numerosity":135,"matchType":"paired","which":"second","trial_type":"numerosity-estimation","trial_index":50,"time_elapsed":365937,"subject_id":"76242"},{"rt":3505,"stimulus":39,"slider_start":100,"sprites":"hearts","response":50,"absDeviation":28,"callibration":"test","block":2,"seed":39,"numerosity":78,"matchType":"unpaired","which":"first","trial_type":"numerosity-estimation","trial_index":51,"time_elapsed":369446,"subject_id":"76242"},{"rt":3651,"stimulus":40,"slider_start":100,"sprites":"crackers","response":85,"absDeviation":36,"callibration":"test","block":2,"seed":40,"numerosity":121,"matchType":"unpaired","which":"first","trial_type":"numerosity-estimation","trial_index":52,"time_elapsed":373100,"subject_id":"76242"},{"rt":5438,"stimulus":41,"slider_start":100,"sprites":"bears","response":31,"absDeviation":19,"callibration":"test","block":2,"seed":41,"numerosity":50,"matchType":"paired","which":"first","trial_type":"numerosity-estimation","trial_index":53,"time_elapsed":378540,"subject_id":"76242"},{"rt":2881,"stimulus":41,"slider_start":100,"sprites":"bears","response":34,"absDeviation":16,"callibration":"test","block":2,"seed":41,"numerosity":50,"matchType":"paired","which":"second","trial_type":"numerosity-estimation","trial_index":54,"time_elapsed":381423,"subject_id":"76242"},{"rt":9143,"stimulus":43,"slider_start":100,"sprites":"jellyBeans","response":42,"absDeviation":22,"callibration":"test","block":2,"seed":43,"numerosity":64,"matchType":"unpaired","which":"first","trial_type":"numerosity-estimation","trial_index":55,"time_elapsed":390570,"subject_id":"76242"},{"rt":4714,"stimulus":44,"slider_start":100,"sprites":"marbles","response":56,"absDeviation":65,"callibration":"test","block":2,"seed":44,"numerosity":121,"matchType":"unpaired","which":"first","trial_type":"numerosity-estimation","trial_index":56,"time_elapsed":395287,"subject_id":"76242"},{"rt":3229,"stimulus":45,"slider_start":100,"sprites":"mints","response":82,"absDeviation":39,"callibration":"test","block":2,"seed":45,"numerosity":121,"matchType":"paired","which":"first","trial_type":"numerosity-estimation","trial_index":57,"time_elapsed":398519,"subject_id":"76242"},{"rt":3354,"stimulus":45,"slider_start":100,"sprites":"mints","response":80,"absDeviation":41,"callibration":"test","block":2,"seed":45,"numerosity":121,"matchType":"paired","which":"second","trial_type":"numerosity-estimation","trial_index":58,"time_elapsed":401881,"subject_id":"76242"},{"rt":2598,"stimulus":47,"slider_start":100,"sprites":"buttons","response":95,"absDeviation":26,"callibration":"test","block":2,"seed":47,"numerosity":121,"matchType":"unpaired","which":"first","trial_type":"numerosity-estimation","trial_index":59,"time_elapsed":404482,"subject_id":"76242"},{"rt":3644,"stimulus":48,"slider_start":100,"sprites":"animalCrackers","response":103,"absDeviation":32,"callibration":"test","block":2,"seed":48,"numerosity":135,"matchType":"unpaired","which":"first","trial_type":"numerosity-estimation","trial_index":60,"time_elapsed":408128,"subject_id":"76242"},{"rt":4772,"stimulus":"<p> For the last block of trials, the average deviation of your guesses from correct answers was 37.</p>\n     <p>The smaller the deviation the better.  Your deviation was <b> good</b>.</p><br>\n       <p>Press any key to continue to the next block of trials</p>","response":" ","trial_type":"html-keyboard-response","trial_index":61,"time_elapsed":412901,"subject_id":"76242"},{"rt":3211,"stimulus":49,"slider_start":100,"sprites":"letters","response":34,"absDeviation":44,"callibration":"test","block":3,"seed":49,"numerosity":78,"matchType":"paired","which":"first","trial_type":"numerosity-estimation","trial_index":62,"time_elapsed":416114,"subject_id":"76242"},{"rt":3780,"stimulus":49,"slider_start":100,"sprites":"letters","response":53,"absDeviation":25,"callibration":"test","block":3,"seed":49,"numerosity":78,"matchType":"paired","which":"second","trial_type":"numerosity-estimation","trial_index":63,"time_elapsed":419897,"subject_id":"76242"},{"rt":2783,"stimulus":51,"slider_start":100,"sprites":"hearts","response":91,"absDeviation":59,"callibration":"test","block":3,"seed":51,"numerosity":150,"matchType":"unpaired","which":"first","trial_type":"numerosity-estimation","trial_index":64,"time_elapsed":422684,"subject_id":"76242"},{"rt":6459,"stimulus":52,"slider_start":100,"sprites":"crackers","response":41,"absDeviation":37,"callibration":"test","block":3,"seed":52,"numerosity":78,"matchType":"unpaired","which":"first","trial_type":"numerosity-estimation","trial_index":65,"time_elapsed":429147,"subject_id":"76242"},{"rt":5050,"stimulus":53,"slider_start":100,"sprites":"bears","response":29,"absDeviation":21,"callibration":"test","block":3,"seed":53,"numerosity":50,"matchType":"paired","which":"first","trial_type":"numerosity-estimation","trial_index":66,"time_elapsed":434200,"subject_id":"76242"},{"rt":8190,"stimulus":53,"slider_start":100,"sprites":"bears","response":34,"absDeviation":16,"callibration":"test","block":3,"seed":53,"numerosity":50,"matchType":"paired","which":"second","trial_type":"numerosity-estimation","trial_index":67,"time_elapsed":442392,"subject_id":"76242"},{"rt":2660,"stimulus":55,"slider_start":100,"sprites":"jellyBeans","response":55,"absDeviation":66,"callibration":"test","block":3,"seed":55,"numerosity":121,"matchType":"unpaired","which":"first","trial_type":"numerosity-estimation","trial_index":68,"time_elapsed":445055,"subject_id":"76242"},{"rt":2628,"stimulus":56,"slider_start":100,"sprites":"marbles","response":34,"absDeviation":30,"callibration":"test","block":3,"seed":56,"numerosity":64,"matchType":"unpaired","which":"first","trial_type":"numerosity-estimation","trial_index":69,"time_elapsed":447686,"subject_id":"76242"},{"rt":2608,"stimulus":57,"slider_start":100,"sprites":"mints","response":34,"absDeviation":30,"callibration":"test","block":3,"seed":57,"numerosity":64,"matchType":"paired","which":"first","trial_type":"numerosity-estimation","trial_index":70,"time_elapsed":450297,"subject_id":"76242"},{"rt":4857,"stimulus":57,"slider_start":100,"sprites":"mints","response":53,"absDeviation":11,"callibration":"test","block":3,"seed":57,"numerosity":64,"matchType":"paired","which":"second","trial_type":"numerosity-estimation","trial_index":71,"time_elapsed":455157,"subject_id":"76242"},{"rt":5007,"stimulus":59,"slider_start":100,"sprites":"buttons","response":112,"absDeviation":23,"callibration":"test","block":3,"seed":59,"numerosity":135,"matchType":"unpaired","which":"first","trial_type":"numerosity-estimation","trial_index":72,"time_elapsed":460167,"subject_id":"76242"},{"rt":2694,"stimulus":60,"slider_start":100,"sprites":"animalCrackers","response":105,"absDeviation":45,"callibration":"test","block":3,"seed":60,"numerosity":150,"matchType":"unpaired","which":"first","trial_type":"numerosity-estimation","trial_index":73,"time_elapsed":462865,"subject_id":"76242"},{"rt":3807,"stimulus":61,"slider_start":100,"sprites":"letters","response":34,"absDeviation":16,"callibration":"test","block":3,"seed":61,"numerosity":50,"matchType":"paired","which":"first","trial_type":"numerosity-estimation","trial_index":74,"time_elapsed":466674,"subject_id":"76242"},{"rt":5778,"stimulus":61,"slider_start":100,"sprites":"letters","response":34,"absDeviation":16,"callibration":"test","block":3,"seed":61,"numerosity":50,"matchType":"paired","which":"second","trial_type":"numerosity-estimation","trial_index":75,"time_elapsed":472455,"subject_id":"76242"},{"rt":2603,"stimulus":63,"slider_start":100,"sprites":"hearts","response":36,"absDeviation":28,"callibration":"test","block":3,"seed":63,"numerosity":64,"matchType":"unpaired","which":"first","trial_type":"numerosity-estimation","trial_index":76,"time_elapsed":475061,"subject_id":"76242"},{"rt":8893,"stimulus":64,"slider_start":100,"sprites":"crackers","response":90,"absDeviation":45,"callibration":"test","block":3,"seed":64,"numerosity":135,"matchType":"unpaired","which":"first","trial_type":"numerosity-estimation","trial_index":77,"time_elapsed":483957,"subject_id":"76242"},{"rt":3233,"stimulus":"<p> For the last block of trials, the average deviation of your guesses from correct answers was 32.</p>\n     <p>The smaller the deviation the better.  Your deviation was <b> good</b>.</p><br>\n       <p>Press any key to continue to the next block of trials</p>","response":" ","trial_type":"html-keyboard-response","trial_index":78,"time_elapsed":487191,"subject_id":"76242"},{"rt":6961,"stimulus":65,"slider_start":100,"sprites":"bears","response":49,"absDeviation":58,"callibration":"test","block":4,"seed":65,"numerosity":107,"matchType":"paired","which":"first","trial_type":"numerosity-estimation","trial_index":79,"time_elapsed":494155,"subject_id":"76242"},{"rt":3627,"stimulus":65,"slider_start":100,"sprites":"bears","response":56,"absDeviation":51,"callibration":"test","block":4,"seed":65,"numerosity":107,"matchType":"paired","which":"second","trial_type":"numerosity-estimation","trial_index":80,"time_elapsed":497785,"subject_id":"76242"},{"rt":8874,"stimulus":67,"slider_start":100,"sprites":"jellyBeans","response":58,"absDeviation":49,"callibration":"test","block":4,"seed":67,"numerosity":107,"matchType":"unpaired","which":"first","trial_type":"numerosity-estimation","trial_index":81,"time_elapsed":506662,"subject_id":"76242"},{"rt":4497,"stimulus":68,"slider_start":100,"sprites":"marbles","response":52,"absDeviation":98,"callibration":"test","block":4,"seed":68,"numerosity":150,"matchType":"unpaired","which":"first","trial_type":"numerosity-estimation","trial_index":82,"time_elapsed":511162,"subject_id":"76242"},{"rt":3384,"stimulus":69,"slider_start":100,"sprites":"mints","response":83,"absDeviation":38,"callibration":"test","block":4,"seed":69,"numerosity":121,"matchType":"paired","which":"first","trial_type":"numerosity-estimation","trial_index":83,"time_elapsed":514550,"subject_id":"76242"},{"rt":2211,"stimulus":69,"slider_start":100,"sprites":"mints","response":81,"absDeviation":40,"callibration":"test","block":4,"seed":69,"numerosity":121,"matchType":"paired","which":"second","trial_type":"numerosity-estimation","trial_index":84,"time_elapsed":516764,"subject_id":"76242"},{"rt":2620,"stimulus":71,"slider_start":100,"sprites":"buttons","response":84,"absDeviation":23,"callibration":"test","block":4,"seed":71,"numerosity":107,"matchType":"unpaired","which":"first","trial_type":"numerosity-estimation","trial_index":85,"time_elapsed":519387,"subject_id":"76242"},{"rt":2743,"stimulus":72,"slider_start":100,"sprites":"animalCrackers","response":34,"absDeviation":16,"callibration":"test","block":4,"seed":72,"numerosity":50,"matchType":"unpaired","which":"first","trial_type":"numerosity-estimation","trial_index":86,"time_elapsed":522133,"subject_id":"76242"},{"rt":2684,"stimulus":73,"slider_start":100,"sprites":"letters","response":61,"absDeviation":17,"callibration":"test","block":4,"seed":73,"numerosity":78,"matchType":"paired","which":"first","trial_type":"numerosity-estimation","trial_index":87,"time_elapsed":524820,"subject_id":"76242"},{"rt":2969,"stimulus":73,"slider_start":100,"sprites":"letters","response":47,"absDeviation":31,"callibration":"test","block":4,"seed":73,"numerosity":78,"matchType":"paired","which":"second","trial_type":"numerosity-estimation","trial_index":88,"time_elapsed":527793,"subject_id":"76242"},{"rt":3214,"stimulus":75,"slider_start":100,"sprites":"hearts","response":64,"absDeviation":28,"callibration":"test","block":4,"seed":75,"numerosity":92,"matchType":"unpaired","which":"first","trial_type":"numerosity-estimation","trial_index":89,"time_elapsed":531010,"subject_id":"76242"},{"rt":8330,"stimulus":76,"slider_start":100,"sprites":"crackers","response":83,"absDeviation":19,"callibration":"test","block":4,"seed":76,"numerosity":64,"matchType":"unpaired","which":"first","trial_type":"numerosity-estimation","trial_index":90,"time_elapsed":539343,"subject_id":"76242"},{"rt":4388,"stimulus":77,"slider_start":100,"sprites":"bears","response":90,"absDeviation":45,"callibration":"test","block":4,"seed":77,"numerosity":135,"matchType":"paired","which":"first","trial_type":"numerosity-estimation","trial_index":91,"time_elapsed":543735,"subject_id":"76242"},{"rt":3424,"stimulus":77,"slider_start":100,"sprites":"bears","response":79,"absDeviation":56,"callibration":"test","block":4,"seed":77,"numerosity":135,"matchType":"paired","which":"second","trial_type":"numerosity-estimation","trial_index":92,"time_elapsed":547161,"subject_id":"76242"},{"rt":6893,"stimulus":79,"slider_start":100,"sprites":"jellyBeans","response":25,"absDeviation":25,"callibration":"test","block":4,"seed":79,"numerosity":50,"matchType":"unpaired","which":"first","trial_type":"numerosity-estimation","trial_index":93,"time_elapsed":554057,"subject_id":"76242"},{"rt":2813,"stimulus":80,"slider_start":100,"sprites":"marbles","response":40,"absDeviation":81,"callibration":"test","block":4,"seed":80,"numerosity":121,"matchType":"unpaired","which":"first","trial_type":"numerosity-estimation","trial_index":94,"time_elapsed":556874,"subject_id":"76242"},{"rt":2481,"stimulus":"<p> For the last block of trials, the average deviation of your guesses from correct answers was 42.</p>\n     <p>The smaller the deviation the better.  Your deviation was <b> good</b>.</p><br>\n       <p>Press any key to continue to the next block of trials</p>","response":" ","trial_type":"html-keyboard-response","trial_index":95,"time_elapsed":559356,"subject_id":"76242"},{"rt":4515,"stimulus":81,"slider_start":100,"sprites":"mints","response":69,"absDeviation":52,"callibration":"test","block":5,"seed":81,"numerosity":121,"matchType":"paired","which":"first","trial_type":"numerosity-estimation","trial_index":96,"time_elapsed":563874,"subject_id":"76242"},{"rt":2596,"stimulus":81,"slider_start":100,"sprites":"mints","response":70,"absDeviation":51,"callibration":"test","block":5,"seed":81,"numerosity":121,"matchType":"paired","which":"second","trial_type":"numerosity-estimation","trial_index":97,"time_elapsed":566472,"subject_id":"76242"},{"rt":5013,"stimulus":83,"slider_start":100,"sprites":"buttons","response":85,"absDeviation":36,"callibration":"test","block":5,"seed":83,"numerosity":121,"matchType":"unpaired","which":"first","trial_type":"numerosity-estimation","trial_index":98,"time_elapsed":571489,"subject_id":"76242"},{"rt":3028,"stimulus":84,"slider_start":100,"sprites":"animalCrackers","response":40,"absDeviation":10,"callibration":"test","block":5,"seed":84,"numerosity":50,"matchType":"unpaired","which":"first","trial_type":"numerosity-estimation","trial_index":99,"time_elapsed":574519,"subject_id":"76242"},{"rt":2918,"stimulus":85,"slider_start":100,"sprites":"letters","response":36,"absDeviation":28,"callibration":"test","block":5,"seed":85,"numerosity":64,"matchType":"paired","which":"first","trial_type":"numerosity-estimation","trial_index":100,"time_elapsed":577441,"subject_id":"76242"},{"rt":2466,"stimulus":85,"slider_start":100,"sprites":"letters","response":38,"absDeviation":26,"callibration":"test","block":5,"seed":85,"numerosity":64,"matchType":"paired","which":"second","trial_type":"numerosity-estimation","trial_index":101,"time_elapsed":579910,"subject_id":"76242"},{"rt":6452,"stimulus":87,"slider_start":100,"sprites":"hearts","response":60,"absDeviation":10,"callibration":"test","block":5,"seed":87,"numerosity":50,"matchType":"unpaired","which":"first","trial_type":"numerosity-estimation","trial_index":102,"time_elapsed":586365,"subject_id":"76242"},{"rt":2580,"stimulus":88,"slider_start":100,"sprites":"crackers","response":78,"absDeviation":57,"callibration":"test","block":5,"seed":88,"numerosity":135,"matchType":"unpaired","which":"first","trial_type":"numerosity-estimation","trial_index":103,"time_elapsed":588948,"subject_id":"76242"},{"rt":2483,"stimulus":89,"slider_start":100,"sprites":"bears","response":38,"absDeviation":12,"callibration":"test","block":5,"seed":89,"numerosity":50,"matchType":"paired","which":"first","trial_type":"numerosity-estimation","trial_index":104,"time_elapsed":591435,"subject_id":"76242"},{"rt":2626,"stimulus":89,"slider_start":100,"sprites":"bears","response":29,"absDeviation":21,"callibration":"test","block":5,"seed":89,"numerosity":50,"matchType":"paired","which":"second","trial_type":"numerosity-estimation","trial_index":105,"time_elapsed":594065,"subject_id":"76242"},{"rt":2855,"stimulus":91,"slider_start":100,"sprites":"jellyBeans","response":57,"absDeviation":35,"callibration":"test","block":5,"seed":91,"numerosity":92,"matchType":"unpaired","which":"first","trial_type":"numerosity-estimation","trial_index":106,"time_elapsed":596924,"subject_id":"76242"},{"rt":2782,"stimulus":92,"slider_start":100,"sprites":"marbles","response":59,"absDeviation":62,"callibration":"test","block":5,"seed":92,"numerosity":121,"matchType":"unpaired","which":"first","trial_type":"numerosity-estimation","trial_index":107,"time_elapsed":599709,"subject_id":"76242"},{"rt":5209,"stimulus":93,"slider_start":100,"sprites":"mints","response":39,"absDeviation":39,"callibration":"test","block":5,"seed":93,"numerosity":78,"matchType":"paired","which":"first","trial_type":"numerosity-estimation","trial_index":108,"time_elapsed":604922,"subject_id":"76242"},{"rt":6528,"stimulus":93,"slider_start":100,"sprites":"mints","response":63,"absDeviation":15,"callibration":"test","block":5,"seed":93,"numerosity":78,"matchType":"paired","which":"second","trial_type":"numerosity-estimation","trial_index":109,"time_elapsed":611453,"subject_id":"76242"},{"rt":3105,"stimulus":95,"slider_start":100,"sprites":"buttons","response":62,"absDeviation":2,"callibration":"test","block":5,"seed":95,"numerosity":64,"matchType":"unpaired","which":"first","trial_type":"numerosity-estimation","trial_index":110,"time_elapsed":614561,"subject_id":"76242"},{"rt":2905,"stimulus":96,"slider_start":100,"sprites":"animalCrackers","response":75,"absDeviation":17,"callibration":"test","block":5,"seed":96,"numerosity":92,"matchType":"unpaired","which":"first","trial_type":"numerosity-estimation","trial_index":111,"time_elapsed":617468,"subject_id":"76242"},{"rt":14457,"stimulus":"<p> For the last block of trials, the average deviation of your guesses from correct answers was 30.</p>\n     <p>The smaller the deviation the better.  Your deviation was <b> good</b>.</p><br>\n       <p>Press any key to continue to the next block of trials</p>","response":" ","trial_type":"html-keyboard-response","trial_index":112,"time_elapsed":631927,"subject_id":"76242"},{"rt":18503,"stimulus":2,"slider_start":100,"sprites":"butterflies","response":88,"absDeviation":47,"callibration":"test","block":6,"seed":2,"numerosity":135,"matchType":"paired","which":"first","trial_type":"numerosity-estimation","trial_index":113,"time_elapsed":650432,"subject_id":"76242"},{"rt":2610,"stimulus":2,"slider_start":100,"sprites":"butterflies","response":85,"absDeviation":50,"callibration":"test","block":6,"seed":2,"numerosity":135,"matchType":"paired","which":"second","trial_type":"numerosity-estimation","trial_index":114,"time_elapsed":653046,"subject_id":"76242"},{"rt":3140,"stimulus":3,"slider_start":100,"sprites":"hearts","response":44,"absDeviation":6,"callibration":"test","block":6,"seed":3,"numerosity":50,"matchType":"unpaired","which":"second","trial_type":"numerosity-estimation","trial_index":115,"time_elapsed":656189,"subject_id":"76242"},{"rt":4300,"stimulus":4,"slider_start":100,"sprites":"crackers","response":76,"absDeviation":31,"callibration":"test","block":6,"seed":4,"numerosity":107,"matchType":"unpaired","which":"second","trial_type":"numerosity-estimation","trial_index":116,"time_elapsed":660491,"subject_id":"76242"},{"rt":2622,"stimulus":6,"slider_start":100,"sprites":"fruits","response":51,"absDeviation":27,"callibration":"test","block":6,"seed":6,"numerosity":78,"matchType":"paired","which":"first","trial_type":"numerosity-estimation","trial_index":117,"time_elapsed":663115,"subject_id":"76242"},{"rt":13000,"stimulus":6,"slider_start":100,"sprites":"fruits","response":73,"absDeviation":5,"callibration":"test","block":6,"seed":6,"numerosity":78,"matchType":"paired","which":"second","trial_type":"numerosity-estimation","trial_index":118,"time_elapsed":676118,"subject_id":"76242"},{"rt":2222,"stimulus":7,"slider_start":100,"sprites":"jellyBeans","response":30,"absDeviation":20,"callibration":"test","block":6,"seed":7,"numerosity":50,"matchType":"unpaired","which":"second","trial_type":"numerosity-estimation","trial_index":119,"time_elapsed":678343,"subject_id":"76242"},{"rt":2207,"stimulus":8,"slider_start":100,"sprites":"marbles","response":35,"absDeviation":57,"callibration":"test","block":6,"seed":8,"numerosity":92,"matchType":"unpaired","which":"second","trial_type":"numerosity-estimation","trial_index":120,"time_elapsed":680553,"subject_id":"76242"},{"rt":3096,"stimulus":10,"slider_start":100,"sprites":"rocks","response":40,"absDeviation":10,"callibration":"test","block":6,"seed":10,"numerosity":50,"matchType":"paired","which":"first","trial_type":"numerosity-estimation","trial_index":121,"time_elapsed":683652,"subject_id":"76242"},{"rt":4210,"stimulus":10,"slider_start":100,"sprites":"rocks","response":39,"absDeviation":11,"callibration":"test","block":6,"seed":10,"numerosity":50,"matchType":"paired","which":"second","trial_type":"numerosity-estimation","trial_index":122,"time_elapsed":687865,"subject_id":"76242"},{"rt":3145,"stimulus":11,"slider_start":100,"sprites":"buttons","response":75,"absDeviation":32,"callibration":"test","block":6,"seed":11,"numerosity":107,"matchType":"unpaired","which":"second","trial_type":"numerosity-estimation","trial_index":123,"time_elapsed":691012,"subject_id":"76242"},{"rt":2669,"stimulus":12,"slider_start":100,"sprites":"animalCrackers","response":82,"absDeviation":10,"callibration":"test","block":6,"seed":12,"numerosity":92,"matchType":"unpaired","which":"second","trial_type":"numerosity-estimation","trial_index":124,"time_elapsed":693684,"subject_id":"76242"},{"rt":2719,"stimulus":14,"slider_start":100,"sprites":"butterflies","response":105,"absDeviation":45,"callibration":"test","block":6,"seed":14,"numerosity":150,"matchType":"paired","which":"first","trial_type":"numerosity-estimation","trial_index":125,"time_elapsed":696406,"subject_id":"76242"},{"rt":3092,"stimulus":14,"slider_start":100,"sprites":"butterflies","response":96,"absDeviation":54,"callibration":"test","block":6,"seed":14,"numerosity":150,"matchType":"paired","which":"second","trial_type":"numerosity-estimation","trial_index":126,"time_elapsed":699501,"subject_id":"76242"},{"rt":3373,"stimulus":15,"slider_start":100,"sprites":"hearts","response":103,"absDeviation":18,"callibration":"test","block":6,"seed":15,"numerosity":121,"matchType":"unpaired","which":"second","trial_type":"numerosity-estimation","trial_index":127,"time_elapsed":702878,"subject_id":"76242"},{"rt":2978,"stimulus":16,"slider_start":100,"sprites":"crackers","response":68,"absDeviation":4,"callibration":"test","block":6,"seed":16,"numerosity":64,"matchType":"unpaired","which":"second","trial_type":"numerosity-estimation","trial_index":128,"time_elapsed":705858,"subject_id":"76242"},{"rt":2754,"stimulus":"<p> For the last block of trials, the average deviation of your guesses from correct answers was 27.</p>\n     <p>The smaller the deviation the better.  Your deviation was <b> good</b>.</p><br>\n       <p>Press any key to continue to the next block of trials</p>","response":" ","trial_type":"html-keyboard-response","trial_index":129,"time_elapsed":708613,"subject_id":"76242"},{"rt":6262,"stimulus":18,"slider_start":100,"sprites":"fruits","response":47,"absDeviation":60,"callibration":"test","block":7,"seed":18,"numerosity":107,"matchType":"paired","which":"first","trial_type":"numerosity-estimation","trial_index":130,"time_elapsed":714877,"subject_id":"76242"},{"rt":2731,"stimulus":18,"slider_start":100,"sprites":"fruits","response":50,"absDeviation":57,"callibration":"test","block":7,"seed":18,"numerosity":107,"matchType":"paired","which":"second","trial_type":"numerosity-estimation","trial_index":131,"time_elapsed":717612,"subject_id":"76242"},{"rt":2757,"stimulus":19,"slider_start":100,"sprites":"jellyBeans","response":80,"absDeviation":55,"callibration":"test","block":7,"seed":19,"numerosity":135,"matchType":"unpaired","which":"second","trial_type":"numerosity-estimation","trial_index":132,"time_elapsed":720372,"subject_id":"76242"},{"rt":4125,"stimulus":20,"slider_start":100,"sprites":"marbles","response":40,"absDeviation":38,"callibration":"test","block":7,"seed":20,"numerosity":78,"matchType":"unpaired","which":"second","trial_type":"numerosity-estimation","trial_index":133,"time_elapsed":724500,"subject_id":"76242"},{"rt":3470,"stimulus":22,"slider_start":100,"sprites":"rocks","response":64,"absDeviation":28,"callibration":"test","block":7,"seed":22,"numerosity":92,"matchType":"paired","which":"first","trial_type":"numerosity-estimation","trial_index":134,"time_elapsed":727974,"subject_id":"76242"},{"rt":2442,"stimulus":22,"slider_start":100,"sprites":"rocks","response":60,"absDeviation":32,"callibration":"test","block":7,"seed":22,"numerosity":92,"matchType":"paired","which":"second","trial_type":"numerosity-estimation","trial_index":135,"time_elapsed":730419,"subject_id":"76242"},{"rt":2313,"stimulus":23,"slider_start":100,"sprites":"buttons","response":105,"absDeviation":45,"callibration":"test","block":7,"seed":23,"numerosity":150,"matchType":"unpaired","which":"second","trial_type":"numerosity-estimation","trial_index":136,"time_elapsed":732735,"subject_id":"76242"},{"rt":2279,"stimulus":24,"slider_start":100,"sprites":"animalCrackers","response":105,"absDeviation":2,"callibration":"test","block":7,"seed":24,"numerosity":107,"matchType":"unpaired","which":"second","trial_type":"numerosity-estimation","trial_index":137,"time_elapsed":735017,"subject_id":"76242"},{"rt":6932,"stimulus":26,"slider_start":100,"sprites":"butterflies","response":93,"absDeviation":1,"callibration":"test","block":7,"seed":26,"numerosity":92,"matchType":"paired","which":"first","trial_type":"numerosity-estimation","trial_index":138,"time_elapsed":741952,"subject_id":"76242"},{"rt":4340,"stimulus":26,"slider_start":100,"sprites":"butterflies","response":92,"absDeviation":0,"callibration":"test","block":7,"seed":26,"numerosity":92,"matchType":"paired","which":"second","trial_type":"numerosity-estimation","trial_index":139,"time_elapsed":746294,"subject_id":"76242"},{"rt":10394,"stimulus":27,"slider_start":100,"sprites":"hearts","response":63,"absDeviation":58,"callibration":"test","block":7,"seed":27,"numerosity":121,"matchType":"unpaired","which":"second","trial_type":"numerosity-estimation","trial_index":140,"time_elapsed":756691,"subject_id":"76242"},{"rt":2744,"stimulus":28,"slider_start":100,"sprites":"crackers","response":103,"absDeviation":47,"callibration":"test","block":7,"seed":28,"numerosity":150,"matchType":"unpaired","which":"second","trial_type":"numerosity-estimation","trial_index":141,"time_elapsed":759437,"subject_id":"76242"},{"rt":10382,"stimulus":30,"slider_start":100,"sprites":"fruits","response":75,"absDeviation":32,"callibration":"test","block":7,"seed":30,"numerosity":107,"matchType":"paired","which":"first","trial_type":"numerosity-estimation","trial_index":142,"time_elapsed":769822,"subject_id":"76242"},{"rt":4911,"stimulus":30,"slider_start":100,"sprites":"fruits","response":44,"absDeviation":63,"callibration":"test","block":7,"seed":30,"numerosity":107,"matchType":"paired","which":"second","trial_type":"numerosity-estimation","trial_index":143,"time_elapsed":774736,"subject_id":"76242"},{"rt":9279,"stimulus":31,"slider_start":100,"sprites":"jellyBeans","response":75,"absDeviation":75,"callibration":"test","block":7,"seed":31,"numerosity":150,"matchType":"unpaired","which":"second","trial_type":"numerosity-estimation","trial_index":144,"time_elapsed":784017,"subject_id":"76242"},{"rt":8110,"stimulus":32,"slider_start":100,"sprites":"marbles","response":76,"absDeviation":59,"callibration":"test","block":7,"seed":32,"numerosity":135,"matchType":"unpaired","which":"second","trial_type":"numerosity-estimation","trial_index":145,"time_elapsed":792131,"subject_id":"76242"},{"rt":8311,"stimulus":"<p> For the last block of trials, the average deviation of your guesses from correct answers was 41.</p>\n     <p>The smaller the deviation the better.  Your deviation was <b> good</b>.</p><br>\n       <p>Press any key to continue to the next block of trials</p>","response":" ","trial_type":"html-keyboard-response","trial_index":146,"time_elapsed":800442,"subject_id":"76242"},{"rt":3283,"stimulus":34,"slider_start":100,"sprites":"rocks","response":33,"absDeviation":17,"callibration":"test","block":8,"seed":34,"numerosity":50,"matchType":"paired","which":"first","trial_type":"numerosity-estimation","trial_index":147,"time_elapsed":803728,"subject_id":"76242"},{"rt":3099,"stimulus":34,"slider_start":100,"sprites":"rocks","response":56,"absDeviation":6,"callibration":"test","block":8,"seed":34,"numerosity":50,"matchType":"paired","which":"second","trial_type":"numerosity-estimation","trial_index":148,"time_elapsed":806830,"subject_id":"76242"},{"rt":4164,"stimulus":35,"slider_start":100,"sprites":"buttons","response":44,"absDeviation":34,"callibration":"test","block":8,"seed":35,"numerosity":78,"matchType":"unpaired","which":"second","trial_type":"numerosity-estimation","trial_index":149,"time_elapsed":810997,"subject_id":"76242"},{"rt":3008,"stimulus":36,"slider_start":100,"sprites":"animalCrackers","response":29,"absDeviation":21,"callibration":"test","block":8,"seed":36,"numerosity":50,"matchType":"unpaired","which":"second","trial_type":"numerosity-estimation","trial_index":150,"time_elapsed":814013,"subject_id":"76242"},{"rt":2333,"stimulus":38,"slider_start":100,"sprites":"butterflies","response":37,"absDeviation":41,"callibration":"test","block":8,"seed":38,"numerosity":78,"matchType":"paired","which":"first","trial_type":"numerosity-estimation","trial_index":151,"time_elapsed":816349,"subject_id":"76242"},{"rt":2485,"stimulus":38,"slider_start":100,"sprites":"butterflies","response":40,"absDeviation":38,"callibration":"test","block":8,"seed":38,"numerosity":78,"matchType":"paired","which":"second","trial_type":"numerosity-estimation","trial_index":152,"time_elapsed":818838,"subject_id":"76242"},{"rt":9089,"stimulus":39,"slider_start":100,"sprites":"hearts","response":65,"absDeviation":13,"callibration":"test","block":8,"seed":39,"numerosity":78,"matchType":"unpaired","which":"second","trial_type":"numerosity-estimation","trial_index":153,"time_elapsed":827927,"subject_id":"76242"},{"rt":4084,"stimulus":40,"slider_start":100,"sprites":"crackers","response":84,"absDeviation":37,"callibration":"test","block":8,"seed":40,"numerosity":121,"matchType":"unpaired","which":"second","trial_type":"numerosity-estimation","trial_index":154,"time_elapsed":832014,"subject_id":"76242"},{"rt":3479,"stimulus":42,"slider_start":100,"sprites":"fruits","response":45,"absDeviation":33,"callibration":"test","block":8,"seed":42,"numerosity":78,"matchType":"paired","which":"first","trial_type":"numerosity-estimation","trial_index":155,"time_elapsed":835495,"subject_id":"76242"},{"rt":2797,"stimulus":42,"slider_start":100,"sprites":"fruits","response":49,"absDeviation":29,"callibration":"test","block":8,"seed":42,"numerosity":78,"matchType":"paired","which":"second","trial_type":"numerosity-estimation","trial_index":156,"time_elapsed":838295,"subject_id":"76242"},{"rt":2351,"stimulus":43,"slider_start":100,"sprites":"jellyBeans","response":50,"absDeviation":14,"callibration":"test","block":8,"seed":43,"numerosity":64,"matchType":"unpaired","which":"second","trial_type":"numerosity-estimation","trial_index":157,"time_elapsed":840649,"subject_id":"76242"},{"rt":11454,"stimulus":44,"slider_start":100,"sprites":"marbles","response":82,"absDeviation":39,"callibration":"test","block":8,"seed":44,"numerosity":121,"matchType":"unpaired","which":"second","trial_type":"numerosity-estimation","trial_index":158,"time_elapsed":852106,"subject_id":"76242"},{"rt":2978,"stimulus":46,"slider_start":100,"sprites":"rocks","response":79,"absDeviation":28,"callibration":"test","block":8,"seed":46,"numerosity":107,"matchType":"paired","which":"first","trial_type":"numerosity-estimation","trial_index":159,"time_elapsed":855088,"subject_id":"76242"},{"rt":6861,"stimulus":46,"slider_start":100,"sprites":"rocks","response":77,"absDeviation":30,"callibration":"test","block":8,"seed":46,"numerosity":107,"matchType":"paired","which":"second","trial_type":"numerosity-estimation","trial_index":160,"time_elapsed":861952,"subject_id":"76242"},{"rt":2566,"stimulus":47,"slider_start":100,"sprites":"buttons","response":87,"absDeviation":34,"callibration":"test","block":8,"seed":47,"numerosity":121,"matchType":"unpaired","which":"second","trial_type":"numerosity-estimation","trial_index":161,"time_elapsed":864521,"subject_id":"76242"},{"rt":2362,"stimulus":48,"slider_start":100,"sprites":"animalCrackers","response":103,"absDeviation":32,"callibration":"test","block":8,"seed":48,"numerosity":135,"matchType":"unpaired","which":"second","trial_type":"numerosity-estimation","trial_index":162,"time_elapsed":866886,"subject_id":"76242"},{"rt":1530,"stimulus":"<p> For the last block of trials, the average deviation of your guesses from correct answers was 28.</p>\n     <p>The smaller the deviation the better.  Your deviation was <b> good</b>.</p><br>\n       <p>Press any key to continue to the next block of trials</p>","response":" ","trial_type":"html-keyboard-response","trial_index":163,"time_elapsed":868418,"subject_id":"76242"},{"rt":4970,"stimulus":50,"slider_start":100,"sprites":"butterflies","response":76,"absDeviation":74,"callibration":"test","block":9,"seed":50,"numerosity":150,"matchType":"paired","which":"first","trial_type":"numerosity-estimation","trial_index":164,"time_elapsed":873390,"subject_id":"76242"},{"rt":2611,"stimulus":50,"slider_start":100,"sprites":"butterflies","response":72,"absDeviation":78,"callibration":"test","block":9,"seed":50,"numerosity":150,"matchType":"paired","which":"second","trial_type":"numerosity-estimation","trial_index":165,"time_elapsed":876004,"subject_id":"76242"},{"rt":3658,"stimulus":51,"slider_start":100,"sprites":"hearts","response":89,"absDeviation":61,"callibration":"test","block":9,"seed":51,"numerosity":150,"matchType":"unpaired","which":"second","trial_type":"numerosity-estimation","trial_index":166,"time_elapsed":879664,"subject_id":"76242"},{"rt":3092,"stimulus":52,"slider_start":100,"sprites":"crackers","response":43,"absDeviation":35,"callibration":"test","block":9,"seed":52,"numerosity":78,"matchType":"unpaired","which":"second","trial_type":"numerosity-estimation","trial_index":167,"time_elapsed":882760,"subject_id":"76242"},{"rt":12084,"stimulus":54,"slider_start":100,"sprites":"fruits","response":71,"absDeviation":21,"callibration":"test","block":9,"seed":54,"numerosity":92,"matchType":"paired","which":"first","trial_type":"numerosity-estimation","trial_index":168,"time_elapsed":894847,"subject_id":"76242"},{"rt":3440,"stimulus":54,"slider_start":100,"sprites":"fruits","response":54,"absDeviation":38,"callibration":"test","block":9,"seed":54,"numerosity":92,"matchType":"paired","which":"second","trial_type":"numerosity-estimation","trial_index":169,"time_elapsed":898290,"subject_id":"76242"},{"rt":27496,"stimulus":55,"slider_start":100,"sprites":"jellyBeans","response":82,"absDeviation":39,"callibration":"test","block":9,"seed":55,"numerosity":121,"matchType":"unpaired","which":"second","trial_type":"numerosity-estimation","trial_index":170,"time_elapsed":925788,"subject_id":"76242"},{"rt":2506,"stimulus":56,"slider_start":100,"sprites":"marbles","response":33,"absDeviation":31,"callibration":"test","block":9,"seed":56,"numerosity":64,"matchType":"unpaired","which":"second","trial_type":"numerosity-estimation","trial_index":171,"time_elapsed":928297,"subject_id":"76242"},{"rt":2516,"stimulus":58,"slider_start":100,"sprites":"rocks","response":79,"absDeviation":42,"callibration":"test","block":9,"seed":58,"numerosity":121,"matchType":"paired","which":"first","trial_type":"numerosity-estimation","trial_index":172,"time_elapsed":930816,"subject_id":"76242"},{"rt":2614,"stimulus":58,"slider_start":100,"sprites":"rocks","response":82,"absDeviation":39,"callibration":"test","block":9,"seed":58,"numerosity":121,"matchType":"paired","which":"second","trial_type":"numerosity-estimation","trial_index":173,"time_elapsed":933433,"subject_id":"76242"},{"rt":3249,"stimulus":59,"slider_start":100,"sprites":"buttons","response":90,"absDeviation":45,"callibration":"test","block":9,"seed":59,"numerosity":135,"matchType":"unpaired","which":"second","trial_type":"numerosity-estimation","trial_index":174,"time_elapsed":936686,"subject_id":"76242"},{"rt":30966,"stimulus":60,"slider_start":100,"sprites":"animalCrackers","response":76,"absDeviation":74,"callibration":"test","block":9,"seed":60,"numerosity":150,"matchType":"unpaired","which":"second","trial_type":"numerosity-estimation","trial_index":175,"time_elapsed":967654,"subject_id":"76242"},{"rt":2684,"stimulus":62,"slider_start":100,"sprites":"butterflies","response":92,"absDeviation":43,"callibration":"test","block":9,"seed":62,"numerosity":135,"matchType":"paired","which":"first","trial_type":"numerosity-estimation","trial_index":176,"time_elapsed":970341,"subject_id":"76242"},{"rt":2758,"stimulus":62,"slider_start":100,"sprites":"butterflies","response":90,"absDeviation":45,"callibration":"test","block":9,"seed":62,"numerosity":135,"matchType":"paired","which":"second","trial_type":"numerosity-estimation","trial_index":177,"time_elapsed":973103,"subject_id":"76242"},{"rt":2327,"stimulus":63,"slider_start":100,"sprites":"hearts","response":41,"absDeviation":23,"callibration":"test","block":9,"seed":63,"numerosity":64,"matchType":"unpaired","which":"second","trial_type":"numerosity-estimation","trial_index":178,"time_elapsed":975433,"subject_id":"76242"},{"rt":2580,"stimulus":64,"slider_start":100,"sprites":"crackers","response":90,"absDeviation":45,"callibration":"test","block":9,"seed":64,"numerosity":135,"matchType":"unpaired","which":"second","trial_type":"numerosity-estimation","trial_index":179,"time_elapsed":978016,"subject_id":"76242"},{"rt":1683,"stimulus":"<p> For the last block of trials, the average deviation of your guesses from correct answers was 46.</p>\n     <p>The smaller the deviation the better.  Your deviation was <b> good</b>.</p><br>\n       <p>Press any key to continue to the next block of trials</p>","response":" ","trial_type":"html-keyboard-response","trial_index":180,"time_elapsed":979700,"subject_id":"76242"},{"rt":3519,"stimulus":66,"slider_start":100,"sprites":"fruits","response":52,"absDeviation":12,"callibration":"test","block":10,"seed":66,"numerosity":64,"matchType":"paired","which":"first","trial_type":"numerosity-estimation","trial_index":181,"time_elapsed":983221,"subject_id":"76242"},{"rt":1787,"stimulus":66,"slider_start":100,"sprites":"fruits","response":50,"absDeviation":14,"callibration":"test","block":10,"seed":66,"numerosity":64,"matchType":"paired","which":"second","trial_type":"numerosity-estimation","trial_index":182,"time_elapsed":985011,"subject_id":"76242"},{"rt":1995,"stimulus":67,"slider_start":100,"sprites":"jellyBeans","response":84,"absDeviation":23,"callibration":"test","block":10,"seed":67,"numerosity":107,"matchType":"unpaired","which":"second","trial_type":"numerosity-estimation","trial_index":183,"time_elapsed":987009,"subject_id":"76242"},{"rt":2596,"stimulus":68,"slider_start":100,"sprites":"marbles","response":63,"absDeviation":87,"callibration":"test","block":10,"seed":68,"numerosity":150,"matchType":"unpaired","which":"second","trial_type":"numerosity-estimation","trial_index":184,"time_elapsed":989608,"subject_id":"76242"},{"rt":2059,"stimulus":70,"slider_start":100,"sprites":"rocks","response":68,"absDeviation":24,"callibration":"test","block":10,"seed":70,"numerosity":92,"matchType":"paired","which":"first","trial_type":"numerosity-estimation","trial_index":185,"time_elapsed":991670,"subject_id":"76242"},{"rt":1957,"stimulus":70,"slider_start":100,"sprites":"rocks","response":73,"absDeviation":19,"callibration":"test","block":10,"seed":70,"numerosity":92,"matchType":"paired","which":"second","trial_type":"numerosity-estimation","trial_index":186,"time_elapsed":993630,"subject_id":"76242"},{"rt":2070,"stimulus":71,"slider_start":100,"sprites":"buttons","response":87,"absDeviation":20,"callibration":"test","block":10,"seed":71,"numerosity":107,"matchType":"unpaired","which":"second","trial_type":"numerosity-estimation","trial_index":187,"time_elapsed":995703,"subject_id":"76242"},{"rt":3113,"stimulus":72,"slider_start":100,"sprites":"animalCrackers","response":35,"absDeviation":15,"callibration":"test","block":10,"seed":72,"numerosity":50,"matchType":"unpaired","which":"second","trial_type":"numerosity-estimation","trial_index":188,"time_elapsed":998817,"subject_id":"76242"},{"rt":3775,"stimulus":74,"slider_start":100,"sprites":"butterflies","response":42,"absDeviation":22,"callibration":"test","block":10,"seed":74,"numerosity":64,"matchType":"paired","which":"first","trial_type":"numerosity-estimation","trial_index":189,"time_elapsed":1002595,"subject_id":"76242"},{"rt":2816,"stimulus":74,"slider_start":100,"sprites":"butterflies","response":42,"absDeviation":22,"callibration":"test","block":10,"seed":74,"numerosity":64,"matchType":"paired","which":"second","trial_type":"numerosity-estimation","trial_index":190,"time_elapsed":1005414,"subject_id":"76242"},{"rt":2603,"stimulus":75,"slider_start":100,"sprites":"hearts","response":65,"absDeviation":27,"callibration":"test","block":10,"seed":75,"numerosity":92,"matchType":"unpaired","which":"second","trial_type":"numerosity-estimation","trial_index":191,"time_elapsed":1008020,"subject_id":"76242"},{"rt":2346,"stimulus":76,"slider_start":100,"sprites":"crackers","response":73,"absDeviation":9,"callibration":"test","block":10,"seed":76,"numerosity":64,"matchType":"unpaired","which":"second","trial_type":"numerosity-estimation","trial_index":192,"time_elapsed":1010369,"subject_id":"76242"},{"rt":2744,"stimulus":78,"slider_start":100,"sprites":"fruits","response":50,"absDeviation":14,"callibration":"test","block":10,"seed":78,"numerosity":64,"matchType":"paired","which":"first","trial_type":"numerosity-estimation","trial_index":193,"time_elapsed":1013116,"subject_id":"76242"},{"rt":3081,"stimulus":78,"slider_start":100,"sprites":"fruits","response":49,"absDeviation":15,"callibration":"test","block":10,"seed":78,"numerosity":64,"matchType":"paired","which":"second","trial_type":"numerosity-estimation","trial_index":194,"time_elapsed":1016200,"subject_id":"76242"},{"rt":3058,"stimulus":79,"slider_start":100,"sprites":"jellyBeans","response":25,"absDeviation":25,"callibration":"test","block":10,"seed":79,"numerosity":50,"matchType":"unpaired","which":"second","trial_type":"numerosity-estimation","trial_index":195,"time_elapsed":1019261,"subject_id":"76242"},{"rt":3051,"stimulus":80,"slider_start":100,"sprites":"marbles","response":52,"absDeviation":69,"callibration":"test","block":10,"seed":80,"numerosity":121,"matchType":"unpaired","which":"second","trial_type":"numerosity-estimation","trial_index":196,"time_elapsed":1022315,"subject_id":"76242"},{"rt":1453,"stimulus":"<p> For the last block of trials, the average deviation of your guesses from correct answers was 26.</p>\n     <p>The smaller the deviation the better.  Your deviation was <b> good</b>.</p><br>\n       <p>Press any key to continue to the next block of trials</p>","response":" ","trial_type":"html-keyboard-response","trial_index":197,"time_elapsed":1023770,"subject_id":"76242"},{"rt":4246,"stimulus":82,"slider_start":100,"sprites":"rocks","response":40,"absDeviation":24,"callibration":"test","block":11,"seed":82,"numerosity":64,"matchType":"paired","which":"first","trial_type":"numerosity-estimation","trial_index":198,"time_elapsed":1028017,"subject_id":"76242"},{"rt":16470,"stimulus":82,"slider_start":100,"sprites":"rocks","response":60,"absDeviation":4,"callibration":"test","block":11,"seed":82,"numerosity":64,"matchType":"paired","which":"second","trial_type":"numerosity-estimation","trial_index":199,"time_elapsed":1044491,"subject_id":"76242"},{"rt":2541,"stimulus":83,"slider_start":100,"sprites":"buttons","response":92,"absDeviation":29,"callibration":"test","block":11,"seed":83,"numerosity":121,"matchType":"unpaired","which":"second","trial_type":"numerosity-estimation","trial_index":200,"time_elapsed":1047034,"subject_id":"76242"},{"rt":2395,"stimulus":84,"slider_start":100,"sprites":"animalCrackers","response":42,"absDeviation":8,"callibration":"test","block":11,"seed":84,"numerosity":50,"matchType":"unpaired","which":"second","trial_type":"numerosity-estimation","trial_index":201,"time_elapsed":1049432,"subject_id":"76242"},{"rt":2603,"stimulus":86,"slider_start":100,"sprites":"butterflies","response":59,"absDeviation":62,"callibration":"test","block":11,"seed":86,"numerosity":121,"matchType":"paired","which":"first","trial_type":"numerosity-estimation","trial_index":202,"time_elapsed":1052038,"subject_id":"76242"},{"rt":3432,"stimulus":86,"slider_start":100,"sprites":"butterflies","response":57,"absDeviation":64,"callibration":"test","block":11,"seed":86,"numerosity":121,"matchType":"paired","which":"second","trial_type":"numerosity-estimation","trial_index":203,"time_elapsed":1055474,"subject_id":"76242"},{"rt":11830,"stimulus":87,"slider_start":100,"sprites":"hearts","response":56,"absDeviation":6,"callibration":"test","block":11,"seed":87,"numerosity":50,"matchType":"unpaired","which":"second","trial_type":"numerosity-estimation","trial_index":204,"time_elapsed":1067306,"subject_id":"76242"},{"rt":3038,"stimulus":88,"slider_start":100,"sprites":"crackers","response":91,"absDeviation":44,"callibration":"test","block":11,"seed":88,"numerosity":135,"matchType":"unpaired","which":"second","trial_type":"numerosity-estimation","trial_index":205,"time_elapsed":1070348,"subject_id":"76242"},{"rt":3019,"stimulus":90,"slider_start":100,"sprites":"fruits","response":104,"absDeviation":46,"callibration":"test","block":11,"seed":90,"numerosity":150,"matchType":"paired","which":"first","trial_type":"numerosity-estimation","trial_index":206,"time_elapsed":1073370,"subject_id":"76242"},{"rt":3248,"stimulus":90,"slider_start":100,"sprites":"fruits","response":108,"absDeviation":42,"callibration":"test","block":11,"seed":90,"numerosity":150,"matchType":"paired","which":"second","trial_type":"numerosity-estimation","trial_index":207,"time_elapsed":1076620,"subject_id":"76242"},{"rt":2790,"stimulus":91,"slider_start":100,"sprites":"jellyBeans","response":41,"absDeviation":51,"callibration":"test","block":11,"seed":91,"numerosity":92,"matchType":"unpaired","which":"second","trial_type":"numerosity-estimation","trial_index":208,"time_elapsed":1079413,"subject_id":"76242"},{"rt":2148,"stimulus":92,"slider_start":100,"sprites":"marbles","response":40,"absDeviation":81,"callibration":"test","block":11,"seed":92,"numerosity":121,"matchType":"unpaired","which":"second","trial_type":"numerosity-estimation","trial_index":209,"time_elapsed":1081565,"subject_id":"76242"},{"rt":2766,"stimulus":94,"slider_start":100,"sprites":"rocks","response":47,"absDeviation":31,"callibration":"test","block":11,"seed":94,"numerosity":78,"matchType":"paired","which":"first","trial_type":"numerosity-estimation","trial_index":210,"time_elapsed":1084334,"subject_id":"76242"},{"rt":2361,"stimulus":94,"slider_start":100,"sprites":"rocks","response":50,"absDeviation":28,"callibration":"test","block":11,"seed":94,"numerosity":78,"matchType":"paired","which":"second","trial_type":"numerosity-estimation","trial_index":211,"time_elapsed":1086698,"subject_id":"76242"},{"rt":3004,"stimulus":95,"slider_start":100,"sprites":"buttons","response":26,"absDeviation":38,"callibration":"test","block":11,"seed":95,"numerosity":64,"matchType":"unpaired","which":"second","trial_type":"numerosity-estimation","trial_index":212,"time_elapsed":1089704,"subject_id":"76242"},{"rt":2732,"stimulus":96,"slider_start":100,"sprites":"animalCrackers","response":59,"absDeviation":33,"callibration":"test","block":11,"seed":96,"numerosity":92,"matchType":"unpaired","which":"second","trial_type":"numerosity-estimation","trial_index":213,"time_elapsed":1092439,"subject_id":"76242"},{"rt":2677,"stimulus":"<p> For the last block of trials, the average deviation of your guesses from correct answers was 37.</p>\n     <p>The smaller the deviation the better.  Your deviation was <b> good</b>.</p><br>\n       <p>Press any key to continue to the next block of trials</p>","response":" ","trial_type":"html-keyboard-response","trial_index":214,"time_elapsed":1095117,"subject_id":"76242"},{"rt":14213,"response":{"averageEstimates":"When the two displays occured back-to-back, in immediate succession.","firstOrSecond":"The first time the objects were shown"},"question_order":[0,1],"trial_type":"survey-multi-choice","trial_index":215,"time_elapsed":1109337,"subject_id":"76242"}]