[{"rt":6512,"url":"consent.html","trial_type":"external-html","trial_index":0,"time_elapsed":6539,"subject_id":"76341"},{"view_history":[{"page_index":0,"viewing_time":2614}],"rt":2615,"trial_type":"instructions","trial_index":1,"time_elapsed":9155,"subject_id":"76341"},{"rt":11545,"stimulus":0,"slider_start":100,"sprites":"animalCrackers","response":101,"absDeviation":51,"callibration":"callibration","block":-1,"seed":0,"numerosity":50,"matchType":"callibration","which":"first","trial_type":"numerosity-estimation","trial_index":2,"time_elapsed":20707,"subject_id":"76341"},{"rt":9063,"stimulus":1,"slider_start":100,"sprites":"letters","response":72,"absDeviation":8,"callibration":"callibration","block":-1,"seed":1,"numerosity":64,"matchType":"callibration","which":"first","trial_type":"numerosity-estimation","trial_index":3,"time_elapsed":29773,"subject_id":"76341"},{"rt":6912,"stimulus":2,"slider_start":100,"sprites":"butterflies","response":62,"absDeviation":16,"callibration":"callibration","block":-1,"seed":2,"numerosity":78,"matchType":"callibration","which":"first","trial_type":"numerosity-estimation","trial_index":4,"time_elapsed":36688,"subject_id":"76341"},{"rt":5982,"stimulus":3,"slider_start":100,"sprites":"hearts","response":133,"absDeviation":41,"callibration":"callibration","block":-1,"seed":3,"numerosity":92,"matchType":"callibration","which":"first","trial_type":"numerosity-estimation","trial_index":5,"time_elapsed":42673,"subject_id":"76341"},{"rt":4279,"stimulus":4,"slider_start":100,"sprites":"crackers","response":119,"absDeviation":12,"callibration":"callibration","block":-1,"seed":4,"numerosity":107,"matchType":"callibration","which":"first","trial_type":"numerosity-estimation","trial_index":6,"time_elapsed":46955,"subject_id":"76341"},{"rt":2715,"stimulus":5,"slider_start":100,"sprites":"bears","response":141,"absDeviation":20,"callibration":"callibration","block":-1,"seed":5,"numerosity":121,"matchType":"callibration","which":"first","trial_type":"numerosity-estimation","trial_index":7,"time_elapsed":49673,"subject_id":"76341"},{"rt":3981,"stimulus":6,"slider_start":100,"sprites":"fruits","response":144,"absDeviation":9,"callibration":"callibration","block":-1,"seed":6,"numerosity":135,"matchType":"callibration","which":"first","trial_type":"numerosity-estimation","trial_index":8,"time_elapsed":53656,"subject_id":"76341"},{"rt":2331,"stimulus":7,"slider_start":100,"sprites":"jellyBeans","response":100,"absDeviation":50,"callibration":"callibration","block":-1,"seed":7,"numerosity":150,"matchType":"callibration","which":"first","trial_type":"numerosity-estimation","trial_index":9,"time_elapsed":55989,"subject_id":"76341"},{"view_history":[{"page_index":0,"viewing_time":8298}],"rt":8299,"trial_type":"instructions","trial_index":10,"time_elapsed":64289,"subject_id":"76341"},{"rt":8547,"stimulus":1,"slider_start":100,"sprites":"letters","response":65,"absDeviation":27,"callibration":"test","block":0,"seed":1,"numerosity":92,"matchType":"paired","which":"first","trial_type":"numerosity-estimation","trial_index":11,"time_elapsed":72840,"subject_id":"76341"},{"rt":3447,"stimulus":1,"slider_start":100,"sprites":"letters","response":71,"absDeviation":21,"callibration":"test","block":0,"seed":1,"numerosity":92,"matchType":"paired","which":"second","trial_type":"numerosity-estimation","trial_index":12,"time_elapsed":76290,"subject_id":"76341"},{"rt":3030,"stimulus":3,"slider_start":100,"sprites":"hearts","response":48,"absDeviation":2,"callibration":"test","block":0,"seed":3,"numerosity":50,"matchType":"unpaired","which":"first","trial_type":"numerosity-estimation","trial_index":13,"time_elapsed":79323,"subject_id":"76341"},{"rt":3447,"stimulus":4,"slider_start":100,"sprites":"crackers","response":136,"absDeviation":29,"callibration":"test","block":0,"seed":4,"numerosity":107,"matchType":"unpaired","which":"first","trial_type":"numerosity-estimation","trial_index":14,"time_elapsed":82773,"subject_id":"76341"},{"rt":6715,"stimulus":5,"slider_start":100,"sprites":"bears","response":43,"absDeviation":7,"callibration":"test","block":0,"seed":5,"numerosity":50,"matchType":"paired","which":"first","trial_type":"numerosity-estimation","trial_index":15,"time_elapsed":89490,"subject_id":"76341"},{"rt":4247,"stimulus":5,"slider_start":100,"sprites":"bears","response":57,"absDeviation":7,"callibration":"test","block":0,"seed":5,"numerosity":50,"matchType":"paired","which":"second","trial_type":"numerosity-estimation","trial_index":16,"time_elapsed":93740,"subject_id":"76341"},{"rt":2346,"stimulus":7,"slider_start":100,"sprites":"jellyBeans","response":77,"absDeviation":27,"callibration":"test","block":0,"seed":7,"numerosity":50,"matchType":"unpaired","which":"first","trial_type":"numerosity-estimation","trial_index":17,"time_elapsed":96089,"subject_id":"76341"},{"rt":3548,"stimulus":8,"slider_start":100,"sprites":"marbles","response":90,"absDeviation":2,"callibration":"test","block":0,"seed":8,"numerosity":92,"matchType":"unpaired","which":"first","trial_type":"numerosity-estimation","trial_index":18,"time_elapsed":99639,"subject_id":"76341"},{"rt":3164,"stimulus":9,"slider_start":100,"sprites":"mints","response":143,"absDeviation":8,"callibration":"test","block":0,"seed":9,"numerosity":135,"matchType":"paired","which":"first","trial_type":"numerosity-estimation","trial_index":19,"time_elapsed":102805,"subject_id":"76341"},{"rt":2098,"stimulus":9,"slider_start":100,"sprites":"mints","response":154,"absDeviation":19,"callibration":"test","block":0,"seed":9,"numerosity":135,"matchType":"paired","which":"second","trial_type":"numerosity-estimation","trial_index":20,"time_elapsed":104906,"subject_id":"76341"},{"rt":2781,"stimulus":11,"slider_start":100,"sprites":"buttons","response":136,"absDeviation":29,"callibration":"test","block":0,"seed":11,"numerosity":107,"matchType":"unpaired","which":"first","trial_type":"numerosity-estimation","trial_index":21,"time_elapsed":107690,"subject_id":"76341"},{"rt":2196,"stimulus":12,"slider_start":100,"sprites":"animalCrackers","response":133,"absDeviation":41,"callibration":"test","block":0,"seed":12,"numerosity":92,"matchType":"unpaired","which":"first","trial_type":"numerosity-estimation","trial_index":22,"time_elapsed":109889,"subject_id":"76341"},{"rt":2583,"stimulus":13,"slider_start":100,"sprites":"letters","response":114,"absDeviation":7,"callibration":"test","block":0,"seed":13,"numerosity":107,"matchType":"paired","which":"first","trial_type":"numerosity-estimation","trial_index":23,"time_elapsed":112473,"subject_id":"76341"},{"rt":4047,"stimulus":13,"slider_start":100,"sprites":"letters","response":123,"absDeviation":16,"callibration":"test","block":0,"seed":13,"numerosity":107,"matchType":"paired","which":"second","trial_type":"numerosity-estimation","trial_index":24,"time_elapsed":116523,"subject_id":"76341"},{"rt":2081,"stimulus":15,"slider_start":100,"sprites":"hearts","response":149,"absDeviation":28,"callibration":"test","block":0,"seed":15,"numerosity":121,"matchType":"unpaired","which":"first","trial_type":"numerosity-estimation","trial_index":25,"time_elapsed":118606,"subject_id":"76341"},{"rt":3197,"stimulus":16,"slider_start":100,"sprites":"crackers","response":72,"absDeviation":8,"callibration":"test","block":0,"seed":16,"numerosity":64,"matchType":"unpaired","which":"first","trial_type":"numerosity-estimation","trial_index":26,"time_elapsed":121806,"subject_id":"76341"},{"rt":7308,"stimulus":"<p> For the last block of trials, the average deviation of your guesses from correct answers was 17.</p>\n     <p>The smaller the deviation the better.  Your deviation was <b> VERY good</b>.</p><br>\n       <p>Press any key to continue to the next block of trials</p>","response":" ","trial_type":"html-keyboard-response","trial_index":27,"time_elapsed":129117,"subject_id":"76341"},{"rt":4570,"stimulus":17,"slider_start":100,"sprites":"bears","response":130,"absDeviation":38,"callibration":"test","block":1,"seed":17,"numerosity":92,"matchType":"paired","which":"first","trial_type":"numerosity-estimation","trial_index":28,"time_elapsed":133690,"subject_id":"76341"},{"rt":2631,"stimulus":17,"slider_start":100,"sprites":"bears","response":131,"absDeviation":39,"callibration":"test","block":1,"seed":17,"numerosity":92,"matchType":"paired","which":"second","trial_type":"numerosity-estimation","trial_index":29,"time_elapsed":136324,"subject_id":"76341"},{"rt":3598,"stimulus":19,"slider_start":100,"sprites":"jellyBeans","response":155,"absDeviation":20,"callibration":"test","block":1,"seed":19,"numerosity":135,"matchType":"unpaired","which":"first","trial_type":"numerosity-estimation","trial_index":30,"time_elapsed":139924,"subject_id":"76341"},{"rt":3499,"stimulus":20,"slider_start":100,"sprites":"marbles","response":64,"absDeviation":14,"callibration":"test","block":1,"seed":20,"numerosity":78,"matchType":"unpaired","which":"first","trial_type":"numerosity-estimation","trial_index":31,"time_elapsed":143425,"subject_id":"76341"},{"rt":6279,"stimulus":21,"slider_start":100,"sprites":"mints","response":97,"absDeviation":5,"callibration":"test","block":1,"seed":21,"numerosity":92,"matchType":"paired","which":"first","trial_type":"numerosity-estimation","trial_index":32,"time_elapsed":149707,"subject_id":"76341"},{"rt":2430,"stimulus":21,"slider_start":100,"sprites":"mints","response":92,"absDeviation":0,"callibration":"test","block":1,"seed":21,"numerosity":92,"matchType":"paired","which":"second","trial_type":"numerosity-estimation","trial_index":33,"time_elapsed":152140,"subject_id":"76341"},{"rt":3631,"stimulus":23,"slider_start":100,"sprites":"buttons","response":146,"absDeviation":4,"callibration":"test","block":1,"seed":23,"numerosity":150,"matchType":"unpaired","which":"first","trial_type":"numerosity-estimation","trial_index":34,"time_elapsed":155773,"subject_id":"76341"},{"rt":3398,"stimulus":24,"slider_start":100,"sprites":"animalCrackers","response":135,"absDeviation":28,"callibration":"test","block":1,"seed":24,"numerosity":107,"matchType":"unpaired","which":"first","trial_type":"numerosity-estimation","trial_index":35,"time_elapsed":159174,"subject_id":"76341"},{"rt":2113,"stimulus":25,"slider_start":100,"sprites":"letters","response":140,"absDeviation":33,"callibration":"test","block":1,"seed":25,"numerosity":107,"matchType":"paired","which":"first","trial_type":"numerosity-estimation","trial_index":36,"time_elapsed":161290,"subject_id":"76341"},{"rt":2080,"stimulus":25,"slider_start":100,"sprites":"letters","response":136,"absDeviation":29,"callibration":"test","block":1,"seed":25,"numerosity":107,"matchType":"paired","which":"second","trial_type":"numerosity-estimation","trial_index":37,"time_elapsed":163373,"subject_id":"76341"},{"rt":3681,"stimulus":27,"slider_start":100,"sprites":"hearts","response":144,"absDeviation":23,"callibration":"test","block":1,"seed":27,"numerosity":121,"matchType":"unpaired","which":"first","trial_type":"numerosity-estimation","trial_index":38,"time_elapsed":167057,"subject_id":"76341"},{"rt":4482,"stimulus":28,"slider_start":100,"sprites":"crackers","response":145,"absDeviation":5,"callibration":"test","block":1,"seed":28,"numerosity":150,"matchType":"unpaired","which":"first","trial_type":"numerosity-estimation","trial_index":39,"time_elapsed":171541,"subject_id":"76341"},{"rt":2547,"stimulus":29,"slider_start":100,"sprites":"bears","response":76,"absDeviation":12,"callibration":"test","block":1,"seed":29,"numerosity":64,"matchType":"paired","which":"first","trial_type":"numerosity-estimation","trial_index":40,"time_elapsed":174091,"subject_id":"76341"},{"rt":2363,"stimulus":29,"slider_start":100,"sprites":"bears","response":67,"absDeviation":3,"callibration":"test","block":1,"seed":29,"numerosity":64,"matchType":"paired","which":"second","trial_type":"numerosity-estimation","trial_index":41,"time_elapsed":176457,"subject_id":"76341"},{"rt":4031,"stimulus":31,"slider_start":100,"sprites":"jellyBeans","response":151,"absDeviation":1,"callibration":"test","block":1,"seed":31,"numerosity":150,"matchType":"unpaired","which":"first","trial_type":"numerosity-estimation","trial_index":42,"time_elapsed":180491,"subject_id":"76341"},{"rt":2447,"stimulus":32,"slider_start":100,"sprites":"marbles","response":116,"absDeviation":19,"callibration":"test","block":1,"seed":32,"numerosity":135,"matchType":"unpaired","which":"first","trial_type":"numerosity-estimation","trial_index":43,"time_elapsed":182941,"subject_id":"76341"},{"rt":1898,"stimulus":"<p> For the last block of trials, the average deviation of your guesses from correct answers was 17.</p>\n     <p>The smaller the deviation the better.  Your deviation was <b> VERY good</b>.</p><br>\n       <p>Press any key to continue to the next block of trials</p>","response":" ","trial_type":"html-keyboard-response","trial_index":44,"time_elapsed":184840,"subject_id":"76341"},{"rt":2732,"stimulus":33,"slider_start":100,"sprites":"mints","response":135,"absDeviation":14,"callibration":"test","block":2,"seed":33,"numerosity":121,"matchType":"paired","which":"first","trial_type":"numerosity-estimation","trial_index":45,"time_elapsed":187574,"subject_id":"76341"},{"rt":3480,"stimulus":33,"slider_start":100,"sprites":"mints","response":144,"absDeviation":23,"callibration":"test","block":2,"seed":33,"numerosity":121,"matchType":"paired","which":"second","trial_type":"numerosity-estimation","trial_index":46,"time_elapsed":191057,"subject_id":"76341"},{"rt":3797,"stimulus":35,"slider_start":100,"sprites":"buttons","response":91,"absDeviation":13,"callibration":"test","block":2,"seed":35,"numerosity":78,"matchType":"unpaired","which":"first","trial_type":"numerosity-estimation","trial_index":47,"time_elapsed":194857,"subject_id":"76341"},{"rt":2349,"stimulus":36,"slider_start":100,"sprites":"animalCrackers","response":75,"absDeviation":25,"callibration":"test","block":2,"seed":36,"numerosity":50,"matchType":"unpaired","which":"first","trial_type":"numerosity-estimation","trial_index":48,"time_elapsed":197208,"subject_id":"76341"},{"rt":3550,"stimulus":37,"slider_start":100,"sprites":"letters","response":129,"absDeviation":6,"callibration":"test","block":2,"seed":37,"numerosity":135,"matchType":"paired","which":"first","trial_type":"numerosity-estimation","trial_index":49,"time_elapsed":200760,"subject_id":"76341"},{"rt":2761,"stimulus":37,"slider_start":100,"sprites":"letters","response":131,"absDeviation":4,"callibration":"test","block":2,"seed":37,"numerosity":135,"matchType":"paired","which":"second","trial_type":"numerosity-estimation","trial_index":50,"time_elapsed":203524,"subject_id":"76341"},{"rt":4131,"stimulus":39,"slider_start":100,"sprites":"hearts","response":115,"absDeviation":37,"callibration":"test","block":2,"seed":39,"numerosity":78,"matchType":"unpaired","which":"first","trial_type":"numerosity-estimation","trial_index":51,"time_elapsed":207657,"subject_id":"76341"},{"rt":3289,"stimulus":40,"slider_start":100,"sprites":"crackers","response":141,"absDeviation":20,"callibration":"test","block":2,"seed":40,"numerosity":121,"matchType":"unpaired","which":"first","trial_type":"numerosity-estimation","trial_index":52,"time_elapsed":210947,"subject_id":"76341"},{"rt":3092,"stimulus":41,"slider_start":100,"sprites":"bears","response":83,"absDeviation":33,"callibration":"test","block":2,"seed":41,"numerosity":50,"matchType":"paired","which":"first","trial_type":"numerosity-estimation","trial_index":53,"time_elapsed":214040,"subject_id":"76341"},{"rt":3982,"stimulus":41,"slider_start":100,"sprites":"bears","response":71,"absDeviation":21,"callibration":"test","block":2,"seed":41,"numerosity":50,"matchType":"paired","which":"second","trial_type":"numerosity-estimation","trial_index":54,"time_elapsed":218024,"subject_id":"76341"},{"rt":2981,"stimulus":43,"slider_start":100,"sprites":"jellyBeans","response":114,"absDeviation":50,"callibration":"test","block":2,"seed":43,"numerosity":64,"matchType":"unpaired","which":"first","trial_type":"numerosity-estimation","trial_index":55,"time_elapsed":221007,"subject_id":"76341"},{"rt":2581,"stimulus":44,"slider_start":100,"sprites":"marbles","response":125,"absDeviation":4,"callibration":"test","block":2,"seed":44,"numerosity":121,"matchType":"unpaired","which":"first","trial_type":"numerosity-estimation","trial_index":56,"time_elapsed":223590,"subject_id":"76341"},{"rt":3584,"stimulus":45,"slider_start":100,"sprites":"mints","response":128,"absDeviation":7,"callibration":"test","block":2,"seed":45,"numerosity":121,"matchType":"paired","which":"first","trial_type":"numerosity-estimation","trial_index":57,"time_elapsed":227176,"subject_id":"76341"},{"rt":3312,"stimulus":45,"slider_start":100,"sprites":"mints","response":135,"absDeviation":14,"callibration":"test","block":2,"seed":45,"numerosity":121,"matchType":"paired","which":"second","trial_type":"numerosity-estimation","trial_index":58,"time_elapsed":230491,"subject_id":"76341"},{"rt":3198,"stimulus":47,"slider_start":100,"sprites":"buttons","response":131,"absDeviation":10,"callibration":"test","block":2,"seed":47,"numerosity":121,"matchType":"unpaired","which":"first","trial_type":"numerosity-estimation","trial_index":59,"time_elapsed":233691,"subject_id":"76341"},{"rt":3001,"stimulus":48,"slider_start":100,"sprites":"animalCrackers","response":129,"absDeviation":6,"callibration":"test","block":2,"seed":48,"numerosity":135,"matchType":"unpaired","which":"first","trial_type":"numerosity-estimation","trial_index":60,"time_elapsed":236693,"subject_id":"76341"},{"rt":2298,"stimulus":"<p> For the last block of trials, the average deviation of your guesses from correct answers was 18.</p>\n     <p>The smaller the deviation the better.  Your deviation was <b> VERY good</b>.</p><br>\n       <p>Press any key to continue to the next block of trials</p>","response":" ","trial_type":"html-keyboard-response","trial_index":61,"time_elapsed":238992,"subject_id":"76341"},{"rt":3549,"stimulus":49,"slider_start":100,"sprites":"letters","response":85,"absDeviation":7,"callibration":"test","block":3,"seed":49,"numerosity":78,"matchType":"paired","which":"first","trial_type":"numerosity-estimation","trial_index":62,"time_elapsed":242544,"subject_id":"76341"},{"rt":4014,"stimulus":49,"slider_start":100,"sprites":"letters","response":69,"absDeviation":9,"callibration":"test","block":3,"seed":49,"numerosity":78,"matchType":"paired","which":"second","trial_type":"numerosity-estimation","trial_index":63,"time_elapsed":246560,"subject_id":"76341"},{"rt":3515,"stimulus":51,"slider_start":100,"sprites":"hearts","response":158,"absDeviation":8,"callibration":"test","block":3,"seed":51,"numerosity":150,"matchType":"unpaired","which":"first","trial_type":"numerosity-estimation","trial_index":64,"time_elapsed":250077,"subject_id":"76341"},{"rt":3212,"stimulus":52,"slider_start":100,"sprites":"crackers","response":105,"absDeviation":27,"callibration":"test","block":3,"seed":52,"numerosity":78,"matchType":"unpaired","which":"first","trial_type":"numerosity-estimation","trial_index":65,"time_elapsed":253292,"subject_id":"76341"},{"rt":2980,"stimulus":53,"slider_start":100,"sprites":"bears","response":68,"absDeviation":18,"callibration":"test","block":3,"seed":53,"numerosity":50,"matchType":"paired","which":"first","trial_type":"numerosity-estimation","trial_index":66,"time_elapsed":256274,"subject_id":"76341"},{"rt":2898,"stimulus":53,"slider_start":100,"sprites":"bears","response":56,"absDeviation":6,"callibration":"test","block":3,"seed":53,"numerosity":50,"matchType":"paired","which":"second","trial_type":"numerosity-estimation","trial_index":67,"time_elapsed":259175,"subject_id":"76341"},{"rt":3116,"stimulus":55,"slider_start":100,"sprites":"jellyBeans","response":123,"absDeviation":2,"callibration":"test","block":3,"seed":55,"numerosity":121,"matchType":"unpaired","which":"first","trial_type":"numerosity-estimation","trial_index":68,"time_elapsed":262293,"subject_id":"76341"},{"rt":2647,"stimulus":56,"slider_start":100,"sprites":"marbles","response":49,"absDeviation":15,"callibration":"test","block":3,"seed":56,"numerosity":64,"matchType":"unpaired","which":"first","trial_type":"numerosity-estimation","trial_index":69,"time_elapsed":264942,"subject_id":"76341"},{"rt":3413,"stimulus":57,"slider_start":100,"sprites":"mints","response":55,"absDeviation":9,"callibration":"test","block":3,"seed":57,"numerosity":64,"matchType":"paired","which":"first","trial_type":"numerosity-estimation","trial_index":70,"time_elapsed":268358,"subject_id":"76341"},{"rt":2765,"stimulus":57,"slider_start":100,"sprites":"mints","response":67,"absDeviation":3,"callibration":"test","block":3,"seed":57,"numerosity":64,"matchType":"paired","which":"second","trial_type":"numerosity-estimation","trial_index":71,"time_elapsed":271126,"subject_id":"76341"},{"rt":2813,"stimulus":59,"slider_start":100,"sprites":"buttons","response":122,"absDeviation":13,"callibration":"test","block":3,"seed":59,"numerosity":135,"matchType":"unpaired","which":"first","trial_type":"numerosity-estimation","trial_index":72,"time_elapsed":273941,"subject_id":"76341"},{"rt":4014,"stimulus":60,"slider_start":100,"sprites":"animalCrackers","response":130,"absDeviation":20,"callibration":"test","block":3,"seed":60,"numerosity":150,"matchType":"unpaired","which":"first","trial_type":"numerosity-estimation","trial_index":73,"time_elapsed":277958,"subject_id":"76341"},{"rt":2848,"stimulus":61,"slider_start":100,"sprites":"letters","response":61,"absDeviation":11,"callibration":"test","block":3,"seed":61,"numerosity":50,"matchType":"paired","which":"first","trial_type":"numerosity-estimation","trial_index":74,"time_elapsed":280809,"subject_id":"76341"},{"rt":2631,"stimulus":61,"slider_start":100,"sprites":"letters","response":46,"absDeviation":4,"callibration":"test","block":3,"seed":61,"numerosity":50,"matchType":"paired","which":"second","trial_type":"numerosity-estimation","trial_index":75,"time_elapsed":283442,"subject_id":"76341"},{"rt":2214,"stimulus":63,"slider_start":100,"sprites":"hearts","response":82,"absDeviation":18,"callibration":"test","block":3,"seed":63,"numerosity":64,"matchType":"unpaired","which":"first","trial_type":"numerosity-estimation","trial_index":76,"time_elapsed":285658,"subject_id":"76341"},{"rt":3316,"stimulus":64,"slider_start":100,"sprites":"crackers","response":110,"absDeviation":25,"callibration":"test","block":3,"seed":64,"numerosity":135,"matchType":"unpaired","which":"first","trial_type":"numerosity-estimation","trial_index":77,"time_elapsed":288976,"subject_id":"76341"},{"rt":3646,"stimulus":"<p> For the last block of trials, the average deviation of your guesses from correct answers was 12.</p>\n     <p>The smaller the deviation the better.  Your deviation was <b> AMAZINGLY good</b>.</p><br>\n       <p>Press any key to continue to the next block of trials</p>","response":"enter","trial_type":"html-keyboard-response","trial_index":78,"time_elapsed":292624,"subject_id":"76341"},{"rt":3600,"stimulus":65,"slider_start":100,"sprites":"bears","response":125,"absDeviation":18,"callibration":"test","block":4,"seed":65,"numerosity":107,"matchType":"paired","which":"first","trial_type":"numerosity-estimation","trial_index":79,"time_elapsed":296226,"subject_id":"76341"},{"rt":2763,"stimulus":65,"slider_start":100,"sprites":"bears","response":129,"absDeviation":22,"callibration":"test","block":4,"seed":65,"numerosity":107,"matchType":"paired","which":"second","trial_type":"numerosity-estimation","trial_index":80,"time_elapsed":298992,"subject_id":"76341"},{"rt":2814,"stimulus":67,"slider_start":100,"sprites":"jellyBeans","response":129,"absDeviation":22,"callibration":"test","block":4,"seed":67,"numerosity":107,"matchType":"unpaired","which":"first","trial_type":"numerosity-estimation","trial_index":81,"time_elapsed":301809,"subject_id":"76341"},{"rt":3714,"stimulus":68,"slider_start":100,"sprites":"marbles","response":97,"absDeviation":53,"callibration":"test","block":4,"seed":68,"numerosity":150,"matchType":"unpaired","which":"first","trial_type":"numerosity-estimation","trial_index":82,"time_elapsed":305525,"subject_id":"76341"},{"rt":1913,"stimulus":69,"slider_start":100,"sprites":"mints","response":131,"absDeviation":10,"callibration":"test","block":4,"seed":69,"numerosity":121,"matchType":"paired","which":"first","trial_type":"numerosity-estimation","trial_index":83,"time_elapsed":307442,"subject_id":"76341"},{"rt":2381,"stimulus":69,"slider_start":100,"sprites":"mints","response":120,"absDeviation":1,"callibration":"test","block":4,"seed":69,"numerosity":121,"matchType":"paired","which":"second","trial_type":"numerosity-estimation","trial_index":84,"time_elapsed":309825,"subject_id":"76341"},{"rt":2180,"stimulus":71,"slider_start":100,"sprites":"buttons","response":129,"absDeviation":22,"callibration":"test","block":4,"seed":71,"numerosity":107,"matchType":"unpaired","which":"first","trial_type":"numerosity-estimation","trial_index":85,"time_elapsed":312009,"subject_id":"76341"},{"rt":3964,"stimulus":72,"slider_start":100,"sprites":"animalCrackers","response":50,"absDeviation":0,"callibration":"test","block":4,"seed":72,"numerosity":50,"matchType":"unpaired","which":"first","trial_type":"numerosity-estimation","trial_index":86,"time_elapsed":315975,"subject_id":"76341"},{"rt":2597,"stimulus":73,"slider_start":100,"sprites":"letters","response":51,"absDeviation":27,"callibration":"test","block":4,"seed":73,"numerosity":78,"matchType":"paired","which":"first","trial_type":"numerosity-estimation","trial_index":87,"time_elapsed":318576,"subject_id":"76341"},{"rt":2513,"stimulus":73,"slider_start":100,"sprites":"letters","response":78,"absDeviation":0,"callibration":"test","block":4,"seed":73,"numerosity":78,"matchType":"paired","which":"second","trial_type":"numerosity-estimation","trial_index":88,"time_elapsed":321091,"subject_id":"76341"},{"rt":2001,"stimulus":75,"slider_start":100,"sprites":"hearts","response":91,"absDeviation":1,"callibration":"test","block":4,"seed":75,"numerosity":92,"matchType":"unpaired","which":"first","trial_type":"numerosity-estimation","trial_index":89,"time_elapsed":323093,"subject_id":"76341"},{"rt":2176,"stimulus":76,"slider_start":100,"sprites":"crackers","response":78,"absDeviation":14,"callibration":"test","block":4,"seed":76,"numerosity":64,"matchType":"unpaired","which":"first","trial_type":"numerosity-estimation","trial_index":90,"time_elapsed":325271,"subject_id":"76341"},{"rt":2703,"stimulus":77,"slider_start":100,"sprites":"bears","response":123,"absDeviation":12,"callibration":"test","block":4,"seed":77,"numerosity":135,"matchType":"paired","which":"first","trial_type":"numerosity-estimation","trial_index":91,"time_elapsed":327976,"subject_id":"76341"},{"rt":3616,"stimulus":77,"slider_start":100,"sprites":"bears","response":134,"absDeviation":1,"callibration":"test","block":4,"seed":77,"numerosity":135,"matchType":"paired","which":"second","trial_type":"numerosity-estimation","trial_index":92,"time_elapsed":331594,"subject_id":"76341"},{"rt":4129,"stimulus":79,"slider_start":100,"sprites":"jellyBeans","response":57,"absDeviation":7,"callibration":"test","block":4,"seed":79,"numerosity":50,"matchType":"unpaired","which":"first","trial_type":"numerosity-estimation","trial_index":93,"time_elapsed":335726,"subject_id":"76341"},{"rt":2197,"stimulus":80,"slider_start":100,"sprites":"marbles","response":63,"absDeviation":58,"callibration":"test","block":4,"seed":80,"numerosity":121,"matchType":"unpaired","which":"first","trial_type":"numerosity-estimation","trial_index":94,"time_elapsed":337925,"subject_id":"76341"},{"rt":1510,"stimulus":"<p> For the last block of trials, the average deviation of your guesses from correct answers was 17.</p>\n     <p>The smaller the deviation the better.  Your deviation was <b> VERY good</b>.</p><br>\n       <p>Press any key to continue to the next block of trials</p>","response":"enter","trial_type":"html-keyboard-response","trial_index":95,"time_elapsed":339436,"subject_id":"76341"},{"rt":2305,"stimulus":81,"slider_start":100,"sprites":"mints","response":135,"absDeviation":14,"callibration":"test","block":5,"seed":81,"numerosity":121,"matchType":"paired","which":"first","trial_type":"numerosity-estimation","trial_index":96,"time_elapsed":341743,"subject_id":"76341"},{"rt":3780,"stimulus":81,"slider_start":100,"sprites":"mints","response":118,"absDeviation":3,"callibration":"test","block":5,"seed":81,"numerosity":121,"matchType":"paired","which":"second","trial_type":"numerosity-estimation","trial_index":97,"time_elapsed":345526,"subject_id":"76341"},{"rt":2280,"stimulus":83,"slider_start":100,"sprites":"buttons","response":133,"absDeviation":12,"callibration":"test","block":5,"seed":83,"numerosity":121,"matchType":"unpaired","which":"first","trial_type":"numerosity-estimation","trial_index":98,"time_elapsed":347809,"subject_id":"76341"},{"rt":3165,"stimulus":84,"slider_start":100,"sprites":"animalCrackers","response":65,"absDeviation":15,"callibration":"test","block":5,"seed":84,"numerosity":50,"matchType":"unpaired","which":"first","trial_type":"numerosity-estimation","trial_index":99,"time_elapsed":350976,"subject_id":"76341"},{"rt":3314,"stimulus":85,"slider_start":100,"sprites":"letters","response":76,"absDeviation":12,"callibration":"test","block":5,"seed":85,"numerosity":64,"matchType":"paired","which":"first","trial_type":"numerosity-estimation","trial_index":100,"time_elapsed":354293,"subject_id":"76341"},{"rt":2380,"stimulus":85,"slider_start":100,"sprites":"letters","response":76,"absDeviation":12,"callibration":"test","block":5,"seed":85,"numerosity":64,"matchType":"paired","which":"second","trial_type":"numerosity-estimation","trial_index":101,"time_elapsed":356675,"subject_id":"76341"},{"rt":2599,"stimulus":87,"slider_start":100,"sprites":"hearts","response":64,"absDeviation":14,"callibration":"test","block":5,"seed":87,"numerosity":50,"matchType":"unpaired","which":"first","trial_type":"numerosity-estimation","trial_index":102,"time_elapsed":359276,"subject_id":"76341"},{"rt":2097,"stimulus":88,"slider_start":100,"sprites":"crackers","response":123,"absDeviation":12,"callibration":"test","block":5,"seed":88,"numerosity":135,"matchType":"unpaired","which":"first","trial_type":"numerosity-estimation","trial_index":103,"time_elapsed":361376,"subject_id":"76341"},{"rt":2782,"stimulus":89,"slider_start":100,"sprites":"bears","response":91,"absDeviation":41,"callibration":"test","block":5,"seed":89,"numerosity":50,"matchType":"paired","which":"first","trial_type":"numerosity-estimation","trial_index":104,"time_elapsed":364160,"subject_id":"76341"},{"rt":2380,"stimulus":89,"slider_start":100,"sprites":"bears","response":68,"absDeviation":18,"callibration":"test","block":5,"seed":89,"numerosity":50,"matchType":"paired","which":"second","trial_type":"numerosity-estimation","trial_index":105,"time_elapsed":366543,"subject_id":"76341"},{"rt":4047,"stimulus":91,"slider_start":100,"sprites":"jellyBeans","response":112,"absDeviation":20,"callibration":"test","block":5,"seed":91,"numerosity":92,"matchType":"unpaired","which":"first","trial_type":"numerosity-estimation","trial_index":106,"time_elapsed":370592,"subject_id":"76341"},{"rt":2099,"stimulus":92,"slider_start":100,"sprites":"marbles","response":112,"absDeviation":9,"callibration":"test","block":5,"seed":92,"numerosity":121,"matchType":"unpaired","which":"first","trial_type":"numerosity-estimation","trial_index":107,"time_elapsed":372693,"subject_id":"76341"},{"rt":2798,"stimulus":93,"slider_start":100,"sprites":"mints","response":115,"absDeviation":37,"callibration":"test","block":5,"seed":93,"numerosity":78,"matchType":"paired","which":"first","trial_type":"numerosity-estimation","trial_index":108,"time_elapsed":375494,"subject_id":"76341"},{"rt":2183,"stimulus":93,"slider_start":100,"sprites":"mints","response":124,"absDeviation":46,"callibration":"test","block":5,"seed":93,"numerosity":78,"matchType":"paired","which":"second","trial_type":"numerosity-estimation","trial_index":109,"time_elapsed":377678,"subject_id":"76341"},{"rt":3529,"stimulus":95,"slider_start":100,"sprites":"buttons","response":117,"absDeviation":53,"callibration":"test","block":5,"seed":95,"numerosity":64,"matchType":"unpaired","which":"first","trial_type":"numerosity-estimation","trial_index":110,"time_elapsed":381209,"subject_id":"76341"},{"rt":1965,"stimulus":96,"slider_start":100,"sprites":"animalCrackers","response":127,"absDeviation":35,"callibration":"test","block":5,"seed":96,"numerosity":92,"matchType":"unpaired","which":"first","trial_type":"numerosity-estimation","trial_index":111,"time_elapsed":383177,"subject_id":"76341"},{"rt":2092,"stimulus":"<p> For the last block of trials, the average deviation of your guesses from correct answers was 22.</p>\n     <p>The smaller the deviation the better.  Your deviation was <b> VERY good</b>.</p><br>\n       <p>Press any key to continue to the next block of trials</p>","response":" ","trial_type":"html-keyboard-response","trial_index":112,"time_elapsed":385271,"subject_id":"76341"},{"rt":2320,"stimulus":2,"slider_start":100,"sprites":"butterflies","response":122,"absDeviation":13,"callibration":"test","block":6,"seed":2,"numerosity":135,"matchType":"paired","which":"first","trial_type":"numerosity-estimation","trial_index":113,"time_elapsed":387593,"subject_id":"76341"},{"rt":2283,"stimulus":2,"slider_start":100,"sprites":"butterflies","response":127,"absDeviation":8,"callibration":"test","block":6,"seed":2,"numerosity":135,"matchType":"paired","which":"second","trial_type":"numerosity-estimation","trial_index":114,"time_elapsed":389879,"subject_id":"76341"},{"rt":3013,"stimulus":3,"slider_start":100,"sprites":"hearts","response":87,"absDeviation":37,"callibration":"test","block":6,"seed":3,"numerosity":50,"matchType":"unpaired","which":"second","trial_type":"numerosity-estimation","trial_index":115,"time_elapsed":392894,"subject_id":"76341"},{"rt":2147,"stimulus":4,"slider_start":100,"sprites":"crackers","response":107,"absDeviation":0,"callibration":"test","block":6,"seed":4,"numerosity":107,"matchType":"unpaired","which":"second","trial_type":"numerosity-estimation","trial_index":116,"time_elapsed":395043,"subject_id":"76341"},{"rt":3083,"stimulus":6,"slider_start":100,"sprites":"fruits","response":114,"absDeviation":36,"callibration":"test","block":6,"seed":6,"numerosity":78,"matchType":"paired","which":"first","trial_type":"numerosity-estimation","trial_index":117,"time_elapsed":398128,"subject_id":"76341"},{"rt":3047,"stimulus":6,"slider_start":100,"sprites":"fruits","response":111,"absDeviation":33,"callibration":"test","block":6,"seed":6,"numerosity":78,"matchType":"paired","which":"second","trial_type":"numerosity-estimation","trial_index":118,"time_elapsed":401177,"subject_id":"76341"},{"rt":2997,"stimulus":7,"slider_start":100,"sprites":"jellyBeans","response":68,"absDeviation":18,"callibration":"test","block":6,"seed":7,"numerosity":50,"matchType":"unpaired","which":"second","trial_type":"numerosity-estimation","trial_index":119,"time_elapsed":404177,"subject_id":"76341"},{"rt":2564,"stimulus":8,"slider_start":100,"sprites":"marbles","response":80,"absDeviation":12,"callibration":"test","block":6,"seed":8,"numerosity":92,"matchType":"unpaired","which":"second","trial_type":"numerosity-estimation","trial_index":120,"time_elapsed":406743,"subject_id":"76341"},{"rt":2831,"stimulus":10,"slider_start":100,"sprites":"rocks","response":62,"absDeviation":12,"callibration":"test","block":6,"seed":10,"numerosity":50,"matchType":"paired","which":"first","trial_type":"numerosity-estimation","trial_index":121,"time_elapsed":409576,"subject_id":"76341"},{"rt":2948,"stimulus":10,"slider_start":100,"sprites":"rocks","response":66,"absDeviation":16,"callibration":"test","block":6,"seed":10,"numerosity":50,"matchType":"paired","which":"second","trial_type":"numerosity-estimation","trial_index":122,"time_elapsed":412527,"subject_id":"76341"},{"rt":4447,"stimulus":11,"slider_start":100,"sprites":"buttons","response":127,"absDeviation":20,"callibration":"test","block":6,"seed":11,"numerosity":107,"matchType":"unpaired","which":"second","trial_type":"numerosity-estimation","trial_index":123,"time_elapsed":416977,"subject_id":"76341"},{"rt":3380,"stimulus":12,"slider_start":100,"sprites":"animalCrackers","response":135,"absDeviation":43,"callibration":"test","block":6,"seed":12,"numerosity":92,"matchType":"unpaired","which":"second","trial_type":"numerosity-estimation","trial_index":124,"time_elapsed":420360,"subject_id":"76341"},{"rt":2764,"stimulus":14,"slider_start":100,"sprites":"butterflies","response":138,"absDeviation":12,"callibration":"test","block":6,"seed":14,"numerosity":150,"matchType":"paired","which":"first","trial_type":"numerosity-estimation","trial_index":125,"time_elapsed":423127,"subject_id":"76341"},{"rt":2782,"stimulus":14,"slider_start":100,"sprites":"butterflies","response":139,"absDeviation":11,"callibration":"test","block":6,"seed":14,"numerosity":150,"matchType":"paired","which":"second","trial_type":"numerosity-estimation","trial_index":126,"time_elapsed":425911,"subject_id":"76341"},{"rt":2913,"stimulus":15,"slider_start":100,"sprites":"hearts","response":160,"absDeviation":39,"callibration":"test","block":6,"seed":15,"numerosity":121,"matchType":"unpaired","which":"second","trial_type":"numerosity-estimation","trial_index":127,"time_elapsed":428827,"subject_id":"76341"},{"rt":2898,"stimulus":16,"slider_start":100,"sprites":"crackers","response":65,"absDeviation":1,"callibration":"test","block":6,"seed":16,"numerosity":64,"matchType":"unpaired","which":"second","trial_type":"numerosity-estimation","trial_index":128,"time_elapsed":431726,"subject_id":"76341"},{"rt":1679,"stimulus":"<p> For the last block of trials, the average deviation of your guesses from correct answers was 19.</p>\n     <p>The smaller the deviation the better.  Your deviation was <b> VERY good</b>.</p><br>\n       <p>Press any key to continue to the next block of trials</p>","response":" ","trial_type":"html-keyboard-response","trial_index":129,"time_elapsed":433406,"subject_id":"76341"},{"rt":2119,"stimulus":18,"slider_start":100,"sprites":"fruits","response":133,"absDeviation":26,"callibration":"test","block":7,"seed":18,"numerosity":107,"matchType":"paired","which":"first","trial_type":"numerosity-estimation","trial_index":130,"time_elapsed":435527,"subject_id":"76341"},{"rt":2097,"stimulus":18,"slider_start":100,"sprites":"fruits","response":133,"absDeviation":26,"callibration":"test","block":7,"seed":18,"numerosity":107,"matchType":"paired","which":"second","trial_type":"numerosity-estimation","trial_index":131,"time_elapsed":437627,"subject_id":"76341"},{"rt":2399,"stimulus":19,"slider_start":100,"sprites":"jellyBeans","response":152,"absDeviation":17,"callibration":"test","block":7,"seed":19,"numerosity":135,"matchType":"unpaired","which":"second","trial_type":"numerosity-estimation","trial_index":132,"time_elapsed":440028,"subject_id":"76341"},{"rt":4696,"stimulus":20,"slider_start":100,"sprites":"marbles","response":123,"absDeviation":45,"callibration":"test","block":7,"seed":20,"numerosity":78,"matchType":"unpaired","which":"second","trial_type":"numerosity-estimation","trial_index":133,"time_elapsed":444727,"subject_id":"76341"},{"rt":4014,"stimulus":22,"slider_start":100,"sprites":"rocks","response":127,"absDeviation":35,"callibration":"test","block":7,"seed":22,"numerosity":92,"matchType":"paired","which":"first","trial_type":"numerosity-estimation","trial_index":134,"time_elapsed":448743,"subject_id":"76341"},{"rt":2664,"stimulus":22,"slider_start":100,"sprites":"rocks","response":130,"absDeviation":38,"callibration":"test","block":7,"seed":22,"numerosity":92,"matchType":"paired","which":"second","trial_type":"numerosity-estimation","trial_index":135,"time_elapsed":451410,"subject_id":"76341"},{"rt":2498,"stimulus":23,"slider_start":100,"sprites":"buttons","response":150,"absDeviation":0,"callibration":"test","block":7,"seed":23,"numerosity":150,"matchType":"unpaired","which":"second","trial_type":"numerosity-estimation","trial_index":136,"time_elapsed":453911,"subject_id":"76341"},{"rt":4131,"stimulus":24,"slider_start":100,"sprites":"animalCrackers","response":127,"absDeviation":20,"callibration":"test","block":7,"seed":24,"numerosity":107,"matchType":"unpaired","which":"second","trial_type":"numerosity-estimation","trial_index":137,"time_elapsed":458044,"subject_id":"76341"},{"rt":3331,"stimulus":26,"slider_start":100,"sprites":"butterflies","response":92,"absDeviation":0,"callibration":"test","block":7,"seed":26,"numerosity":92,"matchType":"paired","which":"first","trial_type":"numerosity-estimation","trial_index":138,"time_elapsed":461378,"subject_id":"76341"},{"rt":2430,"stimulus":26,"slider_start":100,"sprites":"butterflies","response":91,"absDeviation":1,"callibration":"test","block":7,"seed":26,"numerosity":92,"matchType":"paired","which":"second","trial_type":"numerosity-estimation","trial_index":139,"time_elapsed":463810,"subject_id":"76341"},{"rt":2281,"stimulus":27,"slider_start":100,"sprites":"hearts","response":137,"absDeviation":16,"callibration":"test","block":7,"seed":27,"numerosity":121,"matchType":"unpaired","which":"second","trial_type":"numerosity-estimation","trial_index":140,"time_elapsed":466094,"subject_id":"76341"},{"rt":3648,"stimulus":28,"slider_start":100,"sprites":"crackers","response":152,"absDeviation":2,"callibration":"test","block":7,"seed":28,"numerosity":150,"matchType":"unpaired","which":"second","trial_type":"numerosity-estimation","trial_index":141,"time_elapsed":469744,"subject_id":"76341"},{"rt":2331,"stimulus":30,"slider_start":100,"sprites":"fruits","response":138,"absDeviation":31,"callibration":"test","block":7,"seed":30,"numerosity":107,"matchType":"paired","which":"first","trial_type":"numerosity-estimation","trial_index":142,"time_elapsed":472078,"subject_id":"76341"},{"rt":2697,"stimulus":30,"slider_start":100,"sprites":"fruits","response":133,"absDeviation":26,"callibration":"test","block":7,"seed":30,"numerosity":107,"matchType":"paired","which":"second","trial_type":"numerosity-estimation","trial_index":143,"time_elapsed":474777,"subject_id":"76341"},{"rt":2732,"stimulus":31,"slider_start":100,"sprites":"jellyBeans","response":156,"absDeviation":6,"callibration":"test","block":7,"seed":31,"numerosity":150,"matchType":"unpaired","which":"second","trial_type":"numerosity-estimation","trial_index":144,"time_elapsed":477511,"subject_id":"76341"},{"rt":2731,"stimulus":32,"slider_start":100,"sprites":"marbles","response":116,"absDeviation":19,"callibration":"test","block":7,"seed":32,"numerosity":135,"matchType":"unpaired","which":"second","trial_type":"numerosity-estimation","trial_index":145,"time_elapsed":480244,"subject_id":"76341"},{"rt":1045,"stimulus":"<p> For the last block of trials, the average deviation of your guesses from correct answers was 19.</p>\n     <p>The smaller the deviation the better.  Your deviation was <b> VERY good</b>.</p><br>\n       <p>Press any key to continue to the next block of trials</p>","response":" ","trial_type":"html-keyboard-response","trial_index":146,"time_elapsed":481290,"subject_id":"76341"},{"rt":2627,"stimulus":34,"slider_start":100,"sprites":"rocks","response":77,"absDeviation":27,"callibration":"test","block":8,"seed":34,"numerosity":50,"matchType":"paired","which":"first","trial_type":"numerosity-estimation","trial_index":147,"time_elapsed":483921,"subject_id":"76341"},{"rt":2239,"stimulus":34,"slider_start":100,"sprites":"rocks","response":66,"absDeviation":16,"callibration":"test","block":8,"seed":34,"numerosity":50,"matchType":"paired","which":"second","trial_type":"numerosity-estimation","trial_index":148,"time_elapsed":486161,"subject_id":"76341"},{"rt":3681,"stimulus":35,"slider_start":100,"sprites":"buttons","response":90,"absDeviation":12,"callibration":"test","block":8,"seed":35,"numerosity":78,"matchType":"unpaired","which":"second","trial_type":"numerosity-estimation","trial_index":149,"time_elapsed":489844,"subject_id":"76341"},{"rt":3031,"stimulus":36,"slider_start":100,"sprites":"animalCrackers","response":50,"absDeviation":0,"callibration":"test","block":8,"seed":36,"numerosity":50,"matchType":"unpaired","which":"second","trial_type":"numerosity-estimation","trial_index":150,"time_elapsed":492878,"subject_id":"76341"},{"rt":1982,"stimulus":38,"slider_start":100,"sprites":"butterflies","response":67,"absDeviation":11,"callibration":"test","block":8,"seed":38,"numerosity":78,"matchType":"paired","which":"first","trial_type":"numerosity-estimation","trial_index":151,"time_elapsed":494862,"subject_id":"76341"},{"rt":2914,"stimulus":38,"slider_start":100,"sprites":"butterflies","response":75,"absDeviation":3,"callibration":"test","block":8,"seed":38,"numerosity":78,"matchType":"paired","which":"second","trial_type":"numerosity-estimation","trial_index":152,"time_elapsed":497777,"subject_id":"76341"},{"rt":1950,"stimulus":39,"slider_start":100,"sprites":"hearts","response":119,"absDeviation":41,"callibration":"test","block":8,"seed":39,"numerosity":78,"matchType":"unpaired","which":"second","trial_type":"numerosity-estimation","trial_index":153,"time_elapsed":499729,"subject_id":"76341"},{"rt":2546,"stimulus":40,"slider_start":100,"sprites":"crackers","response":125,"absDeviation":4,"callibration":"test","block":8,"seed":40,"numerosity":121,"matchType":"unpaired","which":"second","trial_type":"numerosity-estimation","trial_index":154,"time_elapsed":502278,"subject_id":"76341"},{"rt":3448,"stimulus":42,"slider_start":100,"sprites":"fruits","response":121,"absDeviation":43,"callibration":"test","block":8,"seed":42,"numerosity":78,"matchType":"paired","which":"first","trial_type":"numerosity-estimation","trial_index":155,"time_elapsed":505728,"subject_id":"76341"},{"rt":2599,"stimulus":42,"slider_start":100,"sprites":"fruits","response":130,"absDeviation":52,"callibration":"test","block":8,"seed":42,"numerosity":78,"matchType":"paired","which":"second","trial_type":"numerosity-estimation","trial_index":156,"time_elapsed":508330,"subject_id":"76341"},{"rt":2363,"stimulus":43,"slider_start":100,"sprites":"jellyBeans","response":78,"absDeviation":14,"callibration":"test","block":8,"seed":43,"numerosity":64,"matchType":"unpaired","which":"second","trial_type":"numerosity-estimation","trial_index":157,"time_elapsed":510695,"subject_id":"76341"},{"rt":2681,"stimulus":44,"slider_start":100,"sprites":"marbles","response":129,"absDeviation":8,"callibration":"test","block":8,"seed":44,"numerosity":121,"matchType":"unpaired","which":"second","trial_type":"numerosity-estimation","trial_index":158,"time_elapsed":513378,"subject_id":"76341"},{"rt":2284,"stimulus":46,"slider_start":100,"sprites":"rocks","response":131,"absDeviation":24,"callibration":"test","block":8,"seed":46,"numerosity":107,"matchType":"paired","which":"first","trial_type":"numerosity-estimation","trial_index":159,"time_elapsed":515663,"subject_id":"76341"},{"rt":2529,"stimulus":46,"slider_start":100,"sprites":"rocks","response":149,"absDeviation":42,"callibration":"test","block":8,"seed":46,"numerosity":107,"matchType":"paired","which":"second","trial_type":"numerosity-estimation","trial_index":160,"time_elapsed":518194,"subject_id":"76341"},{"rt":2666,"stimulus":47,"slider_start":100,"sprites":"buttons","response":140,"absDeviation":19,"callibration":"test","block":8,"seed":47,"numerosity":121,"matchType":"unpaired","which":"second","trial_type":"numerosity-estimation","trial_index":161,"time_elapsed":520862,"subject_id":"76341"},{"rt":2631,"stimulus":48,"slider_start":100,"sprites":"animalCrackers","response":151,"absDeviation":16,"callibration":"test","block":8,"seed":48,"numerosity":135,"matchType":"unpaired","which":"second","trial_type":"numerosity-estimation","trial_index":162,"time_elapsed":523495,"subject_id":"76341"},{"rt":1335,"stimulus":"<p> For the last block of trials, the average deviation of your guesses from correct answers was 21.</p>\n     <p>The smaller the deviation the better.  Your deviation was <b> VERY good</b>.</p><br>\n       <p>Press any key to continue to the next block of trials</p>","response":" ","trial_type":"html-keyboard-response","trial_index":163,"time_elapsed":524831,"subject_id":"76341"},{"rt":2561,"stimulus":50,"slider_start":100,"sprites":"butterflies","response":133,"absDeviation":17,"callibration":"test","block":9,"seed":50,"numerosity":150,"matchType":"paired","which":"first","trial_type":"numerosity-estimation","trial_index":164,"time_elapsed":527396,"subject_id":"76341"},{"rt":2947,"stimulus":50,"slider_start":100,"sprites":"butterflies","response":117,"absDeviation":33,"callibration":"test","block":9,"seed":50,"numerosity":150,"matchType":"paired","which":"second","trial_type":"numerosity-estimation","trial_index":165,"time_elapsed":530346,"subject_id":"76341"},{"rt":2247,"stimulus":51,"slider_start":100,"sprites":"hearts","response":143,"absDeviation":7,"callibration":"test","block":9,"seed":51,"numerosity":150,"matchType":"unpaired","which":"second","trial_type":"numerosity-estimation","trial_index":166,"time_elapsed":532595,"subject_id":"76341"},{"rt":1914,"stimulus":52,"slider_start":100,"sprites":"crackers","response":116,"absDeviation":38,"callibration":"test","block":9,"seed":52,"numerosity":78,"matchType":"unpaired","which":"second","trial_type":"numerosity-estimation","trial_index":167,"time_elapsed":534511,"subject_id":"76341"},{"rt":3865,"stimulus":54,"slider_start":100,"sprites":"fruits","response":122,"absDeviation":30,"callibration":"test","block":9,"seed":54,"numerosity":92,"matchType":"paired","which":"first","trial_type":"numerosity-estimation","trial_index":168,"time_elapsed":538378,"subject_id":"76341"},{"rt":2548,"stimulus":54,"slider_start":100,"sprites":"fruits","response":133,"absDeviation":41,"callibration":"test","block":9,"seed":54,"numerosity":92,"matchType":"paired","which":"second","trial_type":"numerosity-estimation","trial_index":169,"time_elapsed":540929,"subject_id":"76341"},{"rt":3080,"stimulus":55,"slider_start":100,"sprites":"jellyBeans","response":141,"absDeviation":20,"callibration":"test","block":9,"seed":55,"numerosity":121,"matchType":"unpaired","which":"second","trial_type":"numerosity-estimation","trial_index":170,"time_elapsed":544012,"subject_id":"76341"},{"rt":3283,"stimulus":56,"slider_start":100,"sprites":"marbles","response":61,"absDeviation":3,"callibration":"test","block":9,"seed":56,"numerosity":64,"matchType":"unpaired","which":"second","trial_type":"numerosity-estimation","trial_index":171,"time_elapsed":547297,"subject_id":"76341"},{"rt":2246,"stimulus":58,"slider_start":100,"sprites":"rocks","response":131,"absDeviation":10,"callibration":"test","block":9,"seed":58,"numerosity":121,"matchType":"paired","which":"first","trial_type":"numerosity-estimation","trial_index":172,"time_elapsed":549545,"subject_id":"76341"},{"rt":2197,"stimulus":58,"slider_start":100,"sprites":"rocks","response":148,"absDeviation":27,"callibration":"test","block":9,"seed":58,"numerosity":121,"matchType":"paired","which":"second","trial_type":"numerosity-estimation","trial_index":173,"time_elapsed":551745,"subject_id":"76341"},{"rt":2732,"stimulus":59,"slider_start":100,"sprites":"buttons","response":144,"absDeviation":9,"callibration":"test","block":9,"seed":59,"numerosity":135,"matchType":"unpaired","which":"second","trial_type":"numerosity-estimation","trial_index":174,"time_elapsed":554479,"subject_id":"76341"},{"rt":2746,"stimulus":60,"slider_start":100,"sprites":"animalCrackers","response":161,"absDeviation":11,"callibration":"test","block":9,"seed":60,"numerosity":150,"matchType":"unpaired","which":"second","trial_type":"numerosity-estimation","trial_index":175,"time_elapsed":557228,"subject_id":"76341"},{"rt":2649,"stimulus":62,"slider_start":100,"sprites":"butterflies","response":123,"absDeviation":12,"callibration":"test","block":9,"seed":62,"numerosity":135,"matchType":"paired","which":"first","trial_type":"numerosity-estimation","trial_index":176,"time_elapsed":559879,"subject_id":"76341"},{"rt":4581,"stimulus":62,"slider_start":100,"sprites":"butterflies","response":127,"absDeviation":8,"callibration":"test","block":9,"seed":62,"numerosity":135,"matchType":"paired","which":"second","trial_type":"numerosity-estimation","trial_index":177,"time_elapsed":564462,"subject_id":"76341"},{"rt":3497,"stimulus":63,"slider_start":100,"sprites":"hearts","response":87,"absDeviation":23,"callibration":"test","block":9,"seed":63,"numerosity":64,"matchType":"unpaired","which":"second","trial_type":"numerosity-estimation","trial_index":178,"time_elapsed":567962,"subject_id":"76341"},{"rt":2630,"stimulus":64,"slider_start":100,"sprites":"crackers","response":156,"absDeviation":21,"callibration":"test","block":9,"seed":64,"numerosity":135,"matchType":"unpaired","which":"second","trial_type":"numerosity-estimation","trial_index":179,"time_elapsed":570595,"subject_id":"76341"},{"rt":1258,"stimulus":"<p> For the last block of trials, the average deviation of your guesses from correct answers was 19.</p>\n     <p>The smaller the deviation the better.  Your deviation was <b> VERY good</b>.</p><br>\n       <p>Press any key to continue to the next block of trials</p>","response":" ","trial_type":"html-keyboard-response","trial_index":180,"time_elapsed":571855,"subject_id":"76341"},{"rt":2639,"stimulus":66,"slider_start":100,"sprites":"fruits","response":68,"absDeviation":4,"callibration":"test","block":10,"seed":66,"numerosity":64,"matchType":"paired","which":"first","trial_type":"numerosity-estimation","trial_index":181,"time_elapsed":574496,"subject_id":"76341"},{"rt":3197,"stimulus":66,"slider_start":100,"sprites":"fruits","response":72,"absDeviation":8,"callibration":"test","block":10,"seed":66,"numerosity":64,"matchType":"paired","which":"second","trial_type":"numerosity-estimation","trial_index":182,"time_elapsed":577696,"subject_id":"76341"},{"rt":2131,"stimulus":67,"slider_start":100,"sprites":"jellyBeans","response":140,"absDeviation":33,"callibration":"test","block":10,"seed":67,"numerosity":107,"matchType":"unpaired","which":"second","trial_type":"numerosity-estimation","trial_index":183,"time_elapsed":579828,"subject_id":"76341"},{"rt":3283,"stimulus":68,"slider_start":100,"sprites":"marbles","response":117,"absDeviation":33,"callibration":"test","block":10,"seed":68,"numerosity":150,"matchType":"unpaired","which":"second","trial_type":"numerosity-estimation","trial_index":184,"time_elapsed":583113,"subject_id":"76341"},{"rt":2614,"stimulus":70,"slider_start":100,"sprites":"rocks","response":120,"absDeviation":28,"callibration":"test","block":10,"seed":70,"numerosity":92,"matchType":"paired","which":"first","trial_type":"numerosity-estimation","trial_index":185,"time_elapsed":585729,"subject_id":"76341"},{"rt":4297,"stimulus":70,"slider_start":100,"sprites":"rocks","response":86,"absDeviation":6,"callibration":"test","block":10,"seed":70,"numerosity":92,"matchType":"paired","which":"second","trial_type":"numerosity-estimation","trial_index":186,"time_elapsed":590029,"subject_id":"76341"},{"rt":2315,"stimulus":71,"slider_start":100,"sprites":"buttons","response":128,"absDeviation":21,"callibration":"test","block":10,"seed":71,"numerosity":107,"matchType":"unpaired","which":"second","trial_type":"numerosity-estimation","trial_index":187,"time_elapsed":592347,"subject_id":"76341"},{"rt":2479,"stimulus":72,"slider_start":100,"sprites":"animalCrackers","response":53,"absDeviation":3,"callibration":"test","block":10,"seed":72,"numerosity":50,"matchType":"unpaired","which":"second","trial_type":"numerosity-estimation","trial_index":188,"time_elapsed":594828,"subject_id":"76341"},{"rt":2700,"stimulus":74,"slider_start":100,"sprites":"butterflies","response":66,"absDeviation":2,"callibration":"test","block":10,"seed":74,"numerosity":64,"matchType":"paired","which":"first","trial_type":"numerosity-estimation","trial_index":189,"time_elapsed":597530,"subject_id":"76341"},{"rt":3814,"stimulus":74,"slider_start":100,"sprites":"butterflies","response":75,"absDeviation":11,"callibration":"test","block":10,"seed":74,"numerosity":64,"matchType":"paired","which":"second","trial_type":"numerosity-estimation","trial_index":190,"time_elapsed":601346,"subject_id":"76341"},{"rt":2697,"stimulus":75,"slider_start":100,"sprites":"hearts","response":116,"absDeviation":24,"callibration":"test","block":10,"seed":75,"numerosity":92,"matchType":"unpaired","which":"second","trial_type":"numerosity-estimation","trial_index":191,"time_elapsed":604046,"subject_id":"76341"},{"rt":3814,"stimulus":76,"slider_start":100,"sprites":"crackers","response":86,"absDeviation":22,"callibration":"test","block":10,"seed":76,"numerosity":64,"matchType":"unpaired","which":"second","trial_type":"numerosity-estimation","trial_index":192,"time_elapsed":607862,"subject_id":"76341"},{"rt":2747,"stimulus":78,"slider_start":100,"sprites":"fruits","response":88,"absDeviation":24,"callibration":"test","block":10,"seed":78,"numerosity":64,"matchType":"paired","which":"first","trial_type":"numerosity-estimation","trial_index":193,"time_elapsed":610613,"subject_id":"76341"},{"rt":2215,"stimulus":78,"slider_start":100,"sprites":"fruits","response":80,"absDeviation":16,"callibration":"test","block":10,"seed":78,"numerosity":64,"matchType":"paired","which":"second","trial_type":"numerosity-estimation","trial_index":194,"time_elapsed":612830,"subject_id":"76341"},{"rt":2929,"stimulus":79,"slider_start":100,"sprites":"jellyBeans","response":93,"absDeviation":43,"callibration":"test","block":10,"seed":79,"numerosity":50,"matchType":"unpaired","which":"second","trial_type":"numerosity-estimation","trial_index":195,"time_elapsed":615762,"subject_id":"76341"},{"rt":2565,"stimulus":80,"slider_start":100,"sprites":"marbles","response":113,"absDeviation":8,"callibration":"test","block":10,"seed":80,"numerosity":121,"matchType":"unpaired","which":"second","trial_type":"numerosity-estimation","trial_index":196,"time_elapsed":618329,"subject_id":"76341"},{"rt":1285,"stimulus":"<p> For the last block of trials, the average deviation of your guesses from correct answers was 18.</p>\n     <p>The smaller the deviation the better.  Your deviation was <b> VERY good</b>.</p><br>\n       <p>Press any key to continue to the next block of trials</p>","response":" ","trial_type":"html-keyboard-response","trial_index":197,"time_elapsed":619616,"subject_id":"76341"},{"rt":4812,"stimulus":82,"slider_start":100,"sprites":"rocks","response":122,"absDeviation":58,"callibration":"test","block":11,"seed":82,"numerosity":64,"matchType":"paired","which":"first","trial_type":"numerosity-estimation","trial_index":198,"time_elapsed":624430,"subject_id":"76341"},{"rt":3178,"stimulus":82,"slider_start":100,"sprites":"rocks","response":119,"absDeviation":55,"callibration":"test","block":11,"seed":82,"numerosity":64,"matchType":"paired","which":"second","trial_type":"numerosity-estimation","trial_index":199,"time_elapsed":627610,"subject_id":"76341"},{"rt":1667,"stimulus":83,"slider_start":100,"sprites":"buttons","response":142,"absDeviation":21,"callibration":"test","block":11,"seed":83,"numerosity":121,"matchType":"unpaired","which":"second","trial_type":"numerosity-estimation","trial_index":200,"time_elapsed":629279,"subject_id":"76341"},{"rt":2767,"stimulus":84,"slider_start":100,"sprites":"animalCrackers","response":85,"absDeviation":35,"callibration":"test","block":11,"seed":84,"numerosity":50,"matchType":"unpaired","which":"second","trial_type":"numerosity-estimation","trial_index":201,"time_elapsed":632048,"subject_id":"76341"},{"rt":2014,"stimulus":86,"slider_start":100,"sprites":"butterflies","response":123,"absDeviation":2,"callibration":"test","block":11,"seed":86,"numerosity":121,"matchType":"paired","which":"first","trial_type":"numerosity-estimation","trial_index":202,"time_elapsed":634065,"subject_id":"76341"},{"rt":2330,"stimulus":86,"slider_start":100,"sprites":"butterflies","response":123,"absDeviation":2,"callibration":"test","block":11,"seed":86,"numerosity":121,"matchType":"paired","which":"second","trial_type":"numerosity-estimation","trial_index":203,"time_elapsed":636397,"subject_id":"76341"},{"rt":2448,"stimulus":87,"slider_start":100,"sprites":"hearts","response":84,"absDeviation":34,"callibration":"test","block":11,"seed":87,"numerosity":50,"matchType":"unpaired","which":"second","trial_type":"numerosity-estimation","trial_index":204,"time_elapsed":638847,"subject_id":"76341"},{"rt":1880,"stimulus":88,"slider_start":100,"sprites":"crackers","response":141,"absDeviation":6,"callibration":"test","block":11,"seed":88,"numerosity":135,"matchType":"unpaired","which":"second","trial_type":"numerosity-estimation","trial_index":205,"time_elapsed":640730,"subject_id":"76341"},{"rt":2897,"stimulus":90,"slider_start":100,"sprites":"fruits","response":165,"absDeviation":15,"callibration":"test","block":11,"seed":90,"numerosity":150,"matchType":"paired","which":"first","trial_type":"numerosity-estimation","trial_index":206,"time_elapsed":643629,"subject_id":"76341"},{"rt":2732,"stimulus":90,"slider_start":100,"sprites":"fruits","response":153,"absDeviation":3,"callibration":"test","block":11,"seed":90,"numerosity":150,"matchType":"paired","which":"second","trial_type":"numerosity-estimation","trial_index":207,"time_elapsed":646364,"subject_id":"76341"},{"rt":2398,"stimulus":91,"slider_start":100,"sprites":"jellyBeans","response":114,"absDeviation":22,"callibration":"test","block":11,"seed":91,"numerosity":92,"matchType":"unpaired","which":"second","trial_type":"numerosity-estimation","trial_index":208,"time_elapsed":648764,"subject_id":"76341"},{"rt":3164,"stimulus":92,"slider_start":100,"sprites":"marbles","response":123,"absDeviation":2,"callibration":"test","block":11,"seed":92,"numerosity":121,"matchType":"unpaired","which":"second","trial_type":"numerosity-estimation","trial_index":209,"time_elapsed":651930,"subject_id":"76341"},{"rt":2848,"stimulus":94,"slider_start":100,"sprites":"rocks","response":112,"absDeviation":34,"callibration":"test","block":11,"seed":94,"numerosity":78,"matchType":"paired","which":"first","trial_type":"numerosity-estimation","trial_index":210,"time_elapsed":654781,"subject_id":"76341"},{"rt":4663,"stimulus":94,"slider_start":100,"sprites":"rocks","response":114,"absDeviation":36,"callibration":"test","block":11,"seed":94,"numerosity":78,"matchType":"paired","which":"second","trial_type":"numerosity-estimation","trial_index":211,"time_elapsed":659447,"subject_id":"76341"},{"rt":2547,"stimulus":95,"slider_start":100,"sprites":"buttons","response":89,"absDeviation":25,"callibration":"test","block":11,"seed":95,"numerosity":64,"matchType":"unpaired","which":"second","trial_type":"numerosity-estimation","trial_index":212,"time_elapsed":661997,"subject_id":"76341"},{"rt":2314,"stimulus":96,"slider_start":100,"sprites":"animalCrackers","response":111,"absDeviation":19,"callibration":"test","block":11,"seed":96,"numerosity":92,"matchType":"unpaired","which":"second","trial_type":"numerosity-estimation","trial_index":213,"time_elapsed":664313,"subject_id":"76341"},{"rt":1016,"stimulus":"<p> For the last block of trials, the average deviation of your guesses from correct answers was 23.</p>\n     <p>The smaller the deviation the better.  Your deviation was <b> VERY good</b>.</p><br>\n       <p>Press any key to continue to the next block of trials</p>","response":" ","trial_type":"html-keyboard-response","trial_index":214,"time_elapsed":665330,"subject_id":"76341"},{"rt":19098,"response":{"averageEstimates":"When the two displays occured back-to-back, in immediate succession.","firstOrSecond":"The first time the objects were shown"},"question_order":[0,1],"trial_type":"survey-multi-choice","trial_index":215,"time_elapsed":684432,"subject_id":"76341"}]