[{"rt":4965,"url":"consent.html","trial_type":"external-html","trial_index":0,"time_elapsed":4990,"subject_id":"76743"},{"view_history":[{"page_index":0,"viewing_time":28775}],"rt":28775,"trial_type":"instructions","trial_index":1,"time_elapsed":33765,"subject_id":"76743"},{"rt":10341,"stimulus":0,"slider_start":100,"sprites":"animalCrackers","response":100,"absDeviation":50,"callibration":"callibration","block":-1,"seed":0,"numerosity":50,"matchType":"callibration","which":"first","trial_type":"numerosity-estimation","trial_index":2,"time_elapsed":44110,"subject_id":"76743"},{"rt":11710,"stimulus":1,"slider_start":100,"sprites":"letters","response":67,"absDeviation":3,"callibration":"callibration","block":-1,"seed":1,"numerosity":64,"matchType":"callibration","which":"first","trial_type":"numerosity-estimation","trial_index":3,"time_elapsed":55816,"subject_id":"76743"},{"rt":2423,"stimulus":2,"slider_start":100,"sprites":"butterflies","response":100,"absDeviation":22,"callibration":"callibration","block":-1,"seed":2,"numerosity":78,"matchType":"callibration","which":"first","trial_type":"numerosity-estimation","trial_index":4,"time_elapsed":58241,"subject_id":"76743"},{"rt":2487,"stimulus":3,"slider_start":100,"sprites":"hearts","response":100,"absDeviation":8,"callibration":"callibration","block":-1,"seed":3,"numerosity":92,"matchType":"callibration","which":"first","trial_type":"numerosity-estimation","trial_index":5,"time_elapsed":60728,"subject_id":"76743"},{"rt":4119,"stimulus":4,"slider_start":100,"sprites":"crackers","response":100,"absDeviation":7,"callibration":"callibration","block":-1,"seed":4,"numerosity":107,"matchType":"callibration","which":"first","trial_type":"numerosity-estimation","trial_index":6,"time_elapsed":64849,"subject_id":"76743"},{"rt":3855,"stimulus":5,"slider_start":100,"sprites":"bears","response":100,"absDeviation":21,"callibration":"callibration","block":-1,"seed":5,"numerosity":121,"matchType":"callibration","which":"first","trial_type":"numerosity-estimation","trial_index":7,"time_elapsed":68704,"subject_id":"76743"},{"rt":1887,"stimulus":6,"slider_start":100,"sprites":"fruits","response":100,"absDeviation":35,"callibration":"callibration","block":-1,"seed":6,"numerosity":135,"matchType":"callibration","which":"first","trial_type":"numerosity-estimation","trial_index":8,"time_elapsed":70592,"subject_id":"76743"},{"rt":2094,"stimulus":7,"slider_start":100,"sprites":"jellyBeans","response":100,"absDeviation":50,"callibration":"callibration","block":-1,"seed":7,"numerosity":150,"matchType":"callibration","which":"first","trial_type":"numerosity-estimation","trial_index":9,"time_elapsed":72688,"subject_id":"76743"},{"view_history":[{"page_index":0,"viewing_time":18312}],"rt":18312,"trial_type":"instructions","trial_index":10,"time_elapsed":91000,"subject_id":"76743"},{"rt":6343,"stimulus":1,"slider_start":100,"sprites":"letters","response":93,"absDeviation":1,"callibration":"test","block":0,"seed":1,"numerosity":92,"matchType":"paired","which":"first","trial_type":"numerosity-estimation","trial_index":11,"time_elapsed":97344,"subject_id":"76743"},{"rt":3551,"stimulus":1,"slider_start":100,"sprites":"letters","response":88,"absDeviation":4,"callibration":"test","block":0,"seed":1,"numerosity":92,"matchType":"paired","which":"second","trial_type":"numerosity-estimation","trial_index":12,"time_elapsed":100896,"subject_id":"76743"},{"rt":7095,"stimulus":3,"slider_start":100,"sprites":"hearts","response":57,"absDeviation":7,"callibration":"test","block":0,"seed":3,"numerosity":50,"matchType":"unpaired","which":"first","trial_type":"numerosity-estimation","trial_index":13,"time_elapsed":107992,"subject_id":"76743"},{"rt":2671,"stimulus":4,"slider_start":100,"sprites":"crackers","response":104,"absDeviation":3,"callibration":"test","block":0,"seed":4,"numerosity":107,"matchType":"unpaired","which":"first","trial_type":"numerosity-estimation","trial_index":14,"time_elapsed":110680,"subject_id":"76743"},{"rt":4263,"stimulus":5,"slider_start":100,"sprites":"bears","response":47,"absDeviation":3,"callibration":"test","block":0,"seed":5,"numerosity":50,"matchType":"paired","which":"first","trial_type":"numerosity-estimation","trial_index":15,"time_elapsed":114944,"subject_id":"76743"},{"rt":4311,"stimulus":5,"slider_start":100,"sprites":"bears","response":45,"absDeviation":5,"callibration":"test","block":0,"seed":5,"numerosity":50,"matchType":"paired","which":"second","trial_type":"numerosity-estimation","trial_index":16,"time_elapsed":119256,"subject_id":"76743"},{"rt":5999,"stimulus":7,"slider_start":100,"sprites":"jellyBeans","response":38,"absDeviation":12,"callibration":"test","block":0,"seed":7,"numerosity":50,"matchType":"unpaired","which":"first","trial_type":"numerosity-estimation","trial_index":17,"time_elapsed":125256,"subject_id":"76743"},{"rt":4543,"stimulus":8,"slider_start":100,"sprites":"marbles","response":63,"absDeviation":29,"callibration":"test","block":0,"seed":8,"numerosity":92,"matchType":"unpaired","which":"first","trial_type":"numerosity-estimation","trial_index":18,"time_elapsed":129800,"subject_id":"76743"},{"rt":3423,"stimulus":9,"slider_start":100,"sprites":"mints","response":109,"absDeviation":26,"callibration":"test","block":0,"seed":9,"numerosity":135,"matchType":"paired","which":"first","trial_type":"numerosity-estimation","trial_index":19,"time_elapsed":133224,"subject_id":"76743"},{"rt":3103,"stimulus":9,"slider_start":100,"sprites":"mints","response":129,"absDeviation":6,"callibration":"test","block":0,"seed":9,"numerosity":135,"matchType":"paired","which":"second","trial_type":"numerosity-estimation","trial_index":20,"time_elapsed":136328,"subject_id":"76743"},{"rt":3271,"stimulus":11,"slider_start":100,"sprites":"buttons","response":122,"absDeviation":15,"callibration":"test","block":0,"seed":11,"numerosity":107,"matchType":"unpaired","which":"first","trial_type":"numerosity-estimation","trial_index":21,"time_elapsed":139599,"subject_id":"76743"},{"rt":2336,"stimulus":12,"slider_start":100,"sprites":"animalCrackers","response":118,"absDeviation":26,"callibration":"test","block":0,"seed":12,"numerosity":92,"matchType":"unpaired","which":"first","trial_type":"numerosity-estimation","trial_index":22,"time_elapsed":141936,"subject_id":"76743"},{"rt":2167,"stimulus":13,"slider_start":100,"sprites":"letters","response":132,"absDeviation":25,"callibration":"test","block":0,"seed":13,"numerosity":107,"matchType":"paired","which":"first","trial_type":"numerosity-estimation","trial_index":23,"time_elapsed":144104,"subject_id":"76743"},{"rt":2583,"stimulus":13,"slider_start":100,"sprites":"letters","response":115,"absDeviation":8,"callibration":"test","block":0,"seed":13,"numerosity":107,"matchType":"paired","which":"second","trial_type":"numerosity-estimation","trial_index":24,"time_elapsed":146688,"subject_id":"76743"},{"rt":1999,"stimulus":15,"slider_start":100,"sprites":"hearts","response":118,"absDeviation":3,"callibration":"test","block":0,"seed":15,"numerosity":121,"matchType":"unpaired","which":"first","trial_type":"numerosity-estimation","trial_index":25,"time_elapsed":148688,"subject_id":"76743"},{"rt":2215,"stimulus":16,"slider_start":100,"sprites":"crackers","response":75,"absDeviation":11,"callibration":"test","block":0,"seed":16,"numerosity":64,"matchType":"unpaired","which":"first","trial_type":"numerosity-estimation","trial_index":26,"time_elapsed":150903,"subject_id":"76743"},{"rt":9879,"stimulus":"<p> For the last block of trials, the average deviation of your guesses from correct answers was 12.</p>\n     <p>The smaller the deviation the better.  Your deviation was <b> AMAZINGLY good</b>.</p><br>\n       <p>Press any key to continue to the next block of trials</p>","response":"arrowright","trial_type":"html-keyboard-response","trial_index":27,"time_elapsed":160784,"subject_id":"76743"},{"rt":4494,"stimulus":17,"slider_start":100,"sprites":"bears","response":84,"absDeviation":8,"callibration":"test","block":1,"seed":17,"numerosity":92,"matchType":"paired","which":"first","trial_type":"numerosity-estimation","trial_index":28,"time_elapsed":165279,"subject_id":"76743"},{"rt":2039,"stimulus":17,"slider_start":100,"sprites":"bears","response":82,"absDeviation":10,"callibration":"test","block":1,"seed":17,"numerosity":92,"matchType":"paired","which":"second","trial_type":"numerosity-estimation","trial_index":29,"time_elapsed":167320,"subject_id":"76743"},{"rt":4511,"stimulus":19,"slider_start":100,"sprites":"jellyBeans","response":113,"absDeviation":22,"callibration":"test","block":1,"seed":19,"numerosity":135,"matchType":"unpaired","which":"first","trial_type":"numerosity-estimation","trial_index":30,"time_elapsed":171831,"subject_id":"76743"},{"rt":3447,"stimulus":20,"slider_start":100,"sprites":"marbles","response":87,"absDeviation":9,"callibration":"test","block":1,"seed":20,"numerosity":78,"matchType":"unpaired","which":"first","trial_type":"numerosity-estimation","trial_index":31,"time_elapsed":175280,"subject_id":"76743"},{"rt":3151,"stimulus":21,"slider_start":100,"sprites":"mints","response":80,"absDeviation":12,"callibration":"test","block":1,"seed":21,"numerosity":92,"matchType":"paired","which":"first","trial_type":"numerosity-estimation","trial_index":32,"time_elapsed":178432,"subject_id":"76743"},{"rt":4038,"stimulus":21,"slider_start":100,"sprites":"mints","response":73,"absDeviation":19,"callibration":"test","block":1,"seed":21,"numerosity":92,"matchType":"paired","which":"second","trial_type":"numerosity-estimation","trial_index":33,"time_elapsed":182472,"subject_id":"76743"},{"rt":2647,"stimulus":23,"slider_start":100,"sprites":"buttons","response":119,"absDeviation":31,"callibration":"test","block":1,"seed":23,"numerosity":150,"matchType":"unpaired","which":"first","trial_type":"numerosity-estimation","trial_index":34,"time_elapsed":185119,"subject_id":"76743"},{"rt":2503,"stimulus":24,"slider_start":100,"sprites":"animalCrackers","response":117,"absDeviation":10,"callibration":"test","block":1,"seed":24,"numerosity":107,"matchType":"unpaired","which":"first","trial_type":"numerosity-estimation","trial_index":35,"time_elapsed":187624,"subject_id":"76743"},{"rt":3111,"stimulus":25,"slider_start":100,"sprites":"letters","response":113,"absDeviation":6,"callibration":"test","block":1,"seed":25,"numerosity":107,"matchType":"paired","which":"first","trial_type":"numerosity-estimation","trial_index":36,"time_elapsed":190736,"subject_id":"76743"},{"rt":2279,"stimulus":25,"slider_start":100,"sprites":"letters","response":113,"absDeviation":6,"callibration":"test","block":1,"seed":25,"numerosity":107,"matchType":"paired","which":"second","trial_type":"numerosity-estimation","trial_index":37,"time_elapsed":193016,"subject_id":"76743"},{"rt":2871,"stimulus":27,"slider_start":100,"sprites":"hearts","response":133,"absDeviation":12,"callibration":"test","block":1,"seed":27,"numerosity":121,"matchType":"unpaired","which":"first","trial_type":"numerosity-estimation","trial_index":38,"time_elapsed":195888,"subject_id":"76743"},{"rt":2199,"stimulus":28,"slider_start":100,"sprites":"crackers","response":134,"absDeviation":16,"callibration":"test","block":1,"seed":28,"numerosity":150,"matchType":"unpaired","which":"first","trial_type":"numerosity-estimation","trial_index":39,"time_elapsed":198088,"subject_id":"76743"},{"rt":8383,"stimulus":29,"slider_start":100,"sprites":"bears","response":95,"absDeviation":31,"callibration":"test","block":1,"seed":29,"numerosity":64,"matchType":"paired","which":"first","trial_type":"numerosity-estimation","trial_index":40,"time_elapsed":206471,"subject_id":"76743"},{"rt":2591,"stimulus":29,"slider_start":100,"sprites":"bears","response":77,"absDeviation":13,"callibration":"test","block":1,"seed":29,"numerosity":64,"matchType":"paired","which":"second","trial_type":"numerosity-estimation","trial_index":41,"time_elapsed":209064,"subject_id":"76743"},{"rt":2287,"stimulus":31,"slider_start":100,"sprites":"jellyBeans","response":118,"absDeviation":32,"callibration":"test","block":1,"seed":31,"numerosity":150,"matchType":"unpaired","which":"first","trial_type":"numerosity-estimation","trial_index":42,"time_elapsed":211351,"subject_id":"76743"},{"rt":2207,"stimulus":32,"slider_start":100,"sprites":"marbles","response":116,"absDeviation":19,"callibration":"test","block":1,"seed":32,"numerosity":135,"matchType":"unpaired","which":"first","trial_type":"numerosity-estimation","trial_index":43,"time_elapsed":213560,"subject_id":"76743"},{"rt":1896,"stimulus":"<p> For the last block of trials, the average deviation of your guesses from correct answers was 16.</p>\n     <p>The smaller the deviation the better.  Your deviation was <b> VERY good</b>.</p><br>\n       <p>Press any key to continue to the next block of trials</p>","response":"+","trial_type":"html-keyboard-response","trial_index":44,"time_elapsed":215456,"subject_id":"76743"},{"rt":2343,"stimulus":33,"slider_start":100,"sprites":"mints","response":127,"absDeviation":6,"callibration":"test","block":2,"seed":33,"numerosity":121,"matchType":"paired","which":"first","trial_type":"numerosity-estimation","trial_index":45,"time_elapsed":217800,"subject_id":"76743"},{"rt":2479,"stimulus":33,"slider_start":100,"sprites":"mints","response":124,"absDeviation":3,"callibration":"test","block":2,"seed":33,"numerosity":121,"matchType":"paired","which":"second","trial_type":"numerosity-estimation","trial_index":46,"time_elapsed":220279,"subject_id":"76743"},{"rt":2637,"stimulus":35,"slider_start":100,"sprites":"buttons","response":89,"absDeviation":11,"callibration":"test","block":2,"seed":35,"numerosity":78,"matchType":"unpaired","which":"first","trial_type":"numerosity-estimation","trial_index":47,"time_elapsed":222920,"subject_id":"76743"},{"rt":2983,"stimulus":36,"slider_start":100,"sprites":"animalCrackers","response":31,"absDeviation":19,"callibration":"test","block":2,"seed":36,"numerosity":50,"matchType":"unpaired","which":"first","trial_type":"numerosity-estimation","trial_index":48,"time_elapsed":225903,"subject_id":"76743"},{"rt":3815,"stimulus":37,"slider_start":100,"sprites":"letters","response":117,"absDeviation":18,"callibration":"test","block":2,"seed":37,"numerosity":135,"matchType":"paired","which":"first","trial_type":"numerosity-estimation","trial_index":49,"time_elapsed":229719,"subject_id":"76743"},{"rt":4079,"stimulus":37,"slider_start":100,"sprites":"letters","response":119,"absDeviation":16,"callibration":"test","block":2,"seed":37,"numerosity":135,"matchType":"paired","which":"second","trial_type":"numerosity-estimation","trial_index":50,"time_elapsed":233800,"subject_id":"76743"},{"rt":3575,"stimulus":39,"slider_start":100,"sprites":"hearts","response":77,"absDeviation":1,"callibration":"test","block":2,"seed":39,"numerosity":78,"matchType":"unpaired","which":"first","trial_type":"numerosity-estimation","trial_index":51,"time_elapsed":237376,"subject_id":"76743"},{"rt":3191,"stimulus":40,"slider_start":100,"sprites":"crackers","response":116,"absDeviation":5,"callibration":"test","block":2,"seed":40,"numerosity":121,"matchType":"unpaired","which":"first","trial_type":"numerosity-estimation","trial_index":52,"time_elapsed":240567,"subject_id":"76743"},{"rt":3119,"stimulus":41,"slider_start":100,"sprites":"bears","response":27,"absDeviation":23,"callibration":"test","block":2,"seed":41,"numerosity":50,"matchType":"paired","which":"first","trial_type":"numerosity-estimation","trial_index":53,"time_elapsed":243688,"subject_id":"76743"},{"rt":4087,"stimulus":41,"slider_start":100,"sprites":"bears","response":25,"absDeviation":25,"callibration":"test","block":2,"seed":41,"numerosity":50,"matchType":"paired","which":"second","trial_type":"numerosity-estimation","trial_index":54,"time_elapsed":247776,"subject_id":"76743"},{"rt":2271,"stimulus":43,"slider_start":100,"sprites":"jellyBeans","response":50,"absDeviation":14,"callibration":"test","block":2,"seed":43,"numerosity":64,"matchType":"unpaired","which":"first","trial_type":"numerosity-estimation","trial_index":55,"time_elapsed":250048,"subject_id":"76743"},{"rt":2327,"stimulus":44,"slider_start":100,"sprites":"marbles","response":77,"absDeviation":44,"callibration":"test","block":2,"seed":44,"numerosity":121,"matchType":"unpaired","which":"first","trial_type":"numerosity-estimation","trial_index":56,"time_elapsed":252375,"subject_id":"76743"},{"rt":2407,"stimulus":45,"slider_start":100,"sprites":"mints","response":97,"absDeviation":24,"callibration":"test","block":2,"seed":45,"numerosity":121,"matchType":"paired","which":"first","trial_type":"numerosity-estimation","trial_index":57,"time_elapsed":254783,"subject_id":"76743"},{"rt":2063,"stimulus":45,"slider_start":100,"sprites":"mints","response":109,"absDeviation":12,"callibration":"test","block":2,"seed":45,"numerosity":121,"matchType":"paired","which":"second","trial_type":"numerosity-estimation","trial_index":58,"time_elapsed":256847,"subject_id":"76743"},{"rt":2783,"stimulus":47,"slider_start":100,"sprites":"buttons","response":114,"absDeviation":7,"callibration":"test","block":2,"seed":47,"numerosity":121,"matchType":"unpaired","which":"first","trial_type":"numerosity-estimation","trial_index":59,"time_elapsed":259631,"subject_id":"76743"},{"rt":2287,"stimulus":48,"slider_start":100,"sprites":"animalCrackers","response":126,"absDeviation":9,"callibration":"test","block":2,"seed":48,"numerosity":135,"matchType":"unpaired","which":"first","trial_type":"numerosity-estimation","trial_index":60,"time_elapsed":261919,"subject_id":"76743"},{"rt":2207,"stimulus":"<p> For the last block of trials, the average deviation of your guesses from correct answers was 15.</p>\n     <p>The smaller the deviation the better.  Your deviation was <b> VERY good</b>.</p><br>\n       <p>Press any key to continue to the next block of trials</p>","response":"+","trial_type":"html-keyboard-response","trial_index":61,"time_elapsed":264127,"subject_id":"76743"},{"rt":4047,"stimulus":49,"slider_start":100,"sprites":"letters","response":86,"absDeviation":8,"callibration":"test","block":3,"seed":49,"numerosity":78,"matchType":"paired","which":"first","trial_type":"numerosity-estimation","trial_index":62,"time_elapsed":268175,"subject_id":"76743"},{"rt":2007,"stimulus":49,"slider_start":100,"sprites":"letters","response":84,"absDeviation":6,"callibration":"test","block":3,"seed":49,"numerosity":78,"matchType":"paired","which":"second","trial_type":"numerosity-estimation","trial_index":63,"time_elapsed":270183,"subject_id":"76743"},{"rt":2071,"stimulus":51,"slider_start":100,"sprites":"hearts","response":127,"absDeviation":23,"callibration":"test","block":3,"seed":51,"numerosity":150,"matchType":"unpaired","which":"first","trial_type":"numerosity-estimation","trial_index":64,"time_elapsed":272255,"subject_id":"76743"},{"rt":2863,"stimulus":52,"slider_start":100,"sprites":"crackers","response":93,"absDeviation":15,"callibration":"test","block":3,"seed":52,"numerosity":78,"matchType":"unpaired","which":"first","trial_type":"numerosity-estimation","trial_index":65,"time_elapsed":275119,"subject_id":"76743"},{"rt":2607,"stimulus":53,"slider_start":100,"sprites":"bears","response":46,"absDeviation":4,"callibration":"test","block":3,"seed":53,"numerosity":50,"matchType":"paired","which":"first","trial_type":"numerosity-estimation","trial_index":66,"time_elapsed":277727,"subject_id":"76743"},{"rt":3535,"stimulus":53,"slider_start":100,"sprites":"bears","response":42,"absDeviation":8,"callibration":"test","block":3,"seed":53,"numerosity":50,"matchType":"paired","which":"second","trial_type":"numerosity-estimation","trial_index":67,"time_elapsed":281263,"subject_id":"76743"},{"rt":2759,"stimulus":55,"slider_start":100,"sprites":"jellyBeans","response":88,"absDeviation":33,"callibration":"test","block":3,"seed":55,"numerosity":121,"matchType":"unpaired","which":"first","trial_type":"numerosity-estimation","trial_index":68,"time_elapsed":284024,"subject_id":"76743"},{"rt":2455,"stimulus":56,"slider_start":100,"sprites":"marbles","response":28,"absDeviation":36,"callibration":"test","block":3,"seed":56,"numerosity":64,"matchType":"unpaired","which":"first","trial_type":"numerosity-estimation","trial_index":69,"time_elapsed":286479,"subject_id":"76743"},{"rt":2631,"stimulus":57,"slider_start":100,"sprites":"mints","response":65,"absDeviation":1,"callibration":"test","block":3,"seed":57,"numerosity":64,"matchType":"paired","which":"first","trial_type":"numerosity-estimation","trial_index":70,"time_elapsed":289112,"subject_id":"76743"},{"rt":3071,"stimulus":57,"slider_start":100,"sprites":"mints","response":68,"absDeviation":4,"callibration":"test","block":3,"seed":57,"numerosity":64,"matchType":"paired","which":"second","trial_type":"numerosity-estimation","trial_index":71,"time_elapsed":292183,"subject_id":"76743"},{"rt":3135,"stimulus":59,"slider_start":100,"sprites":"buttons","response":85,"absDeviation":50,"callibration":"test","block":3,"seed":59,"numerosity":135,"matchType":"unpaired","which":"first","trial_type":"numerosity-estimation","trial_index":72,"time_elapsed":295319,"subject_id":"76743"},{"rt":4567,"stimulus":60,"slider_start":100,"sprites":"animalCrackers","response":146,"absDeviation":4,"callibration":"test","block":3,"seed":60,"numerosity":150,"matchType":"unpaired","which":"first","trial_type":"numerosity-estimation","trial_index":73,"time_elapsed":299887,"subject_id":"76743"},{"rt":4456,"stimulus":61,"slider_start":100,"sprites":"letters","response":36,"absDeviation":14,"callibration":"test","block":3,"seed":61,"numerosity":50,"matchType":"paired","which":"first","trial_type":"numerosity-estimation","trial_index":74,"time_elapsed":304343,"subject_id":"76743"},{"rt":2399,"stimulus":61,"slider_start":100,"sprites":"letters","response":50,"absDeviation":0,"callibration":"test","block":3,"seed":61,"numerosity":50,"matchType":"paired","which":"second","trial_type":"numerosity-estimation","trial_index":75,"time_elapsed":306743,"subject_id":"76743"},{"rt":4415,"stimulus":63,"slider_start":100,"sprites":"hearts","response":84,"absDeviation":20,"callibration":"test","block":3,"seed":63,"numerosity":64,"matchType":"unpaired","which":"first","trial_type":"numerosity-estimation","trial_index":76,"time_elapsed":311159,"subject_id":"76743"},{"rt":2615,"stimulus":64,"slider_start":100,"sprites":"crackers","response":143,"absDeviation":8,"callibration":"test","block":3,"seed":64,"numerosity":135,"matchType":"unpaired","which":"first","trial_type":"numerosity-estimation","trial_index":77,"time_elapsed":313775,"subject_id":"76743"},{"rt":1120,"stimulus":"<p> For the last block of trials, the average deviation of your guesses from correct answers was 15.</p>\n     <p>The smaller the deviation the better.  Your deviation was <b> VERY good</b>.</p><br>\n       <p>Press any key to continue to the next block of trials</p>","response":"+","trial_type":"html-keyboard-response","trial_index":78,"time_elapsed":314895,"subject_id":"76743"},{"rt":2951,"stimulus":65,"slider_start":100,"sprites":"bears","response":134,"absDeviation":27,"callibration":"test","block":4,"seed":65,"numerosity":107,"matchType":"paired","which":"first","trial_type":"numerosity-estimation","trial_index":79,"time_elapsed":317847,"subject_id":"76743"},{"rt":2679,"stimulus":65,"slider_start":100,"sprites":"bears","response":131,"absDeviation":24,"callibration":"test","block":4,"seed":65,"numerosity":107,"matchType":"paired","which":"second","trial_type":"numerosity-estimation","trial_index":80,"time_elapsed":320527,"subject_id":"76743"},{"rt":2415,"stimulus":67,"slider_start":100,"sprites":"jellyBeans","response":118,"absDeviation":11,"callibration":"test","block":4,"seed":67,"numerosity":107,"matchType":"unpaired","which":"first","trial_type":"numerosity-estimation","trial_index":81,"time_elapsed":322943,"subject_id":"76743"},{"rt":2711,"stimulus":68,"slider_start":100,"sprites":"marbles","response":123,"absDeviation":27,"callibration":"test","block":4,"seed":68,"numerosity":150,"matchType":"unpaired","which":"first","trial_type":"numerosity-estimation","trial_index":82,"time_elapsed":325655,"subject_id":"76743"},{"rt":2135,"stimulus":69,"slider_start":100,"sprites":"mints","response":122,"absDeviation":1,"callibration":"test","block":4,"seed":69,"numerosity":121,"matchType":"paired","which":"first","trial_type":"numerosity-estimation","trial_index":83,"time_elapsed":327791,"subject_id":"76743"},{"rt":2743,"stimulus":69,"slider_start":100,"sprites":"mints","response":120,"absDeviation":1,"callibration":"test","block":4,"seed":69,"numerosity":121,"matchType":"paired","which":"second","trial_type":"numerosity-estimation","trial_index":84,"time_elapsed":330535,"subject_id":"76743"},{"rt":2463,"stimulus":71,"slider_start":100,"sprites":"buttons","response":124,"absDeviation":17,"callibration":"test","block":4,"seed":71,"numerosity":107,"matchType":"unpaired","which":"first","trial_type":"numerosity-estimation","trial_index":85,"time_elapsed":332999,"subject_id":"76743"},{"rt":3367,"stimulus":72,"slider_start":100,"sprites":"animalCrackers","response":41,"absDeviation":9,"callibration":"test","block":4,"seed":72,"numerosity":50,"matchType":"unpaired","which":"first","trial_type":"numerosity-estimation","trial_index":86,"time_elapsed":336367,"subject_id":"76743"},{"rt":3567,"stimulus":73,"slider_start":100,"sprites":"letters","response":106,"absDeviation":28,"callibration":"test","block":4,"seed":73,"numerosity":78,"matchType":"paired","which":"first","trial_type":"numerosity-estimation","trial_index":87,"time_elapsed":339935,"subject_id":"76743"},{"rt":3719,"stimulus":73,"slider_start":100,"sprites":"letters","response":65,"absDeviation":13,"callibration":"test","block":4,"seed":73,"numerosity":78,"matchType":"paired","which":"second","trial_type":"numerosity-estimation","trial_index":88,"time_elapsed":343655,"subject_id":"76743"},{"rt":4047,"stimulus":75,"slider_start":100,"sprites":"hearts","response":108,"absDeviation":16,"callibration":"test","block":4,"seed":75,"numerosity":92,"matchType":"unpaired","which":"first","trial_type":"numerosity-estimation","trial_index":89,"time_elapsed":347703,"subject_id":"76743"},{"rt":3071,"stimulus":76,"slider_start":100,"sprites":"crackers","response":34,"absDeviation":30,"callibration":"test","block":4,"seed":76,"numerosity":64,"matchType":"unpaired","which":"first","trial_type":"numerosity-estimation","trial_index":90,"time_elapsed":350777,"subject_id":"76743"},{"rt":2031,"stimulus":77,"slider_start":100,"sprites":"bears","response":114,"absDeviation":21,"callibration":"test","block":4,"seed":77,"numerosity":135,"matchType":"paired","which":"first","trial_type":"numerosity-estimation","trial_index":91,"time_elapsed":352809,"subject_id":"76743"},{"rt":2031,"stimulus":77,"slider_start":100,"sprites":"bears","response":121,"absDeviation":14,"callibration":"test","block":4,"seed":77,"numerosity":135,"matchType":"paired","which":"second","trial_type":"numerosity-estimation","trial_index":92,"time_elapsed":354841,"subject_id":"76743"},{"rt":2503,"stimulus":79,"slider_start":100,"sprites":"jellyBeans","response":25,"absDeviation":25,"callibration":"test","block":4,"seed":79,"numerosity":50,"matchType":"unpaired","which":"first","trial_type":"numerosity-estimation","trial_index":93,"time_elapsed":357345,"subject_id":"76743"},{"rt":1903,"stimulus":80,"slider_start":100,"sprites":"marbles","response":64,"absDeviation":57,"callibration":"test","block":4,"seed":80,"numerosity":121,"matchType":"unpaired","which":"first","trial_type":"numerosity-estimation","trial_index":94,"time_elapsed":359249,"subject_id":"76743"},{"rt":1055,"stimulus":"<p> For the last block of trials, the average deviation of your guesses from correct answers was 20.</p>\n     <p>The smaller the deviation the better.  Your deviation was <b> VERY good</b>.</p><br>\n       <p>Press any key to continue to the next block of trials</p>","response":"+","trial_type":"html-keyboard-response","trial_index":95,"time_elapsed":360305,"subject_id":"76743"},{"rt":2439,"stimulus":81,"slider_start":100,"sprites":"mints","response":134,"absDeviation":13,"callibration":"test","block":5,"seed":81,"numerosity":121,"matchType":"paired","which":"first","trial_type":"numerosity-estimation","trial_index":96,"time_elapsed":362745,"subject_id":"76743"},{"rt":2383,"stimulus":81,"slider_start":100,"sprites":"mints","response":118,"absDeviation":3,"callibration":"test","block":5,"seed":81,"numerosity":121,"matchType":"paired","which":"second","trial_type":"numerosity-estimation","trial_index":97,"time_elapsed":365129,"subject_id":"76743"},{"rt":3319,"stimulus":83,"slider_start":100,"sprites":"buttons","response":114,"absDeviation":7,"callibration":"test","block":5,"seed":83,"numerosity":121,"matchType":"unpaired","which":"first","trial_type":"numerosity-estimation","trial_index":98,"time_elapsed":368449,"subject_id":"76743"},{"rt":3559,"stimulus":84,"slider_start":100,"sprites":"animalCrackers","response":25,"absDeviation":25,"callibration":"test","block":5,"seed":84,"numerosity":50,"matchType":"unpaired","which":"first","trial_type":"numerosity-estimation","trial_index":99,"time_elapsed":372009,"subject_id":"76743"},{"rt":3079,"stimulus":85,"slider_start":100,"sprites":"letters","response":57,"absDeviation":7,"callibration":"test","block":5,"seed":85,"numerosity":64,"matchType":"paired","which":"first","trial_type":"numerosity-estimation","trial_index":100,"time_elapsed":375089,"subject_id":"76743"},{"rt":2742,"stimulus":85,"slider_start":100,"sprites":"letters","response":50,"absDeviation":14,"callibration":"test","block":5,"seed":85,"numerosity":64,"matchType":"paired","which":"second","trial_type":"numerosity-estimation","trial_index":101,"time_elapsed":377832,"subject_id":"76743"},{"rt":2567,"stimulus":87,"slider_start":100,"sprites":"hearts","response":61,"absDeviation":11,"callibration":"test","block":5,"seed":87,"numerosity":50,"matchType":"unpaired","which":"first","trial_type":"numerosity-estimation","trial_index":102,"time_elapsed":380401,"subject_id":"76743"},{"rt":3991,"stimulus":88,"slider_start":100,"sprites":"crackers","response":119,"absDeviation":16,"callibration":"test","block":5,"seed":88,"numerosity":135,"matchType":"unpaired","which":"first","trial_type":"numerosity-estimation","trial_index":103,"time_elapsed":384393,"subject_id":"76743"},{"rt":2039,"stimulus":89,"slider_start":100,"sprites":"bears","response":48,"absDeviation":2,"callibration":"test","block":5,"seed":89,"numerosity":50,"matchType":"paired","which":"first","trial_type":"numerosity-estimation","trial_index":104,"time_elapsed":386433,"subject_id":"76743"},{"rt":2455,"stimulus":89,"slider_start":100,"sprites":"bears","response":54,"absDeviation":4,"callibration":"test","block":5,"seed":89,"numerosity":50,"matchType":"paired","which":"second","trial_type":"numerosity-estimation","trial_index":105,"time_elapsed":388889,"subject_id":"76743"},{"rt":4335,"stimulus":91,"slider_start":100,"sprites":"jellyBeans","response":101,"absDeviation":9,"callibration":"test","block":5,"seed":91,"numerosity":92,"matchType":"unpaired","which":"first","trial_type":"numerosity-estimation","trial_index":106,"time_elapsed":393225,"subject_id":"76743"},{"rt":2727,"stimulus":92,"slider_start":100,"sprites":"marbles","response":73,"absDeviation":48,"callibration":"test","block":5,"seed":92,"numerosity":121,"matchType":"unpaired","which":"first","trial_type":"numerosity-estimation","trial_index":107,"time_elapsed":395953,"subject_id":"76743"},{"rt":2943,"stimulus":93,"slider_start":100,"sprites":"mints","response":83,"absDeviation":5,"callibration":"test","block":5,"seed":93,"numerosity":78,"matchType":"paired","which":"first","trial_type":"numerosity-estimation","trial_index":108,"time_elapsed":398896,"subject_id":"76743"},{"rt":2935,"stimulus":93,"slider_start":100,"sprites":"mints","response":87,"absDeviation":9,"callibration":"test","block":5,"seed":93,"numerosity":78,"matchType":"paired","which":"second","trial_type":"numerosity-estimation","trial_index":109,"time_elapsed":401833,"subject_id":"76743"},{"rt":3327,"stimulus":95,"slider_start":100,"sprites":"buttons","response":87,"absDeviation":23,"callibration":"test","block":5,"seed":95,"numerosity":64,"matchType":"unpaired","which":"first","trial_type":"numerosity-estimation","trial_index":110,"time_elapsed":405161,"subject_id":"76743"},{"rt":3103,"stimulus":96,"slider_start":100,"sprites":"animalCrackers","response":71,"absDeviation":21,"callibration":"test","block":5,"seed":96,"numerosity":92,"matchType":"unpaired","which":"first","trial_type":"numerosity-estimation","trial_index":111,"time_elapsed":408264,"subject_id":"76743"},{"rt":1095,"stimulus":"<p> For the last block of trials, the average deviation of your guesses from correct answers was 14.</p>\n     <p>The smaller the deviation the better.  Your deviation was <b> AMAZINGLY good</b>.</p><br>\n       <p>Press any key to continue to the next block of trials</p>","response":"+","trial_type":"html-keyboard-response","trial_index":112,"time_elapsed":409360,"subject_id":"76743"},{"rt":2415,"stimulus":2,"slider_start":100,"sprites":"butterflies","response":110,"absDeviation":25,"callibration":"test","block":6,"seed":2,"numerosity":135,"matchType":"paired","which":"first","trial_type":"numerosity-estimation","trial_index":113,"time_elapsed":411772,"subject_id":"76743"},{"rt":3207,"stimulus":2,"slider_start":100,"sprites":"butterflies","response":109,"absDeviation":26,"callibration":"test","block":6,"seed":2,"numerosity":135,"matchType":"paired","which":"second","trial_type":"numerosity-estimation","trial_index":114,"time_elapsed":414980,"subject_id":"76743"},{"rt":2207,"stimulus":3,"slider_start":100,"sprites":"hearts","response":79,"absDeviation":29,"callibration":"test","block":6,"seed":3,"numerosity":50,"matchType":"unpaired","which":"second","trial_type":"numerosity-estimation","trial_index":115,"time_elapsed":417188,"subject_id":"76743"},{"rt":2775,"stimulus":4,"slider_start":100,"sprites":"crackers","response":114,"absDeviation":7,"callibration":"test","block":6,"seed":4,"numerosity":107,"matchType":"unpaired","which":"second","trial_type":"numerosity-estimation","trial_index":116,"time_elapsed":419964,"subject_id":"76743"},{"rt":2279,"stimulus":6,"slider_start":100,"sprites":"fruits","response":81,"absDeviation":3,"callibration":"test","block":6,"seed":6,"numerosity":78,"matchType":"paired","which":"first","trial_type":"numerosity-estimation","trial_index":117,"time_elapsed":422245,"subject_id":"76743"},{"rt":2222,"stimulus":6,"slider_start":100,"sprites":"fruits","response":92,"absDeviation":14,"callibration":"test","block":6,"seed":6,"numerosity":78,"matchType":"paired","which":"second","trial_type":"numerosity-estimation","trial_index":118,"time_elapsed":424468,"subject_id":"76743"},{"rt":2559,"stimulus":7,"slider_start":100,"sprites":"jellyBeans","response":80,"absDeviation":30,"callibration":"test","block":6,"seed":7,"numerosity":50,"matchType":"unpaired","which":"second","trial_type":"numerosity-estimation","trial_index":119,"time_elapsed":427028,"subject_id":"76743"},{"rt":4326,"stimulus":8,"slider_start":100,"sprites":"marbles","response":88,"absDeviation":4,"callibration":"test","block":6,"seed":8,"numerosity":92,"matchType":"unpaired","which":"second","trial_type":"numerosity-estimation","trial_index":120,"time_elapsed":431356,"subject_id":"76743"},{"rt":5151,"stimulus":10,"slider_start":100,"sprites":"rocks","response":84,"absDeviation":34,"callibration":"test","block":6,"seed":10,"numerosity":50,"matchType":"paired","which":"first","trial_type":"numerosity-estimation","trial_index":121,"time_elapsed":436509,"subject_id":"76743"},{"rt":2687,"stimulus":10,"slider_start":100,"sprites":"rocks","response":81,"absDeviation":31,"callibration":"test","block":6,"seed":10,"numerosity":50,"matchType":"paired","which":"second","trial_type":"numerosity-estimation","trial_index":122,"time_elapsed":439197,"subject_id":"76743"},{"rt":2551,"stimulus":11,"slider_start":100,"sprites":"buttons","response":109,"absDeviation":2,"callibration":"test","block":6,"seed":11,"numerosity":107,"matchType":"unpaired","which":"second","trial_type":"numerosity-estimation","trial_index":123,"time_elapsed":441748,"subject_id":"76743"},{"rt":2807,"stimulus":12,"slider_start":100,"sprites":"animalCrackers","response":91,"absDeviation":1,"callibration":"test","block":6,"seed":12,"numerosity":92,"matchType":"unpaired","which":"second","trial_type":"numerosity-estimation","trial_index":124,"time_elapsed":444556,"subject_id":"76743"},{"rt":2527,"stimulus":14,"slider_start":100,"sprites":"butterflies","response":90,"absDeviation":60,"callibration":"test","block":6,"seed":14,"numerosity":150,"matchType":"paired","which":"first","trial_type":"numerosity-estimation","trial_index":125,"time_elapsed":447084,"subject_id":"76743"},{"rt":3839,"stimulus":14,"slider_start":100,"sprites":"butterflies","response":92,"absDeviation":58,"callibration":"test","block":6,"seed":14,"numerosity":150,"matchType":"paired","which":"second","trial_type":"numerosity-estimation","trial_index":126,"time_elapsed":450924,"subject_id":"76743"},{"rt":2535,"stimulus":15,"slider_start":100,"sprites":"hearts","response":84,"absDeviation":37,"callibration":"test","block":6,"seed":15,"numerosity":121,"matchType":"unpaired","which":"second","trial_type":"numerosity-estimation","trial_index":127,"time_elapsed":453460,"subject_id":"76743"},{"rt":2367,"stimulus":16,"slider_start":100,"sprites":"crackers","response":68,"absDeviation":4,"callibration":"test","block":6,"seed":16,"numerosity":64,"matchType":"unpaired","which":"second","trial_type":"numerosity-estimation","trial_index":128,"time_elapsed":455828,"subject_id":"76743"},{"rt":1032,"stimulus":"<p> For the last block of trials, the average deviation of your guesses from correct answers was 23.</p>\n     <p>The smaller the deviation the better.  Your deviation was <b> VERY good</b>.</p><br>\n       <p>Press any key to continue to the next block of trials</p>","response":"+","trial_type":"html-keyboard-response","trial_index":129,"time_elapsed":456861,"subject_id":"76743"},{"rt":2199,"stimulus":18,"slider_start":100,"sprites":"fruits","response":65,"absDeviation":42,"callibration":"test","block":7,"seed":18,"numerosity":107,"matchType":"paired","which":"first","trial_type":"numerosity-estimation","trial_index":130,"time_elapsed":459060,"subject_id":"76743"},{"rt":2439,"stimulus":18,"slider_start":100,"sprites":"fruits","response":117,"absDeviation":10,"callibration":"test","block":7,"seed":18,"numerosity":107,"matchType":"paired","which":"second","trial_type":"numerosity-estimation","trial_index":131,"time_elapsed":461500,"subject_id":"76743"},{"rt":2327,"stimulus":19,"slider_start":100,"sprites":"jellyBeans","response":111,"absDeviation":24,"callibration":"test","block":7,"seed":19,"numerosity":135,"matchType":"unpaired","which":"second","trial_type":"numerosity-estimation","trial_index":132,"time_elapsed":463828,"subject_id":"76743"},{"rt":3527,"stimulus":20,"slider_start":100,"sprites":"marbles","response":73,"absDeviation":5,"callibration":"test","block":7,"seed":20,"numerosity":78,"matchType":"unpaired","which":"second","trial_type":"numerosity-estimation","trial_index":133,"time_elapsed":467356,"subject_id":"76743"},{"rt":2399,"stimulus":22,"slider_start":100,"sprites":"rocks","response":122,"absDeviation":30,"callibration":"test","block":7,"seed":22,"numerosity":92,"matchType":"paired","which":"first","trial_type":"numerosity-estimation","trial_index":134,"time_elapsed":469756,"subject_id":"76743"},{"rt":2335,"stimulus":22,"slider_start":100,"sprites":"rocks","response":108,"absDeviation":16,"callibration":"test","block":7,"seed":22,"numerosity":92,"matchType":"paired","which":"second","trial_type":"numerosity-estimation","trial_index":135,"time_elapsed":472099,"subject_id":"76743"},{"rt":2175,"stimulus":23,"slider_start":100,"sprites":"buttons","response":118,"absDeviation":32,"callibration":"test","block":7,"seed":23,"numerosity":150,"matchType":"unpaired","which":"second","trial_type":"numerosity-estimation","trial_index":136,"time_elapsed":474275,"subject_id":"76743"},{"rt":2711,"stimulus":24,"slider_start":100,"sprites":"animalCrackers","response":114,"absDeviation":7,"callibration":"test","block":7,"seed":24,"numerosity":107,"matchType":"unpaired","which":"second","trial_type":"numerosity-estimation","trial_index":137,"time_elapsed":476988,"subject_id":"76743"},{"rt":5351,"stimulus":26,"slider_start":100,"sprites":"butterflies","response":60,"absDeviation":32,"callibration":"test","block":7,"seed":26,"numerosity":92,"matchType":"paired","which":"first","trial_type":"numerosity-estimation","trial_index":138,"time_elapsed":482339,"subject_id":"76743"},{"rt":3375,"stimulus":26,"slider_start":100,"sprites":"butterflies","response":59,"absDeviation":33,"callibration":"test","block":7,"seed":26,"numerosity":92,"matchType":"paired","which":"second","trial_type":"numerosity-estimation","trial_index":139,"time_elapsed":485715,"subject_id":"76743"},{"rt":3447,"stimulus":27,"slider_start":100,"sprites":"hearts","response":88,"absDeviation":33,"callibration":"test","block":7,"seed":27,"numerosity":121,"matchType":"unpaired","which":"second","trial_type":"numerosity-estimation","trial_index":140,"time_elapsed":489163,"subject_id":"76743"},{"rt":2559,"stimulus":28,"slider_start":100,"sprites":"crackers","response":111,"absDeviation":39,"callibration":"test","block":7,"seed":28,"numerosity":150,"matchType":"unpaired","which":"second","trial_type":"numerosity-estimation","trial_index":141,"time_elapsed":491723,"subject_id":"76743"},{"rt":2383,"stimulus":30,"slider_start":100,"sprites":"fruits","response":111,"absDeviation":4,"callibration":"test","block":7,"seed":30,"numerosity":107,"matchType":"paired","which":"first","trial_type":"numerosity-estimation","trial_index":142,"time_elapsed":494107,"subject_id":"76743"},{"rt":2351,"stimulus":30,"slider_start":100,"sprites":"fruits","response":115,"absDeviation":8,"callibration":"test","block":7,"seed":30,"numerosity":107,"matchType":"paired","which":"second","trial_type":"numerosity-estimation","trial_index":143,"time_elapsed":496459,"subject_id":"76743"},{"rt":2583,"stimulus":31,"slider_start":100,"sprites":"jellyBeans","response":113,"absDeviation":37,"callibration":"test","block":7,"seed":31,"numerosity":150,"matchType":"unpaired","which":"second","trial_type":"numerosity-estimation","trial_index":144,"time_elapsed":499043,"subject_id":"76743"},{"rt":2215,"stimulus":32,"slider_start":100,"sprites":"marbles","response":94,"absDeviation":41,"callibration":"test","block":7,"seed":32,"numerosity":135,"matchType":"unpaired","which":"second","trial_type":"numerosity-estimation","trial_index":145,"time_elapsed":501260,"subject_id":"76743"},{"rt":1352,"stimulus":"<p> For the last block of trials, the average deviation of your guesses from correct answers was 25.</p>\n     <p>The smaller the deviation the better.  Your deviation was <b> good</b>.</p><br>\n       <p>Press any key to continue to the next block of trials</p>","response":"+","trial_type":"html-keyboard-response","trial_index":146,"time_elapsed":502612,"subject_id":"76743"},{"rt":2927,"stimulus":34,"slider_start":100,"sprites":"rocks","response":85,"absDeviation":35,"callibration":"test","block":8,"seed":34,"numerosity":50,"matchType":"paired","which":"first","trial_type":"numerosity-estimation","trial_index":147,"time_elapsed":505540,"subject_id":"76743"},{"rt":2703,"stimulus":34,"slider_start":100,"sprites":"rocks","response":85,"absDeviation":35,"callibration":"test","block":8,"seed":34,"numerosity":50,"matchType":"paired","which":"second","trial_type":"numerosity-estimation","trial_index":148,"time_elapsed":508243,"subject_id":"76743"},{"rt":1935,"stimulus":35,"slider_start":100,"sprites":"buttons","response":88,"absDeviation":10,"callibration":"test","block":8,"seed":35,"numerosity":78,"matchType":"unpaired","which":"second","trial_type":"numerosity-estimation","trial_index":149,"time_elapsed":510179,"subject_id":"76743"},{"rt":3351,"stimulus":36,"slider_start":100,"sprites":"animalCrackers","response":70,"absDeviation":20,"callibration":"test","block":8,"seed":36,"numerosity":50,"matchType":"unpaired","which":"second","trial_type":"numerosity-estimation","trial_index":150,"time_elapsed":513531,"subject_id":"76743"},{"rt":2327,"stimulus":38,"slider_start":100,"sprites":"butterflies","response":64,"absDeviation":14,"callibration":"test","block":8,"seed":38,"numerosity":78,"matchType":"paired","which":"first","trial_type":"numerosity-estimation","trial_index":151,"time_elapsed":515859,"subject_id":"76743"},{"rt":2239,"stimulus":38,"slider_start":100,"sprites":"butterflies","response":68,"absDeviation":10,"callibration":"test","block":8,"seed":38,"numerosity":78,"matchType":"paired","which":"second","trial_type":"numerosity-estimation","trial_index":152,"time_elapsed":518099,"subject_id":"76743"},{"rt":1975,"stimulus":39,"slider_start":100,"sprites":"hearts","response":66,"absDeviation":12,"callibration":"test","block":8,"seed":39,"numerosity":78,"matchType":"unpaired","which":"second","trial_type":"numerosity-estimation","trial_index":153,"time_elapsed":520075,"subject_id":"76743"},{"rt":2407,"stimulus":40,"slider_start":100,"sprites":"crackers","response":112,"absDeviation":9,"callibration":"test","block":8,"seed":40,"numerosity":121,"matchType":"unpaired","which":"second","trial_type":"numerosity-estimation","trial_index":154,"time_elapsed":522483,"subject_id":"76743"},{"rt":2247,"stimulus":42,"slider_start":100,"sprites":"fruits","response":104,"absDeviation":26,"callibration":"test","block":8,"seed":42,"numerosity":78,"matchType":"paired","which":"first","trial_type":"numerosity-estimation","trial_index":155,"time_elapsed":524731,"subject_id":"76743"},{"rt":2103,"stimulus":42,"slider_start":100,"sprites":"fruits","response":84,"absDeviation":6,"callibration":"test","block":8,"seed":42,"numerosity":78,"matchType":"paired","which":"second","trial_type":"numerosity-estimation","trial_index":156,"time_elapsed":526835,"subject_id":"76743"},{"rt":3423,"stimulus":43,"slider_start":100,"sprites":"jellyBeans","response":88,"absDeviation":24,"callibration":"test","block":8,"seed":43,"numerosity":64,"matchType":"unpaired","which":"second","trial_type":"numerosity-estimation","trial_index":157,"time_elapsed":530261,"subject_id":"76743"},{"rt":2871,"stimulus":44,"slider_start":100,"sprites":"marbles","response":105,"absDeviation":16,"callibration":"test","block":8,"seed":44,"numerosity":121,"matchType":"unpaired","which":"second","trial_type":"numerosity-estimation","trial_index":158,"time_elapsed":533133,"subject_id":"76743"},{"rt":1871,"stimulus":46,"slider_start":100,"sprites":"rocks","response":109,"absDeviation":2,"callibration":"test","block":8,"seed":46,"numerosity":107,"matchType":"paired","which":"first","trial_type":"numerosity-estimation","trial_index":159,"time_elapsed":535005,"subject_id":"76743"},{"rt":2615,"stimulus":46,"slider_start":100,"sprites":"rocks","response":111,"absDeviation":4,"callibration":"test","block":8,"seed":46,"numerosity":107,"matchType":"paired","which":"second","trial_type":"numerosity-estimation","trial_index":160,"time_elapsed":537621,"subject_id":"76743"},{"rt":2343,"stimulus":47,"slider_start":100,"sprites":"buttons","response":112,"absDeviation":9,"callibration":"test","block":8,"seed":47,"numerosity":121,"matchType":"unpaired","which":"second","trial_type":"numerosity-estimation","trial_index":161,"time_elapsed":539965,"subject_id":"76743"},{"rt":2863,"stimulus":48,"slider_start":100,"sprites":"animalCrackers","response":119,"absDeviation":16,"callibration":"test","block":8,"seed":48,"numerosity":135,"matchType":"unpaired","which":"second","trial_type":"numerosity-estimation","trial_index":162,"time_elapsed":542829,"subject_id":"76743"},{"rt":1480,"stimulus":"<p> For the last block of trials, the average deviation of your guesses from correct answers was 16.</p>\n     <p>The smaller the deviation the better.  Your deviation was <b> VERY good</b>.</p><br>\n       <p>Press any key to continue to the next block of trials</p>","response":"+","trial_type":"html-keyboard-response","trial_index":163,"time_elapsed":544309,"subject_id":"76743"},{"rt":4431,"stimulus":50,"slider_start":100,"sprites":"butterflies","response":112,"absDeviation":38,"callibration":"test","block":9,"seed":50,"numerosity":150,"matchType":"paired","which":"first","trial_type":"numerosity-estimation","trial_index":164,"time_elapsed":548741,"subject_id":"76743"},{"rt":2399,"stimulus":50,"slider_start":100,"sprites":"butterflies","response":108,"absDeviation":42,"callibration":"test","block":9,"seed":50,"numerosity":150,"matchType":"paired","which":"second","trial_type":"numerosity-estimation","trial_index":165,"time_elapsed":551141,"subject_id":"76743"},{"rt":3063,"stimulus":51,"slider_start":100,"sprites":"hearts","response":116,"absDeviation":34,"callibration":"test","block":9,"seed":51,"numerosity":150,"matchType":"unpaired","which":"second","trial_type":"numerosity-estimation","trial_index":166,"time_elapsed":554205,"subject_id":"76743"},{"rt":2679,"stimulus":52,"slider_start":100,"sprites":"crackers","response":73,"absDeviation":5,"callibration":"test","block":9,"seed":52,"numerosity":78,"matchType":"unpaired","which":"second","trial_type":"numerosity-estimation","trial_index":167,"time_elapsed":556885,"subject_id":"76743"},{"rt":1983,"stimulus":54,"slider_start":100,"sprites":"fruits","response":110,"absDeviation":18,"callibration":"test","block":9,"seed":54,"numerosity":92,"matchType":"paired","which":"first","trial_type":"numerosity-estimation","trial_index":168,"time_elapsed":558869,"subject_id":"76743"},{"rt":2711,"stimulus":54,"slider_start":100,"sprites":"fruits","response":106,"absDeviation":14,"callibration":"test","block":9,"seed":54,"numerosity":92,"matchType":"paired","which":"second","trial_type":"numerosity-estimation","trial_index":169,"time_elapsed":561581,"subject_id":"76743"},{"rt":2551,"stimulus":55,"slider_start":100,"sprites":"jellyBeans","response":111,"absDeviation":10,"callibration":"test","block":9,"seed":55,"numerosity":121,"matchType":"unpaired","which":"second","trial_type":"numerosity-estimation","trial_index":170,"time_elapsed":564133,"subject_id":"76743"},{"rt":3759,"stimulus":56,"slider_start":100,"sprites":"marbles","response":66,"absDeviation":2,"callibration":"test","block":9,"seed":56,"numerosity":64,"matchType":"unpaired","which":"second","trial_type":"numerosity-estimation","trial_index":171,"time_elapsed":567893,"subject_id":"76743"},{"rt":2343,"stimulus":58,"slider_start":100,"sprites":"rocks","response":88,"absDeviation":33,"callibration":"test","block":9,"seed":58,"numerosity":121,"matchType":"paired","which":"first","trial_type":"numerosity-estimation","trial_index":172,"time_elapsed":570237,"subject_id":"76743"},{"rt":3383,"stimulus":58,"slider_start":100,"sprites":"rocks","response":117,"absDeviation":4,"callibration":"test","block":9,"seed":58,"numerosity":121,"matchType":"paired","which":"second","trial_type":"numerosity-estimation","trial_index":173,"time_elapsed":573621,"subject_id":"76743"},{"rt":2303,"stimulus":59,"slider_start":100,"sprites":"buttons","response":120,"absDeviation":15,"callibration":"test","block":9,"seed":59,"numerosity":135,"matchType":"unpaired","which":"second","trial_type":"numerosity-estimation","trial_index":174,"time_elapsed":575925,"subject_id":"76743"},{"rt":2231,"stimulus":60,"slider_start":100,"sprites":"animalCrackers","response":126,"absDeviation":24,"callibration":"test","block":9,"seed":60,"numerosity":150,"matchType":"unpaired","which":"second","trial_type":"numerosity-estimation","trial_index":175,"time_elapsed":578157,"subject_id":"76743"},{"rt":2151,"stimulus":62,"slider_start":100,"sprites":"butterflies","response":82,"absDeviation":53,"callibration":"test","block":9,"seed":62,"numerosity":135,"matchType":"paired","which":"first","trial_type":"numerosity-estimation","trial_index":176,"time_elapsed":580309,"subject_id":"76743"},{"rt":2359,"stimulus":62,"slider_start":100,"sprites":"butterflies","response":74,"absDeviation":61,"callibration":"test","block":9,"seed":62,"numerosity":135,"matchType":"paired","which":"second","trial_type":"numerosity-estimation","trial_index":177,"time_elapsed":582669,"subject_id":"76743"},{"rt":2159,"stimulus":63,"slider_start":100,"sprites":"hearts","response":59,"absDeviation":5,"callibration":"test","block":9,"seed":63,"numerosity":64,"matchType":"unpaired","which":"second","trial_type":"numerosity-estimation","trial_index":178,"time_elapsed":584829,"subject_id":"76743"},{"rt":2295,"stimulus":64,"slider_start":100,"sprites":"crackers","response":128,"absDeviation":7,"callibration":"test","block":9,"seed":64,"numerosity":135,"matchType":"unpaired","which":"second","trial_type":"numerosity-estimation","trial_index":179,"time_elapsed":587125,"subject_id":"76743"},{"rt":1360,"stimulus":"<p> For the last block of trials, the average deviation of your guesses from correct answers was 23.</p>\n     <p>The smaller the deviation the better.  Your deviation was <b> VERY good</b>.</p><br>\n       <p>Press any key to continue to the next block of trials</p>","response":"+","trial_type":"html-keyboard-response","trial_index":180,"time_elapsed":588485,"subject_id":"76743"},{"rt":2255,"stimulus":66,"slider_start":100,"sprites":"fruits","response":84,"absDeviation":20,"callibration":"test","block":10,"seed":66,"numerosity":64,"matchType":"paired","which":"first","trial_type":"numerosity-estimation","trial_index":181,"time_elapsed":590742,"subject_id":"76743"},{"rt":2855,"stimulus":66,"slider_start":100,"sprites":"fruits","response":70,"absDeviation":6,"callibration":"test","block":10,"seed":66,"numerosity":64,"matchType":"paired","which":"second","trial_type":"numerosity-estimation","trial_index":182,"time_elapsed":593598,"subject_id":"76743"},{"rt":2295,"stimulus":67,"slider_start":100,"sprites":"jellyBeans","response":110,"absDeviation":3,"callibration":"test","block":10,"seed":67,"numerosity":107,"matchType":"unpaired","which":"second","trial_type":"numerosity-estimation","trial_index":183,"time_elapsed":595894,"subject_id":"76743"},{"rt":3951,"stimulus":68,"slider_start":100,"sprites":"marbles","response":94,"absDeviation":56,"callibration":"test","block":10,"seed":68,"numerosity":150,"matchType":"unpaired","which":"second","trial_type":"numerosity-estimation","trial_index":184,"time_elapsed":599846,"subject_id":"76743"},{"rt":2063,"stimulus":70,"slider_start":100,"sprites":"rocks","response":80,"absDeviation":12,"callibration":"test","block":10,"seed":70,"numerosity":92,"matchType":"paired","which":"first","trial_type":"numerosity-estimation","trial_index":185,"time_elapsed":601910,"subject_id":"76743"},{"rt":2159,"stimulus":70,"slider_start":100,"sprites":"rocks","response":82,"absDeviation":10,"callibration":"test","block":10,"seed":70,"numerosity":92,"matchType":"paired","which":"second","trial_type":"numerosity-estimation","trial_index":186,"time_elapsed":604070,"subject_id":"76743"},{"rt":2343,"stimulus":71,"slider_start":100,"sprites":"buttons","response":108,"absDeviation":1,"callibration":"test","block":10,"seed":71,"numerosity":107,"matchType":"unpaired","which":"second","trial_type":"numerosity-estimation","trial_index":187,"time_elapsed":606414,"subject_id":"76743"},{"rt":3783,"stimulus":72,"slider_start":100,"sprites":"animalCrackers","response":26,"absDeviation":24,"callibration":"test","block":10,"seed":72,"numerosity":50,"matchType":"unpaired","which":"second","trial_type":"numerosity-estimation","trial_index":188,"time_elapsed":610198,"subject_id":"76743"},{"rt":3471,"stimulus":74,"slider_start":100,"sprites":"butterflies","response":41,"absDeviation":23,"callibration":"test","block":10,"seed":74,"numerosity":64,"matchType":"paired","which":"first","trial_type":"numerosity-estimation","trial_index":189,"time_elapsed":613671,"subject_id":"76743"},{"rt":2647,"stimulus":74,"slider_start":100,"sprites":"butterflies","response":30,"absDeviation":34,"callibration":"test","block":10,"seed":74,"numerosity":64,"matchType":"paired","which":"second","trial_type":"numerosity-estimation","trial_index":190,"time_elapsed":616318,"subject_id":"76743"},{"rt":5527,"stimulus":75,"slider_start":100,"sprites":"hearts","response":105,"absDeviation":13,"callibration":"test","block":10,"seed":75,"numerosity":92,"matchType":"unpaired","which":"second","trial_type":"numerosity-estimation","trial_index":191,"time_elapsed":621846,"subject_id":"76743"},{"rt":3455,"stimulus":76,"slider_start":100,"sprites":"crackers","response":112,"absDeviation":48,"callibration":"test","block":10,"seed":76,"numerosity":64,"matchType":"unpaired","which":"second","trial_type":"numerosity-estimation","trial_index":192,"time_elapsed":625302,"subject_id":"76743"},{"rt":2743,"stimulus":78,"slider_start":100,"sprites":"fruits","response":91,"absDeviation":27,"callibration":"test","block":10,"seed":78,"numerosity":64,"matchType":"paired","which":"first","trial_type":"numerosity-estimation","trial_index":193,"time_elapsed":628046,"subject_id":"76743"},{"rt":3271,"stimulus":78,"slider_start":100,"sprites":"fruits","response":96,"absDeviation":32,"callibration":"test","block":10,"seed":78,"numerosity":64,"matchType":"paired","which":"second","trial_type":"numerosity-estimation","trial_index":194,"time_elapsed":631318,"subject_id":"76743"},{"rt":3071,"stimulus":79,"slider_start":100,"sprites":"jellyBeans","response":45,"absDeviation":5,"callibration":"test","block":10,"seed":79,"numerosity":50,"matchType":"unpaired","which":"second","trial_type":"numerosity-estimation","trial_index":195,"time_elapsed":634390,"subject_id":"76743"},{"rt":3607,"stimulus":80,"slider_start":100,"sprites":"marbles","response":72,"absDeviation":49,"callibration":"test","block":10,"seed":80,"numerosity":121,"matchType":"unpaired","which":"second","trial_type":"numerosity-estimation","trial_index":196,"time_elapsed":637998,"subject_id":"76743"},{"rt":968,"stimulus":"<p> For the last block of trials, the average deviation of your guesses from correct answers was 23.</p>\n     <p>The smaller the deviation the better.  Your deviation was <b> VERY good</b>.</p><br>\n       <p>Press any key to continue to the next block of trials</p>","response":"+","trial_type":"html-keyboard-response","trial_index":197,"time_elapsed":638967,"subject_id":"76743"},{"rt":2823,"stimulus":82,"slider_start":100,"sprites":"rocks","response":50,"absDeviation":14,"callibration":"test","block":11,"seed":82,"numerosity":64,"matchType":"paired","which":"first","trial_type":"numerosity-estimation","trial_index":198,"time_elapsed":641790,"subject_id":"76743"},{"rt":2879,"stimulus":82,"slider_start":100,"sprites":"rocks","response":71,"absDeviation":7,"callibration":"test","block":11,"seed":82,"numerosity":64,"matchType":"paired","which":"second","trial_type":"numerosity-estimation","trial_index":199,"time_elapsed":644670,"subject_id":"76743"},{"rt":1799,"stimulus":83,"slider_start":100,"sprites":"buttons","response":108,"absDeviation":13,"callibration":"test","block":11,"seed":83,"numerosity":121,"matchType":"unpaired","which":"second","trial_type":"numerosity-estimation","trial_index":200,"time_elapsed":646470,"subject_id":"76743"},{"rt":4215,"stimulus":84,"slider_start":100,"sprites":"animalCrackers","response":40,"absDeviation":10,"callibration":"test","block":11,"seed":84,"numerosity":50,"matchType":"unpaired","which":"second","trial_type":"numerosity-estimation","trial_index":201,"time_elapsed":650687,"subject_id":"76743"},{"rt":2327,"stimulus":86,"slider_start":100,"sprites":"butterflies","response":57,"absDeviation":64,"callibration":"test","block":11,"seed":86,"numerosity":121,"matchType":"paired","which":"first","trial_type":"numerosity-estimation","trial_index":202,"time_elapsed":653016,"subject_id":"76743"},{"rt":2991,"stimulus":86,"slider_start":100,"sprites":"butterflies","response":78,"absDeviation":43,"callibration":"test","block":11,"seed":86,"numerosity":121,"matchType":"paired","which":"second","trial_type":"numerosity-estimation","trial_index":203,"time_elapsed":656007,"subject_id":"76743"},{"rt":2815,"stimulus":87,"slider_start":100,"sprites":"hearts","response":46,"absDeviation":4,"callibration":"test","block":11,"seed":87,"numerosity":50,"matchType":"unpaired","which":"second","trial_type":"numerosity-estimation","trial_index":204,"time_elapsed":658823,"subject_id":"76743"},{"rt":1967,"stimulus":88,"slider_start":100,"sprites":"crackers","response":123,"absDeviation":12,"callibration":"test","block":11,"seed":88,"numerosity":135,"matchType":"unpaired","which":"second","trial_type":"numerosity-estimation","trial_index":205,"time_elapsed":660791,"subject_id":"76743"},{"rt":1815,"stimulus":90,"slider_start":100,"sprites":"fruits","response":107,"absDeviation":43,"callibration":"test","block":11,"seed":90,"numerosity":150,"matchType":"paired","which":"first","trial_type":"numerosity-estimation","trial_index":206,"time_elapsed":662608,"subject_id":"76743"},{"rt":1959,"stimulus":90,"slider_start":100,"sprites":"fruits","response":114,"absDeviation":36,"callibration":"test","block":11,"seed":90,"numerosity":150,"matchType":"paired","which":"second","trial_type":"numerosity-estimation","trial_index":207,"time_elapsed":664568,"subject_id":"76743"},{"rt":3007,"stimulus":91,"slider_start":100,"sprites":"jellyBeans","response":78,"absDeviation":14,"callibration":"test","block":11,"seed":91,"numerosity":92,"matchType":"unpaired","which":"second","trial_type":"numerosity-estimation","trial_index":208,"time_elapsed":667575,"subject_id":"76743"},{"rt":3120,"stimulus":92,"slider_start":100,"sprites":"marbles","response":108,"absDeviation":13,"callibration":"test","block":11,"seed":92,"numerosity":121,"matchType":"unpaired","which":"second","trial_type":"numerosity-estimation","trial_index":209,"time_elapsed":670695,"subject_id":"76743"},{"rt":2919,"stimulus":94,"slider_start":100,"sprites":"rocks","response":75,"absDeviation":3,"callibration":"test","block":11,"seed":94,"numerosity":78,"matchType":"paired","which":"first","trial_type":"numerosity-estimation","trial_index":210,"time_elapsed":673615,"subject_id":"76743"},{"rt":1887,"stimulus":94,"slider_start":100,"sprites":"rocks","response":61,"absDeviation":17,"callibration":"test","block":11,"seed":94,"numerosity":78,"matchType":"paired","which":"second","trial_type":"numerosity-estimation","trial_index":211,"time_elapsed":675503,"subject_id":"76743"},{"rt":2911,"stimulus":95,"slider_start":100,"sprites":"buttons","response":41,"absDeviation":23,"callibration":"test","block":11,"seed":95,"numerosity":64,"matchType":"unpaired","which":"second","trial_type":"numerosity-estimation","trial_index":212,"time_elapsed":678415,"subject_id":"76743"},{"rt":1967,"stimulus":96,"slider_start":100,"sprites":"animalCrackers","response":113,"absDeviation":21,"callibration":"test","block":11,"seed":96,"numerosity":92,"matchType":"unpaired","which":"second","trial_type":"numerosity-estimation","trial_index":213,"time_elapsed":680383,"subject_id":"76743"},{"rt":1127,"stimulus":"<p> For the last block of trials, the average deviation of your guesses from correct answers was 21.</p>\n     <p>The smaller the deviation the better.  Your deviation was <b> VERY good</b>.</p><br>\n       <p>Press any key to continue to the next block of trials</p>","response":"-","trial_type":"html-keyboard-response","trial_index":214,"time_elapsed":681511,"subject_id":"76743"},{"rt":24815,"response":{"averageEstimates":"When the two displays occured back-to-back, in immediate succession.","firstOrSecond":"The second time the objects were shown"},"question_order":[0,1],"trial_type":"survey-multi-choice","trial_index":215,"time_elapsed":706328,"subject_id":"76743"}]