[{"rt":9098,"url":"consent.html","trial_type":"external-html","trial_index":0,"time_elapsed":9121,"subject_id":"76167"},{"view_history":[{"page_index":0,"viewing_time":20541}],"rt":20541,"trial_type":"instructions","trial_index":1,"time_elapsed":29664,"subject_id":"76167"},{"rt":18351,"stimulus":0,"slider_start":100,"sprites":"animalCrackers","response":29,"absDeviation":21,"callibration":"callibration","block":-1,"seed":0,"numerosity":50,"matchType":"callibration","which":"first","trial_type":"numerosity-estimation","trial_index":2,"time_elapsed":48019,"subject_id":"76167"},{"rt":9682,"stimulus":1,"slider_start":100,"sprites":"letters","response":100,"absDeviation":36,"callibration":"callibration","block":-1,"seed":1,"numerosity":64,"matchType":"callibration","which":"first","trial_type":"numerosity-estimation","trial_index":3,"time_elapsed":57703,"subject_id":"76167"},{"rt":6885,"stimulus":2,"slider_start":100,"sprites":"butterflies","response":100,"absDeviation":22,"callibration":"callibration","block":-1,"seed":2,"numerosity":78,"matchType":"callibration","which":"first","trial_type":"numerosity-estimation","trial_index":4,"time_elapsed":64581,"subject_id":"76167"},{"rt":5961,"stimulus":3,"slider_start":100,"sprites":"hearts","response":100,"absDeviation":8,"callibration":"callibration","block":-1,"seed":3,"numerosity":92,"matchType":"callibration","which":"first","trial_type":"numerosity-estimation","trial_index":5,"time_elapsed":70547,"subject_id":"76167"},{"rt":4766,"stimulus":4,"slider_start":100,"sprites":"crackers","response":100,"absDeviation":7,"callibration":"callibration","block":-1,"seed":4,"numerosity":107,"matchType":"callibration","which":"first","trial_type":"numerosity-estimation","trial_index":6,"time_elapsed":75316,"subject_id":"76167"},{"rt":4683,"stimulus":5,"slider_start":100,"sprites":"bears","response":100,"absDeviation":21,"callibration":"callibration","block":-1,"seed":5,"numerosity":121,"matchType":"callibration","which":"first","trial_type":"numerosity-estimation","trial_index":7,"time_elapsed":80003,"subject_id":"76167"},{"rt":2630,"stimulus":6,"slider_start":100,"sprites":"fruits","response":100,"absDeviation":35,"callibration":"callibration","block":-1,"seed":6,"numerosity":135,"matchType":"callibration","which":"first","trial_type":"numerosity-estimation","trial_index":8,"time_elapsed":82638,"subject_id":"76167"},{"rt":2823,"stimulus":7,"slider_start":100,"sprites":"jellyBeans","response":100,"absDeviation":50,"callibration":"callibration","block":-1,"seed":7,"numerosity":150,"matchType":"callibration","which":"first","trial_type":"numerosity-estimation","trial_index":9,"time_elapsed":85464,"subject_id":"76167"},{"view_history":[{"page_index":0,"viewing_time":2091}],"rt":2091,"trial_type":"instructions","trial_index":10,"time_elapsed":87557,"subject_id":"76167"},{"rt":10307,"stimulus":1,"slider_start":100,"sprites":"letters","response":76,"absDeviation":16,"callibration":"test","block":0,"seed":1,"numerosity":92,"matchType":"paired","which":"first","trial_type":"numerosity-estimation","trial_index":11,"time_elapsed":97869,"subject_id":"76167"},{"rt":7648,"stimulus":1,"slider_start":100,"sprites":"letters","response":95,"absDeviation":3,"callibration":"test","block":0,"seed":1,"numerosity":92,"matchType":"paired","which":"second","trial_type":"numerosity-estimation","trial_index":12,"time_elapsed":105521,"subject_id":"76167"},{"rt":9363,"stimulus":3,"slider_start":100,"sprites":"hearts","response":50,"absDeviation":0,"callibration":"test","block":0,"seed":3,"numerosity":50,"matchType":"unpaired","which":"first","trial_type":"numerosity-estimation","trial_index":13,"time_elapsed":114887,"subject_id":"76167"},{"rt":7400,"stimulus":4,"slider_start":100,"sprites":"crackers","response":96,"absDeviation":11,"callibration":"test","block":0,"seed":4,"numerosity":107,"matchType":"unpaired","which":"first","trial_type":"numerosity-estimation","trial_index":14,"time_elapsed":122302,"subject_id":"76167"},{"rt":9201,"stimulus":5,"slider_start":100,"sprites":"bears","response":70,"absDeviation":20,"callibration":"test","block":0,"seed":5,"numerosity":50,"matchType":"paired","which":"first","trial_type":"numerosity-estimation","trial_index":15,"time_elapsed":131507,"subject_id":"76167"},{"rt":10005,"stimulus":5,"slider_start":100,"sprites":"bears","response":65,"absDeviation":15,"callibration":"test","block":0,"seed":5,"numerosity":50,"matchType":"paired","which":"second","trial_type":"numerosity-estimation","trial_index":16,"time_elapsed":141516,"subject_id":"76167"},{"rt":9464,"stimulus":7,"slider_start":100,"sprites":"jellyBeans","response":45,"absDeviation":5,"callibration":"test","block":0,"seed":7,"numerosity":50,"matchType":"unpaired","which":"first","trial_type":"numerosity-estimation","trial_index":17,"time_elapsed":150985,"subject_id":"76167"},{"rt":9914,"stimulus":8,"slider_start":100,"sprites":"marbles","response":92,"absDeviation":0,"callibration":"test","block":0,"seed":8,"numerosity":92,"matchType":"unpaired","which":"first","trial_type":"numerosity-estimation","trial_index":18,"time_elapsed":160902,"subject_id":"76167"},{"rt":4820,"stimulus":9,"slider_start":100,"sprites":"mints","response":114,"absDeviation":21,"callibration":"test","block":0,"seed":9,"numerosity":135,"matchType":"paired","which":"first","trial_type":"numerosity-estimation","trial_index":19,"time_elapsed":165726,"subject_id":"76167"},{"rt":6922,"stimulus":9,"slider_start":100,"sprites":"mints","response":127,"absDeviation":8,"callibration":"test","block":0,"seed":9,"numerosity":135,"matchType":"paired","which":"second","trial_type":"numerosity-estimation","trial_index":20,"time_elapsed":172651,"subject_id":"76167"},{"rt":8405,"stimulus":11,"slider_start":100,"sprites":"buttons","response":150,"absDeviation":43,"callibration":"test","block":0,"seed":11,"numerosity":107,"matchType":"unpaired","which":"first","trial_type":"numerosity-estimation","trial_index":21,"time_elapsed":181058,"subject_id":"76167"},{"rt":4140,"stimulus":12,"slider_start":100,"sprites":"animalCrackers","response":104,"absDeviation":12,"callibration":"test","block":0,"seed":12,"numerosity":92,"matchType":"unpaired","which":"first","trial_type":"numerosity-estimation","trial_index":22,"time_elapsed":185201,"subject_id":"76167"},{"rt":56499,"stimulus":13,"slider_start":100,"sprites":"letters","response":100,"absDeviation":7,"callibration":"test","block":0,"seed":13,"numerosity":107,"matchType":"paired","which":"first","trial_type":"numerosity-estimation","trial_index":23,"time_elapsed":241704,"subject_id":"76167"},{"rt":8340,"stimulus":13,"slider_start":100,"sprites":"letters","response":90,"absDeviation":17,"callibration":"test","block":0,"seed":13,"numerosity":107,"matchType":"paired","which":"second","trial_type":"numerosity-estimation","trial_index":24,"time_elapsed":250048,"subject_id":"76167"},{"rt":5706,"stimulus":15,"slider_start":100,"sprites":"hearts","response":116,"absDeviation":5,"callibration":"test","block":0,"seed":15,"numerosity":121,"matchType":"unpaired","which":"first","trial_type":"numerosity-estimation","trial_index":25,"time_elapsed":255757,"subject_id":"76167"},{"rt":7909,"stimulus":16,"slider_start":100,"sprites":"crackers","response":50,"absDeviation":14,"callibration":"test","block":0,"seed":16,"numerosity":64,"matchType":"unpaired","which":"first","trial_type":"numerosity-estimation","trial_index":26,"time_elapsed":263670,"subject_id":"76167"},{"rt":90212,"stimulus":"<p> For the last block of trials, the average deviation of your guesses from correct answers was 12.</p>\n     <p>The smaller the deviation the better.  Your deviation was <b> AMAZINGLY good</b>.</p><br>\n       <p>Press any key to continue to the next block of trials</p>","response":" ","trial_type":"html-keyboard-response","trial_index":27,"time_elapsed":353886,"subject_id":"76167"},{"rt":11776,"stimulus":17,"slider_start":100,"sprites":"bears","response":70,"absDeviation":22,"callibration":"test","block":1,"seed":17,"numerosity":92,"matchType":"paired","which":"first","trial_type":"numerosity-estimation","trial_index":28,"time_elapsed":365667,"subject_id":"76167"},{"rt":9013,"stimulus":17,"slider_start":100,"sprites":"bears","response":75,"absDeviation":17,"callibration":"test","block":1,"seed":17,"numerosity":92,"matchType":"paired","which":"second","trial_type":"numerosity-estimation","trial_index":29,"time_elapsed":374682,"subject_id":"76167"},{"rt":6130,"stimulus":19,"slider_start":100,"sprites":"jellyBeans","response":120,"absDeviation":15,"callibration":"test","block":1,"seed":19,"numerosity":135,"matchType":"unpaired","which":"first","trial_type":"numerosity-estimation","trial_index":30,"time_elapsed":380816,"subject_id":"76167"},{"rt":11284,"stimulus":20,"slider_start":100,"sprites":"marbles","response":50,"absDeviation":28,"callibration":"test","block":1,"seed":20,"numerosity":78,"matchType":"unpaired","which":"first","trial_type":"numerosity-estimation","trial_index":31,"time_elapsed":392101,"subject_id":"76167"},{"rt":7179,"stimulus":21,"slider_start":100,"sprites":"mints","response":99,"absDeviation":7,"callibration":"test","block":1,"seed":21,"numerosity":92,"matchType":"paired","which":"first","trial_type":"numerosity-estimation","trial_index":32,"time_elapsed":399284,"subject_id":"76167"},{"rt":7698,"stimulus":21,"slider_start":100,"sprites":"mints","response":112,"absDeviation":20,"callibration":"test","block":1,"seed":21,"numerosity":92,"matchType":"paired","which":"second","trial_type":"numerosity-estimation","trial_index":33,"time_elapsed":406984,"subject_id":"76167"},{"rt":8360,"stimulus":23,"slider_start":100,"sprites":"buttons","response":155,"absDeviation":5,"callibration":"test","block":1,"seed":23,"numerosity":150,"matchType":"unpaired","which":"first","trial_type":"numerosity-estimation","trial_index":34,"time_elapsed":415348,"subject_id":"76167"},{"rt":6155,"stimulus":24,"slider_start":100,"sprites":"animalCrackers","response":121,"absDeviation":14,"callibration":"test","block":1,"seed":24,"numerosity":107,"matchType":"unpaired","which":"first","trial_type":"numerosity-estimation","trial_index":35,"time_elapsed":421506,"subject_id":"76167"},{"rt":6327,"stimulus":25,"slider_start":100,"sprites":"letters","response":105,"absDeviation":2,"callibration":"test","block":1,"seed":25,"numerosity":107,"matchType":"paired","which":"first","trial_type":"numerosity-estimation","trial_index":36,"time_elapsed":427836,"subject_id":"76167"},{"rt":12417,"stimulus":25,"slider_start":100,"sprites":"letters","response":115,"absDeviation":8,"callibration":"test","block":1,"seed":25,"numerosity":107,"matchType":"paired","which":"second","trial_type":"numerosity-estimation","trial_index":37,"time_elapsed":440255,"subject_id":"76167"},{"rt":6414,"stimulus":27,"slider_start":100,"sprites":"hearts","response":136,"absDeviation":15,"callibration":"test","block":1,"seed":27,"numerosity":121,"matchType":"unpaired","which":"first","trial_type":"numerosity-estimation","trial_index":38,"time_elapsed":446672,"subject_id":"76167"},{"rt":5929,"stimulus":28,"slider_start":100,"sprites":"crackers","response":158,"absDeviation":8,"callibration":"test","block":1,"seed":28,"numerosity":150,"matchType":"unpaired","which":"first","trial_type":"numerosity-estimation","trial_index":39,"time_elapsed":452604,"subject_id":"76167"},{"rt":5914,"stimulus":29,"slider_start":100,"sprites":"bears","response":35,"absDeviation":29,"callibration":"test","block":1,"seed":29,"numerosity":64,"matchType":"paired","which":"first","trial_type":"numerosity-estimation","trial_index":40,"time_elapsed":458521,"subject_id":"76167"},{"rt":8806,"stimulus":29,"slider_start":100,"sprites":"bears","response":45,"absDeviation":19,"callibration":"test","block":1,"seed":29,"numerosity":64,"matchType":"paired","which":"second","trial_type":"numerosity-estimation","trial_index":41,"time_elapsed":467329,"subject_id":"76167"},{"rt":6593,"stimulus":31,"slider_start":100,"sprites":"jellyBeans","response":126,"absDeviation":24,"callibration":"test","block":1,"seed":31,"numerosity":150,"matchType":"unpaired","which":"first","trial_type":"numerosity-estimation","trial_index":42,"time_elapsed":473924,"subject_id":"76167"},{"rt":7252,"stimulus":32,"slider_start":100,"sprites":"marbles","response":100,"absDeviation":35,"callibration":"test","block":1,"seed":32,"numerosity":135,"matchType":"unpaired","which":"first","trial_type":"numerosity-estimation","trial_index":43,"time_elapsed":481180,"subject_id":"76167"},{"rt":21665,"stimulus":"<p> For the last block of trials, the average deviation of your guesses from correct answers was 17.</p>\n     <p>The smaller the deviation the better.  Your deviation was <b> VERY good</b>.</p><br>\n       <p>Press any key to continue to the next block of trials</p>","response":" ","trial_type":"html-keyboard-response","trial_index":44,"time_elapsed":502846,"subject_id":"76167"},{"rt":8253,"stimulus":33,"slider_start":100,"sprites":"mints","response":110,"absDeviation":11,"callibration":"test","block":2,"seed":33,"numerosity":121,"matchType":"paired","which":"first","trial_type":"numerosity-estimation","trial_index":45,"time_elapsed":511100,"subject_id":"76167"},{"rt":6483,"stimulus":33,"slider_start":100,"sprites":"mints","response":129,"absDeviation":8,"callibration":"test","block":2,"seed":33,"numerosity":121,"matchType":"paired","which":"second","trial_type":"numerosity-estimation","trial_index":46,"time_elapsed":517587,"subject_id":"76167"},{"rt":9584,"stimulus":35,"slider_start":100,"sprites":"buttons","response":80,"absDeviation":2,"callibration":"test","block":2,"seed":35,"numerosity":78,"matchType":"unpaired","which":"first","trial_type":"numerosity-estimation","trial_index":47,"time_elapsed":527176,"subject_id":"76167"},{"rt":7815,"stimulus":36,"slider_start":100,"sprites":"animalCrackers","response":30,"absDeviation":20,"callibration":"test","block":2,"seed":36,"numerosity":50,"matchType":"unpaired","which":"first","trial_type":"numerosity-estimation","trial_index":48,"time_elapsed":534996,"subject_id":"76167"},{"rt":5524,"stimulus":37,"slider_start":100,"sprites":"letters","response":145,"absDeviation":10,"callibration":"test","block":2,"seed":37,"numerosity":135,"matchType":"paired","which":"first","trial_type":"numerosity-estimation","trial_index":49,"time_elapsed":540524,"subject_id":"76167"},{"rt":4847,"stimulus":37,"slider_start":100,"sprites":"letters","response":158,"absDeviation":23,"callibration":"test","block":2,"seed":37,"numerosity":135,"matchType":"paired","which":"second","trial_type":"numerosity-estimation","trial_index":50,"time_elapsed":545374,"subject_id":"76167"},{"rt":3791,"stimulus":39,"slider_start":100,"sprites":"hearts","response":103,"absDeviation":25,"callibration":"test","block":2,"seed":39,"numerosity":78,"matchType":"unpaired","which":"first","trial_type":"numerosity-estimation","trial_index":51,"time_elapsed":549167,"subject_id":"76167"},{"rt":6496,"stimulus":40,"slider_start":100,"sprites":"crackers","response":160,"absDeviation":39,"callibration":"test","block":2,"seed":40,"numerosity":121,"matchType":"unpaired","which":"first","trial_type":"numerosity-estimation","trial_index":52,"time_elapsed":555667,"subject_id":"76167"},{"rt":7059,"stimulus":41,"slider_start":100,"sprites":"bears","response":50,"absDeviation":0,"callibration":"test","block":2,"seed":41,"numerosity":50,"matchType":"paired","which":"first","trial_type":"numerosity-estimation","trial_index":53,"time_elapsed":562729,"subject_id":"76167"},{"rt":6244,"stimulus":41,"slider_start":100,"sprites":"bears","response":44,"absDeviation":6,"callibration":"test","block":2,"seed":41,"numerosity":50,"matchType":"paired","which":"second","trial_type":"numerosity-estimation","trial_index":54,"time_elapsed":568977,"subject_id":"76167"},{"rt":7493,"stimulus":43,"slider_start":100,"sprites":"jellyBeans","response":61,"absDeviation":3,"callibration":"test","block":2,"seed":43,"numerosity":64,"matchType":"unpaired","which":"first","trial_type":"numerosity-estimation","trial_index":55,"time_elapsed":576474,"subject_id":"76167"},{"rt":4456,"stimulus":44,"slider_start":100,"sprites":"marbles","response":96,"absDeviation":25,"callibration":"test","block":2,"seed":44,"numerosity":121,"matchType":"unpaired","which":"first","trial_type":"numerosity-estimation","trial_index":56,"time_elapsed":580932,"subject_id":"76167"},{"rt":7772,"stimulus":45,"slider_start":100,"sprites":"mints","response":125,"absDeviation":4,"callibration":"test","block":2,"seed":45,"numerosity":121,"matchType":"paired","which":"first","trial_type":"numerosity-estimation","trial_index":57,"time_elapsed":588707,"subject_id":"76167"},{"rt":6135,"stimulus":45,"slider_start":100,"sprites":"mints","response":130,"absDeviation":9,"callibration":"test","block":2,"seed":45,"numerosity":121,"matchType":"paired","which":"second","trial_type":"numerosity-estimation","trial_index":58,"time_elapsed":594845,"subject_id":"76167"},{"rt":4875,"stimulus":47,"slider_start":100,"sprites":"buttons","response":150,"absDeviation":29,"callibration":"test","block":2,"seed":47,"numerosity":121,"matchType":"unpaired","which":"first","trial_type":"numerosity-estimation","trial_index":59,"time_elapsed":599723,"subject_id":"76167"},{"rt":4045,"stimulus":48,"slider_start":100,"sprites":"animalCrackers","response":164,"absDeviation":29,"callibration":"test","block":2,"seed":48,"numerosity":135,"matchType":"unpaired","which":"first","trial_type":"numerosity-estimation","trial_index":60,"time_elapsed":603772,"subject_id":"76167"},{"rt":67437,"stimulus":"<p> For the last block of trials, the average deviation of your guesses from correct answers was 15.</p>\n     <p>The smaller the deviation the better.  Your deviation was <b> VERY good</b>.</p><br>\n       <p>Press any key to continue to the next block of trials</p>","response":" ","trial_type":"html-keyboard-response","trial_index":61,"time_elapsed":671211,"subject_id":"76167"},{"rt":9443,"stimulus":49,"slider_start":100,"sprites":"letters","response":50,"absDeviation":28,"callibration":"test","block":3,"seed":49,"numerosity":78,"matchType":"paired","which":"first","trial_type":"numerosity-estimation","trial_index":62,"time_elapsed":680658,"subject_id":"76167"},{"rt":6670,"stimulus":49,"slider_start":100,"sprites":"letters","response":50,"absDeviation":28,"callibration":"test","block":3,"seed":49,"numerosity":78,"matchType":"paired","which":"second","trial_type":"numerosity-estimation","trial_index":63,"time_elapsed":687331,"subject_id":"76167"},{"rt":5483,"stimulus":51,"slider_start":100,"sprites":"hearts","response":145,"absDeviation":5,"callibration":"test","block":3,"seed":51,"numerosity":150,"matchType":"unpaired","which":"first","trial_type":"numerosity-estimation","trial_index":64,"time_elapsed":692817,"subject_id":"76167"},{"rt":5866,"stimulus":52,"slider_start":100,"sprites":"crackers","response":70,"absDeviation":8,"callibration":"test","block":3,"seed":52,"numerosity":78,"matchType":"unpaired","which":"first","trial_type":"numerosity-estimation","trial_index":65,"time_elapsed":698686,"subject_id":"76167"},{"rt":7728,"stimulus":53,"slider_start":100,"sprites":"bears","response":40,"absDeviation":10,"callibration":"test","block":3,"seed":53,"numerosity":50,"matchType":"paired","which":"first","trial_type":"numerosity-estimation","trial_index":66,"time_elapsed":706416,"subject_id":"76167"},{"rt":10897,"stimulus":53,"slider_start":100,"sprites":"bears","response":80,"absDeviation":30,"callibration":"test","block":3,"seed":53,"numerosity":50,"matchType":"paired","which":"second","trial_type":"numerosity-estimation","trial_index":67,"time_elapsed":717317,"subject_id":"76167"},{"rt":12105,"stimulus":55,"slider_start":100,"sprites":"jellyBeans","response":150,"absDeviation":29,"callibration":"test","block":3,"seed":55,"numerosity":121,"matchType":"unpaired","which":"first","trial_type":"numerosity-estimation","trial_index":68,"time_elapsed":729426,"subject_id":"76167"},{"rt":9233,"stimulus":56,"slider_start":100,"sprites":"marbles","response":55,"absDeviation":9,"callibration":"test","block":3,"seed":56,"numerosity":64,"matchType":"unpaired","which":"first","trial_type":"numerosity-estimation","trial_index":69,"time_elapsed":738664,"subject_id":"76167"},{"rt":7496,"stimulus":57,"slider_start":100,"sprites":"mints","response":81,"absDeviation":17,"callibration":"test","block":3,"seed":57,"numerosity":64,"matchType":"paired","which":"first","trial_type":"numerosity-estimation","trial_index":70,"time_elapsed":746164,"subject_id":"76167"},{"rt":8616,"stimulus":57,"slider_start":100,"sprites":"mints","response":91,"absDeviation":27,"callibration":"test","block":3,"seed":57,"numerosity":64,"matchType":"paired","which":"second","trial_type":"numerosity-estimation","trial_index":71,"time_elapsed":754785,"subject_id":"76167"},{"rt":10042,"stimulus":59,"slider_start":100,"sprites":"buttons","response":171,"absDeviation":36,"callibration":"test","block":3,"seed":59,"numerosity":135,"matchType":"unpaired","which":"first","trial_type":"numerosity-estimation","trial_index":72,"time_elapsed":764832,"subject_id":"76167"},{"rt":5668,"stimulus":60,"slider_start":100,"sprites":"animalCrackers","response":175,"absDeviation":25,"callibration":"test","block":3,"seed":60,"numerosity":150,"matchType":"unpaired","which":"first","trial_type":"numerosity-estimation","trial_index":73,"time_elapsed":770503,"subject_id":"76167"},{"rt":8727,"stimulus":61,"slider_start":100,"sprites":"letters","response":44,"absDeviation":6,"callibration":"test","block":3,"seed":61,"numerosity":50,"matchType":"paired","which":"first","trial_type":"numerosity-estimation","trial_index":74,"time_elapsed":779234,"subject_id":"76167"},{"rt":4953,"stimulus":61,"slider_start":100,"sprites":"letters","response":45,"absDeviation":5,"callibration":"test","block":3,"seed":61,"numerosity":50,"matchType":"paired","which":"second","trial_type":"numerosity-estimation","trial_index":75,"time_elapsed":784191,"subject_id":"76167"},{"rt":5820,"stimulus":63,"slider_start":100,"sprites":"hearts","response":108,"absDeviation":44,"callibration":"test","block":3,"seed":63,"numerosity":64,"matchType":"unpaired","which":"first","trial_type":"numerosity-estimation","trial_index":76,"time_elapsed":790014,"subject_id":"76167"},{"rt":6090,"stimulus":64,"slider_start":100,"sprites":"crackers","response":158,"absDeviation":23,"callibration":"test","block":3,"seed":64,"numerosity":135,"matchType":"unpaired","which":"first","trial_type":"numerosity-estimation","trial_index":77,"time_elapsed":796107,"subject_id":"76167"},{"rt":31970,"stimulus":"<p> For the last block of trials, the average deviation of your guesses from correct answers was 21.</p>\n     <p>The smaller the deviation the better.  Your deviation was <b> VERY good</b>.</p><br>\n       <p>Press any key to continue to the next block of trials</p>","response":" ","trial_type":"html-keyboard-response","trial_index":78,"time_elapsed":828078,"subject_id":"76167"},{"rt":8344,"stimulus":65,"slider_start":100,"sprites":"bears","response":107,"absDeviation":0,"callibration":"test","block":4,"seed":65,"numerosity":107,"matchType":"paired","which":"first","trial_type":"numerosity-estimation","trial_index":79,"time_elapsed":836424,"subject_id":"76167"},{"rt":4019,"stimulus":65,"slider_start":100,"sprites":"bears","response":112,"absDeviation":5,"callibration":"test","block":4,"seed":65,"numerosity":107,"matchType":"paired","which":"second","trial_type":"numerosity-estimation","trial_index":80,"time_elapsed":840447,"subject_id":"76167"},{"rt":4065,"stimulus":67,"slider_start":100,"sprites":"jellyBeans","response":102,"absDeviation":5,"callibration":"test","block":4,"seed":67,"numerosity":107,"matchType":"unpaired","which":"first","trial_type":"numerosity-estimation","trial_index":81,"time_elapsed":844516,"subject_id":"76167"},{"rt":4210,"stimulus":68,"slider_start":100,"sprites":"marbles","response":127,"absDeviation":23,"callibration":"test","block":4,"seed":68,"numerosity":150,"matchType":"unpaired","which":"first","trial_type":"numerosity-estimation","trial_index":82,"time_elapsed":848730,"subject_id":"76167"},{"rt":4120,"stimulus":69,"slider_start":100,"sprites":"mints","response":137,"absDeviation":16,"callibration":"test","block":4,"seed":69,"numerosity":121,"matchType":"paired","which":"first","trial_type":"numerosity-estimation","trial_index":83,"time_elapsed":852854,"subject_id":"76167"},{"rt":3580,"stimulus":69,"slider_start":100,"sprites":"mints","response":141,"absDeviation":20,"callibration":"test","block":4,"seed":69,"numerosity":121,"matchType":"paired","which":"second","trial_type":"numerosity-estimation","trial_index":84,"time_elapsed":856437,"subject_id":"76167"},{"rt":7215,"stimulus":71,"slider_start":100,"sprites":"buttons","response":100,"absDeviation":7,"callibration":"test","block":4,"seed":71,"numerosity":107,"matchType":"unpaired","which":"first","trial_type":"numerosity-estimation","trial_index":85,"time_elapsed":863656,"subject_id":"76167"},{"rt":8096,"stimulus":72,"slider_start":100,"sprites":"animalCrackers","response":39,"absDeviation":11,"callibration":"test","block":4,"seed":72,"numerosity":50,"matchType":"unpaired","which":"first","trial_type":"numerosity-estimation","trial_index":86,"time_elapsed":871755,"subject_id":"76167"},{"rt":4605,"stimulus":73,"slider_start":100,"sprites":"letters","response":73,"absDeviation":5,"callibration":"test","block":4,"seed":73,"numerosity":78,"matchType":"paired","which":"first","trial_type":"numerosity-estimation","trial_index":87,"time_elapsed":876364,"subject_id":"76167"},{"rt":3802,"stimulus":73,"slider_start":100,"sprites":"letters","response":87,"absDeviation":9,"callibration":"test","block":4,"seed":73,"numerosity":78,"matchType":"paired","which":"second","trial_type":"numerosity-estimation","trial_index":88,"time_elapsed":880170,"subject_id":"76167"},{"rt":4557,"stimulus":75,"slider_start":100,"sprites":"hearts","response":95,"absDeviation":3,"callibration":"test","block":4,"seed":75,"numerosity":92,"matchType":"unpaired","which":"first","trial_type":"numerosity-estimation","trial_index":89,"time_elapsed":884731,"subject_id":"76167"},{"rt":3344,"stimulus":76,"slider_start":100,"sprites":"crackers","response":91,"absDeviation":27,"callibration":"test","block":4,"seed":76,"numerosity":64,"matchType":"unpaired","which":"first","trial_type":"numerosity-estimation","trial_index":90,"time_elapsed":888078,"subject_id":"76167"},{"rt":3373,"stimulus":77,"slider_start":100,"sprites":"bears","response":125,"absDeviation":10,"callibration":"test","block":4,"seed":77,"numerosity":135,"matchType":"paired","which":"first","trial_type":"numerosity-estimation","trial_index":91,"time_elapsed":891454,"subject_id":"76167"},{"rt":3103,"stimulus":77,"slider_start":100,"sprites":"bears","response":125,"absDeviation":10,"callibration":"test","block":4,"seed":77,"numerosity":135,"matchType":"paired","which":"second","trial_type":"numerosity-estimation","trial_index":92,"time_elapsed":894559,"subject_id":"76167"},{"rt":6960,"stimulus":79,"slider_start":100,"sprites":"jellyBeans","response":35,"absDeviation":15,"callibration":"test","block":4,"seed":79,"numerosity":50,"matchType":"unpaired","which":"first","trial_type":"numerosity-estimation","trial_index":93,"time_elapsed":901523,"subject_id":"76167"},{"rt":41231,"stimulus":80,"slider_start":100,"sprites":"marbles","response":105,"absDeviation":16,"callibration":"test","block":4,"seed":80,"numerosity":121,"matchType":"unpaired","which":"first","trial_type":"numerosity-estimation","trial_index":94,"time_elapsed":942756,"subject_id":"76167"},{"rt":3785,"stimulus":"<p> For the last block of trials, the average deviation of your guesses from correct answers was 11.</p>\n     <p>The smaller the deviation the better.  Your deviation was <b> AMAZINGLY good</b>.</p><br>\n       <p>Press any key to continue to the next block of trials</p>","response":" ","trial_type":"html-keyboard-response","trial_index":95,"time_elapsed":946543,"subject_id":"76167"},{"rt":8988,"stimulus":81,"slider_start":100,"sprites":"mints","response":151,"absDeviation":30,"callibration":"test","block":5,"seed":81,"numerosity":121,"matchType":"paired","which":"first","trial_type":"numerosity-estimation","trial_index":96,"time_elapsed":955533,"subject_id":"76167"},{"rt":5847,"stimulus":81,"slider_start":100,"sprites":"mints","response":147,"absDeviation":26,"callibration":"test","block":5,"seed":81,"numerosity":121,"matchType":"paired","which":"second","trial_type":"numerosity-estimation","trial_index":97,"time_elapsed":961384,"subject_id":"76167"},{"rt":5354,"stimulus":83,"slider_start":100,"sprites":"buttons","response":150,"absDeviation":29,"callibration":"test","block":5,"seed":83,"numerosity":121,"matchType":"unpaired","which":"first","trial_type":"numerosity-estimation","trial_index":98,"time_elapsed":966741,"subject_id":"76167"},{"rt":6374,"stimulus":84,"slider_start":100,"sprites":"animalCrackers","response":49,"absDeviation":1,"callibration":"test","block":5,"seed":84,"numerosity":50,"matchType":"unpaired","which":"first","trial_type":"numerosity-estimation","trial_index":99,"time_elapsed":973119,"subject_id":"76167"},{"rt":6671,"stimulus":85,"slider_start":100,"sprites":"letters","response":46,"absDeviation":18,"callibration":"test","block":5,"seed":85,"numerosity":64,"matchType":"paired","which":"first","trial_type":"numerosity-estimation","trial_index":100,"time_elapsed":979795,"subject_id":"76167"},{"rt":4773,"stimulus":85,"slider_start":100,"sprites":"letters","response":59,"absDeviation":5,"callibration":"test","block":5,"seed":85,"numerosity":64,"matchType":"paired","which":"second","trial_type":"numerosity-estimation","trial_index":101,"time_elapsed":984571,"subject_id":"76167"},{"rt":5370,"stimulus":87,"slider_start":100,"sprites":"hearts","response":63,"absDeviation":13,"callibration":"test","block":5,"seed":87,"numerosity":50,"matchType":"unpaired","which":"first","trial_type":"numerosity-estimation","trial_index":102,"time_elapsed":989944,"subject_id":"76167"},{"rt":5117,"stimulus":88,"slider_start":100,"sprites":"crackers","response":169,"absDeviation":34,"callibration":"test","block":5,"seed":88,"numerosity":135,"matchType":"unpaired","which":"first","trial_type":"numerosity-estimation","trial_index":103,"time_elapsed":995065,"subject_id":"76167"},{"rt":6352,"stimulus":89,"slider_start":100,"sprites":"bears","response":61,"absDeviation":11,"callibration":"test","block":5,"seed":89,"numerosity":50,"matchType":"paired","which":"first","trial_type":"numerosity-estimation","trial_index":104,"time_elapsed":1001421,"subject_id":"76167"},{"rt":8280,"stimulus":89,"slider_start":100,"sprites":"bears","response":40,"absDeviation":10,"callibration":"test","block":5,"seed":89,"numerosity":50,"matchType":"paired","which":"second","trial_type":"numerosity-estimation","trial_index":105,"time_elapsed":1009704,"subject_id":"76167"},{"rt":3575,"stimulus":91,"slider_start":100,"sprites":"jellyBeans","response":105,"absDeviation":13,"callibration":"test","block":5,"seed":91,"numerosity":92,"matchType":"unpaired","which":"first","trial_type":"numerosity-estimation","trial_index":106,"time_elapsed":1013283,"subject_id":"76167"},{"rt":5078,"stimulus":92,"slider_start":100,"sprites":"marbles","response":111,"absDeviation":10,"callibration":"test","block":5,"seed":92,"numerosity":121,"matchType":"unpaired","which":"first","trial_type":"numerosity-estimation","trial_index":107,"time_elapsed":1018365,"subject_id":"76167"},{"rt":6285,"stimulus":93,"slider_start":100,"sprites":"mints","response":93,"absDeviation":15,"callibration":"test","block":5,"seed":93,"numerosity":78,"matchType":"paired","which":"first","trial_type":"numerosity-estimation","trial_index":108,"time_elapsed":1024653,"subject_id":"76167"},{"rt":6663,"stimulus":93,"slider_start":100,"sprites":"mints","response":84,"absDeviation":6,"callibration":"test","block":5,"seed":93,"numerosity":78,"matchType":"paired","which":"second","trial_type":"numerosity-estimation","trial_index":109,"time_elapsed":1031321,"subject_id":"76167"},{"rt":7151,"stimulus":95,"slider_start":100,"sprites":"buttons","response":92,"absDeviation":28,"callibration":"test","block":5,"seed":95,"numerosity":64,"matchType":"unpaired","which":"first","trial_type":"numerosity-estimation","trial_index":110,"time_elapsed":1038476,"subject_id":"76167"},{"rt":14516,"stimulus":96,"slider_start":100,"sprites":"animalCrackers","response":100,"absDeviation":8,"callibration":"test","block":5,"seed":96,"numerosity":92,"matchType":"unpaired","which":"first","trial_type":"numerosity-estimation","trial_index":111,"time_elapsed":1052996,"subject_id":"76167"},{"rt":2769,"stimulus":"<p> For the last block of trials, the average deviation of your guesses from correct answers was 16.</p>\n     <p>The smaller the deviation the better.  Your deviation was <b> VERY good</b>.</p><br>\n       <p>Press any key to continue to the next block of trials</p>","response":" ","trial_type":"html-keyboard-response","trial_index":112,"time_elapsed":1055767,"subject_id":"76167"},{"rt":6483,"stimulus":2,"slider_start":100,"sprites":"butterflies","response":141,"absDeviation":6,"callibration":"test","block":6,"seed":2,"numerosity":135,"matchType":"paired","which":"first","trial_type":"numerosity-estimation","trial_index":113,"time_elapsed":1062254,"subject_id":"76167"},{"rt":5025,"stimulus":2,"slider_start":100,"sprites":"butterflies","response":150,"absDeviation":15,"callibration":"test","block":6,"seed":2,"numerosity":135,"matchType":"paired","which":"second","trial_type":"numerosity-estimation","trial_index":114,"time_elapsed":1067283,"subject_id":"76167"},{"rt":6918,"stimulus":3,"slider_start":100,"sprites":"hearts","response":98,"absDeviation":48,"callibration":"test","block":6,"seed":3,"numerosity":50,"matchType":"unpaired","which":"second","trial_type":"numerosity-estimation","trial_index":115,"time_elapsed":1074215,"subject_id":"76167"},{"rt":6784,"stimulus":4,"slider_start":100,"sprites":"crackers","response":123,"absDeviation":16,"callibration":"test","block":6,"seed":4,"numerosity":107,"matchType":"unpaired","which":"second","trial_type":"numerosity-estimation","trial_index":116,"time_elapsed":1081002,"subject_id":"76167"},{"rt":10950,"stimulus":6,"slider_start":100,"sprites":"fruits","response":74,"absDeviation":4,"callibration":"test","block":6,"seed":6,"numerosity":78,"matchType":"paired","which":"first","trial_type":"numerosity-estimation","trial_index":117,"time_elapsed":1091956,"subject_id":"76167"},{"rt":4050,"stimulus":6,"slider_start":100,"sprites":"fruits","response":103,"absDeviation":25,"callibration":"test","block":6,"seed":6,"numerosity":78,"matchType":"paired","which":"second","trial_type":"numerosity-estimation","trial_index":118,"time_elapsed":1096015,"subject_id":"76167"},{"rt":12185,"stimulus":7,"slider_start":100,"sprites":"jellyBeans","response":43,"absDeviation":7,"callibration":"test","block":6,"seed":7,"numerosity":50,"matchType":"unpaired","which":"second","trial_type":"numerosity-estimation","trial_index":119,"time_elapsed":1108204,"subject_id":"76167"},{"rt":3873,"stimulus":8,"slider_start":100,"sprites":"marbles","response":100,"absDeviation":8,"callibration":"test","block":6,"seed":8,"numerosity":92,"matchType":"unpaired","which":"second","trial_type":"numerosity-estimation","trial_index":120,"time_elapsed":1112080,"subject_id":"76167"},{"rt":4599,"stimulus":10,"slider_start":100,"sprites":"rocks","response":72,"absDeviation":22,"callibration":"test","block":6,"seed":10,"numerosity":50,"matchType":"paired","which":"first","trial_type":"numerosity-estimation","trial_index":121,"time_elapsed":1116682,"subject_id":"76167"},{"rt":4223,"stimulus":10,"slider_start":100,"sprites":"rocks","response":80,"absDeviation":30,"callibration":"test","block":6,"seed":10,"numerosity":50,"matchType":"paired","which":"second","trial_type":"numerosity-estimation","trial_index":122,"time_elapsed":1120908,"subject_id":"76167"},{"rt":3647,"stimulus":11,"slider_start":100,"sprites":"buttons","response":151,"absDeviation":44,"callibration":"test","block":6,"seed":11,"numerosity":107,"matchType":"unpaired","which":"second","trial_type":"numerosity-estimation","trial_index":123,"time_elapsed":1124559,"subject_id":"76167"},{"rt":3281,"stimulus":12,"slider_start":100,"sprites":"animalCrackers","response":134,"absDeviation":42,"callibration":"test","block":6,"seed":12,"numerosity":92,"matchType":"unpaired","which":"second","trial_type":"numerosity-estimation","trial_index":124,"time_elapsed":1127843,"subject_id":"76167"},{"rt":3795,"stimulus":14,"slider_start":100,"sprites":"butterflies","response":162,"absDeviation":12,"callibration":"test","block":6,"seed":14,"numerosity":150,"matchType":"paired","which":"first","trial_type":"numerosity-estimation","trial_index":125,"time_elapsed":1131642,"subject_id":"76167"},{"rt":5432,"stimulus":14,"slider_start":100,"sprites":"butterflies","response":146,"absDeviation":4,"callibration":"test","block":6,"seed":14,"numerosity":150,"matchType":"paired","which":"second","trial_type":"numerosity-estimation","trial_index":126,"time_elapsed":1137077,"subject_id":"76167"},{"rt":3475,"stimulus":15,"slider_start":100,"sprites":"hearts","response":171,"absDeviation":50,"callibration":"test","block":6,"seed":15,"numerosity":121,"matchType":"unpaired","which":"second","trial_type":"numerosity-estimation","trial_index":127,"time_elapsed":1140557,"subject_id":"76167"},{"rt":3746,"stimulus":16,"slider_start":100,"sprites":"crackers","response":88,"absDeviation":24,"callibration":"test","block":6,"seed":16,"numerosity":64,"matchType":"unpaired","which":"second","trial_type":"numerosity-estimation","trial_index":128,"time_elapsed":1144308,"subject_id":"76167"},{"rt":52926,"stimulus":"<p> For the last block of trials, the average deviation of your guesses from correct answers was 22.</p>\n     <p>The smaller the deviation the better.  Your deviation was <b> VERY good</b>.</p><br>\n       <p>Press any key to continue to the next block of trials</p>","response":" ","trial_type":"html-keyboard-response","trial_index":129,"time_elapsed":1197221,"subject_id":"76167"},{"rt":6558,"stimulus":18,"slider_start":100,"sprites":"fruits","response":110,"absDeviation":3,"callibration":"test","block":7,"seed":18,"numerosity":107,"matchType":"paired","which":"first","trial_type":"numerosity-estimation","trial_index":130,"time_elapsed":1203782,"subject_id":"76167"},{"rt":4411,"stimulus":18,"slider_start":100,"sprites":"fruits","response":126,"absDeviation":19,"callibration":"test","block":7,"seed":18,"numerosity":107,"matchType":"paired","which":"second","trial_type":"numerosity-estimation","trial_index":131,"time_elapsed":1208196,"subject_id":"76167"},{"rt":3380,"stimulus":19,"slider_start":100,"sprites":"jellyBeans","response":125,"absDeviation":10,"callibration":"test","block":7,"seed":19,"numerosity":135,"matchType":"unpaired","which":"second","trial_type":"numerosity-estimation","trial_index":132,"time_elapsed":1211579,"subject_id":"76167"},{"rt":3927,"stimulus":20,"slider_start":100,"sprites":"marbles","response":52,"absDeviation":26,"callibration":"test","block":7,"seed":20,"numerosity":78,"matchType":"unpaired","which":"second","trial_type":"numerosity-estimation","trial_index":133,"time_elapsed":1215509,"subject_id":"76167"},{"rt":3412,"stimulus":22,"slider_start":100,"sprites":"rocks","response":110,"absDeviation":18,"callibration":"test","block":7,"seed":22,"numerosity":92,"matchType":"paired","which":"first","trial_type":"numerosity-estimation","trial_index":134,"time_elapsed":1218925,"subject_id":"76167"},{"rt":3046,"stimulus":22,"slider_start":100,"sprites":"rocks","response":130,"absDeviation":38,"callibration":"test","block":7,"seed":22,"numerosity":92,"matchType":"paired","which":"second","trial_type":"numerosity-estimation","trial_index":135,"time_elapsed":1221974,"subject_id":"76167"},{"rt":5308,"stimulus":23,"slider_start":100,"sprites":"buttons","response":170,"absDeviation":20,"callibration":"test","block":7,"seed":23,"numerosity":150,"matchType":"unpaired","which":"second","trial_type":"numerosity-estimation","trial_index":136,"time_elapsed":1227286,"subject_id":"76167"},{"rt":3487,"stimulus":24,"slider_start":100,"sprites":"animalCrackers","response":119,"absDeviation":12,"callibration":"test","block":7,"seed":24,"numerosity":107,"matchType":"unpaired","which":"second","trial_type":"numerosity-estimation","trial_index":137,"time_elapsed":1230776,"subject_id":"76167"},{"rt":4765,"stimulus":26,"slider_start":100,"sprites":"butterflies","response":82,"absDeviation":10,"callibration":"test","block":7,"seed":26,"numerosity":92,"matchType":"paired","which":"first","trial_type":"numerosity-estimation","trial_index":138,"time_elapsed":1235543,"subject_id":"76167"},{"rt":5100,"stimulus":26,"slider_start":100,"sprites":"butterflies","response":76,"absDeviation":16,"callibration":"test","block":7,"seed":26,"numerosity":92,"matchType":"paired","which":"second","trial_type":"numerosity-estimation","trial_index":139,"time_elapsed":1240646,"subject_id":"76167"},{"rt":2999,"stimulus":27,"slider_start":100,"sprites":"hearts","response":124,"absDeviation":3,"callibration":"test","block":7,"seed":27,"numerosity":121,"matchType":"unpaired","which":"second","trial_type":"numerosity-estimation","trial_index":140,"time_elapsed":1243649,"subject_id":"76167"},{"rt":2904,"stimulus":28,"slider_start":100,"sprites":"crackers","response":162,"absDeviation":12,"callibration":"test","block":7,"seed":28,"numerosity":150,"matchType":"unpaired","which":"second","trial_type":"numerosity-estimation","trial_index":141,"time_elapsed":1246557,"subject_id":"76167"},{"rt":2915,"stimulus":30,"slider_start":100,"sprites":"fruits","response":116,"absDeviation":9,"callibration":"test","block":7,"seed":30,"numerosity":107,"matchType":"paired","which":"first","trial_type":"numerosity-estimation","trial_index":142,"time_elapsed":1249475,"subject_id":"76167"},{"rt":3331,"stimulus":30,"slider_start":100,"sprites":"fruits","response":132,"absDeviation":25,"callibration":"test","block":7,"seed":30,"numerosity":107,"matchType":"paired","which":"second","trial_type":"numerosity-estimation","trial_index":143,"time_elapsed":1252809,"subject_id":"76167"},{"rt":2887,"stimulus":31,"slider_start":100,"sprites":"jellyBeans","response":169,"absDeviation":19,"callibration":"test","block":7,"seed":31,"numerosity":150,"matchType":"unpaired","which":"second","trial_type":"numerosity-estimation","trial_index":144,"time_elapsed":1255700,"subject_id":"76167"},{"rt":3201,"stimulus":32,"slider_start":100,"sprites":"marbles","response":111,"absDeviation":24,"callibration":"test","block":7,"seed":32,"numerosity":135,"matchType":"unpaired","which":"second","trial_type":"numerosity-estimation","trial_index":145,"time_elapsed":1258920,"subject_id":"76167"},{"rt":9475,"stimulus":"<p> For the last block of trials, the average deviation of your guesses from correct answers was 17.</p>\n     <p>The smaller the deviation the better.  Your deviation was <b> VERY good</b>.</p><br>\n       <p>Press any key to continue to the next block of trials</p>","response":" ","trial_type":"html-keyboard-response","trial_index":146,"time_elapsed":1268396,"subject_id":"76167"},{"rt":5852,"stimulus":34,"slider_start":100,"sprites":"rocks","response":35,"absDeviation":15,"callibration":"test","block":8,"seed":34,"numerosity":50,"matchType":"paired","which":"first","trial_type":"numerosity-estimation","trial_index":147,"time_elapsed":1274251,"subject_id":"76167"},{"rt":4484,"stimulus":34,"slider_start":100,"sprites":"rocks","response":46,"absDeviation":4,"callibration":"test","block":8,"seed":34,"numerosity":50,"matchType":"paired","which":"second","trial_type":"numerosity-estimation","trial_index":148,"time_elapsed":1278739,"subject_id":"76167"},{"rt":4989,"stimulus":35,"slider_start":100,"sprites":"buttons","response":77,"absDeviation":1,"callibration":"test","block":8,"seed":35,"numerosity":78,"matchType":"unpaired","which":"second","trial_type":"numerosity-estimation","trial_index":149,"time_elapsed":1283732,"subject_id":"76167"},{"rt":5654,"stimulus":36,"slider_start":100,"sprites":"animalCrackers","response":65,"absDeviation":15,"callibration":"test","block":8,"seed":36,"numerosity":50,"matchType":"unpaired","which":"second","trial_type":"numerosity-estimation","trial_index":150,"time_elapsed":1289389,"subject_id":"76167"},{"rt":5141,"stimulus":38,"slider_start":100,"sprites":"butterflies","response":81,"absDeviation":3,"callibration":"test","block":8,"seed":38,"numerosity":78,"matchType":"paired","which":"first","trial_type":"numerosity-estimation","trial_index":151,"time_elapsed":1294533,"subject_id":"76167"},{"rt":6033,"stimulus":38,"slider_start":100,"sprites":"butterflies","response":61,"absDeviation":17,"callibration":"test","block":8,"seed":38,"numerosity":78,"matchType":"paired","which":"second","trial_type":"numerosity-estimation","trial_index":152,"time_elapsed":1300571,"subject_id":"76167"},{"rt":2673,"stimulus":39,"slider_start":100,"sprites":"hearts","response":109,"absDeviation":31,"callibration":"test","block":8,"seed":39,"numerosity":78,"matchType":"unpaired","which":"second","trial_type":"numerosity-estimation","trial_index":153,"time_elapsed":1303247,"subject_id":"76167"},{"rt":5300,"stimulus":40,"slider_start":100,"sprites":"crackers","response":153,"absDeviation":32,"callibration":"test","block":8,"seed":40,"numerosity":121,"matchType":"unpaired","which":"second","trial_type":"numerosity-estimation","trial_index":154,"time_elapsed":1308551,"subject_id":"76167"},{"rt":3047,"stimulus":42,"slider_start":100,"sprites":"fruits","response":110,"absDeviation":32,"callibration":"test","block":8,"seed":42,"numerosity":78,"matchType":"paired","which":"first","trial_type":"numerosity-estimation","trial_index":155,"time_elapsed":1311600,"subject_id":"76167"},{"rt":2889,"stimulus":42,"slider_start":100,"sprites":"fruits","response":100,"absDeviation":22,"callibration":"test","block":8,"seed":42,"numerosity":78,"matchType":"paired","which":"second","trial_type":"numerosity-estimation","trial_index":156,"time_elapsed":1314493,"subject_id":"76167"},{"rt":2436,"stimulus":43,"slider_start":100,"sprites":"jellyBeans","response":92,"absDeviation":28,"callibration":"test","block":8,"seed":43,"numerosity":64,"matchType":"unpaired","which":"second","trial_type":"numerosity-estimation","trial_index":157,"time_elapsed":1316933,"subject_id":"76167"},{"rt":5808,"stimulus":44,"slider_start":100,"sprites":"marbles","response":137,"absDeviation":16,"callibration":"test","block":8,"seed":44,"numerosity":121,"matchType":"unpaired","which":"second","trial_type":"numerosity-estimation","trial_index":158,"time_elapsed":1322732,"subject_id":"76167"},{"rt":3606,"stimulus":46,"slider_start":100,"sprites":"rocks","response":146,"absDeviation":39,"callibration":"test","block":8,"seed":46,"numerosity":107,"matchType":"paired","which":"first","trial_type":"numerosity-estimation","trial_index":159,"time_elapsed":1326342,"subject_id":"76167"},{"rt":4629,"stimulus":46,"slider_start":100,"sprites":"rocks","response":156,"absDeviation":49,"callibration":"test","block":8,"seed":46,"numerosity":107,"matchType":"paired","which":"second","trial_type":"numerosity-estimation","trial_index":160,"time_elapsed":1330974,"subject_id":"76167"},{"rt":3061,"stimulus":47,"slider_start":100,"sprites":"buttons","response":156,"absDeviation":35,"callibration":"test","block":8,"seed":47,"numerosity":121,"matchType":"unpaired","which":"second","trial_type":"numerosity-estimation","trial_index":161,"time_elapsed":1334038,"subject_id":"76167"},{"rt":3532,"stimulus":48,"slider_start":100,"sprites":"animalCrackers","response":172,"absDeviation":37,"callibration":"test","block":8,"seed":48,"numerosity":135,"matchType":"unpaired","which":"second","trial_type":"numerosity-estimation","trial_index":162,"time_elapsed":1337574,"subject_id":"76167"},{"rt":2043,"stimulus":"<p> For the last block of trials, the average deviation of your guesses from correct answers was 24.</p>\n     <p>The smaller the deviation the better.  Your deviation was <b> VERY good</b>.</p><br>\n       <p>Press any key to continue to the next block of trials</p>","response":" ","trial_type":"html-keyboard-response","trial_index":163,"time_elapsed":1339619,"subject_id":"76167"},{"rt":5714,"stimulus":50,"slider_start":100,"sprites":"butterflies","response":123,"absDeviation":27,"callibration":"test","block":9,"seed":50,"numerosity":150,"matchType":"paired","which":"first","trial_type":"numerosity-estimation","trial_index":164,"time_elapsed":1345337,"subject_id":"76167"},{"rt":3934,"stimulus":50,"slider_start":100,"sprites":"butterflies","response":124,"absDeviation":26,"callibration":"test","block":9,"seed":50,"numerosity":150,"matchType":"paired","which":"second","trial_type":"numerosity-estimation","trial_index":165,"time_elapsed":1349276,"subject_id":"76167"},{"rt":3011,"stimulus":51,"slider_start":100,"sprites":"hearts","response":138,"absDeviation":12,"callibration":"test","block":9,"seed":51,"numerosity":150,"matchType":"unpaired","which":"second","trial_type":"numerosity-estimation","trial_index":166,"time_elapsed":1352291,"subject_id":"76167"},{"rt":2853,"stimulus":52,"slider_start":100,"sprites":"crackers","response":104,"absDeviation":26,"callibration":"test","block":9,"seed":52,"numerosity":78,"matchType":"unpaired","which":"second","trial_type":"numerosity-estimation","trial_index":167,"time_elapsed":1355146,"subject_id":"76167"},{"rt":2856,"stimulus":54,"slider_start":100,"sprites":"fruits","response":100,"absDeviation":8,"callibration":"test","block":9,"seed":54,"numerosity":92,"matchType":"paired","which":"first","trial_type":"numerosity-estimation","trial_index":168,"time_elapsed":1358004,"subject_id":"76167"},{"rt":2382,"stimulus":54,"slider_start":100,"sprites":"fruits","response":109,"absDeviation":17,"callibration":"test","block":9,"seed":54,"numerosity":92,"matchType":"paired","which":"second","trial_type":"numerosity-estimation","trial_index":169,"time_elapsed":1360390,"subject_id":"76167"},{"rt":2624,"stimulus":55,"slider_start":100,"sprites":"jellyBeans","response":120,"absDeviation":1,"callibration":"test","block":9,"seed":55,"numerosity":121,"matchType":"unpaired","which":"second","trial_type":"numerosity-estimation","trial_index":170,"time_elapsed":1363017,"subject_id":"76167"},{"rt":5606,"stimulus":56,"slider_start":100,"sprites":"marbles","response":47,"absDeviation":17,"callibration":"test","block":9,"seed":56,"numerosity":64,"matchType":"unpaired","which":"second","trial_type":"numerosity-estimation","trial_index":171,"time_elapsed":1368626,"subject_id":"76167"},{"rt":2909,"stimulus":58,"slider_start":100,"sprites":"rocks","response":158,"absDeviation":37,"callibration":"test","block":9,"seed":58,"numerosity":121,"matchType":"paired","which":"first","trial_type":"numerosity-estimation","trial_index":172,"time_elapsed":1371539,"subject_id":"76167"},{"rt":3905,"stimulus":58,"slider_start":100,"sprites":"rocks","response":170,"absDeviation":49,"callibration":"test","block":9,"seed":58,"numerosity":121,"matchType":"paired","which":"second","trial_type":"numerosity-estimation","trial_index":173,"time_elapsed":1375448,"subject_id":"76167"},{"rt":2264,"stimulus":59,"slider_start":100,"sprites":"buttons","response":155,"absDeviation":20,"callibration":"test","block":9,"seed":59,"numerosity":135,"matchType":"unpaired","which":"second","trial_type":"numerosity-estimation","trial_index":174,"time_elapsed":1377727,"subject_id":"76167"},{"rt":2590,"stimulus":60,"slider_start":100,"sprites":"animalCrackers","response":155,"absDeviation":5,"callibration":"test","block":9,"seed":60,"numerosity":150,"matchType":"unpaired","which":"second","trial_type":"numerosity-estimation","trial_index":175,"time_elapsed":1380320,"subject_id":"76167"},{"rt":4946,"stimulus":62,"slider_start":100,"sprites":"butterflies","response":144,"absDeviation":9,"callibration":"test","block":9,"seed":62,"numerosity":135,"matchType":"paired","which":"first","trial_type":"numerosity-estimation","trial_index":176,"time_elapsed":1385270,"subject_id":"76167"},{"rt":5277,"stimulus":62,"slider_start":100,"sprites":"butterflies","response":150,"absDeviation":15,"callibration":"test","block":9,"seed":62,"numerosity":135,"matchType":"paired","which":"second","trial_type":"numerosity-estimation","trial_index":177,"time_elapsed":1390552,"subject_id":"76167"},{"rt":3506,"stimulus":63,"slider_start":100,"sprites":"hearts","response":76,"absDeviation":12,"callibration":"test","block":9,"seed":63,"numerosity":64,"matchType":"unpaired","which":"second","trial_type":"numerosity-estimation","trial_index":178,"time_elapsed":1394062,"subject_id":"76167"},{"rt":3329,"stimulus":64,"slider_start":100,"sprites":"crackers","response":147,"absDeviation":12,"callibration":"test","block":9,"seed":64,"numerosity":135,"matchType":"unpaired","which":"second","trial_type":"numerosity-estimation","trial_index":179,"time_elapsed":1397394,"subject_id":"76167"},{"rt":9789,"stimulus":"<p> For the last block of trials, the average deviation of your guesses from correct answers was 18.</p>\n     <p>The smaller the deviation the better.  Your deviation was <b> VERY good</b>.</p><br>\n       <p>Press any key to continue to the next block of trials</p>","response":" ","trial_type":"html-keyboard-response","trial_index":180,"time_elapsed":1407186,"subject_id":"76167"},{"rt":5407,"stimulus":66,"slider_start":100,"sprites":"fruits","response":56,"absDeviation":8,"callibration":"test","block":10,"seed":66,"numerosity":64,"matchType":"paired","which":"first","trial_type":"numerosity-estimation","trial_index":181,"time_elapsed":1412598,"subject_id":"76167"},{"rt":3147,"stimulus":66,"slider_start":100,"sprites":"fruits","response":60,"absDeviation":4,"callibration":"test","block":10,"seed":66,"numerosity":64,"matchType":"paired","which":"second","trial_type":"numerosity-estimation","trial_index":182,"time_elapsed":1415750,"subject_id":"76167"},{"rt":8928,"stimulus":67,"slider_start":100,"sprites":"jellyBeans","response":106,"absDeviation":1,"callibration":"test","block":10,"seed":67,"numerosity":107,"matchType":"unpaired","which":"second","trial_type":"numerosity-estimation","trial_index":183,"time_elapsed":1424682,"subject_id":"76167"},{"rt":4541,"stimulus":68,"slider_start":100,"sprites":"marbles","response":77,"absDeviation":73,"callibration":"test","block":10,"seed":68,"numerosity":150,"matchType":"unpaired","which":"second","trial_type":"numerosity-estimation","trial_index":184,"time_elapsed":1429227,"subject_id":"76167"},{"rt":4945,"stimulus":70,"slider_start":100,"sprites":"rocks","response":105,"absDeviation":13,"callibration":"test","block":10,"seed":70,"numerosity":92,"matchType":"paired","which":"first","trial_type":"numerosity-estimation","trial_index":185,"time_elapsed":1434177,"subject_id":"76167"},{"rt":2895,"stimulus":70,"slider_start":100,"sprites":"rocks","response":106,"absDeviation":14,"callibration":"test","block":10,"seed":70,"numerosity":92,"matchType":"paired","which":"second","trial_type":"numerosity-estimation","trial_index":186,"time_elapsed":1437076,"subject_id":"76167"},{"rt":2832,"stimulus":71,"slider_start":100,"sprites":"buttons","response":120,"absDeviation":13,"callibration":"test","block":10,"seed":71,"numerosity":107,"matchType":"unpaired","which":"second","trial_type":"numerosity-estimation","trial_index":187,"time_elapsed":1439898,"subject_id":"76167"},{"rt":3194,"stimulus":72,"slider_start":100,"sprites":"animalCrackers","response":35,"absDeviation":15,"callibration":"test","block":10,"seed":72,"numerosity":50,"matchType":"unpaired","which":"second","trial_type":"numerosity-estimation","trial_index":188,"time_elapsed":1443096,"subject_id":"76167"},{"rt":3228,"stimulus":74,"slider_start":100,"sprites":"butterflies","response":29,"absDeviation":35,"callibration":"test","block":10,"seed":74,"numerosity":64,"matchType":"paired","which":"first","trial_type":"numerosity-estimation","trial_index":189,"time_elapsed":1446329,"subject_id":"76167"},{"rt":3242,"stimulus":74,"slider_start":100,"sprites":"butterflies","response":42,"absDeviation":22,"callibration":"test","block":10,"seed":74,"numerosity":64,"matchType":"paired","which":"second","trial_type":"numerosity-estimation","trial_index":190,"time_elapsed":1449574,"subject_id":"76167"},{"rt":3843,"stimulus":75,"slider_start":100,"sprites":"hearts","response":110,"absDeviation":18,"callibration":"test","block":10,"seed":75,"numerosity":92,"matchType":"unpaired","which":"second","trial_type":"numerosity-estimation","trial_index":191,"time_elapsed":1453419,"subject_id":"76167"},{"rt":6874,"stimulus":76,"slider_start":100,"sprites":"crackers","response":97,"absDeviation":33,"callibration":"test","block":10,"seed":76,"numerosity":64,"matchType":"unpaired","which":"second","trial_type":"numerosity-estimation","trial_index":192,"time_elapsed":1460297,"subject_id":"76167"},{"rt":3940,"stimulus":78,"slider_start":100,"sprites":"fruits","response":100,"absDeviation":36,"callibration":"test","block":10,"seed":78,"numerosity":64,"matchType":"paired","which":"first","trial_type":"numerosity-estimation","trial_index":193,"time_elapsed":1464241,"subject_id":"76167"},{"rt":5523,"stimulus":78,"slider_start":100,"sprites":"fruits","response":98,"absDeviation":34,"callibration":"test","block":10,"seed":78,"numerosity":64,"matchType":"paired","which":"second","trial_type":"numerosity-estimation","trial_index":194,"time_elapsed":1469767,"subject_id":"76167"},{"rt":7145,"stimulus":79,"slider_start":100,"sprites":"jellyBeans","response":38,"absDeviation":12,"callibration":"test","block":10,"seed":79,"numerosity":50,"matchType":"unpaired","which":"second","trial_type":"numerosity-estimation","trial_index":195,"time_elapsed":1476915,"subject_id":"76167"},{"rt":3358,"stimulus":80,"slider_start":100,"sprites":"marbles","response":95,"absDeviation":26,"callibration":"test","block":10,"seed":80,"numerosity":121,"matchType":"unpaired","which":"second","trial_type":"numerosity-estimation","trial_index":196,"time_elapsed":1480277,"subject_id":"76167"},{"rt":24050,"stimulus":"<p> For the last block of trials, the average deviation of your guesses from correct answers was 22.</p>\n     <p>The smaller the deviation the better.  Your deviation was <b> VERY good</b>.</p><br>\n       <p>Press any key to continue to the next block of trials</p>","response":" ","trial_type":"html-keyboard-response","trial_index":197,"time_elapsed":1504338,"subject_id":"76167"},{"rt":6523,"stimulus":82,"slider_start":100,"sprites":"rocks","response":70,"absDeviation":6,"callibration":"test","block":11,"seed":82,"numerosity":64,"matchType":"paired","which":"first","trial_type":"numerosity-estimation","trial_index":198,"time_elapsed":1510866,"subject_id":"76167"},{"rt":6242,"stimulus":82,"slider_start":100,"sprites":"rocks","response":77,"absDeviation":13,"callibration":"test","block":11,"seed":82,"numerosity":64,"matchType":"paired","which":"second","trial_type":"numerosity-estimation","trial_index":199,"time_elapsed":1517112,"subject_id":"76167"},{"rt":6206,"stimulus":83,"slider_start":100,"sprites":"buttons","response":113,"absDeviation":8,"callibration":"test","block":11,"seed":83,"numerosity":121,"matchType":"unpaired","which":"second","trial_type":"numerosity-estimation","trial_index":200,"time_elapsed":1523322,"subject_id":"76167"},{"rt":3852,"stimulus":84,"slider_start":100,"sprites":"animalCrackers","response":54,"absDeviation":4,"callibration":"test","block":11,"seed":84,"numerosity":50,"matchType":"unpaired","which":"second","trial_type":"numerosity-estimation","trial_index":201,"time_elapsed":1527176,"subject_id":"76167"},{"rt":3338,"stimulus":86,"slider_start":100,"sprites":"butterflies","response":91,"absDeviation":30,"callibration":"test","block":11,"seed":86,"numerosity":121,"matchType":"paired","which":"first","trial_type":"numerosity-estimation","trial_index":202,"time_elapsed":1530519,"subject_id":"76167"},{"rt":4170,"stimulus":86,"slider_start":100,"sprites":"butterflies","response":78,"absDeviation":43,"callibration":"test","block":11,"seed":86,"numerosity":121,"matchType":"paired","which":"second","trial_type":"numerosity-estimation","trial_index":203,"time_elapsed":1534692,"subject_id":"76167"},{"rt":3902,"stimulus":87,"slider_start":100,"sprites":"hearts","response":70,"absDeviation":20,"callibration":"test","block":11,"seed":87,"numerosity":50,"matchType":"unpaired","which":"second","trial_type":"numerosity-estimation","trial_index":204,"time_elapsed":1538597,"subject_id":"76167"},{"rt":3571,"stimulus":88,"slider_start":100,"sprites":"crackers","response":137,"absDeviation":2,"callibration":"test","block":11,"seed":88,"numerosity":135,"matchType":"unpaired","which":"second","trial_type":"numerosity-estimation","trial_index":205,"time_elapsed":1542171,"subject_id":"76167"},{"rt":3357,"stimulus":90,"slider_start":100,"sprites":"fruits","response":145,"absDeviation":5,"callibration":"test","block":11,"seed":90,"numerosity":150,"matchType":"paired","which":"first","trial_type":"numerosity-estimation","trial_index":206,"time_elapsed":1545530,"subject_id":"76167"},{"rt":2518,"stimulus":90,"slider_start":100,"sprites":"fruits","response":145,"absDeviation":5,"callibration":"test","block":11,"seed":90,"numerosity":150,"matchType":"paired","which":"second","trial_type":"numerosity-estimation","trial_index":207,"time_elapsed":1548052,"subject_id":"76167"},{"rt":6672,"stimulus":91,"slider_start":100,"sprites":"jellyBeans","response":117,"absDeviation":25,"callibration":"test","block":11,"seed":91,"numerosity":92,"matchType":"unpaired","which":"second","trial_type":"numerosity-estimation","trial_index":208,"time_elapsed":1554728,"subject_id":"76167"},{"rt":8800,"stimulus":92,"slider_start":100,"sprites":"marbles","response":108,"absDeviation":13,"callibration":"test","block":11,"seed":92,"numerosity":121,"matchType":"unpaired","which":"second","trial_type":"numerosity-estimation","trial_index":209,"time_elapsed":1563536,"subject_id":"76167"},{"rt":3866,"stimulus":94,"slider_start":100,"sprites":"rocks","response":68,"absDeviation":10,"callibration":"test","block":11,"seed":94,"numerosity":78,"matchType":"paired","which":"first","trial_type":"numerosity-estimation","trial_index":210,"time_elapsed":1567406,"subject_id":"76167"},{"rt":4846,"stimulus":94,"slider_start":100,"sprites":"rocks","response":74,"absDeviation":4,"callibration":"test","block":11,"seed":94,"numerosity":78,"matchType":"paired","which":"second","trial_type":"numerosity-estimation","trial_index":211,"time_elapsed":1572256,"subject_id":"76167"},{"rt":7130,"stimulus":95,"slider_start":100,"sprites":"buttons","response":55,"absDeviation":9,"callibration":"test","block":11,"seed":95,"numerosity":64,"matchType":"unpaired","which":"second","trial_type":"numerosity-estimation","trial_index":212,"time_elapsed":1579390,"subject_id":"76167"},{"rt":3593,"stimulus":96,"slider_start":100,"sprites":"animalCrackers","response":84,"absDeviation":8,"callibration":"test","block":11,"seed":96,"numerosity":92,"matchType":"unpaired","which":"second","trial_type":"numerosity-estimation","trial_index":213,"time_elapsed":1582988,"subject_id":"76167"},{"rt":85200,"stimulus":"<p> For the last block of trials, the average deviation of your guesses from correct answers was 13.</p>\n     <p>The smaller the deviation the better.  Your deviation was <b> AMAZINGLY good</b>.</p><br>\n       <p>Press any key to continue to the next block of trials</p>","response":" ","trial_type":"html-keyboard-response","trial_index":214,"time_elapsed":1668191,"subject_id":"76167"},{"rt":23324,"response":{"averageEstimates":"When the two displays occured back-to-back, in immediate succession.","firstOrSecond":"The first time the objects were shown"},"question_order":[0,1],"trial_type":"survey-multi-choice","trial_index":215,"time_elapsed":1691518,"subject_id":"76167"}]