[{"rt":35906,"url":"consent.html","trial_type":"external-html","trial_index":0,"time_elapsed":35956,"subject_id":"76097"},{"view_history":[{"page_index":0,"viewing_time":4418}],"rt":4419,"trial_type":"instructions","trial_index":1,"time_elapsed":40380,"subject_id":"76097"},{"rt":19443,"stimulus":0,"slider_start":100,"sprites":"animalCrackers","response":50,"absDeviation":0,"callibration":"callibration","block":-1,"seed":0,"numerosity":50,"matchType":"callibration","which":"first","trial_type":"numerosity-estimation","trial_index":2,"time_elapsed":59837,"subject_id":"76097"},{"rt":16846,"stimulus":1,"slider_start":100,"sprites":"letters","response":64,"absDeviation":0,"callibration":"callibration","block":-1,"seed":1,"numerosity":64,"matchType":"callibration","which":"first","trial_type":"numerosity-estimation","trial_index":3,"time_elapsed":76691,"subject_id":"76097"},{"rt":9974,"stimulus":2,"slider_start":100,"sprites":"butterflies","response":78,"absDeviation":0,"callibration":"callibration","block":-1,"seed":2,"numerosity":78,"matchType":"callibration","which":"first","trial_type":"numerosity-estimation","trial_index":4,"time_elapsed":86675,"subject_id":"76097"},{"rt":11584,"stimulus":3,"slider_start":100,"sprites":"hearts","response":92,"absDeviation":0,"callibration":"callibration","block":-1,"seed":3,"numerosity":92,"matchType":"callibration","which":"first","trial_type":"numerosity-estimation","trial_index":5,"time_elapsed":98267,"subject_id":"76097"},{"rt":5588,"stimulus":4,"slider_start":100,"sprites":"crackers","response":107,"absDeviation":0,"callibration":"callibration","block":-1,"seed":4,"numerosity":107,"matchType":"callibration","which":"first","trial_type":"numerosity-estimation","trial_index":6,"time_elapsed":103864,"subject_id":"76097"},{"rt":28387,"stimulus":5,"slider_start":100,"sprites":"bears","response":121,"absDeviation":0,"callibration":"callibration","block":-1,"seed":5,"numerosity":121,"matchType":"callibration","which":"first","trial_type":"numerosity-estimation","trial_index":7,"time_elapsed":132257,"subject_id":"76097"},{"rt":8086,"stimulus":6,"slider_start":100,"sprites":"fruits","response":135,"absDeviation":0,"callibration":"callibration","block":-1,"seed":6,"numerosity":135,"matchType":"callibration","which":"first","trial_type":"numerosity-estimation","trial_index":8,"time_elapsed":140352,"subject_id":"76097"},{"rt":13725,"stimulus":7,"slider_start":100,"sprites":"jellyBeans","response":150,"absDeviation":0,"callibration":"callibration","block":-1,"seed":7,"numerosity":150,"matchType":"callibration","which":"first","trial_type":"numerosity-estimation","trial_index":9,"time_elapsed":154083,"subject_id":"76097"},{"view_history":[{"page_index":0,"viewing_time":35527}],"rt":35530,"trial_type":"instructions","trial_index":10,"time_elapsed":189616,"subject_id":"76097"},{"rt":14046,"stimulus":1,"slider_start":100,"sprites":"letters","response":82,"absDeviation":10,"callibration":"test","block":0,"seed":1,"numerosity":92,"matchType":"paired","which":"first","trial_type":"numerosity-estimation","trial_index":11,"time_elapsed":203670,"subject_id":"76097"},{"rt":8407,"stimulus":1,"slider_start":100,"sprites":"letters","response":97,"absDeviation":5,"callibration":"test","block":0,"seed":1,"numerosity":92,"matchType":"paired","which":"second","trial_type":"numerosity-estimation","trial_index":12,"time_elapsed":212084,"subject_id":"76097"},{"rt":4152,"stimulus":3,"slider_start":100,"sprites":"hearts","response":76,"absDeviation":26,"callibration":"test","block":0,"seed":3,"numerosity":50,"matchType":"unpaired","which":"first","trial_type":"numerosity-estimation","trial_index":13,"time_elapsed":216246,"subject_id":"76097"},{"rt":3741,"stimulus":4,"slider_start":100,"sprites":"crackers","response":116,"absDeviation":9,"callibration":"test","block":0,"seed":4,"numerosity":107,"matchType":"unpaired","which":"first","trial_type":"numerosity-estimation","trial_index":14,"time_elapsed":219995,"subject_id":"76097"},{"rt":6186,"stimulus":5,"slider_start":100,"sprites":"bears","response":73,"absDeviation":23,"callibration":"test","block":0,"seed":5,"numerosity":50,"matchType":"paired","which":"first","trial_type":"numerosity-estimation","trial_index":15,"time_elapsed":226189,"subject_id":"76097"},{"rt":4472,"stimulus":5,"slider_start":100,"sprites":"bears","response":79,"absDeviation":29,"callibration":"test","block":0,"seed":5,"numerosity":50,"matchType":"paired","which":"second","trial_type":"numerosity-estimation","trial_index":16,"time_elapsed":230668,"subject_id":"76097"},{"rt":3786,"stimulus":7,"slider_start":100,"sprites":"jellyBeans","response":81,"absDeviation":31,"callibration":"test","block":0,"seed":7,"numerosity":50,"matchType":"unpaired","which":"first","trial_type":"numerosity-estimation","trial_index":17,"time_elapsed":234462,"subject_id":"76097"},{"rt":3391,"stimulus":8,"slider_start":100,"sprites":"marbles","response":93,"absDeviation":1,"callibration":"test","block":0,"seed":8,"numerosity":92,"matchType":"unpaired","which":"first","trial_type":"numerosity-estimation","trial_index":18,"time_elapsed":237861,"subject_id":"76097"},{"rt":5246,"stimulus":9,"slider_start":100,"sprites":"mints","response":133,"absDeviation":2,"callibration":"test","block":0,"seed":9,"numerosity":135,"matchType":"paired","which":"first","trial_type":"numerosity-estimation","trial_index":19,"time_elapsed":243115,"subject_id":"76097"},{"rt":3997,"stimulus":9,"slider_start":100,"sprites":"mints","response":146,"absDeviation":11,"callibration":"test","block":0,"seed":9,"numerosity":135,"matchType":"paired","which":"second","trial_type":"numerosity-estimation","trial_index":20,"time_elapsed":247120,"subject_id":"76097"},{"rt":5960,"stimulus":11,"slider_start":100,"sprites":"buttons","response":138,"absDeviation":31,"callibration":"test","block":0,"seed":11,"numerosity":107,"matchType":"unpaired","which":"first","trial_type":"numerosity-estimation","trial_index":21,"time_elapsed":253086,"subject_id":"76097"},{"rt":6190,"stimulus":12,"slider_start":100,"sprites":"animalCrackers","response":128,"absDeviation":36,"callibration":"test","block":0,"seed":12,"numerosity":92,"matchType":"unpaired","which":"first","trial_type":"numerosity-estimation","trial_index":22,"time_elapsed":259286,"subject_id":"76097"},{"rt":4566,"stimulus":13,"slider_start":100,"sprites":"letters","response":111,"absDeviation":4,"callibration":"test","block":0,"seed":13,"numerosity":107,"matchType":"paired","which":"first","trial_type":"numerosity-estimation","trial_index":23,"time_elapsed":263860,"subject_id":"76097"},{"rt":3022,"stimulus":13,"slider_start":100,"sprites":"letters","response":120,"absDeviation":13,"callibration":"test","block":0,"seed":13,"numerosity":107,"matchType":"paired","which":"second","trial_type":"numerosity-estimation","trial_index":24,"time_elapsed":266890,"subject_id":"76097"},{"rt":2598,"stimulus":15,"slider_start":100,"sprites":"hearts","response":128,"absDeviation":7,"callibration":"test","block":0,"seed":15,"numerosity":121,"matchType":"unpaired","which":"first","trial_type":"numerosity-estimation","trial_index":25,"time_elapsed":269497,"subject_id":"76097"},{"rt":2819,"stimulus":16,"slider_start":100,"sprites":"crackers","response":78,"absDeviation":14,"callibration":"test","block":0,"seed":16,"numerosity":64,"matchType":"unpaired","which":"first","trial_type":"numerosity-estimation","trial_index":26,"time_elapsed":272324,"subject_id":"76097"},{"rt":3260,"stimulus":"<p> For the last block of trials, the average deviation of your guesses from correct answers was 16.</p>\n     <p>The smaller the deviation the better.  Your deviation was <b> VERY good</b>.</p><br>\n       <p>Press any key to continue to the next block of trials</p>","response":" ","trial_type":"html-keyboard-response","trial_index":27,"time_elapsed":275590,"subject_id":"76097"},{"rt":3361,"stimulus":17,"slider_start":100,"sprites":"bears","response":116,"absDeviation":24,"callibration":"test","block":1,"seed":17,"numerosity":92,"matchType":"paired","which":"first","trial_type":"numerosity-estimation","trial_index":28,"time_elapsed":278958,"subject_id":"76097"},{"rt":2414,"stimulus":17,"slider_start":100,"sprites":"bears","response":118,"absDeviation":26,"callibration":"test","block":1,"seed":17,"numerosity":92,"matchType":"paired","which":"second","trial_type":"numerosity-estimation","trial_index":29,"time_elapsed":281380,"subject_id":"76097"},{"rt":2999,"stimulus":19,"slider_start":100,"sprites":"jellyBeans","response":134,"absDeviation":1,"callibration":"test","block":1,"seed":19,"numerosity":135,"matchType":"unpaired","which":"first","trial_type":"numerosity-estimation","trial_index":30,"time_elapsed":284391,"subject_id":"76097"},{"rt":4252,"stimulus":20,"slider_start":100,"sprites":"marbles","response":79,"absDeviation":1,"callibration":"test","block":1,"seed":20,"numerosity":78,"matchType":"unpaired","which":"first","trial_type":"numerosity-estimation","trial_index":31,"time_elapsed":288651,"subject_id":"76097"},{"rt":2775,"stimulus":21,"slider_start":100,"sprites":"mints","response":129,"absDeviation":37,"callibration":"test","block":1,"seed":21,"numerosity":92,"matchType":"paired","which":"first","trial_type":"numerosity-estimation","trial_index":32,"time_elapsed":291434,"subject_id":"76097"},{"rt":2530,"stimulus":21,"slider_start":100,"sprites":"mints","response":139,"absDeviation":47,"callibration":"test","block":1,"seed":21,"numerosity":92,"matchType":"paired","which":"second","trial_type":"numerosity-estimation","trial_index":33,"time_elapsed":293971,"subject_id":"76097"},{"rt":2849,"stimulus":23,"slider_start":100,"sprites":"buttons","response":149,"absDeviation":1,"callibration":"test","block":1,"seed":23,"numerosity":150,"matchType":"unpaired","which":"first","trial_type":"numerosity-estimation","trial_index":34,"time_elapsed":296828,"subject_id":"76097"},{"rt":5394,"stimulus":24,"slider_start":100,"sprites":"animalCrackers","response":138,"absDeviation":31,"callibration":"test","block":1,"seed":24,"numerosity":107,"matchType":"unpaired","which":"first","trial_type":"numerosity-estimation","trial_index":35,"time_elapsed":302230,"subject_id":"76097"},{"rt":2519,"stimulus":25,"slider_start":100,"sprites":"letters","response":133,"absDeviation":26,"callibration":"test","block":1,"seed":25,"numerosity":107,"matchType":"paired","which":"first","trial_type":"numerosity-estimation","trial_index":36,"time_elapsed":304758,"subject_id":"76097"},{"rt":4686,"stimulus":25,"slider_start":100,"sprites":"letters","response":124,"absDeviation":17,"callibration":"test","block":1,"seed":25,"numerosity":107,"matchType":"paired","which":"second","trial_type":"numerosity-estimation","trial_index":37,"time_elapsed":309452,"subject_id":"76097"},{"rt":3012,"stimulus":27,"slider_start":100,"sprites":"hearts","response":129,"absDeviation":8,"callibration":"test","block":1,"seed":27,"numerosity":121,"matchType":"unpaired","which":"first","trial_type":"numerosity-estimation","trial_index":38,"time_elapsed":312475,"subject_id":"76097"},{"rt":2866,"stimulus":28,"slider_start":100,"sprites":"crackers","response":146,"absDeviation":4,"callibration":"test","block":1,"seed":28,"numerosity":150,"matchType":"unpaired","which":"first","trial_type":"numerosity-estimation","trial_index":39,"time_elapsed":315353,"subject_id":"76097"},{"rt":5318,"stimulus":29,"slider_start":100,"sprites":"bears","response":87,"absDeviation":23,"callibration":"test","block":1,"seed":29,"numerosity":64,"matchType":"paired","which":"first","trial_type":"numerosity-estimation","trial_index":40,"time_elapsed":320678,"subject_id":"76097"},{"rt":3246,"stimulus":29,"slider_start":100,"sprites":"bears","response":75,"absDeviation":11,"callibration":"test","block":1,"seed":29,"numerosity":64,"matchType":"paired","which":"second","trial_type":"numerosity-estimation","trial_index":41,"time_elapsed":323934,"subject_id":"76097"},{"rt":3867,"stimulus":31,"slider_start":100,"sprites":"jellyBeans","response":131,"absDeviation":19,"callibration":"test","block":1,"seed":31,"numerosity":150,"matchType":"unpaired","which":"first","trial_type":"numerosity-estimation","trial_index":42,"time_elapsed":327810,"subject_id":"76097"},{"rt":3794,"stimulus":32,"slider_start":100,"sprites":"marbles","response":132,"absDeviation":3,"callibration":"test","block":1,"seed":32,"numerosity":135,"matchType":"unpaired","which":"first","trial_type":"numerosity-estimation","trial_index":43,"time_elapsed":331611,"subject_id":"76097"},{"rt":1090,"stimulus":"<p> For the last block of trials, the average deviation of your guesses from correct answers was 17.</p>\n     <p>The smaller the deviation the better.  Your deviation was <b> VERY good</b>.</p><br>\n       <p>Press any key to continue to the next block of trials</p>","response":" ","trial_type":"html-keyboard-response","trial_index":44,"time_elapsed":332706,"subject_id":"76097"},{"rt":3095,"stimulus":33,"slider_start":100,"sprites":"mints","response":143,"absDeviation":22,"callibration":"test","block":2,"seed":33,"numerosity":121,"matchType":"paired","which":"first","trial_type":"numerosity-estimation","trial_index":45,"time_elapsed":335807,"subject_id":"76097"},{"rt":4073,"stimulus":33,"slider_start":100,"sprites":"mints","response":145,"absDeviation":24,"callibration":"test","block":2,"seed":33,"numerosity":121,"matchType":"paired","which":"second","trial_type":"numerosity-estimation","trial_index":46,"time_elapsed":339888,"subject_id":"76097"},{"rt":2222,"stimulus":35,"slider_start":100,"sprites":"buttons","response":89,"absDeviation":11,"callibration":"test","block":2,"seed":35,"numerosity":78,"matchType":"unpaired","which":"first","trial_type":"numerosity-estimation","trial_index":47,"time_elapsed":342118,"subject_id":"76097"},{"rt":3566,"stimulus":36,"slider_start":100,"sprites":"animalCrackers","response":71,"absDeviation":21,"callibration":"test","block":2,"seed":36,"numerosity":50,"matchType":"unpaired","which":"first","trial_type":"numerosity-estimation","trial_index":48,"time_elapsed":345690,"subject_id":"76097"},{"rt":4697,"stimulus":37,"slider_start":100,"sprites":"letters","response":125,"absDeviation":10,"callibration":"test","block":2,"seed":37,"numerosity":135,"matchType":"paired","which":"first","trial_type":"numerosity-estimation","trial_index":49,"time_elapsed":350395,"subject_id":"76097"},{"rt":6955,"stimulus":37,"slider_start":100,"sprites":"letters","response":133,"absDeviation":2,"callibration":"test","block":2,"seed":37,"numerosity":135,"matchType":"paired","which":"second","trial_type":"numerosity-estimation","trial_index":50,"time_elapsed":357360,"subject_id":"76097"},{"rt":3389,"stimulus":39,"slider_start":100,"sprites":"hearts","response":81,"absDeviation":3,"callibration":"test","block":2,"seed":39,"numerosity":78,"matchType":"unpaired","which":"first","trial_type":"numerosity-estimation","trial_index":51,"time_elapsed":360759,"subject_id":"76097"},{"rt":4500,"stimulus":40,"slider_start":100,"sprites":"crackers","response":131,"absDeviation":10,"callibration":"test","block":2,"seed":40,"numerosity":121,"matchType":"unpaired","which":"first","trial_type":"numerosity-estimation","trial_index":52,"time_elapsed":365267,"subject_id":"76097"},{"rt":5591,"stimulus":41,"slider_start":100,"sprites":"bears","response":65,"absDeviation":15,"callibration":"test","block":2,"seed":41,"numerosity":50,"matchType":"paired","which":"first","trial_type":"numerosity-estimation","trial_index":53,"time_elapsed":370865,"subject_id":"76097"},{"rt":3005,"stimulus":41,"slider_start":100,"sprites":"bears","response":70,"absDeviation":20,"callibration":"test","block":2,"seed":41,"numerosity":50,"matchType":"paired","which":"second","trial_type":"numerosity-estimation","trial_index":54,"time_elapsed":373878,"subject_id":"76097"},{"rt":4039,"stimulus":43,"slider_start":100,"sprites":"jellyBeans","response":78,"absDeviation":14,"callibration":"test","block":2,"seed":43,"numerosity":64,"matchType":"unpaired","which":"first","trial_type":"numerosity-estimation","trial_index":55,"time_elapsed":377926,"subject_id":"76097"},{"rt":2608,"stimulus":44,"slider_start":100,"sprites":"marbles","response":93,"absDeviation":28,"callibration":"test","block":2,"seed":44,"numerosity":121,"matchType":"unpaired","which":"first","trial_type":"numerosity-estimation","trial_index":56,"time_elapsed":380543,"subject_id":"76097"},{"rt":3909,"stimulus":45,"slider_start":100,"sprites":"mints","response":109,"absDeviation":12,"callibration":"test","block":2,"seed":45,"numerosity":121,"matchType":"paired","which":"first","trial_type":"numerosity-estimation","trial_index":57,"time_elapsed":384462,"subject_id":"76097"},{"rt":2455,"stimulus":45,"slider_start":100,"sprites":"mints","response":130,"absDeviation":9,"callibration":"test","block":2,"seed":45,"numerosity":121,"matchType":"paired","which":"second","trial_type":"numerosity-estimation","trial_index":58,"time_elapsed":386926,"subject_id":"76097"},{"rt":3674,"stimulus":47,"slider_start":100,"sprites":"buttons","response":131,"absDeviation":10,"callibration":"test","block":2,"seed":47,"numerosity":121,"matchType":"unpaired","which":"first","trial_type":"numerosity-estimation","trial_index":59,"time_elapsed":390606,"subject_id":"76097"},{"rt":2892,"stimulus":48,"slider_start":100,"sprites":"animalCrackers","response":148,"absDeviation":13,"callibration":"test","block":2,"seed":48,"numerosity":135,"matchType":"unpaired","which":"first","trial_type":"numerosity-estimation","trial_index":60,"time_elapsed":393507,"subject_id":"76097"},{"rt":894,"stimulus":"<p> For the last block of trials, the average deviation of your guesses from correct answers was 14.</p>\n     <p>The smaller the deviation the better.  Your deviation was <b> AMAZINGLY good</b>.</p><br>\n       <p>Press any key to continue to the next block of trials</p>","response":" ","trial_type":"html-keyboard-response","trial_index":61,"time_elapsed":394408,"subject_id":"76097"},{"rt":5553,"stimulus":49,"slider_start":100,"sprites":"letters","response":83,"absDeviation":5,"callibration":"test","block":3,"seed":49,"numerosity":78,"matchType":"paired","which":"first","trial_type":"numerosity-estimation","trial_index":62,"time_elapsed":399967,"subject_id":"76097"},{"rt":2649,"stimulus":49,"slider_start":100,"sprites":"letters","response":79,"absDeviation":1,"callibration":"test","block":3,"seed":49,"numerosity":78,"matchType":"paired","which":"second","trial_type":"numerosity-estimation","trial_index":63,"time_elapsed":402626,"subject_id":"76097"},{"rt":4994,"stimulus":51,"slider_start":100,"sprites":"hearts","response":139,"absDeviation":11,"callibration":"test","block":3,"seed":51,"numerosity":150,"matchType":"unpaired","which":"first","trial_type":"numerosity-estimation","trial_index":64,"time_elapsed":407628,"subject_id":"76097"},{"rt":3957,"stimulus":52,"slider_start":100,"sprites":"crackers","response":93,"absDeviation":15,"callibration":"test","block":3,"seed":52,"numerosity":78,"matchType":"unpaired","which":"first","trial_type":"numerosity-estimation","trial_index":65,"time_elapsed":411591,"subject_id":"76097"},{"rt":2232,"stimulus":53,"slider_start":100,"sprites":"bears","response":76,"absDeviation":26,"callibration":"test","block":3,"seed":53,"numerosity":50,"matchType":"paired","which":"first","trial_type":"numerosity-estimation","trial_index":66,"time_elapsed":413831,"subject_id":"76097"},{"rt":2481,"stimulus":53,"slider_start":100,"sprites":"bears","response":79,"absDeviation":29,"callibration":"test","block":3,"seed":53,"numerosity":50,"matchType":"paired","which":"second","trial_type":"numerosity-estimation","trial_index":67,"time_elapsed":416319,"subject_id":"76097"},{"rt":2208,"stimulus":55,"slider_start":100,"sprites":"jellyBeans","response":128,"absDeviation":7,"callibration":"test","block":3,"seed":55,"numerosity":121,"matchType":"unpaired","which":"first","trial_type":"numerosity-estimation","trial_index":68,"time_elapsed":418536,"subject_id":"76097"},{"rt":2715,"stimulus":56,"slider_start":100,"sprites":"marbles","response":83,"absDeviation":19,"callibration":"test","block":3,"seed":56,"numerosity":64,"matchType":"unpaired","which":"first","trial_type":"numerosity-estimation","trial_index":69,"time_elapsed":421261,"subject_id":"76097"},{"rt":2309,"stimulus":57,"slider_start":100,"sprites":"mints","response":82,"absDeviation":18,"callibration":"test","block":3,"seed":57,"numerosity":64,"matchType":"paired","which":"first","trial_type":"numerosity-estimation","trial_index":70,"time_elapsed":423577,"subject_id":"76097"},{"rt":2133,"stimulus":57,"slider_start":100,"sprites":"mints","response":93,"absDeviation":29,"callibration":"test","block":3,"seed":57,"numerosity":64,"matchType":"paired","which":"second","trial_type":"numerosity-estimation","trial_index":71,"time_elapsed":425718,"subject_id":"76097"},{"rt":2603,"stimulus":59,"slider_start":100,"sprites":"buttons","response":130,"absDeviation":5,"callibration":"test","block":3,"seed":59,"numerosity":135,"matchType":"unpaired","which":"first","trial_type":"numerosity-estimation","trial_index":72,"time_elapsed":428329,"subject_id":"76097"},{"rt":3060,"stimulus":60,"slider_start":100,"sprites":"animalCrackers","response":137,"absDeviation":13,"callibration":"test","block":3,"seed":60,"numerosity":150,"matchType":"unpaired","which":"first","trial_type":"numerosity-estimation","trial_index":73,"time_elapsed":431400,"subject_id":"76097"},{"rt":3605,"stimulus":61,"slider_start":100,"sprites":"letters","response":82,"absDeviation":32,"callibration":"test","block":3,"seed":61,"numerosity":50,"matchType":"paired","which":"first","trial_type":"numerosity-estimation","trial_index":74,"time_elapsed":435012,"subject_id":"76097"},{"rt":3446,"stimulus":61,"slider_start":100,"sprites":"letters","response":85,"absDeviation":35,"callibration":"test","block":3,"seed":61,"numerosity":50,"matchType":"paired","which":"second","trial_type":"numerosity-estimation","trial_index":75,"time_elapsed":438467,"subject_id":"76097"},{"rt":2862,"stimulus":63,"slider_start":100,"sprites":"hearts","response":91,"absDeviation":27,"callibration":"test","block":3,"seed":63,"numerosity":64,"matchType":"unpaired","which":"first","trial_type":"numerosity-estimation","trial_index":76,"time_elapsed":441336,"subject_id":"76097"},{"rt":2478,"stimulus":64,"slider_start":100,"sprites":"crackers","response":129,"absDeviation":6,"callibration":"test","block":3,"seed":64,"numerosity":135,"matchType":"unpaired","which":"first","trial_type":"numerosity-estimation","trial_index":77,"time_elapsed":443821,"subject_id":"76097"},{"rt":1133,"stimulus":"<p> For the last block of trials, the average deviation of your guesses from correct answers was 17.</p>\n     <p>The smaller the deviation the better.  Your deviation was <b> VERY good</b>.</p><br>\n       <p>Press any key to continue to the next block of trials</p>","response":" ","trial_type":"html-keyboard-response","trial_index":78,"time_elapsed":444958,"subject_id":"76097"},{"rt":4960,"stimulus":65,"slider_start":100,"sprites":"bears","response":96,"absDeviation":11,"callibration":"test","block":4,"seed":65,"numerosity":107,"matchType":"paired","which":"first","trial_type":"numerosity-estimation","trial_index":79,"time_elapsed":449927,"subject_id":"76097"},{"rt":3057,"stimulus":65,"slider_start":100,"sprites":"bears","response":94,"absDeviation":13,"callibration":"test","block":4,"seed":65,"numerosity":107,"matchType":"paired","which":"second","trial_type":"numerosity-estimation","trial_index":80,"time_elapsed":452993,"subject_id":"76097"},{"rt":6173,"stimulus":67,"slider_start":100,"sprites":"jellyBeans","response":107,"absDeviation":0,"callibration":"test","block":4,"seed":67,"numerosity":107,"matchType":"unpaired","which":"first","trial_type":"numerosity-estimation","trial_index":81,"time_elapsed":459171,"subject_id":"76097"},{"rt":5263,"stimulus":68,"slider_start":100,"sprites":"marbles","response":109,"absDeviation":41,"callibration":"test","block":4,"seed":68,"numerosity":150,"matchType":"unpaired","which":"first","trial_type":"numerosity-estimation","trial_index":82,"time_elapsed":464442,"subject_id":"76097"},{"rt":2257,"stimulus":69,"slider_start":100,"sprites":"mints","response":114,"absDeviation":7,"callibration":"test","block":4,"seed":69,"numerosity":121,"matchType":"paired","which":"first","trial_type":"numerosity-estimation","trial_index":83,"time_elapsed":466708,"subject_id":"76097"},{"rt":2410,"stimulus":69,"slider_start":100,"sprites":"mints","response":122,"absDeviation":1,"callibration":"test","block":4,"seed":69,"numerosity":121,"matchType":"paired","which":"second","trial_type":"numerosity-estimation","trial_index":84,"time_elapsed":469126,"subject_id":"76097"},{"rt":2301,"stimulus":71,"slider_start":100,"sprites":"buttons","response":111,"absDeviation":4,"callibration":"test","block":4,"seed":71,"numerosity":107,"matchType":"unpaired","which":"first","trial_type":"numerosity-estimation","trial_index":85,"time_elapsed":471437,"subject_id":"76097"},{"rt":2800,"stimulus":72,"slider_start":100,"sprites":"animalCrackers","response":63,"absDeviation":13,"callibration":"test","block":4,"seed":72,"numerosity":50,"matchType":"unpaired","which":"first","trial_type":"numerosity-estimation","trial_index":86,"time_elapsed":474245,"subject_id":"76097"},{"rt":2619,"stimulus":73,"slider_start":100,"sprites":"letters","response":80,"absDeviation":2,"callibration":"test","block":4,"seed":73,"numerosity":78,"matchType":"paired","which":"first","trial_type":"numerosity-estimation","trial_index":87,"time_elapsed":476872,"subject_id":"76097"},{"rt":3384,"stimulus":73,"slider_start":100,"sprites":"letters","response":87,"absDeviation":9,"callibration":"test","block":4,"seed":73,"numerosity":78,"matchType":"paired","which":"second","trial_type":"numerosity-estimation","trial_index":88,"time_elapsed":480264,"subject_id":"76097"},{"rt":2492,"stimulus":75,"slider_start":100,"sprites":"hearts","response":88,"absDeviation":4,"callibration":"test","block":4,"seed":75,"numerosity":92,"matchType":"unpaired","which":"first","trial_type":"numerosity-estimation","trial_index":89,"time_elapsed":482764,"subject_id":"76097"},{"rt":5477,"stimulus":76,"slider_start":100,"sprites":"crackers","response":91,"absDeviation":27,"callibration":"test","block":4,"seed":76,"numerosity":64,"matchType":"unpaired","which":"first","trial_type":"numerosity-estimation","trial_index":90,"time_elapsed":488249,"subject_id":"76097"},{"rt":2259,"stimulus":77,"slider_start":100,"sprites":"bears","response":116,"absDeviation":19,"callibration":"test","block":4,"seed":77,"numerosity":135,"matchType":"paired","which":"first","trial_type":"numerosity-estimation","trial_index":91,"time_elapsed":490515,"subject_id":"76097"},{"rt":2661,"stimulus":77,"slider_start":100,"sprites":"bears","response":122,"absDeviation":13,"callibration":"test","block":4,"seed":77,"numerosity":135,"matchType":"paired","which":"second","trial_type":"numerosity-estimation","trial_index":92,"time_elapsed":493184,"subject_id":"76097"},{"rt":3102,"stimulus":79,"slider_start":100,"sprites":"jellyBeans","response":57,"absDeviation":7,"callibration":"test","block":4,"seed":79,"numerosity":50,"matchType":"unpaired","which":"first","trial_type":"numerosity-estimation","trial_index":93,"time_elapsed":496296,"subject_id":"76097"},{"rt":3225,"stimulus":80,"slider_start":100,"sprites":"marbles","response":82,"absDeviation":39,"callibration":"test","block":4,"seed":80,"numerosity":121,"matchType":"unpaired","which":"first","trial_type":"numerosity-estimation","trial_index":94,"time_elapsed":499530,"subject_id":"76097"},{"rt":1020,"stimulus":"<p> For the last block of trials, the average deviation of your guesses from correct answers was 13.</p>\n     <p>The smaller the deviation the better.  Your deviation was <b> AMAZINGLY good</b>.</p><br>\n       <p>Press any key to continue to the next block of trials</p>","response":" ","trial_type":"html-keyboard-response","trial_index":95,"time_elapsed":500553,"subject_id":"76097"},{"rt":3222,"stimulus":81,"slider_start":100,"sprites":"mints","response":127,"absDeviation":6,"callibration":"test","block":5,"seed":81,"numerosity":121,"matchType":"paired","which":"first","trial_type":"numerosity-estimation","trial_index":96,"time_elapsed":503782,"subject_id":"76097"},{"rt":2914,"stimulus":81,"slider_start":100,"sprites":"mints","response":130,"absDeviation":9,"callibration":"test","block":5,"seed":81,"numerosity":121,"matchType":"paired","which":"second","trial_type":"numerosity-estimation","trial_index":97,"time_elapsed":506704,"subject_id":"76097"},{"rt":5236,"stimulus":83,"slider_start":100,"sprites":"buttons","response":130,"absDeviation":9,"callibration":"test","block":5,"seed":83,"numerosity":121,"matchType":"unpaired","which":"first","trial_type":"numerosity-estimation","trial_index":98,"time_elapsed":511948,"subject_id":"76097"},{"rt":3315,"stimulus":84,"slider_start":100,"sprites":"animalCrackers","response":82,"absDeviation":32,"callibration":"test","block":5,"seed":84,"numerosity":50,"matchType":"unpaired","which":"first","trial_type":"numerosity-estimation","trial_index":99,"time_elapsed":515271,"subject_id":"76097"},{"rt":4951,"stimulus":85,"slider_start":100,"sprites":"letters","response":79,"absDeviation":15,"callibration":"test","block":5,"seed":85,"numerosity":64,"matchType":"paired","which":"first","trial_type":"numerosity-estimation","trial_index":100,"time_elapsed":520230,"subject_id":"76097"},{"rt":2743,"stimulus":85,"slider_start":100,"sprites":"letters","response":80,"absDeviation":16,"callibration":"test","block":5,"seed":85,"numerosity":64,"matchType":"paired","which":"second","trial_type":"numerosity-estimation","trial_index":101,"time_elapsed":522982,"subject_id":"76097"},{"rt":2765,"stimulus":87,"slider_start":100,"sprites":"hearts","response":118,"absDeviation":68,"callibration":"test","block":5,"seed":87,"numerosity":50,"matchType":"unpaired","which":"first","trial_type":"numerosity-estimation","trial_index":102,"time_elapsed":525755,"subject_id":"76097"},{"rt":2353,"stimulus":88,"slider_start":100,"sprites":"crackers","response":140,"absDeviation":5,"callibration":"test","block":5,"seed":88,"numerosity":135,"matchType":"unpaired","which":"first","trial_type":"numerosity-estimation","trial_index":103,"time_elapsed":528114,"subject_id":"76097"},{"rt":2238,"stimulus":89,"slider_start":100,"sprites":"bears","response":78,"absDeviation":28,"callibration":"test","block":5,"seed":89,"numerosity":50,"matchType":"paired","which":"first","trial_type":"numerosity-estimation","trial_index":104,"time_elapsed":530361,"subject_id":"76097"},{"rt":3760,"stimulus":89,"slider_start":100,"sprites":"bears","response":76,"absDeviation":26,"callibration":"test","block":5,"seed":89,"numerosity":50,"matchType":"paired","which":"second","trial_type":"numerosity-estimation","trial_index":105,"time_elapsed":534128,"subject_id":"76097"},{"rt":3385,"stimulus":91,"slider_start":100,"sprites":"jellyBeans","response":92,"absDeviation":0,"callibration":"test","block":5,"seed":91,"numerosity":92,"matchType":"unpaired","which":"first","trial_type":"numerosity-estimation","trial_index":106,"time_elapsed":537526,"subject_id":"76097"},{"rt":2951,"stimulus":92,"slider_start":100,"sprites":"marbles","response":125,"absDeviation":4,"callibration":"test","block":5,"seed":92,"numerosity":121,"matchType":"unpaired","which":"first","trial_type":"numerosity-estimation","trial_index":107,"time_elapsed":540484,"subject_id":"76097"},{"rt":4309,"stimulus":93,"slider_start":100,"sprites":"mints","response":113,"absDeviation":35,"callibration":"test","block":5,"seed":93,"numerosity":78,"matchType":"paired","which":"first","trial_type":"numerosity-estimation","trial_index":108,"time_elapsed":544801,"subject_id":"76097"},{"rt":7256,"stimulus":93,"slider_start":100,"sprites":"mints","response":114,"absDeviation":36,"callibration":"test","block":5,"seed":93,"numerosity":78,"matchType":"paired","which":"second","trial_type":"numerosity-estimation","trial_index":109,"time_elapsed":552066,"subject_id":"76097"},{"rt":3208,"stimulus":95,"slider_start":100,"sprites":"buttons","response":93,"absDeviation":29,"callibration":"test","block":5,"seed":95,"numerosity":64,"matchType":"unpaired","which":"first","trial_type":"numerosity-estimation","trial_index":110,"time_elapsed":555284,"subject_id":"76097"},{"rt":4228,"stimulus":96,"slider_start":100,"sprites":"animalCrackers","response":131,"absDeviation":39,"callibration":"test","block":5,"seed":96,"numerosity":92,"matchType":"unpaired","which":"first","trial_type":"numerosity-estimation","trial_index":111,"time_elapsed":559519,"subject_id":"76097"},{"rt":847,"stimulus":"<p> For the last block of trials, the average deviation of your guesses from correct answers was 22.</p>\n     <p>The smaller the deviation the better.  Your deviation was <b> VERY good</b>.</p><br>\n       <p>Press any key to continue to the next block of trials</p>","response":" ","trial_type":"html-keyboard-response","trial_index":112,"time_elapsed":560372,"subject_id":"76097"},{"rt":3097,"stimulus":2,"slider_start":100,"sprites":"butterflies","response":131,"absDeviation":4,"callibration":"test","block":6,"seed":2,"numerosity":135,"matchType":"paired","which":"first","trial_type":"numerosity-estimation","trial_index":113,"time_elapsed":563475,"subject_id":"76097"},{"rt":2758,"stimulus":2,"slider_start":100,"sprites":"butterflies","response":134,"absDeviation":1,"callibration":"test","block":6,"seed":2,"numerosity":135,"matchType":"paired","which":"second","trial_type":"numerosity-estimation","trial_index":114,"time_elapsed":566242,"subject_id":"76097"},{"rt":4375,"stimulus":3,"slider_start":100,"sprites":"hearts","response":90,"absDeviation":40,"callibration":"test","block":6,"seed":3,"numerosity":50,"matchType":"unpaired","which":"second","trial_type":"numerosity-estimation","trial_index":115,"time_elapsed":570624,"subject_id":"76097"},{"rt":2652,"stimulus":4,"slider_start":100,"sprites":"crackers","response":128,"absDeviation":21,"callibration":"test","block":6,"seed":4,"numerosity":107,"matchType":"unpaired","which":"second","trial_type":"numerosity-estimation","trial_index":116,"time_elapsed":573284,"subject_id":"76097"},{"rt":2624,"stimulus":6,"slider_start":100,"sprites":"fruits","response":89,"absDeviation":11,"callibration":"test","block":6,"seed":6,"numerosity":78,"matchType":"paired","which":"first","trial_type":"numerosity-estimation","trial_index":117,"time_elapsed":575915,"subject_id":"76097"},{"rt":8026,"stimulus":6,"slider_start":100,"sprites":"fruits","response":93,"absDeviation":15,"callibration":"test","block":6,"seed":6,"numerosity":78,"matchType":"paired","which":"second","trial_type":"numerosity-estimation","trial_index":118,"time_elapsed":583947,"subject_id":"76097"},{"rt":3357,"stimulus":7,"slider_start":100,"sprites":"jellyBeans","response":79,"absDeviation":29,"callibration":"test","block":6,"seed":7,"numerosity":50,"matchType":"unpaired","which":"second","trial_type":"numerosity-estimation","trial_index":119,"time_elapsed":587313,"subject_id":"76097"},{"rt":2578,"stimulus":8,"slider_start":100,"sprites":"marbles","response":112,"absDeviation":20,"callibration":"test","block":6,"seed":8,"numerosity":92,"matchType":"unpaired","which":"second","trial_type":"numerosity-estimation","trial_index":120,"time_elapsed":589898,"subject_id":"76097"},{"rt":2352,"stimulus":10,"slider_start":100,"sprites":"rocks","response":89,"absDeviation":39,"callibration":"test","block":6,"seed":10,"numerosity":50,"matchType":"paired","which":"first","trial_type":"numerosity-estimation","trial_index":121,"time_elapsed":592258,"subject_id":"76097"},{"rt":2676,"stimulus":10,"slider_start":100,"sprites":"rocks","response":86,"absDeviation":36,"callibration":"test","block":6,"seed":10,"numerosity":50,"matchType":"paired","which":"second","trial_type":"numerosity-estimation","trial_index":122,"time_elapsed":594940,"subject_id":"76097"},{"rt":3151,"stimulus":11,"slider_start":100,"sprites":"buttons","response":126,"absDeviation":19,"callibration":"test","block":6,"seed":11,"numerosity":107,"matchType":"unpaired","which":"second","trial_type":"numerosity-estimation","trial_index":123,"time_elapsed":598101,"subject_id":"76097"},{"rt":4054,"stimulus":12,"slider_start":100,"sprites":"animalCrackers","response":123,"absDeviation":31,"callibration":"test","block":6,"seed":12,"numerosity":92,"matchType":"unpaired","which":"second","trial_type":"numerosity-estimation","trial_index":124,"time_elapsed":602157,"subject_id":"76097"},{"rt":6657,"stimulus":14,"slider_start":100,"sprites":"butterflies","response":124,"absDeviation":26,"callibration":"test","block":6,"seed":14,"numerosity":150,"matchType":"paired","which":"first","trial_type":"numerosity-estimation","trial_index":125,"time_elapsed":608814,"subject_id":"76097"},{"rt":2789,"stimulus":14,"slider_start":100,"sprites":"butterflies","response":128,"absDeviation":22,"callibration":"test","block":6,"seed":14,"numerosity":150,"matchType":"paired","which":"second","trial_type":"numerosity-estimation","trial_index":126,"time_elapsed":611609,"subject_id":"76097"},{"rt":2899,"stimulus":15,"slider_start":100,"sprites":"hearts","response":136,"absDeviation":15,"callibration":"test","block":6,"seed":15,"numerosity":121,"matchType":"unpaired","which":"second","trial_type":"numerosity-estimation","trial_index":127,"time_elapsed":614513,"subject_id":"76097"},{"rt":5778,"stimulus":16,"slider_start":100,"sprites":"crackers","response":90,"absDeviation":26,"callibration":"test","block":6,"seed":16,"numerosity":64,"matchType":"unpaired","which":"second","trial_type":"numerosity-estimation","trial_index":128,"time_elapsed":620294,"subject_id":"76097"},{"rt":750,"stimulus":"<p> For the last block of trials, the average deviation of your guesses from correct answers was 22.</p>\n     <p>The smaller the deviation the better.  Your deviation was <b> VERY good</b>.</p><br>\n       <p>Press any key to continue to the next block of trials</p>","response":" ","trial_type":"html-keyboard-response","trial_index":129,"time_elapsed":621046,"subject_id":"76097"},{"rt":8145,"stimulus":18,"slider_start":100,"sprites":"fruits","response":118,"absDeviation":11,"callibration":"test","block":7,"seed":18,"numerosity":107,"matchType":"paired","which":"first","trial_type":"numerosity-estimation","trial_index":130,"time_elapsed":629197,"subject_id":"76097"},{"rt":3115,"stimulus":18,"slider_start":100,"sprites":"fruits","response":124,"absDeviation":17,"callibration":"test","block":7,"seed":18,"numerosity":107,"matchType":"paired","which":"second","trial_type":"numerosity-estimation","trial_index":131,"time_elapsed":632319,"subject_id":"76097"},{"rt":3310,"stimulus":19,"slider_start":100,"sprites":"jellyBeans","response":136,"absDeviation":1,"callibration":"test","block":7,"seed":19,"numerosity":135,"matchType":"unpaired","which":"second","trial_type":"numerosity-estimation","trial_index":132,"time_elapsed":635636,"subject_id":"76097"},{"rt":5647,"stimulus":20,"slider_start":100,"sprites":"marbles","response":77,"absDeviation":1,"callibration":"test","block":7,"seed":20,"numerosity":78,"matchType":"unpaired","which":"second","trial_type":"numerosity-estimation","trial_index":133,"time_elapsed":641290,"subject_id":"76097"},{"rt":2642,"stimulus":22,"slider_start":100,"sprites":"rocks","response":110,"absDeviation":18,"callibration":"test","block":7,"seed":22,"numerosity":92,"matchType":"paired","which":"first","trial_type":"numerosity-estimation","trial_index":134,"time_elapsed":643941,"subject_id":"76097"},{"rt":2299,"stimulus":22,"slider_start":100,"sprites":"rocks","response":119,"absDeviation":27,"callibration":"test","block":7,"seed":22,"numerosity":92,"matchType":"paired","which":"second","trial_type":"numerosity-estimation","trial_index":135,"time_elapsed":646248,"subject_id":"76097"},{"rt":2274,"stimulus":23,"slider_start":100,"sprites":"buttons","response":134,"absDeviation":16,"callibration":"test","block":7,"seed":23,"numerosity":150,"matchType":"unpaired","which":"second","trial_type":"numerosity-estimation","trial_index":136,"time_elapsed":648529,"subject_id":"76097"},{"rt":2595,"stimulus":24,"slider_start":100,"sprites":"animalCrackers","response":132,"absDeviation":25,"callibration":"test","block":7,"seed":24,"numerosity":107,"matchType":"unpaired","which":"second","trial_type":"numerosity-estimation","trial_index":137,"time_elapsed":651131,"subject_id":"76097"},{"rt":2762,"stimulus":26,"slider_start":100,"sprites":"butterflies","response":87,"absDeviation":5,"callibration":"test","block":7,"seed":26,"numerosity":92,"matchType":"paired","which":"first","trial_type":"numerosity-estimation","trial_index":138,"time_elapsed":653903,"subject_id":"76097"},{"rt":2271,"stimulus":26,"slider_start":100,"sprites":"butterflies","response":85,"absDeviation":7,"callibration":"test","block":7,"seed":26,"numerosity":92,"matchType":"paired","which":"second","trial_type":"numerosity-estimation","trial_index":139,"time_elapsed":656180,"subject_id":"76097"},{"rt":2403,"stimulus":27,"slider_start":100,"sprites":"hearts","response":128,"absDeviation":7,"callibration":"test","block":7,"seed":27,"numerosity":121,"matchType":"unpaired","which":"second","trial_type":"numerosity-estimation","trial_index":140,"time_elapsed":658590,"subject_id":"76097"},{"rt":3107,"stimulus":28,"slider_start":100,"sprites":"crackers","response":137,"absDeviation":13,"callibration":"test","block":7,"seed":28,"numerosity":150,"matchType":"unpaired","which":"second","trial_type":"numerosity-estimation","trial_index":141,"time_elapsed":661703,"subject_id":"76097"},{"rt":4526,"stimulus":30,"slider_start":100,"sprites":"fruits","response":88,"absDeviation":19,"callibration":"test","block":7,"seed":30,"numerosity":107,"matchType":"paired","which":"first","trial_type":"numerosity-estimation","trial_index":142,"time_elapsed":666240,"subject_id":"76097"},{"rt":2527,"stimulus":30,"slider_start":100,"sprites":"fruits","response":86,"absDeviation":21,"callibration":"test","block":7,"seed":30,"numerosity":107,"matchType":"paired","which":"second","trial_type":"numerosity-estimation","trial_index":143,"time_elapsed":668774,"subject_id":"76097"},{"rt":2109,"stimulus":31,"slider_start":100,"sprites":"jellyBeans","response":121,"absDeviation":29,"callibration":"test","block":7,"seed":31,"numerosity":150,"matchType":"unpaired","which":"second","trial_type":"numerosity-estimation","trial_index":144,"time_elapsed":670890,"subject_id":"76097"},{"rt":2339,"stimulus":32,"slider_start":100,"sprites":"marbles","response":116,"absDeviation":19,"callibration":"test","block":7,"seed":32,"numerosity":135,"matchType":"unpaired","which":"second","trial_type":"numerosity-estimation","trial_index":145,"time_elapsed":673236,"subject_id":"76097"},{"rt":781,"stimulus":"<p> For the last block of trials, the average deviation of your guesses from correct answers was 15.</p>\n     <p>The smaller the deviation the better.  Your deviation was <b> VERY good</b>.</p><br>\n       <p>Press any key to continue to the next block of trials</p>","response":" ","trial_type":"html-keyboard-response","trial_index":146,"time_elapsed":674021,"subject_id":"76097"},{"rt":3257,"stimulus":34,"slider_start":100,"sprites":"rocks","response":91,"absDeviation":41,"callibration":"test","block":8,"seed":34,"numerosity":50,"matchType":"paired","which":"first","trial_type":"numerosity-estimation","trial_index":147,"time_elapsed":677283,"subject_id":"76097"},{"rt":2681,"stimulus":34,"slider_start":100,"sprites":"rocks","response":83,"absDeviation":33,"callibration":"test","block":8,"seed":34,"numerosity":50,"matchType":"paired","which":"second","trial_type":"numerosity-estimation","trial_index":148,"time_elapsed":679974,"subject_id":"76097"},{"rt":2454,"stimulus":35,"slider_start":100,"sprites":"buttons","response":116,"absDeviation":38,"callibration":"test","block":8,"seed":35,"numerosity":78,"matchType":"unpaired","which":"second","trial_type":"numerosity-estimation","trial_index":149,"time_elapsed":682436,"subject_id":"76097"},{"rt":3879,"stimulus":36,"slider_start":100,"sprites":"animalCrackers","response":87,"absDeviation":37,"callibration":"test","block":8,"seed":36,"numerosity":50,"matchType":"unpaired","which":"second","trial_type":"numerosity-estimation","trial_index":150,"time_elapsed":686323,"subject_id":"76097"},{"rt":3480,"stimulus":38,"slider_start":100,"sprites":"butterflies","response":77,"absDeviation":1,"callibration":"test","block":8,"seed":38,"numerosity":78,"matchType":"paired","which":"first","trial_type":"numerosity-estimation","trial_index":151,"time_elapsed":689810,"subject_id":"76097"},{"rt":4096,"stimulus":38,"slider_start":100,"sprites":"butterflies","response":81,"absDeviation":3,"callibration":"test","block":8,"seed":38,"numerosity":78,"matchType":"paired","which":"second","trial_type":"numerosity-estimation","trial_index":152,"time_elapsed":693910,"subject_id":"76097"},{"rt":10863,"stimulus":39,"slider_start":100,"sprites":"hearts","response":100,"absDeviation":22,"callibration":"test","block":8,"seed":39,"numerosity":78,"matchType":"unpaired","which":"second","trial_type":"numerosity-estimation","trial_index":153,"time_elapsed":704785,"subject_id":"76097"},{"rt":9495,"stimulus":40,"slider_start":100,"sprites":"crackers","response":138,"absDeviation":17,"callibration":"test","block":8,"seed":40,"numerosity":121,"matchType":"unpaired","which":"second","trial_type":"numerosity-estimation","trial_index":154,"time_elapsed":714288,"subject_id":"76097"},{"rt":3296,"stimulus":42,"slider_start":100,"sprites":"fruits","response":88,"absDeviation":10,"callibration":"test","block":8,"seed":42,"numerosity":78,"matchType":"paired","which":"first","trial_type":"numerosity-estimation","trial_index":155,"time_elapsed":717592,"subject_id":"76097"},{"rt":2601,"stimulus":42,"slider_start":100,"sprites":"fruits","response":89,"absDeviation":11,"callibration":"test","block":8,"seed":42,"numerosity":78,"matchType":"paired","which":"second","trial_type":"numerosity-estimation","trial_index":156,"time_elapsed":720199,"subject_id":"76097"},{"rt":3718,"stimulus":43,"slider_start":100,"sprites":"jellyBeans","response":89,"absDeviation":25,"callibration":"test","block":8,"seed":43,"numerosity":64,"matchType":"unpaired","which":"second","trial_type":"numerosity-estimation","trial_index":157,"time_elapsed":723920,"subject_id":"76097"},{"rt":2834,"stimulus":44,"slider_start":100,"sprites":"marbles","response":95,"absDeviation":26,"callibration":"test","block":8,"seed":44,"numerosity":121,"matchType":"unpaired","which":"second","trial_type":"numerosity-estimation","trial_index":158,"time_elapsed":726760,"subject_id":"76097"},{"rt":2707,"stimulus":46,"slider_start":100,"sprites":"rocks","response":111,"absDeviation":4,"callibration":"test","block":8,"seed":46,"numerosity":107,"matchType":"paired","which":"first","trial_type":"numerosity-estimation","trial_index":159,"time_elapsed":729474,"subject_id":"76097"},{"rt":2973,"stimulus":46,"slider_start":100,"sprites":"rocks","response":114,"absDeviation":7,"callibration":"test","block":8,"seed":46,"numerosity":107,"matchType":"paired","which":"second","trial_type":"numerosity-estimation","trial_index":160,"time_elapsed":732455,"subject_id":"76097"},{"rt":5514,"stimulus":47,"slider_start":100,"sprites":"buttons","response":124,"absDeviation":3,"callibration":"test","block":8,"seed":47,"numerosity":121,"matchType":"unpaired","which":"second","trial_type":"numerosity-estimation","trial_index":161,"time_elapsed":737977,"subject_id":"76097"},{"rt":9993,"stimulus":48,"slider_start":100,"sprites":"animalCrackers","response":113,"absDeviation":22,"callibration":"test","block":8,"seed":48,"numerosity":135,"matchType":"unpaired","which":"second","trial_type":"numerosity-estimation","trial_index":162,"time_elapsed":747977,"subject_id":"76097"},{"rt":11338,"stimulus":"<p> For the last block of trials, the average deviation of your guesses from correct answers was 19.</p>\n     <p>The smaller the deviation the better.  Your deviation was <b> VERY good</b>.</p><br>\n       <p>Press any key to continue to the next block of trials</p>","response":" ","trial_type":"html-keyboard-response","trial_index":163,"time_elapsed":759318,"subject_id":"76097"},{"rt":7575,"stimulus":50,"slider_start":100,"sprites":"butterflies","response":114,"absDeviation":36,"callibration":"test","block":9,"seed":50,"numerosity":150,"matchType":"paired","which":"first","trial_type":"numerosity-estimation","trial_index":164,"time_elapsed":766904,"subject_id":"76097"},{"rt":3422,"stimulus":50,"slider_start":100,"sprites":"butterflies","response":123,"absDeviation":27,"callibration":"test","block":9,"seed":50,"numerosity":150,"matchType":"paired","which":"second","trial_type":"numerosity-estimation","trial_index":165,"time_elapsed":770334,"subject_id":"76097"},{"rt":3358,"stimulus":51,"slider_start":100,"sprites":"hearts","response":132,"absDeviation":18,"callibration":"test","block":9,"seed":51,"numerosity":150,"matchType":"unpaired","which":"second","trial_type":"numerosity-estimation","trial_index":166,"time_elapsed":773702,"subject_id":"76097"},{"rt":2651,"stimulus":52,"slider_start":100,"sprites":"crackers","response":112,"absDeviation":34,"callibration":"test","block":9,"seed":52,"numerosity":78,"matchType":"unpaired","which":"second","trial_type":"numerosity-estimation","trial_index":167,"time_elapsed":776360,"subject_id":"76097"},{"rt":2337,"stimulus":54,"slider_start":100,"sprites":"fruits","response":116,"absDeviation":24,"callibration":"test","block":9,"seed":54,"numerosity":92,"matchType":"paired","which":"first","trial_type":"numerosity-estimation","trial_index":168,"time_elapsed":778707,"subject_id":"76097"},{"rt":2325,"stimulus":54,"slider_start":100,"sprites":"fruits","response":118,"absDeviation":26,"callibration":"test","block":9,"seed":54,"numerosity":92,"matchType":"paired","which":"second","trial_type":"numerosity-estimation","trial_index":169,"time_elapsed":781039,"subject_id":"76097"},{"rt":2807,"stimulus":55,"slider_start":100,"sprites":"jellyBeans","response":128,"absDeviation":7,"callibration":"test","block":9,"seed":55,"numerosity":121,"matchType":"unpaired","which":"second","trial_type":"numerosity-estimation","trial_index":170,"time_elapsed":783854,"subject_id":"76097"},{"rt":1920,"stimulus":56,"slider_start":100,"sprites":"marbles","response":76,"absDeviation":12,"callibration":"test","block":9,"seed":56,"numerosity":64,"matchType":"unpaired","which":"second","trial_type":"numerosity-estimation","trial_index":171,"time_elapsed":785782,"subject_id":"76097"},{"rt":2123,"stimulus":58,"slider_start":100,"sprites":"rocks","response":130,"absDeviation":9,"callibration":"test","block":9,"seed":58,"numerosity":121,"matchType":"paired","which":"first","trial_type":"numerosity-estimation","trial_index":172,"time_elapsed":787912,"subject_id":"76097"},{"rt":3062,"stimulus":58,"slider_start":100,"sprites":"rocks","response":128,"absDeviation":7,"callibration":"test","block":9,"seed":58,"numerosity":121,"matchType":"paired","which":"second","trial_type":"numerosity-estimation","trial_index":173,"time_elapsed":790981,"subject_id":"76097"},{"rt":5850,"stimulus":59,"slider_start":100,"sprites":"buttons","response":127,"absDeviation":8,"callibration":"test","block":9,"seed":59,"numerosity":135,"matchType":"unpaired","which":"second","trial_type":"numerosity-estimation","trial_index":174,"time_elapsed":796839,"subject_id":"76097"},{"rt":2520,"stimulus":60,"slider_start":100,"sprites":"animalCrackers","response":135,"absDeviation":15,"callibration":"test","block":9,"seed":60,"numerosity":150,"matchType":"unpaired","which":"second","trial_type":"numerosity-estimation","trial_index":175,"time_elapsed":799368,"subject_id":"76097"},{"rt":5453,"stimulus":62,"slider_start":100,"sprites":"butterflies","response":114,"absDeviation":21,"callibration":"test","block":9,"seed":62,"numerosity":135,"matchType":"paired","which":"first","trial_type":"numerosity-estimation","trial_index":176,"time_elapsed":804828,"subject_id":"76097"},{"rt":2913,"stimulus":62,"slider_start":100,"sprites":"butterflies","response":112,"absDeviation":23,"callibration":"test","block":9,"seed":62,"numerosity":135,"matchType":"paired","which":"second","trial_type":"numerosity-estimation","trial_index":177,"time_elapsed":807749,"subject_id":"76097"},{"rt":2472,"stimulus":63,"slider_start":100,"sprites":"hearts","response":89,"absDeviation":25,"callibration":"test","block":9,"seed":63,"numerosity":64,"matchType":"unpaired","which":"second","trial_type":"numerosity-estimation","trial_index":178,"time_elapsed":810230,"subject_id":"76097"},{"rt":2366,"stimulus":64,"slider_start":100,"sprites":"crackers","response":127,"absDeviation":8,"callibration":"test","block":9,"seed":64,"numerosity":135,"matchType":"unpaired","which":"second","trial_type":"numerosity-estimation","trial_index":179,"time_elapsed":812603,"subject_id":"76097"},{"rt":786,"stimulus":"<p> For the last block of trials, the average deviation of your guesses from correct answers was 19.</p>\n     <p>The smaller the deviation the better.  Your deviation was <b> VERY good</b>.</p><br>\n       <p>Press any key to continue to the next block of trials</p>","response":" ","trial_type":"html-keyboard-response","trial_index":180,"time_elapsed":813393,"subject_id":"76097"},{"rt":5748,"stimulus":66,"slider_start":100,"sprites":"fruits","response":92,"absDeviation":28,"callibration":"test","block":10,"seed":66,"numerosity":64,"matchType":"paired","which":"first","trial_type":"numerosity-estimation","trial_index":181,"time_elapsed":819148,"subject_id":"76097"},{"rt":9008,"stimulus":66,"slider_start":100,"sprites":"fruits","response":111,"absDeviation":47,"callibration":"test","block":10,"seed":66,"numerosity":64,"matchType":"paired","which":"second","trial_type":"numerosity-estimation","trial_index":182,"time_elapsed":828168,"subject_id":"76097"},{"rt":2678,"stimulus":67,"slider_start":100,"sprites":"jellyBeans","response":119,"absDeviation":12,"callibration":"test","block":10,"seed":67,"numerosity":107,"matchType":"unpaired","which":"second","trial_type":"numerosity-estimation","trial_index":183,"time_elapsed":830856,"subject_id":"76097"},{"rt":3152,"stimulus":68,"slider_start":100,"sprites":"marbles","response":126,"absDeviation":24,"callibration":"test","block":10,"seed":68,"numerosity":150,"matchType":"unpaired","which":"second","trial_type":"numerosity-estimation","trial_index":184,"time_elapsed":834012,"subject_id":"76097"},{"rt":7654,"stimulus":70,"slider_start":100,"sprites":"rocks","response":114,"absDeviation":22,"callibration":"test","block":10,"seed":70,"numerosity":92,"matchType":"paired","which":"first","trial_type":"numerosity-estimation","trial_index":185,"time_elapsed":841673,"subject_id":"76097"},{"rt":7399,"stimulus":70,"slider_start":100,"sprites":"rocks","response":117,"absDeviation":25,"callibration":"test","block":10,"seed":70,"numerosity":92,"matchType":"paired","which":"second","trial_type":"numerosity-estimation","trial_index":186,"time_elapsed":849080,"subject_id":"76097"},{"rt":2981,"stimulus":71,"slider_start":100,"sprites":"buttons","response":124,"absDeviation":17,"callibration":"test","block":10,"seed":71,"numerosity":107,"matchType":"unpaired","which":"second","trial_type":"numerosity-estimation","trial_index":187,"time_elapsed":852069,"subject_id":"76097"},{"rt":2168,"stimulus":72,"slider_start":100,"sprites":"animalCrackers","response":87,"absDeviation":37,"callibration":"test","block":10,"seed":72,"numerosity":50,"matchType":"unpaired","which":"second","trial_type":"numerosity-estimation","trial_index":188,"time_elapsed":854243,"subject_id":"76097"},{"rt":2397,"stimulus":74,"slider_start":100,"sprites":"butterflies","response":89,"absDeviation":25,"callibration":"test","block":10,"seed":74,"numerosity":64,"matchType":"paired","which":"first","trial_type":"numerosity-estimation","trial_index":189,"time_elapsed":856646,"subject_id":"76097"},{"rt":2504,"stimulus":74,"slider_start":100,"sprites":"butterflies","response":93,"absDeviation":29,"callibration":"test","block":10,"seed":74,"numerosity":64,"matchType":"paired","which":"second","trial_type":"numerosity-estimation","trial_index":190,"time_elapsed":859157,"subject_id":"76097"},{"rt":2243,"stimulus":75,"slider_start":100,"sprites":"hearts","response":120,"absDeviation":28,"callibration":"test","block":10,"seed":75,"numerosity":92,"matchType":"unpaired","which":"second","trial_type":"numerosity-estimation","trial_index":191,"time_elapsed":861408,"subject_id":"76097"},{"rt":3512,"stimulus":76,"slider_start":100,"sprites":"crackers","response":91,"absDeviation":27,"callibration":"test","block":10,"seed":76,"numerosity":64,"matchType":"unpaired","which":"second","trial_type":"numerosity-estimation","trial_index":192,"time_elapsed":864928,"subject_id":"76097"},{"rt":5666,"stimulus":78,"slider_start":100,"sprites":"fruits","response":97,"absDeviation":33,"callibration":"test","block":10,"seed":78,"numerosity":64,"matchType":"paired","which":"first","trial_type":"numerosity-estimation","trial_index":193,"time_elapsed":870601,"subject_id":"76097"},{"rt":8583,"stimulus":78,"slider_start":100,"sprites":"fruits","response":112,"absDeviation":48,"callibration":"test","block":10,"seed":78,"numerosity":64,"matchType":"paired","which":"second","trial_type":"numerosity-estimation","trial_index":194,"time_elapsed":879192,"subject_id":"76097"},{"rt":4229,"stimulus":79,"slider_start":100,"sprites":"jellyBeans","response":95,"absDeviation":45,"callibration":"test","block":10,"seed":79,"numerosity":50,"matchType":"unpaired","which":"second","trial_type":"numerosity-estimation","trial_index":195,"time_elapsed":883429,"subject_id":"76097"},{"rt":4787,"stimulus":80,"slider_start":100,"sprites":"marbles","response":116,"absDeviation":5,"callibration":"test","block":10,"seed":80,"numerosity":121,"matchType":"unpaired","which":"second","trial_type":"numerosity-estimation","trial_index":196,"time_elapsed":888224,"subject_id":"76097"},{"rt":767,"stimulus":"<p> For the last block of trials, the average deviation of your guesses from correct answers was 28.</p>\n     <p>The smaller the deviation the better.  Your deviation was <b> good</b>.</p><br>\n       <p>Press any key to continue to the next block of trials</p>","response":" ","trial_type":"html-keyboard-response","trial_index":197,"time_elapsed":888996,"subject_id":"76097"},{"rt":4178,"stimulus":82,"slider_start":100,"sprites":"rocks","response":108,"absDeviation":44,"callibration":"test","block":11,"seed":82,"numerosity":64,"matchType":"paired","which":"first","trial_type":"numerosity-estimation","trial_index":198,"time_elapsed":893181,"subject_id":"76097"},{"rt":1962,"stimulus":82,"slider_start":100,"sprites":"rocks","response":110,"absDeviation":46,"callibration":"test","block":11,"seed":82,"numerosity":64,"matchType":"paired","which":"second","trial_type":"numerosity-estimation","trial_index":199,"time_elapsed":895152,"subject_id":"76097"},{"rt":2608,"stimulus":83,"slider_start":100,"sprites":"buttons","response":125,"absDeviation":4,"callibration":"test","block":11,"seed":83,"numerosity":121,"matchType":"unpaired","which":"second","trial_type":"numerosity-estimation","trial_index":200,"time_elapsed":897766,"subject_id":"76097"},{"rt":2707,"stimulus":84,"slider_start":100,"sprites":"animalCrackers","response":89,"absDeviation":39,"callibration":"test","block":11,"seed":84,"numerosity":50,"matchType":"unpaired","which":"second","trial_type":"numerosity-estimation","trial_index":201,"time_elapsed":900481,"subject_id":"76097"},{"rt":4456,"stimulus":86,"slider_start":100,"sprites":"butterflies","response":109,"absDeviation":12,"callibration":"test","block":11,"seed":86,"numerosity":121,"matchType":"paired","which":"first","trial_type":"numerosity-estimation","trial_index":202,"time_elapsed":904947,"subject_id":"76097"},{"rt":3020,"stimulus":86,"slider_start":100,"sprites":"butterflies","response":96,"absDeviation":25,"callibration":"test","block":11,"seed":86,"numerosity":121,"matchType":"paired","which":"second","trial_type":"numerosity-estimation","trial_index":203,"time_elapsed":907975,"subject_id":"76097"},{"rt":5052,"stimulus":87,"slider_start":100,"sprites":"hearts","response":86,"absDeviation":36,"callibration":"test","block":11,"seed":87,"numerosity":50,"matchType":"unpaired","which":"second","trial_type":"numerosity-estimation","trial_index":204,"time_elapsed":913036,"subject_id":"76097"},{"rt":4250,"stimulus":88,"slider_start":100,"sprites":"crackers","response":115,"absDeviation":20,"callibration":"test","block":11,"seed":88,"numerosity":135,"matchType":"unpaired","which":"second","trial_type":"numerosity-estimation","trial_index":205,"time_elapsed":917294,"subject_id":"76097"},{"rt":3412,"stimulus":90,"slider_start":100,"sprites":"fruits","response":131,"absDeviation":19,"callibration":"test","block":11,"seed":90,"numerosity":150,"matchType":"paired","which":"first","trial_type":"numerosity-estimation","trial_index":206,"time_elapsed":920716,"subject_id":"76097"},{"rt":3242,"stimulus":90,"slider_start":100,"sprites":"fruits","response":126,"absDeviation":24,"callibration":"test","block":11,"seed":90,"numerosity":150,"matchType":"paired","which":"second","trial_type":"numerosity-estimation","trial_index":207,"time_elapsed":923966,"subject_id":"76097"},{"rt":7620,"stimulus":91,"slider_start":100,"sprites":"jellyBeans","response":106,"absDeviation":14,"callibration":"test","block":11,"seed":91,"numerosity":92,"matchType":"unpaired","which":"second","trial_type":"numerosity-estimation","trial_index":208,"time_elapsed":931594,"subject_id":"76097"},{"rt":9744,"stimulus":92,"slider_start":100,"sprites":"marbles","response":87,"absDeviation":34,"callibration":"test","block":11,"seed":92,"numerosity":121,"matchType":"unpaired","which":"second","trial_type":"numerosity-estimation","trial_index":209,"time_elapsed":941345,"subject_id":"76097"},{"rt":4201,"stimulus":94,"slider_start":100,"sprites":"rocks","response":91,"absDeviation":13,"callibration":"test","block":11,"seed":94,"numerosity":78,"matchType":"paired","which":"first","trial_type":"numerosity-estimation","trial_index":210,"time_elapsed":945555,"subject_id":"76097"},{"rt":8761,"stimulus":94,"slider_start":100,"sprites":"rocks","response":110,"absDeviation":32,"callibration":"test","block":11,"seed":94,"numerosity":78,"matchType":"paired","which":"second","trial_type":"numerosity-estimation","trial_index":211,"time_elapsed":954323,"subject_id":"76097"},{"rt":12633,"stimulus":95,"slider_start":100,"sprites":"buttons","response":110,"absDeviation":46,"callibration":"test","block":11,"seed":95,"numerosity":64,"matchType":"unpaired","which":"second","trial_type":"numerosity-estimation","trial_index":212,"time_elapsed":966965,"subject_id":"76097"},{"rt":2398,"stimulus":96,"slider_start":100,"sprites":"animalCrackers","response":106,"absDeviation":14,"callibration":"test","block":11,"seed":96,"numerosity":92,"matchType":"unpaired","which":"second","trial_type":"numerosity-estimation","trial_index":213,"time_elapsed":969372,"subject_id":"76097"},{"rt":781,"stimulus":"<p> For the last block of trials, the average deviation of your guesses from correct answers was 26.</p>\n     <p>The smaller the deviation the better.  Your deviation was <b> good</b>.</p><br>\n       <p>Press any key to continue to the next block of trials</p>","response":" ","trial_type":"html-keyboard-response","trial_index":214,"time_elapsed":970156,"subject_id":"76097"},{"rt":15257,"response":{"averageEstimates":"When the two displays occured back-to-back, in immediate succession.","firstOrSecond":"The second time the objects were shown"},"question_order":[0,1],"trial_type":"survey-multi-choice","trial_index":215,"time_elapsed":985417,"subject_id":"76097"}]