[{"rt":6665,"url":"consent.html","trial_type":"external-html","trial_index":0,"time_elapsed":6694,"subject_id":"78239"},{"view_history":[{"page_index":0,"viewing_time":2641}],"rt":2641,"trial_type":"instructions","trial_index":1,"time_elapsed":9337,"subject_id":"78239"},{"rt":8574,"stimulus":0,"slider_start":100,"sprites":"animalCrackers","response":100,"absDeviation":50,"callibration":"callibration","block":-1,"seed":0,"numerosity":50,"matchType":"callibration","which":"first","trial_type":"numerosity-estimation","trial_index":2,"time_elapsed":17920,"subject_id":"78239"},{"rt":10652,"stimulus":1,"slider_start":100,"sprites":"letters","response":65,"absDeviation":1,"callibration":"callibration","block":-1,"seed":1,"numerosity":64,"matchType":"callibration","which":"first","trial_type":"numerosity-estimation","trial_index":3,"time_elapsed":28576,"subject_id":"78239"},{"rt":12253,"stimulus":2,"slider_start":100,"sprites":"butterflies","response":78,"absDeviation":0,"callibration":"callibration","block":-1,"seed":2,"numerosity":78,"matchType":"callibration","which":"first","trial_type":"numerosity-estimation","trial_index":4,"time_elapsed":40833,"subject_id":"78239"},{"rt":8610,"stimulus":3,"slider_start":100,"sprites":"hearts","response":93,"absDeviation":1,"callibration":"callibration","block":-1,"seed":3,"numerosity":92,"matchType":"callibration","which":"first","trial_type":"numerosity-estimation","trial_index":5,"time_elapsed":49447,"subject_id":"78239"},{"rt":10266,"stimulus":4,"slider_start":100,"sprites":"crackers","response":105,"absDeviation":2,"callibration":"callibration","block":-1,"seed":4,"numerosity":107,"matchType":"callibration","which":"first","trial_type":"numerosity-estimation","trial_index":6,"time_elapsed":59717,"subject_id":"78239"},{"rt":4594,"stimulus":5,"slider_start":100,"sprites":"bears","response":100,"absDeviation":21,"callibration":"callibration","block":-1,"seed":5,"numerosity":121,"matchType":"callibration","which":"first","trial_type":"numerosity-estimation","trial_index":7,"time_elapsed":64318,"subject_id":"78239"},{"rt":1832,"stimulus":6,"slider_start":100,"sprites":"fruits","response":100,"absDeviation":35,"callibration":"callibration","block":-1,"seed":6,"numerosity":135,"matchType":"callibration","which":"first","trial_type":"numerosity-estimation","trial_index":8,"time_elapsed":66153,"subject_id":"78239"},{"rt":2769,"stimulus":7,"slider_start":100,"sprites":"jellyBeans","response":100,"absDeviation":50,"callibration":"callibration","block":-1,"seed":7,"numerosity":150,"matchType":"callibration","which":"first","trial_type":"numerosity-estimation","trial_index":9,"time_elapsed":68926,"subject_id":"78239"},{"view_history":[{"page_index":0,"viewing_time":19442}],"rt":19442,"trial_type":"instructions","trial_index":10,"time_elapsed":88369,"subject_id":"78239"},{"rt":6853,"stimulus":1,"slider_start":100,"sprites":"letters","response":90,"absDeviation":2,"callibration":"test","block":0,"seed":1,"numerosity":92,"matchType":"paired","which":"first","trial_type":"numerosity-estimation","trial_index":11,"time_elapsed":95224,"subject_id":"78239"},{"rt":16865,"stimulus":1,"slider_start":100,"sprites":"letters","response":87,"absDeviation":5,"callibration":"test","block":0,"seed":1,"numerosity":92,"matchType":"paired","which":"second","trial_type":"numerosity-estimation","trial_index":12,"time_elapsed":112093,"subject_id":"78239"},{"rt":10737,"stimulus":3,"slider_start":100,"sprites":"hearts","response":75,"absDeviation":25,"callibration":"test","block":0,"seed":3,"numerosity":50,"matchType":"unpaired","which":"first","trial_type":"numerosity-estimation","trial_index":13,"time_elapsed":122841,"subject_id":"78239"},{"rt":6029,"stimulus":4,"slider_start":100,"sprites":"crackers","response":109,"absDeviation":2,"callibration":"test","block":0,"seed":4,"numerosity":107,"matchType":"unpaired","which":"first","trial_type":"numerosity-estimation","trial_index":14,"time_elapsed":128874,"subject_id":"78239"},{"rt":12073,"stimulus":5,"slider_start":100,"sprites":"bears","response":90,"absDeviation":40,"callibration":"test","block":0,"seed":5,"numerosity":50,"matchType":"paired","which":"first","trial_type":"numerosity-estimation","trial_index":15,"time_elapsed":140952,"subject_id":"78239"},{"rt":8081,"stimulus":5,"slider_start":100,"sprites":"bears","response":94,"absDeviation":44,"callibration":"test","block":0,"seed":5,"numerosity":50,"matchType":"paired","which":"second","trial_type":"numerosity-estimation","trial_index":16,"time_elapsed":149036,"subject_id":"78239"},{"rt":5605,"stimulus":7,"slider_start":100,"sprites":"jellyBeans","response":106,"absDeviation":56,"callibration":"test","block":0,"seed":7,"numerosity":50,"matchType":"unpaired","which":"first","trial_type":"numerosity-estimation","trial_index":17,"time_elapsed":154645,"subject_id":"78239"},{"rt":6529,"stimulus":8,"slider_start":100,"sprites":"marbles","response":103,"absDeviation":11,"callibration":"test","block":0,"seed":8,"numerosity":92,"matchType":"unpaired","which":"first","trial_type":"numerosity-estimation","trial_index":18,"time_elapsed":161177,"subject_id":"78239"},{"rt":9610,"stimulus":9,"slider_start":100,"sprites":"mints","response":113,"absDeviation":22,"callibration":"test","block":0,"seed":9,"numerosity":135,"matchType":"paired","which":"first","trial_type":"numerosity-estimation","trial_index":19,"time_elapsed":170791,"subject_id":"78239"},{"rt":8930,"stimulus":9,"slider_start":100,"sprites":"mints","response":120,"absDeviation":15,"callibration":"test","block":0,"seed":9,"numerosity":135,"matchType":"paired","which":"second","trial_type":"numerosity-estimation","trial_index":20,"time_elapsed":179725,"subject_id":"78239"},{"rt":8150,"stimulus":11,"slider_start":100,"sprites":"buttons","response":101,"absDeviation":6,"callibration":"test","block":0,"seed":11,"numerosity":107,"matchType":"unpaired","which":"first","trial_type":"numerosity-estimation","trial_index":21,"time_elapsed":187876,"subject_id":"78239"},{"rt":10406,"stimulus":12,"slider_start":100,"sprites":"animalCrackers","response":103,"absDeviation":11,"callibration":"test","block":0,"seed":12,"numerosity":92,"matchType":"unpaired","which":"first","trial_type":"numerosity-estimation","trial_index":22,"time_elapsed":198285,"subject_id":"78239"},{"rt":3733,"stimulus":13,"slider_start":100,"sprites":"letters","response":98,"absDeviation":9,"callibration":"test","block":0,"seed":13,"numerosity":107,"matchType":"paired","which":"first","trial_type":"numerosity-estimation","trial_index":23,"time_elapsed":202022,"subject_id":"78239"},{"rt":11373,"stimulus":13,"slider_start":100,"sprites":"letters","response":97,"absDeviation":10,"callibration":"test","block":0,"seed":13,"numerosity":107,"matchType":"paired","which":"second","trial_type":"numerosity-estimation","trial_index":24,"time_elapsed":213397,"subject_id":"78239"},{"rt":3809,"stimulus":15,"slider_start":100,"sprites":"hearts","response":104,"absDeviation":17,"callibration":"test","block":0,"seed":15,"numerosity":121,"matchType":"unpaired","which":"first","trial_type":"numerosity-estimation","trial_index":25,"time_elapsed":217209,"subject_id":"78239"},{"rt":4027,"stimulus":16,"slider_start":100,"sprites":"crackers","response":87,"absDeviation":23,"callibration":"test","block":0,"seed":16,"numerosity":64,"matchType":"unpaired","which":"first","trial_type":"numerosity-estimation","trial_index":26,"time_elapsed":221240,"subject_id":"78239"},{"rt":11744,"stimulus":"<p> For the last block of trials, the average deviation of your guesses from correct answers was 19.</p>\n     <p>The smaller the deviation the better.  Your deviation was <b> VERY good</b>.</p><br>\n       <p>Press any key to continue to the next block of trials</p>","response":" ","trial_type":"html-keyboard-response","trial_index":27,"time_elapsed":232989,"subject_id":"78239"},{"rt":6556,"stimulus":17,"slider_start":100,"sprites":"bears","response":94,"absDeviation":2,"callibration":"test","block":1,"seed":17,"numerosity":92,"matchType":"paired","which":"first","trial_type":"numerosity-estimation","trial_index":28,"time_elapsed":239547,"subject_id":"78239"},{"rt":6022,"stimulus":17,"slider_start":100,"sprites":"bears","response":102,"absDeviation":10,"callibration":"test","block":1,"seed":17,"numerosity":92,"matchType":"paired","which":"second","trial_type":"numerosity-estimation","trial_index":29,"time_elapsed":245576,"subject_id":"78239"},{"rt":5486,"stimulus":19,"slider_start":100,"sprites":"jellyBeans","response":110,"absDeviation":25,"callibration":"test","block":1,"seed":19,"numerosity":135,"matchType":"unpaired","which":"first","trial_type":"numerosity-estimation","trial_index":30,"time_elapsed":251068,"subject_id":"78239"},{"rt":5295,"stimulus":20,"slider_start":100,"sprites":"marbles","response":90,"absDeviation":12,"callibration":"test","block":1,"seed":20,"numerosity":78,"matchType":"unpaired","which":"first","trial_type":"numerosity-estimation","trial_index":31,"time_elapsed":256367,"subject_id":"78239"},{"rt":8135,"stimulus":21,"slider_start":100,"sprites":"mints","response":103,"absDeviation":11,"callibration":"test","block":1,"seed":21,"numerosity":92,"matchType":"paired","which":"first","trial_type":"numerosity-estimation","trial_index":32,"time_elapsed":264505,"subject_id":"78239"},{"rt":3145,"stimulus":21,"slider_start":100,"sprites":"mints","response":103,"absDeviation":11,"callibration":"test","block":1,"seed":21,"numerosity":92,"matchType":"paired","which":"second","trial_type":"numerosity-estimation","trial_index":33,"time_elapsed":267653,"subject_id":"78239"},{"rt":5978,"stimulus":23,"slider_start":100,"sprites":"buttons","response":111,"absDeviation":39,"callibration":"test","block":1,"seed":23,"numerosity":150,"matchType":"unpaired","which":"first","trial_type":"numerosity-estimation","trial_index":34,"time_elapsed":273634,"subject_id":"78239"},{"rt":4205,"stimulus":24,"slider_start":100,"sprites":"animalCrackers","response":109,"absDeviation":2,"callibration":"test","block":1,"seed":24,"numerosity":107,"matchType":"unpaired","which":"first","trial_type":"numerosity-estimation","trial_index":35,"time_elapsed":277841,"subject_id":"78239"},{"rt":9009,"stimulus":25,"slider_start":100,"sprites":"letters","response":96,"absDeviation":11,"callibration":"test","block":1,"seed":25,"numerosity":107,"matchType":"paired","which":"first","trial_type":"numerosity-estimation","trial_index":36,"time_elapsed":286853,"subject_id":"78239"},{"rt":4890,"stimulus":25,"slider_start":100,"sprites":"letters","response":101,"absDeviation":6,"callibration":"test","block":1,"seed":25,"numerosity":107,"matchType":"paired","which":"second","trial_type":"numerosity-estimation","trial_index":37,"time_elapsed":291746,"subject_id":"78239"},{"rt":3826,"stimulus":27,"slider_start":100,"sprites":"hearts","response":104,"absDeviation":17,"callibration":"test","block":1,"seed":27,"numerosity":121,"matchType":"unpaired","which":"first","trial_type":"numerosity-estimation","trial_index":38,"time_elapsed":295576,"subject_id":"78239"},{"rt":12247,"stimulus":28,"slider_start":100,"sprites":"crackers","response":105,"absDeviation":45,"callibration":"test","block":1,"seed":28,"numerosity":150,"matchType":"unpaired","which":"first","trial_type":"numerosity-estimation","trial_index":39,"time_elapsed":307827,"subject_id":"78239"},{"rt":7634,"stimulus":29,"slider_start":100,"sprites":"bears","response":93,"absDeviation":29,"callibration":"test","block":1,"seed":29,"numerosity":64,"matchType":"paired","which":"first","trial_type":"numerosity-estimation","trial_index":40,"time_elapsed":315464,"subject_id":"78239"},{"rt":5387,"stimulus":29,"slider_start":100,"sprites":"bears","response":86,"absDeviation":22,"callibration":"test","block":1,"seed":29,"numerosity":64,"matchType":"paired","which":"second","trial_type":"numerosity-estimation","trial_index":41,"time_elapsed":320855,"subject_id":"78239"},{"rt":5736,"stimulus":31,"slider_start":100,"sprites":"jellyBeans","response":107,"absDeviation":43,"callibration":"test","block":1,"seed":31,"numerosity":150,"matchType":"unpaired","which":"first","trial_type":"numerosity-estimation","trial_index":42,"time_elapsed":326595,"subject_id":"78239"},{"rt":10929,"stimulus":32,"slider_start":100,"sprites":"marbles","response":97,"absDeviation":38,"callibration":"test","block":1,"seed":32,"numerosity":135,"matchType":"unpaired","which":"first","trial_type":"numerosity-estimation","trial_index":43,"time_elapsed":337527,"subject_id":"78239"},{"rt":1936720,"stimulus":"<p> For the last block of trials, the average deviation of your guesses from correct answers was 20.</p>\n     <p>The smaller the deviation the better.  Your deviation was <b> VERY good</b>.</p><br>\n       <p>Press any key to continue to the next block of trials</p>","response":" ","trial_type":"html-keyboard-response","trial_index":44,"time_elapsed":2274249,"subject_id":"78239"},{"rt":5226,"stimulus":33,"slider_start":100,"sprites":"mints","response":108,"absDeviation":13,"callibration":"test","block":2,"seed":33,"numerosity":121,"matchType":"paired","which":"first","trial_type":"numerosity-estimation","trial_index":45,"time_elapsed":2279476,"subject_id":"78239"},{"rt":5131,"stimulus":33,"slider_start":100,"sprites":"mints","response":105,"absDeviation":16,"callibration":"test","block":2,"seed":33,"numerosity":121,"matchType":"paired","which":"second","trial_type":"numerosity-estimation","trial_index":46,"time_elapsed":2284609,"subject_id":"78239"},{"rt":4851,"stimulus":35,"slider_start":100,"sprites":"buttons","response":97,"absDeviation":19,"callibration":"test","block":2,"seed":35,"numerosity":78,"matchType":"unpaired","which":"first","trial_type":"numerosity-estimation","trial_index":47,"time_elapsed":2289464,"subject_id":"78239"},{"rt":5190,"stimulus":36,"slider_start":100,"sprites":"animalCrackers","response":84,"absDeviation":34,"callibration":"test","block":2,"seed":36,"numerosity":50,"matchType":"unpaired","which":"first","trial_type":"numerosity-estimation","trial_index":48,"time_elapsed":2294658,"subject_id":"78239"},{"rt":6464,"stimulus":37,"slider_start":100,"sprites":"letters","response":100,"absDeviation":35,"callibration":"test","block":2,"seed":37,"numerosity":135,"matchType":"paired","which":"first","trial_type":"numerosity-estimation","trial_index":49,"time_elapsed":2301126,"subject_id":"78239"},{"rt":4870,"stimulus":37,"slider_start":100,"sprites":"letters","response":102,"absDeviation":33,"callibration":"test","block":2,"seed":37,"numerosity":135,"matchType":"paired","which":"second","trial_type":"numerosity-estimation","trial_index":50,"time_elapsed":2305999,"subject_id":"78239"},{"rt":5022,"stimulus":39,"slider_start":100,"sprites":"hearts","response":101,"absDeviation":23,"callibration":"test","block":2,"seed":39,"numerosity":78,"matchType":"unpaired","which":"first","trial_type":"numerosity-estimation","trial_index":51,"time_elapsed":2311025,"subject_id":"78239"},{"rt":4835,"stimulus":40,"slider_start":100,"sprites":"crackers","response":105,"absDeviation":16,"callibration":"test","block":2,"seed":40,"numerosity":121,"matchType":"unpaired","which":"first","trial_type":"numerosity-estimation","trial_index":52,"time_elapsed":2315864,"subject_id":"78239"},{"rt":6390,"stimulus":41,"slider_start":100,"sprites":"bears","response":98,"absDeviation":48,"callibration":"test","block":2,"seed":41,"numerosity":50,"matchType":"paired","which":"first","trial_type":"numerosity-estimation","trial_index":53,"time_elapsed":2322258,"subject_id":"78239"},{"rt":6207,"stimulus":41,"slider_start":100,"sprites":"bears","response":88,"absDeviation":38,"callibration":"test","block":2,"seed":41,"numerosity":50,"matchType":"paired","which":"second","trial_type":"numerosity-estimation","trial_index":54,"time_elapsed":2328469,"subject_id":"78239"},{"rt":5632,"stimulus":43,"slider_start":100,"sprites":"jellyBeans","response":96,"absDeviation":32,"callibration":"test","block":2,"seed":43,"numerosity":64,"matchType":"unpaired","which":"first","trial_type":"numerosity-estimation","trial_index":55,"time_elapsed":2334105,"subject_id":"78239"},{"rt":4926,"stimulus":44,"slider_start":100,"sprites":"marbles","response":104,"absDeviation":17,"callibration":"test","block":2,"seed":44,"numerosity":121,"matchType":"unpaired","which":"first","trial_type":"numerosity-estimation","trial_index":56,"time_elapsed":2339034,"subject_id":"78239"},{"rt":7167,"stimulus":45,"slider_start":100,"sprites":"mints","response":108,"absDeviation":13,"callibration":"test","block":2,"seed":45,"numerosity":121,"matchType":"paired","which":"first","trial_type":"numerosity-estimation","trial_index":57,"time_elapsed":2346204,"subject_id":"78239"},{"rt":4667,"stimulus":45,"slider_start":100,"sprites":"mints","response":100,"absDeviation":21,"callibration":"test","block":2,"seed":45,"numerosity":121,"matchType":"paired","which":"second","trial_type":"numerosity-estimation","trial_index":58,"time_elapsed":2350875,"subject_id":"78239"},{"rt":31514,"stimulus":47,"slider_start":100,"sprites":"buttons","response":84,"absDeviation":37,"callibration":"test","block":2,"seed":47,"numerosity":121,"matchType":"unpaired","which":"first","trial_type":"numerosity-estimation","trial_index":59,"time_elapsed":2382394,"subject_id":"78239"},{"rt":7551,"stimulus":48,"slider_start":100,"sprites":"animalCrackers","response":89,"absDeviation":46,"callibration":"test","block":2,"seed":48,"numerosity":135,"matchType":"unpaired","which":"first","trial_type":"numerosity-estimation","trial_index":60,"time_elapsed":2389949,"subject_id":"78239"},{"rt":11014,"stimulus":"<p> For the last block of trials, the average deviation of your guesses from correct answers was 28.</p>\n     <p>The smaller the deviation the better.  Your deviation was <b> good</b>.</p><br>\n       <p>Press any key to continue to the next block of trials</p>","response":" ","trial_type":"html-keyboard-response","trial_index":61,"time_elapsed":2400966,"subject_id":"78239"},{"rt":6255,"stimulus":49,"slider_start":100,"sprites":"letters","response":89,"absDeviation":11,"callibration":"test","block":3,"seed":49,"numerosity":78,"matchType":"paired","which":"first","trial_type":"numerosity-estimation","trial_index":62,"time_elapsed":2407225,"subject_id":"78239"},{"rt":6346,"stimulus":49,"slider_start":100,"sprites":"letters","response":90,"absDeviation":12,"callibration":"test","block":3,"seed":49,"numerosity":78,"matchType":"paired","which":"second","trial_type":"numerosity-estimation","trial_index":63,"time_elapsed":2413575,"subject_id":"78239"},{"rt":3507,"stimulus":51,"slider_start":100,"sprites":"hearts","response":108,"absDeviation":42,"callibration":"test","block":3,"seed":51,"numerosity":150,"matchType":"unpaired","which":"first","trial_type":"numerosity-estimation","trial_index":64,"time_elapsed":2417083,"subject_id":"78239"},{"rt":5460,"stimulus":52,"slider_start":100,"sprites":"crackers","response":93,"absDeviation":15,"callibration":"test","block":3,"seed":52,"numerosity":78,"matchType":"unpaired","which":"first","trial_type":"numerosity-estimation","trial_index":65,"time_elapsed":2422546,"subject_id":"78239"},{"rt":5963,"stimulus":53,"slider_start":100,"sprites":"bears","response":68,"absDeviation":18,"callibration":"test","block":3,"seed":53,"numerosity":50,"matchType":"paired","which":"first","trial_type":"numerosity-estimation","trial_index":66,"time_elapsed":2428512,"subject_id":"78239"},{"rt":5590,"stimulus":53,"slider_start":100,"sprites":"bears","response":67,"absDeviation":17,"callibration":"test","block":3,"seed":53,"numerosity":50,"matchType":"paired","which":"second","trial_type":"numerosity-estimation","trial_index":67,"time_elapsed":2434105,"subject_id":"78239"},{"rt":5392,"stimulus":55,"slider_start":100,"sprites":"jellyBeans","response":106,"absDeviation":15,"callibration":"test","block":3,"seed":55,"numerosity":121,"matchType":"unpaired","which":"first","trial_type":"numerosity-estimation","trial_index":68,"time_elapsed":2439500,"subject_id":"78239"},{"rt":4610,"stimulus":56,"slider_start":100,"sprites":"marbles","response":90,"absDeviation":26,"callibration":"test","block":3,"seed":56,"numerosity":64,"matchType":"unpaired","which":"first","trial_type":"numerosity-estimation","trial_index":69,"time_elapsed":2444112,"subject_id":"78239"},{"rt":12914,"stimulus":57,"slider_start":100,"sprites":"mints","response":107,"absDeviation":43,"callibration":"test","block":3,"seed":57,"numerosity":64,"matchType":"paired","which":"first","trial_type":"numerosity-estimation","trial_index":70,"time_elapsed":2457027,"subject_id":"78239"},{"rt":5722,"stimulus":57,"slider_start":100,"sprites":"mints","response":86,"absDeviation":22,"callibration":"test","block":3,"seed":57,"numerosity":64,"matchType":"paired","which":"second","trial_type":"numerosity-estimation","trial_index":71,"time_elapsed":2462751,"subject_id":"78239"},{"rt":4240,"stimulus":59,"slider_start":100,"sprites":"buttons","response":112,"absDeviation":23,"callibration":"test","block":3,"seed":59,"numerosity":135,"matchType":"unpaired","which":"first","trial_type":"numerosity-estimation","trial_index":72,"time_elapsed":2466993,"subject_id":"78239"},{"rt":8952,"stimulus":60,"slider_start":100,"sprites":"animalCrackers","response":110,"absDeviation":40,"callibration":"test","block":3,"seed":60,"numerosity":150,"matchType":"unpaired","which":"first","trial_type":"numerosity-estimation","trial_index":73,"time_elapsed":2475946,"subject_id":"78239"},{"rt":4500,"stimulus":61,"slider_start":100,"sprites":"letters","response":89,"absDeviation":39,"callibration":"test","block":3,"seed":61,"numerosity":50,"matchType":"paired","which":"first","trial_type":"numerosity-estimation","trial_index":74,"time_elapsed":2480450,"subject_id":"78239"},{"rt":2289,"stimulus":61,"slider_start":100,"sprites":"letters","response":88,"absDeviation":38,"callibration":"test","block":3,"seed":61,"numerosity":50,"matchType":"paired","which":"second","trial_type":"numerosity-estimation","trial_index":75,"time_elapsed":2482743,"subject_id":"78239"},{"rt":1612,"stimulus":63,"slider_start":100,"sprites":"hearts","response":115,"absDeviation":51,"callibration":"test","block":3,"seed":63,"numerosity":64,"matchType":"unpaired","which":"first","trial_type":"numerosity-estimation","trial_index":76,"time_elapsed":2484357,"subject_id":"78239"},{"rt":1550,"stimulus":64,"slider_start":100,"sprites":"crackers","response":110,"absDeviation":25,"callibration":"test","block":3,"seed":64,"numerosity":135,"matchType":"unpaired","which":"first","trial_type":"numerosity-estimation","trial_index":77,"time_elapsed":2485910,"subject_id":"78239"},{"rt":7401,"stimulus":"<p> For the last block of trials, the average deviation of your guesses from correct answers was 27.</p>\n     <p>The smaller the deviation the better.  Your deviation was <b> good</b>.</p><br>\n       <p>Press any key to continue to the next block of trials</p>","response":" ","trial_type":"html-keyboard-response","trial_index":78,"time_elapsed":2493312,"subject_id":"78239"},{"rt":3404,"stimulus":65,"slider_start":100,"sprites":"bears","response":107,"absDeviation":0,"callibration":"test","block":4,"seed":65,"numerosity":107,"matchType":"paired","which":"first","trial_type":"numerosity-estimation","trial_index":79,"time_elapsed":2496718,"subject_id":"78239"},{"rt":3147,"stimulus":65,"slider_start":100,"sprites":"bears","response":109,"absDeviation":2,"callibration":"test","block":4,"seed":65,"numerosity":107,"matchType":"paired","which":"second","trial_type":"numerosity-estimation","trial_index":80,"time_elapsed":2499867,"subject_id":"78239"},{"rt":2318,"stimulus":67,"slider_start":100,"sprites":"jellyBeans","response":104,"absDeviation":3,"callibration":"test","block":4,"seed":67,"numerosity":107,"matchType":"unpaired","which":"first","trial_type":"numerosity-estimation","trial_index":81,"time_elapsed":2502187,"subject_id":"78239"},{"rt":1851,"stimulus":68,"slider_start":100,"sprites":"marbles","response":106,"absDeviation":44,"callibration":"test","block":4,"seed":68,"numerosity":150,"matchType":"unpaired","which":"first","trial_type":"numerosity-estimation","trial_index":82,"time_elapsed":2504042,"subject_id":"78239"},{"rt":1972,"stimulus":69,"slider_start":100,"sprites":"mints","response":110,"absDeviation":11,"callibration":"test","block":4,"seed":69,"numerosity":121,"matchType":"paired","which":"first","trial_type":"numerosity-estimation","trial_index":83,"time_elapsed":2506015,"subject_id":"78239"},{"rt":1788,"stimulus":69,"slider_start":100,"sprites":"mints","response":110,"absDeviation":11,"callibration":"test","block":4,"seed":69,"numerosity":121,"matchType":"paired","which":"second","trial_type":"numerosity-estimation","trial_index":84,"time_elapsed":2507804,"subject_id":"78239"},{"rt":2628,"stimulus":71,"slider_start":100,"sprites":"buttons","response":95,"absDeviation":12,"callibration":"test","block":4,"seed":71,"numerosity":107,"matchType":"unpaired","which":"first","trial_type":"numerosity-estimation","trial_index":85,"time_elapsed":2510434,"subject_id":"78239"},{"rt":3710,"stimulus":72,"slider_start":100,"sprites":"animalCrackers","response":81,"absDeviation":31,"callibration":"test","block":4,"seed":72,"numerosity":50,"matchType":"unpaired","which":"first","trial_type":"numerosity-estimation","trial_index":86,"time_elapsed":2514146,"subject_id":"78239"},{"rt":1688,"stimulus":73,"slider_start":100,"sprites":"letters","response":92,"absDeviation":14,"callibration":"test","block":4,"seed":73,"numerosity":78,"matchType":"paired","which":"first","trial_type":"numerosity-estimation","trial_index":87,"time_elapsed":2515837,"subject_id":"78239"},{"rt":3988,"stimulus":73,"slider_start":100,"sprites":"letters","response":85,"absDeviation":7,"callibration":"test","block":4,"seed":73,"numerosity":78,"matchType":"paired","which":"second","trial_type":"numerosity-estimation","trial_index":88,"time_elapsed":2519828,"subject_id":"78239"},{"rt":2348,"stimulus":75,"slider_start":100,"sprites":"hearts","response":103,"absDeviation":11,"callibration":"test","block":4,"seed":75,"numerosity":92,"matchType":"unpaired","which":"first","trial_type":"numerosity-estimation","trial_index":89,"time_elapsed":2522179,"subject_id":"78239"},{"rt":2720,"stimulus":76,"slider_start":100,"sprites":"crackers","response":89,"absDeviation":25,"callibration":"test","block":4,"seed":76,"numerosity":64,"matchType":"unpaired","which":"first","trial_type":"numerosity-estimation","trial_index":90,"time_elapsed":2524902,"subject_id":"78239"},{"rt":4508,"stimulus":77,"slider_start":100,"sprites":"bears","response":111,"absDeviation":24,"callibration":"test","block":4,"seed":77,"numerosity":135,"matchType":"paired","which":"first","trial_type":"numerosity-estimation","trial_index":91,"time_elapsed":2529413,"subject_id":"78239"},{"rt":2659,"stimulus":77,"slider_start":100,"sprites":"bears","response":112,"absDeviation":23,"callibration":"test","block":4,"seed":77,"numerosity":135,"matchType":"paired","which":"second","trial_type":"numerosity-estimation","trial_index":92,"time_elapsed":2532075,"subject_id":"78239"},{"rt":6096,"stimulus":79,"slider_start":100,"sprites":"jellyBeans","response":60,"absDeviation":10,"callibration":"test","block":4,"seed":79,"numerosity":50,"matchType":"unpaired","which":"first","trial_type":"numerosity-estimation","trial_index":93,"time_elapsed":2538174,"subject_id":"78239"},{"rt":4928,"stimulus":80,"slider_start":100,"sprites":"marbles","response":98,"absDeviation":23,"callibration":"test","block":4,"seed":80,"numerosity":121,"matchType":"unpaired","which":"first","trial_type":"numerosity-estimation","trial_index":94,"time_elapsed":2543105,"subject_id":"78239"},{"rt":3973,"stimulus":"<p> For the last block of trials, the average deviation of your guesses from correct answers was 16.</p>\n     <p>The smaller the deviation the better.  Your deviation was <b> VERY good</b>.</p><br>\n       <p>Press any key to continue to the next block of trials</p>","response":" ","trial_type":"html-keyboard-response","trial_index":95,"time_elapsed":2547079,"subject_id":"78239"},{"rt":2277,"stimulus":81,"slider_start":100,"sprites":"mints","response":113,"absDeviation":8,"callibration":"test","block":5,"seed":81,"numerosity":121,"matchType":"paired","which":"first","trial_type":"numerosity-estimation","trial_index":96,"time_elapsed":2549359,"subject_id":"78239"},{"rt":1911,"stimulus":81,"slider_start":100,"sprites":"mints","response":112,"absDeviation":9,"callibration":"test","block":5,"seed":81,"numerosity":121,"matchType":"paired","which":"second","trial_type":"numerosity-estimation","trial_index":97,"time_elapsed":2551274,"subject_id":"78239"},{"rt":3481,"stimulus":83,"slider_start":100,"sprites":"buttons","response":112,"absDeviation":9,"callibration":"test","block":5,"seed":83,"numerosity":121,"matchType":"unpaired","which":"first","trial_type":"numerosity-estimation","trial_index":98,"time_elapsed":2554758,"subject_id":"78239"},{"rt":6476,"stimulus":84,"slider_start":100,"sprites":"animalCrackers","response":57,"absDeviation":7,"callibration":"test","block":5,"seed":84,"numerosity":50,"matchType":"unpaired","which":"first","trial_type":"numerosity-estimation","trial_index":99,"time_elapsed":2561237,"subject_id":"78239"},{"rt":2382,"stimulus":85,"slider_start":100,"sprites":"letters","response":78,"absDeviation":14,"callibration":"test","block":5,"seed":85,"numerosity":64,"matchType":"paired","which":"first","trial_type":"numerosity-estimation","trial_index":100,"time_elapsed":2563622,"subject_id":"78239"},{"rt":2458,"stimulus":85,"slider_start":100,"sprites":"letters","response":73,"absDeviation":9,"callibration":"test","block":5,"seed":85,"numerosity":64,"matchType":"paired","which":"second","trial_type":"numerosity-estimation","trial_index":101,"time_elapsed":2566083,"subject_id":"78239"},{"rt":1923,"stimulus":87,"slider_start":100,"sprites":"hearts","response":74,"absDeviation":24,"callibration":"test","block":5,"seed":87,"numerosity":50,"matchType":"unpaired","which":"first","trial_type":"numerosity-estimation","trial_index":102,"time_elapsed":2568009,"subject_id":"78239"},{"rt":2215,"stimulus":88,"slider_start":100,"sprites":"crackers","response":110,"absDeviation":25,"callibration":"test","block":5,"seed":88,"numerosity":135,"matchType":"unpaired","which":"first","trial_type":"numerosity-estimation","trial_index":103,"time_elapsed":2570226,"subject_id":"78239"},{"rt":3951,"stimulus":89,"slider_start":100,"sprites":"bears","response":54,"absDeviation":4,"callibration":"test","block":5,"seed":89,"numerosity":50,"matchType":"paired","which":"first","trial_type":"numerosity-estimation","trial_index":104,"time_elapsed":2574180,"subject_id":"78239"},{"rt":3179,"stimulus":89,"slider_start":100,"sprites":"bears","response":63,"absDeviation":13,"callibration":"test","block":5,"seed":89,"numerosity":50,"matchType":"paired","which":"second","trial_type":"numerosity-estimation","trial_index":105,"time_elapsed":2577362,"subject_id":"78239"},{"rt":3163,"stimulus":91,"slider_start":100,"sprites":"jellyBeans","response":85,"absDeviation":7,"callibration":"test","block":5,"seed":91,"numerosity":92,"matchType":"unpaired","which":"first","trial_type":"numerosity-estimation","trial_index":106,"time_elapsed":2580527,"subject_id":"78239"},{"rt":2788,"stimulus":92,"slider_start":100,"sprites":"marbles","response":93,"absDeviation":28,"callibration":"test","block":5,"seed":92,"numerosity":121,"matchType":"unpaired","which":"first","trial_type":"numerosity-estimation","trial_index":107,"time_elapsed":2583317,"subject_id":"78239"},{"rt":3170,"stimulus":93,"slider_start":100,"sprites":"mints","response":97,"absDeviation":19,"callibration":"test","block":5,"seed":93,"numerosity":78,"matchType":"paired","which":"first","trial_type":"numerosity-estimation","trial_index":108,"time_elapsed":2586491,"subject_id":"78239"},{"rt":1470,"stimulus":93,"slider_start":100,"sprites":"mints","response":93,"absDeviation":15,"callibration":"test","block":5,"seed":93,"numerosity":78,"matchType":"paired","which":"second","trial_type":"numerosity-estimation","trial_index":109,"time_elapsed":2587964,"subject_id":"78239"},{"rt":2080,"stimulus":95,"slider_start":100,"sprites":"buttons","response":92,"absDeviation":28,"callibration":"test","block":5,"seed":95,"numerosity":64,"matchType":"unpaired","which":"first","trial_type":"numerosity-estimation","trial_index":110,"time_elapsed":2590047,"subject_id":"78239"},{"rt":2600,"stimulus":96,"slider_start":100,"sprites":"animalCrackers","response":105,"absDeviation":13,"callibration":"test","block":5,"seed":96,"numerosity":92,"matchType":"unpaired","which":"first","trial_type":"numerosity-estimation","trial_index":111,"time_elapsed":2592650,"subject_id":"78239"},{"rt":2864,"stimulus":"<p> For the last block of trials, the average deviation of your guesses from correct answers was 15.</p>\n     <p>The smaller the deviation the better.  Your deviation was <b> VERY good</b>.</p><br>\n       <p>Press any key to continue to the next block of trials</p>","response":" ","trial_type":"html-keyboard-response","trial_index":112,"time_elapsed":2595516,"subject_id":"78239"},{"rt":4085,"stimulus":2,"slider_start":100,"sprites":"butterflies","response":115,"absDeviation":20,"callibration":"test","block":6,"seed":2,"numerosity":135,"matchType":"paired","which":"first","trial_type":"numerosity-estimation","trial_index":113,"time_elapsed":2599604,"subject_id":"78239"},{"rt":2021,"stimulus":2,"slider_start":100,"sprites":"butterflies","response":116,"absDeviation":19,"callibration":"test","block":6,"seed":2,"numerosity":135,"matchType":"paired","which":"second","trial_type":"numerosity-estimation","trial_index":114,"time_elapsed":2601628,"subject_id":"78239"},{"rt":7362,"stimulus":3,"slider_start":100,"sprites":"hearts","response":92,"absDeviation":42,"callibration":"test","block":6,"seed":3,"numerosity":50,"matchType":"unpaired","which":"second","trial_type":"numerosity-estimation","trial_index":115,"time_elapsed":2608993,"subject_id":"78239"},{"rt":1755,"stimulus":4,"slider_start":100,"sprites":"crackers","response":112,"absDeviation":5,"callibration":"test","block":6,"seed":4,"numerosity":107,"matchType":"unpaired","which":"second","trial_type":"numerosity-estimation","trial_index":116,"time_elapsed":2610750,"subject_id":"78239"},{"rt":2407,"stimulus":6,"slider_start":100,"sprites":"fruits","response":109,"absDeviation":31,"callibration":"test","block":6,"seed":6,"numerosity":78,"matchType":"paired","which":"first","trial_type":"numerosity-estimation","trial_index":117,"time_elapsed":2613154,"subject_id":"78239"},{"rt":4364,"stimulus":6,"slider_start":100,"sprites":"fruits","response":102,"absDeviation":24,"callibration":"test","block":6,"seed":6,"numerosity":78,"matchType":"paired","which":"second","trial_type":"numerosity-estimation","trial_index":118,"time_elapsed":2617522,"subject_id":"78239"},{"rt":2929,"stimulus":7,"slider_start":100,"sprites":"jellyBeans","response":70,"absDeviation":20,"callibration":"test","block":6,"seed":7,"numerosity":50,"matchType":"unpaired","which":"second","trial_type":"numerosity-estimation","trial_index":119,"time_elapsed":2620454,"subject_id":"78239"},{"rt":5036,"stimulus":8,"slider_start":100,"sprites":"marbles","response":70,"absDeviation":22,"callibration":"test","block":6,"seed":8,"numerosity":92,"matchType":"unpaired","which":"second","trial_type":"numerosity-estimation","trial_index":120,"time_elapsed":2625493,"subject_id":"78239"},{"rt":3097,"stimulus":10,"slider_start":100,"sprites":"rocks","response":60,"absDeviation":10,"callibration":"test","block":6,"seed":10,"numerosity":50,"matchType":"paired","which":"first","trial_type":"numerosity-estimation","trial_index":121,"time_elapsed":2628592,"subject_id":"78239"},{"rt":3156,"stimulus":10,"slider_start":100,"sprites":"rocks","response":70,"absDeviation":20,"callibration":"test","block":6,"seed":10,"numerosity":50,"matchType":"paired","which":"second","trial_type":"numerosity-estimation","trial_index":122,"time_elapsed":2631750,"subject_id":"78239"},{"rt":3267,"stimulus":11,"slider_start":100,"sprites":"buttons","response":103,"absDeviation":4,"callibration":"test","block":6,"seed":11,"numerosity":107,"matchType":"unpaired","which":"second","trial_type":"numerosity-estimation","trial_index":123,"time_elapsed":2635019,"subject_id":"78239"},{"rt":2147,"stimulus":12,"slider_start":100,"sprites":"animalCrackers","response":106,"absDeviation":14,"callibration":"test","block":6,"seed":12,"numerosity":92,"matchType":"unpaired","which":"second","trial_type":"numerosity-estimation","trial_index":124,"time_elapsed":2637169,"subject_id":"78239"},{"rt":3057,"stimulus":14,"slider_start":100,"sprites":"butterflies","response":115,"absDeviation":35,"callibration":"test","block":6,"seed":14,"numerosity":150,"matchType":"paired","which":"first","trial_type":"numerosity-estimation","trial_index":125,"time_elapsed":2640228,"subject_id":"78239"},{"rt":3809,"stimulus":14,"slider_start":100,"sprites":"butterflies","response":110,"absDeviation":40,"callibration":"test","block":6,"seed":14,"numerosity":150,"matchType":"paired","which":"second","trial_type":"numerosity-estimation","trial_index":126,"time_elapsed":2644040,"subject_id":"78239"},{"rt":1944,"stimulus":15,"slider_start":100,"sprites":"hearts","response":113,"absDeviation":8,"callibration":"test","block":6,"seed":15,"numerosity":121,"matchType":"unpaired","which":"second","trial_type":"numerosity-estimation","trial_index":127,"time_elapsed":2645987,"subject_id":"78239"},{"rt":4308,"stimulus":16,"slider_start":100,"sprites":"crackers","response":60,"absDeviation":4,"callibration":"test","block":6,"seed":16,"numerosity":64,"matchType":"unpaired","which":"second","trial_type":"numerosity-estimation","trial_index":128,"time_elapsed":2650297,"subject_id":"78239"},{"rt":2090,"stimulus":"<p> For the last block of trials, the average deviation of your guesses from correct answers was 20.</p>\n     <p>The smaller the deviation the better.  Your deviation was <b> VERY good</b>.</p><br>\n       <p>Press any key to continue to the next block of trials</p>","response":" ","trial_type":"html-keyboard-response","trial_index":129,"time_elapsed":2652388,"subject_id":"78239"},{"rt":5120,"stimulus":18,"slider_start":100,"sprites":"fruits","response":109,"absDeviation":2,"callibration":"test","block":7,"seed":18,"numerosity":107,"matchType":"paired","which":"first","trial_type":"numerosity-estimation","trial_index":130,"time_elapsed":2657511,"subject_id":"78239"},{"rt":2650,"stimulus":18,"slider_start":100,"sprites":"fruits","response":110,"absDeviation":3,"callibration":"test","block":7,"seed":18,"numerosity":107,"matchType":"paired","which":"second","trial_type":"numerosity-estimation","trial_index":131,"time_elapsed":2660164,"subject_id":"78239"},{"rt":3290,"stimulus":19,"slider_start":100,"sprites":"jellyBeans","response":118,"absDeviation":17,"callibration":"test","block":7,"seed":19,"numerosity":135,"matchType":"unpaired","which":"second","trial_type":"numerosity-estimation","trial_index":132,"time_elapsed":2663456,"subject_id":"78239"},{"rt":3130,"stimulus":20,"slider_start":100,"sprites":"marbles","response":87,"absDeviation":9,"callibration":"test","block":7,"seed":20,"numerosity":78,"matchType":"unpaired","which":"second","trial_type":"numerosity-estimation","trial_index":133,"time_elapsed":2666589,"subject_id":"78239"},{"rt":4709,"stimulus":22,"slider_start":100,"sprites":"rocks","response":80,"absDeviation":12,"callibration":"test","block":7,"seed":22,"numerosity":92,"matchType":"paired","which":"first","trial_type":"numerosity-estimation","trial_index":134,"time_elapsed":2671301,"subject_id":"78239"},{"rt":3267,"stimulus":22,"slider_start":100,"sprites":"rocks","response":100,"absDeviation":8,"callibration":"test","block":7,"seed":22,"numerosity":92,"matchType":"paired","which":"second","trial_type":"numerosity-estimation","trial_index":135,"time_elapsed":2674565,"subject_id":"78239"},{"rt":2850,"stimulus":23,"slider_start":100,"sprites":"buttons","response":122,"absDeviation":28,"callibration":"test","block":7,"seed":23,"numerosity":150,"matchType":"unpaired","which":"second","trial_type":"numerosity-estimation","trial_index":136,"time_elapsed":2677419,"subject_id":"78239"},{"rt":2635,"stimulus":24,"slider_start":100,"sprites":"animalCrackers","response":109,"absDeviation":2,"callibration":"test","block":7,"seed":24,"numerosity":107,"matchType":"unpaired","which":"second","trial_type":"numerosity-estimation","trial_index":137,"time_elapsed":2680056,"subject_id":"78239"},{"rt":4314,"stimulus":26,"slider_start":100,"sprites":"butterflies","response":70,"absDeviation":22,"callibration":"test","block":7,"seed":26,"numerosity":92,"matchType":"paired","which":"first","trial_type":"numerosity-estimation","trial_index":138,"time_elapsed":2684373,"subject_id":"78239"},{"rt":3366,"stimulus":26,"slider_start":100,"sprites":"butterflies","response":63,"absDeviation":29,"callibration":"test","block":7,"seed":26,"numerosity":92,"matchType":"paired","which":"second","trial_type":"numerosity-estimation","trial_index":139,"time_elapsed":2687743,"subject_id":"78239"},{"rt":2827,"stimulus":27,"slider_start":100,"sprites":"hearts","response":92,"absDeviation":29,"callibration":"test","block":7,"seed":27,"numerosity":121,"matchType":"unpaired","which":"second","trial_type":"numerosity-estimation","trial_index":140,"time_elapsed":2690573,"subject_id":"78239"},{"rt":2222,"stimulus":28,"slider_start":100,"sprites":"crackers","response":110,"absDeviation":40,"callibration":"test","block":7,"seed":28,"numerosity":150,"matchType":"unpaired","which":"second","trial_type":"numerosity-estimation","trial_index":141,"time_elapsed":2692798,"subject_id":"78239"},{"rt":2022,"stimulus":30,"slider_start":100,"sprites":"fruits","response":109,"absDeviation":2,"callibration":"test","block":7,"seed":30,"numerosity":107,"matchType":"paired","which":"first","trial_type":"numerosity-estimation","trial_index":142,"time_elapsed":2694823,"subject_id":"78239"},{"rt":2665,"stimulus":30,"slider_start":100,"sprites":"fruits","response":111,"absDeviation":4,"callibration":"test","block":7,"seed":30,"numerosity":107,"matchType":"paired","which":"second","trial_type":"numerosity-estimation","trial_index":143,"time_elapsed":2697491,"subject_id":"78239"},{"rt":3209,"stimulus":31,"slider_start":100,"sprites":"jellyBeans","response":116,"absDeviation":34,"callibration":"test","block":7,"seed":31,"numerosity":150,"matchType":"unpaired","which":"second","trial_type":"numerosity-estimation","trial_index":144,"time_elapsed":2700701,"subject_id":"78239"},{"rt":2742,"stimulus":32,"slider_start":100,"sprites":"marbles","response":97,"absDeviation":38,"callibration":"test","block":7,"seed":32,"numerosity":135,"matchType":"unpaired","which":"second","trial_type":"numerosity-estimation","trial_index":145,"time_elapsed":2703446,"subject_id":"78239"},{"rt":2085,"stimulus":"<p> For the last block of trials, the average deviation of your guesses from correct answers was 17.</p>\n     <p>The smaller the deviation the better.  Your deviation was <b> VERY good</b>.</p><br>\n       <p>Press any key to continue to the next block of trials</p>","response":" ","trial_type":"html-keyboard-response","trial_index":146,"time_elapsed":2705532,"subject_id":"78239"},{"rt":7545,"stimulus":34,"slider_start":100,"sprites":"rocks","response":83,"absDeviation":33,"callibration":"test","block":8,"seed":34,"numerosity":50,"matchType":"paired","which":"first","trial_type":"numerosity-estimation","trial_index":147,"time_elapsed":2713079,"subject_id":"78239"},{"rt":3231,"stimulus":34,"slider_start":100,"sprites":"rocks","response":63,"absDeviation":13,"callibration":"test","block":8,"seed":34,"numerosity":50,"matchType":"paired","which":"second","trial_type":"numerosity-estimation","trial_index":148,"time_elapsed":2716313,"subject_id":"78239"},{"rt":3787,"stimulus":35,"slider_start":100,"sprites":"buttons","response":78,"absDeviation":0,"callibration":"test","block":8,"seed":35,"numerosity":78,"matchType":"unpaired","which":"second","trial_type":"numerosity-estimation","trial_index":149,"time_elapsed":2720102,"subject_id":"78239"},{"rt":2173,"stimulus":36,"slider_start":100,"sprites":"animalCrackers","response":65,"absDeviation":15,"callibration":"test","block":8,"seed":36,"numerosity":50,"matchType":"unpaired","which":"second","trial_type":"numerosity-estimation","trial_index":150,"time_elapsed":2722277,"subject_id":"78239"},{"rt":3087,"stimulus":38,"slider_start":100,"sprites":"butterflies","response":49,"absDeviation":29,"callibration":"test","block":8,"seed":38,"numerosity":78,"matchType":"paired","which":"first","trial_type":"numerosity-estimation","trial_index":151,"time_elapsed":2725367,"subject_id":"78239"},{"rt":3357,"stimulus":38,"slider_start":100,"sprites":"butterflies","response":54,"absDeviation":24,"callibration":"test","block":8,"seed":38,"numerosity":78,"matchType":"paired","which":"second","trial_type":"numerosity-estimation","trial_index":152,"time_elapsed":2728728,"subject_id":"78239"},{"rt":5004,"stimulus":39,"slider_start":100,"sprites":"hearts","response":72,"absDeviation":6,"callibration":"test","block":8,"seed":39,"numerosity":78,"matchType":"unpaired","which":"second","trial_type":"numerosity-estimation","trial_index":153,"time_elapsed":2733739,"subject_id":"78239"},{"rt":2692,"stimulus":40,"slider_start":100,"sprites":"crackers","response":113,"absDeviation":8,"callibration":"test","block":8,"seed":40,"numerosity":121,"matchType":"unpaired","which":"second","trial_type":"numerosity-estimation","trial_index":154,"time_elapsed":2736434,"subject_id":"78239"},{"rt":6886,"stimulus":42,"slider_start":100,"sprites":"fruits","response":90,"absDeviation":12,"callibration":"test","block":8,"seed":42,"numerosity":78,"matchType":"paired","which":"first","trial_type":"numerosity-estimation","trial_index":155,"time_elapsed":2743322,"subject_id":"78239"},{"rt":2122,"stimulus":42,"slider_start":100,"sprites":"fruits","response":93,"absDeviation":15,"callibration":"test","block":8,"seed":42,"numerosity":78,"matchType":"paired","which":"second","trial_type":"numerosity-estimation","trial_index":156,"time_elapsed":2745447,"subject_id":"78239"},{"rt":2945,"stimulus":43,"slider_start":100,"sprites":"jellyBeans","response":81,"absDeviation":17,"callibration":"test","block":8,"seed":43,"numerosity":64,"matchType":"unpaired","which":"second","trial_type":"numerosity-estimation","trial_index":157,"time_elapsed":2748394,"subject_id":"78239"},{"rt":2948,"stimulus":44,"slider_start":100,"sprites":"marbles","response":104,"absDeviation":17,"callibration":"test","block":8,"seed":44,"numerosity":121,"matchType":"unpaired","which":"second","trial_type":"numerosity-estimation","trial_index":158,"time_elapsed":2751344,"subject_id":"78239"},{"rt":2025,"stimulus":46,"slider_start":100,"sprites":"rocks","response":115,"absDeviation":8,"callibration":"test","block":8,"seed":46,"numerosity":107,"matchType":"paired","which":"first","trial_type":"numerosity-estimation","trial_index":159,"time_elapsed":2753373,"subject_id":"78239"},{"rt":3118,"stimulus":46,"slider_start":100,"sprites":"rocks","response":119,"absDeviation":12,"callibration":"test","block":8,"seed":46,"numerosity":107,"matchType":"paired","which":"second","trial_type":"numerosity-estimation","trial_index":160,"time_elapsed":2756493,"subject_id":"78239"},{"rt":2062,"stimulus":47,"slider_start":100,"sprites":"buttons","response":115,"absDeviation":6,"callibration":"test","block":8,"seed":47,"numerosity":121,"matchType":"unpaired","which":"second","trial_type":"numerosity-estimation","trial_index":161,"time_elapsed":2758558,"subject_id":"78239"},{"rt":3516,"stimulus":48,"slider_start":100,"sprites":"animalCrackers","response":115,"absDeviation":20,"callibration":"test","block":8,"seed":48,"numerosity":135,"matchType":"unpaired","which":"second","trial_type":"numerosity-estimation","trial_index":162,"time_elapsed":2762078,"subject_id":"78239"},{"rt":1327,"stimulus":"<p> For the last block of trials, the average deviation of your guesses from correct answers was 15.</p>\n     <p>The smaller the deviation the better.  Your deviation was <b> VERY good</b>.</p><br>\n       <p>Press any key to continue to the next block of trials</p>","response":" ","trial_type":"html-keyboard-response","trial_index":163,"time_elapsed":2763407,"subject_id":"78239"},{"rt":4003,"stimulus":50,"slider_start":100,"sprites":"butterflies","response":121,"absDeviation":29,"callibration":"test","block":9,"seed":50,"numerosity":150,"matchType":"paired","which":"first","trial_type":"numerosity-estimation","trial_index":164,"time_elapsed":2767412,"subject_id":"78239"},{"rt":2784,"stimulus":50,"slider_start":100,"sprites":"butterflies","response":117,"absDeviation":33,"callibration":"test","block":9,"seed":50,"numerosity":150,"matchType":"paired","which":"second","trial_type":"numerosity-estimation","trial_index":165,"time_elapsed":2770199,"subject_id":"78239"},{"rt":3291,"stimulus":51,"slider_start":100,"sprites":"hearts","response":109,"absDeviation":41,"callibration":"test","block":9,"seed":51,"numerosity":150,"matchType":"unpaired","which":"second","trial_type":"numerosity-estimation","trial_index":166,"time_elapsed":2773493,"subject_id":"78239"},{"rt":2935,"stimulus":52,"slider_start":100,"sprites":"crackers","response":85,"absDeviation":7,"callibration":"test","block":9,"seed":52,"numerosity":78,"matchType":"unpaired","which":"second","trial_type":"numerosity-estimation","trial_index":167,"time_elapsed":2776432,"subject_id":"78239"},{"rt":3855,"stimulus":54,"slider_start":100,"sprites":"fruits","response":81,"absDeviation":11,"callibration":"test","block":9,"seed":54,"numerosity":92,"matchType":"paired","which":"first","trial_type":"numerosity-estimation","trial_index":168,"time_elapsed":2780290,"subject_id":"78239"},{"rt":2566,"stimulus":54,"slider_start":100,"sprites":"fruits","response":74,"absDeviation":18,"callibration":"test","block":9,"seed":54,"numerosity":92,"matchType":"paired","which":"second","trial_type":"numerosity-estimation","trial_index":169,"time_elapsed":2782859,"subject_id":"78239"},{"rt":2997,"stimulus":55,"slider_start":100,"sprites":"jellyBeans","response":110,"absDeviation":11,"callibration":"test","block":9,"seed":55,"numerosity":121,"matchType":"unpaired","which":"second","trial_type":"numerosity-estimation","trial_index":170,"time_elapsed":2785858,"subject_id":"78239"},{"rt":6810,"stimulus":56,"slider_start":100,"sprites":"marbles","response":49,"absDeviation":15,"callibration":"test","block":9,"seed":56,"numerosity":64,"matchType":"unpaired","which":"second","trial_type":"numerosity-estimation","trial_index":171,"time_elapsed":2792671,"subject_id":"78239"},{"rt":3886,"stimulus":58,"slider_start":100,"sprites":"rocks","response":80,"absDeviation":41,"callibration":"test","block":9,"seed":58,"numerosity":121,"matchType":"paired","which":"first","trial_type":"numerosity-estimation","trial_index":172,"time_elapsed":2796566,"subject_id":"78239"},{"rt":3507,"stimulus":58,"slider_start":100,"sprites":"rocks","response":95,"absDeviation":26,"callibration":"test","block":9,"seed":58,"numerosity":121,"matchType":"paired","which":"second","trial_type":"numerosity-estimation","trial_index":173,"time_elapsed":2800075,"subject_id":"78239"},{"rt":2796,"stimulus":59,"slider_start":100,"sprites":"buttons","response":107,"absDeviation":28,"callibration":"test","block":9,"seed":59,"numerosity":135,"matchType":"unpaired","which":"second","trial_type":"numerosity-estimation","trial_index":174,"time_elapsed":2802873,"subject_id":"78239"},{"rt":2812,"stimulus":60,"slider_start":100,"sprites":"animalCrackers","response":110,"absDeviation":40,"callibration":"test","block":9,"seed":60,"numerosity":150,"matchType":"unpaired","which":"second","trial_type":"numerosity-estimation","trial_index":175,"time_elapsed":2805688,"subject_id":"78239"},{"rt":2609,"stimulus":62,"slider_start":100,"sprites":"butterflies","response":111,"absDeviation":24,"callibration":"test","block":9,"seed":62,"numerosity":135,"matchType":"paired","which":"first","trial_type":"numerosity-estimation","trial_index":176,"time_elapsed":2808300,"subject_id":"78239"},{"rt":5213,"stimulus":62,"slider_start":100,"sprites":"butterflies","response":106,"absDeviation":29,"callibration":"test","block":9,"seed":62,"numerosity":135,"matchType":"paired","which":"second","trial_type":"numerosity-estimation","trial_index":177,"time_elapsed":2813517,"subject_id":"78239"},{"rt":5153,"stimulus":63,"slider_start":100,"sprites":"hearts","response":85,"absDeviation":21,"callibration":"test","block":9,"seed":63,"numerosity":64,"matchType":"unpaired","which":"second","trial_type":"numerosity-estimation","trial_index":178,"time_elapsed":2818674,"subject_id":"78239"},{"rt":3551,"stimulus":64,"slider_start":100,"sprites":"crackers","response":112,"absDeviation":23,"callibration":"test","block":9,"seed":64,"numerosity":135,"matchType":"unpaired","which":"second","trial_type":"numerosity-estimation","trial_index":179,"time_elapsed":2822228,"subject_id":"78239"},{"rt":10926,"stimulus":"<p> For the last block of trials, the average deviation of your guesses from correct answers was 25.</p>\n     <p>The smaller the deviation the better.  Your deviation was <b> good</b>.</p><br>\n       <p>Press any key to continue to the next block of trials</p>","response":" ","trial_type":"html-keyboard-response","trial_index":180,"time_elapsed":2833156,"subject_id":"78239"},{"rt":8245,"stimulus":66,"slider_start":100,"sprites":"fruits","response":80,"absDeviation":16,"callibration":"test","block":10,"seed":66,"numerosity":64,"matchType":"paired","which":"first","trial_type":"numerosity-estimation","trial_index":181,"time_elapsed":2841403,"subject_id":"78239"},{"rt":6272,"stimulus":66,"slider_start":100,"sprites":"fruits","response":75,"absDeviation":11,"callibration":"test","block":10,"seed":66,"numerosity":64,"matchType":"paired","which":"second","trial_type":"numerosity-estimation","trial_index":182,"time_elapsed":2847679,"subject_id":"78239"},{"rt":3010,"stimulus":67,"slider_start":100,"sprites":"jellyBeans","response":97,"absDeviation":10,"callibration":"test","block":10,"seed":67,"numerosity":107,"matchType":"unpaired","which":"second","trial_type":"numerosity-estimation","trial_index":183,"time_elapsed":2850693,"subject_id":"78239"},{"rt":5063,"stimulus":68,"slider_start":100,"sprites":"marbles","response":104,"absDeviation":46,"callibration":"test","block":10,"seed":68,"numerosity":150,"matchType":"unpaired","which":"second","trial_type":"numerosity-estimation","trial_index":184,"time_elapsed":2855749,"subject_id":"78239"},{"rt":2105,"stimulus":70,"slider_start":100,"sprites":"rocks","response":95,"absDeviation":3,"callibration":"test","block":10,"seed":70,"numerosity":92,"matchType":"paired","which":"first","trial_type":"numerosity-estimation","trial_index":185,"time_elapsed":2857857,"subject_id":"78239"},{"rt":2097,"stimulus":70,"slider_start":100,"sprites":"rocks","response":93,"absDeviation":1,"callibration":"test","block":10,"seed":70,"numerosity":92,"matchType":"paired","which":"second","trial_type":"numerosity-estimation","trial_index":186,"time_elapsed":2859957,"subject_id":"78239"},{"rt":2642,"stimulus":71,"slider_start":100,"sprites":"buttons","response":92,"absDeviation":15,"callibration":"test","block":10,"seed":71,"numerosity":107,"matchType":"unpaired","which":"second","trial_type":"numerosity-estimation","trial_index":187,"time_elapsed":2862601,"subject_id":"78239"},{"rt":4931,"stimulus":72,"slider_start":100,"sprites":"animalCrackers","response":65,"absDeviation":15,"callibration":"test","block":10,"seed":72,"numerosity":50,"matchType":"unpaired","which":"second","trial_type":"numerosity-estimation","trial_index":188,"time_elapsed":2867534,"subject_id":"78239"},{"rt":4282,"stimulus":74,"slider_start":100,"sprites":"butterflies","response":82,"absDeviation":18,"callibration":"test","block":10,"seed":74,"numerosity":64,"matchType":"paired","which":"first","trial_type":"numerosity-estimation","trial_index":189,"time_elapsed":2871818,"subject_id":"78239"},{"rt":8142,"stimulus":74,"slider_start":100,"sprites":"butterflies","response":84,"absDeviation":20,"callibration":"test","block":10,"seed":74,"numerosity":64,"matchType":"paired","which":"second","trial_type":"numerosity-estimation","trial_index":190,"time_elapsed":2879964,"subject_id":"78239"},{"rt":5866,"stimulus":75,"slider_start":100,"sprites":"hearts","response":100,"absDeviation":8,"callibration":"test","block":10,"seed":75,"numerosity":92,"matchType":"unpaired","which":"second","trial_type":"numerosity-estimation","trial_index":191,"time_elapsed":2885834,"subject_id":"78239"},{"rt":14947,"stimulus":76,"slider_start":100,"sprites":"crackers","response":86,"absDeviation":22,"callibration":"test","block":10,"seed":76,"numerosity":64,"matchType":"unpaired","which":"second","trial_type":"numerosity-estimation","trial_index":192,"time_elapsed":2900784,"subject_id":"78239"},{"rt":7507,"stimulus":78,"slider_start":100,"sprites":"fruits","response":82,"absDeviation":18,"callibration":"test","block":10,"seed":78,"numerosity":64,"matchType":"paired","which":"first","trial_type":"numerosity-estimation","trial_index":193,"time_elapsed":2908295,"subject_id":"78239"},{"rt":4851,"stimulus":78,"slider_start":100,"sprites":"fruits","response":80,"absDeviation":16,"callibration":"test","block":10,"seed":78,"numerosity":64,"matchType":"paired","which":"second","trial_type":"numerosity-estimation","trial_index":194,"time_elapsed":2913149,"subject_id":"78239"},{"rt":7407,"stimulus":79,"slider_start":100,"sprites":"jellyBeans","response":75,"absDeviation":25,"callibration":"test","block":10,"seed":79,"numerosity":50,"matchType":"unpaired","which":"second","trial_type":"numerosity-estimation","trial_index":195,"time_elapsed":2920571,"subject_id":"78239"},{"rt":6923,"stimulus":80,"slider_start":100,"sprites":"marbles","response":106,"absDeviation":15,"callibration":"test","block":10,"seed":80,"numerosity":121,"matchType":"unpaired","which":"second","trial_type":"numerosity-estimation","trial_index":196,"time_elapsed":2927498,"subject_id":"78239"},{"rt":1798,"stimulus":"<p> For the last block of trials, the average deviation of your guesses from correct answers was 16.</p>\n     <p>The smaller the deviation the better.  Your deviation was <b> VERY good</b>.</p><br>\n       <p>Press any key to continue to the next block of trials</p>","response":" ","trial_type":"html-keyboard-response","trial_index":197,"time_elapsed":2929297,"subject_id":"78239"},{"rt":5016,"stimulus":82,"slider_start":100,"sprites":"rocks","response":71,"absDeviation":7,"callibration":"test","block":11,"seed":82,"numerosity":64,"matchType":"paired","which":"first","trial_type":"numerosity-estimation","trial_index":198,"time_elapsed":2934316,"subject_id":"78239"},{"rt":2441,"stimulus":82,"slider_start":100,"sprites":"rocks","response":82,"absDeviation":18,"callibration":"test","block":11,"seed":82,"numerosity":64,"matchType":"paired","which":"second","trial_type":"numerosity-estimation","trial_index":199,"time_elapsed":2936761,"subject_id":"78239"},{"rt":2894,"stimulus":83,"slider_start":100,"sprites":"buttons","response":109,"absDeviation":12,"callibration":"test","block":11,"seed":83,"numerosity":121,"matchType":"unpaired","which":"second","trial_type":"numerosity-estimation","trial_index":200,"time_elapsed":2939658,"subject_id":"78239"},{"rt":3399,"stimulus":84,"slider_start":100,"sprites":"animalCrackers","response":68,"absDeviation":18,"callibration":"test","block":11,"seed":84,"numerosity":50,"matchType":"unpaired","which":"second","trial_type":"numerosity-estimation","trial_index":201,"time_elapsed":2943059,"subject_id":"78239"},{"rt":5205,"stimulus":86,"slider_start":100,"sprites":"butterflies","response":78,"absDeviation":43,"callibration":"test","block":11,"seed":86,"numerosity":121,"matchType":"paired","which":"first","trial_type":"numerosity-estimation","trial_index":202,"time_elapsed":2948267,"subject_id":"78239"},{"rt":1980,"stimulus":86,"slider_start":100,"sprites":"butterflies","response":81,"absDeviation":40,"callibration":"test","block":11,"seed":86,"numerosity":121,"matchType":"paired","which":"second","trial_type":"numerosity-estimation","trial_index":203,"time_elapsed":2950250,"subject_id":"78239"},{"rt":2205,"stimulus":87,"slider_start":100,"sprites":"hearts","response":55,"absDeviation":5,"callibration":"test","block":11,"seed":87,"numerosity":50,"matchType":"unpaired","which":"second","trial_type":"numerosity-estimation","trial_index":204,"time_elapsed":2952458,"subject_id":"78239"},{"rt":4255,"stimulus":88,"slider_start":100,"sprites":"crackers","response":102,"absDeviation":33,"callibration":"test","block":11,"seed":88,"numerosity":135,"matchType":"unpaired","which":"second","trial_type":"numerosity-estimation","trial_index":205,"time_elapsed":2956716,"subject_id":"78239"},{"rt":2157,"stimulus":90,"slider_start":100,"sprites":"fruits","response":112,"absDeviation":38,"callibration":"test","block":11,"seed":90,"numerosity":150,"matchType":"paired","which":"first","trial_type":"numerosity-estimation","trial_index":206,"time_elapsed":2958875,"subject_id":"78239"},{"rt":2906,"stimulus":90,"slider_start":100,"sprites":"fruits","response":110,"absDeviation":40,"callibration":"test","block":11,"seed":90,"numerosity":150,"matchType":"paired","which":"second","trial_type":"numerosity-estimation","trial_index":207,"time_elapsed":2961782,"subject_id":"78239"},{"rt":3255,"stimulus":91,"slider_start":100,"sprites":"jellyBeans","response":85,"absDeviation":7,"callibration":"test","block":11,"seed":91,"numerosity":92,"matchType":"unpaired","which":"second","trial_type":"numerosity-estimation","trial_index":208,"time_elapsed":2965041,"subject_id":"78239"},{"rt":3525,"stimulus":92,"slider_start":100,"sprites":"marbles","response":91,"absDeviation":30,"callibration":"test","block":11,"seed":92,"numerosity":121,"matchType":"unpaired","which":"second","trial_type":"numerosity-estimation","trial_index":209,"time_elapsed":2968569,"subject_id":"78239"},{"rt":2863,"stimulus":94,"slider_start":100,"sprites":"rocks","response":77,"absDeviation":1,"callibration":"test","block":11,"seed":94,"numerosity":78,"matchType":"paired","which":"first","trial_type":"numerosity-estimation","trial_index":210,"time_elapsed":2971436,"subject_id":"78239"},{"rt":5052,"stimulus":94,"slider_start":100,"sprites":"rocks","response":92,"absDeviation":14,"callibration":"test","block":11,"seed":94,"numerosity":78,"matchType":"paired","which":"second","trial_type":"numerosity-estimation","trial_index":211,"time_elapsed":2976479,"subject_id":"78239"},{"rt":3828,"stimulus":95,"slider_start":100,"sprites":"buttons","response":75,"absDeviation":11,"callibration":"test","block":11,"seed":95,"numerosity":64,"matchType":"unpaired","which":"second","trial_type":"numerosity-estimation","trial_index":212,"time_elapsed":2980309,"subject_id":"78239"},{"rt":2687,"stimulus":96,"slider_start":100,"sprites":"animalCrackers","response":105,"absDeviation":13,"callibration":"test","block":11,"seed":96,"numerosity":92,"matchType":"unpaired","which":"second","trial_type":"numerosity-estimation","trial_index":213,"time_elapsed":2982999,"subject_id":"78239"},{"rt":1580,"stimulus":"<p> For the last block of trials, the average deviation of your guesses from correct answers was 21.</p>\n     <p>The smaller the deviation the better.  Your deviation was <b> VERY good</b>.</p><br>\n       <p>Press any key to continue to the next block of trials</p>","response":" ","trial_type":"html-keyboard-response","trial_index":214,"time_elapsed":2984580,"subject_id":"78239"},{"rt":25882,"response":{"averageEstimates":"When the two displays were separated in time.","firstOrSecond":"The second time the objects were shown"},"question_order":[0,1],"trial_type":"survey-multi-choice","trial_index":215,"time_elapsed":3010467,"subject_id":"78239"}]