[{"rt":29462,"url":"consent.html","trial_type":"external-html","trial_index":0,"time_elapsed":29503,"subject_id":"77475"},{"view_history":[{"page_index":0,"viewing_time":60134}],"rt":60135,"trial_type":"instructions","trial_index":1,"time_elapsed":89639,"subject_id":"77475"},{"rt":10206,"stimulus":0,"slider_start":100,"sprites":"animalCrackers","response":100,"absDeviation":50,"callibration":"callibration","block":-1,"seed":0,"numerosity":50,"matchType":"callibration","which":"first","trial_type":"numerosity-estimation","trial_index":2,"time_elapsed":99854,"subject_id":"77475"},{"rt":3040,"stimulus":1,"slider_start":100,"sprites":"letters","response":100,"absDeviation":36,"callibration":"callibration","block":-1,"seed":1,"numerosity":64,"matchType":"callibration","which":"first","trial_type":"numerosity-estimation","trial_index":3,"time_elapsed":102898,"subject_id":"77475"},{"rt":1869,"stimulus":2,"slider_start":100,"sprites":"butterflies","response":100,"absDeviation":22,"callibration":"callibration","block":-1,"seed":2,"numerosity":78,"matchType":"callibration","which":"first","trial_type":"numerosity-estimation","trial_index":4,"time_elapsed":104770,"subject_id":"77475"},{"rt":2088,"stimulus":3,"slider_start":100,"sprites":"hearts","response":100,"absDeviation":8,"callibration":"callibration","block":-1,"seed":3,"numerosity":92,"matchType":"callibration","which":"first","trial_type":"numerosity-estimation","trial_index":5,"time_elapsed":106862,"subject_id":"77475"},{"rt":1885,"stimulus":4,"slider_start":100,"sprites":"crackers","response":100,"absDeviation":7,"callibration":"callibration","block":-1,"seed":4,"numerosity":107,"matchType":"callibration","which":"first","trial_type":"numerosity-estimation","trial_index":6,"time_elapsed":108750,"subject_id":"77475"},{"rt":2007,"stimulus":5,"slider_start":100,"sprites":"bears","response":100,"absDeviation":21,"callibration":"callibration","block":-1,"seed":5,"numerosity":121,"matchType":"callibration","which":"first","trial_type":"numerosity-estimation","trial_index":7,"time_elapsed":110761,"subject_id":"77475"},{"rt":3553,"stimulus":6,"slider_start":100,"sprites":"fruits","response":100,"absDeviation":35,"callibration":"callibration","block":-1,"seed":6,"numerosity":135,"matchType":"callibration","which":"first","trial_type":"numerosity-estimation","trial_index":8,"time_elapsed":114318,"subject_id":"77475"},{"rt":1965,"stimulus":7,"slider_start":100,"sprites":"jellyBeans","response":100,"absDeviation":50,"callibration":"callibration","block":-1,"seed":7,"numerosity":150,"matchType":"callibration","which":"first","trial_type":"numerosity-estimation","trial_index":9,"time_elapsed":116287,"subject_id":"77475"},{"view_history":[{"page_index":0,"viewing_time":9343}],"rt":9343,"trial_type":"instructions","trial_index":10,"time_elapsed":125630,"subject_id":"77475"},{"rt":12265,"stimulus":1,"slider_start":100,"sprites":"letters","response":64,"absDeviation":28,"callibration":"test","block":0,"seed":1,"numerosity":92,"matchType":"paired","which":"first","trial_type":"numerosity-estimation","trial_index":11,"time_elapsed":137899,"subject_id":"77475"},{"rt":5318,"stimulus":1,"slider_start":100,"sprites":"letters","response":77,"absDeviation":15,"callibration":"test","block":0,"seed":1,"numerosity":92,"matchType":"paired","which":"second","trial_type":"numerosity-estimation","trial_index":12,"time_elapsed":143222,"subject_id":"77475"},{"rt":5343,"stimulus":3,"slider_start":100,"sprites":"hearts","response":52,"absDeviation":2,"callibration":"test","block":0,"seed":3,"numerosity":50,"matchType":"unpaired","which":"first","trial_type":"numerosity-estimation","trial_index":13,"time_elapsed":148570,"subject_id":"77475"},{"rt":5645,"stimulus":4,"slider_start":100,"sprites":"crackers","response":89,"absDeviation":18,"callibration":"test","block":0,"seed":4,"numerosity":107,"matchType":"unpaired","which":"first","trial_type":"numerosity-estimation","trial_index":14,"time_elapsed":154219,"subject_id":"77475"},{"rt":5734,"stimulus":5,"slider_start":100,"sprites":"bears","response":57,"absDeviation":7,"callibration":"test","block":0,"seed":5,"numerosity":50,"matchType":"paired","which":"first","trial_type":"numerosity-estimation","trial_index":15,"time_elapsed":159957,"subject_id":"77475"},{"rt":5117,"stimulus":5,"slider_start":100,"sprites":"bears","response":46,"absDeviation":4,"callibration":"test","block":0,"seed":5,"numerosity":50,"matchType":"paired","which":"second","trial_type":"numerosity-estimation","trial_index":16,"time_elapsed":165077,"subject_id":"77475"},{"rt":4199,"stimulus":7,"slider_start":100,"sprites":"jellyBeans","response":46,"absDeviation":4,"callibration":"test","block":0,"seed":7,"numerosity":50,"matchType":"unpaired","which":"first","trial_type":"numerosity-estimation","trial_index":17,"time_elapsed":169283,"subject_id":"77475"},{"rt":3976,"stimulus":8,"slider_start":100,"sprites":"marbles","response":64,"absDeviation":28,"callibration":"test","block":0,"seed":8,"numerosity":92,"matchType":"unpaired","which":"first","trial_type":"numerosity-estimation","trial_index":18,"time_elapsed":173263,"subject_id":"77475"},{"rt":3341,"stimulus":9,"slider_start":100,"sprites":"mints","response":84,"absDeviation":51,"callibration":"test","block":0,"seed":9,"numerosity":135,"matchType":"paired","which":"first","trial_type":"numerosity-estimation","trial_index":19,"time_elapsed":176609,"subject_id":"77475"},{"rt":3700,"stimulus":9,"slider_start":100,"sprites":"mints","response":86,"absDeviation":49,"callibration":"test","block":0,"seed":9,"numerosity":135,"matchType":"paired","which":"second","trial_type":"numerosity-estimation","trial_index":20,"time_elapsed":180311,"subject_id":"77475"},{"rt":3789,"stimulus":11,"slider_start":100,"sprites":"buttons","response":74,"absDeviation":33,"callibration":"test","block":0,"seed":11,"numerosity":107,"matchType":"unpaired","which":"first","trial_type":"numerosity-estimation","trial_index":21,"time_elapsed":184104,"subject_id":"77475"},{"rt":4512,"stimulus":12,"slider_start":100,"sprites":"animalCrackers","response":70,"absDeviation":22,"callibration":"test","block":0,"seed":12,"numerosity":92,"matchType":"unpaired","which":"first","trial_type":"numerosity-estimation","trial_index":22,"time_elapsed":188620,"subject_id":"77475"},{"rt":5091,"stimulus":13,"slider_start":100,"sprites":"letters","response":69,"absDeviation":38,"callibration":"test","block":0,"seed":13,"numerosity":107,"matchType":"paired","which":"first","trial_type":"numerosity-estimation","trial_index":23,"time_elapsed":193716,"subject_id":"77475"},{"rt":3636,"stimulus":13,"slider_start":100,"sprites":"letters","response":75,"absDeviation":32,"callibration":"test","block":0,"seed":13,"numerosity":107,"matchType":"paired","which":"second","trial_type":"numerosity-estimation","trial_index":24,"time_elapsed":197361,"subject_id":"77475"},{"rt":4618,"stimulus":15,"slider_start":100,"sprites":"hearts","response":84,"absDeviation":37,"callibration":"test","block":0,"seed":15,"numerosity":121,"matchType":"unpaired","which":"first","trial_type":"numerosity-estimation","trial_index":25,"time_elapsed":201982,"subject_id":"77475"},{"rt":9677,"stimulus":16,"slider_start":100,"sprites":"crackers","response":76,"absDeviation":12,"callibration":"test","block":0,"seed":16,"numerosity":64,"matchType":"unpaired","which":"first","trial_type":"numerosity-estimation","trial_index":26,"time_elapsed":211672,"subject_id":"77475"},{"rt":38768,"stimulus":"<p> For the last block of trials, the average deviation of your guesses from correct answers was 24.</p>\n     <p>The smaller the deviation the better.  Your deviation was <b> VERY good</b>.</p><br>\n       <p>Press any key to continue to the next block of trials</p>","response":"m","trial_type":"html-keyboard-response","trial_index":27,"time_elapsed":250454,"subject_id":"77475"},{"rt":5764,"stimulus":17,"slider_start":100,"sprites":"bears","response":68,"absDeviation":24,"callibration":"test","block":1,"seed":17,"numerosity":92,"matchType":"paired","which":"first","trial_type":"numerosity-estimation","trial_index":28,"time_elapsed":256224,"subject_id":"77475"},{"rt":3516,"stimulus":17,"slider_start":100,"sprites":"bears","response":77,"absDeviation":15,"callibration":"test","block":1,"seed":17,"numerosity":92,"matchType":"paired","which":"second","trial_type":"numerosity-estimation","trial_index":29,"time_elapsed":259745,"subject_id":"77475"},{"rt":3862,"stimulus":19,"slider_start":100,"sprites":"jellyBeans","response":80,"absDeviation":55,"callibration":"test","block":1,"seed":19,"numerosity":135,"matchType":"unpaired","which":"first","trial_type":"numerosity-estimation","trial_index":30,"time_elapsed":263613,"subject_id":"77475"},{"rt":6655,"stimulus":20,"slider_start":100,"sprites":"marbles","response":52,"absDeviation":26,"callibration":"test","block":1,"seed":20,"numerosity":78,"matchType":"unpaired","which":"first","trial_type":"numerosity-estimation","trial_index":31,"time_elapsed":270271,"subject_id":"77475"},{"rt":3842,"stimulus":21,"slider_start":100,"sprites":"mints","response":77,"absDeviation":15,"callibration":"test","block":1,"seed":21,"numerosity":92,"matchType":"paired","which":"first","trial_type":"numerosity-estimation","trial_index":32,"time_elapsed":274118,"subject_id":"77475"},{"rt":4237,"stimulus":21,"slider_start":100,"sprites":"mints","response":80,"absDeviation":12,"callibration":"test","block":1,"seed":21,"numerosity":92,"matchType":"paired","which":"second","trial_type":"numerosity-estimation","trial_index":33,"time_elapsed":278359,"subject_id":"77475"},{"rt":4488,"stimulus":23,"slider_start":100,"sprites":"buttons","response":85,"absDeviation":65,"callibration":"test","block":1,"seed":23,"numerosity":150,"matchType":"unpaired","which":"first","trial_type":"numerosity-estimation","trial_index":34,"time_elapsed":282851,"subject_id":"77475"},{"rt":4154,"stimulus":24,"slider_start":100,"sprites":"animalCrackers","response":80,"absDeviation":27,"callibration":"test","block":1,"seed":24,"numerosity":107,"matchType":"unpaired","which":"first","trial_type":"numerosity-estimation","trial_index":35,"time_elapsed":287017,"subject_id":"77475"},{"rt":3991,"stimulus":25,"slider_start":100,"sprites":"letters","response":81,"absDeviation":26,"callibration":"test","block":1,"seed":25,"numerosity":107,"matchType":"paired","which":"first","trial_type":"numerosity-estimation","trial_index":36,"time_elapsed":291016,"subject_id":"77475"},{"rt":3143,"stimulus":25,"slider_start":100,"sprites":"letters","response":84,"absDeviation":23,"callibration":"test","block":1,"seed":25,"numerosity":107,"matchType":"paired","which":"second","trial_type":"numerosity-estimation","trial_index":37,"time_elapsed":294163,"subject_id":"77475"},{"rt":3691,"stimulus":27,"slider_start":100,"sprites":"hearts","response":87,"absDeviation":34,"callibration":"test","block":1,"seed":27,"numerosity":121,"matchType":"unpaired","which":"first","trial_type":"numerosity-estimation","trial_index":38,"time_elapsed":297858,"subject_id":"77475"},{"rt":5538,"stimulus":28,"slider_start":100,"sprites":"crackers","response":94,"absDeviation":56,"callibration":"test","block":1,"seed":28,"numerosity":150,"matchType":"unpaired","which":"first","trial_type":"numerosity-estimation","trial_index":39,"time_elapsed":303401,"subject_id":"77475"},{"rt":3153,"stimulus":29,"slider_start":100,"sprites":"bears","response":51,"absDeviation":13,"callibration":"test","block":1,"seed":29,"numerosity":64,"matchType":"paired","which":"first","trial_type":"numerosity-estimation","trial_index":40,"time_elapsed":306558,"subject_id":"77475"},{"rt":3666,"stimulus":29,"slider_start":100,"sprites":"bears","response":47,"absDeviation":17,"callibration":"test","block":1,"seed":29,"numerosity":64,"matchType":"paired","which":"second","trial_type":"numerosity-estimation","trial_index":41,"time_elapsed":310228,"subject_id":"77475"},{"rt":3325,"stimulus":31,"slider_start":100,"sprites":"jellyBeans","response":77,"absDeviation":73,"callibration":"test","block":1,"seed":31,"numerosity":150,"matchType":"unpaired","which":"first","trial_type":"numerosity-estimation","trial_index":42,"time_elapsed":313557,"subject_id":"77475"},{"rt":8461,"stimulus":32,"slider_start":100,"sprites":"marbles","response":71,"absDeviation":64,"callibration":"test","block":1,"seed":32,"numerosity":135,"matchType":"unpaired","which":"first","trial_type":"numerosity-estimation","trial_index":43,"time_elapsed":322021,"subject_id":"77475"},{"rt":140678,"stimulus":"<p> For the last block of trials, the average deviation of your guesses from correct answers was 34.</p>\n     <p>The smaller the deviation the better.  Your deviation was <b> good</b>.</p><br>\n       <p>Press any key to continue to the next block of trials</p>","response":"n","trial_type":"html-keyboard-response","trial_index":44,"time_elapsed":462699,"subject_id":"77475"},{"rt":4609,"stimulus":33,"slider_start":100,"sprites":"mints","response":79,"absDeviation":42,"callibration":"test","block":2,"seed":33,"numerosity":121,"matchType":"paired","which":"first","trial_type":"numerosity-estimation","trial_index":45,"time_elapsed":467320,"subject_id":"77475"},{"rt":4051,"stimulus":33,"slider_start":100,"sprites":"mints","response":83,"absDeviation":38,"callibration":"test","block":2,"seed":33,"numerosity":121,"matchType":"paired","which":"second","trial_type":"numerosity-estimation","trial_index":46,"time_elapsed":471374,"subject_id":"77475"},{"rt":2583,"stimulus":35,"slider_start":100,"sprites":"buttons","response":44,"absDeviation":34,"callibration":"test","block":2,"seed":35,"numerosity":78,"matchType":"unpaired","which":"first","trial_type":"numerosity-estimation","trial_index":47,"time_elapsed":473961,"subject_id":"77475"},{"rt":3060,"stimulus":36,"slider_start":100,"sprites":"animalCrackers","response":25,"absDeviation":25,"callibration":"test","block":2,"seed":36,"numerosity":50,"matchType":"unpaired","which":"first","trial_type":"numerosity-estimation","trial_index":48,"time_elapsed":477025,"subject_id":"77475"},{"rt":3998,"stimulus":37,"slider_start":100,"sprites":"letters","response":84,"absDeviation":51,"callibration":"test","block":2,"seed":37,"numerosity":135,"matchType":"paired","which":"first","trial_type":"numerosity-estimation","trial_index":49,"time_elapsed":481026,"subject_id":"77475"},{"rt":2756,"stimulus":37,"slider_start":100,"sprites":"letters","response":97,"absDeviation":38,"callibration":"test","block":2,"seed":37,"numerosity":135,"matchType":"paired","which":"second","trial_type":"numerosity-estimation","trial_index":50,"time_elapsed":483785,"subject_id":"77475"},{"rt":2479,"stimulus":39,"slider_start":100,"sprites":"hearts","response":74,"absDeviation":4,"callibration":"test","block":2,"seed":39,"numerosity":78,"matchType":"unpaired","which":"first","trial_type":"numerosity-estimation","trial_index":51,"time_elapsed":486267,"subject_id":"77475"},{"rt":2788,"stimulus":40,"slider_start":100,"sprites":"crackers","response":89,"absDeviation":32,"callibration":"test","block":2,"seed":40,"numerosity":121,"matchType":"unpaired","which":"first","trial_type":"numerosity-estimation","trial_index":52,"time_elapsed":489059,"subject_id":"77475"},{"rt":3089,"stimulus":41,"slider_start":100,"sprites":"bears","response":31,"absDeviation":19,"callibration":"test","block":2,"seed":41,"numerosity":50,"matchType":"paired","which":"first","trial_type":"numerosity-estimation","trial_index":53,"time_elapsed":492153,"subject_id":"77475"},{"rt":3733,"stimulus":41,"slider_start":100,"sprites":"bears","response":40,"absDeviation":10,"callibration":"test","block":2,"seed":41,"numerosity":50,"matchType":"paired","which":"second","trial_type":"numerosity-estimation","trial_index":54,"time_elapsed":495896,"subject_id":"77475"},{"rt":3190,"stimulus":43,"slider_start":100,"sprites":"jellyBeans","response":57,"absDeviation":7,"callibration":"test","block":2,"seed":43,"numerosity":64,"matchType":"unpaired","which":"first","trial_type":"numerosity-estimation","trial_index":55,"time_elapsed":499094,"subject_id":"77475"},{"rt":3074,"stimulus":44,"slider_start":100,"sprites":"marbles","response":62,"absDeviation":59,"callibration":"test","block":2,"seed":44,"numerosity":121,"matchType":"unpaired","which":"first","trial_type":"numerosity-estimation","trial_index":56,"time_elapsed":502171,"subject_id":"77475"},{"rt":2421,"stimulus":45,"slider_start":100,"sprites":"mints","response":83,"absDeviation":38,"callibration":"test","block":2,"seed":45,"numerosity":121,"matchType":"paired","which":"first","trial_type":"numerosity-estimation","trial_index":57,"time_elapsed":504596,"subject_id":"77475"},{"rt":3172,"stimulus":45,"slider_start":100,"sprites":"mints","response":87,"absDeviation":34,"callibration":"test","block":2,"seed":45,"numerosity":121,"matchType":"paired","which":"second","trial_type":"numerosity-estimation","trial_index":58,"time_elapsed":507771,"subject_id":"77475"},{"rt":2650,"stimulus":47,"slider_start":100,"sprites":"buttons","response":92,"absDeviation":29,"callibration":"test","block":2,"seed":47,"numerosity":121,"matchType":"unpaired","which":"first","trial_type":"numerosity-estimation","trial_index":59,"time_elapsed":510424,"subject_id":"77475"},{"rt":2642,"stimulus":48,"slider_start":100,"sprites":"animalCrackers","response":98,"absDeviation":37,"callibration":"test","block":2,"seed":48,"numerosity":135,"matchType":"unpaired","which":"first","trial_type":"numerosity-estimation","trial_index":60,"time_elapsed":513069,"subject_id":"77475"},{"rt":2467,"stimulus":"<p> For the last block of trials, the average deviation of your guesses from correct answers was 31.</p>\n     <p>The smaller the deviation the better.  Your deviation was <b> good</b>.</p><br>\n       <p>Press any key to continue to the next block of trials</p>","response":" ","trial_type":"html-keyboard-response","trial_index":61,"time_elapsed":515538,"subject_id":"77475"},{"rt":3288,"stimulus":49,"slider_start":100,"sprites":"letters","response":79,"absDeviation":1,"callibration":"test","block":3,"seed":49,"numerosity":78,"matchType":"paired","which":"first","trial_type":"numerosity-estimation","trial_index":62,"time_elapsed":518830,"subject_id":"77475"},{"rt":3741,"stimulus":49,"slider_start":100,"sprites":"letters","response":73,"absDeviation":5,"callibration":"test","block":3,"seed":49,"numerosity":78,"matchType":"paired","which":"second","trial_type":"numerosity-estimation","trial_index":63,"time_elapsed":522574,"subject_id":"77475"},{"rt":3142,"stimulus":51,"slider_start":100,"sprites":"hearts","response":92,"absDeviation":58,"callibration":"test","block":3,"seed":51,"numerosity":150,"matchType":"unpaired","which":"first","trial_type":"numerosity-estimation","trial_index":64,"time_elapsed":525731,"subject_id":"77475"},{"rt":2921,"stimulus":52,"slider_start":100,"sprites":"crackers","response":86,"absDeviation":8,"callibration":"test","block":3,"seed":52,"numerosity":78,"matchType":"unpaired","which":"first","trial_type":"numerosity-estimation","trial_index":65,"time_elapsed":528655,"subject_id":"77475"},{"rt":3102,"stimulus":53,"slider_start":100,"sprites":"bears","response":65,"absDeviation":15,"callibration":"test","block":3,"seed":53,"numerosity":50,"matchType":"paired","which":"first","trial_type":"numerosity-estimation","trial_index":66,"time_elapsed":531761,"subject_id":"77475"},{"rt":3848,"stimulus":53,"slider_start":100,"sprites":"bears","response":37,"absDeviation":13,"callibration":"test","block":3,"seed":53,"numerosity":50,"matchType":"paired","which":"second","trial_type":"numerosity-estimation","trial_index":67,"time_elapsed":535613,"subject_id":"77475"},{"rt":2680,"stimulus":55,"slider_start":100,"sprites":"jellyBeans","response":97,"absDeviation":24,"callibration":"test","block":3,"seed":55,"numerosity":121,"matchType":"unpaired","which":"first","trial_type":"numerosity-estimation","trial_index":68,"time_elapsed":538306,"subject_id":"77475"},{"rt":4602,"stimulus":56,"slider_start":100,"sprites":"marbles","response":57,"absDeviation":7,"callibration":"test","block":3,"seed":56,"numerosity":64,"matchType":"unpaired","which":"first","trial_type":"numerosity-estimation","trial_index":69,"time_elapsed":542912,"subject_id":"77475"},{"rt":3123,"stimulus":57,"slider_start":100,"sprites":"mints","response":72,"absDeviation":8,"callibration":"test","block":3,"seed":57,"numerosity":64,"matchType":"paired","which":"first","trial_type":"numerosity-estimation","trial_index":70,"time_elapsed":546046,"subject_id":"77475"},{"rt":2591,"stimulus":57,"slider_start":100,"sprites":"mints","response":74,"absDeviation":10,"callibration":"test","block":3,"seed":57,"numerosity":64,"matchType":"paired","which":"second","trial_type":"numerosity-estimation","trial_index":71,"time_elapsed":548644,"subject_id":"77475"},{"rt":3405,"stimulus":59,"slider_start":100,"sprites":"buttons","response":87,"absDeviation":48,"callibration":"test","block":3,"seed":59,"numerosity":135,"matchType":"unpaired","which":"first","trial_type":"numerosity-estimation","trial_index":72,"time_elapsed":552053,"subject_id":"77475"},{"rt":2296,"stimulus":60,"slider_start":100,"sprites":"animalCrackers","response":99,"absDeviation":51,"callibration":"test","block":3,"seed":60,"numerosity":150,"matchType":"unpaired","which":"first","trial_type":"numerosity-estimation","trial_index":73,"time_elapsed":554363,"subject_id":"77475"},{"rt":8339,"stimulus":61,"slider_start":100,"sprites":"letters","response":42,"absDeviation":8,"callibration":"test","block":3,"seed":61,"numerosity":50,"matchType":"paired","which":"first","trial_type":"numerosity-estimation","trial_index":74,"time_elapsed":562706,"subject_id":"77475"},{"rt":5555,"stimulus":61,"slider_start":100,"sprites":"letters","response":62,"absDeviation":12,"callibration":"test","block":3,"seed":61,"numerosity":50,"matchType":"paired","which":"second","trial_type":"numerosity-estimation","trial_index":75,"time_elapsed":568269,"subject_id":"77475"},{"rt":3506,"stimulus":63,"slider_start":100,"sprites":"hearts","response":69,"absDeviation":5,"callibration":"test","block":3,"seed":63,"numerosity":64,"matchType":"unpaired","which":"first","trial_type":"numerosity-estimation","trial_index":76,"time_elapsed":571780,"subject_id":"77475"},{"rt":2348,"stimulus":64,"slider_start":100,"sprites":"crackers","response":94,"absDeviation":41,"callibration":"test","block":3,"seed":64,"numerosity":135,"matchType":"unpaired","which":"first","trial_type":"numerosity-estimation","trial_index":77,"time_elapsed":574132,"subject_id":"77475"},{"rt":149480,"stimulus":"<p> For the last block of trials, the average deviation of your guesses from correct answers was 20.</p>\n     <p>The smaller the deviation the better.  Your deviation was <b> VERY good</b>.</p><br>\n       <p>Press any key to continue to the next block of trials</p>","response":" ","trial_type":"html-keyboard-response","trial_index":78,"time_elapsed":723613,"subject_id":"77475"},{"rt":4361,"stimulus":65,"slider_start":100,"sprites":"bears","response":79,"absDeviation":28,"callibration":"test","block":4,"seed":65,"numerosity":107,"matchType":"paired","which":"first","trial_type":"numerosity-estimation","trial_index":79,"time_elapsed":727984,"subject_id":"77475"},{"rt":2484,"stimulus":65,"slider_start":100,"sprites":"bears","response":86,"absDeviation":21,"callibration":"test","block":4,"seed":65,"numerosity":107,"matchType":"paired","which":"second","trial_type":"numerosity-estimation","trial_index":80,"time_elapsed":730478,"subject_id":"77475"},{"rt":2793,"stimulus":67,"slider_start":100,"sprites":"jellyBeans","response":90,"absDeviation":17,"callibration":"test","block":4,"seed":67,"numerosity":107,"matchType":"unpaired","which":"first","trial_type":"numerosity-estimation","trial_index":81,"time_elapsed":733277,"subject_id":"77475"},{"rt":2437,"stimulus":68,"slider_start":100,"sprites":"marbles","response":73,"absDeviation":77,"callibration":"test","block":4,"seed":68,"numerosity":150,"matchType":"unpaired","which":"first","trial_type":"numerosity-estimation","trial_index":82,"time_elapsed":735719,"subject_id":"77475"},{"rt":2501,"stimulus":69,"slider_start":100,"sprites":"mints","response":81,"absDeviation":40,"callibration":"test","block":4,"seed":69,"numerosity":121,"matchType":"paired","which":"first","trial_type":"numerosity-estimation","trial_index":83,"time_elapsed":738225,"subject_id":"77475"},{"rt":2683,"stimulus":69,"slider_start":100,"sprites":"mints","response":86,"absDeviation":35,"callibration":"test","block":4,"seed":69,"numerosity":121,"matchType":"paired","which":"second","trial_type":"numerosity-estimation","trial_index":84,"time_elapsed":740910,"subject_id":"77475"},{"rt":3116,"stimulus":71,"slider_start":100,"sprites":"buttons","response":69,"absDeviation":38,"callibration":"test","block":4,"seed":71,"numerosity":107,"matchType":"unpaired","which":"first","trial_type":"numerosity-estimation","trial_index":85,"time_elapsed":744031,"subject_id":"77475"},{"rt":2858,"stimulus":72,"slider_start":100,"sprites":"animalCrackers","response":38,"absDeviation":12,"callibration":"test","block":4,"seed":72,"numerosity":50,"matchType":"unpaired","which":"first","trial_type":"numerosity-estimation","trial_index":86,"time_elapsed":746900,"subject_id":"77475"},{"rt":3779,"stimulus":73,"slider_start":100,"sprites":"letters","response":60,"absDeviation":18,"callibration":"test","block":4,"seed":73,"numerosity":78,"matchType":"paired","which":"first","trial_type":"numerosity-estimation","trial_index":87,"time_elapsed":750684,"subject_id":"77475"},{"rt":2994,"stimulus":73,"slider_start":100,"sprites":"letters","response":60,"absDeviation":18,"callibration":"test","block":4,"seed":73,"numerosity":78,"matchType":"paired","which":"second","trial_type":"numerosity-estimation","trial_index":88,"time_elapsed":753680,"subject_id":"77475"},{"rt":4147,"stimulus":75,"slider_start":100,"sprites":"hearts","response":72,"absDeviation":20,"callibration":"test","block":4,"seed":75,"numerosity":92,"matchType":"unpaired","which":"first","trial_type":"numerosity-estimation","trial_index":89,"time_elapsed":757830,"subject_id":"77475"},{"rt":4563,"stimulus":76,"slider_start":100,"sprites":"crackers","response":51,"absDeviation":13,"callibration":"test","block":4,"seed":76,"numerosity":64,"matchType":"unpaired","which":"first","trial_type":"numerosity-estimation","trial_index":90,"time_elapsed":762397,"subject_id":"77475"},{"rt":4556,"stimulus":77,"slider_start":100,"sprites":"bears","response":78,"absDeviation":57,"callibration":"test","block":4,"seed":77,"numerosity":135,"matchType":"paired","which":"first","trial_type":"numerosity-estimation","trial_index":91,"time_elapsed":766968,"subject_id":"77475"},{"rt":2648,"stimulus":77,"slider_start":100,"sprites":"bears","response":85,"absDeviation":50,"callibration":"test","block":4,"seed":77,"numerosity":135,"matchType":"paired","which":"second","trial_type":"numerosity-estimation","trial_index":92,"time_elapsed":769619,"subject_id":"77475"},{"rt":2560,"stimulus":79,"slider_start":100,"sprites":"jellyBeans","response":35,"absDeviation":15,"callibration":"test","block":4,"seed":79,"numerosity":50,"matchType":"unpaired","which":"first","trial_type":"numerosity-estimation","trial_index":93,"time_elapsed":772183,"subject_id":"77475"},{"rt":5630,"stimulus":80,"slider_start":100,"sprites":"marbles","response":70,"absDeviation":51,"callibration":"test","block":4,"seed":80,"numerosity":121,"matchType":"unpaired","which":"first","trial_type":"numerosity-estimation","trial_index":94,"time_elapsed":777816,"subject_id":"77475"},{"rt":2278,"stimulus":"<p> For the last block of trials, the average deviation of your guesses from correct answers was 32.</p>\n     <p>The smaller the deviation the better.  Your deviation was <b> good</b>.</p><br>\n       <p>Press any key to continue to the next block of trials</p>","response":" ","trial_type":"html-keyboard-response","trial_index":95,"time_elapsed":780109,"subject_id":"77475"},{"rt":4627,"stimulus":81,"slider_start":100,"sprites":"mints","response":93,"absDeviation":28,"callibration":"test","block":5,"seed":81,"numerosity":121,"matchType":"paired","which":"first","trial_type":"numerosity-estimation","trial_index":96,"time_elapsed":784745,"subject_id":"77475"},{"rt":2609,"stimulus":81,"slider_start":100,"sprites":"mints","response":97,"absDeviation":24,"callibration":"test","block":5,"seed":81,"numerosity":121,"matchType":"paired","which":"second","trial_type":"numerosity-estimation","trial_index":97,"time_elapsed":787367,"subject_id":"77475"},{"rt":2918,"stimulus":83,"slider_start":100,"sprites":"buttons","response":93,"absDeviation":28,"callibration":"test","block":5,"seed":83,"numerosity":121,"matchType":"unpaired","which":"first","trial_type":"numerosity-estimation","trial_index":98,"time_elapsed":790288,"subject_id":"77475"},{"rt":3395,"stimulus":84,"slider_start":100,"sprites":"animalCrackers","response":38,"absDeviation":12,"callibration":"test","block":5,"seed":84,"numerosity":50,"matchType":"unpaired","which":"first","trial_type":"numerosity-estimation","trial_index":99,"time_elapsed":793690,"subject_id":"77475"},{"rt":2843,"stimulus":85,"slider_start":100,"sprites":"letters","response":54,"absDeviation":10,"callibration":"test","block":5,"seed":85,"numerosity":64,"matchType":"paired","which":"first","trial_type":"numerosity-estimation","trial_index":100,"time_elapsed":796537,"subject_id":"77475"},{"rt":3538,"stimulus":85,"slider_start":100,"sprites":"letters","response":62,"absDeviation":2,"callibration":"test","block":5,"seed":85,"numerosity":64,"matchType":"paired","which":"second","trial_type":"numerosity-estimation","trial_index":101,"time_elapsed":800079,"subject_id":"77475"},{"rt":3520,"stimulus":87,"slider_start":100,"sprites":"hearts","response":60,"absDeviation":10,"callibration":"test","block":5,"seed":87,"numerosity":50,"matchType":"unpaired","which":"first","trial_type":"numerosity-estimation","trial_index":102,"time_elapsed":803602,"subject_id":"77475"},{"rt":2264,"stimulus":88,"slider_start":100,"sprites":"crackers","response":94,"absDeviation":41,"callibration":"test","block":5,"seed":88,"numerosity":135,"matchType":"unpaired","which":"first","trial_type":"numerosity-estimation","trial_index":103,"time_elapsed":805871,"subject_id":"77475"},{"rt":2012,"stimulus":89,"slider_start":100,"sprites":"bears","response":43,"absDeviation":7,"callibration":"test","block":5,"seed":89,"numerosity":50,"matchType":"paired","which":"first","trial_type":"numerosity-estimation","trial_index":104,"time_elapsed":807890,"subject_id":"77475"},{"rt":2756,"stimulus":89,"slider_start":100,"sprites":"bears","response":52,"absDeviation":2,"callibration":"test","block":5,"seed":89,"numerosity":50,"matchType":"paired","which":"second","trial_type":"numerosity-estimation","trial_index":105,"time_elapsed":810650,"subject_id":"77475"},{"rt":3902,"stimulus":91,"slider_start":100,"sprites":"jellyBeans","response":65,"absDeviation":27,"callibration":"test","block":5,"seed":91,"numerosity":92,"matchType":"unpaired","which":"first","trial_type":"numerosity-estimation","trial_index":106,"time_elapsed":814556,"subject_id":"77475"},{"rt":2539,"stimulus":92,"slider_start":100,"sprites":"marbles","response":74,"absDeviation":47,"callibration":"test","block":5,"seed":92,"numerosity":121,"matchType":"unpaired","which":"first","trial_type":"numerosity-estimation","trial_index":107,"time_elapsed":817110,"subject_id":"77475"},{"rt":4236,"stimulus":93,"slider_start":100,"sprites":"mints","response":75,"absDeviation":3,"callibration":"test","block":5,"seed":93,"numerosity":78,"matchType":"paired","which":"first","trial_type":"numerosity-estimation","trial_index":108,"time_elapsed":821350,"subject_id":"77475"},{"rt":2748,"stimulus":93,"slider_start":100,"sprites":"mints","response":80,"absDeviation":2,"callibration":"test","block":5,"seed":93,"numerosity":78,"matchType":"paired","which":"second","trial_type":"numerosity-estimation","trial_index":109,"time_elapsed":824102,"subject_id":"77475"},{"rt":3088,"stimulus":95,"slider_start":100,"sprites":"buttons","response":70,"absDeviation":6,"callibration":"test","block":5,"seed":95,"numerosity":64,"matchType":"unpaired","which":"first","trial_type":"numerosity-estimation","trial_index":110,"time_elapsed":827194,"subject_id":"77475"},{"rt":2722,"stimulus":96,"slider_start":100,"sprites":"animalCrackers","response":94,"absDeviation":2,"callibration":"test","block":5,"seed":96,"numerosity":92,"matchType":"unpaired","which":"first","trial_type":"numerosity-estimation","trial_index":111,"time_elapsed":829928,"subject_id":"77475"},{"rt":89810,"stimulus":"<p> For the last block of trials, the average deviation of your guesses from correct answers was 16.</p>\n     <p>The smaller the deviation the better.  Your deviation was <b> VERY good</b>.</p><br>\n       <p>Press any key to continue to the next block of trials</p>","response":" ","trial_type":"html-keyboard-response","trial_index":112,"time_elapsed":919741,"subject_id":"77475"},{"rt":3315,"stimulus":2,"slider_start":100,"sprites":"butterflies","response":89,"absDeviation":46,"callibration":"test","block":6,"seed":2,"numerosity":135,"matchType":"paired","which":"first","trial_type":"numerosity-estimation","trial_index":113,"time_elapsed":923064,"subject_id":"77475"},{"rt":2039,"stimulus":2,"slider_start":100,"sprites":"butterflies","response":80,"absDeviation":55,"callibration":"test","block":6,"seed":2,"numerosity":135,"matchType":"paired","which":"second","trial_type":"numerosity-estimation","trial_index":114,"time_elapsed":925107,"subject_id":"77475"},{"rt":3350,"stimulus":3,"slider_start":100,"sprites":"hearts","response":43,"absDeviation":7,"callibration":"test","block":6,"seed":3,"numerosity":50,"matchType":"unpaired","which":"second","trial_type":"numerosity-estimation","trial_index":115,"time_elapsed":928461,"subject_id":"77475"},{"rt":3097,"stimulus":4,"slider_start":100,"sprites":"crackers","response":86,"absDeviation":21,"callibration":"test","block":6,"seed":4,"numerosity":107,"matchType":"unpaired","which":"second","trial_type":"numerosity-estimation","trial_index":116,"time_elapsed":931562,"subject_id":"77475"},{"rt":3511,"stimulus":6,"slider_start":100,"sprites":"fruits","response":64,"absDeviation":14,"callibration":"test","block":6,"seed":6,"numerosity":78,"matchType":"paired","which":"first","trial_type":"numerosity-estimation","trial_index":117,"time_elapsed":935086,"subject_id":"77475"},{"rt":2843,"stimulus":6,"slider_start":100,"sprites":"fruits","response":59,"absDeviation":19,"callibration":"test","block":6,"seed":6,"numerosity":78,"matchType":"paired","which":"second","trial_type":"numerosity-estimation","trial_index":118,"time_elapsed":937934,"subject_id":"77475"},{"rt":3990,"stimulus":7,"slider_start":100,"sprites":"jellyBeans","response":40,"absDeviation":10,"callibration":"test","block":6,"seed":7,"numerosity":50,"matchType":"unpaired","which":"second","trial_type":"numerosity-estimation","trial_index":119,"time_elapsed":941931,"subject_id":"77475"},{"rt":2486,"stimulus":8,"slider_start":100,"sprites":"marbles","response":69,"absDeviation":23,"callibration":"test","block":6,"seed":8,"numerosity":92,"matchType":"unpaired","which":"second","trial_type":"numerosity-estimation","trial_index":120,"time_elapsed":944421,"subject_id":"77475"},{"rt":3159,"stimulus":10,"slider_start":100,"sprites":"rocks","response":46,"absDeviation":4,"callibration":"test","block":6,"seed":10,"numerosity":50,"matchType":"paired","which":"first","trial_type":"numerosity-estimation","trial_index":121,"time_elapsed":947596,"subject_id":"77475"},{"rt":2433,"stimulus":10,"slider_start":100,"sprites":"rocks","response":62,"absDeviation":12,"callibration":"test","block":6,"seed":10,"numerosity":50,"matchType":"paired","which":"second","trial_type":"numerosity-estimation","trial_index":122,"time_elapsed":950043,"subject_id":"77475"},{"rt":2560,"stimulus":11,"slider_start":100,"sprites":"buttons","response":86,"absDeviation":21,"callibration":"test","block":6,"seed":11,"numerosity":107,"matchType":"unpaired","which":"second","trial_type":"numerosity-estimation","trial_index":123,"time_elapsed":952608,"subject_id":"77475"},{"rt":3454,"stimulus":12,"slider_start":100,"sprites":"animalCrackers","response":81,"absDeviation":11,"callibration":"test","block":6,"seed":12,"numerosity":92,"matchType":"unpaired","which":"second","trial_type":"numerosity-estimation","trial_index":124,"time_elapsed":956066,"subject_id":"77475"},{"rt":2223,"stimulus":14,"slider_start":100,"sprites":"butterflies","response":82,"absDeviation":68,"callibration":"test","block":6,"seed":14,"numerosity":150,"matchType":"paired","which":"first","trial_type":"numerosity-estimation","trial_index":125,"time_elapsed":958295,"subject_id":"77475"},{"rt":2821,"stimulus":14,"slider_start":100,"sprites":"butterflies","response":79,"absDeviation":71,"callibration":"test","block":6,"seed":14,"numerosity":150,"matchType":"paired","which":"second","trial_type":"numerosity-estimation","trial_index":126,"time_elapsed":961119,"subject_id":"77475"},{"rt":3482,"stimulus":15,"slider_start":100,"sprites":"hearts","response":91,"absDeviation":30,"callibration":"test","block":6,"seed":15,"numerosity":121,"matchType":"unpaired","which":"second","trial_type":"numerosity-estimation","trial_index":127,"time_elapsed":964604,"subject_id":"77475"},{"rt":3564,"stimulus":16,"slider_start":100,"sprites":"crackers","response":69,"absDeviation":5,"callibration":"test","block":6,"seed":16,"numerosity":64,"matchType":"unpaired","which":"second","trial_type":"numerosity-estimation","trial_index":128,"time_elapsed":968175,"subject_id":"77475"},{"rt":1993,"stimulus":"<p> For the last block of trials, the average deviation of your guesses from correct answers was 26.</p>\n     <p>The smaller the deviation the better.  Your deviation was <b> good</b>.</p><br>\n       <p>Press any key to continue to the next block of trials</p>","response":" ","trial_type":"html-keyboard-response","trial_index":129,"time_elapsed":970169,"subject_id":"77475"},{"rt":3483,"stimulus":18,"slider_start":100,"sprites":"fruits","response":77,"absDeviation":30,"callibration":"test","block":7,"seed":18,"numerosity":107,"matchType":"paired","which":"first","trial_type":"numerosity-estimation","trial_index":130,"time_elapsed":973659,"subject_id":"77475"},{"rt":2051,"stimulus":18,"slider_start":100,"sprites":"fruits","response":82,"absDeviation":25,"callibration":"test","block":7,"seed":18,"numerosity":107,"matchType":"paired","which":"second","trial_type":"numerosity-estimation","trial_index":131,"time_elapsed":975718,"subject_id":"77475"},{"rt":2934,"stimulus":19,"slider_start":100,"sprites":"jellyBeans","response":82,"absDeviation":53,"callibration":"test","block":7,"seed":19,"numerosity":135,"matchType":"unpaired","which":"second","trial_type":"numerosity-estimation","trial_index":132,"time_elapsed":978655,"subject_id":"77475"},{"rt":2557,"stimulus":20,"slider_start":100,"sprites":"marbles","response":59,"absDeviation":19,"callibration":"test","block":7,"seed":20,"numerosity":78,"matchType":"unpaired","which":"second","trial_type":"numerosity-estimation","trial_index":133,"time_elapsed":981227,"subject_id":"77475"},{"rt":2369,"stimulus":22,"slider_start":100,"sprites":"rocks","response":85,"absDeviation":7,"callibration":"test","block":7,"seed":22,"numerosity":92,"matchType":"paired","which":"first","trial_type":"numerosity-estimation","trial_index":134,"time_elapsed":983611,"subject_id":"77475"},{"rt":2678,"stimulus":22,"slider_start":100,"sprites":"rocks","response":90,"absDeviation":2,"callibration":"test","block":7,"seed":22,"numerosity":92,"matchType":"paired","which":"second","trial_type":"numerosity-estimation","trial_index":135,"time_elapsed":986296,"subject_id":"77475"},{"rt":2369,"stimulus":23,"slider_start":100,"sprites":"buttons","response":95,"absDeviation":55,"callibration":"test","block":7,"seed":23,"numerosity":150,"matchType":"unpaired","which":"second","trial_type":"numerosity-estimation","trial_index":136,"time_elapsed":988672,"subject_id":"77475"},{"rt":2215,"stimulus":24,"slider_start":100,"sprites":"animalCrackers","response":78,"absDeviation":29,"callibration":"test","block":7,"seed":24,"numerosity":107,"matchType":"unpaired","which":"second","trial_type":"numerosity-estimation","trial_index":137,"time_elapsed":990894,"subject_id":"77475"},{"rt":2307,"stimulus":26,"slider_start":100,"sprites":"butterflies","response":64,"absDeviation":28,"callibration":"test","block":7,"seed":26,"numerosity":92,"matchType":"paired","which":"first","trial_type":"numerosity-estimation","trial_index":138,"time_elapsed":993205,"subject_id":"77475"},{"rt":2241,"stimulus":26,"slider_start":100,"sprites":"butterflies","response":71,"absDeviation":21,"callibration":"test","block":7,"seed":26,"numerosity":92,"matchType":"paired","which":"second","trial_type":"numerosity-estimation","trial_index":139,"time_elapsed":995451,"subject_id":"77475"},{"rt":2357,"stimulus":27,"slider_start":100,"sprites":"hearts","response":91,"absDeviation":30,"callibration":"test","block":7,"seed":27,"numerosity":121,"matchType":"unpaired","which":"second","trial_type":"numerosity-estimation","trial_index":140,"time_elapsed":997810,"subject_id":"77475"},{"rt":2585,"stimulus":28,"slider_start":100,"sprites":"crackers","response":100,"absDeviation":50,"callibration":"test","block":7,"seed":28,"numerosity":150,"matchType":"unpaired","which":"second","trial_type":"numerosity-estimation","trial_index":141,"time_elapsed":1000399,"subject_id":"77475"},{"rt":2413,"stimulus":30,"slider_start":100,"sprites":"fruits","response":80,"absDeviation":27,"callibration":"test","block":7,"seed":30,"numerosity":107,"matchType":"paired","which":"first","trial_type":"numerosity-estimation","trial_index":142,"time_elapsed":1002815,"subject_id":"77475"},{"rt":3633,"stimulus":30,"slider_start":100,"sprites":"fruits","response":84,"absDeviation":23,"callibration":"test","block":7,"seed":30,"numerosity":107,"matchType":"paired","which":"second","trial_type":"numerosity-estimation","trial_index":143,"time_elapsed":1006452,"subject_id":"77475"},{"rt":2939,"stimulus":31,"slider_start":100,"sprites":"jellyBeans","response":94,"absDeviation":56,"callibration":"test","block":7,"seed":31,"numerosity":150,"matchType":"unpaired","which":"second","trial_type":"numerosity-estimation","trial_index":144,"time_elapsed":1009398,"subject_id":"77475"},{"rt":2102,"stimulus":32,"slider_start":100,"sprites":"marbles","response":69,"absDeviation":66,"callibration":"test","block":7,"seed":32,"numerosity":135,"matchType":"unpaired","which":"second","trial_type":"numerosity-estimation","trial_index":145,"time_elapsed":1011513,"subject_id":"77475"},{"rt":85362,"stimulus":"<p> For the last block of trials, the average deviation of your guesses from correct answers was 33.</p>\n     <p>The smaller the deviation the better.  Your deviation was <b> good</b>.</p><br>\n       <p>Press any key to continue to the next block of trials</p>","response":" ","trial_type":"html-keyboard-response","trial_index":146,"time_elapsed":1096877,"subject_id":"77475"},{"rt":4504,"stimulus":34,"slider_start":100,"sprites":"rocks","response":50,"absDeviation":0,"callibration":"test","block":8,"seed":34,"numerosity":50,"matchType":"paired","which":"first","trial_type":"numerosity-estimation","trial_index":147,"time_elapsed":1101406,"subject_id":"77475"},{"rt":2351,"stimulus":34,"slider_start":100,"sprites":"rocks","response":55,"absDeviation":5,"callibration":"test","block":8,"seed":34,"numerosity":50,"matchType":"paired","which":"second","trial_type":"numerosity-estimation","trial_index":148,"time_elapsed":1103759,"subject_id":"77475"},{"rt":2355,"stimulus":35,"slider_start":100,"sprites":"buttons","response":72,"absDeviation":6,"callibration":"test","block":8,"seed":35,"numerosity":78,"matchType":"unpaired","which":"second","trial_type":"numerosity-estimation","trial_index":149,"time_elapsed":1106118,"subject_id":"77475"},{"rt":2771,"stimulus":36,"slider_start":100,"sprites":"animalCrackers","response":36,"absDeviation":14,"callibration":"test","block":8,"seed":36,"numerosity":50,"matchType":"unpaired","which":"second","trial_type":"numerosity-estimation","trial_index":150,"time_elapsed":1108904,"subject_id":"77475"},{"rt":2304,"stimulus":38,"slider_start":100,"sprites":"butterflies","response":58,"absDeviation":20,"callibration":"test","block":8,"seed":38,"numerosity":78,"matchType":"paired","which":"first","trial_type":"numerosity-estimation","trial_index":151,"time_elapsed":1111221,"subject_id":"77475"},{"rt":2104,"stimulus":38,"slider_start":100,"sprites":"butterflies","response":63,"absDeviation":15,"callibration":"test","block":8,"seed":38,"numerosity":78,"matchType":"paired","which":"second","trial_type":"numerosity-estimation","trial_index":152,"time_elapsed":1113330,"subject_id":"77475"},{"rt":2639,"stimulus":39,"slider_start":100,"sprites":"hearts","response":66,"absDeviation":12,"callibration":"test","block":8,"seed":39,"numerosity":78,"matchType":"unpaired","which":"second","trial_type":"numerosity-estimation","trial_index":153,"time_elapsed":1115973,"subject_id":"77475"},{"rt":2063,"stimulus":40,"slider_start":100,"sprites":"crackers","response":92,"absDeviation":29,"callibration":"test","block":8,"seed":40,"numerosity":121,"matchType":"unpaired","which":"second","trial_type":"numerosity-estimation","trial_index":154,"time_elapsed":1118040,"subject_id":"77475"},{"rt":3137,"stimulus":42,"slider_start":100,"sprites":"fruits","response":80,"absDeviation":2,"callibration":"test","block":8,"seed":42,"numerosity":78,"matchType":"paired","which":"first","trial_type":"numerosity-estimation","trial_index":155,"time_elapsed":1121182,"subject_id":"77475"},{"rt":1882,"stimulus":42,"slider_start":100,"sprites":"fruits","response":84,"absDeviation":6,"callibration":"test","block":8,"seed":42,"numerosity":78,"matchType":"paired","which":"second","trial_type":"numerosity-estimation","trial_index":156,"time_elapsed":1123078,"subject_id":"77475"},{"rt":2843,"stimulus":43,"slider_start":100,"sprites":"jellyBeans","response":78,"absDeviation":14,"callibration":"test","block":8,"seed":43,"numerosity":64,"matchType":"unpaired","which":"second","trial_type":"numerosity-estimation","trial_index":157,"time_elapsed":1125926,"subject_id":"77475"},{"rt":2307,"stimulus":44,"slider_start":100,"sprites":"marbles","response":84,"absDeviation":37,"callibration":"test","block":8,"seed":44,"numerosity":121,"matchType":"unpaired","which":"second","trial_type":"numerosity-estimation","trial_index":158,"time_elapsed":1128237,"subject_id":"77475"},{"rt":1742,"stimulus":46,"slider_start":100,"sprites":"rocks","response":93,"absDeviation":14,"callibration":"test","block":8,"seed":46,"numerosity":107,"matchType":"paired","which":"first","trial_type":"numerosity-estimation","trial_index":159,"time_elapsed":1129987,"subject_id":"77475"},{"rt":2430,"stimulus":46,"slider_start":100,"sprites":"rocks","response":96,"absDeviation":11,"callibration":"test","block":8,"seed":46,"numerosity":107,"matchType":"paired","which":"second","trial_type":"numerosity-estimation","trial_index":160,"time_elapsed":1132420,"subject_id":"77475"},{"rt":2617,"stimulus":47,"slider_start":100,"sprites":"buttons","response":95,"absDeviation":26,"callibration":"test","block":8,"seed":47,"numerosity":121,"matchType":"unpaired","which":"second","trial_type":"numerosity-estimation","trial_index":161,"time_elapsed":1135040,"subject_id":"77475"},{"rt":2295,"stimulus":48,"slider_start":100,"sprites":"animalCrackers","response":95,"absDeviation":40,"callibration":"test","block":8,"seed":48,"numerosity":135,"matchType":"unpaired","which":"second","trial_type":"numerosity-estimation","trial_index":162,"time_elapsed":1137345,"subject_id":"77475"},{"rt":14515,"stimulus":"<p> For the last block of trials, the average deviation of your guesses from correct answers was 16.</p>\n     <p>The smaller the deviation the better.  Your deviation was <b> VERY good</b>.</p><br>\n       <p>Press any key to continue to the next block of trials</p>","response":" ","trial_type":"html-keyboard-response","trial_index":163,"time_elapsed":1151868,"subject_id":"77475"},{"rt":4015,"stimulus":50,"slider_start":100,"sprites":"butterflies","response":93,"absDeviation":57,"callibration":"test","block":9,"seed":50,"numerosity":150,"matchType":"paired","which":"first","trial_type":"numerosity-estimation","trial_index":164,"time_elapsed":1155892,"subject_id":"77475"},{"rt":1954,"stimulus":50,"slider_start":100,"sprites":"butterflies","response":94,"absDeviation":56,"callibration":"test","block":9,"seed":50,"numerosity":150,"matchType":"paired","which":"second","trial_type":"numerosity-estimation","trial_index":165,"time_elapsed":1157862,"subject_id":"77475"},{"rt":1843,"stimulus":51,"slider_start":100,"sprites":"hearts","response":94,"absDeviation":56,"callibration":"test","block":9,"seed":51,"numerosity":150,"matchType":"unpaired","which":"second","trial_type":"numerosity-estimation","trial_index":166,"time_elapsed":1159709,"subject_id":"77475"},{"rt":1854,"stimulus":52,"slider_start":100,"sprites":"crackers","response":74,"absDeviation":4,"callibration":"test","block":9,"seed":52,"numerosity":78,"matchType":"unpaired","which":"second","trial_type":"numerosity-estimation","trial_index":167,"time_elapsed":1161566,"subject_id":"77475"},{"rt":1997,"stimulus":54,"slider_start":100,"sprites":"fruits","response":76,"absDeviation":16,"callibration":"test","block":9,"seed":54,"numerosity":92,"matchType":"paired","which":"first","trial_type":"numerosity-estimation","trial_index":168,"time_elapsed":1163566,"subject_id":"77475"},{"rt":3747,"stimulus":54,"slider_start":100,"sprites":"fruits","response":79,"absDeviation":13,"callibration":"test","block":9,"seed":54,"numerosity":92,"matchType":"paired","which":"second","trial_type":"numerosity-estimation","trial_index":169,"time_elapsed":1167320,"subject_id":"77475"},{"rt":3017,"stimulus":55,"slider_start":100,"sprites":"jellyBeans","response":88,"absDeviation":33,"callibration":"test","block":9,"seed":55,"numerosity":121,"matchType":"unpaired","which":"second","trial_type":"numerosity-estimation","trial_index":170,"time_elapsed":1170346,"subject_id":"77475"},{"rt":2241,"stimulus":56,"slider_start":100,"sprites":"marbles","response":37,"absDeviation":27,"callibration":"test","block":9,"seed":56,"numerosity":64,"matchType":"unpaired","which":"second","trial_type":"numerosity-estimation","trial_index":171,"time_elapsed":1172591,"subject_id":"77475"},{"rt":3457,"stimulus":58,"slider_start":100,"sprites":"rocks","response":93,"absDeviation":28,"callibration":"test","block":9,"seed":58,"numerosity":121,"matchType":"paired","which":"first","trial_type":"numerosity-estimation","trial_index":172,"time_elapsed":1176051,"subject_id":"77475"},{"rt":2772,"stimulus":58,"slider_start":100,"sprites":"rocks","response":91,"absDeviation":30,"callibration":"test","block":9,"seed":58,"numerosity":121,"matchType":"paired","which":"second","trial_type":"numerosity-estimation","trial_index":173,"time_elapsed":1178827,"subject_id":"77475"},{"rt":2544,"stimulus":59,"slider_start":100,"sprites":"buttons","response":94,"absDeviation":41,"callibration":"test","block":9,"seed":59,"numerosity":135,"matchType":"unpaired","which":"second","trial_type":"numerosity-estimation","trial_index":174,"time_elapsed":1181383,"subject_id":"77475"},{"rt":2035,"stimulus":60,"slider_start":100,"sprites":"animalCrackers","response":93,"absDeviation":57,"callibration":"test","block":9,"seed":60,"numerosity":150,"matchType":"unpaired","which":"second","trial_type":"numerosity-estimation","trial_index":175,"time_elapsed":1183432,"subject_id":"77475"},{"rt":3244,"stimulus":62,"slider_start":100,"sprites":"butterflies","response":81,"absDeviation":54,"callibration":"test","block":9,"seed":62,"numerosity":135,"matchType":"paired","which":"first","trial_type":"numerosity-estimation","trial_index":176,"time_elapsed":1186680,"subject_id":"77475"},{"rt":2015,"stimulus":62,"slider_start":100,"sprites":"butterflies","response":83,"absDeviation":52,"callibration":"test","block":9,"seed":62,"numerosity":135,"matchType":"paired","which":"second","trial_type":"numerosity-estimation","trial_index":177,"time_elapsed":1188699,"subject_id":"77475"},{"rt":2698,"stimulus":63,"slider_start":100,"sprites":"hearts","response":60,"absDeviation":4,"callibration":"test","block":9,"seed":63,"numerosity":64,"matchType":"unpaired","which":"second","trial_type":"numerosity-estimation","trial_index":178,"time_elapsed":1191400,"subject_id":"77475"},{"rt":3929,"stimulus":64,"slider_start":100,"sprites":"crackers","response":94,"absDeviation":41,"callibration":"test","block":9,"seed":64,"numerosity":135,"matchType":"unpaired","which":"second","trial_type":"numerosity-estimation","trial_index":179,"time_elapsed":1195331,"subject_id":"77475"},{"rt":21195,"stimulus":"<p> For the last block of trials, the average deviation of your guesses from correct answers was 36.</p>\n     <p>The smaller the deviation the better.  Your deviation was <b> good</b>.</p><br>\n       <p>Press any key to continue to the next block of trials</p>","response":" ","trial_type":"html-keyboard-response","trial_index":180,"time_elapsed":1216528,"subject_id":"77475"},{"rt":2716,"stimulus":66,"slider_start":100,"sprites":"fruits","response":51,"absDeviation":13,"callibration":"test","block":10,"seed":66,"numerosity":64,"matchType":"paired","which":"first","trial_type":"numerosity-estimation","trial_index":181,"time_elapsed":1219252,"subject_id":"77475"},{"rt":2073,"stimulus":66,"slider_start":100,"sprites":"fruits","response":56,"absDeviation":8,"callibration":"test","block":10,"seed":66,"numerosity":64,"matchType":"paired","which":"second","trial_type":"numerosity-estimation","trial_index":182,"time_elapsed":1221329,"subject_id":"77475"},{"rt":3360,"stimulus":67,"slider_start":100,"sprites":"jellyBeans","response":54,"absDeviation":53,"callibration":"test","block":10,"seed":67,"numerosity":107,"matchType":"unpaired","which":"second","trial_type":"numerosity-estimation","trial_index":183,"time_elapsed":1224704,"subject_id":"77475"},{"rt":2236,"stimulus":68,"slider_start":100,"sprites":"marbles","response":72,"absDeviation":78,"callibration":"test","block":10,"seed":68,"numerosity":150,"matchType":"unpaired","which":"second","trial_type":"numerosity-estimation","trial_index":184,"time_elapsed":1226945,"subject_id":"77475"},{"rt":2183,"stimulus":70,"slider_start":100,"sprites":"rocks","response":70,"absDeviation":22,"callibration":"test","block":10,"seed":70,"numerosity":92,"matchType":"paired","which":"first","trial_type":"numerosity-estimation","trial_index":185,"time_elapsed":1229132,"subject_id":"77475"},{"rt":3071,"stimulus":70,"slider_start":100,"sprites":"rocks","response":76,"absDeviation":16,"callibration":"test","block":10,"seed":70,"numerosity":92,"matchType":"paired","which":"second","trial_type":"numerosity-estimation","trial_index":186,"time_elapsed":1232208,"subject_id":"77475"},{"rt":3464,"stimulus":71,"slider_start":100,"sprites":"buttons","response":87,"absDeviation":20,"callibration":"test","block":10,"seed":71,"numerosity":107,"matchType":"unpaired","which":"second","trial_type":"numerosity-estimation","trial_index":187,"time_elapsed":1235675,"subject_id":"77475"},{"rt":2279,"stimulus":72,"slider_start":100,"sprites":"animalCrackers","response":32,"absDeviation":18,"callibration":"test","block":10,"seed":72,"numerosity":50,"matchType":"unpaired","which":"second","trial_type":"numerosity-estimation","trial_index":188,"time_elapsed":1237962,"subject_id":"77475"},{"rt":2195,"stimulus":74,"slider_start":100,"sprites":"butterflies","response":42,"absDeviation":22,"callibration":"test","block":10,"seed":74,"numerosity":64,"matchType":"paired","which":"first","trial_type":"numerosity-estimation","trial_index":189,"time_elapsed":1240160,"subject_id":"77475"},{"rt":2358,"stimulus":74,"slider_start":100,"sprites":"butterflies","response":43,"absDeviation":21,"callibration":"test","block":10,"seed":74,"numerosity":64,"matchType":"paired","which":"second","trial_type":"numerosity-estimation","trial_index":190,"time_elapsed":1242522,"subject_id":"77475"},{"rt":2463,"stimulus":75,"slider_start":100,"sprites":"hearts","response":85,"absDeviation":7,"callibration":"test","block":10,"seed":75,"numerosity":92,"matchType":"unpaired","which":"second","trial_type":"numerosity-estimation","trial_index":191,"time_elapsed":1244993,"subject_id":"77475"},{"rt":2235,"stimulus":76,"slider_start":100,"sprites":"crackers","response":61,"absDeviation":3,"callibration":"test","block":10,"seed":76,"numerosity":64,"matchType":"unpaired","which":"second","trial_type":"numerosity-estimation","trial_index":192,"time_elapsed":1247231,"subject_id":"77475"},{"rt":1848,"stimulus":78,"slider_start":100,"sprites":"fruits","response":66,"absDeviation":2,"callibration":"test","block":10,"seed":78,"numerosity":64,"matchType":"paired","which":"first","trial_type":"numerosity-estimation","trial_index":193,"time_elapsed":1249095,"subject_id":"77475"},{"rt":3439,"stimulus":78,"slider_start":100,"sprites":"fruits","response":56,"absDeviation":8,"callibration":"test","block":10,"seed":78,"numerosity":64,"matchType":"paired","which":"second","trial_type":"numerosity-estimation","trial_index":194,"time_elapsed":1252538,"subject_id":"77475"},{"rt":3217,"stimulus":79,"slider_start":100,"sprites":"jellyBeans","response":45,"absDeviation":5,"callibration":"test","block":10,"seed":79,"numerosity":50,"matchType":"unpaired","which":"second","trial_type":"numerosity-estimation","trial_index":195,"time_elapsed":1255768,"subject_id":"77475"},{"rt":3158,"stimulus":80,"slider_start":100,"sprites":"marbles","response":87,"absDeviation":34,"callibration":"test","block":10,"seed":80,"numerosity":121,"matchType":"unpaired","which":"second","trial_type":"numerosity-estimation","trial_index":196,"time_elapsed":1258934,"subject_id":"77475"},{"rt":3408,"stimulus":"<p> For the last block of trials, the average deviation of your guesses from correct answers was 21.</p>\n     <p>The smaller the deviation the better.  Your deviation was <b> VERY good</b>.</p><br>\n       <p>Press any key to continue to the next block of trials</p>","response":" ","trial_type":"html-keyboard-response","trial_index":197,"time_elapsed":1262344,"subject_id":"77475"},{"rt":4727,"stimulus":82,"slider_start":100,"sprites":"rocks","response":76,"absDeviation":12,"callibration":"test","block":11,"seed":82,"numerosity":64,"matchType":"paired","which":"first","trial_type":"numerosity-estimation","trial_index":198,"time_elapsed":1267080,"subject_id":"77475"},{"rt":3523,"stimulus":82,"slider_start":100,"sprites":"rocks","response":67,"absDeviation":3,"callibration":"test","block":11,"seed":82,"numerosity":64,"matchType":"paired","which":"second","trial_type":"numerosity-estimation","trial_index":199,"time_elapsed":1270611,"subject_id":"77475"},{"rt":2761,"stimulus":83,"slider_start":100,"sprites":"buttons","response":93,"absDeviation":28,"callibration":"test","block":11,"seed":83,"numerosity":121,"matchType":"unpaired","which":"second","trial_type":"numerosity-estimation","trial_index":200,"time_elapsed":1273379,"subject_id":"77475"},{"rt":2217,"stimulus":84,"slider_start":100,"sprites":"animalCrackers","response":63,"absDeviation":13,"callibration":"test","block":11,"seed":84,"numerosity":50,"matchType":"unpaired","which":"second","trial_type":"numerosity-estimation","trial_index":201,"time_elapsed":1275600,"subject_id":"77475"},{"rt":1959,"stimulus":86,"slider_start":100,"sprites":"butterflies","response":78,"absDeviation":43,"callibration":"test","block":11,"seed":86,"numerosity":121,"matchType":"paired","which":"first","trial_type":"numerosity-estimation","trial_index":202,"time_elapsed":1277569,"subject_id":"77475"},{"rt":2911,"stimulus":86,"slider_start":100,"sprites":"butterflies","response":80,"absDeviation":41,"callibration":"test","block":11,"seed":86,"numerosity":121,"matchType":"paired","which":"second","trial_type":"numerosity-estimation","trial_index":203,"time_elapsed":1280484,"subject_id":"77475"},{"rt":1745,"stimulus":87,"slider_start":100,"sprites":"hearts","response":78,"absDeviation":28,"callibration":"test","block":11,"seed":87,"numerosity":50,"matchType":"unpaired","which":"second","trial_type":"numerosity-estimation","trial_index":204,"time_elapsed":1282241,"subject_id":"77475"},{"rt":2202,"stimulus":88,"slider_start":100,"sprites":"crackers","response":93,"absDeviation":42,"callibration":"test","block":11,"seed":88,"numerosity":135,"matchType":"unpaired","which":"second","trial_type":"numerosity-estimation","trial_index":205,"time_elapsed":1284446,"subject_id":"77475"},{"rt":2684,"stimulus":90,"slider_start":100,"sprites":"fruits","response":90,"absDeviation":60,"callibration":"test","block":11,"seed":90,"numerosity":150,"matchType":"paired","which":"first","trial_type":"numerosity-estimation","trial_index":206,"time_elapsed":1287133,"subject_id":"77475"},{"rt":1875,"stimulus":90,"slider_start":100,"sprites":"fruits","response":92,"absDeviation":58,"callibration":"test","block":11,"seed":90,"numerosity":150,"matchType":"paired","which":"second","trial_type":"numerosity-estimation","trial_index":207,"time_elapsed":1289019,"subject_id":"77475"},{"rt":2518,"stimulus":91,"slider_start":100,"sprites":"jellyBeans","response":79,"absDeviation":13,"callibration":"test","block":11,"seed":91,"numerosity":92,"matchType":"unpaired","which":"second","trial_type":"numerosity-estimation","trial_index":208,"time_elapsed":1291542,"subject_id":"77475"},{"rt":1849,"stimulus":92,"slider_start":100,"sprites":"marbles","response":88,"absDeviation":33,"callibration":"test","block":11,"seed":92,"numerosity":121,"matchType":"unpaired","which":"second","trial_type":"numerosity-estimation","trial_index":209,"time_elapsed":1293399,"subject_id":"77475"},{"rt":2054,"stimulus":94,"slider_start":100,"sprites":"rocks","response":72,"absDeviation":6,"callibration":"test","block":11,"seed":94,"numerosity":78,"matchType":"paired","which":"first","trial_type":"numerosity-estimation","trial_index":210,"time_elapsed":1295456,"subject_id":"77475"},{"rt":1941,"stimulus":94,"slider_start":100,"sprites":"rocks","response":79,"absDeviation":1,"callibration":"test","block":11,"seed":94,"numerosity":78,"matchType":"paired","which":"second","trial_type":"numerosity-estimation","trial_index":211,"time_elapsed":1297401,"subject_id":"77475"},{"rt":2195,"stimulus":95,"slider_start":100,"sprites":"buttons","response":69,"absDeviation":5,"callibration":"test","block":11,"seed":95,"numerosity":64,"matchType":"unpaired","which":"second","trial_type":"numerosity-estimation","trial_index":212,"time_elapsed":1299599,"subject_id":"77475"},{"rt":2160,"stimulus":96,"slider_start":100,"sprites":"animalCrackers","response":83,"absDeviation":9,"callibration":"test","block":11,"seed":96,"numerosity":92,"matchType":"unpaired","which":"second","trial_type":"numerosity-estimation","trial_index":213,"time_elapsed":1301762,"subject_id":"77475"},{"rt":1250,"stimulus":"<p> For the last block of trials, the average deviation of your guesses from correct answers was 25.</p>\n     <p>The smaller the deviation the better.  Your deviation was <b> good</b>.</p><br>\n       <p>Press any key to continue to the next block of trials</p>","response":" ","trial_type":"html-keyboard-response","trial_index":214,"time_elapsed":1303025,"subject_id":"77475"},{"rt":19278,"response":{"averageEstimates":"When the two displays occured back-to-back, in immediate succession.","firstOrSecond":"The second time the objects were shown"},"question_order":[0,1],"trial_type":"survey-multi-choice","trial_index":215,"time_elapsed":1322307,"subject_id":"77475"}]