[{"rt":6460,"url":"consent.html","trial_type":"external-html","trial_index":0,"time_elapsed":6517,"subject_id":"76387"},{"view_history":[{"page_index":0,"viewing_time":2110}],"rt":2111,"trial_type":"instructions","trial_index":1,"time_elapsed":8630,"subject_id":"76387"},{"rt":19392,"stimulus":0,"slider_start":100,"sprites":"animalCrackers","response":50,"absDeviation":0,"callibration":"callibration","block":-1,"seed":0,"numerosity":50,"matchType":"callibration","which":"first","trial_type":"numerosity-estimation","trial_index":2,"time_elapsed":28029,"subject_id":"76387"},{"rt":17851,"stimulus":1,"slider_start":100,"sprites":"letters","response":65,"absDeviation":1,"callibration":"callibration","block":-1,"seed":1,"numerosity":64,"matchType":"callibration","which":"first","trial_type":"numerosity-estimation","trial_index":3,"time_elapsed":45884,"subject_id":"76387"},{"rt":12236,"stimulus":2,"slider_start":100,"sprites":"butterflies","response":79,"absDeviation":1,"callibration":"callibration","block":-1,"seed":2,"numerosity":78,"matchType":"callibration","which":"first","trial_type":"numerosity-estimation","trial_index":4,"time_elapsed":58122,"subject_id":"76387"},{"rt":9091,"stimulus":3,"slider_start":100,"sprites":"hearts","response":92,"absDeviation":0,"callibration":"callibration","block":-1,"seed":3,"numerosity":92,"matchType":"callibration","which":"first","trial_type":"numerosity-estimation","trial_index":5,"time_elapsed":67217,"subject_id":"76387"},{"rt":6512,"stimulus":4,"slider_start":100,"sprites":"crackers","response":107,"absDeviation":0,"callibration":"callibration","block":-1,"seed":4,"numerosity":107,"matchType":"callibration","which":"first","trial_type":"numerosity-estimation","trial_index":6,"time_elapsed":73732,"subject_id":"76387"},{"rt":6651,"stimulus":5,"slider_start":100,"sprites":"bears","response":121,"absDeviation":0,"callibration":"callibration","block":-1,"seed":5,"numerosity":121,"matchType":"callibration","which":"first","trial_type":"numerosity-estimation","trial_index":7,"time_elapsed":80386,"subject_id":"76387"},{"rt":8618,"stimulus":6,"slider_start":100,"sprites":"fruits","response":135,"absDeviation":0,"callibration":"callibration","block":-1,"seed":6,"numerosity":135,"matchType":"callibration","which":"first","trial_type":"numerosity-estimation","trial_index":8,"time_elapsed":89007,"subject_id":"76387"},{"rt":6153,"stimulus":7,"slider_start":100,"sprites":"jellyBeans","response":150,"absDeviation":0,"callibration":"callibration","block":-1,"seed":7,"numerosity":150,"matchType":"callibration","which":"first","trial_type":"numerosity-estimation","trial_index":9,"time_elapsed":95163,"subject_id":"76387"},{"view_history":[{"page_index":0,"viewing_time":9685}],"rt":9686,"trial_type":"instructions","trial_index":10,"time_elapsed":104850,"subject_id":"76387"},{"rt":9435,"stimulus":1,"slider_start":100,"sprites":"letters","response":84,"absDeviation":8,"callibration":"test","block":0,"seed":1,"numerosity":92,"matchType":"paired","which":"first","trial_type":"numerosity-estimation","trial_index":11,"time_elapsed":114288,"subject_id":"76387"},{"rt":12030,"stimulus":1,"slider_start":100,"sprites":"letters","response":103,"absDeviation":11,"callibration":"test","block":0,"seed":1,"numerosity":92,"matchType":"paired","which":"second","trial_type":"numerosity-estimation","trial_index":12,"time_elapsed":126321,"subject_id":"76387"},{"rt":13973,"stimulus":3,"slider_start":100,"sprites":"hearts","response":81,"absDeviation":31,"callibration":"test","block":0,"seed":3,"numerosity":50,"matchType":"unpaired","which":"first","trial_type":"numerosity-estimation","trial_index":13,"time_elapsed":140297,"subject_id":"76387"},{"rt":5475,"stimulus":4,"slider_start":100,"sprites":"crackers","response":132,"absDeviation":25,"callibration":"test","block":0,"seed":4,"numerosity":107,"matchType":"unpaired","which":"first","trial_type":"numerosity-estimation","trial_index":14,"time_elapsed":145775,"subject_id":"76387"},{"rt":4470,"stimulus":5,"slider_start":100,"sprites":"bears","response":70,"absDeviation":20,"callibration":"test","block":0,"seed":5,"numerosity":50,"matchType":"paired","which":"first","trial_type":"numerosity-estimation","trial_index":15,"time_elapsed":150248,"subject_id":"76387"},{"rt":3557,"stimulus":5,"slider_start":100,"sprites":"bears","response":47,"absDeviation":3,"callibration":"test","block":0,"seed":5,"numerosity":50,"matchType":"paired","which":"second","trial_type":"numerosity-estimation","trial_index":16,"time_elapsed":153808,"subject_id":"76387"},{"rt":4364,"stimulus":7,"slider_start":100,"sprites":"jellyBeans","response":51,"absDeviation":1,"callibration":"test","block":0,"seed":7,"numerosity":50,"matchType":"unpaired","which":"first","trial_type":"numerosity-estimation","trial_index":17,"time_elapsed":158175,"subject_id":"76387"},{"rt":4838,"stimulus":8,"slider_start":100,"sprites":"marbles","response":107,"absDeviation":15,"callibration":"test","block":0,"seed":8,"numerosity":92,"matchType":"unpaired","which":"first","trial_type":"numerosity-estimation","trial_index":18,"time_elapsed":163017,"subject_id":"76387"},{"rt":3964,"stimulus":9,"slider_start":100,"sprites":"mints","response":150,"absDeviation":15,"callibration":"test","block":0,"seed":9,"numerosity":135,"matchType":"paired","which":"first","trial_type":"numerosity-estimation","trial_index":19,"time_elapsed":166983,"subject_id":"76387"},{"rt":3663,"stimulus":9,"slider_start":100,"sprites":"mints","response":157,"absDeviation":22,"callibration":"test","block":0,"seed":9,"numerosity":135,"matchType":"paired","which":"second","trial_type":"numerosity-estimation","trial_index":20,"time_elapsed":170650,"subject_id":"76387"},{"rt":4805,"stimulus":11,"slider_start":100,"sprites":"buttons","response":130,"absDeviation":23,"callibration":"test","block":0,"seed":11,"numerosity":107,"matchType":"unpaired","which":"first","trial_type":"numerosity-estimation","trial_index":21,"time_elapsed":175458,"subject_id":"76387"},{"rt":4708,"stimulus":12,"slider_start":100,"sprites":"animalCrackers","response":113,"absDeviation":21,"callibration":"test","block":0,"seed":12,"numerosity":92,"matchType":"unpaired","which":"first","trial_type":"numerosity-estimation","trial_index":22,"time_elapsed":180169,"subject_id":"76387"},{"rt":6651,"stimulus":13,"slider_start":100,"sprites":"letters","response":96,"absDeviation":11,"callibration":"test","block":0,"seed":13,"numerosity":107,"matchType":"paired","which":"first","trial_type":"numerosity-estimation","trial_index":23,"time_elapsed":186823,"subject_id":"76387"},{"rt":4363,"stimulus":13,"slider_start":100,"sprites":"letters","response":115,"absDeviation":8,"callibration":"test","block":0,"seed":13,"numerosity":107,"matchType":"paired","which":"second","trial_type":"numerosity-estimation","trial_index":24,"time_elapsed":191189,"subject_id":"76387"},{"rt":5054,"stimulus":15,"slider_start":100,"sprites":"hearts","response":155,"absDeviation":34,"callibration":"test","block":0,"seed":15,"numerosity":121,"matchType":"unpaired","which":"first","trial_type":"numerosity-estimation","trial_index":25,"time_elapsed":196244,"subject_id":"76387"},{"rt":5655,"stimulus":16,"slider_start":100,"sprites":"crackers","response":98,"absDeviation":34,"callibration":"test","block":0,"seed":16,"numerosity":64,"matchType":"unpaired","which":"first","trial_type":"numerosity-estimation","trial_index":26,"time_elapsed":201902,"subject_id":"76387"},{"rt":9267,"stimulus":"<p> For the last block of trials, the average deviation of your guesses from correct answers was 18.</p>\n     <p>The smaller the deviation the better.  Your deviation was <b> VERY good</b>.</p><br>\n       <p>Press any key to continue to the next block of trials</p>","response":" ","trial_type":"html-keyboard-response","trial_index":27,"time_elapsed":211171,"subject_id":"76387"},{"rt":4890,"stimulus":17,"slider_start":100,"sprites":"bears","response":113,"absDeviation":21,"callibration":"test","block":1,"seed":17,"numerosity":92,"matchType":"paired","which":"first","trial_type":"numerosity-estimation","trial_index":28,"time_elapsed":216063,"subject_id":"76387"},{"rt":3728,"stimulus":17,"slider_start":100,"sprites":"bears","response":95,"absDeviation":3,"callibration":"test","block":1,"seed":17,"numerosity":92,"matchType":"paired","which":"second","trial_type":"numerosity-estimation","trial_index":29,"time_elapsed":219795,"subject_id":"76387"},{"rt":3948,"stimulus":19,"slider_start":100,"sprites":"jellyBeans","response":113,"absDeviation":22,"callibration":"test","block":1,"seed":19,"numerosity":135,"matchType":"unpaired","which":"first","trial_type":"numerosity-estimation","trial_index":30,"time_elapsed":223746,"subject_id":"76387"},{"rt":7157,"stimulus":20,"slider_start":100,"sprites":"marbles","response":96,"absDeviation":18,"callibration":"test","block":1,"seed":20,"numerosity":78,"matchType":"unpaired","which":"first","trial_type":"numerosity-estimation","trial_index":31,"time_elapsed":230907,"subject_id":"76387"},{"rt":3099,"stimulus":21,"slider_start":100,"sprites":"mints","response":105,"absDeviation":13,"callibration":"test","block":1,"seed":21,"numerosity":92,"matchType":"paired","which":"first","trial_type":"numerosity-estimation","trial_index":32,"time_elapsed":234009,"subject_id":"76387"},{"rt":4169,"stimulus":21,"slider_start":100,"sprites":"mints","response":96,"absDeviation":4,"callibration":"test","block":1,"seed":21,"numerosity":92,"matchType":"paired","which":"second","trial_type":"numerosity-estimation","trial_index":33,"time_elapsed":238181,"subject_id":"76387"},{"rt":3525,"stimulus":23,"slider_start":100,"sprites":"buttons","response":155,"absDeviation":5,"callibration":"test","block":1,"seed":23,"numerosity":150,"matchType":"unpaired","which":"first","trial_type":"numerosity-estimation","trial_index":34,"time_elapsed":241709,"subject_id":"76387"},{"rt":2977,"stimulus":24,"slider_start":100,"sprites":"animalCrackers","response":120,"absDeviation":13,"callibration":"test","block":1,"seed":24,"numerosity":107,"matchType":"unpaired","which":"first","trial_type":"numerosity-estimation","trial_index":35,"time_elapsed":244688,"subject_id":"76387"},{"rt":4773,"stimulus":25,"slider_start":100,"sprites":"letters","response":89,"absDeviation":18,"callibration":"test","block":1,"seed":25,"numerosity":107,"matchType":"paired","which":"first","trial_type":"numerosity-estimation","trial_index":36,"time_elapsed":249464,"subject_id":"76387"},{"rt":6864,"stimulus":25,"slider_start":100,"sprites":"letters","response":99,"absDeviation":8,"callibration":"test","block":1,"seed":25,"numerosity":107,"matchType":"paired","which":"second","trial_type":"numerosity-estimation","trial_index":37,"time_elapsed":256331,"subject_id":"76387"},{"rt":3426,"stimulus":27,"slider_start":100,"sprites":"hearts","response":115,"absDeviation":6,"callibration":"test","block":1,"seed":27,"numerosity":121,"matchType":"unpaired","which":"first","trial_type":"numerosity-estimation","trial_index":38,"time_elapsed":259760,"subject_id":"76387"},{"rt":3263,"stimulus":28,"slider_start":100,"sprites":"crackers","response":148,"absDeviation":2,"callibration":"test","block":1,"seed":28,"numerosity":150,"matchType":"unpaired","which":"first","trial_type":"numerosity-estimation","trial_index":39,"time_elapsed":263026,"subject_id":"76387"},{"rt":3629,"stimulus":29,"slider_start":100,"sprites":"bears","response":127,"absDeviation":63,"callibration":"test","block":1,"seed":29,"numerosity":64,"matchType":"paired","which":"first","trial_type":"numerosity-estimation","trial_index":40,"time_elapsed":266658,"subject_id":"76387"},{"rt":3729,"stimulus":29,"slider_start":100,"sprites":"bears","response":119,"absDeviation":55,"callibration":"test","block":1,"seed":29,"numerosity":64,"matchType":"paired","which":"second","trial_type":"numerosity-estimation","trial_index":41,"time_elapsed":270390,"subject_id":"76387"},{"rt":3123,"stimulus":31,"slider_start":100,"sprites":"jellyBeans","response":129,"absDeviation":21,"callibration":"test","block":1,"seed":31,"numerosity":150,"matchType":"unpaired","which":"first","trial_type":"numerosity-estimation","trial_index":42,"time_elapsed":273516,"subject_id":"76387"},{"rt":4848,"stimulus":32,"slider_start":100,"sprites":"marbles","response":93,"absDeviation":42,"callibration":"test","block":1,"seed":32,"numerosity":135,"matchType":"unpaired","which":"first","trial_type":"numerosity-estimation","trial_index":43,"time_elapsed":278367,"subject_id":"76387"},{"rt":8707,"stimulus":"<p> For the last block of trials, the average deviation of your guesses from correct answers was 20.</p>\n     <p>The smaller the deviation the better.  Your deviation was <b> VERY good</b>.</p><br>\n       <p>Press any key to continue to the next block of trials</p>","response":" ","trial_type":"html-keyboard-response","trial_index":44,"time_elapsed":287075,"subject_id":"76387"},{"rt":3477,"stimulus":33,"slider_start":100,"sprites":"mints","response":122,"absDeviation":1,"callibration":"test","block":2,"seed":33,"numerosity":121,"matchType":"paired","which":"first","trial_type":"numerosity-estimation","trial_index":45,"time_elapsed":290555,"subject_id":"76387"},{"rt":2773,"stimulus":33,"slider_start":100,"sprites":"mints","response":122,"absDeviation":1,"callibration":"test","block":2,"seed":33,"numerosity":121,"matchType":"paired","which":"second","trial_type":"numerosity-estimation","trial_index":46,"time_elapsed":293332,"subject_id":"76387"},{"rt":3654,"stimulus":35,"slider_start":100,"sprites":"buttons","response":128,"absDeviation":50,"callibration":"test","block":2,"seed":35,"numerosity":78,"matchType":"unpaired","which":"first","trial_type":"numerosity-estimation","trial_index":47,"time_elapsed":296989,"subject_id":"76387"},{"rt":5736,"stimulus":36,"slider_start":100,"sprites":"animalCrackers","response":75,"absDeviation":25,"callibration":"test","block":2,"seed":36,"numerosity":50,"matchType":"unpaired","which":"first","trial_type":"numerosity-estimation","trial_index":48,"time_elapsed":302728,"subject_id":"76387"},{"rt":4292,"stimulus":37,"slider_start":100,"sprites":"letters","response":90,"absDeviation":45,"callibration":"test","block":2,"seed":37,"numerosity":135,"matchType":"paired","which":"first","trial_type":"numerosity-estimation","trial_index":49,"time_elapsed":307023,"subject_id":"76387"},{"rt":2968,"stimulus":37,"slider_start":100,"sprites":"letters","response":89,"absDeviation":46,"callibration":"test","block":2,"seed":37,"numerosity":135,"matchType":"paired","which":"second","trial_type":"numerosity-estimation","trial_index":50,"time_elapsed":309994,"subject_id":"76387"},{"rt":3377,"stimulus":39,"slider_start":100,"sprites":"hearts","response":98,"absDeviation":20,"callibration":"test","block":2,"seed":39,"numerosity":78,"matchType":"unpaired","which":"first","trial_type":"numerosity-estimation","trial_index":51,"time_elapsed":313374,"subject_id":"76387"},{"rt":3352,"stimulus":40,"slider_start":100,"sprites":"crackers","response":104,"absDeviation":17,"callibration":"test","block":2,"seed":40,"numerosity":121,"matchType":"unpaired","which":"first","trial_type":"numerosity-estimation","trial_index":52,"time_elapsed":316729,"subject_id":"76387"},{"rt":3589,"stimulus":41,"slider_start":100,"sprites":"bears","response":58,"absDeviation":8,"callibration":"test","block":2,"seed":41,"numerosity":50,"matchType":"paired","which":"first","trial_type":"numerosity-estimation","trial_index":53,"time_elapsed":320321,"subject_id":"76387"},{"rt":3777,"stimulus":41,"slider_start":100,"sprites":"bears","response":39,"absDeviation":11,"callibration":"test","block":2,"seed":41,"numerosity":50,"matchType":"paired","which":"second","trial_type":"numerosity-estimation","trial_index":54,"time_elapsed":324101,"subject_id":"76387"},{"rt":2706,"stimulus":43,"slider_start":100,"sprites":"jellyBeans","response":81,"absDeviation":17,"callibration":"test","block":2,"seed":43,"numerosity":64,"matchType":"unpaired","which":"first","trial_type":"numerosity-estimation","trial_index":55,"time_elapsed":326811,"subject_id":"76387"},{"rt":2651,"stimulus":44,"slider_start":100,"sprites":"marbles","response":89,"absDeviation":32,"callibration":"test","block":2,"seed":44,"numerosity":121,"matchType":"unpaired","which":"first","trial_type":"numerosity-estimation","trial_index":56,"time_elapsed":329465,"subject_id":"76387"},{"rt":4773,"stimulus":45,"slider_start":100,"sprites":"mints","response":152,"absDeviation":31,"callibration":"test","block":2,"seed":45,"numerosity":121,"matchType":"paired","which":"first","trial_type":"numerosity-estimation","trial_index":57,"time_elapsed":334240,"subject_id":"76387"},{"rt":5572,"stimulus":45,"slider_start":100,"sprites":"mints","response":145,"absDeviation":24,"callibration":"test","block":2,"seed":45,"numerosity":121,"matchType":"paired","which":"second","trial_type":"numerosity-estimation","trial_index":58,"time_elapsed":339817,"subject_id":"76387"},{"rt":3246,"stimulus":47,"slider_start":100,"sprites":"buttons","response":139,"absDeviation":18,"callibration":"test","block":2,"seed":47,"numerosity":121,"matchType":"unpaired","which":"first","trial_type":"numerosity-estimation","trial_index":59,"time_elapsed":343072,"subject_id":"76387"},{"rt":2927,"stimulus":48,"slider_start":100,"sprites":"animalCrackers","response":122,"absDeviation":13,"callibration":"test","block":2,"seed":48,"numerosity":135,"matchType":"unpaired","which":"first","trial_type":"numerosity-estimation","trial_index":60,"time_elapsed":346006,"subject_id":"76387"},{"rt":2273,"stimulus":"<p> For the last block of trials, the average deviation of your guesses from correct answers was 22.</p>\n     <p>The smaller the deviation the better.  Your deviation was <b> VERY good</b>.</p><br>\n       <p>Press any key to continue to the next block of trials</p>","response":" ","trial_type":"html-keyboard-response","trial_index":61,"time_elapsed":348283,"subject_id":"76387"},{"rt":2670,"stimulus":49,"slider_start":100,"sprites":"letters","response":87,"absDeviation":9,"callibration":"test","block":3,"seed":49,"numerosity":78,"matchType":"paired","which":"first","trial_type":"numerosity-estimation","trial_index":62,"time_elapsed":350959,"subject_id":"76387"},{"rt":2487,"stimulus":49,"slider_start":100,"sprites":"letters","response":91,"absDeviation":13,"callibration":"test","block":3,"seed":49,"numerosity":78,"matchType":"paired","which":"second","trial_type":"numerosity-estimation","trial_index":63,"time_elapsed":353451,"subject_id":"76387"},{"rt":2666,"stimulus":51,"slider_start":100,"sprites":"hearts","response":147,"absDeviation":3,"callibration":"test","block":3,"seed":51,"numerosity":150,"matchType":"unpaired","which":"first","trial_type":"numerosity-estimation","trial_index":64,"time_elapsed":356122,"subject_id":"76387"},{"rt":3410,"stimulus":52,"slider_start":100,"sprites":"crackers","response":101,"absDeviation":23,"callibration":"test","block":3,"seed":52,"numerosity":78,"matchType":"unpaired","which":"first","trial_type":"numerosity-estimation","trial_index":65,"time_elapsed":359537,"subject_id":"76387"},{"rt":3311,"stimulus":53,"slider_start":100,"sprites":"bears","response":65,"absDeviation":15,"callibration":"test","block":3,"seed":53,"numerosity":50,"matchType":"paired","which":"first","trial_type":"numerosity-estimation","trial_index":66,"time_elapsed":362853,"subject_id":"76387"},{"rt":3637,"stimulus":53,"slider_start":100,"sprites":"bears","response":67,"absDeviation":17,"callibration":"test","block":3,"seed":53,"numerosity":50,"matchType":"paired","which":"second","trial_type":"numerosity-estimation","trial_index":67,"time_elapsed":366495,"subject_id":"76387"},{"rt":3433,"stimulus":55,"slider_start":100,"sprites":"jellyBeans","response":106,"absDeviation":15,"callibration":"test","block":3,"seed":55,"numerosity":121,"matchType":"unpaired","which":"first","trial_type":"numerosity-estimation","trial_index":68,"time_elapsed":369932,"subject_id":"76387"},{"rt":2740,"stimulus":56,"slider_start":100,"sprites":"marbles","response":90,"absDeviation":26,"callibration":"test","block":3,"seed":56,"numerosity":64,"matchType":"unpaired","which":"first","trial_type":"numerosity-estimation","trial_index":69,"time_elapsed":372676,"subject_id":"76387"},{"rt":3557,"stimulus":57,"slider_start":100,"sprites":"mints","response":90,"absDeviation":26,"callibration":"test","block":3,"seed":57,"numerosity":64,"matchType":"paired","which":"first","trial_type":"numerosity-estimation","trial_index":70,"time_elapsed":376236,"subject_id":"76387"},{"rt":2536,"stimulus":57,"slider_start":100,"sprites":"mints","response":95,"absDeviation":31,"callibration":"test","block":3,"seed":57,"numerosity":64,"matchType":"paired","which":"second","trial_type":"numerosity-estimation","trial_index":71,"time_elapsed":378776,"subject_id":"76387"},{"rt":2487,"stimulus":59,"slider_start":100,"sprites":"buttons","response":132,"absDeviation":3,"callibration":"test","block":3,"seed":59,"numerosity":135,"matchType":"unpaired","which":"first","trial_type":"numerosity-estimation","trial_index":72,"time_elapsed":381266,"subject_id":"76387"},{"rt":2758,"stimulus":60,"slider_start":100,"sprites":"animalCrackers","response":139,"absDeviation":11,"callibration":"test","block":3,"seed":60,"numerosity":150,"matchType":"unpaired","which":"first","trial_type":"numerosity-estimation","trial_index":73,"time_elapsed":384027,"subject_id":"76387"},{"rt":4030,"stimulus":61,"slider_start":100,"sprites":"letters","response":52,"absDeviation":2,"callibration":"test","block":3,"seed":61,"numerosity":50,"matchType":"paired","which":"first","trial_type":"numerosity-estimation","trial_index":74,"time_elapsed":388060,"subject_id":"76387"},{"rt":3295,"stimulus":61,"slider_start":100,"sprites":"letters","response":48,"absDeviation":2,"callibration":"test","block":3,"seed":61,"numerosity":50,"matchType":"paired","which":"second","trial_type":"numerosity-estimation","trial_index":75,"time_elapsed":391358,"subject_id":"76387"},{"rt":2804,"stimulus":63,"slider_start":100,"sprites":"hearts","response":68,"absDeviation":4,"callibration":"test","block":3,"seed":63,"numerosity":64,"matchType":"unpaired","which":"first","trial_type":"numerosity-estimation","trial_index":76,"time_elapsed":394166,"subject_id":"76387"},{"rt":2921,"stimulus":64,"slider_start":100,"sprites":"crackers","response":143,"absDeviation":8,"callibration":"test","block":3,"seed":64,"numerosity":135,"matchType":"unpaired","which":"first","trial_type":"numerosity-estimation","trial_index":77,"time_elapsed":397090,"subject_id":"76387"},{"rt":15196,"stimulus":"<p> For the last block of trials, the average deviation of your guesses from correct answers was 13.</p>\n     <p>The smaller the deviation the better.  Your deviation was <b> AMAZINGLY good</b>.</p><br>\n       <p>Press any key to continue to the next block of trials</p>","response":" ","trial_type":"html-keyboard-response","trial_index":78,"time_elapsed":412288,"subject_id":"76387"},{"rt":3491,"stimulus":65,"slider_start":100,"sprites":"bears","response":133,"absDeviation":26,"callibration":"test","block":4,"seed":65,"numerosity":107,"matchType":"paired","which":"first","trial_type":"numerosity-estimation","trial_index":79,"time_elapsed":415782,"subject_id":"76387"},{"rt":2846,"stimulus":65,"slider_start":100,"sprites":"bears","response":114,"absDeviation":7,"callibration":"test","block":4,"seed":65,"numerosity":107,"matchType":"paired","which":"second","trial_type":"numerosity-estimation","trial_index":80,"time_elapsed":418632,"subject_id":"76387"},{"rt":2464,"stimulus":67,"slider_start":100,"sprites":"jellyBeans","response":111,"absDeviation":4,"callibration":"test","block":4,"seed":67,"numerosity":107,"matchType":"unpaired","which":"first","trial_type":"numerosity-estimation","trial_index":81,"time_elapsed":421098,"subject_id":"76387"},{"rt":2445,"stimulus":68,"slider_start":100,"sprites":"marbles","response":128,"absDeviation":22,"callibration":"test","block":4,"seed":68,"numerosity":150,"matchType":"unpaired","which":"first","trial_type":"numerosity-estimation","trial_index":82,"time_elapsed":423546,"subject_id":"76387"},{"rt":2512,"stimulus":69,"slider_start":100,"sprites":"mints","response":138,"absDeviation":17,"callibration":"test","block":4,"seed":69,"numerosity":121,"matchType":"paired","which":"first","trial_type":"numerosity-estimation","trial_index":83,"time_elapsed":426061,"subject_id":"76387"},{"rt":5059,"stimulus":69,"slider_start":100,"sprites":"mints","response":152,"absDeviation":31,"callibration":"test","block":4,"seed":69,"numerosity":121,"matchType":"paired","which":"second","trial_type":"numerosity-estimation","trial_index":84,"time_elapsed":431123,"subject_id":"76387"},{"rt":2577,"stimulus":71,"slider_start":100,"sprites":"buttons","response":106,"absDeviation":1,"callibration":"test","block":4,"seed":71,"numerosity":107,"matchType":"unpaired","which":"first","trial_type":"numerosity-estimation","trial_index":85,"time_elapsed":433702,"subject_id":"76387"},{"rt":2675,"stimulus":72,"slider_start":100,"sprites":"animalCrackers","response":66,"absDeviation":16,"callibration":"test","block":4,"seed":72,"numerosity":50,"matchType":"unpaired","which":"first","trial_type":"numerosity-estimation","trial_index":86,"time_elapsed":436380,"subject_id":"76387"},{"rt":3311,"stimulus":73,"slider_start":100,"sprites":"letters","response":88,"absDeviation":10,"callibration":"test","block":4,"seed":73,"numerosity":78,"matchType":"paired","which":"first","trial_type":"numerosity-estimation","trial_index":87,"time_elapsed":439694,"subject_id":"76387"},{"rt":2544,"stimulus":73,"slider_start":100,"sprites":"letters","response":76,"absDeviation":2,"callibration":"test","block":4,"seed":73,"numerosity":78,"matchType":"paired","which":"second","trial_type":"numerosity-estimation","trial_index":88,"time_elapsed":442242,"subject_id":"76387"},{"rt":4234,"stimulus":75,"slider_start":100,"sprites":"hearts","response":109,"absDeviation":17,"callibration":"test","block":4,"seed":75,"numerosity":92,"matchType":"unpaired","which":"first","trial_type":"numerosity-estimation","trial_index":89,"time_elapsed":446480,"subject_id":"76387"},{"rt":2617,"stimulus":76,"slider_start":100,"sprites":"crackers","response":88,"absDeviation":24,"callibration":"test","block":4,"seed":76,"numerosity":64,"matchType":"unpaired","which":"first","trial_type":"numerosity-estimation","trial_index":90,"time_elapsed":449100,"subject_id":"76387"},{"rt":4512,"stimulus":77,"slider_start":100,"sprites":"bears","response":108,"absDeviation":27,"callibration":"test","block":4,"seed":77,"numerosity":135,"matchType":"paired","which":"first","trial_type":"numerosity-estimation","trial_index":91,"time_elapsed":453615,"subject_id":"76387"},{"rt":2698,"stimulus":77,"slider_start":100,"sprites":"bears","response":102,"absDeviation":33,"callibration":"test","block":4,"seed":77,"numerosity":135,"matchType":"paired","which":"second","trial_type":"numerosity-estimation","trial_index":92,"time_elapsed":456316,"subject_id":"76387"},{"rt":4764,"stimulus":79,"slider_start":100,"sprites":"jellyBeans","response":66,"absDeviation":16,"callibration":"test","block":4,"seed":79,"numerosity":50,"matchType":"unpaired","which":"first","trial_type":"numerosity-estimation","trial_index":93,"time_elapsed":461084,"subject_id":"76387"},{"rt":2332,"stimulus":80,"slider_start":100,"sprites":"marbles","response":93,"absDeviation":28,"callibration":"test","block":4,"seed":80,"numerosity":121,"matchType":"unpaired","which":"first","trial_type":"numerosity-estimation","trial_index":94,"time_elapsed":463419,"subject_id":"76387"},{"rt":2182,"stimulus":"<p> For the last block of trials, the average deviation of your guesses from correct answers was 18.</p>\n     <p>The smaller the deviation the better.  Your deviation was <b> VERY good</b>.</p><br>\n       <p>Press any key to continue to the next block of trials</p>","response":" ","trial_type":"html-keyboard-response","trial_index":95,"time_elapsed":465602,"subject_id":"76387"},{"rt":3235,"stimulus":81,"slider_start":100,"sprites":"mints","response":124,"absDeviation":3,"callibration":"test","block":5,"seed":81,"numerosity":121,"matchType":"paired","which":"first","trial_type":"numerosity-estimation","trial_index":96,"time_elapsed":468840,"subject_id":"76387"},{"rt":3999,"stimulus":81,"slider_start":100,"sprites":"mints","response":136,"absDeviation":15,"callibration":"test","block":5,"seed":81,"numerosity":121,"matchType":"paired","which":"second","trial_type":"numerosity-estimation","trial_index":97,"time_elapsed":472842,"subject_id":"76387"},{"rt":3842,"stimulus":83,"slider_start":100,"sprites":"buttons","response":137,"absDeviation":16,"callibration":"test","block":5,"seed":83,"numerosity":121,"matchType":"unpaired","which":"first","trial_type":"numerosity-estimation","trial_index":98,"time_elapsed":476686,"subject_id":"76387"},{"rt":19844,"stimulus":84,"slider_start":100,"sprites":"animalCrackers","response":91,"absDeviation":41,"callibration":"test","block":5,"seed":84,"numerosity":50,"matchType":"unpaired","which":"first","trial_type":"numerosity-estimation","trial_index":99,"time_elapsed":496534,"subject_id":"76387"},{"rt":2755,"stimulus":85,"slider_start":100,"sprites":"letters","response":53,"absDeviation":11,"callibration":"test","block":5,"seed":85,"numerosity":64,"matchType":"paired","which":"first","trial_type":"numerosity-estimation","trial_index":100,"time_elapsed":499292,"subject_id":"76387"},{"rt":2578,"stimulus":85,"slider_start":100,"sprites":"letters","response":65,"absDeviation":1,"callibration":"test","block":5,"seed":85,"numerosity":64,"matchType":"paired","which":"second","trial_type":"numerosity-estimation","trial_index":101,"time_elapsed":501873,"subject_id":"76387"},{"rt":4496,"stimulus":87,"slider_start":100,"sprites":"hearts","response":70,"absDeviation":20,"callibration":"test","block":5,"seed":87,"numerosity":50,"matchType":"unpaired","which":"first","trial_type":"numerosity-estimation","trial_index":102,"time_elapsed":506371,"subject_id":"76387"},{"rt":2659,"stimulus":88,"slider_start":100,"sprites":"crackers","response":137,"absDeviation":2,"callibration":"test","block":5,"seed":88,"numerosity":135,"matchType":"unpaired","which":"first","trial_type":"numerosity-estimation","trial_index":103,"time_elapsed":509033,"subject_id":"76387"},{"rt":4348,"stimulus":89,"slider_start":100,"sprites":"bears","response":98,"absDeviation":48,"callibration":"test","block":5,"seed":89,"numerosity":50,"matchType":"paired","which":"first","trial_type":"numerosity-estimation","trial_index":104,"time_elapsed":513383,"subject_id":"76387"},{"rt":2627,"stimulus":89,"slider_start":100,"sprites":"bears","response":89,"absDeviation":39,"callibration":"test","block":5,"seed":89,"numerosity":50,"matchType":"paired","which":"second","trial_type":"numerosity-estimation","trial_index":105,"time_elapsed":516013,"subject_id":"76387"},{"rt":3156,"stimulus":91,"slider_start":100,"sprites":"jellyBeans","response":90,"absDeviation":2,"callibration":"test","block":5,"seed":91,"numerosity":92,"matchType":"unpaired","which":"first","trial_type":"numerosity-estimation","trial_index":106,"time_elapsed":519172,"subject_id":"76387"},{"rt":2936,"stimulus":92,"slider_start":100,"sprites":"marbles","response":111,"absDeviation":10,"callibration":"test","block":5,"seed":92,"numerosity":121,"matchType":"unpaired","which":"first","trial_type":"numerosity-estimation","trial_index":107,"time_elapsed":522111,"subject_id":"76387"},{"rt":2993,"stimulus":93,"slider_start":100,"sprites":"mints","response":111,"absDeviation":33,"callibration":"test","block":5,"seed":93,"numerosity":78,"matchType":"paired","which":"first","trial_type":"numerosity-estimation","trial_index":108,"time_elapsed":525107,"subject_id":"76387"},{"rt":2814,"stimulus":93,"slider_start":100,"sprites":"mints","response":118,"absDeviation":40,"callibration":"test","block":5,"seed":93,"numerosity":78,"matchType":"paired","which":"second","trial_type":"numerosity-estimation","trial_index":109,"time_elapsed":527924,"subject_id":"76387"},{"rt":2986,"stimulus":95,"slider_start":100,"sprites":"buttons","response":99,"absDeviation":35,"callibration":"test","block":5,"seed":95,"numerosity":64,"matchType":"unpaired","which":"first","trial_type":"numerosity-estimation","trial_index":110,"time_elapsed":530912,"subject_id":"76387"},{"rt":2911,"stimulus":96,"slider_start":100,"sprites":"animalCrackers","response":94,"absDeviation":2,"callibration":"test","block":5,"seed":96,"numerosity":92,"matchType":"unpaired","which":"first","trial_type":"numerosity-estimation","trial_index":111,"time_elapsed":533826,"subject_id":"76387"},{"rt":1309,"stimulus":"<p> For the last block of trials, the average deviation of your guesses from correct answers was 20.</p>\n     <p>The smaller the deviation the better.  Your deviation was <b> VERY good</b>.</p><br>\n       <p>Press any key to continue to the next block of trials</p>","response":" ","trial_type":"html-keyboard-response","trial_index":112,"time_elapsed":535137,"subject_id":"76387"},{"rt":4785,"stimulus":2,"slider_start":100,"sprites":"butterflies","response":124,"absDeviation":11,"callibration":"test","block":6,"seed":2,"numerosity":135,"matchType":"paired","which":"first","trial_type":"numerosity-estimation","trial_index":113,"time_elapsed":539925,"subject_id":"76387"},{"rt":2887,"stimulus":2,"slider_start":100,"sprites":"butterflies","response":117,"absDeviation":18,"callibration":"test","block":6,"seed":2,"numerosity":135,"matchType":"paired","which":"second","trial_type":"numerosity-estimation","trial_index":114,"time_elapsed":542816,"subject_id":"76387"},{"rt":2536,"stimulus":3,"slider_start":100,"sprites":"hearts","response":83,"absDeviation":33,"callibration":"test","block":6,"seed":3,"numerosity":50,"matchType":"unpaired","which":"second","trial_type":"numerosity-estimation","trial_index":115,"time_elapsed":545355,"subject_id":"76387"},{"rt":2960,"stimulus":4,"slider_start":100,"sprites":"crackers","response":116,"absDeviation":9,"callibration":"test","block":6,"seed":4,"numerosity":107,"matchType":"unpaired","which":"second","trial_type":"numerosity-estimation","trial_index":116,"time_elapsed":548318,"subject_id":"76387"},{"rt":4594,"stimulus":6,"slider_start":100,"sprites":"fruits","response":93,"absDeviation":15,"callibration":"test","block":6,"seed":6,"numerosity":78,"matchType":"paired","which":"first","trial_type":"numerosity-estimation","trial_index":117,"time_elapsed":552914,"subject_id":"76387"},{"rt":3311,"stimulus":6,"slider_start":100,"sprites":"fruits","response":86,"absDeviation":8,"callibration":"test","block":6,"seed":6,"numerosity":78,"matchType":"paired","which":"second","trial_type":"numerosity-estimation","trial_index":118,"time_elapsed":556229,"subject_id":"76387"},{"rt":5044,"stimulus":7,"slider_start":100,"sprites":"jellyBeans","response":46,"absDeviation":4,"callibration":"test","block":6,"seed":7,"numerosity":50,"matchType":"unpaired","which":"second","trial_type":"numerosity-estimation","trial_index":119,"time_elapsed":561275,"subject_id":"76387"},{"rt":3857,"stimulus":8,"slider_start":100,"sprites":"marbles","response":98,"absDeviation":6,"callibration":"test","block":6,"seed":8,"numerosity":92,"matchType":"unpaired","which":"second","trial_type":"numerosity-estimation","trial_index":120,"time_elapsed":565135,"subject_id":"76387"},{"rt":4847,"stimulus":10,"slider_start":100,"sprites":"rocks","response":86,"absDeviation":36,"callibration":"test","block":6,"seed":10,"numerosity":50,"matchType":"paired","which":"first","trial_type":"numerosity-estimation","trial_index":121,"time_elapsed":569985,"subject_id":"76387"},{"rt":3917,"stimulus":10,"slider_start":100,"sprites":"rocks","response":74,"absDeviation":24,"callibration":"test","block":6,"seed":10,"numerosity":50,"matchType":"paired","which":"second","trial_type":"numerosity-estimation","trial_index":122,"time_elapsed":573903,"subject_id":"76387"},{"rt":2570,"stimulus":11,"slider_start":100,"sprites":"buttons","response":135,"absDeviation":28,"callibration":"test","block":6,"seed":11,"numerosity":107,"matchType":"unpaired","which":"second","trial_type":"numerosity-estimation","trial_index":123,"time_elapsed":576476,"subject_id":"76387"},{"rt":3426,"stimulus":12,"slider_start":100,"sprites":"animalCrackers","response":102,"absDeviation":10,"callibration":"test","block":6,"seed":12,"numerosity":92,"matchType":"unpaired","which":"second","trial_type":"numerosity-estimation","trial_index":124,"time_elapsed":579905,"subject_id":"76387"},{"rt":3907,"stimulus":14,"slider_start":100,"sprites":"butterflies","response":127,"absDeviation":23,"callibration":"test","block":6,"seed":14,"numerosity":150,"matchType":"paired","which":"first","trial_type":"numerosity-estimation","trial_index":125,"time_elapsed":583814,"subject_id":"76387"},{"rt":3302,"stimulus":14,"slider_start":100,"sprites":"butterflies","response":115,"absDeviation":35,"callibration":"test","block":6,"seed":14,"numerosity":150,"matchType":"paired","which":"second","trial_type":"numerosity-estimation","trial_index":126,"time_elapsed":587120,"subject_id":"76387"},{"rt":2569,"stimulus":15,"slider_start":100,"sprites":"hearts","response":124,"absDeviation":3,"callibration":"test","block":6,"seed":15,"numerosity":121,"matchType":"unpaired","which":"second","trial_type":"numerosity-estimation","trial_index":127,"time_elapsed":589691,"subject_id":"76387"},{"rt":2577,"stimulus":16,"slider_start":100,"sprites":"crackers","response":90,"absDeviation":26,"callibration":"test","block":6,"seed":16,"numerosity":64,"matchType":"unpaired","which":"second","trial_type":"numerosity-estimation","trial_index":128,"time_elapsed":592271,"subject_id":"76387"},{"rt":5418,"stimulus":"<p> For the last block of trials, the average deviation of your guesses from correct answers was 18.</p>\n     <p>The smaller the deviation the better.  Your deviation was <b> VERY good</b>.</p><br>\n       <p>Press any key to continue to the next block of trials</p>","response":" ","trial_type":"html-keyboard-response","trial_index":129,"time_elapsed":597691,"subject_id":"76387"},{"rt":7412,"stimulus":18,"slider_start":100,"sprites":"fruits","response":92,"absDeviation":15,"callibration":"test","block":7,"seed":18,"numerosity":107,"matchType":"paired","which":"first","trial_type":"numerosity-estimation","trial_index":130,"time_elapsed":605106,"subject_id":"76387"},{"rt":3483,"stimulus":18,"slider_start":100,"sprites":"fruits","response":102,"absDeviation":5,"callibration":"test","block":7,"seed":18,"numerosity":107,"matchType":"paired","which":"second","trial_type":"numerosity-estimation","trial_index":131,"time_elapsed":608592,"subject_id":"76387"},{"rt":2618,"stimulus":19,"slider_start":100,"sprites":"jellyBeans","response":111,"absDeviation":24,"callibration":"test","block":7,"seed":19,"numerosity":135,"matchType":"unpaired","which":"second","trial_type":"numerosity-estimation","trial_index":132,"time_elapsed":611213,"subject_id":"76387"},{"rt":3042,"stimulus":20,"slider_start":100,"sprites":"marbles","response":95,"absDeviation":17,"callibration":"test","block":7,"seed":20,"numerosity":78,"matchType":"unpaired","which":"second","trial_type":"numerosity-estimation","trial_index":133,"time_elapsed":614259,"subject_id":"76387"},{"rt":3156,"stimulus":22,"slider_start":100,"sprites":"rocks","response":133,"absDeviation":41,"callibration":"test","block":7,"seed":22,"numerosity":92,"matchType":"paired","which":"first","trial_type":"numerosity-estimation","trial_index":134,"time_elapsed":617418,"subject_id":"76387"},{"rt":2919,"stimulus":22,"slider_start":100,"sprites":"rocks","response":116,"absDeviation":24,"callibration":"test","block":7,"seed":22,"numerosity":92,"matchType":"paired","which":"second","trial_type":"numerosity-estimation","trial_index":135,"time_elapsed":620340,"subject_id":"76387"},{"rt":2487,"stimulus":23,"slider_start":100,"sprites":"buttons","response":158,"absDeviation":8,"callibration":"test","block":7,"seed":23,"numerosity":150,"matchType":"unpaired","which":"second","trial_type":"numerosity-estimation","trial_index":136,"time_elapsed":622830,"subject_id":"76387"},{"rt":3588,"stimulus":24,"slider_start":100,"sprites":"animalCrackers","response":115,"absDeviation":8,"callibration":"test","block":7,"seed":24,"numerosity":107,"matchType":"unpaired","which":"second","trial_type":"numerosity-estimation","trial_index":137,"time_elapsed":626421,"subject_id":"76387"},{"rt":3148,"stimulus":26,"slider_start":100,"sprites":"butterflies","response":77,"absDeviation":15,"callibration":"test","block":7,"seed":26,"numerosity":92,"matchType":"paired","which":"first","trial_type":"numerosity-estimation","trial_index":138,"time_elapsed":629572,"subject_id":"76387"},{"rt":3214,"stimulus":26,"slider_start":100,"sprites":"butterflies","response":92,"absDeviation":0,"callibration":"test","block":7,"seed":26,"numerosity":92,"matchType":"paired","which":"second","trial_type":"numerosity-estimation","trial_index":139,"time_elapsed":632789,"subject_id":"76387"},{"rt":2682,"stimulus":27,"slider_start":100,"sprites":"hearts","response":113,"absDeviation":8,"callibration":"test","block":7,"seed":27,"numerosity":121,"matchType":"unpaired","which":"second","trial_type":"numerosity-estimation","trial_index":140,"time_elapsed":635475,"subject_id":"76387"},{"rt":2495,"stimulus":28,"slider_start":100,"sprites":"crackers","response":127,"absDeviation":23,"callibration":"test","block":7,"seed":28,"numerosity":150,"matchType":"unpaired","which":"second","trial_type":"numerosity-estimation","trial_index":141,"time_elapsed":637974,"subject_id":"76387"},{"rt":3098,"stimulus":30,"slider_start":100,"sprites":"fruits","response":104,"absDeviation":3,"callibration":"test","block":7,"seed":30,"numerosity":107,"matchType":"paired","which":"first","trial_type":"numerosity-estimation","trial_index":142,"time_elapsed":641075,"subject_id":"76387"},{"rt":2757,"stimulus":30,"slider_start":100,"sprites":"fruits","response":94,"absDeviation":13,"callibration":"test","block":7,"seed":30,"numerosity":107,"matchType":"paired","which":"second","trial_type":"numerosity-estimation","trial_index":143,"time_elapsed":643835,"subject_id":"76387"},{"rt":3736,"stimulus":31,"slider_start":100,"sprites":"jellyBeans","response":122,"absDeviation":28,"callibration":"test","block":7,"seed":31,"numerosity":150,"matchType":"unpaired","which":"second","trial_type":"numerosity-estimation","trial_index":144,"time_elapsed":647575,"subject_id":"76387"},{"rt":2569,"stimulus":32,"slider_start":100,"sprites":"marbles","response":110,"absDeviation":25,"callibration":"test","block":7,"seed":32,"numerosity":135,"matchType":"unpaired","which":"second","trial_type":"numerosity-estimation","trial_index":145,"time_elapsed":650146,"subject_id":"76387"},{"rt":1859,"stimulus":"<p> For the last block of trials, the average deviation of your guesses from correct answers was 16.</p>\n     <p>The smaller the deviation the better.  Your deviation was <b> VERY good</b>.</p><br>\n       <p>Press any key to continue to the next block of trials</p>","response":" ","trial_type":"html-keyboard-response","trial_index":146,"time_elapsed":652007,"subject_id":"76387"},{"rt":4658,"stimulus":34,"slider_start":100,"sprites":"rocks","response":88,"absDeviation":38,"callibration":"test","block":8,"seed":34,"numerosity":50,"matchType":"paired","which":"first","trial_type":"numerosity-estimation","trial_index":147,"time_elapsed":656668,"subject_id":"76387"},{"rt":2560,"stimulus":34,"slider_start":100,"sprites":"rocks","response":93,"absDeviation":43,"callibration":"test","block":8,"seed":34,"numerosity":50,"matchType":"paired","which":"second","trial_type":"numerosity-estimation","trial_index":148,"time_elapsed":659232,"subject_id":"76387"},{"rt":2492,"stimulus":35,"slider_start":100,"sprites":"buttons","response":110,"absDeviation":32,"callibration":"test","block":8,"seed":35,"numerosity":78,"matchType":"unpaired","which":"second","trial_type":"numerosity-estimation","trial_index":149,"time_elapsed":661730,"subject_id":"76387"},{"rt":2233,"stimulus":36,"slider_start":100,"sprites":"animalCrackers","response":87,"absDeviation":37,"callibration":"test","block":8,"seed":36,"numerosity":50,"matchType":"unpaired","which":"second","trial_type":"numerosity-estimation","trial_index":150,"time_elapsed":663966,"subject_id":"76387"},{"rt":3229,"stimulus":38,"slider_start":100,"sprites":"butterflies","response":89,"absDeviation":11,"callibration":"test","block":8,"seed":38,"numerosity":78,"matchType":"paired","which":"first","trial_type":"numerosity-estimation","trial_index":151,"time_elapsed":667199,"subject_id":"76387"},{"rt":2405,"stimulus":38,"slider_start":100,"sprites":"butterflies","response":85,"absDeviation":7,"callibration":"test","block":8,"seed":38,"numerosity":78,"matchType":"paired","which":"second","trial_type":"numerosity-estimation","trial_index":152,"time_elapsed":669608,"subject_id":"76387"},{"rt":3319,"stimulus":39,"slider_start":100,"sprites":"hearts","response":103,"absDeviation":25,"callibration":"test","block":8,"seed":39,"numerosity":78,"matchType":"unpaired","which":"second","trial_type":"numerosity-estimation","trial_index":153,"time_elapsed":672929,"subject_id":"76387"},{"rt":2943,"stimulus":40,"slider_start":100,"sprites":"crackers","response":131,"absDeviation":10,"callibration":"test","block":8,"seed":40,"numerosity":121,"matchType":"unpaired","which":"second","trial_type":"numerosity-estimation","trial_index":154,"time_elapsed":675876,"subject_id":"76387"},{"rt":2781,"stimulus":42,"slider_start":100,"sprites":"fruits","response":94,"absDeviation":16,"callibration":"test","block":8,"seed":42,"numerosity":78,"matchType":"paired","which":"first","trial_type":"numerosity-estimation","trial_index":155,"time_elapsed":678660,"subject_id":"76387"},{"rt":2584,"stimulus":42,"slider_start":100,"sprites":"fruits","response":79,"absDeviation":1,"callibration":"test","block":8,"seed":42,"numerosity":78,"matchType":"paired","which":"second","trial_type":"numerosity-estimation","trial_index":156,"time_elapsed":681247,"subject_id":"76387"},{"rt":2389,"stimulus":43,"slider_start":100,"sprites":"jellyBeans","response":86,"absDeviation":22,"callibration":"test","block":8,"seed":43,"numerosity":64,"matchType":"unpaired","which":"second","trial_type":"numerosity-estimation","trial_index":157,"time_elapsed":683639,"subject_id":"76387"},{"rt":2653,"stimulus":44,"slider_start":100,"sprites":"marbles","response":114,"absDeviation":7,"callibration":"test","block":8,"seed":44,"numerosity":121,"matchType":"unpaired","which":"second","trial_type":"numerosity-estimation","trial_index":158,"time_elapsed":686295,"subject_id":"76387"},{"rt":2631,"stimulus":46,"slider_start":100,"sprites":"rocks","response":138,"absDeviation":31,"callibration":"test","block":8,"seed":46,"numerosity":107,"matchType":"paired","which":"first","trial_type":"numerosity-estimation","trial_index":159,"time_elapsed":688929,"subject_id":"76387"},{"rt":2446,"stimulus":46,"slider_start":100,"sprites":"rocks","response":115,"absDeviation":8,"callibration":"test","block":8,"seed":46,"numerosity":107,"matchType":"paired","which":"second","trial_type":"numerosity-estimation","trial_index":160,"time_elapsed":691378,"subject_id":"76387"},{"rt":2609,"stimulus":47,"slider_start":100,"sprites":"buttons","response":131,"absDeviation":10,"callibration":"test","block":8,"seed":47,"numerosity":121,"matchType":"unpaired","which":"second","trial_type":"numerosity-estimation","trial_index":161,"time_elapsed":693990,"subject_id":"76387"},{"rt":3148,"stimulus":48,"slider_start":100,"sprites":"animalCrackers","response":112,"absDeviation":23,"callibration":"test","block":8,"seed":48,"numerosity":135,"matchType":"unpaired","which":"second","trial_type":"numerosity-estimation","trial_index":162,"time_elapsed":697141,"subject_id":"76387"},{"rt":1105,"stimulus":"<p> For the last block of trials, the average deviation of your guesses from correct answers was 20.</p>\n     <p>The smaller the deviation the better.  Your deviation was <b> VERY good</b>.</p><br>\n       <p>Press any key to continue to the next block of trials</p>","response":" ","trial_type":"html-keyboard-response","trial_index":163,"time_elapsed":698248,"subject_id":"76387"},{"rt":3282,"stimulus":50,"slider_start":100,"sprites":"butterflies","response":119,"absDeviation":31,"callibration":"test","block":9,"seed":50,"numerosity":150,"matchType":"paired","which":"first","trial_type":"numerosity-estimation","trial_index":164,"time_elapsed":701534,"subject_id":"76387"},{"rt":3719,"stimulus":50,"slider_start":100,"sprites":"butterflies","response":123,"absDeviation":27,"callibration":"test","block":9,"seed":50,"numerosity":150,"matchType":"paired","which":"second","trial_type":"numerosity-estimation","trial_index":165,"time_elapsed":705256,"subject_id":"76387"},{"rt":2805,"stimulus":51,"slider_start":100,"sprites":"hearts","response":139,"absDeviation":11,"callibration":"test","block":9,"seed":51,"numerosity":150,"matchType":"unpaired","which":"second","trial_type":"numerosity-estimation","trial_index":166,"time_elapsed":708064,"subject_id":"76387"},{"rt":2198,"stimulus":52,"slider_start":100,"sprites":"crackers","response":94,"absDeviation":16,"callibration":"test","block":9,"seed":52,"numerosity":78,"matchType":"unpaired","which":"second","trial_type":"numerosity-estimation","trial_index":167,"time_elapsed":710268,"subject_id":"76387"},{"rt":2585,"stimulus":54,"slider_start":100,"sprites":"fruits","response":92,"absDeviation":0,"callibration":"test","block":9,"seed":54,"numerosity":92,"matchType":"paired","which":"first","trial_type":"numerosity-estimation","trial_index":168,"time_elapsed":712856,"subject_id":"76387"},{"rt":4110,"stimulus":54,"slider_start":100,"sprites":"fruits","response":107,"absDeviation":15,"callibration":"test","block":9,"seed":54,"numerosity":92,"matchType":"paired","which":"second","trial_type":"numerosity-estimation","trial_index":169,"time_elapsed":716969,"subject_id":"76387"},{"rt":2268,"stimulus":55,"slider_start":100,"sprites":"jellyBeans","response":105,"absDeviation":16,"callibration":"test","block":9,"seed":55,"numerosity":121,"matchType":"unpaired","which":"second","trial_type":"numerosity-estimation","trial_index":170,"time_elapsed":719239,"subject_id":"76387"},{"rt":3124,"stimulus":56,"slider_start":100,"sprites":"marbles","response":65,"absDeviation":1,"callibration":"test","block":9,"seed":56,"numerosity":64,"matchType":"unpaired","which":"second","trial_type":"numerosity-estimation","trial_index":171,"time_elapsed":722366,"subject_id":"76387"},{"rt":2968,"stimulus":58,"slider_start":100,"sprites":"rocks","response":126,"absDeviation":5,"callibration":"test","block":9,"seed":58,"numerosity":121,"matchType":"paired","which":"first","trial_type":"numerosity-estimation","trial_index":172,"time_elapsed":725337,"subject_id":"76387"},{"rt":3540,"stimulus":58,"slider_start":100,"sprites":"rocks","response":131,"absDeviation":10,"callibration":"test","block":9,"seed":58,"numerosity":121,"matchType":"paired","which":"second","trial_type":"numerosity-estimation","trial_index":173,"time_elapsed":728881,"subject_id":"76387"},{"rt":3147,"stimulus":59,"slider_start":100,"sprites":"buttons","response":149,"absDeviation":14,"callibration":"test","block":9,"seed":59,"numerosity":135,"matchType":"unpaired","which":"second","trial_type":"numerosity-estimation","trial_index":174,"time_elapsed":732032,"subject_id":"76387"},{"rt":3817,"stimulus":60,"slider_start":100,"sprites":"animalCrackers","response":115,"absDeviation":35,"callibration":"test","block":9,"seed":60,"numerosity":150,"matchType":"unpaired","which":"second","trial_type":"numerosity-estimation","trial_index":175,"time_elapsed":735852,"subject_id":"76387"},{"rt":2455,"stimulus":62,"slider_start":100,"sprites":"butterflies","response":123,"absDeviation":12,"callibration":"test","block":9,"seed":62,"numerosity":135,"matchType":"paired","which":"first","trial_type":"numerosity-estimation","trial_index":176,"time_elapsed":738310,"subject_id":"76387"},{"rt":2224,"stimulus":62,"slider_start":100,"sprites":"butterflies","response":122,"absDeviation":13,"callibration":"test","block":9,"seed":62,"numerosity":135,"matchType":"paired","which":"second","trial_type":"numerosity-estimation","trial_index":177,"time_elapsed":740537,"subject_id":"76387"},{"rt":2857,"stimulus":63,"slider_start":100,"sprites":"hearts","response":79,"absDeviation":15,"callibration":"test","block":9,"seed":63,"numerosity":64,"matchType":"unpaired","which":"second","trial_type":"numerosity-estimation","trial_index":178,"time_elapsed":743396,"subject_id":"76387"},{"rt":3687,"stimulus":64,"slider_start":100,"sprites":"crackers","response":132,"absDeviation":3,"callibration":"test","block":9,"seed":64,"numerosity":135,"matchType":"unpaired","which":"second","trial_type":"numerosity-estimation","trial_index":179,"time_elapsed":747086,"subject_id":"76387"},{"rt":1447,"stimulus":"<p> For the last block of trials, the average deviation of your guesses from correct answers was 14.</p>\n     <p>The smaller the deviation the better.  Your deviation was <b> AMAZINGLY good</b>.</p><br>\n       <p>Press any key to continue to the next block of trials</p>","response":" ","trial_type":"html-keyboard-response","trial_index":180,"time_elapsed":748535,"subject_id":"76387"},{"rt":4802,"stimulus":66,"slider_start":100,"sprites":"fruits","response":89,"absDeviation":25,"callibration":"test","block":10,"seed":66,"numerosity":64,"matchType":"paired","which":"first","trial_type":"numerosity-estimation","trial_index":181,"time_elapsed":753339,"subject_id":"76387"},{"rt":2452,"stimulus":66,"slider_start":100,"sprites":"fruits","response":95,"absDeviation":31,"callibration":"test","block":10,"seed":66,"numerosity":64,"matchType":"paired","which":"second","trial_type":"numerosity-estimation","trial_index":182,"time_elapsed":755794,"subject_id":"76387"},{"rt":3118,"stimulus":67,"slider_start":100,"sprites":"jellyBeans","response":86,"absDeviation":21,"callibration":"test","block":10,"seed":67,"numerosity":107,"matchType":"unpaired","which":"second","trial_type":"numerosity-estimation","trial_index":183,"time_elapsed":758915,"subject_id":"76387"},{"rt":2414,"stimulus":68,"slider_start":100,"sprites":"marbles","response":113,"absDeviation":37,"callibration":"test","block":10,"seed":68,"numerosity":150,"matchType":"unpaired","which":"second","trial_type":"numerosity-estimation","trial_index":184,"time_elapsed":761331,"subject_id":"76387"},{"rt":3245,"stimulus":70,"slider_start":100,"sprites":"rocks","response":119,"absDeviation":27,"callibration":"test","block":10,"seed":70,"numerosity":92,"matchType":"paired","which":"first","trial_type":"numerosity-estimation","trial_index":185,"time_elapsed":764579,"subject_id":"76387"},{"rt":2637,"stimulus":70,"slider_start":100,"sprites":"rocks","response":110,"absDeviation":18,"callibration":"test","block":10,"seed":70,"numerosity":92,"matchType":"paired","which":"second","trial_type":"numerosity-estimation","trial_index":186,"time_elapsed":767218,"subject_id":"76387"},{"rt":4470,"stimulus":71,"slider_start":100,"sprites":"buttons","response":134,"absDeviation":27,"callibration":"test","block":10,"seed":71,"numerosity":107,"matchType":"unpaired","which":"second","trial_type":"numerosity-estimation","trial_index":187,"time_elapsed":771691,"subject_id":"76387"},{"rt":2422,"stimulus":72,"slider_start":100,"sprites":"animalCrackers","response":64,"absDeviation":14,"callibration":"test","block":10,"seed":72,"numerosity":50,"matchType":"unpaired","which":"second","trial_type":"numerosity-estimation","trial_index":188,"time_elapsed":774116,"subject_id":"76387"},{"rt":2625,"stimulus":74,"slider_start":100,"sprites":"butterflies","response":63,"absDeviation":1,"callibration":"test","block":10,"seed":74,"numerosity":64,"matchType":"paired","which":"first","trial_type":"numerosity-estimation","trial_index":189,"time_elapsed":776744,"subject_id":"76387"},{"rt":4284,"stimulus":74,"slider_start":100,"sprites":"butterflies","response":68,"absDeviation":4,"callibration":"test","block":10,"seed":74,"numerosity":64,"matchType":"paired","which":"second","trial_type":"numerosity-estimation","trial_index":190,"time_elapsed":781031,"subject_id":"76387"},{"rt":4169,"stimulus":75,"slider_start":100,"sprites":"hearts","response":117,"absDeviation":25,"callibration":"test","block":10,"seed":75,"numerosity":92,"matchType":"unpaired","which":"second","trial_type":"numerosity-estimation","trial_index":191,"time_elapsed":785203,"subject_id":"76387"},{"rt":4241,"stimulus":76,"slider_start":100,"sprites":"crackers","response":88,"absDeviation":24,"callibration":"test","block":10,"seed":76,"numerosity":64,"matchType":"unpaired","which":"second","trial_type":"numerosity-estimation","trial_index":192,"time_elapsed":789447,"subject_id":"76387"},{"rt":2315,"stimulus":78,"slider_start":100,"sprites":"fruits","response":82,"absDeviation":18,"callibration":"test","block":10,"seed":78,"numerosity":64,"matchType":"paired","which":"first","trial_type":"numerosity-estimation","trial_index":193,"time_elapsed":791766,"subject_id":"76387"},{"rt":2177,"stimulus":78,"slider_start":100,"sprites":"fruits","response":81,"absDeviation":17,"callibration":"test","block":10,"seed":78,"numerosity":64,"matchType":"paired","which":"second","trial_type":"numerosity-estimation","trial_index":194,"time_elapsed":793946,"subject_id":"76387"},{"rt":2284,"stimulus":79,"slider_start":100,"sprites":"jellyBeans","response":90,"absDeviation":40,"callibration":"test","block":10,"seed":79,"numerosity":50,"matchType":"unpaired","which":"second","trial_type":"numerosity-estimation","trial_index":195,"time_elapsed":796232,"subject_id":"76387"},{"rt":2789,"stimulus":80,"slider_start":100,"sprites":"marbles","response":67,"absDeviation":54,"callibration":"test","block":10,"seed":80,"numerosity":121,"matchType":"unpaired","which":"second","trial_type":"numerosity-estimation","trial_index":196,"time_elapsed":799024,"subject_id":"76387"},{"rt":1045,"stimulus":"<p> For the last block of trials, the average deviation of your guesses from correct answers was 24.</p>\n     <p>The smaller the deviation the better.  Your deviation was <b> VERY good</b>.</p><br>\n       <p>Press any key to continue to the next block of trials</p>","response":"meta","trial_type":"html-keyboard-response","trial_index":197,"time_elapsed":800071,"subject_id":"76387"},{"rt":2770,"stimulus":82,"slider_start":100,"sprites":"rocks","response":119,"absDeviation":55,"callibration":"test","block":11,"seed":82,"numerosity":64,"matchType":"paired","which":"first","trial_type":"numerosity-estimation","trial_index":198,"time_elapsed":802844,"subject_id":"76387"},{"rt":3974,"stimulus":82,"slider_start":100,"sprites":"rocks","response":79,"absDeviation":15,"callibration":"test","block":11,"seed":82,"numerosity":64,"matchType":"paired","which":"second","trial_type":"numerosity-estimation","trial_index":199,"time_elapsed":806820,"subject_id":"76387"},{"rt":2822,"stimulus":83,"slider_start":100,"sprites":"buttons","response":130,"absDeviation":9,"callibration":"test","block":11,"seed":83,"numerosity":121,"matchType":"unpaired","which":"second","trial_type":"numerosity-estimation","trial_index":200,"time_elapsed":809645,"subject_id":"76387"},{"rt":4658,"stimulus":84,"slider_start":100,"sprites":"animalCrackers","response":49,"absDeviation":1,"callibration":"test","block":11,"seed":84,"numerosity":50,"matchType":"unpaired","which":"second","trial_type":"numerosity-estimation","trial_index":201,"time_elapsed":814306,"subject_id":"76387"},{"rt":3041,"stimulus":86,"slider_start":100,"sprites":"butterflies","response":130,"absDeviation":9,"callibration":"test","block":11,"seed":86,"numerosity":121,"matchType":"paired","which":"first","trial_type":"numerosity-estimation","trial_index":202,"time_elapsed":817351,"subject_id":"76387"},{"rt":2732,"stimulus":86,"slider_start":100,"sprites":"butterflies","response":134,"absDeviation":13,"callibration":"test","block":11,"seed":86,"numerosity":121,"matchType":"paired","which":"second","trial_type":"numerosity-estimation","trial_index":203,"time_elapsed":820086,"subject_id":"76387"},{"rt":4242,"stimulus":87,"slider_start":100,"sprites":"hearts","response":70,"absDeviation":20,"callibration":"test","block":11,"seed":87,"numerosity":50,"matchType":"unpaired","which":"second","trial_type":"numerosity-estimation","trial_index":204,"time_elapsed":824331,"subject_id":"76387"},{"rt":4046,"stimulus":88,"slider_start":100,"sprites":"crackers","response":143,"absDeviation":8,"callibration":"test","block":11,"seed":88,"numerosity":135,"matchType":"unpaired","which":"second","trial_type":"numerosity-estimation","trial_index":205,"time_elapsed":828380,"subject_id":"76387"},{"rt":3351,"stimulus":90,"slider_start":100,"sprites":"fruits","response":141,"absDeviation":9,"callibration":"test","block":11,"seed":90,"numerosity":150,"matchType":"paired","which":"first","trial_type":"numerosity-estimation","trial_index":206,"time_elapsed":831734,"subject_id":"76387"},{"rt":2609,"stimulus":90,"slider_start":100,"sprites":"fruits","response":114,"absDeviation":36,"callibration":"test","block":11,"seed":90,"numerosity":150,"matchType":"paired","which":"second","trial_type":"numerosity-estimation","trial_index":207,"time_elapsed":834346,"subject_id":"76387"},{"rt":2683,"stimulus":91,"slider_start":100,"sprites":"jellyBeans","response":92,"absDeviation":0,"callibration":"test","block":11,"seed":91,"numerosity":92,"matchType":"unpaired","which":"second","trial_type":"numerosity-estimation","trial_index":208,"time_elapsed":837032,"subject_id":"76387"},{"rt":2731,"stimulus":92,"slider_start":100,"sprites":"marbles","response":115,"absDeviation":6,"callibration":"test","block":11,"seed":92,"numerosity":121,"matchType":"unpaired","which":"second","trial_type":"numerosity-estimation","trial_index":209,"time_elapsed":839767,"subject_id":"76387"},{"rt":2422,"stimulus":94,"slider_start":100,"sprites":"rocks","response":86,"absDeviation":8,"callibration":"test","block":11,"seed":94,"numerosity":78,"matchType":"paired","which":"first","trial_type":"numerosity-estimation","trial_index":210,"time_elapsed":842191,"subject_id":"76387"},{"rt":2494,"stimulus":94,"slider_start":100,"sprites":"rocks","response":91,"absDeviation":13,"callibration":"test","block":11,"seed":94,"numerosity":78,"matchType":"paired","which":"second","trial_type":"numerosity-estimation","trial_index":211,"time_elapsed":844689,"subject_id":"76387"},{"rt":3213,"stimulus":95,"slider_start":100,"sprites":"buttons","response":88,"absDeviation":24,"callibration":"test","block":11,"seed":95,"numerosity":64,"matchType":"unpaired","which":"second","trial_type":"numerosity-estimation","trial_index":212,"time_elapsed":847905,"subject_id":"76387"},{"rt":9221,"stimulus":96,"slider_start":100,"sprites":"animalCrackers","response":95,"absDeviation":3,"callibration":"test","block":11,"seed":96,"numerosity":92,"matchType":"unpaired","which":"second","trial_type":"numerosity-estimation","trial_index":213,"time_elapsed":857128,"subject_id":"76387"},{"rt":9753,"stimulus":"<p> For the last block of trials, the average deviation of your guesses from correct answers was 14.</p>\n     <p>The smaller the deviation the better.  Your deviation was <b> AMAZINGLY good</b>.</p><br>\n       <p>Press any key to continue to the next block of trials</p>","response":" ","trial_type":"html-keyboard-response","trial_index":214,"time_elapsed":866883,"subject_id":"76387"},{"rt":13656,"response":{"averageEstimates":"When the two displays occured back-to-back, in immediate succession.","firstOrSecond":"The second time the objects were shown"},"question_order":[0,1],"trial_type":"survey-multi-choice","trial_index":215,"time_elapsed":880543,"subject_id":"76387"}]