[{"rt":6857,"url":"consent.html","trial_type":"external-html","trial_index":0,"time_elapsed":6887,"subject_id":"76189"},{"view_history":[{"page_index":0,"viewing_time":7066}],"rt":7066,"trial_type":"instructions","trial_index":1,"time_elapsed":13954,"subject_id":"76189"},{"rt":17628,"stimulus":0,"slider_start":100,"sprites":"animalCrackers","response":50,"absDeviation":0,"callibration":"callibration","block":-1,"seed":0,"numerosity":50,"matchType":"callibration","which":"first","trial_type":"numerosity-estimation","trial_index":2,"time_elapsed":31588,"subject_id":"76189"},{"rt":10330,"stimulus":1,"slider_start":100,"sprites":"letters","response":51,"absDeviation":13,"callibration":"callibration","block":-1,"seed":1,"numerosity":64,"matchType":"callibration","which":"first","trial_type":"numerosity-estimation","trial_index":3,"time_elapsed":41920,"subject_id":"76189"},{"rt":6152,"stimulus":2,"slider_start":100,"sprites":"butterflies","response":100,"absDeviation":22,"callibration":"callibration","block":-1,"seed":2,"numerosity":78,"matchType":"callibration","which":"first","trial_type":"numerosity-estimation","trial_index":4,"time_elapsed":48074,"subject_id":"76189"},{"rt":3460,"stimulus":3,"slider_start":100,"sprites":"hearts","response":100,"absDeviation":8,"callibration":"callibration","block":-1,"seed":3,"numerosity":92,"matchType":"callibration","which":"first","trial_type":"numerosity-estimation","trial_index":5,"time_elapsed":51536,"subject_id":"76189"},{"rt":3944,"stimulus":4,"slider_start":100,"sprites":"crackers","response":100,"absDeviation":7,"callibration":"callibration","block":-1,"seed":4,"numerosity":107,"matchType":"callibration","which":"first","trial_type":"numerosity-estimation","trial_index":6,"time_elapsed":55482,"subject_id":"76189"},{"rt":2304,"stimulus":5,"slider_start":100,"sprites":"bears","response":100,"absDeviation":21,"callibration":"callibration","block":-1,"seed":5,"numerosity":121,"matchType":"callibration","which":"first","trial_type":"numerosity-estimation","trial_index":7,"time_elapsed":57787,"subject_id":"76189"},{"rt":3564,"stimulus":6,"slider_start":100,"sprites":"fruits","response":100,"absDeviation":35,"callibration":"callibration","block":-1,"seed":6,"numerosity":135,"matchType":"callibration","which":"first","trial_type":"numerosity-estimation","trial_index":8,"time_elapsed":61353,"subject_id":"76189"},{"rt":2165,"stimulus":7,"slider_start":100,"sprites":"jellyBeans","response":100,"absDeviation":50,"callibration":"callibration","block":-1,"seed":7,"numerosity":150,"matchType":"callibration","which":"first","trial_type":"numerosity-estimation","trial_index":9,"time_elapsed":63520,"subject_id":"76189"},{"view_history":[{"page_index":0,"viewing_time":35801}],"rt":35801,"trial_type":"instructions","trial_index":10,"time_elapsed":99322,"subject_id":"76189"},{"rt":6997,"stimulus":1,"slider_start":100,"sprites":"letters","response":78,"absDeviation":14,"callibration":"test","block":0,"seed":1,"numerosity":92,"matchType":"paired","which":"first","trial_type":"numerosity-estimation","trial_index":11,"time_elapsed":106320,"subject_id":"76189"},{"rt":6515,"stimulus":1,"slider_start":100,"sprites":"letters","response":77,"absDeviation":15,"callibration":"test","block":0,"seed":1,"numerosity":92,"matchType":"paired","which":"second","trial_type":"numerosity-estimation","trial_index":12,"time_elapsed":112837,"subject_id":"76189"},{"rt":8065,"stimulus":3,"slider_start":100,"sprites":"hearts","response":65,"absDeviation":15,"callibration":"test","block":0,"seed":3,"numerosity":50,"matchType":"unpaired","which":"first","trial_type":"numerosity-estimation","trial_index":13,"time_elapsed":120904,"subject_id":"76189"},{"rt":6531,"stimulus":4,"slider_start":100,"sprites":"crackers","response":110,"absDeviation":3,"callibration":"test","block":0,"seed":4,"numerosity":107,"matchType":"unpaired","which":"first","trial_type":"numerosity-estimation","trial_index":14,"time_elapsed":127437,"subject_id":"76189"},{"rt":10100,"stimulus":5,"slider_start":100,"sprites":"bears","response":50,"absDeviation":0,"callibration":"test","block":0,"seed":5,"numerosity":50,"matchType":"paired","which":"first","trial_type":"numerosity-estimation","trial_index":15,"time_elapsed":137537,"subject_id":"76189"},{"rt":4999,"stimulus":5,"slider_start":100,"sprites":"bears","response":44,"absDeviation":6,"callibration":"test","block":0,"seed":5,"numerosity":50,"matchType":"paired","which":"second","trial_type":"numerosity-estimation","trial_index":16,"time_elapsed":142538,"subject_id":"76189"},{"rt":16249,"stimulus":7,"slider_start":100,"sprites":"jellyBeans","response":65,"absDeviation":15,"callibration":"test","block":0,"seed":7,"numerosity":50,"matchType":"unpaired","which":"first","trial_type":"numerosity-estimation","trial_index":17,"time_elapsed":158789,"subject_id":"76189"},{"rt":7497,"stimulus":8,"slider_start":100,"sprites":"marbles","response":80,"absDeviation":12,"callibration":"test","block":0,"seed":8,"numerosity":92,"matchType":"unpaired","which":"first","trial_type":"numerosity-estimation","trial_index":18,"time_elapsed":166288,"subject_id":"76189"},{"rt":5413,"stimulus":9,"slider_start":100,"sprites":"mints","response":100,"absDeviation":35,"callibration":"test","block":0,"seed":9,"numerosity":135,"matchType":"paired","which":"first","trial_type":"numerosity-estimation","trial_index":19,"time_elapsed":171704,"subject_id":"76189"},{"rt":2616,"stimulus":9,"slider_start":100,"sprites":"mints","response":100,"absDeviation":35,"callibration":"test","block":0,"seed":9,"numerosity":135,"matchType":"paired","which":"second","trial_type":"numerosity-estimation","trial_index":20,"time_elapsed":174321,"subject_id":"76189"},{"rt":3115,"stimulus":11,"slider_start":100,"sprites":"buttons","response":97,"absDeviation":10,"callibration":"test","block":0,"seed":11,"numerosity":107,"matchType":"unpaired","which":"first","trial_type":"numerosity-estimation","trial_index":21,"time_elapsed":177437,"subject_id":"76189"},{"rt":4049,"stimulus":12,"slider_start":100,"sprites":"animalCrackers","response":76,"absDeviation":16,"callibration":"test","block":0,"seed":12,"numerosity":92,"matchType":"unpaired","which":"first","trial_type":"numerosity-estimation","trial_index":22,"time_elapsed":181488,"subject_id":"76189"},{"rt":10831,"stimulus":13,"slider_start":100,"sprites":"letters","response":121,"absDeviation":14,"callibration":"test","block":0,"seed":13,"numerosity":107,"matchType":"paired","which":"first","trial_type":"numerosity-estimation","trial_index":23,"time_elapsed":192321,"subject_id":"76189"},{"rt":7565,"stimulus":13,"slider_start":100,"sprites":"letters","response":100,"absDeviation":7,"callibration":"test","block":0,"seed":13,"numerosity":107,"matchType":"paired","which":"second","trial_type":"numerosity-estimation","trial_index":24,"time_elapsed":199887,"subject_id":"76189"},{"rt":4383,"stimulus":15,"slider_start":100,"sprites":"hearts","response":111,"absDeviation":10,"callibration":"test","block":0,"seed":15,"numerosity":121,"matchType":"unpaired","which":"first","trial_type":"numerosity-estimation","trial_index":25,"time_elapsed":204272,"subject_id":"76189"},{"rt":2634,"stimulus":16,"slider_start":100,"sprites":"crackers","response":75,"absDeviation":11,"callibration":"test","block":0,"seed":16,"numerosity":64,"matchType":"unpaired","which":"first","trial_type":"numerosity-estimation","trial_index":26,"time_elapsed":206909,"subject_id":"76189"},{"rt":188742,"stimulus":"<p> For the last block of trials, the average deviation of your guesses from correct answers was 14.</p>\n     <p>The smaller the deviation the better.  Your deviation was <b> AMAZINGLY good</b>.</p><br>\n       <p>Press any key to continue to the next block of trials</p>","response":"m","trial_type":"html-keyboard-response","trial_index":27,"time_elapsed":395656,"subject_id":"76189"},{"rt":3565,"stimulus":17,"slider_start":100,"sprites":"bears","response":104,"absDeviation":12,"callibration":"test","block":1,"seed":17,"numerosity":92,"matchType":"paired","which":"first","trial_type":"numerosity-estimation","trial_index":28,"time_elapsed":399224,"subject_id":"76189"},{"rt":3397,"stimulus":17,"slider_start":100,"sprites":"bears","response":113,"absDeviation":21,"callibration":"test","block":1,"seed":17,"numerosity":92,"matchType":"paired","which":"second","trial_type":"numerosity-estimation","trial_index":29,"time_elapsed":402623,"subject_id":"76189"},{"rt":5533,"stimulus":19,"slider_start":100,"sprites":"jellyBeans","response":122,"absDeviation":13,"callibration":"test","block":1,"seed":19,"numerosity":135,"matchType":"unpaired","which":"first","trial_type":"numerosity-estimation","trial_index":30,"time_elapsed":408158,"subject_id":"76189"},{"rt":3164,"stimulus":20,"slider_start":100,"sprites":"marbles","response":94,"absDeviation":16,"callibration":"test","block":1,"seed":20,"numerosity":78,"matchType":"unpaired","which":"first","trial_type":"numerosity-estimation","trial_index":31,"time_elapsed":411324,"subject_id":"76189"},{"rt":2418,"stimulus":21,"slider_start":100,"sprites":"mints","response":101,"absDeviation":9,"callibration":"test","block":1,"seed":21,"numerosity":92,"matchType":"paired","which":"first","trial_type":"numerosity-estimation","trial_index":32,"time_elapsed":413744,"subject_id":"76189"},{"rt":2429,"stimulus":21,"slider_start":100,"sprites":"mints","response":105,"absDeviation":13,"callibration":"test","block":1,"seed":21,"numerosity":92,"matchType":"paired","which":"second","trial_type":"numerosity-estimation","trial_index":33,"time_elapsed":416174,"subject_id":"76189"},{"rt":2982,"stimulus":23,"slider_start":100,"sprites":"buttons","response":122,"absDeviation":28,"callibration":"test","block":1,"seed":23,"numerosity":150,"matchType":"unpaired","which":"first","trial_type":"numerosity-estimation","trial_index":34,"time_elapsed":419158,"subject_id":"76189"},{"rt":6364,"stimulus":24,"slider_start":100,"sprites":"animalCrackers","response":109,"absDeviation":2,"callibration":"test","block":1,"seed":24,"numerosity":107,"matchType":"unpaired","which":"first","trial_type":"numerosity-estimation","trial_index":35,"time_elapsed":425524,"subject_id":"76189"},{"rt":8530,"stimulus":25,"slider_start":100,"sprites":"letters","response":112,"absDeviation":5,"callibration":"test","block":1,"seed":25,"numerosity":107,"matchType":"paired","which":"first","trial_type":"numerosity-estimation","trial_index":36,"time_elapsed":434057,"subject_id":"76189"},{"rt":3232,"stimulus":25,"slider_start":100,"sprites":"letters","response":114,"absDeviation":7,"callibration":"test","block":1,"seed":25,"numerosity":107,"matchType":"paired","which":"second","trial_type":"numerosity-estimation","trial_index":37,"time_elapsed":437290,"subject_id":"76189"},{"rt":4416,"stimulus":27,"slider_start":100,"sprites":"hearts","response":114,"absDeviation":7,"callibration":"test","block":1,"seed":27,"numerosity":121,"matchType":"unpaired","which":"first","trial_type":"numerosity-estimation","trial_index":38,"time_elapsed":441708,"subject_id":"76189"},{"rt":6949,"stimulus":28,"slider_start":100,"sprites":"crackers","response":114,"absDeviation":36,"callibration":"test","block":1,"seed":28,"numerosity":150,"matchType":"unpaired","which":"first","trial_type":"numerosity-estimation","trial_index":39,"time_elapsed":448659,"subject_id":"76189"},{"rt":3230,"stimulus":29,"slider_start":100,"sprites":"bears","response":78,"absDeviation":14,"callibration":"test","block":1,"seed":29,"numerosity":64,"matchType":"paired","which":"first","trial_type":"numerosity-estimation","trial_index":40,"time_elapsed":451890,"subject_id":"76189"},{"rt":2501,"stimulus":29,"slider_start":100,"sprites":"bears","response":86,"absDeviation":22,"callibration":"test","block":1,"seed":29,"numerosity":64,"matchType":"paired","which":"second","trial_type":"numerosity-estimation","trial_index":41,"time_elapsed":454393,"subject_id":"76189"},{"rt":5347,"stimulus":31,"slider_start":100,"sprites":"jellyBeans","response":128,"absDeviation":22,"callibration":"test","block":1,"seed":31,"numerosity":150,"matchType":"unpaired","which":"first","trial_type":"numerosity-estimation","trial_index":42,"time_elapsed":459741,"subject_id":"76189"},{"rt":8581,"stimulus":32,"slider_start":100,"sprites":"marbles","response":100,"absDeviation":35,"callibration":"test","block":1,"seed":32,"numerosity":135,"matchType":"unpaired","which":"first","trial_type":"numerosity-estimation","trial_index":43,"time_elapsed":468324,"subject_id":"76189"},{"rt":16019,"stimulus":"<p> For the last block of trials, the average deviation of your guesses from correct answers was 16.</p>\n     <p>The smaller the deviation the better.  Your deviation was <b> VERY good</b>.</p><br>\n       <p>Press any key to continue to the next block of trials</p>","response":" ","trial_type":"html-keyboard-response","trial_index":44,"time_elapsed":484345,"subject_id":"76189"},{"rt":4197,"stimulus":33,"slider_start":100,"sprites":"mints","response":136,"absDeviation":15,"callibration":"test","block":2,"seed":33,"numerosity":121,"matchType":"paired","which":"first","trial_type":"numerosity-estimation","trial_index":45,"time_elapsed":488544,"subject_id":"76189"},{"rt":2712,"stimulus":33,"slider_start":100,"sprites":"mints","response":134,"absDeviation":13,"callibration":"test","block":2,"seed":33,"numerosity":121,"matchType":"paired","which":"second","trial_type":"numerosity-estimation","trial_index":46,"time_elapsed":491258,"subject_id":"76189"},{"rt":3250,"stimulus":35,"slider_start":100,"sprites":"buttons","response":95,"absDeviation":17,"callibration":"test","block":2,"seed":35,"numerosity":78,"matchType":"unpaired","which":"first","trial_type":"numerosity-estimation","trial_index":47,"time_elapsed":494509,"subject_id":"76189"},{"rt":5465,"stimulus":36,"slider_start":100,"sprites":"animalCrackers","response":72,"absDeviation":22,"callibration":"test","block":2,"seed":36,"numerosity":50,"matchType":"unpaired","which":"first","trial_type":"numerosity-estimation","trial_index":48,"time_elapsed":499975,"subject_id":"76189"},{"rt":3931,"stimulus":37,"slider_start":100,"sprites":"letters","response":121,"absDeviation":14,"callibration":"test","block":2,"seed":37,"numerosity":135,"matchType":"paired","which":"first","trial_type":"numerosity-estimation","trial_index":49,"time_elapsed":503908,"subject_id":"76189"},{"rt":2503,"stimulus":37,"slider_start":100,"sprites":"letters","response":119,"absDeviation":16,"callibration":"test","block":2,"seed":37,"numerosity":135,"matchType":"paired","which":"second","trial_type":"numerosity-estimation","trial_index":50,"time_elapsed":506412,"subject_id":"76189"},{"rt":2862,"stimulus":39,"slider_start":100,"sprites":"hearts","response":100,"absDeviation":22,"callibration":"test","block":2,"seed":39,"numerosity":78,"matchType":"unpaired","which":"first","trial_type":"numerosity-estimation","trial_index":51,"time_elapsed":509275,"subject_id":"76189"},{"rt":7081,"stimulus":40,"slider_start":100,"sprites":"crackers","response":109,"absDeviation":12,"callibration":"test","block":2,"seed":40,"numerosity":121,"matchType":"unpaired","which":"first","trial_type":"numerosity-estimation","trial_index":52,"time_elapsed":516358,"subject_id":"76189"},{"rt":5232,"stimulus":41,"slider_start":100,"sprites":"bears","response":79,"absDeviation":29,"callibration":"test","block":2,"seed":41,"numerosity":50,"matchType":"paired","which":"first","trial_type":"numerosity-estimation","trial_index":53,"time_elapsed":521592,"subject_id":"76189"},{"rt":3148,"stimulus":41,"slider_start":100,"sprites":"bears","response":86,"absDeviation":36,"callibration":"test","block":2,"seed":41,"numerosity":50,"matchType":"paired","which":"second","trial_type":"numerosity-estimation","trial_index":54,"time_elapsed":524741,"subject_id":"76189"},{"rt":3265,"stimulus":43,"slider_start":100,"sprites":"jellyBeans","response":100,"absDeviation":36,"callibration":"test","block":2,"seed":43,"numerosity":64,"matchType":"unpaired","which":"first","trial_type":"numerosity-estimation","trial_index":55,"time_elapsed":528008,"subject_id":"76189"},{"rt":6232,"stimulus":44,"slider_start":100,"sprites":"marbles","response":123,"absDeviation":2,"callibration":"test","block":2,"seed":44,"numerosity":121,"matchType":"unpaired","which":"first","trial_type":"numerosity-estimation","trial_index":56,"time_elapsed":534242,"subject_id":"76189"},{"rt":7682,"stimulus":45,"slider_start":100,"sprites":"mints","response":130,"absDeviation":9,"callibration":"test","block":2,"seed":45,"numerosity":121,"matchType":"paired","which":"first","trial_type":"numerosity-estimation","trial_index":57,"time_elapsed":541925,"subject_id":"76189"},{"rt":4683,"stimulus":45,"slider_start":100,"sprites":"mints","response":124,"absDeviation":3,"callibration":"test","block":2,"seed":45,"numerosity":121,"matchType":"paired","which":"second","trial_type":"numerosity-estimation","trial_index":58,"time_elapsed":546610,"subject_id":"76189"},{"rt":2696,"stimulus":47,"slider_start":100,"sprites":"buttons","response":136,"absDeviation":15,"callibration":"test","block":2,"seed":47,"numerosity":121,"matchType":"unpaired","which":"first","trial_type":"numerosity-estimation","trial_index":59,"time_elapsed":549308,"subject_id":"76189"},{"rt":3251,"stimulus":48,"slider_start":100,"sprites":"animalCrackers","response":138,"absDeviation":3,"callibration":"test","block":2,"seed":48,"numerosity":135,"matchType":"unpaired","which":"first","trial_type":"numerosity-estimation","trial_index":60,"time_elapsed":552560,"subject_id":"76189"},{"rt":2926,"stimulus":"<p> For the last block of trials, the average deviation of your guesses from correct answers was 17.</p>\n     <p>The smaller the deviation the better.  Your deviation was <b> VERY good</b>.</p><br>\n       <p>Press any key to continue to the next block of trials</p>","response":" ","trial_type":"html-keyboard-response","trial_index":61,"time_elapsed":555487,"subject_id":"76189"},{"rt":8453,"stimulus":49,"slider_start":100,"sprites":"letters","response":100,"absDeviation":22,"callibration":"test","block":3,"seed":49,"numerosity":78,"matchType":"paired","which":"first","trial_type":"numerosity-estimation","trial_index":62,"time_elapsed":563943,"subject_id":"76189"},{"rt":9665,"stimulus":49,"slider_start":100,"sprites":"letters","response":98,"absDeviation":20,"callibration":"test","block":3,"seed":49,"numerosity":78,"matchType":"paired","which":"second","trial_type":"numerosity-estimation","trial_index":63,"time_elapsed":573609,"subject_id":"76189"},{"rt":4864,"stimulus":51,"slider_start":100,"sprites":"hearts","response":123,"absDeviation":27,"callibration":"test","block":3,"seed":51,"numerosity":150,"matchType":"unpaired","which":"first","trial_type":"numerosity-estimation","trial_index":64,"time_elapsed":578475,"subject_id":"76189"},{"rt":2569,"stimulus":52,"slider_start":100,"sprites":"crackers","response":100,"absDeviation":22,"callibration":"test","block":3,"seed":52,"numerosity":78,"matchType":"unpaired","which":"first","trial_type":"numerosity-estimation","trial_index":65,"time_elapsed":581046,"subject_id":"76189"},{"rt":3227,"stimulus":53,"slider_start":100,"sprites":"bears","response":67,"absDeviation":17,"callibration":"test","block":3,"seed":53,"numerosity":50,"matchType":"paired","which":"first","trial_type":"numerosity-estimation","trial_index":66,"time_elapsed":584274,"subject_id":"76189"},{"rt":2669,"stimulus":53,"slider_start":100,"sprites":"bears","response":68,"absDeviation":18,"callibration":"test","block":3,"seed":53,"numerosity":50,"matchType":"paired","which":"second","trial_type":"numerosity-estimation","trial_index":67,"time_elapsed":586945,"subject_id":"76189"},{"rt":4478,"stimulus":55,"slider_start":100,"sprites":"jellyBeans","response":91,"absDeviation":30,"callibration":"test","block":3,"seed":55,"numerosity":121,"matchType":"unpaired","which":"first","trial_type":"numerosity-estimation","trial_index":68,"time_elapsed":591424,"subject_id":"76189"},{"rt":8865,"stimulus":56,"slider_start":100,"sprites":"marbles","response":100,"absDeviation":36,"callibration":"test","block":3,"seed":56,"numerosity":64,"matchType":"unpaired","which":"first","trial_type":"numerosity-estimation","trial_index":69,"time_elapsed":600291,"subject_id":"76189"},{"rt":4751,"stimulus":57,"slider_start":100,"sprites":"mints","response":76,"absDeviation":12,"callibration":"test","block":3,"seed":57,"numerosity":64,"matchType":"paired","which":"first","trial_type":"numerosity-estimation","trial_index":70,"time_elapsed":605042,"subject_id":"76189"},{"rt":7864,"stimulus":57,"slider_start":100,"sprites":"mints","response":87,"absDeviation":23,"callibration":"test","block":3,"seed":57,"numerosity":64,"matchType":"paired","which":"second","trial_type":"numerosity-estimation","trial_index":71,"time_elapsed":612908,"subject_id":"76189"},{"rt":7970,"stimulus":59,"slider_start":100,"sprites":"buttons","response":110,"absDeviation":25,"callibration":"test","block":3,"seed":59,"numerosity":135,"matchType":"unpaired","which":"first","trial_type":"numerosity-estimation","trial_index":72,"time_elapsed":620879,"subject_id":"76189"},{"rt":3378,"stimulus":60,"slider_start":100,"sprites":"animalCrackers","response":135,"absDeviation":15,"callibration":"test","block":3,"seed":60,"numerosity":150,"matchType":"unpaired","which":"first","trial_type":"numerosity-estimation","trial_index":73,"time_elapsed":624258,"subject_id":"76189"},{"rt":7282,"stimulus":61,"slider_start":100,"sprites":"letters","response":88,"absDeviation":38,"callibration":"test","block":3,"seed":61,"numerosity":50,"matchType":"paired","which":"first","trial_type":"numerosity-estimation","trial_index":74,"time_elapsed":631541,"subject_id":"76189"},{"rt":7767,"stimulus":61,"slider_start":100,"sprites":"letters","response":87,"absDeviation":37,"callibration":"test","block":3,"seed":61,"numerosity":50,"matchType":"paired","which":"second","trial_type":"numerosity-estimation","trial_index":75,"time_elapsed":639309,"subject_id":"76189"},{"rt":4231,"stimulus":63,"slider_start":100,"sprites":"hearts","response":110,"absDeviation":46,"callibration":"test","block":3,"seed":63,"numerosity":64,"matchType":"unpaired","which":"first","trial_type":"numerosity-estimation","trial_index":76,"time_elapsed":643541,"subject_id":"76189"},{"rt":2417,"stimulus":64,"slider_start":100,"sprites":"crackers","response":125,"absDeviation":10,"callibration":"test","block":3,"seed":64,"numerosity":135,"matchType":"unpaired","which":"first","trial_type":"numerosity-estimation","trial_index":77,"time_elapsed":645959,"subject_id":"76189"},{"rt":4024,"stimulus":"<p> For the last block of trials, the average deviation of your guesses from correct answers was 25.</p>\n     <p>The smaller the deviation the better.  Your deviation was <b> good</b>.</p><br>\n       <p>Press any key to continue to the next block of trials</p>","response":" ","trial_type":"html-keyboard-response","trial_index":78,"time_elapsed":649984,"subject_id":"76189"},{"rt":7707,"stimulus":65,"slider_start":100,"sprites":"bears","response":106,"absDeviation":1,"callibration":"test","block":4,"seed":65,"numerosity":107,"matchType":"paired","which":"first","trial_type":"numerosity-estimation","trial_index":79,"time_elapsed":657692,"subject_id":"76189"},{"rt":3066,"stimulus":65,"slider_start":100,"sprites":"bears","response":119,"absDeviation":12,"callibration":"test","block":4,"seed":65,"numerosity":107,"matchType":"paired","which":"second","trial_type":"numerosity-estimation","trial_index":80,"time_elapsed":660759,"subject_id":"76189"},{"rt":5231,"stimulus":67,"slider_start":100,"sprites":"jellyBeans","response":123,"absDeviation":16,"callibration":"test","block":4,"seed":67,"numerosity":107,"matchType":"unpaired","which":"first","trial_type":"numerosity-estimation","trial_index":81,"time_elapsed":665991,"subject_id":"76189"},{"rt":5283,"stimulus":68,"slider_start":100,"sprites":"marbles","response":114,"absDeviation":36,"callibration":"test","block":4,"seed":68,"numerosity":150,"matchType":"unpaired","which":"first","trial_type":"numerosity-estimation","trial_index":82,"time_elapsed":671275,"subject_id":"76189"},{"rt":2435,"stimulus":69,"slider_start":100,"sprites":"mints","response":126,"absDeviation":5,"callibration":"test","block":4,"seed":69,"numerosity":121,"matchType":"paired","which":"first","trial_type":"numerosity-estimation","trial_index":83,"time_elapsed":673711,"subject_id":"76189"},{"rt":2397,"stimulus":69,"slider_start":100,"sprites":"mints","response":127,"absDeviation":6,"callibration":"test","block":4,"seed":69,"numerosity":121,"matchType":"paired","which":"second","trial_type":"numerosity-estimation","trial_index":84,"time_elapsed":676109,"subject_id":"76189"},{"rt":5402,"stimulus":71,"slider_start":100,"sprites":"buttons","response":112,"absDeviation":5,"callibration":"test","block":4,"seed":71,"numerosity":107,"matchType":"unpaired","which":"first","trial_type":"numerosity-estimation","trial_index":85,"time_elapsed":681512,"subject_id":"76189"},{"rt":3263,"stimulus":72,"slider_start":100,"sprites":"animalCrackers","response":74,"absDeviation":24,"callibration":"test","block":4,"seed":72,"numerosity":50,"matchType":"unpaired","which":"first","trial_type":"numerosity-estimation","trial_index":86,"time_elapsed":684776,"subject_id":"76189"},{"rt":4564,"stimulus":73,"slider_start":100,"sprites":"letters","response":96,"absDeviation":18,"callibration":"test","block":4,"seed":73,"numerosity":78,"matchType":"paired","which":"first","trial_type":"numerosity-estimation","trial_index":87,"time_elapsed":689341,"subject_id":"76189"},{"rt":2368,"stimulus":73,"slider_start":100,"sprites":"letters","response":100,"absDeviation":22,"callibration":"test","block":4,"seed":73,"numerosity":78,"matchType":"paired","which":"second","trial_type":"numerosity-estimation","trial_index":88,"time_elapsed":691711,"subject_id":"76189"},{"rt":5531,"stimulus":75,"slider_start":100,"sprites":"hearts","response":113,"absDeviation":21,"callibration":"test","block":4,"seed":75,"numerosity":92,"matchType":"unpaired","which":"first","trial_type":"numerosity-estimation","trial_index":89,"time_elapsed":697243,"subject_id":"76189"},{"rt":3597,"stimulus":76,"slider_start":100,"sprites":"crackers","response":100,"absDeviation":36,"callibration":"test","block":4,"seed":76,"numerosity":64,"matchType":"unpaired","which":"first","trial_type":"numerosity-estimation","trial_index":90,"time_elapsed":700842,"subject_id":"76189"},{"rt":6665,"stimulus":77,"slider_start":100,"sprites":"bears","response":127,"absDeviation":8,"callibration":"test","block":4,"seed":77,"numerosity":135,"matchType":"paired","which":"first","trial_type":"numerosity-estimation","trial_index":91,"time_elapsed":707508,"subject_id":"76189"},{"rt":3316,"stimulus":77,"slider_start":100,"sprites":"bears","response":131,"absDeviation":4,"callibration":"test","block":4,"seed":77,"numerosity":135,"matchType":"paired","which":"second","trial_type":"numerosity-estimation","trial_index":92,"time_elapsed":710825,"subject_id":"76189"},{"rt":3617,"stimulus":79,"slider_start":100,"sprites":"jellyBeans","response":65,"absDeviation":15,"callibration":"test","block":4,"seed":79,"numerosity":50,"matchType":"unpaired","which":"first","trial_type":"numerosity-estimation","trial_index":93,"time_elapsed":714443,"subject_id":"76189"},{"rt":3916,"stimulus":80,"slider_start":100,"sprites":"marbles","response":112,"absDeviation":9,"callibration":"test","block":4,"seed":80,"numerosity":121,"matchType":"unpaired","which":"first","trial_type":"numerosity-estimation","trial_index":94,"time_elapsed":718361,"subject_id":"76189"},{"rt":3033,"stimulus":"<p> For the last block of trials, the average deviation of your guesses from correct answers was 15.</p>\n     <p>The smaller the deviation the better.  Your deviation was <b> VERY good</b>.</p><br>\n       <p>Press any key to continue to the next block of trials</p>","response":" ","trial_type":"html-keyboard-response","trial_index":95,"time_elapsed":721395,"subject_id":"76189"},{"rt":5146,"stimulus":81,"slider_start":100,"sprites":"mints","response":120,"absDeviation":1,"callibration":"test","block":5,"seed":81,"numerosity":121,"matchType":"paired","which":"first","trial_type":"numerosity-estimation","trial_index":96,"time_elapsed":726543,"subject_id":"76189"},{"rt":2865,"stimulus":81,"slider_start":100,"sprites":"mints","response":126,"absDeviation":5,"callibration":"test","block":5,"seed":81,"numerosity":121,"matchType":"paired","which":"second","trial_type":"numerosity-estimation","trial_index":97,"time_elapsed":729410,"subject_id":"76189"},{"rt":4565,"stimulus":83,"slider_start":100,"sprites":"buttons","response":116,"absDeviation":5,"callibration":"test","block":5,"seed":83,"numerosity":121,"matchType":"unpaired","which":"first","trial_type":"numerosity-estimation","trial_index":98,"time_elapsed":733976,"subject_id":"76189"},{"rt":3680,"stimulus":84,"slider_start":100,"sprites":"animalCrackers","response":74,"absDeviation":24,"callibration":"test","block":5,"seed":84,"numerosity":50,"matchType":"unpaired","which":"first","trial_type":"numerosity-estimation","trial_index":99,"time_elapsed":737658,"subject_id":"76189"},{"rt":2816,"stimulus":85,"slider_start":100,"sprites":"letters","response":87,"absDeviation":23,"callibration":"test","block":5,"seed":85,"numerosity":64,"matchType":"paired","which":"first","trial_type":"numerosity-estimation","trial_index":100,"time_elapsed":740475,"subject_id":"76189"},{"rt":2566,"stimulus":85,"slider_start":100,"sprites":"letters","response":87,"absDeviation":23,"callibration":"test","block":5,"seed":85,"numerosity":64,"matchType":"paired","which":"second","trial_type":"numerosity-estimation","trial_index":101,"time_elapsed":743042,"subject_id":"76189"},{"rt":3333,"stimulus":87,"slider_start":100,"sprites":"hearts","response":100,"absDeviation":50,"callibration":"test","block":5,"seed":87,"numerosity":50,"matchType":"unpaired","which":"first","trial_type":"numerosity-estimation","trial_index":102,"time_elapsed":746376,"subject_id":"76189"},{"rt":2631,"stimulus":88,"slider_start":100,"sprites":"crackers","response":114,"absDeviation":21,"callibration":"test","block":5,"seed":88,"numerosity":135,"matchType":"unpaired","which":"first","trial_type":"numerosity-estimation","trial_index":103,"time_elapsed":749009,"subject_id":"76189"},{"rt":2301,"stimulus":89,"slider_start":100,"sprites":"bears","response":80,"absDeviation":30,"callibration":"test","block":5,"seed":89,"numerosity":50,"matchType":"paired","which":"first","trial_type":"numerosity-estimation","trial_index":104,"time_elapsed":751311,"subject_id":"76189"},{"rt":3881,"stimulus":89,"slider_start":100,"sprites":"bears","response":83,"absDeviation":33,"callibration":"test","block":5,"seed":89,"numerosity":50,"matchType":"paired","which":"second","trial_type":"numerosity-estimation","trial_index":105,"time_elapsed":755194,"subject_id":"76189"},{"rt":7031,"stimulus":91,"slider_start":100,"sprites":"jellyBeans","response":100,"absDeviation":8,"callibration":"test","block":5,"seed":91,"numerosity":92,"matchType":"unpaired","which":"first","trial_type":"numerosity-estimation","trial_index":106,"time_elapsed":762226,"subject_id":"76189"},{"rt":4565,"stimulus":92,"slider_start":100,"sprites":"marbles","response":115,"absDeviation":6,"callibration":"test","block":5,"seed":92,"numerosity":121,"matchType":"unpaired","which":"first","trial_type":"numerosity-estimation","trial_index":107,"time_elapsed":766792,"subject_id":"76189"},{"rt":2615,"stimulus":93,"slider_start":100,"sprites":"mints","response":112,"absDeviation":34,"callibration":"test","block":5,"seed":93,"numerosity":78,"matchType":"paired","which":"first","trial_type":"numerosity-estimation","trial_index":108,"time_elapsed":769409,"subject_id":"76189"},{"rt":2900,"stimulus":93,"slider_start":100,"sprites":"mints","response":116,"absDeviation":38,"callibration":"test","block":5,"seed":93,"numerosity":78,"matchType":"paired","which":"second","trial_type":"numerosity-estimation","trial_index":109,"time_elapsed":772310,"subject_id":"76189"},{"rt":3482,"stimulus":95,"slider_start":100,"sprites":"buttons","response":111,"absDeviation":47,"callibration":"test","block":5,"seed":95,"numerosity":64,"matchType":"unpaired","which":"first","trial_type":"numerosity-estimation","trial_index":110,"time_elapsed":775794,"subject_id":"76189"},{"rt":4097,"stimulus":96,"slider_start":100,"sprites":"animalCrackers","response":116,"absDeviation":24,"callibration":"test","block":5,"seed":96,"numerosity":92,"matchType":"unpaired","which":"first","trial_type":"numerosity-estimation","trial_index":111,"time_elapsed":779892,"subject_id":"76189"},{"rt":4299,"stimulus":"<p> For the last block of trials, the average deviation of your guesses from correct answers was 23.</p>\n     <p>The smaller the deviation the better.  Your deviation was <b> VERY good</b>.</p><br>\n       <p>Press any key to continue to the next block of trials</p>","response":" ","trial_type":"html-keyboard-response","trial_index":112,"time_elapsed":784191,"subject_id":"76189"},{"rt":7783,"stimulus":2,"slider_start":100,"sprites":"butterflies","response":111,"absDeviation":24,"callibration":"test","block":6,"seed":2,"numerosity":135,"matchType":"paired","which":"first","trial_type":"numerosity-estimation","trial_index":113,"time_elapsed":791976,"subject_id":"76189"},{"rt":3267,"stimulus":2,"slider_start":100,"sprites":"butterflies","response":105,"absDeviation":30,"callibration":"test","block":6,"seed":2,"numerosity":135,"matchType":"paired","which":"second","trial_type":"numerosity-estimation","trial_index":114,"time_elapsed":795243,"subject_id":"76189"},{"rt":3014,"stimulus":3,"slider_start":100,"sprites":"hearts","response":87,"absDeviation":37,"callibration":"test","block":6,"seed":3,"numerosity":50,"matchType":"unpaired","which":"second","trial_type":"numerosity-estimation","trial_index":115,"time_elapsed":798259,"subject_id":"76189"},{"rt":2766,"stimulus":4,"slider_start":100,"sprites":"crackers","response":113,"absDeviation":6,"callibration":"test","block":6,"seed":4,"numerosity":107,"matchType":"unpaired","which":"second","trial_type":"numerosity-estimation","trial_index":116,"time_elapsed":801026,"subject_id":"76189"},{"rt":3500,"stimulus":6,"slider_start":100,"sprites":"fruits","response":113,"absDeviation":35,"callibration":"test","block":6,"seed":6,"numerosity":78,"matchType":"paired","which":"first","trial_type":"numerosity-estimation","trial_index":117,"time_elapsed":804526,"subject_id":"76189"},{"rt":7283,"stimulus":6,"slider_start":100,"sprites":"fruits","response":111,"absDeviation":33,"callibration":"test","block":6,"seed":6,"numerosity":78,"matchType":"paired","which":"second","trial_type":"numerosity-estimation","trial_index":118,"time_elapsed":811810,"subject_id":"76189"},{"rt":2364,"stimulus":7,"slider_start":100,"sprites":"jellyBeans","response":86,"absDeviation":36,"callibration":"test","block":6,"seed":7,"numerosity":50,"matchType":"unpaired","which":"second","trial_type":"numerosity-estimation","trial_index":119,"time_elapsed":814176,"subject_id":"76189"},{"rt":2683,"stimulus":8,"slider_start":100,"sprites":"marbles","response":93,"absDeviation":1,"callibration":"test","block":6,"seed":8,"numerosity":92,"matchType":"unpaired","which":"second","trial_type":"numerosity-estimation","trial_index":120,"time_elapsed":816860,"subject_id":"76189"},{"rt":3049,"stimulus":10,"slider_start":100,"sprites":"rocks","response":70,"absDeviation":20,"callibration":"test","block":6,"seed":10,"numerosity":50,"matchType":"paired","which":"first","trial_type":"numerosity-estimation","trial_index":121,"time_elapsed":819910,"subject_id":"76189"},{"rt":5099,"stimulus":10,"slider_start":100,"sprites":"rocks","response":77,"absDeviation":27,"callibration":"test","block":6,"seed":10,"numerosity":50,"matchType":"paired","which":"second","trial_type":"numerosity-estimation","trial_index":122,"time_elapsed":825010,"subject_id":"76189"},{"rt":3366,"stimulus":11,"slider_start":100,"sprites":"buttons","response":113,"absDeviation":6,"callibration":"test","block":6,"seed":11,"numerosity":107,"matchType":"unpaired","which":"second","trial_type":"numerosity-estimation","trial_index":123,"time_elapsed":828377,"subject_id":"76189"},{"rt":3247,"stimulus":12,"slider_start":100,"sprites":"animalCrackers","response":110,"absDeviation":18,"callibration":"test","block":6,"seed":12,"numerosity":92,"matchType":"unpaired","which":"second","trial_type":"numerosity-estimation","trial_index":124,"time_elapsed":831626,"subject_id":"76189"},{"rt":2899,"stimulus":14,"slider_start":100,"sprites":"butterflies","response":118,"absDeviation":32,"callibration":"test","block":6,"seed":14,"numerosity":150,"matchType":"paired","which":"first","trial_type":"numerosity-estimation","trial_index":125,"time_elapsed":834527,"subject_id":"76189"},{"rt":2432,"stimulus":14,"slider_start":100,"sprites":"butterflies","response":123,"absDeviation":27,"callibration":"test","block":6,"seed":14,"numerosity":150,"matchType":"paired","which":"second","trial_type":"numerosity-estimation","trial_index":126,"time_elapsed":836960,"subject_id":"76189"},{"rt":3266,"stimulus":15,"slider_start":100,"sprites":"hearts","response":120,"absDeviation":1,"callibration":"test","block":6,"seed":15,"numerosity":121,"matchType":"unpaired","which":"second","trial_type":"numerosity-estimation","trial_index":127,"time_elapsed":840227,"subject_id":"76189"},{"rt":2448,"stimulus":16,"slider_start":100,"sprites":"crackers","response":92,"absDeviation":28,"callibration":"test","block":6,"seed":16,"numerosity":64,"matchType":"unpaired","which":"second","trial_type":"numerosity-estimation","trial_index":128,"time_elapsed":842677,"subject_id":"76189"},{"rt":3013,"stimulus":"<p> For the last block of trials, the average deviation of your guesses from correct answers was 23.</p>\n     <p>The smaller the deviation the better.  Your deviation was <b> VERY good</b>.</p><br>\n       <p>Press any key to continue to the next block of trials</p>","response":" ","trial_type":"html-keyboard-response","trial_index":129,"time_elapsed":845691,"subject_id":"76189"},{"rt":8533,"stimulus":18,"slider_start":100,"sprites":"fruits","response":108,"absDeviation":1,"callibration":"test","block":7,"seed":18,"numerosity":107,"matchType":"paired","which":"first","trial_type":"numerosity-estimation","trial_index":130,"time_elapsed":854226,"subject_id":"76189"},{"rt":2882,"stimulus":18,"slider_start":100,"sprites":"fruits","response":113,"absDeviation":6,"callibration":"test","block":7,"seed":18,"numerosity":107,"matchType":"paired","which":"second","trial_type":"numerosity-estimation","trial_index":131,"time_elapsed":857109,"subject_id":"76189"},{"rt":3915,"stimulus":19,"slider_start":100,"sprites":"jellyBeans","response":119,"absDeviation":16,"callibration":"test","block":7,"seed":19,"numerosity":135,"matchType":"unpaired","which":"second","trial_type":"numerosity-estimation","trial_index":132,"time_elapsed":861026,"subject_id":"76189"},{"rt":4166,"stimulus":20,"slider_start":100,"sprites":"marbles","response":88,"absDeviation":10,"callibration":"test","block":7,"seed":20,"numerosity":78,"matchType":"unpaired","which":"second","trial_type":"numerosity-estimation","trial_index":133,"time_elapsed":865193,"subject_id":"76189"},{"rt":2332,"stimulus":22,"slider_start":100,"sprites":"rocks","response":100,"absDeviation":8,"callibration":"test","block":7,"seed":22,"numerosity":92,"matchType":"paired","which":"first","trial_type":"numerosity-estimation","trial_index":134,"time_elapsed":867526,"subject_id":"76189"},{"rt":6733,"stimulus":22,"slider_start":100,"sprites":"rocks","response":107,"absDeviation":15,"callibration":"test","block":7,"seed":22,"numerosity":92,"matchType":"paired","which":"second","trial_type":"numerosity-estimation","trial_index":135,"time_elapsed":874261,"subject_id":"76189"},{"rt":4367,"stimulus":23,"slider_start":100,"sprites":"buttons","response":122,"absDeviation":28,"callibration":"test","block":7,"seed":23,"numerosity":150,"matchType":"unpaired","which":"second","trial_type":"numerosity-estimation","trial_index":136,"time_elapsed":878629,"subject_id":"76189"},{"rt":3929,"stimulus":24,"slider_start":100,"sprites":"animalCrackers","response":114,"absDeviation":7,"callibration":"test","block":7,"seed":24,"numerosity":107,"matchType":"unpaired","which":"second","trial_type":"numerosity-estimation","trial_index":137,"time_elapsed":882559,"subject_id":"76189"},{"rt":2685,"stimulus":26,"slider_start":100,"sprites":"butterflies","response":100,"absDeviation":8,"callibration":"test","block":7,"seed":26,"numerosity":92,"matchType":"paired","which":"first","trial_type":"numerosity-estimation","trial_index":138,"time_elapsed":885246,"subject_id":"76189"},{"rt":3647,"stimulus":26,"slider_start":100,"sprites":"butterflies","response":111,"absDeviation":19,"callibration":"test","block":7,"seed":26,"numerosity":92,"matchType":"paired","which":"second","trial_type":"numerosity-estimation","trial_index":139,"time_elapsed":888894,"subject_id":"76189"},{"rt":4081,"stimulus":27,"slider_start":100,"sprites":"hearts","response":120,"absDeviation":1,"callibration":"test","block":7,"seed":27,"numerosity":121,"matchType":"unpaired","which":"second","trial_type":"numerosity-estimation","trial_index":140,"time_elapsed":892976,"subject_id":"76189"},{"rt":3766,"stimulus":28,"slider_start":100,"sprites":"crackers","response":122,"absDeviation":28,"callibration":"test","block":7,"seed":28,"numerosity":150,"matchType":"unpaired","which":"second","trial_type":"numerosity-estimation","trial_index":141,"time_elapsed":896743,"subject_id":"76189"},{"rt":2515,"stimulus":30,"slider_start":100,"sprites":"fruits","response":115,"absDeviation":8,"callibration":"test","block":7,"seed":30,"numerosity":107,"matchType":"paired","which":"first","trial_type":"numerosity-estimation","trial_index":142,"time_elapsed":899259,"subject_id":"76189"},{"rt":4051,"stimulus":30,"slider_start":100,"sprites":"fruits","response":120,"absDeviation":13,"callibration":"test","block":7,"seed":30,"numerosity":107,"matchType":"paired","which":"second","trial_type":"numerosity-estimation","trial_index":143,"time_elapsed":903311,"subject_id":"76189"},{"rt":4115,"stimulus":31,"slider_start":100,"sprites":"jellyBeans","response":120,"absDeviation":30,"callibration":"test","block":7,"seed":31,"numerosity":150,"matchType":"unpaired","which":"second","trial_type":"numerosity-estimation","trial_index":144,"time_elapsed":907427,"subject_id":"76189"},{"rt":3534,"stimulus":32,"slider_start":100,"sprites":"marbles","response":100,"absDeviation":35,"callibration":"test","block":7,"seed":32,"numerosity":135,"matchType":"unpaired","which":"second","trial_type":"numerosity-estimation","trial_index":145,"time_elapsed":910962,"subject_id":"76189"},{"rt":1796,"stimulus":"<p> For the last block of trials, the average deviation of your guesses from correct answers was 15.</p>\n     <p>The smaller the deviation the better.  Your deviation was <b> VERY good</b>.</p><br>\n       <p>Press any key to continue to the next block of trials</p>","response":" ","trial_type":"html-keyboard-response","trial_index":146,"time_elapsed":912759,"subject_id":"76189"},{"rt":7883,"stimulus":34,"slider_start":100,"sprites":"rocks","response":100,"absDeviation":50,"callibration":"test","block":8,"seed":34,"numerosity":50,"matchType":"paired","which":"first","trial_type":"numerosity-estimation","trial_index":147,"time_elapsed":920644,"subject_id":"76189"},{"rt":3166,"stimulus":34,"slider_start":100,"sprites":"rocks","response":94,"absDeviation":44,"callibration":"test","block":8,"seed":34,"numerosity":50,"matchType":"paired","which":"second","trial_type":"numerosity-estimation","trial_index":148,"time_elapsed":923811,"subject_id":"76189"},{"rt":8382,"stimulus":35,"slider_start":100,"sprites":"buttons","response":93,"absDeviation":15,"callibration":"test","block":8,"seed":35,"numerosity":78,"matchType":"unpaired","which":"second","trial_type":"numerosity-estimation","trial_index":149,"time_elapsed":932195,"subject_id":"76189"},{"rt":5828,"stimulus":36,"slider_start":100,"sprites":"animalCrackers","response":92,"absDeviation":42,"callibration":"test","block":8,"seed":36,"numerosity":50,"matchType":"unpaired","which":"second","trial_type":"numerosity-estimation","trial_index":150,"time_elapsed":938026,"subject_id":"76189"},{"rt":7317,"stimulus":38,"slider_start":100,"sprites":"butterflies","response":100,"absDeviation":22,"callibration":"test","block":8,"seed":38,"numerosity":78,"matchType":"paired","which":"first","trial_type":"numerosity-estimation","trial_index":151,"time_elapsed":945344,"subject_id":"76189"},{"rt":6065,"stimulus":38,"slider_start":100,"sprites":"butterflies","response":111,"absDeviation":33,"callibration":"test","block":8,"seed":38,"numerosity":78,"matchType":"paired","which":"second","trial_type":"numerosity-estimation","trial_index":152,"time_elapsed":951410,"subject_id":"76189"},{"rt":3001,"stimulus":39,"slider_start":100,"sprites":"hearts","response":113,"absDeviation":35,"callibration":"test","block":8,"seed":39,"numerosity":78,"matchType":"unpaired","which":"second","trial_type":"numerosity-estimation","trial_index":153,"time_elapsed":954413,"subject_id":"76189"},{"rt":4046,"stimulus":40,"slider_start":100,"sprites":"crackers","response":121,"absDeviation":0,"callibration":"test","block":8,"seed":40,"numerosity":121,"matchType":"unpaired","which":"second","trial_type":"numerosity-estimation","trial_index":154,"time_elapsed":958460,"subject_id":"76189"},{"rt":3165,"stimulus":42,"slider_start":100,"sprites":"fruits","response":114,"absDeviation":36,"callibration":"test","block":8,"seed":42,"numerosity":78,"matchType":"paired","which":"first","trial_type":"numerosity-estimation","trial_index":155,"time_elapsed":961626,"subject_id":"76189"},{"rt":3650,"stimulus":42,"slider_start":100,"sprites":"fruits","response":119,"absDeviation":41,"callibration":"test","block":8,"seed":42,"numerosity":78,"matchType":"paired","which":"second","trial_type":"numerosity-estimation","trial_index":156,"time_elapsed":965277,"subject_id":"76189"},{"rt":2850,"stimulus":43,"slider_start":100,"sprites":"jellyBeans","response":92,"absDeviation":28,"callibration":"test","block":8,"seed":43,"numerosity":64,"matchType":"unpaired","which":"second","trial_type":"numerosity-estimation","trial_index":157,"time_elapsed":968129,"subject_id":"76189"},{"rt":3130,"stimulus":44,"slider_start":100,"sprites":"marbles","response":108,"absDeviation":13,"callibration":"test","block":8,"seed":44,"numerosity":121,"matchType":"unpaired","which":"second","trial_type":"numerosity-estimation","trial_index":158,"time_elapsed":971260,"subject_id":"76189"},{"rt":2598,"stimulus":46,"slider_start":100,"sprites":"rocks","response":118,"absDeviation":11,"callibration":"test","block":8,"seed":46,"numerosity":107,"matchType":"paired","which":"first","trial_type":"numerosity-estimation","trial_index":159,"time_elapsed":973860,"subject_id":"76189"},{"rt":2785,"stimulus":46,"slider_start":100,"sprites":"rocks","response":127,"absDeviation":20,"callibration":"test","block":8,"seed":46,"numerosity":107,"matchType":"paired","which":"second","trial_type":"numerosity-estimation","trial_index":160,"time_elapsed":976646,"subject_id":"76189"},{"rt":3679,"stimulus":47,"slider_start":100,"sprites":"buttons","response":125,"absDeviation":4,"callibration":"test","block":8,"seed":47,"numerosity":121,"matchType":"unpaired","which":"second","trial_type":"numerosity-estimation","trial_index":161,"time_elapsed":980326,"subject_id":"76189"},{"rt":4383,"stimulus":48,"slider_start":100,"sprites":"animalCrackers","response":125,"absDeviation":10,"callibration":"test","block":8,"seed":48,"numerosity":135,"matchType":"unpaired","which":"second","trial_type":"numerosity-estimation","trial_index":162,"time_elapsed":984711,"subject_id":"76189"},{"rt":2466,"stimulus":"<p> For the last block of trials, the average deviation of your guesses from correct answers was 25.</p>\n     <p>The smaller the deviation the better.  Your deviation was <b> good</b>.</p><br>\n       <p>Press any key to continue to the next block of trials</p>","response":" ","trial_type":"html-keyboard-response","trial_index":163,"time_elapsed":987177,"subject_id":"76189"},{"rt":8633,"stimulus":50,"slider_start":100,"sprites":"butterflies","response":100,"absDeviation":50,"callibration":"test","block":9,"seed":50,"numerosity":150,"matchType":"paired","which":"first","trial_type":"numerosity-estimation","trial_index":164,"time_elapsed":995812,"subject_id":"76189"},{"rt":3313,"stimulus":50,"slider_start":100,"sprites":"butterflies","response":115,"absDeviation":35,"callibration":"test","block":9,"seed":50,"numerosity":150,"matchType":"paired","which":"second","trial_type":"numerosity-estimation","trial_index":165,"time_elapsed":999126,"subject_id":"76189"},{"rt":2932,"stimulus":51,"slider_start":100,"sprites":"hearts","response":119,"absDeviation":31,"callibration":"test","block":9,"seed":51,"numerosity":150,"matchType":"unpaired","which":"second","trial_type":"numerosity-estimation","trial_index":166,"time_elapsed":1002060,"subject_id":"76189"},{"rt":3051,"stimulus":52,"slider_start":100,"sprites":"crackers","response":94,"absDeviation":16,"callibration":"test","block":9,"seed":52,"numerosity":78,"matchType":"unpaired","which":"second","trial_type":"numerosity-estimation","trial_index":167,"time_elapsed":1005112,"subject_id":"76189"},{"rt":8081,"stimulus":54,"slider_start":100,"sprites":"fruits","response":110,"absDeviation":18,"callibration":"test","block":9,"seed":54,"numerosity":92,"matchType":"paired","which":"first","trial_type":"numerosity-estimation","trial_index":168,"time_elapsed":1013194,"subject_id":"76189"},{"rt":7834,"stimulus":54,"slider_start":100,"sprites":"fruits","response":112,"absDeviation":20,"callibration":"test","block":9,"seed":54,"numerosity":92,"matchType":"paired","which":"second","trial_type":"numerosity-estimation","trial_index":169,"time_elapsed":1021029,"subject_id":"76189"},{"rt":6398,"stimulus":55,"slider_start":100,"sprites":"jellyBeans","response":120,"absDeviation":1,"callibration":"test","block":9,"seed":55,"numerosity":121,"matchType":"unpaired","which":"second","trial_type":"numerosity-estimation","trial_index":170,"time_elapsed":1027428,"subject_id":"76189"},{"rt":5798,"stimulus":56,"slider_start":100,"sprites":"marbles","response":83,"absDeviation":19,"callibration":"test","block":9,"seed":56,"numerosity":64,"matchType":"unpaired","which":"second","trial_type":"numerosity-estimation","trial_index":171,"time_elapsed":1033228,"subject_id":"76189"},{"rt":2887,"stimulus":58,"slider_start":100,"sprites":"rocks","response":108,"absDeviation":13,"callibration":"test","block":9,"seed":58,"numerosity":121,"matchType":"paired","which":"first","trial_type":"numerosity-estimation","trial_index":172,"time_elapsed":1036116,"subject_id":"76189"},{"rt":2709,"stimulus":58,"slider_start":100,"sprites":"rocks","response":119,"absDeviation":2,"callibration":"test","block":9,"seed":58,"numerosity":121,"matchType":"paired","which":"second","trial_type":"numerosity-estimation","trial_index":173,"time_elapsed":1038826,"subject_id":"76189"},{"rt":2683,"stimulus":59,"slider_start":100,"sprites":"buttons","response":123,"absDeviation":12,"callibration":"test","block":9,"seed":59,"numerosity":135,"matchType":"unpaired","which":"second","trial_type":"numerosity-estimation","trial_index":174,"time_elapsed":1041510,"subject_id":"76189"},{"rt":4050,"stimulus":60,"slider_start":100,"sprites":"animalCrackers","response":121,"absDeviation":29,"callibration":"test","block":9,"seed":60,"numerosity":150,"matchType":"unpaired","which":"second","trial_type":"numerosity-estimation","trial_index":175,"time_elapsed":1045562,"subject_id":"76189"},{"rt":3832,"stimulus":62,"slider_start":100,"sprites":"butterflies","response":110,"absDeviation":25,"callibration":"test","block":9,"seed":62,"numerosity":135,"matchType":"paired","which":"first","trial_type":"numerosity-estimation","trial_index":176,"time_elapsed":1049395,"subject_id":"76189"},{"rt":4066,"stimulus":62,"slider_start":100,"sprites":"butterflies","response":112,"absDeviation":23,"callibration":"test","block":9,"seed":62,"numerosity":135,"matchType":"paired","which":"second","trial_type":"numerosity-estimation","trial_index":177,"time_elapsed":1053463,"subject_id":"76189"},{"rt":10214,"stimulus":63,"slider_start":100,"sprites":"hearts","response":100,"absDeviation":36,"callibration":"test","block":9,"seed":63,"numerosity":64,"matchType":"unpaired","which":"second","trial_type":"numerosity-estimation","trial_index":178,"time_elapsed":1063678,"subject_id":"76189"},{"rt":8132,"stimulus":64,"slider_start":100,"sprites":"crackers","response":117,"absDeviation":18,"callibration":"test","block":9,"seed":64,"numerosity":135,"matchType":"unpaired","which":"second","trial_type":"numerosity-estimation","trial_index":179,"time_elapsed":1071811,"subject_id":"76189"},{"rt":2235,"stimulus":"<p> For the last block of trials, the average deviation of your guesses from correct answers was 22.</p>\n     <p>The smaller the deviation the better.  Your deviation was <b> VERY good</b>.</p><br>\n       <p>Press any key to continue to the next block of trials</p>","response":" ","trial_type":"html-keyboard-response","trial_index":180,"time_elapsed":1074047,"subject_id":"76189"},{"rt":5362,"stimulus":66,"slider_start":100,"sprites":"fruits","response":94,"absDeviation":30,"callibration":"test","block":10,"seed":66,"numerosity":64,"matchType":"paired","which":"first","trial_type":"numerosity-estimation","trial_index":181,"time_elapsed":1079411,"subject_id":"76189"},{"rt":3249,"stimulus":66,"slider_start":100,"sprites":"fruits","response":100,"absDeviation":36,"callibration":"test","block":10,"seed":66,"numerosity":64,"matchType":"paired","which":"second","trial_type":"numerosity-estimation","trial_index":182,"time_elapsed":1082661,"subject_id":"76189"},{"rt":2733,"stimulus":67,"slider_start":100,"sprites":"jellyBeans","response":108,"absDeviation":1,"callibration":"test","block":10,"seed":67,"numerosity":107,"matchType":"unpaired","which":"second","trial_type":"numerosity-estimation","trial_index":183,"time_elapsed":1085395,"subject_id":"76189"},{"rt":4183,"stimulus":68,"slider_start":100,"sprites":"marbles","response":103,"absDeviation":47,"callibration":"test","block":10,"seed":68,"numerosity":150,"matchType":"unpaired","which":"second","trial_type":"numerosity-estimation","trial_index":184,"time_elapsed":1089579,"subject_id":"76189"},{"rt":3014,"stimulus":70,"slider_start":100,"sprites":"rocks","response":115,"absDeviation":23,"callibration":"test","block":10,"seed":70,"numerosity":92,"matchType":"paired","which":"first","trial_type":"numerosity-estimation","trial_index":185,"time_elapsed":1092596,"subject_id":"76189"},{"rt":2664,"stimulus":70,"slider_start":100,"sprites":"rocks","response":115,"absDeviation":23,"callibration":"test","block":10,"seed":70,"numerosity":92,"matchType":"paired","which":"second","trial_type":"numerosity-estimation","trial_index":186,"time_elapsed":1095261,"subject_id":"76189"},{"rt":3469,"stimulus":71,"slider_start":100,"sprites":"buttons","response":119,"absDeviation":12,"callibration":"test","block":10,"seed":71,"numerosity":107,"matchType":"unpaired","which":"second","trial_type":"numerosity-estimation","trial_index":187,"time_elapsed":1098731,"subject_id":"76189"},{"rt":6800,"stimulus":72,"slider_start":100,"sprites":"animalCrackers","response":71,"absDeviation":21,"callibration":"test","block":10,"seed":72,"numerosity":50,"matchType":"unpaired","which":"second","trial_type":"numerosity-estimation","trial_index":188,"time_elapsed":1105531,"subject_id":"76189"},{"rt":2911,"stimulus":74,"slider_start":100,"sprites":"butterflies","response":91,"absDeviation":27,"callibration":"test","block":10,"seed":74,"numerosity":64,"matchType":"paired","which":"first","trial_type":"numerosity-estimation","trial_index":189,"time_elapsed":1108446,"subject_id":"76189"},{"rt":4365,"stimulus":74,"slider_start":100,"sprites":"butterflies","response":100,"absDeviation":36,"callibration":"test","block":10,"seed":74,"numerosity":64,"matchType":"paired","which":"second","trial_type":"numerosity-estimation","trial_index":190,"time_elapsed":1112812,"subject_id":"76189"},{"rt":4480,"stimulus":75,"slider_start":100,"sprites":"hearts","response":115,"absDeviation":23,"callibration":"test","block":10,"seed":75,"numerosity":92,"matchType":"unpaired","which":"second","trial_type":"numerosity-estimation","trial_index":191,"time_elapsed":1117294,"subject_id":"76189"},{"rt":8915,"stimulus":76,"slider_start":100,"sprites":"crackers","response":100,"absDeviation":36,"callibration":"test","block":10,"seed":76,"numerosity":64,"matchType":"unpaired","which":"second","trial_type":"numerosity-estimation","trial_index":192,"time_elapsed":1126210,"subject_id":"76189"},{"rt":4466,"stimulus":78,"slider_start":100,"sprites":"fruits","response":113,"absDeviation":49,"callibration":"test","block":10,"seed":78,"numerosity":64,"matchType":"paired","which":"first","trial_type":"numerosity-estimation","trial_index":193,"time_elapsed":1130678,"subject_id":"76189"},{"rt":5135,"stimulus":78,"slider_start":100,"sprites":"fruits","response":110,"absDeviation":46,"callibration":"test","block":10,"seed":78,"numerosity":64,"matchType":"paired","which":"second","trial_type":"numerosity-estimation","trial_index":194,"time_elapsed":1135814,"subject_id":"76189"},{"rt":5447,"stimulus":79,"slider_start":100,"sprites":"jellyBeans","response":100,"absDeviation":50,"callibration":"test","block":10,"seed":79,"numerosity":50,"matchType":"unpaired","which":"second","trial_type":"numerosity-estimation","trial_index":195,"time_elapsed":1141262,"subject_id":"76189"},{"rt":4432,"stimulus":80,"slider_start":100,"sprites":"marbles","response":107,"absDeviation":14,"callibration":"test","block":10,"seed":80,"numerosity":121,"matchType":"unpaired","which":"second","trial_type":"numerosity-estimation","trial_index":196,"time_elapsed":1145696,"subject_id":"76189"},{"rt":2512,"stimulus":"<p> For the last block of trials, the average deviation of your guesses from correct answers was 30.</p>\n     <p>The smaller the deviation the better.  Your deviation was <b> good</b>.</p><br>\n       <p>Press any key to continue to the next block of trials</p>","response":" ","trial_type":"html-keyboard-response","trial_index":197,"time_elapsed":1148208,"subject_id":"76189"},{"rt":8001,"stimulus":82,"slider_start":100,"sprites":"rocks","response":100,"absDeviation":36,"callibration":"test","block":11,"seed":82,"numerosity":64,"matchType":"paired","which":"first","trial_type":"numerosity-estimation","trial_index":198,"time_elapsed":1156212,"subject_id":"76189"},{"rt":2514,"stimulus":82,"slider_start":100,"sprites":"rocks","response":106,"absDeviation":42,"callibration":"test","block":11,"seed":82,"numerosity":64,"matchType":"paired","which":"second","trial_type":"numerosity-estimation","trial_index":199,"time_elapsed":1158727,"subject_id":"76189"},{"rt":2901,"stimulus":83,"slider_start":100,"sprites":"buttons","response":116,"absDeviation":5,"callibration":"test","block":11,"seed":83,"numerosity":121,"matchType":"unpaired","which":"second","trial_type":"numerosity-estimation","trial_index":200,"time_elapsed":1161629,"subject_id":"76189"},{"rt":2700,"stimulus":84,"slider_start":100,"sprites":"animalCrackers","response":71,"absDeviation":21,"callibration":"test","block":11,"seed":84,"numerosity":50,"matchType":"unpaired","which":"second","trial_type":"numerosity-estimation","trial_index":201,"time_elapsed":1164330,"subject_id":"76189"},{"rt":3365,"stimulus":86,"slider_start":100,"sprites":"butterflies","response":104,"absDeviation":17,"callibration":"test","block":11,"seed":86,"numerosity":121,"matchType":"paired","which":"first","trial_type":"numerosity-estimation","trial_index":202,"time_elapsed":1167696,"subject_id":"76189"},{"rt":2648,"stimulus":86,"slider_start":100,"sprites":"butterflies","response":112,"absDeviation":9,"callibration":"test","block":11,"seed":86,"numerosity":121,"matchType":"paired","which":"second","trial_type":"numerosity-estimation","trial_index":203,"time_elapsed":1170345,"subject_id":"76189"},{"rt":7015,"stimulus":87,"slider_start":100,"sprites":"hearts","response":100,"absDeviation":50,"callibration":"test","block":11,"seed":87,"numerosity":50,"matchType":"unpaired","which":"second","trial_type":"numerosity-estimation","trial_index":204,"time_elapsed":1177362,"subject_id":"76189"},{"rt":2631,"stimulus":88,"slider_start":100,"sprites":"crackers","response":118,"absDeviation":17,"callibration":"test","block":11,"seed":88,"numerosity":135,"matchType":"unpaired","which":"second","trial_type":"numerosity-estimation","trial_index":205,"time_elapsed":1179994,"subject_id":"76189"},{"rt":3466,"stimulus":90,"slider_start":100,"sprites":"fruits","response":121,"absDeviation":29,"callibration":"test","block":11,"seed":90,"numerosity":150,"matchType":"paired","which":"first","trial_type":"numerosity-estimation","trial_index":206,"time_elapsed":1183461,"subject_id":"76189"},{"rt":2967,"stimulus":90,"slider_start":100,"sprites":"fruits","response":126,"absDeviation":24,"callibration":"test","block":11,"seed":90,"numerosity":150,"matchType":"paired","which":"second","trial_type":"numerosity-estimation","trial_index":207,"time_elapsed":1186429,"subject_id":"76189"},{"rt":6588,"stimulus":91,"slider_start":100,"sprites":"jellyBeans","response":102,"absDeviation":10,"callibration":"test","block":11,"seed":91,"numerosity":92,"matchType":"unpaired","which":"second","trial_type":"numerosity-estimation","trial_index":208,"time_elapsed":1193018,"subject_id":"76189"},{"rt":3894,"stimulus":92,"slider_start":100,"sprites":"marbles","response":108,"absDeviation":13,"callibration":"test","block":11,"seed":92,"numerosity":121,"matchType":"unpaired","which":"second","trial_type":"numerosity-estimation","trial_index":209,"time_elapsed":1196913,"subject_id":"76189"},{"rt":6780,"stimulus":94,"slider_start":100,"sprites":"rocks","response":100,"absDeviation":22,"callibration":"test","block":11,"seed":94,"numerosity":78,"matchType":"paired","which":"first","trial_type":"numerosity-estimation","trial_index":210,"time_elapsed":1203694,"subject_id":"76189"},{"rt":3299,"stimulus":94,"slider_start":100,"sprites":"rocks","response":105,"absDeviation":27,"callibration":"test","block":11,"seed":94,"numerosity":78,"matchType":"paired","which":"second","trial_type":"numerosity-estimation","trial_index":211,"time_elapsed":1206994,"subject_id":"76189"},{"rt":3334,"stimulus":95,"slider_start":100,"sprites":"buttons","response":99,"absDeviation":35,"callibration":"test","block":11,"seed":95,"numerosity":64,"matchType":"unpaired","which":"second","trial_type":"numerosity-estimation","trial_index":212,"time_elapsed":1210330,"subject_id":"76189"},{"rt":2613,"stimulus":96,"slider_start":100,"sprites":"animalCrackers","response":100,"absDeviation":8,"callibration":"test","block":11,"seed":96,"numerosity":92,"matchType":"unpaired","which":"second","trial_type":"numerosity-estimation","trial_index":213,"time_elapsed":1212944,"subject_id":"76189"},{"rt":3208,"stimulus":"<p> For the last block of trials, the average deviation of your guesses from correct answers was 23.</p>\n     <p>The smaller the deviation the better.  Your deviation was <b> VERY good</b>.</p><br>\n       <p>Press any key to continue to the next block of trials</p>","response":" ","trial_type":"html-keyboard-response","trial_index":214,"time_elapsed":1216153,"subject_id":"76189"},{"rt":17039,"response":{"averageEstimates":"When the two displays were separated in time.","firstOrSecond":"The first time the objects were shown"},"question_order":[0,1],"trial_type":"survey-multi-choice","trial_index":215,"time_elapsed":1233197,"subject_id":"76189"}]