[{"rt":8842,"url":"consent.html","trial_type":"external-html","trial_index":0,"time_elapsed":8844,"subject_id":"78258"},{"view_history":[{"page_index":0,"viewing_time":6798}],"rt":6798,"trial_type":"instructions","trial_index":1,"time_elapsed":15644,"subject_id":"78258"},{"rt":2761,"stimulus":0,"slider_start":100,"sprites":"animalCrackers","response":100,"absDeviation":50,"callibration":"callibration","block":-1,"seed":0,"numerosity":50,"matchType":"callibration","which":"first","trial_type":"numerosity-estimation","trial_index":2,"time_elapsed":18410,"subject_id":"78258"},{"rt":1548,"stimulus":1,"slider_start":100,"sprites":"letters","response":100,"absDeviation":36,"callibration":"callibration","block":-1,"seed":1,"numerosity":64,"matchType":"callibration","which":"first","trial_type":"numerosity-estimation","trial_index":3,"time_elapsed":19961,"subject_id":"78258"},{"rt":1081,"stimulus":2,"slider_start":100,"sprites":"butterflies","response":100,"absDeviation":22,"callibration":"callibration","block":-1,"seed":2,"numerosity":78,"matchType":"callibration","which":"first","trial_type":"numerosity-estimation","trial_index":4,"time_elapsed":21044,"subject_id":"78258"},{"rt":946,"stimulus":3,"slider_start":100,"sprites":"hearts","response":100,"absDeviation":8,"callibration":"callibration","block":-1,"seed":3,"numerosity":92,"matchType":"callibration","which":"first","trial_type":"numerosity-estimation","trial_index":5,"time_elapsed":21993,"subject_id":"78258"},{"rt":1016,"stimulus":4,"slider_start":100,"sprites":"crackers","response":100,"absDeviation":7,"callibration":"callibration","block":-1,"seed":4,"numerosity":107,"matchType":"callibration","which":"first","trial_type":"numerosity-estimation","trial_index":6,"time_elapsed":23011,"subject_id":"78258"},{"rt":880,"stimulus":5,"slider_start":100,"sprites":"bears","response":100,"absDeviation":21,"callibration":"callibration","block":-1,"seed":5,"numerosity":121,"matchType":"callibration","which":"first","trial_type":"numerosity-estimation","trial_index":7,"time_elapsed":23894,"subject_id":"78258"},{"rt":1047,"stimulus":6,"slider_start":100,"sprites":"fruits","response":100,"absDeviation":35,"callibration":"callibration","block":-1,"seed":6,"numerosity":135,"matchType":"callibration","which":"first","trial_type":"numerosity-estimation","trial_index":8,"time_elapsed":24944,"subject_id":"78258"},{"rt":947,"stimulus":7,"slider_start":100,"sprites":"jellyBeans","response":100,"absDeviation":50,"callibration":"callibration","block":-1,"seed":7,"numerosity":150,"matchType":"callibration","which":"first","trial_type":"numerosity-estimation","trial_index":9,"time_elapsed":25894,"subject_id":"78258"},{"view_history":[{"page_index":0,"viewing_time":1965}],"rt":1965,"trial_type":"instructions","trial_index":10,"time_elapsed":27860,"subject_id":"78258"},{"rt":99847309,"stimulus":1,"slider_start":100,"sprites":"letters","response":111,"absDeviation":19,"callibration":"test","block":0,"seed":1,"numerosity":92,"matchType":"paired","which":"first","trial_type":"numerosity-estimation","trial_index":11,"time_elapsed":156158150,"subject_id":"78258"},{"rt":2593,"stimulus":1,"slider_start":100,"sprites":"letters","response":87,"absDeviation":5,"callibration":"test","block":0,"seed":1,"numerosity":92,"matchType":"paired","which":"second","trial_type":"numerosity-estimation","trial_index":12,"time_elapsed":156160750,"subject_id":"78258"},{"rt":2514,"stimulus":3,"slider_start":100,"sprites":"hearts","response":53,"absDeviation":3,"callibration":"test","block":0,"seed":3,"numerosity":50,"matchType":"unpaired","which":"first","trial_type":"numerosity-estimation","trial_index":13,"time_elapsed":156163267,"subject_id":"78258"},{"rt":2064,"stimulus":4,"slider_start":100,"sprites":"crackers","response":98,"absDeviation":9,"callibration":"test","block":0,"seed":4,"numerosity":107,"matchType":"unpaired","which":"first","trial_type":"numerosity-estimation","trial_index":14,"time_elapsed":156165333,"subject_id":"78258"},{"rt":3580,"stimulus":5,"slider_start":100,"sprites":"bears","response":56,"absDeviation":6,"callibration":"test","block":0,"seed":5,"numerosity":50,"matchType":"paired","which":"first","trial_type":"numerosity-estimation","trial_index":15,"time_elapsed":156168917,"subject_id":"78258"},{"rt":2447,"stimulus":5,"slider_start":100,"sprites":"bears","response":59,"absDeviation":9,"callibration":"test","block":0,"seed":5,"numerosity":50,"matchType":"paired","which":"second","trial_type":"numerosity-estimation","trial_index":16,"time_elapsed":156171366,"subject_id":"78258"},{"rt":2548,"stimulus":7,"slider_start":100,"sprites":"jellyBeans","response":53,"absDeviation":3,"callibration":"test","block":0,"seed":7,"numerosity":50,"matchType":"unpaired","which":"first","trial_type":"numerosity-estimation","trial_index":17,"time_elapsed":156173916,"subject_id":"78258"},{"rt":2348,"stimulus":8,"slider_start":100,"sprites":"marbles","response":82,"absDeviation":10,"callibration":"test","block":0,"seed":8,"numerosity":92,"matchType":"unpaired","which":"first","trial_type":"numerosity-estimation","trial_index":18,"time_elapsed":156176267,"subject_id":"78258"},{"rt":2330,"stimulus":9,"slider_start":100,"sprites":"mints","response":123,"absDeviation":12,"callibration":"test","block":0,"seed":9,"numerosity":135,"matchType":"paired","which":"first","trial_type":"numerosity-estimation","trial_index":19,"time_elapsed":156178600,"subject_id":"78258"},{"rt":2430,"stimulus":9,"slider_start":100,"sprites":"mints","response":122,"absDeviation":13,"callibration":"test","block":0,"seed":9,"numerosity":135,"matchType":"paired","which":"second","trial_type":"numerosity-estimation","trial_index":20,"time_elapsed":156181033,"subject_id":"78258"},{"rt":3330,"stimulus":11,"slider_start":100,"sprites":"buttons","response":103,"absDeviation":4,"callibration":"test","block":0,"seed":11,"numerosity":107,"matchType":"unpaired","which":"first","trial_type":"numerosity-estimation","trial_index":21,"time_elapsed":156184366,"subject_id":"78258"},{"rt":2665,"stimulus":12,"slider_start":100,"sprites":"animalCrackers","response":77,"absDeviation":15,"callibration":"test","block":0,"seed":12,"numerosity":92,"matchType":"unpaired","which":"first","trial_type":"numerosity-estimation","trial_index":22,"time_elapsed":156187034,"subject_id":"78258"},{"rt":2197,"stimulus":13,"slider_start":100,"sprites":"letters","response":81,"absDeviation":26,"callibration":"test","block":0,"seed":13,"numerosity":107,"matchType":"paired","which":"first","trial_type":"numerosity-estimation","trial_index":23,"time_elapsed":156189233,"subject_id":"78258"},{"rt":4697,"stimulus":13,"slider_start":100,"sprites":"letters","response":68,"absDeviation":39,"callibration":"test","block":0,"seed":13,"numerosity":107,"matchType":"paired","which":"second","trial_type":"numerosity-estimation","trial_index":24,"time_elapsed":156193933,"subject_id":"78258"},{"rt":2614,"stimulus":15,"slider_start":100,"sprites":"hearts","response":125,"absDeviation":4,"callibration":"test","block":0,"seed":15,"numerosity":121,"matchType":"unpaired","which":"first","trial_type":"numerosity-estimation","trial_index":25,"time_elapsed":156196550,"subject_id":"78258"},{"rt":2564,"stimulus":16,"slider_start":100,"sprites":"crackers","response":71,"absDeviation":7,"callibration":"test","block":0,"seed":16,"numerosity":64,"matchType":"unpaired","which":"first","trial_type":"numerosity-estimation","trial_index":26,"time_elapsed":156199117,"subject_id":"78258"},{"rt":1993,"stimulus":"<p> For the last block of trials, the average deviation of your guesses from correct answers was 12.</p>\n     <p>The smaller the deviation the better.  Your deviation was <b> AMAZINGLY good</b>.</p><br>\n       <p>Press any key to continue to the next block of trials</p>","response":"m","trial_type":"html-keyboard-response","trial_index":27,"time_elapsed":156201115,"subject_id":"78258"},{"rt":157255,"stimulus":17,"slider_start":100,"sprites":"bears","response":94,"absDeviation":2,"callibration":"test","block":1,"seed":17,"numerosity":92,"matchType":"paired","which":"first","trial_type":"numerosity-estimation","trial_index":28,"time_elapsed":156358367,"subject_id":"78258"},{"rt":2280,"stimulus":17,"slider_start":100,"sprites":"bears","response":83,"absDeviation":9,"callibration":"test","block":1,"seed":17,"numerosity":92,"matchType":"paired","which":"second","trial_type":"numerosity-estimation","trial_index":29,"time_elapsed":156360650,"subject_id":"78258"},{"rt":2131,"stimulus":19,"slider_start":100,"sprites":"jellyBeans","response":85,"absDeviation":50,"callibration":"test","block":1,"seed":19,"numerosity":135,"matchType":"unpaired","which":"first","trial_type":"numerosity-estimation","trial_index":30,"time_elapsed":156362783,"subject_id":"78258"},{"rt":2798,"stimulus":20,"slider_start":100,"sprites":"marbles","response":83,"absDeviation":5,"callibration":"test","block":1,"seed":20,"numerosity":78,"matchType":"unpaired","which":"first","trial_type":"numerosity-estimation","trial_index":31,"time_elapsed":156365584,"subject_id":"78258"},{"rt":2130,"stimulus":21,"slider_start":100,"sprites":"mints","response":81,"absDeviation":11,"callibration":"test","block":1,"seed":21,"numerosity":92,"matchType":"paired","which":"first","trial_type":"numerosity-estimation","trial_index":32,"time_elapsed":156367717,"subject_id":"78258"},{"rt":3414,"stimulus":21,"slider_start":100,"sprites":"mints","response":88,"absDeviation":4,"callibration":"test","block":1,"seed":21,"numerosity":92,"matchType":"paired","which":"second","trial_type":"numerosity-estimation","trial_index":33,"time_elapsed":156371133,"subject_id":"78258"},{"rt":2448,"stimulus":23,"slider_start":100,"sprites":"buttons","response":104,"absDeviation":46,"callibration":"test","block":1,"seed":23,"numerosity":150,"matchType":"unpaired","which":"first","trial_type":"numerosity-estimation","trial_index":34,"time_elapsed":156373584,"subject_id":"78258"},{"rt":2547,"stimulus":24,"slider_start":100,"sprites":"animalCrackers","response":92,"absDeviation":15,"callibration":"test","block":1,"seed":24,"numerosity":107,"matchType":"unpaired","which":"first","trial_type":"numerosity-estimation","trial_index":35,"time_elapsed":156376134,"subject_id":"78258"},{"rt":2497,"stimulus":25,"slider_start":100,"sprites":"letters","response":84,"absDeviation":23,"callibration":"test","block":1,"seed":25,"numerosity":107,"matchType":"paired","which":"first","trial_type":"numerosity-estimation","trial_index":36,"time_elapsed":156378633,"subject_id":"78258"},{"rt":2382,"stimulus":25,"slider_start":100,"sprites":"letters","response":80,"absDeviation":27,"callibration":"test","block":1,"seed":25,"numerosity":107,"matchType":"paired","which":"second","trial_type":"numerosity-estimation","trial_index":37,"time_elapsed":156381018,"subject_id":"78258"},{"rt":3213,"stimulus":27,"slider_start":100,"sprites":"hearts","response":112,"absDeviation":9,"callibration":"test","block":1,"seed":27,"numerosity":121,"matchType":"unpaired","which":"first","trial_type":"numerosity-estimation","trial_index":38,"time_elapsed":156384233,"subject_id":"78258"},{"rt":2400,"stimulus":28,"slider_start":100,"sprites":"crackers","response":120,"absDeviation":30,"callibration":"test","block":1,"seed":28,"numerosity":150,"matchType":"unpaired","which":"first","trial_type":"numerosity-estimation","trial_index":39,"time_elapsed":156386634,"subject_id":"78258"},{"rt":2164,"stimulus":29,"slider_start":100,"sprites":"bears","response":85,"absDeviation":21,"callibration":"test","block":1,"seed":29,"numerosity":64,"matchType":"paired","which":"first","trial_type":"numerosity-estimation","trial_index":40,"time_elapsed":156388801,"subject_id":"78258"},{"rt":2397,"stimulus":29,"slider_start":100,"sprites":"bears","response":85,"absDeviation":21,"callibration":"test","block":1,"seed":29,"numerosity":64,"matchType":"paired","which":"second","trial_type":"numerosity-estimation","trial_index":41,"time_elapsed":156391200,"subject_id":"78258"},{"rt":2698,"stimulus":31,"slider_start":100,"sprites":"jellyBeans","response":115,"absDeviation":35,"callibration":"test","block":1,"seed":31,"numerosity":150,"matchType":"unpaired","which":"first","trial_type":"numerosity-estimation","trial_index":42,"time_elapsed":156393901,"subject_id":"78258"},{"rt":2330,"stimulus":32,"slider_start":100,"sprites":"marbles","response":91,"absDeviation":44,"callibration":"test","block":1,"seed":32,"numerosity":135,"matchType":"unpaired","which":"first","trial_type":"numerosity-estimation","trial_index":43,"time_elapsed":156396234,"subject_id":"78258"},{"rt":1998,"stimulus":"<p> For the last block of trials, the average deviation of your guesses from correct answers was 22.</p>\n     <p>The smaller the deviation the better.  Your deviation was <b> VERY good</b>.</p><br>\n       <p>Press any key to continue to the next block of trials</p>","response":"e","trial_type":"html-keyboard-response","trial_index":44,"time_elapsed":156398233,"subject_id":"78258"},{"rt":3548,"stimulus":33,"slider_start":100,"sprites":"mints","response":118,"absDeviation":3,"callibration":"test","block":2,"seed":33,"numerosity":121,"matchType":"paired","which":"first","trial_type":"numerosity-estimation","trial_index":45,"time_elapsed":156401784,"subject_id":"78258"},{"rt":2230,"stimulus":33,"slider_start":100,"sprites":"mints","response":103,"absDeviation":18,"callibration":"test","block":2,"seed":33,"numerosity":121,"matchType":"paired","which":"second","trial_type":"numerosity-estimation","trial_index":46,"time_elapsed":156404017,"subject_id":"78258"},{"rt":2197,"stimulus":35,"slider_start":100,"sprites":"buttons","response":82,"absDeviation":4,"callibration":"test","block":2,"seed":35,"numerosity":78,"matchType":"unpaired","which":"first","trial_type":"numerosity-estimation","trial_index":47,"time_elapsed":156406217,"subject_id":"78258"},{"rt":2264,"stimulus":36,"slider_start":100,"sprites":"animalCrackers","response":32,"absDeviation":18,"callibration":"test","block":2,"seed":36,"numerosity":50,"matchType":"unpaired","which":"first","trial_type":"numerosity-estimation","trial_index":48,"time_elapsed":156408484,"subject_id":"78258"},{"rt":2314,"stimulus":37,"slider_start":100,"sprites":"letters","response":66,"absDeviation":69,"callibration":"test","block":2,"seed":37,"numerosity":135,"matchType":"paired","which":"first","trial_type":"numerosity-estimation","trial_index":49,"time_elapsed":156410801,"subject_id":"78258"},{"rt":2514,"stimulus":37,"slider_start":100,"sprites":"letters","response":97,"absDeviation":38,"callibration":"test","block":2,"seed":37,"numerosity":135,"matchType":"paired","which":"second","trial_type":"numerosity-estimation","trial_index":50,"time_elapsed":156413317,"subject_id":"78258"},{"rt":2531,"stimulus":39,"slider_start":100,"sprites":"hearts","response":85,"absDeviation":7,"callibration":"test","block":2,"seed":39,"numerosity":78,"matchType":"unpaired","which":"first","trial_type":"numerosity-estimation","trial_index":51,"time_elapsed":156415851,"subject_id":"78258"},{"rt":1963,"stimulus":40,"slider_start":100,"sprites":"crackers","response":124,"absDeviation":3,"callibration":"test","block":2,"seed":40,"numerosity":121,"matchType":"unpaired","which":"first","trial_type":"numerosity-estimation","trial_index":52,"time_elapsed":156417817,"subject_id":"78258"},{"rt":2364,"stimulus":41,"slider_start":100,"sprites":"bears","response":86,"absDeviation":36,"callibration":"test","block":2,"seed":41,"numerosity":50,"matchType":"paired","which":"first","trial_type":"numerosity-estimation","trial_index":53,"time_elapsed":156420184,"subject_id":"78258"},{"rt":2914,"stimulus":41,"slider_start":100,"sprites":"bears","response":45,"absDeviation":5,"callibration":"test","block":2,"seed":41,"numerosity":50,"matchType":"paired","which":"second","trial_type":"numerosity-estimation","trial_index":54,"time_elapsed":156423101,"subject_id":"78258"},{"rt":2297,"stimulus":43,"slider_start":100,"sprites":"jellyBeans","response":54,"absDeviation":10,"callibration":"test","block":2,"seed":43,"numerosity":64,"matchType":"unpaired","which":"first","trial_type":"numerosity-estimation","trial_index":55,"time_elapsed":156425399,"subject_id":"78258"},{"rt":2249,"stimulus":44,"slider_start":100,"sprites":"marbles","response":77,"absDeviation":44,"callibration":"test","block":2,"seed":44,"numerosity":121,"matchType":"unpaired","which":"first","trial_type":"numerosity-estimation","trial_index":56,"time_elapsed":156427650,"subject_id":"78258"},{"rt":2198,"stimulus":45,"slider_start":100,"sprites":"mints","response":134,"absDeviation":13,"callibration":"test","block":2,"seed":45,"numerosity":121,"matchType":"paired","which":"first","trial_type":"numerosity-estimation","trial_index":57,"time_elapsed":156429851,"subject_id":"78258"},{"rt":2514,"stimulus":45,"slider_start":100,"sprites":"mints","response":133,"absDeviation":12,"callibration":"test","block":2,"seed":45,"numerosity":121,"matchType":"paired","which":"second","trial_type":"numerosity-estimation","trial_index":58,"time_elapsed":156432367,"subject_id":"78258"},{"rt":3131,"stimulus":47,"slider_start":100,"sprites":"buttons","response":127,"absDeviation":6,"callibration":"test","block":2,"seed":47,"numerosity":121,"matchType":"unpaired","which":"first","trial_type":"numerosity-estimation","trial_index":59,"time_elapsed":156435501,"subject_id":"78258"},{"rt":2314,"stimulus":48,"slider_start":100,"sprites":"animalCrackers","response":122,"absDeviation":13,"callibration":"test","block":2,"seed":48,"numerosity":135,"matchType":"unpaired","which":"first","trial_type":"numerosity-estimation","trial_index":60,"time_elapsed":156437817,"subject_id":"78258"},{"rt":928,"stimulus":"<p> For the last block of trials, the average deviation of your guesses from correct answers was 19.</p>\n     <p>The smaller the deviation the better.  Your deviation was <b> VERY good</b>.</p><br>\n       <p>Press any key to continue to the next block of trials</p>","response":"e","trial_type":"html-keyboard-response","trial_index":61,"time_elapsed":156438747,"subject_id":"78258"},{"rt":2718,"stimulus":49,"slider_start":100,"sprites":"letters","response":81,"absDeviation":3,"callibration":"test","block":3,"seed":49,"numerosity":78,"matchType":"paired","which":"first","trial_type":"numerosity-estimation","trial_index":62,"time_elapsed":156441467,"subject_id":"78258"},{"rt":2697,"stimulus":49,"slider_start":100,"sprites":"letters","response":70,"absDeviation":8,"callibration":"test","block":3,"seed":49,"numerosity":78,"matchType":"paired","which":"second","trial_type":"numerosity-estimation","trial_index":63,"time_elapsed":156444167,"subject_id":"78258"},{"rt":2848,"stimulus":51,"slider_start":100,"sprites":"hearts","response":122,"absDeviation":28,"callibration":"test","block":3,"seed":51,"numerosity":150,"matchType":"unpaired","which":"first","trial_type":"numerosity-estimation","trial_index":64,"time_elapsed":156447017,"subject_id":"78258"},{"rt":6380,"stimulus":52,"slider_start":100,"sprites":"crackers","response":63,"absDeviation":15,"callibration":"test","block":3,"seed":52,"numerosity":78,"matchType":"unpaired","which":"first","trial_type":"numerosity-estimation","trial_index":65,"time_elapsed":156453400,"subject_id":"78258"},{"rt":4681,"stimulus":53,"slider_start":100,"sprites":"bears","response":52,"absDeviation":2,"callibration":"test","block":3,"seed":53,"numerosity":50,"matchType":"paired","which":"first","trial_type":"numerosity-estimation","trial_index":66,"time_elapsed":156458084,"subject_id":"78258"},{"rt":2948,"stimulus":53,"slider_start":100,"sprites":"bears","response":91,"absDeviation":41,"callibration":"test","block":3,"seed":53,"numerosity":50,"matchType":"paired","which":"second","trial_type":"numerosity-estimation","trial_index":67,"time_elapsed":156461034,"subject_id":"78258"},{"rt":2564,"stimulus":55,"slider_start":100,"sprites":"jellyBeans","response":113,"absDeviation":8,"callibration":"test","block":3,"seed":55,"numerosity":121,"matchType":"unpaired","which":"first","trial_type":"numerosity-estimation","trial_index":68,"time_elapsed":156463601,"subject_id":"78258"},{"rt":2481,"stimulus":56,"slider_start":100,"sprites":"marbles","response":75,"absDeviation":11,"callibration":"test","block":3,"seed":56,"numerosity":64,"matchType":"unpaired","which":"first","trial_type":"numerosity-estimation","trial_index":69,"time_elapsed":156466084,"subject_id":"78258"},{"rt":2647,"stimulus":57,"slider_start":100,"sprites":"mints","response":96,"absDeviation":32,"callibration":"test","block":3,"seed":57,"numerosity":64,"matchType":"paired","which":"first","trial_type":"numerosity-estimation","trial_index":70,"time_elapsed":156468734,"subject_id":"78258"},{"rt":3063,"stimulus":57,"slider_start":100,"sprites":"mints","response":66,"absDeviation":2,"callibration":"test","block":3,"seed":57,"numerosity":64,"matchType":"paired","which":"second","trial_type":"numerosity-estimation","trial_index":71,"time_elapsed":156471801,"subject_id":"78258"},{"rt":1981,"stimulus":59,"slider_start":100,"sprites":"buttons","response":118,"absDeviation":17,"callibration":"test","block":3,"seed":59,"numerosity":135,"matchType":"unpaired","which":"first","trial_type":"numerosity-estimation","trial_index":72,"time_elapsed":156473784,"subject_id":"78258"},{"rt":2480,"stimulus":60,"slider_start":100,"sprites":"animalCrackers","response":133,"absDeviation":17,"callibration":"test","block":3,"seed":60,"numerosity":150,"matchType":"unpaired","which":"first","trial_type":"numerosity-estimation","trial_index":73,"time_elapsed":156476267,"subject_id":"78258"},{"rt":2630,"stimulus":61,"slider_start":100,"sprites":"letters","response":77,"absDeviation":27,"callibration":"test","block":3,"seed":61,"numerosity":50,"matchType":"paired","which":"first","trial_type":"numerosity-estimation","trial_index":74,"time_elapsed":156478900,"subject_id":"78258"},{"rt":1931,"stimulus":61,"slider_start":100,"sprites":"letters","response":83,"absDeviation":33,"callibration":"test","block":3,"seed":61,"numerosity":50,"matchType":"paired","which":"second","trial_type":"numerosity-estimation","trial_index":75,"time_elapsed":156480834,"subject_id":"78258"},{"rt":2331,"stimulus":63,"slider_start":100,"sprites":"hearts","response":61,"absDeviation":3,"callibration":"test","block":3,"seed":63,"numerosity":64,"matchType":"unpaired","which":"first","trial_type":"numerosity-estimation","trial_index":76,"time_elapsed":156483167,"subject_id":"78258"},{"rt":2164,"stimulus":64,"slider_start":100,"sprites":"crackers","response":115,"absDeviation":20,"callibration":"test","block":3,"seed":64,"numerosity":135,"matchType":"unpaired","which":"first","trial_type":"numerosity-estimation","trial_index":77,"time_elapsed":156485334,"subject_id":"78258"},{"rt":917,"stimulus":"<p> For the last block of trials, the average deviation of your guesses from correct answers was 17.</p>\n     <p>The smaller the deviation the better.  Your deviation was <b> VERY good</b>.</p><br>\n       <p>Press any key to continue to the next block of trials</p>","response":"m","trial_type":"html-keyboard-response","trial_index":78,"time_elapsed":156486252,"subject_id":"78258"},{"rt":3095,"stimulus":65,"slider_start":100,"sprites":"bears","response":113,"absDeviation":6,"callibration":"test","block":4,"seed":65,"numerosity":107,"matchType":"paired","which":"first","trial_type":"numerosity-estimation","trial_index":79,"time_elapsed":156489351,"subject_id":"78258"},{"rt":7614,"stimulus":65,"slider_start":100,"sprites":"bears","response":111,"absDeviation":4,"callibration":"test","block":4,"seed":65,"numerosity":107,"matchType":"paired","which":"second","trial_type":"numerosity-estimation","trial_index":80,"time_elapsed":156496967,"subject_id":"78258"},{"rt":2997,"stimulus":67,"slider_start":100,"sprites":"jellyBeans","response":71,"absDeviation":36,"callibration":"test","block":4,"seed":67,"numerosity":107,"matchType":"unpaired","which":"first","trial_type":"numerosity-estimation","trial_index":81,"time_elapsed":156499967,"subject_id":"78258"},{"rt":2298,"stimulus":68,"slider_start":100,"sprites":"marbles","response":85,"absDeviation":65,"callibration":"test","block":4,"seed":68,"numerosity":150,"matchType":"unpaired","which":"first","trial_type":"numerosity-estimation","trial_index":82,"time_elapsed":156502267,"subject_id":"78258"},{"rt":2481,"stimulus":69,"slider_start":100,"sprites":"mints","response":113,"absDeviation":8,"callibration":"test","block":4,"seed":69,"numerosity":121,"matchType":"paired","which":"first","trial_type":"numerosity-estimation","trial_index":83,"time_elapsed":156504751,"subject_id":"78258"},{"rt":2248,"stimulus":69,"slider_start":100,"sprites":"mints","response":112,"absDeviation":9,"callibration":"test","block":4,"seed":69,"numerosity":121,"matchType":"paired","which":"second","trial_type":"numerosity-estimation","trial_index":84,"time_elapsed":156507001,"subject_id":"78258"},{"rt":2447,"stimulus":71,"slider_start":100,"sprites":"buttons","response":114,"absDeviation":7,"callibration":"test","block":4,"seed":71,"numerosity":107,"matchType":"unpaired","which":"first","trial_type":"numerosity-estimation","trial_index":85,"time_elapsed":156509451,"subject_id":"78258"},{"rt":2147,"stimulus":72,"slider_start":100,"sprites":"animalCrackers","response":81,"absDeviation":31,"callibration":"test","block":4,"seed":72,"numerosity":50,"matchType":"unpaired","which":"first","trial_type":"numerosity-estimation","trial_index":86,"time_elapsed":156511601,"subject_id":"78258"},{"rt":5881,"stimulus":73,"slider_start":100,"sprites":"letters","response":84,"absDeviation":6,"callibration":"test","block":4,"seed":73,"numerosity":78,"matchType":"paired","which":"first","trial_type":"numerosity-estimation","trial_index":87,"time_elapsed":156517484,"subject_id":"78258"},{"rt":2347,"stimulus":73,"slider_start":100,"sprites":"letters","response":81,"absDeviation":3,"callibration":"test","block":4,"seed":73,"numerosity":78,"matchType":"paired","which":"second","trial_type":"numerosity-estimation","trial_index":88,"time_elapsed":156519834,"subject_id":"78258"},{"rt":2381,"stimulus":75,"slider_start":100,"sprites":"hearts","response":80,"absDeviation":12,"callibration":"test","block":4,"seed":75,"numerosity":92,"matchType":"unpaired","which":"first","trial_type":"numerosity-estimation","trial_index":89,"time_elapsed":156522217,"subject_id":"78258"},{"rt":2514,"stimulus":76,"slider_start":100,"sprites":"crackers","response":67,"absDeviation":3,"callibration":"test","block":4,"seed":76,"numerosity":64,"matchType":"unpaired","which":"first","trial_type":"numerosity-estimation","trial_index":90,"time_elapsed":156524734,"subject_id":"78258"},{"rt":2047,"stimulus":77,"slider_start":100,"sprites":"bears","response":124,"absDeviation":11,"callibration":"test","block":4,"seed":77,"numerosity":135,"matchType":"paired","which":"first","trial_type":"numerosity-estimation","trial_index":91,"time_elapsed":156526784,"subject_id":"78258"},{"rt":10131,"stimulus":77,"slider_start":100,"sprites":"bears","response":134,"absDeviation":1,"callibration":"test","block":4,"seed":77,"numerosity":135,"matchType":"paired","which":"second","trial_type":"numerosity-estimation","trial_index":92,"time_elapsed":156536918,"subject_id":"78258"},{"rt":9142,"stimulus":79,"slider_start":100,"sprites":"jellyBeans","response":104,"absDeviation":54,"callibration":"test","block":4,"seed":79,"numerosity":50,"matchType":"unpaired","which":"first","trial_type":"numerosity-estimation","trial_index":93,"time_elapsed":156546068,"subject_id":"78258"},{"rt":5264,"stimulus":80,"slider_start":100,"sprites":"marbles","response":119,"absDeviation":2,"callibration":"test","block":4,"seed":80,"numerosity":121,"matchType":"unpaired","which":"first","trial_type":"numerosity-estimation","trial_index":94,"time_elapsed":156551334,"subject_id":"78258"},{"rt":923,"stimulus":"<p> For the last block of trials, the average deviation of your guesses from correct answers was 16.</p>\n     <p>The smaller the deviation the better.  Your deviation was <b> VERY good</b>.</p><br>\n       <p>Press any key to continue to the next block of trials</p>","response":"j","trial_type":"html-keyboard-response","trial_index":95,"time_elapsed":156552260,"subject_id":"78258"},{"rt":3354,"stimulus":81,"slider_start":100,"sprites":"mints","response":120,"absDeviation":1,"callibration":"test","block":5,"seed":81,"numerosity":121,"matchType":"paired","which":"first","trial_type":"numerosity-estimation","trial_index":96,"time_elapsed":156555617,"subject_id":"78258"},{"rt":4849,"stimulus":81,"slider_start":100,"sprites":"mints","response":141,"absDeviation":20,"callibration":"test","block":5,"seed":81,"numerosity":121,"matchType":"paired","which":"second","trial_type":"numerosity-estimation","trial_index":97,"time_elapsed":156560468,"subject_id":"78258"},{"rt":2448,"stimulus":83,"slider_start":100,"sprites":"buttons","response":109,"absDeviation":12,"callibration":"test","block":5,"seed":83,"numerosity":121,"matchType":"unpaired","which":"first","trial_type":"numerosity-estimation","trial_index":98,"time_elapsed":156562918,"subject_id":"78258"},{"rt":2280,"stimulus":84,"slider_start":100,"sprites":"animalCrackers","response":85,"absDeviation":35,"callibration":"test","block":5,"seed":84,"numerosity":50,"matchType":"unpaired","which":"first","trial_type":"numerosity-estimation","trial_index":99,"time_elapsed":156565201,"subject_id":"78258"},{"rt":2030,"stimulus":85,"slider_start":100,"sprites":"letters","response":75,"absDeviation":11,"callibration":"test","block":5,"seed":85,"numerosity":64,"matchType":"paired","which":"first","trial_type":"numerosity-estimation","trial_index":100,"time_elapsed":156567234,"subject_id":"78258"},{"rt":2381,"stimulus":85,"slider_start":100,"sprites":"letters","response":76,"absDeviation":12,"callibration":"test","block":5,"seed":85,"numerosity":64,"matchType":"paired","which":"second","trial_type":"numerosity-estimation","trial_index":101,"time_elapsed":156569618,"subject_id":"78258"},{"rt":2313,"stimulus":87,"slider_start":100,"sprites":"hearts","response":67,"absDeviation":17,"callibration":"test","block":5,"seed":87,"numerosity":50,"matchType":"unpaired","which":"first","trial_type":"numerosity-estimation","trial_index":102,"time_elapsed":156571934,"subject_id":"78258"},{"rt":2115,"stimulus":88,"slider_start":100,"sprites":"crackers","response":120,"absDeviation":15,"callibration":"test","block":5,"seed":88,"numerosity":135,"matchType":"unpaired","which":"first","trial_type":"numerosity-estimation","trial_index":103,"time_elapsed":156574051,"subject_id":"78258"},{"rt":2197,"stimulus":89,"slider_start":100,"sprites":"bears","response":58,"absDeviation":8,"callibration":"test","block":5,"seed":89,"numerosity":50,"matchType":"paired","which":"first","trial_type":"numerosity-estimation","trial_index":104,"time_elapsed":156576251,"subject_id":"78258"},{"rt":2581,"stimulus":89,"slider_start":100,"sprites":"bears","response":71,"absDeviation":21,"callibration":"test","block":5,"seed":89,"numerosity":50,"matchType":"paired","which":"second","trial_type":"numerosity-estimation","trial_index":105,"time_elapsed":156578834,"subject_id":"78258"},{"rt":2214,"stimulus":91,"slider_start":100,"sprites":"jellyBeans","response":67,"absDeviation":25,"callibration":"test","block":5,"seed":91,"numerosity":92,"matchType":"unpaired","which":"first","trial_type":"numerosity-estimation","trial_index":106,"time_elapsed":156581051,"subject_id":"78258"},{"rt":3480,"stimulus":92,"slider_start":100,"sprites":"marbles","response":98,"absDeviation":23,"callibration":"test","block":5,"seed":92,"numerosity":121,"matchType":"unpaired","which":"first","trial_type":"numerosity-estimation","trial_index":107,"time_elapsed":156584534,"subject_id":"78258"},{"rt":2114,"stimulus":93,"slider_start":100,"sprites":"mints","response":91,"absDeviation":13,"callibration":"test","block":5,"seed":93,"numerosity":78,"matchType":"paired","which":"first","trial_type":"numerosity-estimation","trial_index":108,"time_elapsed":156586651,"subject_id":"78258"},{"rt":2680,"stimulus":93,"slider_start":100,"sprites":"mints","response":86,"absDeviation":8,"callibration":"test","block":5,"seed":93,"numerosity":78,"matchType":"paired","which":"second","trial_type":"numerosity-estimation","trial_index":109,"time_elapsed":156589334,"subject_id":"78258"},{"rt":2514,"stimulus":95,"slider_start":100,"sprites":"buttons","response":78,"absDeviation":14,"callibration":"test","block":5,"seed":95,"numerosity":64,"matchType":"unpaired","which":"first","trial_type":"numerosity-estimation","trial_index":110,"time_elapsed":156591851,"subject_id":"78258"},{"rt":4231,"stimulus":96,"slider_start":100,"sprites":"animalCrackers","response":69,"absDeviation":23,"callibration":"test","block":5,"seed":96,"numerosity":92,"matchType":"unpaired","which":"first","trial_type":"numerosity-estimation","trial_index":111,"time_elapsed":156596085,"subject_id":"78258"},{"rt":794,"stimulus":"<p> For the last block of trials, the average deviation of your guesses from correct answers was 16.</p>\n     <p>The smaller the deviation the better.  Your deviation was <b> VERY good</b>.</p><br>\n       <p>Press any key to continue to the next block of trials</p>","response":"r","trial_type":"html-keyboard-response","trial_index":112,"time_elapsed":156596880,"subject_id":"78258"},{"rt":3968,"stimulus":2,"slider_start":100,"sprites":"butterflies","response":116,"absDeviation":19,"callibration":"test","block":6,"seed":2,"numerosity":135,"matchType":"paired","which":"first","trial_type":"numerosity-estimation","trial_index":113,"time_elapsed":156600851,"subject_id":"78258"},{"rt":12597,"stimulus":2,"slider_start":100,"sprites":"butterflies","response":108,"absDeviation":27,"callibration":"test","block":6,"seed":2,"numerosity":135,"matchType":"paired","which":"second","trial_type":"numerosity-estimation","trial_index":114,"time_elapsed":156613451,"subject_id":"78258"},{"rt":2248,"stimulus":3,"slider_start":100,"sprites":"hearts","response":82,"absDeviation":32,"callibration":"test","block":6,"seed":3,"numerosity":50,"matchType":"unpaired","which":"second","trial_type":"numerosity-estimation","trial_index":115,"time_elapsed":156615701,"subject_id":"78258"},{"rt":2081,"stimulus":4,"slider_start":100,"sprites":"crackers","response":114,"absDeviation":7,"callibration":"test","block":6,"seed":4,"numerosity":107,"matchType":"unpaired","which":"second","trial_type":"numerosity-estimation","trial_index":116,"time_elapsed":156617784,"subject_id":"78258"},{"rt":2348,"stimulus":6,"slider_start":100,"sprites":"fruits","response":82,"absDeviation":4,"callibration":"test","block":6,"seed":6,"numerosity":78,"matchType":"paired","which":"first","trial_type":"numerosity-estimation","trial_index":117,"time_elapsed":156620135,"subject_id":"78258"},{"rt":2447,"stimulus":6,"slider_start":100,"sprites":"fruits","response":92,"absDeviation":14,"callibration":"test","block":6,"seed":6,"numerosity":78,"matchType":"paired","which":"second","trial_type":"numerosity-estimation","trial_index":118,"time_elapsed":156622584,"subject_id":"78258"},{"rt":2730,"stimulus":7,"slider_start":100,"sprites":"jellyBeans","response":78,"absDeviation":28,"callibration":"test","block":6,"seed":7,"numerosity":50,"matchType":"unpaired","which":"second","trial_type":"numerosity-estimation","trial_index":119,"time_elapsed":156625318,"subject_id":"78258"},{"rt":1831,"stimulus":8,"slider_start":100,"sprites":"marbles","response":79,"absDeviation":13,"callibration":"test","block":6,"seed":8,"numerosity":92,"matchType":"unpaired","which":"second","trial_type":"numerosity-estimation","trial_index":120,"time_elapsed":156627151,"subject_id":"78258"},{"rt":2231,"stimulus":10,"slider_start":100,"sprites":"rocks","response":79,"absDeviation":29,"callibration":"test","block":6,"seed":10,"numerosity":50,"matchType":"paired","which":"first","trial_type":"numerosity-estimation","trial_index":121,"time_elapsed":156629384,"subject_id":"78258"},{"rt":3914,"stimulus":10,"slider_start":100,"sprites":"rocks","response":62,"absDeviation":12,"callibration":"test","block":6,"seed":10,"numerosity":50,"matchType":"paired","which":"second","trial_type":"numerosity-estimation","trial_index":122,"time_elapsed":156633301,"subject_id":"78258"},{"rt":3847,"stimulus":11,"slider_start":100,"sprites":"buttons","response":111,"absDeviation":4,"callibration":"test","block":6,"seed":11,"numerosity":107,"matchType":"unpaired","which":"second","trial_type":"numerosity-estimation","trial_index":123,"time_elapsed":156637151,"subject_id":"78258"},{"rt":2831,"stimulus":12,"slider_start":100,"sprites":"animalCrackers","response":88,"absDeviation":4,"callibration":"test","block":6,"seed":12,"numerosity":92,"matchType":"unpaired","which":"second","trial_type":"numerosity-estimation","trial_index":124,"time_elapsed":156639985,"subject_id":"78258"},{"rt":2397,"stimulus":14,"slider_start":100,"sprites":"butterflies","response":115,"absDeviation":35,"callibration":"test","block":6,"seed":14,"numerosity":150,"matchType":"paired","which":"first","trial_type":"numerosity-estimation","trial_index":125,"time_elapsed":156642384,"subject_id":"78258"},{"rt":2198,"stimulus":14,"slider_start":100,"sprites":"butterflies","response":117,"absDeviation":33,"callibration":"test","block":6,"seed":14,"numerosity":150,"matchType":"paired","which":"second","trial_type":"numerosity-estimation","trial_index":126,"time_elapsed":156644585,"subject_id":"78258"},{"rt":2013,"stimulus":15,"slider_start":100,"sprites":"hearts","response":119,"absDeviation":2,"callibration":"test","block":6,"seed":15,"numerosity":121,"matchType":"unpaired","which":"second","trial_type":"numerosity-estimation","trial_index":127,"time_elapsed":156646601,"subject_id":"78258"},{"rt":2364,"stimulus":16,"slider_start":100,"sprites":"crackers","response":83,"absDeviation":19,"callibration":"test","block":6,"seed":16,"numerosity":64,"matchType":"unpaired","which":"second","trial_type":"numerosity-estimation","trial_index":128,"time_elapsed":156648968,"subject_id":"78258"},{"rt":1620,"stimulus":"<p> For the last block of trials, the average deviation of your guesses from correct answers was 18.</p>\n     <p>The smaller the deviation the better.  Your deviation was <b> VERY good</b>.</p><br>\n       <p>Press any key to continue to the next block of trials</p>","response":"m","trial_type":"html-keyboard-response","trial_index":129,"time_elapsed":156650589,"subject_id":"78258"},{"rt":2826,"stimulus":18,"slider_start":100,"sprites":"fruits","response":106,"absDeviation":1,"callibration":"test","block":7,"seed":18,"numerosity":107,"matchType":"paired","which":"first","trial_type":"numerosity-estimation","trial_index":130,"time_elapsed":156653418,"subject_id":"78258"},{"rt":3064,"stimulus":18,"slider_start":100,"sprites":"fruits","response":92,"absDeviation":15,"callibration":"test","block":7,"seed":18,"numerosity":107,"matchType":"paired","which":"second","trial_type":"numerosity-estimation","trial_index":131,"time_elapsed":156656485,"subject_id":"78258"},{"rt":2714,"stimulus":19,"slider_start":100,"sprites":"jellyBeans","response":109,"absDeviation":26,"callibration":"test","block":7,"seed":19,"numerosity":135,"matchType":"unpaired","which":"second","trial_type":"numerosity-estimation","trial_index":132,"time_elapsed":156659201,"subject_id":"78258"},{"rt":2364,"stimulus":20,"slider_start":100,"sprites":"marbles","response":80,"absDeviation":2,"callibration":"test","block":7,"seed":20,"numerosity":78,"matchType":"unpaired","which":"second","trial_type":"numerosity-estimation","trial_index":133,"time_elapsed":156661568,"subject_id":"78258"},{"rt":2114,"stimulus":22,"slider_start":100,"sprites":"rocks","response":92,"absDeviation":0,"callibration":"test","block":7,"seed":22,"numerosity":92,"matchType":"paired","which":"first","trial_type":"numerosity-estimation","trial_index":134,"time_elapsed":156663685,"subject_id":"78258"},{"rt":2963,"stimulus":22,"slider_start":100,"sprites":"rocks","response":103,"absDeviation":11,"callibration":"test","block":7,"seed":22,"numerosity":92,"matchType":"paired","which":"second","trial_type":"numerosity-estimation","trial_index":135,"time_elapsed":156666651,"subject_id":"78258"},{"rt":2064,"stimulus":23,"slider_start":100,"sprites":"buttons","response":115,"absDeviation":35,"callibration":"test","block":7,"seed":23,"numerosity":150,"matchType":"unpaired","which":"second","trial_type":"numerosity-estimation","trial_index":136,"time_elapsed":156668718,"subject_id":"78258"},{"rt":2231,"stimulus":24,"slider_start":100,"sprites":"animalCrackers","response":103,"absDeviation":4,"callibration":"test","block":7,"seed":24,"numerosity":107,"matchType":"unpaired","which":"second","trial_type":"numerosity-estimation","trial_index":137,"time_elapsed":156670951,"subject_id":"78258"},{"rt":2031,"stimulus":26,"slider_start":100,"sprites":"butterflies","response":112,"absDeviation":20,"callibration":"test","block":7,"seed":26,"numerosity":92,"matchType":"paired","which":"first","trial_type":"numerosity-estimation","trial_index":138,"time_elapsed":156672984,"subject_id":"78258"},{"rt":2014,"stimulus":26,"slider_start":100,"sprites":"butterflies","response":104,"absDeviation":12,"callibration":"test","block":7,"seed":26,"numerosity":92,"matchType":"paired","which":"second","trial_type":"numerosity-estimation","trial_index":139,"time_elapsed":156675001,"subject_id":"78258"},{"rt":3048,"stimulus":27,"slider_start":100,"sprites":"hearts","response":116,"absDeviation":5,"callibration":"test","block":7,"seed":27,"numerosity":121,"matchType":"unpaired","which":"second","trial_type":"numerosity-estimation","trial_index":140,"time_elapsed":156678051,"subject_id":"78258"},{"rt":2247,"stimulus":28,"slider_start":100,"sprites":"crackers","response":129,"absDeviation":21,"callibration":"test","block":7,"seed":28,"numerosity":150,"matchType":"unpaired","which":"second","trial_type":"numerosity-estimation","trial_index":141,"time_elapsed":156680301,"subject_id":"78258"},{"rt":2063,"stimulus":30,"slider_start":100,"sprites":"fruits","response":110,"absDeviation":3,"callibration":"test","block":7,"seed":30,"numerosity":107,"matchType":"paired","which":"first","trial_type":"numerosity-estimation","trial_index":142,"time_elapsed":156682368,"subject_id":"78258"},{"rt":2047,"stimulus":30,"slider_start":100,"sprites":"fruits","response":122,"absDeviation":15,"callibration":"test","block":7,"seed":30,"numerosity":107,"matchType":"paired","which":"second","trial_type":"numerosity-estimation","trial_index":143,"time_elapsed":156684417,"subject_id":"78258"},{"rt":2181,"stimulus":31,"slider_start":100,"sprites":"jellyBeans","response":122,"absDeviation":28,"callibration":"test","block":7,"seed":31,"numerosity":150,"matchType":"unpaired","which":"second","trial_type":"numerosity-estimation","trial_index":144,"time_elapsed":156686601,"subject_id":"78258"},{"rt":2631,"stimulus":32,"slider_start":100,"sprites":"marbles","response":124,"absDeviation":11,"callibration":"test","block":7,"seed":32,"numerosity":135,"matchType":"unpaired","which":"second","trial_type":"numerosity-estimation","trial_index":145,"time_elapsed":156689235,"subject_id":"78258"},{"rt":868,"stimulus":"<p> For the last block of trials, the average deviation of your guesses from correct answers was 13.</p>\n     <p>The smaller the deviation the better.  Your deviation was <b> AMAZINGLY good</b>.</p><br>\n       <p>Press any key to continue to the next block of trials</p>","response":",","trial_type":"html-keyboard-response","trial_index":146,"time_elapsed":156690104,"subject_id":"78258"},{"rt":2744,"stimulus":34,"slider_start":100,"sprites":"rocks","response":92,"absDeviation":42,"callibration":"test","block":8,"seed":34,"numerosity":50,"matchType":"paired","which":"first","trial_type":"numerosity-estimation","trial_index":147,"time_elapsed":156692851,"subject_id":"78258"},{"rt":2281,"stimulus":34,"slider_start":100,"sprites":"rocks","response":80,"absDeviation":30,"callibration":"test","block":8,"seed":34,"numerosity":50,"matchType":"paired","which":"second","trial_type":"numerosity-estimation","trial_index":148,"time_elapsed":156695135,"subject_id":"78258"},{"rt":2180,"stimulus":35,"slider_start":100,"sprites":"buttons","response":97,"absDeviation":19,"callibration":"test","block":8,"seed":35,"numerosity":78,"matchType":"unpaired","which":"second","trial_type":"numerosity-estimation","trial_index":149,"time_elapsed":156697318,"subject_id":"78258"},{"rt":2480,"stimulus":36,"slider_start":100,"sprites":"animalCrackers","response":89,"absDeviation":39,"callibration":"test","block":8,"seed":36,"numerosity":50,"matchType":"unpaired","which":"second","trial_type":"numerosity-estimation","trial_index":150,"time_elapsed":156699801,"subject_id":"78258"},{"rt":2381,"stimulus":38,"slider_start":100,"sprites":"butterflies","response":81,"absDeviation":3,"callibration":"test","block":8,"seed":38,"numerosity":78,"matchType":"paired","which":"first","trial_type":"numerosity-estimation","trial_index":151,"time_elapsed":156702185,"subject_id":"78258"},{"rt":2164,"stimulus":38,"slider_start":100,"sprites":"butterflies","response":68,"absDeviation":10,"callibration":"test","block":8,"seed":38,"numerosity":78,"matchType":"paired","which":"second","trial_type":"numerosity-estimation","trial_index":152,"time_elapsed":156704352,"subject_id":"78258"},{"rt":2047,"stimulus":39,"slider_start":100,"sprites":"hearts","response":90,"absDeviation":12,"callibration":"test","block":8,"seed":39,"numerosity":78,"matchType":"unpaired","which":"second","trial_type":"numerosity-estimation","trial_index":153,"time_elapsed":156706401,"subject_id":"78258"},{"rt":1814,"stimulus":40,"slider_start":100,"sprites":"crackers","response":111,"absDeviation":10,"callibration":"test","block":8,"seed":40,"numerosity":121,"matchType":"unpaired","which":"second","trial_type":"numerosity-estimation","trial_index":154,"time_elapsed":156708218,"subject_id":"78258"},{"rt":2647,"stimulus":42,"slider_start":100,"sprites":"fruits","response":81,"absDeviation":3,"callibration":"test","block":8,"seed":42,"numerosity":78,"matchType":"paired","which":"first","trial_type":"numerosity-estimation","trial_index":155,"time_elapsed":156710868,"subject_id":"78258"},{"rt":2114,"stimulus":42,"slider_start":100,"sprites":"fruits","response":87,"absDeviation":9,"callibration":"test","block":8,"seed":42,"numerosity":78,"matchType":"paired","which":"second","trial_type":"numerosity-estimation","trial_index":156,"time_elapsed":156712985,"subject_id":"78258"},{"rt":2230,"stimulus":43,"slider_start":100,"sprites":"jellyBeans","response":77,"absDeviation":13,"callibration":"test","block":8,"seed":43,"numerosity":64,"matchType":"unpaired","which":"second","trial_type":"numerosity-estimation","trial_index":157,"time_elapsed":156715218,"subject_id":"78258"},{"rt":2347,"stimulus":44,"slider_start":100,"sprites":"marbles","response":107,"absDeviation":14,"callibration":"test","block":8,"seed":44,"numerosity":121,"matchType":"unpaired","which":"second","trial_type":"numerosity-estimation","trial_index":158,"time_elapsed":156717568,"subject_id":"78258"},{"rt":2331,"stimulus":46,"slider_start":100,"sprites":"rocks","response":121,"absDeviation":14,"callibration":"test","block":8,"seed":46,"numerosity":107,"matchType":"paired","which":"first","trial_type":"numerosity-estimation","trial_index":159,"time_elapsed":156719902,"subject_id":"78258"},{"rt":3930,"stimulus":46,"slider_start":100,"sprites":"rocks","response":116,"absDeviation":9,"callibration":"test","block":8,"seed":46,"numerosity":107,"matchType":"paired","which":"second","trial_type":"numerosity-estimation","trial_index":160,"time_elapsed":156723835,"subject_id":"78258"},{"rt":2064,"stimulus":47,"slider_start":100,"sprites":"buttons","response":111,"absDeviation":10,"callibration":"test","block":8,"seed":47,"numerosity":121,"matchType":"unpaired","which":"second","trial_type":"numerosity-estimation","trial_index":161,"time_elapsed":156725901,"subject_id":"78258"},{"rt":4214,"stimulus":48,"slider_start":100,"sprites":"animalCrackers","response":120,"absDeviation":15,"callibration":"test","block":8,"seed":48,"numerosity":135,"matchType":"unpaired","which":"second","trial_type":"numerosity-estimation","trial_index":162,"time_elapsed":156730118,"subject_id":"78258"},{"rt":757,"stimulus":"<p> For the last block of trials, the average deviation of your guesses from correct answers was 16.</p>\n     <p>The smaller the deviation the better.  Your deviation was <b> VERY good</b>.</p><br>\n       <p>Press any key to continue to the next block of trials</p>","response":",","trial_type":"html-keyboard-response","trial_index":163,"time_elapsed":156730876,"subject_id":"78258"},{"rt":2172,"stimulus":50,"slider_start":100,"sprites":"butterflies","response":119,"absDeviation":31,"callibration":"test","block":9,"seed":50,"numerosity":150,"matchType":"paired","which":"first","trial_type":"numerosity-estimation","trial_index":164,"time_elapsed":156733051,"subject_id":"78258"},{"rt":2197,"stimulus":50,"slider_start":100,"sprites":"butterflies","response":105,"absDeviation":45,"callibration":"test","block":9,"seed":50,"numerosity":150,"matchType":"paired","which":"second","trial_type":"numerosity-estimation","trial_index":165,"time_elapsed":156735251,"subject_id":"78258"},{"rt":2114,"stimulus":51,"slider_start":100,"sprites":"hearts","response":141,"absDeviation":9,"callibration":"test","block":9,"seed":51,"numerosity":150,"matchType":"unpaired","which":"second","trial_type":"numerosity-estimation","trial_index":166,"time_elapsed":156737368,"subject_id":"78258"},{"rt":2264,"stimulus":52,"slider_start":100,"sprites":"crackers","response":94,"absDeviation":16,"callibration":"test","block":9,"seed":52,"numerosity":78,"matchType":"unpaired","which":"second","trial_type":"numerosity-estimation","trial_index":167,"time_elapsed":156739635,"subject_id":"78258"},{"rt":2731,"stimulus":54,"slider_start":100,"sprites":"fruits","response":123,"absDeviation":31,"callibration":"test","block":9,"seed":54,"numerosity":92,"matchType":"paired","which":"first","trial_type":"numerosity-estimation","trial_index":168,"time_elapsed":156742368,"subject_id":"78258"},{"rt":2230,"stimulus":54,"slider_start":100,"sprites":"fruits","response":114,"absDeviation":22,"callibration":"test","block":9,"seed":54,"numerosity":92,"matchType":"paired","which":"second","trial_type":"numerosity-estimation","trial_index":169,"time_elapsed":156744601,"subject_id":"78258"},{"rt":2797,"stimulus":55,"slider_start":100,"sprites":"jellyBeans","response":110,"absDeviation":11,"callibration":"test","block":9,"seed":55,"numerosity":121,"matchType":"unpaired","which":"second","trial_type":"numerosity-estimation","trial_index":170,"time_elapsed":156747401,"subject_id":"78258"},{"rt":2880,"stimulus":56,"slider_start":100,"sprites":"marbles","response":86,"absDeviation":22,"callibration":"test","block":9,"seed":56,"numerosity":64,"matchType":"unpaired","which":"second","trial_type":"numerosity-estimation","trial_index":171,"time_elapsed":156750285,"subject_id":"78258"},{"rt":3964,"stimulus":58,"slider_start":100,"sprites":"rocks","response":121,"absDeviation":0,"callibration":"test","block":9,"seed":58,"numerosity":121,"matchType":"paired","which":"first","trial_type":"numerosity-estimation","trial_index":172,"time_elapsed":156754252,"subject_id":"78258"},{"rt":2480,"stimulus":58,"slider_start":100,"sprites":"rocks","response":119,"absDeviation":2,"callibration":"test","block":9,"seed":58,"numerosity":121,"matchType":"paired","which":"second","trial_type":"numerosity-estimation","trial_index":173,"time_elapsed":156756734,"subject_id":"78258"},{"rt":6849,"stimulus":59,"slider_start":100,"sprites":"buttons","response":90,"absDeviation":45,"callibration":"test","block":9,"seed":59,"numerosity":135,"matchType":"unpaired","which":"second","trial_type":"numerosity-estimation","trial_index":174,"time_elapsed":156763585,"subject_id":"78258"},{"rt":3081,"stimulus":60,"slider_start":100,"sprites":"animalCrackers","response":119,"absDeviation":31,"callibration":"test","block":9,"seed":60,"numerosity":150,"matchType":"unpaired","which":"second","trial_type":"numerosity-estimation","trial_index":175,"time_elapsed":156766668,"subject_id":"78258"},{"rt":1931,"stimulus":62,"slider_start":100,"sprites":"butterflies","response":94,"absDeviation":41,"callibration":"test","block":9,"seed":62,"numerosity":135,"matchType":"paired","which":"first","trial_type":"numerosity-estimation","trial_index":176,"time_elapsed":156768602,"subject_id":"78258"},{"rt":2247,"stimulus":62,"slider_start":100,"sprites":"butterflies","response":90,"absDeviation":45,"callibration":"test","block":9,"seed":62,"numerosity":135,"matchType":"paired","which":"second","trial_type":"numerosity-estimation","trial_index":177,"time_elapsed":156770852,"subject_id":"78258"},{"rt":7680,"stimulus":63,"slider_start":100,"sprites":"hearts","response":91,"absDeviation":27,"callibration":"test","block":9,"seed":63,"numerosity":64,"matchType":"unpaired","which":"second","trial_type":"numerosity-estimation","trial_index":178,"time_elapsed":156778535,"subject_id":"78258"},{"rt":9147,"stimulus":64,"slider_start":100,"sprites":"crackers","response":86,"absDeviation":49,"callibration":"test","block":9,"seed":64,"numerosity":135,"matchType":"unpaired","which":"second","trial_type":"numerosity-estimation","trial_index":179,"time_elapsed":156787685,"subject_id":"78258"},{"rt":868,"stimulus":"<p> For the last block of trials, the average deviation of your guesses from correct answers was 27.</p>\n     <p>The smaller the deviation the better.  Your deviation was <b> good</b>.</p><br>\n       <p>Press any key to continue to the next block of trials</p>","response":",","trial_type":"html-keyboard-response","trial_index":180,"time_elapsed":156788554,"subject_id":"78258"},{"rt":2795,"stimulus":66,"slider_start":100,"sprites":"fruits","response":87,"absDeviation":23,"callibration":"test","block":10,"seed":66,"numerosity":64,"matchType":"paired","which":"first","trial_type":"numerosity-estimation","trial_index":181,"time_elapsed":156791352,"subject_id":"78258"},{"rt":2514,"stimulus":66,"slider_start":100,"sprites":"fruits","response":80,"absDeviation":16,"callibration":"test","block":10,"seed":66,"numerosity":64,"matchType":"paired","which":"second","trial_type":"numerosity-estimation","trial_index":182,"time_elapsed":156793868,"subject_id":"78258"},{"rt":2014,"stimulus":67,"slider_start":100,"sprites":"jellyBeans","response":80,"absDeviation":27,"callibration":"test","block":10,"seed":67,"numerosity":107,"matchType":"unpaired","which":"second","trial_type":"numerosity-estimation","trial_index":183,"time_elapsed":156795885,"subject_id":"78258"},{"rt":2397,"stimulus":68,"slider_start":100,"sprites":"marbles","response":92,"absDeviation":58,"callibration":"test","block":10,"seed":68,"numerosity":150,"matchType":"unpaired","which":"second","trial_type":"numerosity-estimation","trial_index":184,"time_elapsed":156798285,"subject_id":"78258"},{"rt":1998,"stimulus":70,"slider_start":100,"sprites":"rocks","response":91,"absDeviation":1,"callibration":"test","block":10,"seed":70,"numerosity":92,"matchType":"paired","which":"first","trial_type":"numerosity-estimation","trial_index":185,"time_elapsed":156800285,"subject_id":"78258"},{"rt":7780,"stimulus":70,"slider_start":100,"sprites":"rocks","response":94,"absDeviation":2,"callibration":"test","block":10,"seed":70,"numerosity":92,"matchType":"paired","which":"second","trial_type":"numerosity-estimation","trial_index":186,"time_elapsed":156808068,"subject_id":"78258"},{"rt":4381,"stimulus":71,"slider_start":100,"sprites":"buttons","response":71,"absDeviation":36,"callibration":"test","block":10,"seed":71,"numerosity":107,"matchType":"unpaired","which":"second","trial_type":"numerosity-estimation","trial_index":187,"time_elapsed":156812452,"subject_id":"78258"},{"rt":2131,"stimulus":72,"slider_start":100,"sprites":"animalCrackers","response":67,"absDeviation":17,"callibration":"test","block":10,"seed":72,"numerosity":50,"matchType":"unpaired","which":"second","trial_type":"numerosity-estimation","trial_index":188,"time_elapsed":156814585,"subject_id":"78258"},{"rt":2564,"stimulus":74,"slider_start":100,"sprites":"butterflies","response":60,"absDeviation":4,"callibration":"test","block":10,"seed":74,"numerosity":64,"matchType":"paired","which":"first","trial_type":"numerosity-estimation","trial_index":189,"time_elapsed":156817151,"subject_id":"78258"},{"rt":3031,"stimulus":74,"slider_start":100,"sprites":"butterflies","response":60,"absDeviation":4,"callibration":"test","block":10,"seed":74,"numerosity":64,"matchType":"paired","which":"second","trial_type":"numerosity-estimation","trial_index":190,"time_elapsed":156820185,"subject_id":"78258"},{"rt":2364,"stimulus":75,"slider_start":100,"sprites":"hearts","response":108,"absDeviation":16,"callibration":"test","block":10,"seed":75,"numerosity":92,"matchType":"unpaired","which":"second","trial_type":"numerosity-estimation","trial_index":191,"time_elapsed":156822552,"subject_id":"78258"},{"rt":2464,"stimulus":76,"slider_start":100,"sprites":"crackers","response":74,"absDeviation":10,"callibration":"test","block":10,"seed":76,"numerosity":64,"matchType":"unpaired","which":"second","trial_type":"numerosity-estimation","trial_index":192,"time_elapsed":156825018,"subject_id":"78258"},{"rt":2814,"stimulus":78,"slider_start":100,"sprites":"fruits","response":71,"absDeviation":7,"callibration":"test","block":10,"seed":78,"numerosity":64,"matchType":"paired","which":"first","trial_type":"numerosity-estimation","trial_index":193,"time_elapsed":156827835,"subject_id":"78258"},{"rt":7014,"stimulus":78,"slider_start":100,"sprites":"fruits","response":85,"absDeviation":21,"callibration":"test","block":10,"seed":78,"numerosity":64,"matchType":"paired","which":"second","trial_type":"numerosity-estimation","trial_index":194,"time_elapsed":156834851,"subject_id":"78258"},{"rt":2214,"stimulus":79,"slider_start":100,"sprites":"jellyBeans","response":71,"absDeviation":21,"callibration":"test","block":10,"seed":79,"numerosity":50,"matchType":"unpaired","which":"second","trial_type":"numerosity-estimation","trial_index":195,"time_elapsed":156837068,"subject_id":"78258"},{"rt":2281,"stimulus":80,"slider_start":100,"sprites":"marbles","response":80,"absDeviation":41,"callibration":"test","block":10,"seed":80,"numerosity":121,"matchType":"unpaired","which":"second","trial_type":"numerosity-estimation","trial_index":196,"time_elapsed":156839352,"subject_id":"78258"},{"rt":1738,"stimulus":"<p> For the last block of trials, the average deviation of your guesses from correct answers was 19.</p>\n     <p>The smaller the deviation the better.  Your deviation was <b> VERY good</b>.</p><br>\n       <p>Press any key to continue to the next block of trials</p>","response":"k","trial_type":"html-keyboard-response","trial_index":197,"time_elapsed":156841091,"subject_id":"78258"},{"rt":9241,"stimulus":82,"slider_start":100,"sprites":"rocks","response":91,"absDeviation":27,"callibration":"test","block":11,"seed":82,"numerosity":64,"matchType":"paired","which":"first","trial_type":"numerosity-estimation","trial_index":198,"time_elapsed":156850335,"subject_id":"78258"},{"rt":2347,"stimulus":82,"slider_start":100,"sprites":"rocks","response":83,"absDeviation":19,"callibration":"test","block":11,"seed":82,"numerosity":64,"matchType":"paired","which":"second","trial_type":"numerosity-estimation","trial_index":199,"time_elapsed":156852685,"subject_id":"78258"},{"rt":2747,"stimulus":83,"slider_start":100,"sprites":"buttons","response":113,"absDeviation":8,"callibration":"test","block":11,"seed":83,"numerosity":121,"matchType":"unpaired","which":"second","trial_type":"numerosity-estimation","trial_index":200,"time_elapsed":156855435,"subject_id":"78258"},{"rt":2181,"stimulus":84,"slider_start":100,"sprites":"animalCrackers","response":81,"absDeviation":31,"callibration":"test","block":11,"seed":84,"numerosity":50,"matchType":"unpaired","which":"second","trial_type":"numerosity-estimation","trial_index":201,"time_elapsed":156857619,"subject_id":"78258"},{"rt":10247,"stimulus":86,"slider_start":100,"sprites":"butterflies","response":82,"absDeviation":39,"callibration":"test","block":11,"seed":86,"numerosity":121,"matchType":"paired","which":"first","trial_type":"numerosity-estimation","trial_index":202,"time_elapsed":156867868,"subject_id":"78258"},{"rt":1898,"stimulus":86,"slider_start":100,"sprites":"butterflies","response":123,"absDeviation":2,"callibration":"test","block":11,"seed":86,"numerosity":121,"matchType":"paired","which":"second","trial_type":"numerosity-estimation","trial_index":203,"time_elapsed":156869769,"subject_id":"78258"},{"rt":2281,"stimulus":87,"slider_start":100,"sprites":"hearts","response":88,"absDeviation":38,"callibration":"test","block":11,"seed":87,"numerosity":50,"matchType":"unpaired","which":"second","trial_type":"numerosity-estimation","trial_index":204,"time_elapsed":156872052,"subject_id":"78258"},{"rt":23615,"stimulus":88,"slider_start":100,"sprites":"crackers","response":77,"absDeviation":58,"callibration":"test","block":11,"seed":88,"numerosity":135,"matchType":"unpaired","which":"second","trial_type":"numerosity-estimation","trial_index":205,"time_elapsed":156895668,"subject_id":"78258"},{"rt":2414,"stimulus":90,"slider_start":100,"sprites":"fruits","response":142,"absDeviation":8,"callibration":"test","block":11,"seed":90,"numerosity":150,"matchType":"paired","which":"first","trial_type":"numerosity-estimation","trial_index":206,"time_elapsed":156898085,"subject_id":"78258"},{"rt":44218,"stimulus":90,"slider_start":100,"sprites":"fruits","response":93,"absDeviation":57,"callibration":"test","block":11,"seed":90,"numerosity":150,"matchType":"paired","which":"second","trial_type":"numerosity-estimation","trial_index":207,"time_elapsed":157337504,"subject_id":"78258"},{"rt":3829,"stimulus":91,"slider_start":100,"sprites":"jellyBeans","response":93,"absDeviation":1,"callibration":"test","block":11,"seed":91,"numerosity":92,"matchType":"unpaired","which":"second","trial_type":"numerosity-estimation","trial_index":208,"time_elapsed":157341336,"subject_id":"78258"},{"rt":2231,"stimulus":92,"slider_start":100,"sprites":"marbles","response":88,"absDeviation":33,"callibration":"test","block":11,"seed":92,"numerosity":121,"matchType":"unpaired","which":"second","trial_type":"numerosity-estimation","trial_index":209,"time_elapsed":157343570,"subject_id":"78258"},{"rt":2497,"stimulus":94,"slider_start":100,"sprites":"rocks","response":86,"absDeviation":8,"callibration":"test","block":11,"seed":94,"numerosity":78,"matchType":"paired","which":"first","trial_type":"numerosity-estimation","trial_index":210,"time_elapsed":157346069,"subject_id":"78258"},{"rt":2696,"stimulus":94,"slider_start":100,"sprites":"rocks","response":79,"absDeviation":1,"callibration":"test","block":11,"seed":94,"numerosity":78,"matchType":"paired","which":"second","trial_type":"numerosity-estimation","trial_index":211,"time_elapsed":157348768,"subject_id":"78258"},{"rt":2249,"stimulus":95,"slider_start":100,"sprites":"buttons","response":83,"absDeviation":19,"callibration":"test","block":11,"seed":95,"numerosity":64,"matchType":"unpaired","which":"second","trial_type":"numerosity-estimation","trial_index":212,"time_elapsed":157351019,"subject_id":"78258"},{"rt":3064,"stimulus":96,"slider_start":100,"sprites":"animalCrackers","response":111,"absDeviation":19,"callibration":"test","block":11,"seed":96,"numerosity":92,"matchType":"unpaired","which":"second","trial_type":"numerosity-estimation","trial_index":213,"time_elapsed":157354086,"subject_id":"78258"},{"rt":909,"stimulus":"<p> For the last block of trials, the average deviation of your guesses from correct answers was 23.</p>\n     <p>The smaller the deviation the better.  Your deviation was <b> VERY good</b>.</p><br>\n       <p>Press any key to continue to the next block of trials</p>","response":"d","trial_type":"html-keyboard-response","trial_index":214,"time_elapsed":157354996,"subject_id":"78258"},{"rt":5403,"response":{"averageEstimates":"When the two displays occured back-to-back, in immediate succession.","firstOrSecond":"The first time the objects were shown"},"question_order":[0,1],"trial_type":"survey-multi-choice","trial_index":215,"time_elapsed":157360404,"subject_id":"78258"}]