[{"rt":13609,"url":"consent.html","trial_type":"external-html","trial_index":0,"time_elapsed":13621,"subject_id":"77668"},{"view_history":[{"page_index":0,"viewing_time":1928}],"rt":1929,"trial_type":"instructions","trial_index":1,"time_elapsed":15551,"subject_id":"77668"},{"rt":10177,"stimulus":0,"slider_start":100,"sprites":"animalCrackers","response":99,"absDeviation":49,"callibration":"callibration","block":-1,"seed":0,"numerosity":50,"matchType":"callibration","which":"first","trial_type":"numerosity-estimation","trial_index":2,"time_elapsed":25743,"subject_id":"77668"},{"rt":8873,"stimulus":1,"slider_start":100,"sprites":"letters","response":65,"absDeviation":1,"callibration":"callibration","block":-1,"seed":1,"numerosity":64,"matchType":"callibration","which":"first","trial_type":"numerosity-estimation","trial_index":3,"time_elapsed":34619,"subject_id":"77668"},{"rt":4031,"stimulus":2,"slider_start":100,"sprites":"butterflies","response":100,"absDeviation":22,"callibration":"callibration","block":-1,"seed":2,"numerosity":78,"matchType":"callibration","which":"first","trial_type":"numerosity-estimation","trial_index":4,"time_elapsed":38654,"subject_id":"77668"},{"rt":6150,"stimulus":3,"slider_start":100,"sprites":"hearts","response":92,"absDeviation":0,"callibration":"callibration","block":-1,"seed":3,"numerosity":92,"matchType":"callibration","which":"first","trial_type":"numerosity-estimation","trial_index":5,"time_elapsed":44806,"subject_id":"77668"},{"rt":8918,"stimulus":4,"slider_start":100,"sprites":"crackers","response":107,"absDeviation":0,"callibration":"callibration","block":-1,"seed":4,"numerosity":107,"matchType":"callibration","which":"first","trial_type":"numerosity-estimation","trial_index":6,"time_elapsed":53729,"subject_id":"77668"},{"rt":7628,"stimulus":5,"slider_start":100,"sprites":"bears","response":121,"absDeviation":0,"callibration":"callibration","block":-1,"seed":5,"numerosity":121,"matchType":"callibration","which":"first","trial_type":"numerosity-estimation","trial_index":7,"time_elapsed":61362,"subject_id":"77668"},{"rt":7437,"stimulus":6,"slider_start":100,"sprites":"fruits","response":100,"absDeviation":35,"callibration":"callibration","block":-1,"seed":6,"numerosity":135,"matchType":"callibration","which":"first","trial_type":"numerosity-estimation","trial_index":8,"time_elapsed":68804,"subject_id":"77668"},{"rt":15711,"stimulus":7,"slider_start":100,"sprites":"jellyBeans","response":150,"absDeviation":0,"callibration":"callibration","block":-1,"seed":7,"numerosity":150,"matchType":"callibration","which":"first","trial_type":"numerosity-estimation","trial_index":9,"time_elapsed":84519,"subject_id":"77668"},{"view_history":[{"page_index":0,"viewing_time":21091}],"rt":21091,"trial_type":"instructions","trial_index":10,"time_elapsed":105612,"subject_id":"77668"},{"rt":6585,"stimulus":1,"slider_start":100,"sprites":"letters","response":95,"absDeviation":3,"callibration":"test","block":0,"seed":1,"numerosity":92,"matchType":"paired","which":"first","trial_type":"numerosity-estimation","trial_index":11,"time_elapsed":112199,"subject_id":"77668"},{"rt":9618,"stimulus":1,"slider_start":100,"sprites":"letters","response":77,"absDeviation":15,"callibration":"test","block":0,"seed":1,"numerosity":92,"matchType":"paired","which":"second","trial_type":"numerosity-estimation","trial_index":12,"time_elapsed":121818,"subject_id":"77668"},{"rt":6058,"stimulus":3,"slider_start":100,"sprites":"hearts","response":49,"absDeviation":1,"callibration":"test","block":0,"seed":3,"numerosity":50,"matchType":"unpaired","which":"first","trial_type":"numerosity-estimation","trial_index":13,"time_elapsed":127883,"subject_id":"77668"},{"rt":5662,"stimulus":4,"slider_start":100,"sprites":"crackers","response":103,"absDeviation":4,"callibration":"test","block":0,"seed":4,"numerosity":107,"matchType":"unpaired","which":"first","trial_type":"numerosity-estimation","trial_index":14,"time_elapsed":133548,"subject_id":"77668"},{"rt":7651,"stimulus":5,"slider_start":100,"sprites":"bears","response":33,"absDeviation":17,"callibration":"test","block":0,"seed":5,"numerosity":50,"matchType":"paired","which":"first","trial_type":"numerosity-estimation","trial_index":15,"time_elapsed":141202,"subject_id":"77668"},{"rt":6459,"stimulus":5,"slider_start":100,"sprites":"bears","response":48,"absDeviation":2,"callibration":"test","block":0,"seed":5,"numerosity":50,"matchType":"paired","which":"second","trial_type":"numerosity-estimation","trial_index":16,"time_elapsed":147665,"subject_id":"77668"},{"rt":6419,"stimulus":7,"slider_start":100,"sprites":"jellyBeans","response":32,"absDeviation":18,"callibration":"test","block":0,"seed":7,"numerosity":50,"matchType":"unpaired","which":"first","trial_type":"numerosity-estimation","trial_index":17,"time_elapsed":154088,"subject_id":"77668"},{"rt":8362,"stimulus":8,"slider_start":100,"sprites":"marbles","response":44,"absDeviation":48,"callibration":"test","block":0,"seed":8,"numerosity":92,"matchType":"unpaired","which":"first","trial_type":"numerosity-estimation","trial_index":18,"time_elapsed":162456,"subject_id":"77668"},{"rt":6592,"stimulus":9,"slider_start":100,"sprites":"mints","response":112,"absDeviation":23,"callibration":"test","block":0,"seed":9,"numerosity":135,"matchType":"paired","which":"first","trial_type":"numerosity-estimation","trial_index":19,"time_elapsed":169052,"subject_id":"77668"},{"rt":4895,"stimulus":9,"slider_start":100,"sprites":"mints","response":113,"absDeviation":22,"callibration":"test","block":0,"seed":9,"numerosity":135,"matchType":"paired","which":"second","trial_type":"numerosity-estimation","trial_index":20,"time_elapsed":173951,"subject_id":"77668"},{"rt":6329,"stimulus":11,"slider_start":100,"sprites":"buttons","response":109,"absDeviation":2,"callibration":"test","block":0,"seed":11,"numerosity":107,"matchType":"unpaired","which":"first","trial_type":"numerosity-estimation","trial_index":21,"time_elapsed":180285,"subject_id":"77668"},{"rt":7013,"stimulus":12,"slider_start":100,"sprites":"animalCrackers","response":111,"absDeviation":19,"callibration":"test","block":0,"seed":12,"numerosity":92,"matchType":"unpaired","which":"first","trial_type":"numerosity-estimation","trial_index":22,"time_elapsed":187303,"subject_id":"77668"},{"rt":8749,"stimulus":13,"slider_start":100,"sprites":"letters","response":90,"absDeviation":17,"callibration":"test","block":0,"seed":13,"numerosity":107,"matchType":"paired","which":"first","trial_type":"numerosity-estimation","trial_index":23,"time_elapsed":196057,"subject_id":"77668"},{"rt":4824,"stimulus":13,"slider_start":100,"sprites":"letters","response":109,"absDeviation":2,"callibration":"test","block":0,"seed":13,"numerosity":107,"matchType":"paired","which":"second","trial_type":"numerosity-estimation","trial_index":24,"time_elapsed":200883,"subject_id":"77668"},{"rt":5582,"stimulus":15,"slider_start":100,"sprites":"hearts","response":114,"absDeviation":7,"callibration":"test","block":0,"seed":15,"numerosity":121,"matchType":"unpaired","which":"first","trial_type":"numerosity-estimation","trial_index":25,"time_elapsed":206469,"subject_id":"77668"},{"rt":5652,"stimulus":16,"slider_start":100,"sprites":"crackers","response":33,"absDeviation":31,"callibration":"test","block":0,"seed":16,"numerosity":64,"matchType":"unpaired","which":"first","trial_type":"numerosity-estimation","trial_index":26,"time_elapsed":212125,"subject_id":"77668"},{"rt":9341,"stimulus":"<p> For the last block of trials, the average deviation of your guesses from correct answers was 14.</p>\n     <p>The smaller the deviation the better.  Your deviation was <b> AMAZINGLY good</b>.</p><br>\n       <p>Press any key to continue to the next block of trials</p>","response":" ","trial_type":"html-keyboard-response","trial_index":27,"time_elapsed":221471,"subject_id":"77668"},{"rt":7873,"stimulus":17,"slider_start":100,"sprites":"bears","response":63,"absDeviation":29,"callibration":"test","block":1,"seed":17,"numerosity":92,"matchType":"paired","which":"first","trial_type":"numerosity-estimation","trial_index":28,"time_elapsed":229350,"subject_id":"77668"},{"rt":4992,"stimulus":17,"slider_start":100,"sprites":"bears","response":67,"absDeviation":25,"callibration":"test","block":1,"seed":17,"numerosity":92,"matchType":"paired","which":"second","trial_type":"numerosity-estimation","trial_index":29,"time_elapsed":234347,"subject_id":"77668"},{"rt":4457,"stimulus":19,"slider_start":100,"sprites":"jellyBeans","response":112,"absDeviation":23,"callibration":"test","block":1,"seed":19,"numerosity":135,"matchType":"unpaired","which":"first","trial_type":"numerosity-estimation","trial_index":30,"time_elapsed":238810,"subject_id":"77668"},{"rt":7092,"stimulus":20,"slider_start":100,"sprites":"marbles","response":44,"absDeviation":34,"callibration":"test","block":1,"seed":20,"numerosity":78,"matchType":"unpaired","which":"first","trial_type":"numerosity-estimation","trial_index":31,"time_elapsed":245907,"subject_id":"77668"},{"rt":4784,"stimulus":21,"slider_start":100,"sprites":"mints","response":107,"absDeviation":15,"callibration":"test","block":1,"seed":21,"numerosity":92,"matchType":"paired","which":"first","trial_type":"numerosity-estimation","trial_index":32,"time_elapsed":250696,"subject_id":"77668"},{"rt":9387,"stimulus":21,"slider_start":100,"sprites":"mints","response":123,"absDeviation":31,"callibration":"test","block":1,"seed":21,"numerosity":92,"matchType":"paired","which":"second","trial_type":"numerosity-estimation","trial_index":33,"time_elapsed":260087,"subject_id":"77668"},{"rt":4016,"stimulus":23,"slider_start":100,"sprites":"buttons","response":142,"absDeviation":8,"callibration":"test","block":1,"seed":23,"numerosity":150,"matchType":"unpaired","which":"first","trial_type":"numerosity-estimation","trial_index":34,"time_elapsed":264109,"subject_id":"77668"},{"rt":3073,"stimulus":24,"slider_start":100,"sprites":"animalCrackers","response":112,"absDeviation":5,"callibration":"test","block":1,"seed":24,"numerosity":107,"matchType":"unpaired","which":"first","trial_type":"numerosity-estimation","trial_index":35,"time_elapsed":267186,"subject_id":"77668"},{"rt":3381,"stimulus":25,"slider_start":100,"sprites":"letters","response":115,"absDeviation":8,"callibration":"test","block":1,"seed":25,"numerosity":107,"matchType":"paired","which":"first","trial_type":"numerosity-estimation","trial_index":36,"time_elapsed":270574,"subject_id":"77668"},{"rt":3222,"stimulus":25,"slider_start":100,"sprites":"letters","response":124,"absDeviation":17,"callibration":"test","block":1,"seed":25,"numerosity":107,"matchType":"paired","which":"second","trial_type":"numerosity-estimation","trial_index":37,"time_elapsed":273800,"subject_id":"77668"},{"rt":3440,"stimulus":27,"slider_start":100,"sprites":"hearts","response":134,"absDeviation":13,"callibration":"test","block":1,"seed":27,"numerosity":121,"matchType":"unpaired","which":"first","trial_type":"numerosity-estimation","trial_index":38,"time_elapsed":277246,"subject_id":"77668"},{"rt":3587,"stimulus":28,"slider_start":100,"sprites":"crackers","response":145,"absDeviation":5,"callibration":"test","block":1,"seed":28,"numerosity":150,"matchType":"unpaired","which":"first","trial_type":"numerosity-estimation","trial_index":39,"time_elapsed":280837,"subject_id":"77668"},{"rt":5253,"stimulus":29,"slider_start":100,"sprites":"bears","response":41,"absDeviation":23,"callibration":"test","block":1,"seed":29,"numerosity":64,"matchType":"paired","which":"first","trial_type":"numerosity-estimation","trial_index":40,"time_elapsed":286095,"subject_id":"77668"},{"rt":4742,"stimulus":29,"slider_start":100,"sprites":"bears","response":42,"absDeviation":22,"callibration":"test","block":1,"seed":29,"numerosity":64,"matchType":"paired","which":"second","trial_type":"numerosity-estimation","trial_index":41,"time_elapsed":290842,"subject_id":"77668"},{"rt":5758,"stimulus":31,"slider_start":100,"sprites":"jellyBeans","response":105,"absDeviation":45,"callibration":"test","block":1,"seed":31,"numerosity":150,"matchType":"unpaired","which":"first","trial_type":"numerosity-estimation","trial_index":42,"time_elapsed":296605,"subject_id":"77668"},{"rt":5596,"stimulus":32,"slider_start":100,"sprites":"marbles","response":110,"absDeviation":25,"callibration":"test","block":1,"seed":32,"numerosity":135,"matchType":"unpaired","which":"first","trial_type":"numerosity-estimation","trial_index":43,"time_elapsed":302205,"subject_id":"77668"},{"rt":2756,"stimulus":"<p> For the last block of trials, the average deviation of your guesses from correct answers was 21.</p>\n     <p>The smaller the deviation the better.  Your deviation was <b> VERY good</b>.</p><br>\n       <p>Press any key to continue to the next block of trials</p>","response":" ","trial_type":"html-keyboard-response","trial_index":44,"time_elapsed":304964,"subject_id":"77668"},{"rt":4185,"stimulus":33,"slider_start":100,"sprites":"mints","response":122,"absDeviation":1,"callibration":"test","block":2,"seed":33,"numerosity":121,"matchType":"paired","which":"first","trial_type":"numerosity-estimation","trial_index":45,"time_elapsed":309153,"subject_id":"77668"},{"rt":2445,"stimulus":33,"slider_start":100,"sprites":"mints","response":120,"absDeviation":1,"callibration":"test","block":2,"seed":33,"numerosity":121,"matchType":"paired","which":"second","trial_type":"numerosity-estimation","trial_index":46,"time_elapsed":311602,"subject_id":"77668"},{"rt":3881,"stimulus":35,"slider_start":100,"sprites":"buttons","response":83,"absDeviation":5,"callibration":"test","block":2,"seed":35,"numerosity":78,"matchType":"unpaired","which":"first","trial_type":"numerosity-estimation","trial_index":47,"time_elapsed":315486,"subject_id":"77668"},{"rt":4692,"stimulus":36,"slider_start":100,"sprites":"animalCrackers","response":31,"absDeviation":19,"callibration":"test","block":2,"seed":36,"numerosity":50,"matchType":"unpaired","which":"first","trial_type":"numerosity-estimation","trial_index":48,"time_elapsed":320182,"subject_id":"77668"},{"rt":5650,"stimulus":37,"slider_start":100,"sprites":"letters","response":123,"absDeviation":12,"callibration":"test","block":2,"seed":37,"numerosity":135,"matchType":"paired","which":"first","trial_type":"numerosity-estimation","trial_index":49,"time_elapsed":325836,"subject_id":"77668"},{"rt":3210,"stimulus":37,"slider_start":100,"sprites":"letters","response":114,"absDeviation":21,"callibration":"test","block":2,"seed":37,"numerosity":135,"matchType":"paired","which":"second","trial_type":"numerosity-estimation","trial_index":50,"time_elapsed":329050,"subject_id":"77668"},{"rt":3270,"stimulus":39,"slider_start":100,"sprites":"hearts","response":76,"absDeviation":2,"callibration":"test","block":2,"seed":39,"numerosity":78,"matchType":"unpaired","which":"first","trial_type":"numerosity-estimation","trial_index":51,"time_elapsed":332326,"subject_id":"77668"},{"rt":3124,"stimulus":40,"slider_start":100,"sprites":"crackers","response":125,"absDeviation":4,"callibration":"test","block":2,"seed":40,"numerosity":121,"matchType":"unpaired","which":"first","trial_type":"numerosity-estimation","trial_index":52,"time_elapsed":335455,"subject_id":"77668"},{"rt":2930,"stimulus":41,"slider_start":100,"sprites":"bears","response":34,"absDeviation":16,"callibration":"test","block":2,"seed":41,"numerosity":50,"matchType":"paired","which":"first","trial_type":"numerosity-estimation","trial_index":53,"time_elapsed":338391,"subject_id":"77668"},{"rt":3608,"stimulus":41,"slider_start":100,"sprites":"bears","response":37,"absDeviation":13,"callibration":"test","block":2,"seed":41,"numerosity":50,"matchType":"paired","which":"second","trial_type":"numerosity-estimation","trial_index":54,"time_elapsed":342002,"subject_id":"77668"},{"rt":24010,"stimulus":43,"slider_start":100,"sprites":"jellyBeans","response":80,"absDeviation":16,"callibration":"test","block":2,"seed":43,"numerosity":64,"matchType":"unpaired","which":"first","trial_type":"numerosity-estimation","trial_index":55,"time_elapsed":366018,"subject_id":"77668"},{"rt":4175,"stimulus":44,"slider_start":100,"sprites":"marbles","response":71,"absDeviation":50,"callibration":"test","block":2,"seed":44,"numerosity":121,"matchType":"unpaired","which":"first","trial_type":"numerosity-estimation","trial_index":56,"time_elapsed":370199,"subject_id":"77668"},{"rt":4343,"stimulus":45,"slider_start":100,"sprites":"mints","response":116,"absDeviation":5,"callibration":"test","block":2,"seed":45,"numerosity":121,"matchType":"paired","which":"first","trial_type":"numerosity-estimation","trial_index":57,"time_elapsed":374545,"subject_id":"77668"},{"rt":2855,"stimulus":45,"slider_start":100,"sprites":"mints","response":124,"absDeviation":3,"callibration":"test","block":2,"seed":45,"numerosity":121,"matchType":"paired","which":"second","trial_type":"numerosity-estimation","trial_index":58,"time_elapsed":377403,"subject_id":"77668"},{"rt":2758,"stimulus":47,"slider_start":100,"sprites":"buttons","response":115,"absDeviation":6,"callibration":"test","block":2,"seed":47,"numerosity":121,"matchType":"unpaired","which":"first","trial_type":"numerosity-estimation","trial_index":59,"time_elapsed":380170,"subject_id":"77668"},{"rt":2821,"stimulus":48,"slider_start":100,"sprites":"animalCrackers","response":116,"absDeviation":19,"callibration":"test","block":2,"seed":48,"numerosity":135,"matchType":"unpaired","which":"first","trial_type":"numerosity-estimation","trial_index":60,"time_elapsed":382996,"subject_id":"77668"},{"rt":1634,"stimulus":"<p> For the last block of trials, the average deviation of your guesses from correct answers was 12.</p>\n     <p>The smaller the deviation the better.  Your deviation was <b> AMAZINGLY good</b>.</p><br>\n       <p>Press any key to continue to the next block of trials</p>","response":" ","trial_type":"html-keyboard-response","trial_index":61,"time_elapsed":384633,"subject_id":"77668"},{"rt":4879,"stimulus":49,"slider_start":100,"sprites":"letters","response":37,"absDeviation":41,"callibration":"test","block":3,"seed":49,"numerosity":78,"matchType":"paired","which":"first","trial_type":"numerosity-estimation","trial_index":62,"time_elapsed":389517,"subject_id":"77668"},{"rt":3378,"stimulus":49,"slider_start":100,"sprites":"letters","response":42,"absDeviation":36,"callibration":"test","block":3,"seed":49,"numerosity":78,"matchType":"paired","which":"second","trial_type":"numerosity-estimation","trial_index":63,"time_elapsed":392899,"subject_id":"77668"},{"rt":2679,"stimulus":51,"slider_start":100,"sprites":"hearts","response":126,"absDeviation":24,"callibration":"test","block":3,"seed":51,"numerosity":150,"matchType":"unpaired","which":"first","trial_type":"numerosity-estimation","trial_index":64,"time_elapsed":395584,"subject_id":"77668"},{"rt":2521,"stimulus":52,"slider_start":100,"sprites":"crackers","response":105,"absDeviation":27,"callibration":"test","block":3,"seed":52,"numerosity":78,"matchType":"unpaired","which":"first","trial_type":"numerosity-estimation","trial_index":65,"time_elapsed":398109,"subject_id":"77668"},{"rt":3105,"stimulus":53,"slider_start":100,"sprites":"bears","response":70,"absDeviation":20,"callibration":"test","block":3,"seed":53,"numerosity":50,"matchType":"paired","which":"first","trial_type":"numerosity-estimation","trial_index":66,"time_elapsed":401219,"subject_id":"77668"},{"rt":3553,"stimulus":53,"slider_start":100,"sprites":"bears","response":66,"absDeviation":16,"callibration":"test","block":3,"seed":53,"numerosity":50,"matchType":"paired","which":"second","trial_type":"numerosity-estimation","trial_index":67,"time_elapsed":404777,"subject_id":"77668"},{"rt":3009,"stimulus":55,"slider_start":100,"sprites":"jellyBeans","response":128,"absDeviation":7,"callibration":"test","block":3,"seed":55,"numerosity":121,"matchType":"unpaired","which":"first","trial_type":"numerosity-estimation","trial_index":68,"time_elapsed":407790,"subject_id":"77668"},{"rt":3127,"stimulus":56,"slider_start":100,"sprites":"marbles","response":72,"absDeviation":8,"callibration":"test","block":3,"seed":56,"numerosity":64,"matchType":"unpaired","which":"first","trial_type":"numerosity-estimation","trial_index":69,"time_elapsed":410921,"subject_id":"77668"},{"rt":6361,"stimulus":57,"slider_start":100,"sprites":"mints","response":66,"absDeviation":2,"callibration":"test","block":3,"seed":57,"numerosity":64,"matchType":"paired","which":"first","trial_type":"numerosity-estimation","trial_index":70,"time_elapsed":417286,"subject_id":"77668"},{"rt":5699,"stimulus":57,"slider_start":100,"sprites":"mints","response":64,"absDeviation":0,"callibration":"test","block":3,"seed":57,"numerosity":64,"matchType":"paired","which":"second","trial_type":"numerosity-estimation","trial_index":71,"time_elapsed":422989,"subject_id":"77668"},{"rt":3450,"stimulus":59,"slider_start":100,"sprites":"buttons","response":126,"absDeviation":9,"callibration":"test","block":3,"seed":59,"numerosity":135,"matchType":"unpaired","which":"first","trial_type":"numerosity-estimation","trial_index":72,"time_elapsed":426443,"subject_id":"77668"},{"rt":3503,"stimulus":60,"slider_start":100,"sprites":"animalCrackers","response":115,"absDeviation":35,"callibration":"test","block":3,"seed":60,"numerosity":150,"matchType":"unpaired","which":"first","trial_type":"numerosity-estimation","trial_index":73,"time_elapsed":429951,"subject_id":"77668"},{"rt":5021,"stimulus":61,"slider_start":100,"sprites":"letters","response":26,"absDeviation":24,"callibration":"test","block":3,"seed":61,"numerosity":50,"matchType":"paired","which":"first","trial_type":"numerosity-estimation","trial_index":74,"time_elapsed":434976,"subject_id":"77668"},{"rt":3813,"stimulus":61,"slider_start":100,"sprites":"letters","response":28,"absDeviation":22,"callibration":"test","block":3,"seed":61,"numerosity":50,"matchType":"paired","which":"second","trial_type":"numerosity-estimation","trial_index":75,"time_elapsed":438791,"subject_id":"77668"},{"rt":4098,"stimulus":63,"slider_start":100,"sprites":"hearts","response":30,"absDeviation":34,"callibration":"test","block":3,"seed":63,"numerosity":64,"matchType":"unpaired","which":"first","trial_type":"numerosity-estimation","trial_index":76,"time_elapsed":442893,"subject_id":"77668"},{"rt":4995,"stimulus":64,"slider_start":100,"sprites":"crackers","response":131,"absDeviation":4,"callibration":"test","block":3,"seed":64,"numerosity":135,"matchType":"unpaired","which":"first","trial_type":"numerosity-estimation","trial_index":77,"time_elapsed":447893,"subject_id":"77668"},{"rt":1059,"stimulus":"<p> For the last block of trials, the average deviation of your guesses from correct answers was 19.</p>\n     <p>The smaller the deviation the better.  Your deviation was <b> VERY good</b>.</p><br>\n       <p>Press any key to continue to the next block of trials</p>","response":" ","trial_type":"html-keyboard-response","trial_index":78,"time_elapsed":448955,"subject_id":"77668"},{"rt":3335,"stimulus":65,"slider_start":100,"sprites":"bears","response":111,"absDeviation":4,"callibration":"test","block":4,"seed":65,"numerosity":107,"matchType":"paired","which":"first","trial_type":"numerosity-estimation","trial_index":79,"time_elapsed":452296,"subject_id":"77668"},{"rt":5403,"stimulus":65,"slider_start":100,"sprites":"bears","response":122,"absDeviation":15,"callibration":"test","block":4,"seed":65,"numerosity":107,"matchType":"paired","which":"second","trial_type":"numerosity-estimation","trial_index":80,"time_elapsed":457704,"subject_id":"77668"},{"rt":3558,"stimulus":67,"slider_start":100,"sprites":"jellyBeans","response":115,"absDeviation":8,"callibration":"test","block":4,"seed":67,"numerosity":107,"matchType":"unpaired","which":"first","trial_type":"numerosity-estimation","trial_index":81,"time_elapsed":461267,"subject_id":"77668"},{"rt":5417,"stimulus":68,"slider_start":100,"sprites":"marbles","response":61,"absDeviation":89,"callibration":"test","block":4,"seed":68,"numerosity":150,"matchType":"unpaired","which":"first","trial_type":"numerosity-estimation","trial_index":82,"time_elapsed":466689,"subject_id":"77668"},{"rt":2997,"stimulus":69,"slider_start":100,"sprites":"mints","response":113,"absDeviation":8,"callibration":"test","block":4,"seed":69,"numerosity":121,"matchType":"paired","which":"first","trial_type":"numerosity-estimation","trial_index":83,"time_elapsed":469694,"subject_id":"77668"},{"rt":2619,"stimulus":69,"slider_start":100,"sprites":"mints","response":119,"absDeviation":2,"callibration":"test","block":4,"seed":69,"numerosity":121,"matchType":"paired","which":"second","trial_type":"numerosity-estimation","trial_index":84,"time_elapsed":472317,"subject_id":"77668"},{"rt":3818,"stimulus":71,"slider_start":100,"sprites":"buttons","response":114,"absDeviation":7,"callibration":"test","block":4,"seed":71,"numerosity":107,"matchType":"unpaired","which":"first","trial_type":"numerosity-estimation","trial_index":85,"time_elapsed":476140,"subject_id":"77668"},{"rt":3111,"stimulus":72,"slider_start":100,"sprites":"animalCrackers","response":34,"absDeviation":16,"callibration":"test","block":4,"seed":72,"numerosity":50,"matchType":"unpaired","which":"first","trial_type":"numerosity-estimation","trial_index":86,"time_elapsed":479255,"subject_id":"77668"},{"rt":3451,"stimulus":73,"slider_start":100,"sprites":"letters","response":35,"absDeviation":43,"callibration":"test","block":4,"seed":73,"numerosity":78,"matchType":"paired","which":"first","trial_type":"numerosity-estimation","trial_index":87,"time_elapsed":482707,"subject_id":"77668"},{"rt":3247,"stimulus":73,"slider_start":100,"sprites":"letters","response":41,"absDeviation":37,"callibration":"test","block":4,"seed":73,"numerosity":78,"matchType":"paired","which":"second","trial_type":"numerosity-estimation","trial_index":88,"time_elapsed":485957,"subject_id":"77668"},{"rt":3513,"stimulus":75,"slider_start":100,"sprites":"hearts","response":49,"absDeviation":43,"callibration":"test","block":4,"seed":75,"numerosity":92,"matchType":"unpaired","which":"first","trial_type":"numerosity-estimation","trial_index":89,"time_elapsed":489472,"subject_id":"77668"},{"rt":4563,"stimulus":76,"slider_start":100,"sprites":"crackers","response":38,"absDeviation":26,"callibration":"test","block":4,"seed":76,"numerosity":64,"matchType":"unpaired","which":"first","trial_type":"numerosity-estimation","trial_index":90,"time_elapsed":494039,"subject_id":"77668"},{"rt":9136,"stimulus":77,"slider_start":100,"sprites":"bears","response":43,"absDeviation":92,"callibration":"test","block":4,"seed":77,"numerosity":135,"matchType":"paired","which":"first","trial_type":"numerosity-estimation","trial_index":91,"time_elapsed":503180,"subject_id":"77668"},{"rt":5702,"stimulus":77,"slider_start":100,"sprites":"bears","response":129,"absDeviation":6,"callibration":"test","block":4,"seed":77,"numerosity":135,"matchType":"paired","which":"second","trial_type":"numerosity-estimation","trial_index":92,"time_elapsed":508886,"subject_id":"77668"},{"rt":4933,"stimulus":79,"slider_start":100,"sprites":"jellyBeans","response":31,"absDeviation":19,"callibration":"test","block":4,"seed":79,"numerosity":50,"matchType":"unpaired","which":"first","trial_type":"numerosity-estimation","trial_index":93,"time_elapsed":513820,"subject_id":"77668"},{"rt":3608,"stimulus":80,"slider_start":100,"sprites":"marbles","response":35,"absDeviation":86,"callibration":"test","block":4,"seed":80,"numerosity":121,"matchType":"unpaired","which":"first","trial_type":"numerosity-estimation","trial_index":94,"time_elapsed":517431,"subject_id":"77668"},{"rt":1244,"stimulus":"<p> For the last block of trials, the average deviation of your guesses from correct answers was 31.</p>\n     <p>The smaller the deviation the better.  Your deviation was <b> good</b>.</p><br>\n       <p>Press any key to continue to the next block of trials</p>","response":" ","trial_type":"html-keyboard-response","trial_index":95,"time_elapsed":518677,"subject_id":"77668"},{"rt":3052,"stimulus":81,"slider_start":100,"sprites":"mints","response":124,"absDeviation":3,"callibration":"test","block":5,"seed":81,"numerosity":121,"matchType":"paired","which":"first","trial_type":"numerosity-estimation","trial_index":96,"time_elapsed":521734,"subject_id":"77668"},{"rt":3305,"stimulus":81,"slider_start":100,"sprites":"mints","response":108,"absDeviation":13,"callibration":"test","block":5,"seed":81,"numerosity":121,"matchType":"paired","which":"second","trial_type":"numerosity-estimation","trial_index":97,"time_elapsed":525042,"subject_id":"77668"},{"rt":2713,"stimulus":83,"slider_start":100,"sprites":"buttons","response":126,"absDeviation":5,"callibration":"test","block":5,"seed":83,"numerosity":121,"matchType":"unpaired","which":"first","trial_type":"numerosity-estimation","trial_index":98,"time_elapsed":527759,"subject_id":"77668"},{"rt":3547,"stimulus":84,"slider_start":100,"sprites":"animalCrackers","response":37,"absDeviation":13,"callibration":"test","block":5,"seed":84,"numerosity":50,"matchType":"unpaired","which":"first","trial_type":"numerosity-estimation","trial_index":99,"time_elapsed":531310,"subject_id":"77668"},{"rt":3337,"stimulus":85,"slider_start":100,"sprites":"letters","response":30,"absDeviation":34,"callibration":"test","block":5,"seed":85,"numerosity":64,"matchType":"paired","which":"first","trial_type":"numerosity-estimation","trial_index":100,"time_elapsed":534651,"subject_id":"77668"},{"rt":3265,"stimulus":85,"slider_start":100,"sprites":"letters","response":35,"absDeviation":29,"callibration":"test","block":5,"seed":85,"numerosity":64,"matchType":"paired","which":"second","trial_type":"numerosity-estimation","trial_index":101,"time_elapsed":537919,"subject_id":"77668"},{"rt":18899,"stimulus":87,"slider_start":100,"sprites":"hearts","response":106,"absDeviation":56,"callibration":"test","block":5,"seed":87,"numerosity":50,"matchType":"unpaired","which":"first","trial_type":"numerosity-estimation","trial_index":102,"time_elapsed":556823,"subject_id":"77668"},{"rt":2508,"stimulus":88,"slider_start":100,"sprites":"crackers","response":117,"absDeviation":18,"callibration":"test","block":5,"seed":88,"numerosity":135,"matchType":"unpaired","which":"first","trial_type":"numerosity-estimation","trial_index":103,"time_elapsed":559335,"subject_id":"77668"},{"rt":2900,"stimulus":89,"slider_start":100,"sprites":"bears","response":28,"absDeviation":22,"callibration":"test","block":5,"seed":89,"numerosity":50,"matchType":"paired","which":"first","trial_type":"numerosity-estimation","trial_index":104,"time_elapsed":562241,"subject_id":"77668"},{"rt":3466,"stimulus":89,"slider_start":100,"sprites":"bears","response":33,"absDeviation":17,"callibration":"test","block":5,"seed":89,"numerosity":50,"matchType":"paired","which":"second","trial_type":"numerosity-estimation","trial_index":105,"time_elapsed":565711,"subject_id":"77668"},{"rt":3958,"stimulus":91,"slider_start":100,"sprites":"jellyBeans","response":80,"absDeviation":12,"callibration":"test","block":5,"seed":91,"numerosity":92,"matchType":"unpaired","which":"first","trial_type":"numerosity-estimation","trial_index":106,"time_elapsed":569674,"subject_id":"77668"},{"rt":3610,"stimulus":92,"slider_start":100,"sprites":"marbles","response":64,"absDeviation":57,"callibration":"test","block":5,"seed":92,"numerosity":121,"matchType":"unpaired","which":"first","trial_type":"numerosity-estimation","trial_index":107,"time_elapsed":573286,"subject_id":"77668"},{"rt":3463,"stimulus":93,"slider_start":100,"sprites":"mints","response":34,"absDeviation":44,"callibration":"test","block":5,"seed":93,"numerosity":78,"matchType":"paired","which":"first","trial_type":"numerosity-estimation","trial_index":108,"time_elapsed":576754,"subject_id":"77668"},{"rt":3383,"stimulus":93,"slider_start":100,"sprites":"mints","response":40,"absDeviation":38,"callibration":"test","block":5,"seed":93,"numerosity":78,"matchType":"paired","which":"second","trial_type":"numerosity-estimation","trial_index":109,"time_elapsed":580142,"subject_id":"77668"},{"rt":4881,"stimulus":95,"slider_start":100,"sprites":"buttons","response":36,"absDeviation":28,"callibration":"test","block":5,"seed":95,"numerosity":64,"matchType":"unpaired","which":"first","trial_type":"numerosity-estimation","trial_index":110,"time_elapsed":585033,"subject_id":"77668"},{"rt":4135,"stimulus":96,"slider_start":100,"sprites":"animalCrackers","response":58,"absDeviation":34,"callibration":"test","block":5,"seed":96,"numerosity":92,"matchType":"unpaired","which":"first","trial_type":"numerosity-estimation","trial_index":111,"time_elapsed":589171,"subject_id":"77668"},{"rt":1133,"stimulus":"<p> For the last block of trials, the average deviation of your guesses from correct answers was 26.</p>\n     <p>The smaller the deviation the better.  Your deviation was <b> good</b>.</p><br>\n       <p>Press any key to continue to the next block of trials</p>","response":" ","trial_type":"html-keyboard-response","trial_index":112,"time_elapsed":590307,"subject_id":"77668"},{"rt":3375,"stimulus":2,"slider_start":100,"sprites":"butterflies","response":116,"absDeviation":19,"callibration":"test","block":6,"seed":2,"numerosity":135,"matchType":"paired","which":"first","trial_type":"numerosity-estimation","trial_index":113,"time_elapsed":593687,"subject_id":"77668"},{"rt":3257,"stimulus":2,"slider_start":100,"sprites":"butterflies","response":116,"absDeviation":19,"callibration":"test","block":6,"seed":2,"numerosity":135,"matchType":"paired","which":"second","trial_type":"numerosity-estimation","trial_index":114,"time_elapsed":596949,"subject_id":"77668"},{"rt":3008,"stimulus":3,"slider_start":100,"sprites":"hearts","response":33,"absDeviation":17,"callibration":"test","block":6,"seed":3,"numerosity":50,"matchType":"unpaired","which":"second","trial_type":"numerosity-estimation","trial_index":115,"time_elapsed":599962,"subject_id":"77668"},{"rt":3715,"stimulus":4,"slider_start":100,"sprites":"crackers","response":120,"absDeviation":13,"callibration":"test","block":6,"seed":4,"numerosity":107,"matchType":"unpaired","which":"second","trial_type":"numerosity-estimation","trial_index":116,"time_elapsed":603682,"subject_id":"77668"},{"rt":3178,"stimulus":6,"slider_start":100,"sprites":"fruits","response":37,"absDeviation":41,"callibration":"test","block":6,"seed":6,"numerosity":78,"matchType":"paired","which":"first","trial_type":"numerosity-estimation","trial_index":117,"time_elapsed":606864,"subject_id":"77668"},{"rt":3586,"stimulus":6,"slider_start":100,"sprites":"fruits","response":41,"absDeviation":37,"callibration":"test","block":6,"seed":6,"numerosity":78,"matchType":"paired","which":"second","trial_type":"numerosity-estimation","trial_index":118,"time_elapsed":610454,"subject_id":"77668"},{"rt":3315,"stimulus":7,"slider_start":100,"sprites":"jellyBeans","response":33,"absDeviation":17,"callibration":"test","block":6,"seed":7,"numerosity":50,"matchType":"unpaired","which":"second","trial_type":"numerosity-estimation","trial_index":119,"time_elapsed":613774,"subject_id":"77668"},{"rt":3293,"stimulus":8,"slider_start":100,"sprites":"marbles","response":58,"absDeviation":34,"callibration":"test","block":6,"seed":8,"numerosity":92,"matchType":"unpaired","which":"second","trial_type":"numerosity-estimation","trial_index":120,"time_elapsed":617071,"subject_id":"77668"},{"rt":3422,"stimulus":10,"slider_start":100,"sprites":"rocks","response":44,"absDeviation":6,"callibration":"test","block":6,"seed":10,"numerosity":50,"matchType":"paired","which":"first","trial_type":"numerosity-estimation","trial_index":121,"time_elapsed":620499,"subject_id":"77668"},{"rt":3436,"stimulus":10,"slider_start":100,"sprites":"rocks","response":46,"absDeviation":4,"callibration":"test","block":6,"seed":10,"numerosity":50,"matchType":"paired","which":"second","trial_type":"numerosity-estimation","trial_index":122,"time_elapsed":623937,"subject_id":"77668"},{"rt":2637,"stimulus":11,"slider_start":100,"sprites":"buttons","response":122,"absDeviation":15,"callibration":"test","block":6,"seed":11,"numerosity":107,"matchType":"unpaired","which":"second","trial_type":"numerosity-estimation","trial_index":123,"time_elapsed":626577,"subject_id":"77668"},{"rt":3043,"stimulus":12,"slider_start":100,"sprites":"animalCrackers","response":124,"absDeviation":32,"callibration":"test","block":6,"seed":12,"numerosity":92,"matchType":"unpaired","which":"second","trial_type":"numerosity-estimation","trial_index":124,"time_elapsed":629622,"subject_id":"77668"},{"rt":3305,"stimulus":14,"slider_start":100,"sprites":"butterflies","response":126,"absDeviation":24,"callibration":"test","block":6,"seed":14,"numerosity":150,"matchType":"paired","which":"first","trial_type":"numerosity-estimation","trial_index":125,"time_elapsed":632936,"subject_id":"77668"},{"rt":3594,"stimulus":14,"slider_start":100,"sprites":"butterflies","response":121,"absDeviation":29,"callibration":"test","block":6,"seed":14,"numerosity":150,"matchType":"paired","which":"second","trial_type":"numerosity-estimation","trial_index":126,"time_elapsed":636535,"subject_id":"77668"},{"rt":2966,"stimulus":15,"slider_start":100,"sprites":"hearts","response":125,"absDeviation":4,"callibration":"test","block":6,"seed":15,"numerosity":121,"matchType":"unpaired","which":"second","trial_type":"numerosity-estimation","trial_index":127,"time_elapsed":639506,"subject_id":"77668"},{"rt":3495,"stimulus":16,"slider_start":100,"sprites":"crackers","response":44,"absDeviation":20,"callibration":"test","block":6,"seed":16,"numerosity":64,"matchType":"unpaired","which":"second","trial_type":"numerosity-estimation","trial_index":128,"time_elapsed":643005,"subject_id":"77668"},{"rt":1027,"stimulus":"<p> For the last block of trials, the average deviation of your guesses from correct answers was 21.</p>\n     <p>The smaller the deviation the better.  Your deviation was <b> VERY good</b>.</p><br>\n       <p>Press any key to continue to the next block of trials</p>","response":" ","trial_type":"html-keyboard-response","trial_index":129,"time_elapsed":644033,"subject_id":"77668"},{"rt":4775,"stimulus":18,"slider_start":100,"sprites":"fruits","response":102,"absDeviation":5,"callibration":"test","block":7,"seed":18,"numerosity":107,"matchType":"paired","which":"first","trial_type":"numerosity-estimation","trial_index":130,"time_elapsed":648810,"subject_id":"77668"},{"rt":9025,"stimulus":18,"slider_start":100,"sprites":"fruits","response":97,"absDeviation":10,"callibration":"test","block":7,"seed":18,"numerosity":107,"matchType":"paired","which":"second","trial_type":"numerosity-estimation","trial_index":131,"time_elapsed":657838,"subject_id":"77668"},{"rt":8050,"stimulus":19,"slider_start":100,"sprites":"jellyBeans","response":90,"absDeviation":45,"callibration":"test","block":7,"seed":19,"numerosity":135,"matchType":"unpaired","which":"second","trial_type":"numerosity-estimation","trial_index":132,"time_elapsed":665892,"subject_id":"77668"},{"rt":2707,"stimulus":20,"slider_start":100,"sprites":"marbles","response":40,"absDeviation":38,"callibration":"test","block":7,"seed":20,"numerosity":78,"matchType":"unpaired","which":"second","trial_type":"numerosity-estimation","trial_index":133,"time_elapsed":668602,"subject_id":"77668"},{"rt":2714,"stimulus":22,"slider_start":100,"sprites":"rocks","response":62,"absDeviation":30,"callibration":"test","block":7,"seed":22,"numerosity":92,"matchType":"paired","which":"first","trial_type":"numerosity-estimation","trial_index":134,"time_elapsed":671322,"subject_id":"77668"},{"rt":2705,"stimulus":22,"slider_start":100,"sprites":"rocks","response":91,"absDeviation":1,"callibration":"test","block":7,"seed":22,"numerosity":92,"matchType":"paired","which":"second","trial_type":"numerosity-estimation","trial_index":135,"time_elapsed":674030,"subject_id":"77668"},{"rt":2858,"stimulus":23,"slider_start":100,"sprites":"buttons","response":114,"absDeviation":36,"callibration":"test","block":7,"seed":23,"numerosity":150,"matchType":"unpaired","which":"second","trial_type":"numerosity-estimation","trial_index":136,"time_elapsed":676896,"subject_id":"77668"},{"rt":7747,"stimulus":24,"slider_start":100,"sprites":"animalCrackers","response":108,"absDeviation":1,"callibration":"test","block":7,"seed":24,"numerosity":107,"matchType":"unpaired","which":"second","trial_type":"numerosity-estimation","trial_index":137,"time_elapsed":684647,"subject_id":"77668"},{"rt":6806,"stimulus":26,"slider_start":100,"sprites":"butterflies","response":53,"absDeviation":39,"callibration":"test","block":7,"seed":26,"numerosity":92,"matchType":"paired","which":"first","trial_type":"numerosity-estimation","trial_index":138,"time_elapsed":691458,"subject_id":"77668"},{"rt":4337,"stimulus":26,"slider_start":100,"sprites":"butterflies","response":57,"absDeviation":35,"callibration":"test","block":7,"seed":26,"numerosity":92,"matchType":"paired","which":"second","trial_type":"numerosity-estimation","trial_index":139,"time_elapsed":695799,"subject_id":"77668"},{"rt":14619,"stimulus":27,"slider_start":100,"sprites":"hearts","response":80,"absDeviation":41,"callibration":"test","block":7,"seed":27,"numerosity":121,"matchType":"unpaired","which":"second","trial_type":"numerosity-estimation","trial_index":140,"time_elapsed":710422,"subject_id":"77668"},{"rt":2900,"stimulus":28,"slider_start":100,"sprites":"crackers","response":119,"absDeviation":31,"callibration":"test","block":7,"seed":28,"numerosity":150,"matchType":"unpaired","which":"second","trial_type":"numerosity-estimation","trial_index":141,"time_elapsed":713327,"subject_id":"77668"},{"rt":3348,"stimulus":30,"slider_start":100,"sprites":"fruits","response":103,"absDeviation":4,"callibration":"test","block":7,"seed":30,"numerosity":107,"matchType":"paired","which":"first","trial_type":"numerosity-estimation","trial_index":142,"time_elapsed":716679,"subject_id":"77668"},{"rt":4831,"stimulus":30,"slider_start":100,"sprites":"fruits","response":74,"absDeviation":33,"callibration":"test","block":7,"seed":30,"numerosity":107,"matchType":"paired","which":"second","trial_type":"numerosity-estimation","trial_index":143,"time_elapsed":721515,"subject_id":"77668"},{"rt":3888,"stimulus":31,"slider_start":100,"sprites":"jellyBeans","response":115,"absDeviation":35,"callibration":"test","block":7,"seed":31,"numerosity":150,"matchType":"unpaired","which":"second","trial_type":"numerosity-estimation","trial_index":144,"time_elapsed":725407,"subject_id":"77668"},{"rt":77874,"stimulus":32,"slider_start":100,"sprites":"marbles","response":107,"absDeviation":28,"callibration":"test","block":7,"seed":32,"numerosity":135,"matchType":"unpaired","which":"second","trial_type":"numerosity-estimation","trial_index":145,"time_elapsed":803286,"subject_id":"77668"},{"rt":1315,"stimulus":"<p> For the last block of trials, the average deviation of your guesses from correct answers was 26.</p>\n     <p>The smaller the deviation the better.  Your deviation was <b> good</b>.</p><br>\n       <p>Press any key to continue to the next block of trials</p>","response":" ","trial_type":"html-keyboard-response","trial_index":146,"time_elapsed":804604,"subject_id":"77668"},{"rt":3553,"stimulus":34,"slider_start":100,"sprites":"rocks","response":33,"absDeviation":17,"callibration":"test","block":8,"seed":34,"numerosity":50,"matchType":"paired","which":"first","trial_type":"numerosity-estimation","trial_index":147,"time_elapsed":808163,"subject_id":"77668"},{"rt":4024,"stimulus":34,"slider_start":100,"sprites":"rocks","response":33,"absDeviation":17,"callibration":"test","block":8,"seed":34,"numerosity":50,"matchType":"paired","which":"second","trial_type":"numerosity-estimation","trial_index":148,"time_elapsed":812190,"subject_id":"77668"},{"rt":3213,"stimulus":35,"slider_start":100,"sprites":"buttons","response":35,"absDeviation":43,"callibration":"test","block":8,"seed":35,"numerosity":78,"matchType":"unpaired","which":"second","trial_type":"numerosity-estimation","trial_index":149,"time_elapsed":815407,"subject_id":"77668"},{"rt":23719,"stimulus":36,"slider_start":100,"sprites":"animalCrackers","response":68,"absDeviation":18,"callibration":"test","block":8,"seed":36,"numerosity":50,"matchType":"unpaired","which":"second","trial_type":"numerosity-estimation","trial_index":150,"time_elapsed":839132,"subject_id":"77668"},{"rt":4928,"stimulus":38,"slider_start":100,"sprites":"butterflies","response":50,"absDeviation":28,"callibration":"test","block":8,"seed":38,"numerosity":78,"matchType":"paired","which":"first","trial_type":"numerosity-estimation","trial_index":151,"time_elapsed":844065,"subject_id":"77668"},{"rt":3128,"stimulus":38,"slider_start":100,"sprites":"butterflies","response":32,"absDeviation":46,"callibration":"test","block":8,"seed":38,"numerosity":78,"matchType":"paired","which":"second","trial_type":"numerosity-estimation","trial_index":152,"time_elapsed":847198,"subject_id":"77668"},{"rt":4113,"stimulus":39,"slider_start":100,"sprites":"hearts","response":29,"absDeviation":49,"callibration":"test","block":8,"seed":39,"numerosity":78,"matchType":"unpaired","which":"second","trial_type":"numerosity-estimation","trial_index":153,"time_elapsed":851320,"subject_id":"77668"},{"rt":3778,"stimulus":40,"slider_start":100,"sprites":"crackers","response":120,"absDeviation":1,"callibration":"test","block":8,"seed":40,"numerosity":121,"matchType":"unpaired","which":"second","trial_type":"numerosity-estimation","trial_index":154,"time_elapsed":855103,"subject_id":"77668"},{"rt":3228,"stimulus":42,"slider_start":100,"sprites":"fruits","response":54,"absDeviation":24,"callibration":"test","block":8,"seed":42,"numerosity":78,"matchType":"paired","which":"first","trial_type":"numerosity-estimation","trial_index":155,"time_elapsed":858335,"subject_id":"77668"},{"rt":4151,"stimulus":42,"slider_start":100,"sprites":"fruits","response":46,"absDeviation":32,"callibration":"test","block":8,"seed":42,"numerosity":78,"matchType":"paired","which":"second","trial_type":"numerosity-estimation","trial_index":156,"time_elapsed":862490,"subject_id":"77668"},{"rt":7383,"stimulus":43,"slider_start":100,"sprites":"jellyBeans","response":33,"absDeviation":31,"callibration":"test","block":8,"seed":43,"numerosity":64,"matchType":"unpaired","which":"second","trial_type":"numerosity-estimation","trial_index":157,"time_elapsed":869888,"subject_id":"77668"},{"rt":3515,"stimulus":44,"slider_start":100,"sprites":"marbles","response":57,"absDeviation":64,"callibration":"test","block":8,"seed":44,"numerosity":121,"matchType":"unpaired","which":"second","trial_type":"numerosity-estimation","trial_index":158,"time_elapsed":873405,"subject_id":"77668"},{"rt":3610,"stimulus":46,"slider_start":100,"sprites":"rocks","response":125,"absDeviation":18,"callibration":"test","block":8,"seed":46,"numerosity":107,"matchType":"paired","which":"first","trial_type":"numerosity-estimation","trial_index":159,"time_elapsed":877019,"subject_id":"77668"},{"rt":2502,"stimulus":46,"slider_start":100,"sprites":"rocks","response":115,"absDeviation":8,"callibration":"test","block":8,"seed":46,"numerosity":107,"matchType":"paired","which":"second","trial_type":"numerosity-estimation","trial_index":160,"time_elapsed":879526,"subject_id":"77668"},{"rt":2406,"stimulus":47,"slider_start":100,"sprites":"buttons","response":107,"absDeviation":14,"callibration":"test","block":8,"seed":47,"numerosity":121,"matchType":"unpaired","which":"second","trial_type":"numerosity-estimation","trial_index":161,"time_elapsed":881936,"subject_id":"77668"},{"rt":2298,"stimulus":48,"slider_start":100,"sprites":"animalCrackers","response":134,"absDeviation":1,"callibration":"test","block":8,"seed":48,"numerosity":135,"matchType":"unpaired","which":"second","trial_type":"numerosity-estimation","trial_index":162,"time_elapsed":884237,"subject_id":"77668"},{"rt":4861,"stimulus":"<p> For the last block of trials, the average deviation of your guesses from correct answers was 26.</p>\n     <p>The smaller the deviation the better.  Your deviation was <b> good</b>.</p><br>\n       <p>Press any key to continue to the next block of trials</p>","response":" ","trial_type":"html-keyboard-response","trial_index":163,"time_elapsed":889099,"subject_id":"77668"},{"rt":2742,"stimulus":50,"slider_start":100,"sprites":"butterflies","response":115,"absDeviation":35,"callibration":"test","block":9,"seed":50,"numerosity":150,"matchType":"paired","which":"first","trial_type":"numerosity-estimation","trial_index":164,"time_elapsed":891843,"subject_id":"77668"},{"rt":3188,"stimulus":50,"slider_start":100,"sprites":"butterflies","response":113,"absDeviation":37,"callibration":"test","block":9,"seed":50,"numerosity":150,"matchType":"paired","which":"second","trial_type":"numerosity-estimation","trial_index":165,"time_elapsed":895033,"subject_id":"77668"},{"rt":2644,"stimulus":51,"slider_start":100,"sprites":"hearts","response":120,"absDeviation":30,"callibration":"test","block":9,"seed":51,"numerosity":150,"matchType":"unpaired","which":"second","trial_type":"numerosity-estimation","trial_index":166,"time_elapsed":897679,"subject_id":"77668"},{"rt":2598,"stimulus":52,"slider_start":100,"sprites":"crackers","response":43,"absDeviation":35,"callibration":"test","block":9,"seed":52,"numerosity":78,"matchType":"unpaired","which":"second","trial_type":"numerosity-estimation","trial_index":167,"time_elapsed":900278,"subject_id":"77668"},{"rt":2382,"stimulus":54,"slider_start":100,"sprites":"fruits","response":126,"absDeviation":34,"callibration":"test","block":9,"seed":54,"numerosity":92,"matchType":"paired","which":"first","trial_type":"numerosity-estimation","trial_index":168,"time_elapsed":902661,"subject_id":"77668"},{"rt":3200,"stimulus":54,"slider_start":100,"sprites":"fruits","response":115,"absDeviation":23,"callibration":"test","block":9,"seed":54,"numerosity":92,"matchType":"paired","which":"second","trial_type":"numerosity-estimation","trial_index":169,"time_elapsed":905862,"subject_id":"77668"},{"rt":2750,"stimulus":55,"slider_start":100,"sprites":"jellyBeans","response":76,"absDeviation":45,"callibration":"test","block":9,"seed":55,"numerosity":121,"matchType":"unpaired","which":"second","trial_type":"numerosity-estimation","trial_index":170,"time_elapsed":908615,"subject_id":"77668"},{"rt":2859,"stimulus":56,"slider_start":100,"sprites":"marbles","response":34,"absDeviation":30,"callibration":"test","block":9,"seed":56,"numerosity":64,"matchType":"unpaired","which":"second","trial_type":"numerosity-estimation","trial_index":171,"time_elapsed":911478,"subject_id":"77668"},{"rt":2375,"stimulus":58,"slider_start":100,"sprites":"rocks","response":60,"absDeviation":61,"callibration":"test","block":9,"seed":58,"numerosity":121,"matchType":"paired","which":"first","trial_type":"numerosity-estimation","trial_index":172,"time_elapsed":913856,"subject_id":"77668"},{"rt":2201,"stimulus":58,"slider_start":100,"sprites":"rocks","response":108,"absDeviation":13,"callibration":"test","block":9,"seed":58,"numerosity":121,"matchType":"paired","which":"second","trial_type":"numerosity-estimation","trial_index":173,"time_elapsed":916061,"subject_id":"77668"},{"rt":3035,"stimulus":59,"slider_start":100,"sprites":"buttons","response":121,"absDeviation":14,"callibration":"test","block":9,"seed":59,"numerosity":135,"matchType":"unpaired","which":"second","trial_type":"numerosity-estimation","trial_index":174,"time_elapsed":919100,"subject_id":"77668"},{"rt":2925,"stimulus":60,"slider_start":100,"sprites":"animalCrackers","response":118,"absDeviation":32,"callibration":"test","block":9,"seed":60,"numerosity":150,"matchType":"unpaired","which":"second","trial_type":"numerosity-estimation","trial_index":175,"time_elapsed":922028,"subject_id":"77668"},{"rt":3079,"stimulus":62,"slider_start":100,"sprites":"butterflies","response":59,"absDeviation":76,"callibration":"test","block":9,"seed":62,"numerosity":135,"matchType":"paired","which":"first","trial_type":"numerosity-estimation","trial_index":176,"time_elapsed":925109,"subject_id":"77668"},{"rt":2934,"stimulus":62,"slider_start":100,"sprites":"butterflies","response":88,"absDeviation":47,"callibration":"test","block":9,"seed":62,"numerosity":135,"matchType":"paired","which":"second","trial_type":"numerosity-estimation","trial_index":177,"time_elapsed":927992,"subject_id":"77668"},{"rt":2737,"stimulus":63,"slider_start":100,"sprites":"hearts","response":90,"absDeviation":26,"callibration":"test","block":9,"seed":63,"numerosity":64,"matchType":"unpaired","which":"second","trial_type":"numerosity-estimation","trial_index":178,"time_elapsed":930734,"subject_id":"77668"},{"rt":3607,"stimulus":64,"slider_start":100,"sprites":"crackers","response":128,"absDeviation":7,"callibration":"test","block":9,"seed":64,"numerosity":135,"matchType":"unpaired","which":"second","trial_type":"numerosity-estimation","trial_index":179,"time_elapsed":934345,"subject_id":"77668"},{"rt":873,"stimulus":"<p> For the last block of trials, the average deviation of your guesses from correct answers was 34.</p>\n     <p>The smaller the deviation the better.  Your deviation was <b> good</b>.</p><br>\n       <p>Press any key to continue to the next block of trials</p>","response":" ","trial_type":"html-keyboard-response","trial_index":180,"time_elapsed":935219,"subject_id":"77668"},{"rt":2405,"stimulus":66,"slider_start":100,"sprites":"fruits","response":66,"absDeviation":2,"callibration":"test","block":10,"seed":66,"numerosity":64,"matchType":"paired","which":"first","trial_type":"numerosity-estimation","trial_index":181,"time_elapsed":937628,"subject_id":"77668"},{"rt":2382,"stimulus":66,"slider_start":100,"sprites":"fruits","response":69,"absDeviation":5,"callibration":"test","block":10,"seed":66,"numerosity":64,"matchType":"paired","which":"second","trial_type":"numerosity-estimation","trial_index":182,"time_elapsed":940012,"subject_id":"77668"},{"rt":2856,"stimulus":67,"slider_start":100,"sprites":"jellyBeans","response":57,"absDeviation":50,"callibration":"test","block":10,"seed":67,"numerosity":107,"matchType":"unpaired","which":"second","trial_type":"numerosity-estimation","trial_index":183,"time_elapsed":942871,"subject_id":"77668"},{"rt":14673,"stimulus":68,"slider_start":100,"sprites":"marbles","response":90,"absDeviation":60,"callibration":"test","block":10,"seed":68,"numerosity":150,"matchType":"unpaired","which":"second","trial_type":"numerosity-estimation","trial_index":184,"time_elapsed":957547,"subject_id":"77668"},{"rt":3961,"stimulus":70,"slider_start":100,"sprites":"rocks","response":76,"absDeviation":16,"callibration":"test","block":10,"seed":70,"numerosity":92,"matchType":"paired","which":"first","trial_type":"numerosity-estimation","trial_index":185,"time_elapsed":961511,"subject_id":"77668"},{"rt":4320,"stimulus":70,"slider_start":100,"sprites":"rocks","response":48,"absDeviation":44,"callibration":"test","block":10,"seed":70,"numerosity":92,"matchType":"paired","which":"second","trial_type":"numerosity-estimation","trial_index":186,"time_elapsed":965834,"subject_id":"77668"},{"rt":3538,"stimulus":71,"slider_start":100,"sprites":"buttons","response":74,"absDeviation":33,"callibration":"test","block":10,"seed":71,"numerosity":107,"matchType":"unpaired","which":"second","trial_type":"numerosity-estimation","trial_index":187,"time_elapsed":969376,"subject_id":"77668"},{"rt":2837,"stimulus":72,"slider_start":100,"sprites":"animalCrackers","response":42,"absDeviation":8,"callibration":"test","block":10,"seed":72,"numerosity":50,"matchType":"unpaired","which":"second","trial_type":"numerosity-estimation","trial_index":188,"time_elapsed":972217,"subject_id":"77668"},{"rt":3488,"stimulus":74,"slider_start":100,"sprites":"butterflies","response":36,"absDeviation":28,"callibration":"test","block":10,"seed":74,"numerosity":64,"matchType":"paired","which":"first","trial_type":"numerosity-estimation","trial_index":189,"time_elapsed":975708,"subject_id":"77668"},{"rt":14888,"stimulus":74,"slider_start":100,"sprites":"butterflies","response":79,"absDeviation":15,"callibration":"test","block":10,"seed":74,"numerosity":64,"matchType":"paired","which":"second","trial_type":"numerosity-estimation","trial_index":190,"time_elapsed":990598,"subject_id":"77668"},{"rt":6988,"stimulus":75,"slider_start":100,"sprites":"hearts","response":52,"absDeviation":40,"callibration":"test","block":10,"seed":75,"numerosity":92,"matchType":"unpaired","which":"second","trial_type":"numerosity-estimation","trial_index":191,"time_elapsed":997594,"subject_id":"77668"},{"rt":3566,"stimulus":76,"slider_start":100,"sprites":"crackers","response":42,"absDeviation":22,"callibration":"test","block":10,"seed":76,"numerosity":64,"matchType":"unpaired","which":"second","trial_type":"numerosity-estimation","trial_index":192,"time_elapsed":1001175,"subject_id":"77668"},{"rt":10021,"stimulus":78,"slider_start":100,"sprites":"fruits","response":37,"absDeviation":27,"callibration":"test","block":10,"seed":78,"numerosity":64,"matchType":"paired","which":"first","trial_type":"numerosity-estimation","trial_index":193,"time_elapsed":1011199,"subject_id":"77668"},{"rt":3770,"stimulus":78,"slider_start":100,"sprites":"fruits","response":43,"absDeviation":21,"callibration":"test","block":10,"seed":78,"numerosity":64,"matchType":"paired","which":"second","trial_type":"numerosity-estimation","trial_index":194,"time_elapsed":1014972,"subject_id":"77668"},{"rt":3042,"stimulus":79,"slider_start":100,"sprites":"jellyBeans","response":32,"absDeviation":18,"callibration":"test","block":10,"seed":79,"numerosity":50,"matchType":"unpaired","which":"second","trial_type":"numerosity-estimation","trial_index":195,"time_elapsed":1018020,"subject_id":"77668"},{"rt":4120,"stimulus":80,"slider_start":100,"sprites":"marbles","response":38,"absDeviation":83,"callibration":"test","block":10,"seed":80,"numerosity":121,"matchType":"unpaired","which":"second","trial_type":"numerosity-estimation","trial_index":196,"time_elapsed":1022143,"subject_id":"77668"},{"rt":1032,"stimulus":"<p> For the last block of trials, the average deviation of your guesses from correct answers was 30.</p>\n     <p>The smaller the deviation the better.  Your deviation was <b> good</b>.</p><br>\n       <p>Press any key to continue to the next block of trials</p>","response":" ","trial_type":"html-keyboard-response","trial_index":197,"time_elapsed":1023178,"subject_id":"77668"},{"rt":2792,"stimulus":82,"slider_start":100,"sprites":"rocks","response":109,"absDeviation":45,"callibration":"test","block":11,"seed":82,"numerosity":64,"matchType":"paired","which":"first","trial_type":"numerosity-estimation","trial_index":198,"time_elapsed":1025974,"subject_id":"77668"},{"rt":4289,"stimulus":82,"slider_start":100,"sprites":"rocks","response":32,"absDeviation":32,"callibration":"test","block":11,"seed":82,"numerosity":64,"matchType":"paired","which":"second","trial_type":"numerosity-estimation","trial_index":199,"time_elapsed":1030268,"subject_id":"77668"},{"rt":2707,"stimulus":83,"slider_start":100,"sprites":"buttons","response":117,"absDeviation":4,"callibration":"test","block":11,"seed":83,"numerosity":121,"matchType":"unpaired","which":"second","trial_type":"numerosity-estimation","trial_index":200,"time_elapsed":1032978,"subject_id":"77668"},{"rt":2752,"stimulus":84,"slider_start":100,"sprites":"animalCrackers","response":36,"absDeviation":14,"callibration":"test","block":11,"seed":84,"numerosity":50,"matchType":"unpaired","which":"second","trial_type":"numerosity-estimation","trial_index":201,"time_elapsed":1035740,"subject_id":"77668"},{"rt":2606,"stimulus":86,"slider_start":100,"sprites":"butterflies","response":89,"absDeviation":32,"callibration":"test","block":11,"seed":86,"numerosity":121,"matchType":"paired","which":"first","trial_type":"numerosity-estimation","trial_index":202,"time_elapsed":1038350,"subject_id":"77668"},{"rt":2504,"stimulus":86,"slider_start":100,"sprites":"butterflies","response":111,"absDeviation":10,"callibration":"test","block":11,"seed":86,"numerosity":121,"matchType":"paired","which":"second","trial_type":"numerosity-estimation","trial_index":203,"time_elapsed":1040859,"subject_id":"77668"},{"rt":3315,"stimulus":87,"slider_start":100,"sprites":"hearts","response":54,"absDeviation":4,"callibration":"test","block":11,"seed":87,"numerosity":50,"matchType":"unpaired","which":"second","trial_type":"numerosity-estimation","trial_index":204,"time_elapsed":1044178,"subject_id":"77668"},{"rt":4023,"stimulus":88,"slider_start":100,"sprites":"crackers","response":139,"absDeviation":4,"callibration":"test","block":11,"seed":88,"numerosity":135,"matchType":"unpaired","which":"second","trial_type":"numerosity-estimation","trial_index":205,"time_elapsed":1048204,"subject_id":"77668"},{"rt":5020,"stimulus":90,"slider_start":100,"sprites":"fruits","response":144,"absDeviation":6,"callibration":"test","block":11,"seed":90,"numerosity":150,"matchType":"paired","which":"first","trial_type":"numerosity-estimation","trial_index":206,"time_elapsed":1053227,"subject_id":"77668"},{"rt":4647,"stimulus":90,"slider_start":100,"sprites":"fruits","response":148,"absDeviation":2,"callibration":"test","block":11,"seed":90,"numerosity":150,"matchType":"paired","which":"second","trial_type":"numerosity-estimation","trial_index":207,"time_elapsed":1057878,"subject_id":"77668"},{"rt":17675,"stimulus":91,"slider_start":100,"sprites":"jellyBeans","response":120,"absDeviation":28,"callibration":"test","block":11,"seed":91,"numerosity":92,"matchType":"unpaired","which":"second","trial_type":"numerosity-estimation","trial_index":208,"time_elapsed":1075556,"subject_id":"77668"},{"rt":4757,"stimulus":92,"slider_start":100,"sprites":"marbles","response":106,"absDeviation":15,"callibration":"test","block":11,"seed":92,"numerosity":121,"matchType":"unpaired","which":"second","trial_type":"numerosity-estimation","trial_index":209,"time_elapsed":1080318,"subject_id":"77668"},{"rt":4954,"stimulus":94,"slider_start":100,"sprites":"rocks","response":36,"absDeviation":42,"callibration":"test","block":11,"seed":94,"numerosity":78,"matchType":"paired","which":"first","trial_type":"numerosity-estimation","trial_index":210,"time_elapsed":1085275,"subject_id":"77668"},{"rt":3891,"stimulus":94,"slider_start":100,"sprites":"rocks","response":40,"absDeviation":38,"callibration":"test","block":11,"seed":94,"numerosity":78,"matchType":"paired","which":"second","trial_type":"numerosity-estimation","trial_index":211,"time_elapsed":1089168,"subject_id":"77668"},{"rt":5556,"stimulus":95,"slider_start":100,"sprites":"buttons","response":39,"absDeviation":25,"callibration":"test","block":11,"seed":95,"numerosity":64,"matchType":"unpaired","which":"second","trial_type":"numerosity-estimation","trial_index":212,"time_elapsed":1094728,"subject_id":"77668"},{"rt":9380,"stimulus":96,"slider_start":100,"sprites":"animalCrackers","response":74,"absDeviation":18,"callibration":"test","block":11,"seed":96,"numerosity":92,"matchType":"unpaired","which":"second","trial_type":"numerosity-estimation","trial_index":213,"time_elapsed":1104113,"subject_id":"77668"},{"rt":1946,"stimulus":"<p> For the last block of trials, the average deviation of your guesses from correct answers was 20.</p>\n     <p>The smaller the deviation the better.  Your deviation was <b> VERY good</b>.</p><br>\n       <p>Press any key to continue to the next block of trials</p>","response":" ","trial_type":"html-keyboard-response","trial_index":214,"time_elapsed":1106062,"subject_id":"77668"},{"rt":20676,"response":{"averageEstimates":"When the two displays occured back-to-back, in immediate succession.","firstOrSecond":"The first time the objects were shown"},"question_order":[0,1],"trial_type":"survey-multi-choice","trial_index":215,"time_elapsed":1126740,"subject_id":"77668"}]