[{"rt":4034,"url":"consent.html","trial_type":"external-html","trial_index":0,"time_elapsed":4046,"subject_id":"78328"},{"view_history":[{"page_index":0,"viewing_time":3593}],"rt":3594,"trial_type":"instructions","trial_index":1,"time_elapsed":7642,"subject_id":"78328"},{"rt":1738,"stimulus":0,"slider_start":100,"sprites":"animalCrackers","response":100,"absDeviation":50,"callibration":"callibration","block":-1,"seed":0,"numerosity":50,"matchType":"callibration","which":"first","trial_type":"numerosity-estimation","trial_index":2,"time_elapsed":9387,"subject_id":"78328"},{"rt":4211,"stimulus":1,"slider_start":100,"sprites":"letters","response":100,"absDeviation":36,"callibration":"callibration","block":-1,"seed":1,"numerosity":64,"matchType":"callibration","which":"first","trial_type":"numerosity-estimation","trial_index":3,"time_elapsed":13601,"subject_id":"78328"},{"rt":1945,"stimulus":2,"slider_start":100,"sprites":"butterflies","response":100,"absDeviation":22,"callibration":"callibration","block":-1,"seed":2,"numerosity":78,"matchType":"callibration","which":"first","trial_type":"numerosity-estimation","trial_index":4,"time_elapsed":15549,"subject_id":"78328"},{"rt":1742,"stimulus":3,"slider_start":100,"sprites":"hearts","response":100,"absDeviation":8,"callibration":"callibration","block":-1,"seed":3,"numerosity":92,"matchType":"callibration","which":"first","trial_type":"numerosity-estimation","trial_index":5,"time_elapsed":17295,"subject_id":"78328"},{"rt":1255,"stimulus":4,"slider_start":100,"sprites":"crackers","response":100,"absDeviation":7,"callibration":"callibration","block":-1,"seed":4,"numerosity":107,"matchType":"callibration","which":"first","trial_type":"numerosity-estimation","trial_index":6,"time_elapsed":18553,"subject_id":"78328"},{"rt":1231,"stimulus":5,"slider_start":100,"sprites":"bears","response":100,"absDeviation":21,"callibration":"callibration","block":-1,"seed":5,"numerosity":121,"matchType":"callibration","which":"first","trial_type":"numerosity-estimation","trial_index":7,"time_elapsed":19787,"subject_id":"78328"},{"rt":1117,"stimulus":6,"slider_start":100,"sprites":"fruits","response":100,"absDeviation":35,"callibration":"callibration","block":-1,"seed":6,"numerosity":135,"matchType":"callibration","which":"first","trial_type":"numerosity-estimation","trial_index":8,"time_elapsed":20907,"subject_id":"78328"},{"rt":1223,"stimulus":7,"slider_start":100,"sprites":"jellyBeans","response":100,"absDeviation":50,"callibration":"callibration","block":-1,"seed":7,"numerosity":150,"matchType":"callibration","which":"first","trial_type":"numerosity-estimation","trial_index":9,"time_elapsed":22133,"subject_id":"78328"},{"view_history":[{"page_index":0,"viewing_time":1403}],"rt":1404,"trial_type":"instructions","trial_index":10,"time_elapsed":23538,"subject_id":"78328"},{"rt":5947,"stimulus":1,"slider_start":100,"sprites":"letters","response":92,"absDeviation":0,"callibration":"test","block":0,"seed":1,"numerosity":92,"matchType":"paired","which":"first","trial_type":"numerosity-estimation","trial_index":11,"time_elapsed":29489,"subject_id":"78328"},{"rt":3154,"stimulus":1,"slider_start":100,"sprites":"letters","response":104,"absDeviation":12,"callibration":"test","block":0,"seed":1,"numerosity":92,"matchType":"paired","which":"second","trial_type":"numerosity-estimation","trial_index":12,"time_elapsed":32646,"subject_id":"78328"},{"rt":5032,"stimulus":3,"slider_start":100,"sprites":"hearts","response":90,"absDeviation":40,"callibration":"test","block":0,"seed":3,"numerosity":50,"matchType":"unpaired","which":"first","trial_type":"numerosity-estimation","trial_index":13,"time_elapsed":37681,"subject_id":"78328"},{"rt":4477,"stimulus":4,"slider_start":100,"sprites":"crackers","response":108,"absDeviation":1,"callibration":"test","block":0,"seed":4,"numerosity":107,"matchType":"unpaired","which":"first","trial_type":"numerosity-estimation","trial_index":14,"time_elapsed":42161,"subject_id":"78328"},{"rt":4910,"stimulus":5,"slider_start":100,"sprites":"bears","response":39,"absDeviation":11,"callibration":"test","block":0,"seed":5,"numerosity":50,"matchType":"paired","which":"first","trial_type":"numerosity-estimation","trial_index":15,"time_elapsed":47074,"subject_id":"78328"},{"rt":12580,"stimulus":5,"slider_start":100,"sprites":"bears","response":40,"absDeviation":10,"callibration":"test","block":0,"seed":5,"numerosity":50,"matchType":"paired","which":"second","trial_type":"numerosity-estimation","trial_index":16,"time_elapsed":59657,"subject_id":"78328"},{"rt":5639,"stimulus":7,"slider_start":100,"sprites":"jellyBeans","response":50,"absDeviation":0,"callibration":"test","block":0,"seed":7,"numerosity":50,"matchType":"unpaired","which":"first","trial_type":"numerosity-estimation","trial_index":17,"time_elapsed":65299,"subject_id":"78328"},{"rt":5160,"stimulus":8,"slider_start":100,"sprites":"marbles","response":88,"absDeviation":4,"callibration":"test","block":0,"seed":8,"numerosity":92,"matchType":"unpaired","which":"first","trial_type":"numerosity-estimation","trial_index":18,"time_elapsed":70462,"subject_id":"78328"},{"rt":3244,"stimulus":9,"slider_start":100,"sprites":"mints","response":139,"absDeviation":4,"callibration":"test","block":0,"seed":9,"numerosity":135,"matchType":"paired","which":"first","trial_type":"numerosity-estimation","trial_index":19,"time_elapsed":73710,"subject_id":"78328"},{"rt":307828,"stimulus":9,"slider_start":100,"sprites":"mints","response":82,"absDeviation":53,"callibration":"test","block":0,"seed":9,"numerosity":135,"matchType":"paired","which":"second","trial_type":"numerosity-estimation","trial_index":20,"time_elapsed":381544,"subject_id":"78328"},{"rt":2741,"stimulus":11,"slider_start":100,"sprites":"buttons","response":136,"absDeviation":29,"callibration":"test","block":0,"seed":11,"numerosity":107,"matchType":"unpaired","which":"first","trial_type":"numerosity-estimation","trial_index":21,"time_elapsed":384289,"subject_id":"78328"},{"rt":2457,"stimulus":12,"slider_start":100,"sprites":"animalCrackers","response":135,"absDeviation":43,"callibration":"test","block":0,"seed":12,"numerosity":92,"matchType":"unpaired","which":"first","trial_type":"numerosity-estimation","trial_index":22,"time_elapsed":386749,"subject_id":"78328"},{"rt":3512,"stimulus":13,"slider_start":100,"sprites":"letters","response":110,"absDeviation":3,"callibration":"test","block":0,"seed":13,"numerosity":107,"matchType":"paired","which":"first","trial_type":"numerosity-estimation","trial_index":23,"time_elapsed":390264,"subject_id":"78328"},{"rt":2603,"stimulus":13,"slider_start":100,"sprites":"letters","response":115,"absDeviation":8,"callibration":"test","block":0,"seed":13,"numerosity":107,"matchType":"paired","which":"second","trial_type":"numerosity-estimation","trial_index":24,"time_elapsed":392870,"subject_id":"78328"},{"rt":5493,"stimulus":15,"slider_start":100,"sprites":"hearts","response":121,"absDeviation":0,"callibration":"test","block":0,"seed":15,"numerosity":121,"matchType":"unpaired","which":"first","trial_type":"numerosity-estimation","trial_index":25,"time_elapsed":398366,"subject_id":"78328"},{"rt":5680,"stimulus":16,"slider_start":100,"sprites":"crackers","response":81,"absDeviation":17,"callibration":"test","block":0,"seed":16,"numerosity":64,"matchType":"unpaired","which":"first","trial_type":"numerosity-estimation","trial_index":26,"time_elapsed":404049,"subject_id":"78328"},{"rt":9839,"stimulus":"<p> For the last block of trials, the average deviation of your guesses from correct answers was 15.</p>\n     <p>The smaller the deviation the better.  Your deviation was <b> VERY good</b>.</p><br>\n       <p>Press any key to continue to the next block of trials</p>","response":" ","trial_type":"html-keyboard-response","trial_index":27,"time_elapsed":413891,"subject_id":"78328"},{"rt":3876,"stimulus":17,"slider_start":100,"sprites":"bears","response":114,"absDeviation":22,"callibration":"test","block":1,"seed":17,"numerosity":92,"matchType":"paired","which":"first","trial_type":"numerosity-estimation","trial_index":28,"time_elapsed":417770,"subject_id":"78328"},{"rt":3650,"stimulus":17,"slider_start":100,"sprites":"bears","response":107,"absDeviation":15,"callibration":"test","block":1,"seed":17,"numerosity":92,"matchType":"paired","which":"second","trial_type":"numerosity-estimation","trial_index":29,"time_elapsed":421423,"subject_id":"78328"},{"rt":4902,"stimulus":19,"slider_start":100,"sprites":"jellyBeans","response":127,"absDeviation":8,"callibration":"test","block":1,"seed":19,"numerosity":135,"matchType":"unpaired","which":"first","trial_type":"numerosity-estimation","trial_index":30,"time_elapsed":426328,"subject_id":"78328"},{"rt":6265,"stimulus":20,"slider_start":100,"sprites":"marbles","response":71,"absDeviation":7,"callibration":"test","block":1,"seed":20,"numerosity":78,"matchType":"unpaired","which":"first","trial_type":"numerosity-estimation","trial_index":31,"time_elapsed":432597,"subject_id":"78328"},{"rt":2993,"stimulus":21,"slider_start":100,"sprites":"mints","response":116,"absDeviation":24,"callibration":"test","block":1,"seed":21,"numerosity":92,"matchType":"paired","which":"first","trial_type":"numerosity-estimation","trial_index":32,"time_elapsed":435592,"subject_id":"78328"},{"rt":3333,"stimulus":21,"slider_start":100,"sprites":"mints","response":126,"absDeviation":34,"callibration":"test","block":1,"seed":21,"numerosity":92,"matchType":"paired","which":"second","trial_type":"numerosity-estimation","trial_index":33,"time_elapsed":438928,"subject_id":"78328"},{"rt":3537,"stimulus":23,"slider_start":100,"sprites":"buttons","response":157,"absDeviation":7,"callibration":"test","block":1,"seed":23,"numerosity":150,"matchType":"unpaired","which":"first","trial_type":"numerosity-estimation","trial_index":34,"time_elapsed":442469,"subject_id":"78328"},{"rt":3147,"stimulus":24,"slider_start":100,"sprites":"animalCrackers","response":141,"absDeviation":34,"callibration":"test","block":1,"seed":24,"numerosity":107,"matchType":"unpaired","which":"first","trial_type":"numerosity-estimation","trial_index":35,"time_elapsed":445619,"subject_id":"78328"},{"rt":3358,"stimulus":25,"slider_start":100,"sprites":"letters","response":119,"absDeviation":12,"callibration":"test","block":1,"seed":25,"numerosity":107,"matchType":"paired","which":"first","trial_type":"numerosity-estimation","trial_index":36,"time_elapsed":448980,"subject_id":"78328"},{"rt":2847,"stimulus":25,"slider_start":100,"sprites":"letters","response":119,"absDeviation":12,"callibration":"test","block":1,"seed":25,"numerosity":107,"matchType":"paired","which":"second","trial_type":"numerosity-estimation","trial_index":37,"time_elapsed":451830,"subject_id":"78328"},{"rt":5299,"stimulus":27,"slider_start":100,"sprites":"hearts","response":121,"absDeviation":0,"callibration":"test","block":1,"seed":27,"numerosity":121,"matchType":"unpaired","which":"first","trial_type":"numerosity-estimation","trial_index":38,"time_elapsed":457132,"subject_id":"78328"},{"rt":3041,"stimulus":28,"slider_start":100,"sprites":"crackers","response":158,"absDeviation":8,"callibration":"test","block":1,"seed":28,"numerosity":150,"matchType":"unpaired","which":"first","trial_type":"numerosity-estimation","trial_index":39,"time_elapsed":460176,"subject_id":"78328"},{"rt":5469,"stimulus":29,"slider_start":100,"sprites":"bears","response":53,"absDeviation":11,"callibration":"test","block":1,"seed":29,"numerosity":64,"matchType":"paired","which":"first","trial_type":"numerosity-estimation","trial_index":40,"time_elapsed":465648,"subject_id":"78328"},{"rt":4219,"stimulus":29,"slider_start":100,"sprites":"bears","response":45,"absDeviation":19,"callibration":"test","block":1,"seed":29,"numerosity":64,"matchType":"paired","which":"second","trial_type":"numerosity-estimation","trial_index":41,"time_elapsed":469871,"subject_id":"78328"},{"rt":7796,"stimulus":31,"slider_start":100,"sprites":"jellyBeans","response":122,"absDeviation":28,"callibration":"test","block":1,"seed":31,"numerosity":150,"matchType":"unpaired","which":"first","trial_type":"numerosity-estimation","trial_index":42,"time_elapsed":477670,"subject_id":"78328"},{"rt":2708,"stimulus":32,"slider_start":100,"sprites":"marbles","response":138,"absDeviation":3,"callibration":"test","block":1,"seed":32,"numerosity":135,"matchType":"unpaired","which":"first","trial_type":"numerosity-estimation","trial_index":43,"time_elapsed":480382,"subject_id":"78328"},{"rt":3225,"stimulus":"<p> For the last block of trials, the average deviation of your guesses from correct answers was 15.</p>\n     <p>The smaller the deviation the better.  Your deviation was <b> VERY good</b>.</p><br>\n       <p>Press any key to continue to the next block of trials</p>","response":" ","trial_type":"html-keyboard-response","trial_index":44,"time_elapsed":483608,"subject_id":"78328"},{"rt":4922,"stimulus":33,"slider_start":100,"sprites":"mints","response":134,"absDeviation":13,"callibration":"test","block":2,"seed":33,"numerosity":121,"matchType":"paired","which":"first","trial_type":"numerosity-estimation","trial_index":45,"time_elapsed":488533,"subject_id":"78328"},{"rt":2822,"stimulus":33,"slider_start":100,"sprites":"mints","response":148,"absDeviation":27,"callibration":"test","block":2,"seed":33,"numerosity":121,"matchType":"paired","which":"second","trial_type":"numerosity-estimation","trial_index":46,"time_elapsed":491358,"subject_id":"78328"},{"rt":4559,"stimulus":35,"slider_start":100,"sprites":"buttons","response":58,"absDeviation":20,"callibration":"test","block":2,"seed":35,"numerosity":78,"matchType":"unpaired","which":"first","trial_type":"numerosity-estimation","trial_index":47,"time_elapsed":495921,"subject_id":"78328"},{"rt":4161,"stimulus":36,"slider_start":100,"sprites":"animalCrackers","response":65,"absDeviation":15,"callibration":"test","block":2,"seed":36,"numerosity":50,"matchType":"unpaired","which":"first","trial_type":"numerosity-estimation","trial_index":48,"time_elapsed":500085,"subject_id":"78328"},{"rt":2578,"stimulus":37,"slider_start":100,"sprites":"letters","response":134,"absDeviation":1,"callibration":"test","block":2,"seed":37,"numerosity":135,"matchType":"paired","which":"first","trial_type":"numerosity-estimation","trial_index":49,"time_elapsed":502667,"subject_id":"78328"},{"rt":3983,"stimulus":37,"slider_start":100,"sprites":"letters","response":144,"absDeviation":9,"callibration":"test","block":2,"seed":37,"numerosity":135,"matchType":"paired","which":"second","trial_type":"numerosity-estimation","trial_index":50,"time_elapsed":506653,"subject_id":"78328"},{"rt":3293,"stimulus":39,"slider_start":100,"sprites":"hearts","response":113,"absDeviation":35,"callibration":"test","block":2,"seed":39,"numerosity":78,"matchType":"unpaired","which":"first","trial_type":"numerosity-estimation","trial_index":51,"time_elapsed":509949,"subject_id":"78328"},{"rt":3618,"stimulus":40,"slider_start":100,"sprites":"crackers","response":145,"absDeviation":24,"callibration":"test","block":2,"seed":40,"numerosity":121,"matchType":"unpaired","which":"first","trial_type":"numerosity-estimation","trial_index":52,"time_elapsed":513569,"subject_id":"78328"},{"rt":6932,"stimulus":41,"slider_start":100,"sprites":"bears","response":45,"absDeviation":5,"callibration":"test","block":2,"seed":41,"numerosity":50,"matchType":"paired","which":"first","trial_type":"numerosity-estimation","trial_index":53,"time_elapsed":520504,"subject_id":"78328"},{"rt":3642,"stimulus":41,"slider_start":100,"sprites":"bears","response":42,"absDeviation":8,"callibration":"test","block":2,"seed":41,"numerosity":50,"matchType":"paired","which":"second","trial_type":"numerosity-estimation","trial_index":54,"time_elapsed":524149,"subject_id":"78328"},{"rt":3870,"stimulus":43,"slider_start":100,"sprites":"jellyBeans","response":51,"absDeviation":13,"callibration":"test","block":2,"seed":43,"numerosity":64,"matchType":"unpaired","which":"first","trial_type":"numerosity-estimation","trial_index":55,"time_elapsed":528022,"subject_id":"78328"},{"rt":5591,"stimulus":44,"slider_start":100,"sprites":"marbles","response":85,"absDeviation":36,"callibration":"test","block":2,"seed":44,"numerosity":121,"matchType":"unpaired","which":"first","trial_type":"numerosity-estimation","trial_index":56,"time_elapsed":533616,"subject_id":"78328"},{"rt":2888,"stimulus":45,"slider_start":100,"sprites":"mints","response":134,"absDeviation":13,"callibration":"test","block":2,"seed":45,"numerosity":121,"matchType":"paired","which":"first","trial_type":"numerosity-estimation","trial_index":57,"time_elapsed":536507,"subject_id":"78328"},{"rt":2766,"stimulus":45,"slider_start":100,"sprites":"mints","response":148,"absDeviation":27,"callibration":"test","block":2,"seed":45,"numerosity":121,"matchType":"paired","which":"second","trial_type":"numerosity-estimation","trial_index":58,"time_elapsed":539275,"subject_id":"78328"},{"rt":3261,"stimulus":47,"slider_start":100,"sprites":"buttons","response":150,"absDeviation":29,"callibration":"test","block":2,"seed":47,"numerosity":121,"matchType":"unpaired","which":"first","trial_type":"numerosity-estimation","trial_index":59,"time_elapsed":542540,"subject_id":"78328"},{"rt":2976,"stimulus":48,"slider_start":100,"sprites":"animalCrackers","response":167,"absDeviation":32,"callibration":"test","block":2,"seed":48,"numerosity":135,"matchType":"unpaired","which":"first","trial_type":"numerosity-estimation","trial_index":60,"time_elapsed":545518,"subject_id":"78328"},{"rt":5859,"stimulus":"<p> For the last block of trials, the average deviation of your guesses from correct answers was 19.</p>\n     <p>The smaller the deviation the better.  Your deviation was <b> VERY good</b>.</p><br>\n       <p>Press any key to continue to the next block of trials</p>","response":" ","trial_type":"html-keyboard-response","trial_index":61,"time_elapsed":551378,"subject_id":"78328"},{"rt":6349,"stimulus":49,"slider_start":100,"sprites":"letters","response":44,"absDeviation":34,"callibration":"test","block":3,"seed":49,"numerosity":78,"matchType":"paired","which":"first","trial_type":"numerosity-estimation","trial_index":62,"time_elapsed":557729,"subject_id":"78328"},{"rt":3187,"stimulus":49,"slider_start":100,"sprites":"letters","response":55,"absDeviation":23,"callibration":"test","block":3,"seed":49,"numerosity":78,"matchType":"paired","which":"second","trial_type":"numerosity-estimation","trial_index":63,"time_elapsed":560920,"subject_id":"78328"},{"rt":7507,"stimulus":51,"slider_start":100,"sprites":"hearts","response":159,"absDeviation":9,"callibration":"test","block":3,"seed":51,"numerosity":150,"matchType":"unpaired","which":"first","trial_type":"numerosity-estimation","trial_index":64,"time_elapsed":568430,"subject_id":"78328"},{"rt":5541,"stimulus":52,"slider_start":100,"sprites":"crackers","response":66,"absDeviation":12,"callibration":"test","block":3,"seed":52,"numerosity":78,"matchType":"unpaired","which":"first","trial_type":"numerosity-estimation","trial_index":65,"time_elapsed":573974,"subject_id":"78328"},{"rt":5607,"stimulus":53,"slider_start":100,"sprites":"bears","response":38,"absDeviation":12,"callibration":"test","block":3,"seed":53,"numerosity":50,"matchType":"paired","which":"first","trial_type":"numerosity-estimation","trial_index":66,"time_elapsed":579584,"subject_id":"78328"},{"rt":4072,"stimulus":53,"slider_start":100,"sprites":"bears","response":36,"absDeviation":14,"callibration":"test","block":3,"seed":53,"numerosity":50,"matchType":"paired","which":"second","trial_type":"numerosity-estimation","trial_index":67,"time_elapsed":583659,"subject_id":"78328"},{"rt":4640,"stimulus":55,"slider_start":100,"sprites":"jellyBeans","response":109,"absDeviation":12,"callibration":"test","block":3,"seed":55,"numerosity":121,"matchType":"unpaired","which":"first","trial_type":"numerosity-estimation","trial_index":68,"time_elapsed":588303,"subject_id":"78328"},{"rt":4356,"stimulus":56,"slider_start":100,"sprites":"marbles","response":58,"absDeviation":6,"callibration":"test","block":3,"seed":56,"numerosity":64,"matchType":"unpaired","which":"first","trial_type":"numerosity-estimation","trial_index":69,"time_elapsed":592662,"subject_id":"78328"},{"rt":8663,"stimulus":57,"slider_start":100,"sprites":"mints","response":87,"absDeviation":23,"callibration":"test","block":3,"seed":57,"numerosity":64,"matchType":"paired","which":"first","trial_type":"numerosity-estimation","trial_index":70,"time_elapsed":601328,"subject_id":"78328"},{"rt":75182,"stimulus":57,"slider_start":100,"sprites":"mints","response":87,"absDeviation":23,"callibration":"test","block":3,"seed":57,"numerosity":64,"matchType":"paired","which":"second","trial_type":"numerosity-estimation","trial_index":71,"time_elapsed":676515,"subject_id":"78328"},{"rt":3091,"stimulus":59,"slider_start":100,"sprites":"buttons","response":127,"absDeviation":8,"callibration":"test","block":3,"seed":59,"numerosity":135,"matchType":"unpaired","which":"first","trial_type":"numerosity-estimation","trial_index":72,"time_elapsed":679609,"subject_id":"78328"},{"rt":2602,"stimulus":60,"slider_start":100,"sprites":"animalCrackers","response":140,"absDeviation":10,"callibration":"test","block":3,"seed":60,"numerosity":150,"matchType":"unpaired","which":"first","trial_type":"numerosity-estimation","trial_index":73,"time_elapsed":682214,"subject_id":"78328"},{"rt":4568,"stimulus":61,"slider_start":100,"sprites":"letters","response":58,"absDeviation":8,"callibration":"test","block":3,"seed":61,"numerosity":50,"matchType":"paired","which":"first","trial_type":"numerosity-estimation","trial_index":74,"time_elapsed":686785,"subject_id":"78328"},{"rt":4072,"stimulus":61,"slider_start":100,"sprites":"letters","response":46,"absDeviation":4,"callibration":"test","block":3,"seed":61,"numerosity":50,"matchType":"paired","which":"second","trial_type":"numerosity-estimation","trial_index":75,"time_elapsed":690861,"subject_id":"78328"},{"rt":8545,"stimulus":63,"slider_start":100,"sprites":"hearts","response":67,"absDeviation":3,"callibration":"test","block":3,"seed":63,"numerosity":64,"matchType":"unpaired","which":"first","trial_type":"numerosity-estimation","trial_index":76,"time_elapsed":699408,"subject_id":"78328"},{"rt":4203,"stimulus":64,"slider_start":100,"sprites":"crackers","response":115,"absDeviation":20,"callibration":"test","block":3,"seed":64,"numerosity":135,"matchType":"unpaired","which":"first","trial_type":"numerosity-estimation","trial_index":77,"time_elapsed":703615,"subject_id":"78328"},{"rt":1769,"stimulus":"<p> For the last block of trials, the average deviation of your guesses from correct answers was 14.</p>\n     <p>The smaller the deviation the better.  Your deviation was <b> AMAZINGLY good</b>.</p><br>\n       <p>Press any key to continue to the next block of trials</p>","response":" ","trial_type":"html-keyboard-response","trial_index":78,"time_elapsed":705385,"subject_id":"78328"},{"rt":8415,"stimulus":65,"slider_start":100,"sprites":"bears","response":78,"absDeviation":29,"callibration":"test","block":4,"seed":65,"numerosity":107,"matchType":"paired","which":"first","trial_type":"numerosity-estimation","trial_index":79,"time_elapsed":713803,"subject_id":"78328"},{"rt":9625,"stimulus":65,"slider_start":100,"sprites":"bears","response":91,"absDeviation":16,"callibration":"test","block":4,"seed":65,"numerosity":107,"matchType":"paired","which":"second","trial_type":"numerosity-estimation","trial_index":80,"time_elapsed":723431,"subject_id":"78328"},{"rt":9602,"stimulus":67,"slider_start":100,"sprites":"jellyBeans","response":108,"absDeviation":1,"callibration":"test","block":4,"seed":67,"numerosity":107,"matchType":"unpaired","which":"first","trial_type":"numerosity-estimation","trial_index":81,"time_elapsed":733036,"subject_id":"78328"},{"rt":6492,"stimulus":68,"slider_start":100,"sprites":"marbles","response":85,"absDeviation":65,"callibration":"test","block":4,"seed":68,"numerosity":150,"matchType":"unpaired","which":"first","trial_type":"numerosity-estimation","trial_index":82,"time_elapsed":739531,"subject_id":"78328"},{"rt":4365,"stimulus":69,"slider_start":100,"sprites":"mints","response":157,"absDeviation":36,"callibration":"test","block":4,"seed":69,"numerosity":121,"matchType":"paired","which":"first","trial_type":"numerosity-estimation","trial_index":83,"time_elapsed":743900,"subject_id":"78328"},{"rt":3293,"stimulus":69,"slider_start":100,"sprites":"mints","response":154,"absDeviation":33,"callibration":"test","block":4,"seed":69,"numerosity":121,"matchType":"paired","which":"second","trial_type":"numerosity-estimation","trial_index":84,"time_elapsed":747196,"subject_id":"78328"},{"rt":2546,"stimulus":71,"slider_start":100,"sprites":"buttons","response":117,"absDeviation":10,"callibration":"test","block":4,"seed":71,"numerosity":107,"matchType":"unpaired","which":"first","trial_type":"numerosity-estimation","trial_index":85,"time_elapsed":749745,"subject_id":"78328"},{"rt":7233,"stimulus":72,"slider_start":100,"sprites":"animalCrackers","response":57,"absDeviation":7,"callibration":"test","block":4,"seed":72,"numerosity":50,"matchType":"unpaired","which":"first","trial_type":"numerosity-estimation","trial_index":86,"time_elapsed":756980,"subject_id":"78328"},{"rt":38565,"stimulus":73,"slider_start":100,"sprites":"letters","response":73,"absDeviation":5,"callibration":"test","block":4,"seed":73,"numerosity":78,"matchType":"paired","which":"first","trial_type":"numerosity-estimation","trial_index":87,"time_elapsed":795548,"subject_id":"78328"},{"rt":28206,"stimulus":73,"slider_start":100,"sprites":"letters","response":74,"absDeviation":4,"callibration":"test","block":4,"seed":73,"numerosity":78,"matchType":"paired","which":"second","trial_type":"numerosity-estimation","trial_index":88,"time_elapsed":823757,"subject_id":"78328"},{"rt":2660,"stimulus":75,"slider_start":100,"sprites":"hearts","response":91,"absDeviation":1,"callibration":"test","block":4,"seed":75,"numerosity":92,"matchType":"unpaired","which":"first","trial_type":"numerosity-estimation","trial_index":89,"time_elapsed":826420,"subject_id":"78328"},{"rt":4593,"stimulus":76,"slider_start":100,"sprites":"crackers","response":82,"absDeviation":18,"callibration":"test","block":4,"seed":76,"numerosity":64,"matchType":"unpaired","which":"first","trial_type":"numerosity-estimation","trial_index":90,"time_elapsed":831016,"subject_id":"78328"},{"rt":8067,"stimulus":77,"slider_start":100,"sprites":"bears","response":107,"absDeviation":28,"callibration":"test","block":4,"seed":77,"numerosity":135,"matchType":"paired","which":"first","trial_type":"numerosity-estimation","trial_index":91,"time_elapsed":839087,"subject_id":"78328"},{"rt":8412,"stimulus":77,"slider_start":100,"sprites":"bears","response":86,"absDeviation":49,"callibration":"test","block":4,"seed":77,"numerosity":135,"matchType":"paired","which":"second","trial_type":"numerosity-estimation","trial_index":92,"time_elapsed":847503,"subject_id":"78328"},{"rt":6143,"stimulus":79,"slider_start":100,"sprites":"jellyBeans","response":40,"absDeviation":10,"callibration":"test","block":4,"seed":79,"numerosity":50,"matchType":"unpaired","which":"first","trial_type":"numerosity-estimation","trial_index":93,"time_elapsed":853649,"subject_id":"78328"},{"rt":7645,"stimulus":80,"slider_start":100,"sprites":"marbles","response":71,"absDeviation":50,"callibration":"test","block":4,"seed":80,"numerosity":121,"matchType":"unpaired","which":"first","trial_type":"numerosity-estimation","trial_index":94,"time_elapsed":861297,"subject_id":"78328"},{"rt":2378,"stimulus":"<p> For the last block of trials, the average deviation of your guesses from correct answers was 23.</p>\n     <p>The smaller the deviation the better.  Your deviation was <b> VERY good</b>.</p><br>\n       <p>Press any key to continue to the next block of trials</p>","response":" ","trial_type":"html-keyboard-response","trial_index":95,"time_elapsed":863677,"subject_id":"78328"},{"rt":3487,"stimulus":81,"slider_start":100,"sprites":"mints","response":151,"absDeviation":30,"callibration":"test","block":5,"seed":81,"numerosity":121,"matchType":"paired","which":"first","trial_type":"numerosity-estimation","trial_index":96,"time_elapsed":867168,"subject_id":"78328"},{"rt":2830,"stimulus":81,"slider_start":100,"sprites":"mints","response":158,"absDeviation":37,"callibration":"test","block":5,"seed":81,"numerosity":121,"matchType":"paired","which":"second","trial_type":"numerosity-estimation","trial_index":97,"time_elapsed":870001,"subject_id":"78328"},{"rt":2986,"stimulus":83,"slider_start":100,"sprites":"buttons","response":159,"absDeviation":38,"callibration":"test","block":5,"seed":83,"numerosity":121,"matchType":"unpaired","which":"first","trial_type":"numerosity-estimation","trial_index":98,"time_elapsed":872989,"subject_id":"78328"},{"rt":2465,"stimulus":84,"slider_start":100,"sprites":"animalCrackers","response":66,"absDeviation":16,"callibration":"test","block":5,"seed":84,"numerosity":50,"matchType":"unpaired","which":"first","trial_type":"numerosity-estimation","trial_index":99,"time_elapsed":875458,"subject_id":"78328"},{"rt":5144,"stimulus":85,"slider_start":100,"sprites":"letters","response":69,"absDeviation":5,"callibration":"test","block":5,"seed":85,"numerosity":64,"matchType":"paired","which":"first","trial_type":"numerosity-estimation","trial_index":100,"time_elapsed":880605,"subject_id":"78328"},{"rt":3439,"stimulus":85,"slider_start":100,"sprites":"letters","response":72,"absDeviation":8,"callibration":"test","block":5,"seed":85,"numerosity":64,"matchType":"paired","which":"second","trial_type":"numerosity-estimation","trial_index":101,"time_elapsed":884047,"subject_id":"78328"},{"rt":3220,"stimulus":87,"slider_start":100,"sprites":"hearts","response":85,"absDeviation":35,"callibration":"test","block":5,"seed":87,"numerosity":50,"matchType":"unpaired","which":"first","trial_type":"numerosity-estimation","trial_index":102,"time_elapsed":887270,"subject_id":"78328"},{"rt":3241,"stimulus":88,"slider_start":100,"sprites":"crackers","response":158,"absDeviation":23,"callibration":"test","block":5,"seed":88,"numerosity":135,"matchType":"unpaired","which":"first","trial_type":"numerosity-estimation","trial_index":103,"time_elapsed":890517,"subject_id":"78328"},{"rt":3204,"stimulus":89,"slider_start":100,"sprites":"bears","response":44,"absDeviation":6,"callibration":"test","block":5,"seed":89,"numerosity":50,"matchType":"paired","which":"first","trial_type":"numerosity-estimation","trial_index":104,"time_elapsed":893723,"subject_id":"78328"},{"rt":3260,"stimulus":89,"slider_start":100,"sprites":"bears","response":51,"absDeviation":1,"callibration":"test","block":5,"seed":89,"numerosity":50,"matchType":"paired","which":"second","trial_type":"numerosity-estimation","trial_index":105,"time_elapsed":896987,"subject_id":"78328"},{"rt":3327,"stimulus":91,"slider_start":100,"sprites":"jellyBeans","response":69,"absDeviation":23,"callibration":"test","block":5,"seed":91,"numerosity":92,"matchType":"unpaired","which":"first","trial_type":"numerosity-estimation","trial_index":106,"time_elapsed":900316,"subject_id":"78328"},{"rt":5762,"stimulus":92,"slider_start":100,"sprites":"marbles","response":87,"absDeviation":34,"callibration":"test","block":5,"seed":92,"numerosity":121,"matchType":"unpaired","which":"first","trial_type":"numerosity-estimation","trial_index":107,"time_elapsed":906081,"subject_id":"78328"},{"rt":3203,"stimulus":93,"slider_start":100,"sprites":"mints","response":75,"absDeviation":3,"callibration":"test","block":5,"seed":93,"numerosity":78,"matchType":"paired","which":"first","trial_type":"numerosity-estimation","trial_index":108,"time_elapsed":909287,"subject_id":"78328"},{"rt":3796,"stimulus":93,"slider_start":100,"sprites":"mints","response":81,"absDeviation":3,"callibration":"test","block":5,"seed":93,"numerosity":78,"matchType":"paired","which":"second","trial_type":"numerosity-estimation","trial_index":109,"time_elapsed":913087,"subject_id":"78328"},{"rt":2815,"stimulus":95,"slider_start":100,"sprites":"buttons","response":84,"absDeviation":20,"callibration":"test","block":5,"seed":95,"numerosity":64,"matchType":"unpaired","which":"first","trial_type":"numerosity-estimation","trial_index":110,"time_elapsed":915904,"subject_id":"78328"},{"rt":2595,"stimulus":96,"slider_start":100,"sprites":"animalCrackers","response":113,"absDeviation":21,"callibration":"test","block":5,"seed":96,"numerosity":92,"matchType":"unpaired","which":"first","trial_type":"numerosity-estimation","trial_index":111,"time_elapsed":918502,"subject_id":"78328"},{"rt":1462,"stimulus":"<p> For the last block of trials, the average deviation of your guesses from correct answers was 19.</p>\n     <p>The smaller the deviation the better.  Your deviation was <b> VERY good</b>.</p><br>\n       <p>Press any key to continue to the next block of trials</p>","response":" ","trial_type":"html-keyboard-response","trial_index":112,"time_elapsed":919965,"subject_id":"78328"},{"rt":4387,"stimulus":2,"slider_start":100,"sprites":"butterflies","response":121,"absDeviation":14,"callibration":"test","block":6,"seed":2,"numerosity":135,"matchType":"paired","which":"first","trial_type":"numerosity-estimation","trial_index":113,"time_elapsed":924356,"subject_id":"78328"},{"rt":3154,"stimulus":2,"slider_start":100,"sprites":"butterflies","response":128,"absDeviation":7,"callibration":"test","block":6,"seed":2,"numerosity":135,"matchType":"paired","which":"second","trial_type":"numerosity-estimation","trial_index":114,"time_elapsed":927513,"subject_id":"78328"},{"rt":3816,"stimulus":3,"slider_start":100,"sprites":"hearts","response":70,"absDeviation":20,"callibration":"test","block":6,"seed":3,"numerosity":50,"matchType":"unpaired","which":"second","trial_type":"numerosity-estimation","trial_index":115,"time_elapsed":931330,"subject_id":"78328"},{"rt":2725,"stimulus":4,"slider_start":100,"sprites":"crackers","response":88,"absDeviation":19,"callibration":"test","block":6,"seed":4,"numerosity":107,"matchType":"unpaired","which":"second","trial_type":"numerosity-estimation","trial_index":116,"time_elapsed":934058,"subject_id":"78328"},{"rt":2919,"stimulus":6,"slider_start":100,"sprites":"fruits","response":85,"absDeviation":7,"callibration":"test","block":6,"seed":6,"numerosity":78,"matchType":"paired","which":"first","trial_type":"numerosity-estimation","trial_index":117,"time_elapsed":936981,"subject_id":"78328"},{"rt":2838,"stimulus":6,"slider_start":100,"sprites":"fruits","response":92,"absDeviation":14,"callibration":"test","block":6,"seed":6,"numerosity":78,"matchType":"paired","which":"second","trial_type":"numerosity-estimation","trial_index":118,"time_elapsed":939822,"subject_id":"78328"},{"rt":3789,"stimulus":7,"slider_start":100,"sprites":"jellyBeans","response":55,"absDeviation":5,"callibration":"test","block":6,"seed":7,"numerosity":50,"matchType":"unpaired","which":"second","trial_type":"numerosity-estimation","trial_index":119,"time_elapsed":943614,"subject_id":"78328"},{"rt":3146,"stimulus":8,"slider_start":100,"sprites":"marbles","response":80,"absDeviation":12,"callibration":"test","block":6,"seed":8,"numerosity":92,"matchType":"unpaired","which":"second","trial_type":"numerosity-estimation","trial_index":120,"time_elapsed":946763,"subject_id":"78328"},{"rt":9541,"stimulus":10,"slider_start":100,"sprites":"rocks","response":82,"absDeviation":32,"callibration":"test","block":6,"seed":10,"numerosity":50,"matchType":"paired","which":"first","trial_type":"numerosity-estimation","trial_index":121,"time_elapsed":956308,"subject_id":"78328"},{"rt":6558,"stimulus":10,"slider_start":100,"sprites":"rocks","response":86,"absDeviation":36,"callibration":"test","block":6,"seed":10,"numerosity":50,"matchType":"paired","which":"second","trial_type":"numerosity-estimation","trial_index":122,"time_elapsed":962869,"subject_id":"78328"},{"rt":2643,"stimulus":11,"slider_start":100,"sprites":"buttons","response":137,"absDeviation":30,"callibration":"test","block":6,"seed":11,"numerosity":107,"matchType":"unpaired","which":"second","trial_type":"numerosity-estimation","trial_index":123,"time_elapsed":965515,"subject_id":"78328"},{"rt":3075,"stimulus":12,"slider_start":100,"sprites":"animalCrackers","response":141,"absDeviation":49,"callibration":"test","block":6,"seed":12,"numerosity":92,"matchType":"unpaired","which":"second","trial_type":"numerosity-estimation","trial_index":124,"time_elapsed":968593,"subject_id":"78328"},{"rt":17085,"stimulus":14,"slider_start":100,"sprites":"butterflies","response":86,"absDeviation":64,"callibration":"test","block":6,"seed":14,"numerosity":150,"matchType":"paired","which":"first","trial_type":"numerosity-estimation","trial_index":125,"time_elapsed":985682,"subject_id":"78328"},{"rt":17828,"stimulus":14,"slider_start":100,"sprites":"butterflies","response":89,"absDeviation":61,"callibration":"test","block":6,"seed":14,"numerosity":150,"matchType":"paired","which":"second","trial_type":"numerosity-estimation","trial_index":126,"time_elapsed":1003513,"subject_id":"78328"},{"rt":2270,"stimulus":15,"slider_start":100,"sprites":"hearts","response":137,"absDeviation":16,"callibration":"test","block":6,"seed":15,"numerosity":121,"matchType":"unpaired","which":"second","trial_type":"numerosity-estimation","trial_index":127,"time_elapsed":1005787,"subject_id":"78328"},{"rt":76201,"stimulus":16,"slider_start":100,"sprites":"crackers","response":108,"absDeviation":44,"callibration":"test","block":6,"seed":16,"numerosity":64,"matchType":"unpaired","which":"second","trial_type":"numerosity-estimation","trial_index":128,"time_elapsed":1081991,"subject_id":"78328"},{"rt":1641,"stimulus":"<p> For the last block of trials, the average deviation of your guesses from correct answers was 27.</p>\n     <p>The smaller the deviation the better.  Your deviation was <b> good</b>.</p><br>\n       <p>Press any key to continue to the next block of trials</p>","response":" ","trial_type":"html-keyboard-response","trial_index":129,"time_elapsed":1083634,"subject_id":"78328"},{"rt":3818,"stimulus":18,"slider_start":100,"sprites":"fruits","response":80,"absDeviation":27,"callibration":"test","block":7,"seed":18,"numerosity":107,"matchType":"paired","which":"first","trial_type":"numerosity-estimation","trial_index":130,"time_elapsed":1087455,"subject_id":"78328"},{"rt":2446,"stimulus":18,"slider_start":100,"sprites":"fruits","response":116,"absDeviation":9,"callibration":"test","block":7,"seed":18,"numerosity":107,"matchType":"paired","which":"second","trial_type":"numerosity-estimation","trial_index":131,"time_elapsed":1089904,"subject_id":"78328"},{"rt":2437,"stimulus":19,"slider_start":100,"sprites":"jellyBeans","response":139,"absDeviation":4,"callibration":"test","block":7,"seed":19,"numerosity":135,"matchType":"unpaired","which":"second","trial_type":"numerosity-estimation","trial_index":132,"time_elapsed":1092343,"subject_id":"78328"},{"rt":141559,"stimulus":20,"slider_start":100,"sprites":"marbles","response":84,"absDeviation":6,"callibration":"test","block":7,"seed":20,"numerosity":78,"matchType":"unpaired","which":"second","trial_type":"numerosity-estimation","trial_index":133,"time_elapsed":1265004,"subject_id":"78328"},{"rt":2504,"stimulus":22,"slider_start":100,"sprites":"rocks","response":120,"absDeviation":28,"callibration":"test","block":7,"seed":22,"numerosity":92,"matchType":"paired","which":"first","trial_type":"numerosity-estimation","trial_index":134,"time_elapsed":1267508,"subject_id":"78328"},{"rt":3845,"stimulus":22,"slider_start":100,"sprites":"rocks","response":126,"absDeviation":34,"callibration":"test","block":7,"seed":22,"numerosity":92,"matchType":"paired","which":"second","trial_type":"numerosity-estimation","trial_index":135,"time_elapsed":1271354,"subject_id":"78328"},{"rt":3090,"stimulus":23,"slider_start":100,"sprites":"buttons","response":137,"absDeviation":13,"callibration":"test","block":7,"seed":23,"numerosity":150,"matchType":"unpaired","which":"second","trial_type":"numerosity-estimation","trial_index":136,"time_elapsed":1274446,"subject_id":"78328"},{"rt":2789,"stimulus":24,"slider_start":100,"sprites":"animalCrackers","response":121,"absDeviation":14,"callibration":"test","block":7,"seed":24,"numerosity":107,"matchType":"unpaired","which":"second","trial_type":"numerosity-estimation","trial_index":137,"time_elapsed":1277238,"subject_id":"78328"},{"rt":3836,"stimulus":26,"slider_start":100,"sprites":"butterflies","response":106,"absDeviation":14,"callibration":"test","block":7,"seed":26,"numerosity":92,"matchType":"paired","which":"first","trial_type":"numerosity-estimation","trial_index":138,"time_elapsed":1281076,"subject_id":"78328"},{"rt":2483,"stimulus":26,"slider_start":100,"sprites":"butterflies","response":86,"absDeviation":6,"callibration":"test","block":7,"seed":26,"numerosity":92,"matchType":"paired","which":"second","trial_type":"numerosity-estimation","trial_index":139,"time_elapsed":1283560,"subject_id":"78328"},{"rt":2530,"stimulus":27,"slider_start":100,"sprites":"hearts","response":125,"absDeviation":4,"callibration":"test","block":7,"seed":27,"numerosity":121,"matchType":"unpaired","which":"second","trial_type":"numerosity-estimation","trial_index":140,"time_elapsed":1286093,"subject_id":"78328"},{"rt":2660,"stimulus":28,"slider_start":100,"sprites":"crackers","response":140,"absDeviation":10,"callibration":"test","block":7,"seed":28,"numerosity":150,"matchType":"unpaired","which":"second","trial_type":"numerosity-estimation","trial_index":141,"time_elapsed":1288755,"subject_id":"78328"},{"rt":2578,"stimulus":30,"slider_start":100,"sprites":"fruits","response":120,"absDeviation":13,"callibration":"test","block":7,"seed":30,"numerosity":107,"matchType":"paired","which":"first","trial_type":"numerosity-estimation","trial_index":142,"time_elapsed":1291336,"subject_id":"78328"},{"rt":2432,"stimulus":30,"slider_start":100,"sprites":"fruits","response":135,"absDeviation":28,"callibration":"test","block":7,"seed":30,"numerosity":107,"matchType":"paired","which":"second","trial_type":"numerosity-estimation","trial_index":143,"time_elapsed":1293771,"subject_id":"78328"},{"rt":2660,"stimulus":31,"slider_start":100,"sprites":"jellyBeans","response":141,"absDeviation":9,"callibration":"test","block":7,"seed":31,"numerosity":150,"matchType":"unpaired","which":"second","trial_type":"numerosity-estimation","trial_index":144,"time_elapsed":1296434,"subject_id":"78328"},{"rt":2458,"stimulus":32,"slider_start":100,"sprites":"marbles","response":135,"absDeviation":0,"callibration":"test","block":7,"seed":32,"numerosity":135,"matchType":"unpaired","which":"second","trial_type":"numerosity-estimation","trial_index":145,"time_elapsed":1298894,"subject_id":"78328"},{"rt":1208,"stimulus":"<p> For the last block of trials, the average deviation of your guesses from correct answers was 14.</p>\n     <p>The smaller the deviation the better.  Your deviation was <b> AMAZINGLY good</b>.</p><br>\n       <p>Press any key to continue to the next block of trials</p>","response":" ","trial_type":"html-keyboard-response","trial_index":146,"time_elapsed":1300104,"subject_id":"78328"},{"rt":5030,"stimulus":34,"slider_start":100,"sprites":"rocks","response":91,"absDeviation":41,"callibration":"test","block":8,"seed":34,"numerosity":50,"matchType":"paired","which":"first","trial_type":"numerosity-estimation","trial_index":147,"time_elapsed":1305137,"subject_id":"78328"},{"rt":2336,"stimulus":34,"slider_start":100,"sprites":"rocks","response":77,"absDeviation":27,"callibration":"test","block":8,"seed":34,"numerosity":50,"matchType":"paired","which":"second","trial_type":"numerosity-estimation","trial_index":148,"time_elapsed":1307474,"subject_id":"78328"},{"rt":2432,"stimulus":35,"slider_start":100,"sprites":"buttons","response":85,"absDeviation":7,"callibration":"test","block":8,"seed":35,"numerosity":78,"matchType":"unpaired","which":"second","trial_type":"numerosity-estimation","trial_index":149,"time_elapsed":1309910,"subject_id":"78328"},{"rt":2400,"stimulus":36,"slider_start":100,"sprites":"animalCrackers","response":62,"absDeviation":12,"callibration":"test","block":8,"seed":36,"numerosity":50,"matchType":"unpaired","which":"second","trial_type":"numerosity-estimation","trial_index":150,"time_elapsed":1312312,"subject_id":"78328"},{"rt":2701,"stimulus":38,"slider_start":100,"sprites":"butterflies","response":70,"absDeviation":8,"callibration":"test","block":8,"seed":38,"numerosity":78,"matchType":"paired","which":"first","trial_type":"numerosity-estimation","trial_index":151,"time_elapsed":1315016,"subject_id":"78328"},{"rt":25706,"stimulus":38,"slider_start":100,"sprites":"butterflies","response":88,"absDeviation":10,"callibration":"test","block":8,"seed":38,"numerosity":78,"matchType":"paired","which":"second","trial_type":"numerosity-estimation","trial_index":152,"time_elapsed":1340725,"subject_id":"78328"},{"rt":2733,"stimulus":39,"slider_start":100,"sprites":"hearts","response":112,"absDeviation":34,"callibration":"test","block":8,"seed":39,"numerosity":78,"matchType":"unpaired","which":"second","trial_type":"numerosity-estimation","trial_index":153,"time_elapsed":1343461,"subject_id":"78328"},{"rt":2831,"stimulus":40,"slider_start":100,"sprites":"crackers","response":140,"absDeviation":19,"callibration":"test","block":8,"seed":40,"numerosity":121,"matchType":"unpaired","which":"second","trial_type":"numerosity-estimation","trial_index":154,"time_elapsed":1346295,"subject_id":"78328"},{"rt":8291,"stimulus":42,"slider_start":100,"sprites":"fruits","response":95,"absDeviation":17,"callibration":"test","block":8,"seed":42,"numerosity":78,"matchType":"paired","which":"first","trial_type":"numerosity-estimation","trial_index":155,"time_elapsed":1354589,"subject_id":"78328"},{"rt":3219,"stimulus":42,"slider_start":100,"sprites":"fruits","response":91,"absDeviation":13,"callibration":"test","block":8,"seed":42,"numerosity":78,"matchType":"paired","which":"second","trial_type":"numerosity-estimation","trial_index":156,"time_elapsed":1357811,"subject_id":"78328"},{"rt":3203,"stimulus":43,"slider_start":100,"sprites":"jellyBeans","response":77,"absDeviation":13,"callibration":"test","block":8,"seed":43,"numerosity":64,"matchType":"unpaired","which":"second","trial_type":"numerosity-estimation","trial_index":157,"time_elapsed":1361017,"subject_id":"78328"},{"rt":3757,"stimulus":44,"slider_start":100,"sprites":"marbles","response":113,"absDeviation":8,"callibration":"test","block":8,"seed":44,"numerosity":121,"matchType":"unpaired","which":"second","trial_type":"numerosity-estimation","trial_index":158,"time_elapsed":1364776,"subject_id":"78328"},{"rt":2716,"stimulus":46,"slider_start":100,"sprites":"rocks","response":123,"absDeviation":16,"callibration":"test","block":8,"seed":46,"numerosity":107,"matchType":"paired","which":"first","trial_type":"numerosity-estimation","trial_index":159,"time_elapsed":1367496,"subject_id":"78328"},{"rt":15782,"stimulus":46,"slider_start":100,"sprites":"rocks","response":107,"absDeviation":0,"callibration":"test","block":8,"seed":46,"numerosity":107,"matchType":"paired","which":"second","trial_type":"numerosity-estimation","trial_index":160,"time_elapsed":1383281,"subject_id":"78328"},{"rt":6166,"stimulus":47,"slider_start":100,"sprites":"buttons","response":119,"absDeviation":2,"callibration":"test","block":8,"seed":47,"numerosity":121,"matchType":"unpaired","which":"second","trial_type":"numerosity-estimation","trial_index":161,"time_elapsed":1389450,"subject_id":"78328"},{"rt":2846,"stimulus":48,"slider_start":100,"sprites":"animalCrackers","response":145,"absDeviation":10,"callibration":"test","block":8,"seed":48,"numerosity":135,"matchType":"unpaired","which":"second","trial_type":"numerosity-estimation","trial_index":162,"time_elapsed":1392299,"subject_id":"78328"},{"rt":1094,"stimulus":"<p> For the last block of trials, the average deviation of your guesses from correct answers was 15.</p>\n     <p>The smaller the deviation the better.  Your deviation was <b> VERY good</b>.</p><br>\n       <p>Press any key to continue to the next block of trials</p>","response":" ","trial_type":"html-keyboard-response","trial_index":163,"time_elapsed":1393395,"subject_id":"78328"},{"rt":3001,"stimulus":50,"slider_start":100,"sprites":"butterflies","response":120,"absDeviation":30,"callibration":"test","block":9,"seed":50,"numerosity":150,"matchType":"paired","which":"first","trial_type":"numerosity-estimation","trial_index":164,"time_elapsed":1396399,"subject_id":"78328"},{"rt":2407,"stimulus":50,"slider_start":100,"sprites":"butterflies","response":126,"absDeviation":24,"callibration":"test","block":9,"seed":50,"numerosity":150,"matchType":"paired","which":"second","trial_type":"numerosity-estimation","trial_index":165,"time_elapsed":1398808,"subject_id":"78328"},{"rt":2368,"stimulus":51,"slider_start":100,"sprites":"hearts","response":150,"absDeviation":0,"callibration":"test","block":9,"seed":51,"numerosity":150,"matchType":"unpaired","which":"second","trial_type":"numerosity-estimation","trial_index":166,"time_elapsed":1401179,"subject_id":"78328"},{"rt":2351,"stimulus":52,"slider_start":100,"sprites":"crackers","response":113,"absDeviation":35,"callibration":"test","block":9,"seed":52,"numerosity":78,"matchType":"unpaired","which":"second","trial_type":"numerosity-estimation","trial_index":167,"time_elapsed":1403533,"subject_id":"78328"},{"rt":4762,"stimulus":54,"slider_start":100,"sprites":"fruits","response":113,"absDeviation":21,"callibration":"test","block":9,"seed":54,"numerosity":92,"matchType":"paired","which":"first","trial_type":"numerosity-estimation","trial_index":168,"time_elapsed":1408298,"subject_id":"78328"},{"rt":14738,"stimulus":54,"slider_start":100,"sprites":"fruits","response":106,"absDeviation":14,"callibration":"test","block":9,"seed":54,"numerosity":92,"matchType":"paired","which":"second","trial_type":"numerosity-estimation","trial_index":169,"time_elapsed":1423038,"subject_id":"78328"},{"rt":2400,"stimulus":55,"slider_start":100,"sprites":"jellyBeans","response":138,"absDeviation":17,"callibration":"test","block":9,"seed":55,"numerosity":121,"matchType":"unpaired","which":"second","trial_type":"numerosity-estimation","trial_index":170,"time_elapsed":1425441,"subject_id":"78328"},{"rt":2424,"stimulus":56,"slider_start":100,"sprites":"marbles","response":81,"absDeviation":17,"callibration":"test","block":9,"seed":56,"numerosity":64,"matchType":"unpaired","which":"second","trial_type":"numerosity-estimation","trial_index":171,"time_elapsed":1427868,"subject_id":"78328"},{"rt":3699,"stimulus":58,"slider_start":100,"sprites":"rocks","response":152,"absDeviation":31,"callibration":"test","block":9,"seed":58,"numerosity":121,"matchType":"paired","which":"first","trial_type":"numerosity-estimation","trial_index":172,"time_elapsed":1431570,"subject_id":"78328"},{"rt":2400,"stimulus":58,"slider_start":100,"sprites":"rocks","response":160,"absDeviation":39,"callibration":"test","block":9,"seed":58,"numerosity":121,"matchType":"paired","which":"second","trial_type":"numerosity-estimation","trial_index":173,"time_elapsed":1433972,"subject_id":"78328"},{"rt":4770,"stimulus":59,"slider_start":100,"sprites":"buttons","response":155,"absDeviation":20,"callibration":"test","block":9,"seed":59,"numerosity":135,"matchType":"unpaired","which":"second","trial_type":"numerosity-estimation","trial_index":174,"time_elapsed":1438745,"subject_id":"78328"},{"rt":2606,"stimulus":60,"slider_start":100,"sprites":"animalCrackers","response":169,"absDeviation":19,"callibration":"test","block":9,"seed":60,"numerosity":150,"matchType":"unpaired","which":"second","trial_type":"numerosity-estimation","trial_index":175,"time_elapsed":1441352,"subject_id":"78328"},{"rt":2911,"stimulus":62,"slider_start":100,"sprites":"butterflies","response":144,"absDeviation":9,"callibration":"test","block":9,"seed":62,"numerosity":135,"matchType":"paired","which":"first","trial_type":"numerosity-estimation","trial_index":176,"time_elapsed":1444266,"subject_id":"78328"},{"rt":2789,"stimulus":62,"slider_start":100,"sprites":"butterflies","response":139,"absDeviation":4,"callibration":"test","block":9,"seed":62,"numerosity":135,"matchType":"paired","which":"second","trial_type":"numerosity-estimation","trial_index":177,"time_elapsed":1447059,"subject_id":"78328"},{"rt":2700,"stimulus":63,"slider_start":100,"sprites":"hearts","response":124,"absDeviation":60,"callibration":"test","block":9,"seed":63,"numerosity":64,"matchType":"unpaired","which":"second","trial_type":"numerosity-estimation","trial_index":178,"time_elapsed":1449762,"subject_id":"78328"},{"rt":2368,"stimulus":64,"slider_start":100,"sprites":"crackers","response":135,"absDeviation":0,"callibration":"test","block":9,"seed":64,"numerosity":135,"matchType":"unpaired","which":"second","trial_type":"numerosity-estimation","trial_index":179,"time_elapsed":1452132,"subject_id":"78328"},{"rt":969,"stimulus":"<p> For the last block of trials, the average deviation of your guesses from correct answers was 21.</p>\n     <p>The smaller the deviation the better.  Your deviation was <b> VERY good</b>.</p><br>\n       <p>Press any key to continue to the next block of trials</p>","response":" ","trial_type":"html-keyboard-response","trial_index":180,"time_elapsed":1453103,"subject_id":"78328"},{"rt":4124,"stimulus":66,"slider_start":100,"sprites":"fruits","response":49,"absDeviation":15,"callibration":"test","block":10,"seed":66,"numerosity":64,"matchType":"paired","which":"first","trial_type":"numerosity-estimation","trial_index":181,"time_elapsed":1457230,"subject_id":"78328"},{"rt":3106,"stimulus":66,"slider_start":100,"sprites":"fruits","response":62,"absDeviation":2,"callibration":"test","block":10,"seed":66,"numerosity":64,"matchType":"paired","which":"second","trial_type":"numerosity-estimation","trial_index":182,"time_elapsed":1460339,"subject_id":"78328"},{"rt":2636,"stimulus":67,"slider_start":100,"sprites":"jellyBeans","response":75,"absDeviation":32,"callibration":"test","block":10,"seed":67,"numerosity":107,"matchType":"unpaired","which":"second","trial_type":"numerosity-estimation","trial_index":183,"time_elapsed":1462977,"subject_id":"78328"},{"rt":3114,"stimulus":68,"slider_start":100,"sprites":"marbles","response":86,"absDeviation":64,"callibration":"test","block":10,"seed":68,"numerosity":150,"matchType":"unpaired","which":"second","trial_type":"numerosity-estimation","trial_index":184,"time_elapsed":1466095,"subject_id":"78328"},{"rt":2619,"stimulus":70,"slider_start":100,"sprites":"rocks","response":95,"absDeviation":3,"callibration":"test","block":10,"seed":70,"numerosity":92,"matchType":"paired","which":"first","trial_type":"numerosity-estimation","trial_index":185,"time_elapsed":1468716,"subject_id":"78328"},{"rt":2286,"stimulus":70,"slider_start":100,"sprites":"rocks","response":106,"absDeviation":14,"callibration":"test","block":10,"seed":70,"numerosity":92,"matchType":"paired","which":"second","trial_type":"numerosity-estimation","trial_index":186,"time_elapsed":1471006,"subject_id":"78328"},{"rt":2400,"stimulus":71,"slider_start":100,"sprites":"buttons","response":117,"absDeviation":10,"callibration":"test","block":10,"seed":71,"numerosity":107,"matchType":"unpaired","which":"second","trial_type":"numerosity-estimation","trial_index":187,"time_elapsed":1473408,"subject_id":"78328"},{"rt":2392,"stimulus":72,"slider_start":100,"sprites":"animalCrackers","response":57,"absDeviation":7,"callibration":"test","block":10,"seed":72,"numerosity":50,"matchType":"unpaired","which":"second","trial_type":"numerosity-estimation","trial_index":188,"time_elapsed":1475803,"subject_id":"78328"},{"rt":3934,"stimulus":74,"slider_start":100,"sprites":"butterflies","response":45,"absDeviation":19,"callibration":"test","block":10,"seed":74,"numerosity":64,"matchType":"paired","which":"first","trial_type":"numerosity-estimation","trial_index":189,"time_elapsed":1479740,"subject_id":"78328"},{"rt":2667,"stimulus":74,"slider_start":100,"sprites":"butterflies","response":63,"absDeviation":1,"callibration":"test","block":10,"seed":74,"numerosity":64,"matchType":"paired","which":"second","trial_type":"numerosity-estimation","trial_index":190,"time_elapsed":1482411,"subject_id":"78328"},{"rt":2773,"stimulus":75,"slider_start":100,"sprites":"hearts","response":93,"absDeviation":1,"callibration":"test","block":10,"seed":75,"numerosity":92,"matchType":"unpaired","which":"second","trial_type":"numerosity-estimation","trial_index":191,"time_elapsed":1485187,"subject_id":"78328"},{"rt":4723,"stimulus":76,"slider_start":100,"sprites":"crackers","response":51,"absDeviation":13,"callibration":"test","block":10,"seed":76,"numerosity":64,"matchType":"unpaired","which":"second","trial_type":"numerosity-estimation","trial_index":192,"time_elapsed":1489912,"subject_id":"78328"},{"rt":2182,"stimulus":78,"slider_start":100,"sprites":"fruits","response":60,"absDeviation":4,"callibration":"test","block":10,"seed":78,"numerosity":64,"matchType":"paired","which":"first","trial_type":"numerosity-estimation","trial_index":193,"time_elapsed":1492096,"subject_id":"78328"},{"rt":2571,"stimulus":78,"slider_start":100,"sprites":"fruits","response":41,"absDeviation":23,"callibration":"test","block":10,"seed":78,"numerosity":64,"matchType":"paired","which":"second","trial_type":"numerosity-estimation","trial_index":194,"time_elapsed":1494670,"subject_id":"78328"},{"rt":2733,"stimulus":79,"slider_start":100,"sprites":"jellyBeans","response":40,"absDeviation":10,"callibration":"test","block":10,"seed":79,"numerosity":50,"matchType":"unpaired","which":"second","trial_type":"numerosity-estimation","trial_index":195,"time_elapsed":1497405,"subject_id":"78328"},{"rt":2124,"stimulus":80,"slider_start":100,"sprites":"marbles","response":63,"absDeviation":58,"callibration":"test","block":10,"seed":80,"numerosity":121,"matchType":"unpaired","which":"second","trial_type":"numerosity-estimation","trial_index":196,"time_elapsed":1499533,"subject_id":"78328"},{"rt":1018,"stimulus":"<p> For the last block of trials, the average deviation of your guesses from correct answers was 17.</p>\n     <p>The smaller the deviation the better.  Your deviation was <b> VERY good</b>.</p><br>\n       <p>Press any key to continue to the next block of trials</p>","response":" ","trial_type":"html-keyboard-response","trial_index":197,"time_elapsed":1500552,"subject_id":"78328"},{"rt":4887,"stimulus":82,"slider_start":100,"sprites":"rocks","response":63,"absDeviation":1,"callibration":"test","block":11,"seed":82,"numerosity":64,"matchType":"paired","which":"first","trial_type":"numerosity-estimation","trial_index":198,"time_elapsed":1505442,"subject_id":"78328"},{"rt":4560,"stimulus":82,"slider_start":100,"sprites":"rocks","response":59,"absDeviation":5,"callibration":"test","block":11,"seed":82,"numerosity":64,"matchType":"paired","which":"second","trial_type":"numerosity-estimation","trial_index":199,"time_elapsed":1510004,"subject_id":"78328"},{"rt":2432,"stimulus":83,"slider_start":100,"sprites":"buttons","response":122,"absDeviation":1,"callibration":"test","block":11,"seed":83,"numerosity":121,"matchType":"unpaired","which":"second","trial_type":"numerosity-estimation","trial_index":200,"time_elapsed":1512438,"subject_id":"78328"},{"rt":2197,"stimulus":84,"slider_start":100,"sprites":"animalCrackers","response":86,"absDeviation":36,"callibration":"test","block":11,"seed":84,"numerosity":50,"matchType":"unpaired","which":"second","trial_type":"numerosity-estimation","trial_index":201,"time_elapsed":1514638,"subject_id":"78328"},{"rt":2562,"stimulus":86,"slider_start":100,"sprites":"butterflies","response":75,"absDeviation":46,"callibration":"test","block":11,"seed":86,"numerosity":121,"matchType":"paired","which":"first","trial_type":"numerosity-estimation","trial_index":202,"time_elapsed":1517204,"subject_id":"78328"},{"rt":2335,"stimulus":86,"slider_start":100,"sprites":"butterflies","response":83,"absDeviation":38,"callibration":"test","block":11,"seed":86,"numerosity":121,"matchType":"paired","which":"second","trial_type":"numerosity-estimation","trial_index":203,"time_elapsed":1519542,"subject_id":"78328"},{"rt":2221,"stimulus":87,"slider_start":100,"sprites":"hearts","response":51,"absDeviation":1,"callibration":"test","block":11,"seed":87,"numerosity":50,"matchType":"unpaired","which":"second","trial_type":"numerosity-estimation","trial_index":204,"time_elapsed":1521766,"subject_id":"78328"},{"rt":4624,"stimulus":88,"slider_start":100,"sprites":"crackers","response":159,"absDeviation":24,"callibration":"test","block":11,"seed":88,"numerosity":135,"matchType":"unpaired","which":"second","trial_type":"numerosity-estimation","trial_index":205,"time_elapsed":1526393,"subject_id":"78328"},{"rt":2522,"stimulus":90,"slider_start":100,"sprites":"fruits","response":150,"absDeviation":0,"callibration":"test","block":11,"seed":90,"numerosity":150,"matchType":"paired","which":"first","trial_type":"numerosity-estimation","trial_index":206,"time_elapsed":1528917,"subject_id":"78328"},{"rt":2541,"stimulus":90,"slider_start":100,"sprites":"fruits","response":155,"absDeviation":5,"callibration":"test","block":11,"seed":90,"numerosity":150,"matchType":"paired","which":"second","trial_type":"numerosity-estimation","trial_index":207,"time_elapsed":1531459,"subject_id":"78328"},{"rt":2724,"stimulus":91,"slider_start":100,"sprites":"jellyBeans","response":112,"absDeviation":20,"callibration":"test","block":11,"seed":91,"numerosity":92,"matchType":"unpaired","which":"second","trial_type":"numerosity-estimation","trial_index":208,"time_elapsed":1534187,"subject_id":"78328"},{"rt":3666,"stimulus":92,"slider_start":100,"sprites":"marbles","response":84,"absDeviation":37,"callibration":"test","block":11,"seed":92,"numerosity":121,"matchType":"unpaired","which":"second","trial_type":"numerosity-estimation","trial_index":209,"time_elapsed":1537857,"subject_id":"78328"},{"rt":3236,"stimulus":94,"slider_start":100,"sprites":"rocks","response":92,"absDeviation":14,"callibration":"test","block":11,"seed":94,"numerosity":78,"matchType":"paired","which":"first","trial_type":"numerosity-estimation","trial_index":210,"time_elapsed":1541096,"subject_id":"78328"},{"rt":2391,"stimulus":94,"slider_start":100,"sprites":"rocks","response":97,"absDeviation":19,"callibration":"test","block":11,"seed":94,"numerosity":78,"matchType":"paired","which":"second","trial_type":"numerosity-estimation","trial_index":211,"time_elapsed":1543490,"subject_id":"78328"},{"rt":2222,"stimulus":95,"slider_start":100,"sprites":"buttons","response":82,"absDeviation":18,"callibration":"test","block":11,"seed":95,"numerosity":64,"matchType":"unpaired","which":"second","trial_type":"numerosity-estimation","trial_index":212,"time_elapsed":1545714,"subject_id":"78328"},{"rt":2270,"stimulus":96,"slider_start":100,"sprites":"animalCrackers","response":145,"absDeviation":53,"callibration":"test","block":11,"seed":96,"numerosity":92,"matchType":"unpaired","which":"second","trial_type":"numerosity-estimation","trial_index":213,"time_elapsed":1547987,"subject_id":"78328"},{"rt":1026,"stimulus":"<p> For the last block of trials, the average deviation of your guesses from correct answers was 20.</p>\n     <p>The smaller the deviation the better.  Your deviation was <b> VERY good</b>.</p><br>\n       <p>Press any key to continue to the next block of trials</p>","response":" ","trial_type":"html-keyboard-response","trial_index":214,"time_elapsed":1549015,"subject_id":"78328"},{"rt":16613,"response":{"averageEstimates":"When the two displays were separated in time.","firstOrSecond":"The first time the objects were shown"},"question_order":[0,1],"trial_type":"survey-multi-choice","trial_index":215,"time_elapsed":1565633,"subject_id":"78328"}]