[{"rt":45211,"url":"consent.html","trial_type":"external-html","trial_index":0,"time_elapsed":45244,"subject_id":"76195"},{"view_history":[{"page_index":0,"viewing_time":19091}],"rt":19092,"trial_type":"instructions","trial_index":1,"time_elapsed":64341,"subject_id":"76195"},{"rt":27519,"stimulus":0,"slider_start":100,"sprites":"animalCrackers","response":53,"absDeviation":3,"callibration":"callibration","block":-1,"seed":0,"numerosity":50,"matchType":"callibration","which":"first","trial_type":"numerosity-estimation","trial_index":2,"time_elapsed":91871,"subject_id":"76195"},{"rt":10704,"stimulus":1,"slider_start":100,"sprites":"letters","response":60,"absDeviation":4,"callibration":"callibration","block":-1,"seed":1,"numerosity":64,"matchType":"callibration","which":"first","trial_type":"numerosity-estimation","trial_index":3,"time_elapsed":102582,"subject_id":"76195"},{"rt":9115,"stimulus":2,"slider_start":100,"sprites":"butterflies","response":77,"absDeviation":1,"callibration":"callibration","block":-1,"seed":2,"numerosity":78,"matchType":"callibration","which":"first","trial_type":"numerosity-estimation","trial_index":4,"time_elapsed":111704,"subject_id":"76195"},{"rt":4146,"stimulus":3,"slider_start":100,"sprites":"hearts","response":100,"absDeviation":8,"callibration":"callibration","block":-1,"seed":3,"numerosity":92,"matchType":"callibration","which":"first","trial_type":"numerosity-estimation","trial_index":5,"time_elapsed":115857,"subject_id":"76195"},{"rt":3906,"stimulus":4,"slider_start":100,"sprites":"crackers","response":100,"absDeviation":7,"callibration":"callibration","block":-1,"seed":4,"numerosity":107,"matchType":"callibration","which":"first","trial_type":"numerosity-estimation","trial_index":6,"time_elapsed":119770,"subject_id":"76195"},{"rt":3357,"stimulus":5,"slider_start":100,"sprites":"bears","response":100,"absDeviation":21,"callibration":"callibration","block":-1,"seed":5,"numerosity":121,"matchType":"callibration","which":"first","trial_type":"numerosity-estimation","trial_index":7,"time_elapsed":123133,"subject_id":"76195"},{"rt":2350,"stimulus":6,"slider_start":100,"sprites":"fruits","response":100,"absDeviation":35,"callibration":"callibration","block":-1,"seed":6,"numerosity":135,"matchType":"callibration","which":"first","trial_type":"numerosity-estimation","trial_index":8,"time_elapsed":125489,"subject_id":"76195"},{"rt":2423,"stimulus":7,"slider_start":100,"sprites":"jellyBeans","response":100,"absDeviation":50,"callibration":"callibration","block":-1,"seed":7,"numerosity":150,"matchType":"callibration","which":"first","trial_type":"numerosity-estimation","trial_index":9,"time_elapsed":127920,"subject_id":"76195"},{"view_history":[{"page_index":0,"viewing_time":13967}],"rt":13967,"trial_type":"instructions","trial_index":10,"time_elapsed":141889,"subject_id":"76195"},{"rt":9970,"stimulus":1,"slider_start":100,"sprites":"letters","response":96,"absDeviation":4,"callibration":"test","block":0,"seed":1,"numerosity":92,"matchType":"paired","which":"first","trial_type":"numerosity-estimation","trial_index":11,"time_elapsed":151866,"subject_id":"76195"},{"rt":11878,"stimulus":1,"slider_start":100,"sprites":"letters","response":84,"absDeviation":8,"callibration":"test","block":0,"seed":1,"numerosity":92,"matchType":"paired","which":"second","trial_type":"numerosity-estimation","trial_index":12,"time_elapsed":163751,"subject_id":"76195"},{"rt":10886,"stimulus":3,"slider_start":100,"sprites":"hearts","response":62,"absDeviation":12,"callibration":"test","block":0,"seed":3,"numerosity":50,"matchType":"unpaired","which":"first","trial_type":"numerosity-estimation","trial_index":13,"time_elapsed":174644,"subject_id":"76195"},{"rt":7238,"stimulus":4,"slider_start":100,"sprites":"crackers","response":105,"absDeviation":2,"callibration":"test","block":0,"seed":4,"numerosity":107,"matchType":"unpaired","which":"first","trial_type":"numerosity-estimation","trial_index":14,"time_elapsed":181889,"subject_id":"76195"},{"rt":11355,"stimulus":5,"slider_start":100,"sprites":"bears","response":47,"absDeviation":3,"callibration":"test","block":0,"seed":5,"numerosity":50,"matchType":"paired","which":"first","trial_type":"numerosity-estimation","trial_index":15,"time_elapsed":193251,"subject_id":"76195"},{"rt":10263,"stimulus":5,"slider_start":100,"sprites":"bears","response":42,"absDeviation":8,"callibration":"test","block":0,"seed":5,"numerosity":50,"matchType":"paired","which":"second","trial_type":"numerosity-estimation","trial_index":16,"time_elapsed":203521,"subject_id":"76195"},{"rt":13002,"stimulus":7,"slider_start":100,"sprites":"jellyBeans","response":39,"absDeviation":11,"callibration":"test","block":0,"seed":7,"numerosity":50,"matchType":"unpaired","which":"first","trial_type":"numerosity-estimation","trial_index":17,"time_elapsed":216530,"subject_id":"76195"},{"rt":11405,"stimulus":8,"slider_start":100,"sprites":"marbles","response":64,"absDeviation":28,"callibration":"test","block":0,"seed":8,"numerosity":92,"matchType":"unpaired","which":"first","trial_type":"numerosity-estimation","trial_index":18,"time_elapsed":227942,"subject_id":"76195"},{"rt":12411,"stimulus":9,"slider_start":100,"sprites":"mints","response":92,"absDeviation":43,"callibration":"test","block":0,"seed":9,"numerosity":135,"matchType":"paired","which":"first","trial_type":"numerosity-estimation","trial_index":19,"time_elapsed":240360,"subject_id":"76195"},{"rt":19646,"stimulus":9,"slider_start":100,"sprites":"mints","response":104,"absDeviation":31,"callibration":"test","block":0,"seed":9,"numerosity":135,"matchType":"paired","which":"second","trial_type":"numerosity-estimation","trial_index":20,"time_elapsed":260013,"subject_id":"76195"},{"rt":11024,"stimulus":11,"slider_start":100,"sprites":"buttons","response":102,"absDeviation":5,"callibration":"test","block":0,"seed":11,"numerosity":107,"matchType":"unpaired","which":"first","trial_type":"numerosity-estimation","trial_index":21,"time_elapsed":271046,"subject_id":"76195"},{"rt":11224,"stimulus":12,"slider_start":100,"sprites":"animalCrackers","response":84,"absDeviation":8,"callibration":"test","block":0,"seed":12,"numerosity":92,"matchType":"unpaired","which":"first","trial_type":"numerosity-estimation","trial_index":22,"time_elapsed":282277,"subject_id":"76195"},{"rt":13698,"stimulus":13,"slider_start":100,"sprites":"letters","response":82,"absDeviation":25,"callibration":"test","block":0,"seed":13,"numerosity":107,"matchType":"paired","which":"first","trial_type":"numerosity-estimation","trial_index":23,"time_elapsed":295982,"subject_id":"76195"},{"rt":7146,"stimulus":13,"slider_start":100,"sprites":"letters","response":94,"absDeviation":13,"callibration":"test","block":0,"seed":13,"numerosity":107,"matchType":"paired","which":"second","trial_type":"numerosity-estimation","trial_index":24,"time_elapsed":303135,"subject_id":"76195"},{"rt":7524,"stimulus":15,"slider_start":100,"sprites":"hearts","response":112,"absDeviation":9,"callibration":"test","block":0,"seed":15,"numerosity":121,"matchType":"unpaired","which":"first","trial_type":"numerosity-estimation","trial_index":25,"time_elapsed":310666,"subject_id":"76195"},{"rt":11109,"stimulus":16,"slider_start":100,"sprites":"crackers","response":66,"absDeviation":2,"callibration":"test","block":0,"seed":16,"numerosity":64,"matchType":"unpaired","which":"first","trial_type":"numerosity-estimation","trial_index":26,"time_elapsed":321782,"subject_id":"76195"},{"rt":7496,"stimulus":"<p> For the last block of trials, the average deviation of your guesses from correct answers was 13.</p>\n     <p>The smaller the deviation the better.  Your deviation was <b> AMAZINGLY good</b>.</p><br>\n       <p>Press any key to continue to the next block of trials</p>","response":"enter","trial_type":"html-keyboard-response","trial_index":27,"time_elapsed":329282,"subject_id":"76195"},{"rt":8866,"stimulus":17,"slider_start":100,"sprites":"bears","response":62,"absDeviation":30,"callibration":"test","block":1,"seed":17,"numerosity":92,"matchType":"paired","which":"first","trial_type":"numerosity-estimation","trial_index":28,"time_elapsed":338156,"subject_id":"76195"},{"rt":8663,"stimulus":17,"slider_start":100,"sprites":"bears","response":77,"absDeviation":15,"callibration":"test","block":1,"seed":17,"numerosity":92,"matchType":"paired","which":"second","trial_type":"numerosity-estimation","trial_index":29,"time_elapsed":346825,"subject_id":"76195"},{"rt":7941,"stimulus":19,"slider_start":100,"sprites":"jellyBeans","response":124,"absDeviation":11,"callibration":"test","block":1,"seed":19,"numerosity":135,"matchType":"unpaired","which":"first","trial_type":"numerosity-estimation","trial_index":30,"time_elapsed":354774,"subject_id":"76195"},{"rt":9770,"stimulus":20,"slider_start":100,"sprites":"marbles","response":56,"absDeviation":22,"callibration":"test","block":1,"seed":20,"numerosity":78,"matchType":"unpaired","which":"first","trial_type":"numerosity-estimation","trial_index":31,"time_elapsed":364551,"subject_id":"76195"},{"rt":12269,"stimulus":21,"slider_start":100,"sprites":"mints","response":84,"absDeviation":8,"callibration":"test","block":1,"seed":21,"numerosity":92,"matchType":"paired","which":"first","trial_type":"numerosity-estimation","trial_index":32,"time_elapsed":376828,"subject_id":"76195"},{"rt":13465,"stimulus":21,"slider_start":100,"sprites":"mints","response":76,"absDeviation":16,"callibration":"test","block":1,"seed":21,"numerosity":92,"matchType":"paired","which":"second","trial_type":"numerosity-estimation","trial_index":33,"time_elapsed":390300,"subject_id":"76195"},{"rt":13492,"stimulus":23,"slider_start":100,"sprites":"buttons","response":137,"absDeviation":13,"callibration":"test","block":1,"seed":23,"numerosity":150,"matchType":"unpaired","which":"first","trial_type":"numerosity-estimation","trial_index":34,"time_elapsed":403799,"subject_id":"76195"},{"rt":12319,"stimulus":24,"slider_start":100,"sprites":"animalCrackers","response":110,"absDeviation":3,"callibration":"test","block":1,"seed":24,"numerosity":107,"matchType":"unpaired","which":"first","trial_type":"numerosity-estimation","trial_index":35,"time_elapsed":416127,"subject_id":"76195"},{"rt":22594,"stimulus":25,"slider_start":100,"sprites":"letters","response":112,"absDeviation":5,"callibration":"test","block":1,"seed":25,"numerosity":107,"matchType":"paired","which":"first","trial_type":"numerosity-estimation","trial_index":36,"time_elapsed":438729,"subject_id":"76195"},{"rt":7467,"stimulus":25,"slider_start":100,"sprites":"letters","response":98,"absDeviation":9,"callibration":"test","block":1,"seed":25,"numerosity":107,"matchType":"paired","which":"second","trial_type":"numerosity-estimation","trial_index":37,"time_elapsed":446203,"subject_id":"76195"},{"rt":11693,"stimulus":27,"slider_start":100,"sprites":"hearts","response":120,"absDeviation":1,"callibration":"test","block":1,"seed":27,"numerosity":121,"matchType":"unpaired","which":"first","trial_type":"numerosity-estimation","trial_index":38,"time_elapsed":457901,"subject_id":"76195"},{"rt":13756,"stimulus":28,"slider_start":100,"sprites":"crackers","response":144,"absDeviation":6,"callibration":"test","block":1,"seed":28,"numerosity":150,"matchType":"unpaired","which":"first","trial_type":"numerosity-estimation","trial_index":39,"time_elapsed":471665,"subject_id":"76195"},{"rt":7514,"stimulus":29,"slider_start":100,"sprites":"bears","response":62,"absDeviation":2,"callibration":"test","block":1,"seed":29,"numerosity":64,"matchType":"paired","which":"first","trial_type":"numerosity-estimation","trial_index":40,"time_elapsed":479188,"subject_id":"76195"},{"rt":8480,"stimulus":29,"slider_start":100,"sprites":"bears","response":70,"absDeviation":6,"callibration":"test","block":1,"seed":29,"numerosity":64,"matchType":"paired","which":"second","trial_type":"numerosity-estimation","trial_index":41,"time_elapsed":487675,"subject_id":"76195"},{"rt":13049,"stimulus":31,"slider_start":100,"sprites":"jellyBeans","response":115,"absDeviation":35,"callibration":"test","block":1,"seed":31,"numerosity":150,"matchType":"unpaired","which":"first","trial_type":"numerosity-estimation","trial_index":42,"time_elapsed":500731,"subject_id":"76195"},{"rt":14585,"stimulus":32,"slider_start":100,"sprites":"marbles","response":85,"absDeviation":50,"callibration":"test","block":1,"seed":32,"numerosity":135,"matchType":"unpaired","which":"first","trial_type":"numerosity-estimation","trial_index":43,"time_elapsed":515325,"subject_id":"76195"},{"rt":7251,"stimulus":"<p> For the last block of trials, the average deviation of your guesses from correct answers was 15.</p>\n     <p>The smaller the deviation the better.  Your deviation was <b> VERY good</b>.</p><br>\n       <p>Press any key to continue to the next block of trials</p>","response":"enter","trial_type":"html-keyboard-response","trial_index":44,"time_elapsed":522578,"subject_id":"76195"},{"rt":10974,"stimulus":33,"slider_start":100,"sprites":"mints","response":120,"absDeviation":1,"callibration":"test","block":2,"seed":33,"numerosity":121,"matchType":"paired","which":"first","trial_type":"numerosity-estimation","trial_index":45,"time_elapsed":533558,"subject_id":"76195"},{"rt":15154,"stimulus":33,"slider_start":100,"sprites":"mints","response":105,"absDeviation":16,"callibration":"test","block":2,"seed":33,"numerosity":121,"matchType":"paired","which":"second","trial_type":"numerosity-estimation","trial_index":46,"time_elapsed":548720,"subject_id":"76195"},{"rt":11083,"stimulus":35,"slider_start":100,"sprites":"buttons","response":72,"absDeviation":6,"callibration":"test","block":2,"seed":35,"numerosity":78,"matchType":"unpaired","which":"first","trial_type":"numerosity-estimation","trial_index":47,"time_elapsed":559812,"subject_id":"76195"},{"rt":11653,"stimulus":36,"slider_start":100,"sprites":"animalCrackers","response":48,"absDeviation":2,"callibration":"test","block":2,"seed":36,"numerosity":50,"matchType":"unpaired","which":"first","trial_type":"numerosity-estimation","trial_index":48,"time_elapsed":571472,"subject_id":"76195"},{"rt":15951,"stimulus":37,"slider_start":100,"sprites":"letters","response":96,"absDeviation":39,"callibration":"test","block":2,"seed":37,"numerosity":135,"matchType":"paired","which":"first","trial_type":"numerosity-estimation","trial_index":49,"time_elapsed":587433,"subject_id":"76195"},{"rt":15583,"stimulus":37,"slider_start":100,"sprites":"letters","response":86,"absDeviation":49,"callibration":"test","block":2,"seed":37,"numerosity":135,"matchType":"paired","which":"second","trial_type":"numerosity-estimation","trial_index":50,"time_elapsed":603024,"subject_id":"76195"},{"rt":27241,"stimulus":39,"slider_start":100,"sprites":"hearts","response":72,"absDeviation":6,"callibration":"test","block":2,"seed":39,"numerosity":78,"matchType":"unpaired","which":"first","trial_type":"numerosity-estimation","trial_index":51,"time_elapsed":630273,"subject_id":"76195"},{"rt":11666,"stimulus":40,"slider_start":100,"sprites":"crackers","response":120,"absDeviation":1,"callibration":"test","block":2,"seed":40,"numerosity":121,"matchType":"unpaired","which":"first","trial_type":"numerosity-estimation","trial_index":52,"time_elapsed":641942,"subject_id":"76195"},{"rt":13020,"stimulus":41,"slider_start":100,"sprites":"bears","response":36,"absDeviation":14,"callibration":"test","block":2,"seed":41,"numerosity":50,"matchType":"paired","which":"first","trial_type":"numerosity-estimation","trial_index":53,"time_elapsed":654969,"subject_id":"76195"},{"rt":8541,"stimulus":41,"slider_start":100,"sprites":"bears","response":44,"absDeviation":6,"callibration":"test","block":2,"seed":41,"numerosity":50,"matchType":"paired","which":"second","trial_type":"numerosity-estimation","trial_index":54,"time_elapsed":663517,"subject_id":"76195"},{"rt":8551,"stimulus":43,"slider_start":100,"sprites":"jellyBeans","response":52,"absDeviation":12,"callibration":"test","block":2,"seed":43,"numerosity":64,"matchType":"unpaired","which":"first","trial_type":"numerosity-estimation","trial_index":55,"time_elapsed":672076,"subject_id":"76195"},{"rt":12564,"stimulus":44,"slider_start":100,"sprites":"marbles","response":77,"absDeviation":44,"callibration":"test","block":2,"seed":44,"numerosity":121,"matchType":"unpaired","which":"first","trial_type":"numerosity-estimation","trial_index":56,"time_elapsed":684647,"subject_id":"76195"},{"rt":13254,"stimulus":45,"slider_start":100,"sprites":"mints","response":95,"absDeviation":26,"callibration":"test","block":2,"seed":45,"numerosity":121,"matchType":"paired","which":"first","trial_type":"numerosity-estimation","trial_index":57,"time_elapsed":697909,"subject_id":"76195"},{"rt":13506,"stimulus":45,"slider_start":100,"sprites":"mints","response":105,"absDeviation":16,"callibration":"test","block":2,"seed":45,"numerosity":121,"matchType":"paired","which":"second","trial_type":"numerosity-estimation","trial_index":58,"time_elapsed":711423,"subject_id":"76195"},{"rt":16623,"stimulus":47,"slider_start":100,"sprites":"buttons","response":110,"absDeviation":11,"callibration":"test","block":2,"seed":47,"numerosity":121,"matchType":"unpaired","which":"first","trial_type":"numerosity-estimation","trial_index":59,"time_elapsed":728052,"subject_id":"76195"},{"rt":15699,"stimulus":48,"slider_start":100,"sprites":"animalCrackers","response":110,"absDeviation":25,"callibration":"test","block":2,"seed":48,"numerosity":135,"matchType":"unpaired","which":"first","trial_type":"numerosity-estimation","trial_index":60,"time_elapsed":743758,"subject_id":"76195"},{"rt":3110,"stimulus":"<p> For the last block of trials, the average deviation of your guesses from correct answers was 17.</p>\n     <p>The smaller the deviation the better.  Your deviation was <b> VERY good</b>.</p><br>\n       <p>Press any key to continue to the next block of trials</p>","response":"enter","trial_type":"html-keyboard-response","trial_index":61,"time_elapsed":746873,"subject_id":"76195"},{"rt":11784,"stimulus":49,"slider_start":100,"sprites":"letters","response":62,"absDeviation":16,"callibration":"test","block":3,"seed":49,"numerosity":78,"matchType":"paired","which":"first","trial_type":"numerosity-estimation","trial_index":62,"time_elapsed":758666,"subject_id":"76195"},{"rt":8879,"stimulus":49,"slider_start":100,"sprites":"letters","response":72,"absDeviation":6,"callibration":"test","block":3,"seed":49,"numerosity":78,"matchType":"paired","which":"second","trial_type":"numerosity-estimation","trial_index":63,"time_elapsed":767549,"subject_id":"76195"},{"rt":8109,"stimulus":51,"slider_start":100,"sprites":"hearts","response":125,"absDeviation":25,"callibration":"test","block":3,"seed":51,"numerosity":150,"matchType":"unpaired","which":"first","trial_type":"numerosity-estimation","trial_index":64,"time_elapsed":775666,"subject_id":"76195"},{"rt":9452,"stimulus":52,"slider_start":100,"sprites":"crackers","response":70,"absDeviation":8,"callibration":"test","block":3,"seed":52,"numerosity":78,"matchType":"unpaired","which":"first","trial_type":"numerosity-estimation","trial_index":65,"time_elapsed":785127,"subject_id":"76195"},{"rt":11326,"stimulus":53,"slider_start":100,"sprites":"bears","response":45,"absDeviation":5,"callibration":"test","block":3,"seed":53,"numerosity":50,"matchType":"paired","which":"first","trial_type":"numerosity-estimation","trial_index":66,"time_elapsed":796460,"subject_id":"76195"},{"rt":11065,"stimulus":53,"slider_start":100,"sprites":"bears","response":52,"absDeviation":2,"callibration":"test","block":3,"seed":53,"numerosity":50,"matchType":"paired","which":"second","trial_type":"numerosity-estimation","trial_index":67,"time_elapsed":807534,"subject_id":"76195"},{"rt":12433,"stimulus":55,"slider_start":100,"sprites":"jellyBeans","response":96,"absDeviation":25,"callibration":"test","block":3,"seed":55,"numerosity":121,"matchType":"unpaired","which":"first","trial_type":"numerosity-estimation","trial_index":68,"time_elapsed":819976,"subject_id":"76195"},{"rt":11512,"stimulus":56,"slider_start":100,"sprites":"marbles","response":40,"absDeviation":24,"callibration":"test","block":3,"seed":56,"numerosity":64,"matchType":"unpaired","which":"first","trial_type":"numerosity-estimation","trial_index":69,"time_elapsed":831495,"subject_id":"76195"},{"rt":12251,"stimulus":57,"slider_start":100,"sprites":"mints","response":55,"absDeviation":9,"callibration":"test","block":3,"seed":57,"numerosity":64,"matchType":"paired","which":"first","trial_type":"numerosity-estimation","trial_index":70,"time_elapsed":843755,"subject_id":"76195"},{"rt":11701,"stimulus":57,"slider_start":100,"sprites":"mints","response":62,"absDeviation":2,"callibration":"test","block":3,"seed":57,"numerosity":64,"matchType":"paired","which":"second","trial_type":"numerosity-estimation","trial_index":71,"time_elapsed":855463,"subject_id":"76195"},{"rt":10191,"stimulus":59,"slider_start":100,"sprites":"buttons","response":110,"absDeviation":25,"callibration":"test","block":3,"seed":59,"numerosity":135,"matchType":"unpaired","which":"first","trial_type":"numerosity-estimation","trial_index":72,"time_elapsed":865663,"subject_id":"76195"},{"rt":11387,"stimulus":60,"slider_start":100,"sprites":"animalCrackers","response":140,"absDeviation":10,"callibration":"test","block":3,"seed":60,"numerosity":150,"matchType":"unpaired","which":"first","trial_type":"numerosity-estimation","trial_index":73,"time_elapsed":877058,"subject_id":"76195"},{"rt":10685,"stimulus":61,"slider_start":100,"sprites":"letters","response":40,"absDeviation":10,"callibration":"test","block":3,"seed":61,"numerosity":50,"matchType":"paired","which":"first","trial_type":"numerosity-estimation","trial_index":74,"time_elapsed":887752,"subject_id":"76195"},{"rt":24249,"stimulus":61,"slider_start":100,"sprites":"letters","response":70,"absDeviation":20,"callibration":"test","block":3,"seed":61,"numerosity":50,"matchType":"paired","which":"second","trial_type":"numerosity-estimation","trial_index":75,"time_elapsed":912007,"subject_id":"76195"},{"rt":12073,"stimulus":63,"slider_start":100,"sprites":"hearts","response":64,"absDeviation":0,"callibration":"test","block":3,"seed":63,"numerosity":64,"matchType":"unpaired","which":"first","trial_type":"numerosity-estimation","trial_index":76,"time_elapsed":924087,"subject_id":"76195"},{"rt":12000,"stimulus":64,"slider_start":100,"sprites":"crackers","response":125,"absDeviation":10,"callibration":"test","block":3,"seed":64,"numerosity":135,"matchType":"unpaired","which":"first","trial_type":"numerosity-estimation","trial_index":77,"time_elapsed":936095,"subject_id":"76195"},{"rt":2505,"stimulus":"<p> For the last block of trials, the average deviation of your guesses from correct answers was 12.</p>\n     <p>The smaller the deviation the better.  Your deviation was <b> AMAZINGLY good</b>.</p><br>\n       <p>Press any key to continue to the next block of trials</p>","response":"enter","trial_type":"html-keyboard-response","trial_index":78,"time_elapsed":938603,"subject_id":"76195"},{"rt":10576,"stimulus":65,"slider_start":100,"sprites":"bears","response":95,"absDeviation":12,"callibration":"test","block":4,"seed":65,"numerosity":107,"matchType":"paired","which":"first","trial_type":"numerosity-estimation","trial_index":79,"time_elapsed":949188,"subject_id":"76195"},{"rt":11347,"stimulus":65,"slider_start":100,"sprites":"bears","response":85,"absDeviation":22,"callibration":"test","block":4,"seed":65,"numerosity":107,"matchType":"paired","which":"second","trial_type":"numerosity-estimation","trial_index":80,"time_elapsed":960541,"subject_id":"76195"},{"rt":9419,"stimulus":67,"slider_start":100,"sprites":"jellyBeans","response":115,"absDeviation":8,"callibration":"test","block":4,"seed":67,"numerosity":107,"matchType":"unpaired","which":"first","trial_type":"numerosity-estimation","trial_index":81,"time_elapsed":969969,"subject_id":"76195"},{"rt":10351,"stimulus":68,"slider_start":100,"sprites":"marbles","response":75,"absDeviation":75,"callibration":"test","block":4,"seed":68,"numerosity":150,"matchType":"unpaired","which":"first","trial_type":"numerosity-estimation","trial_index":82,"time_elapsed":980330,"subject_id":"76195"},{"rt":13765,"stimulus":69,"slider_start":100,"sprites":"mints","response":85,"absDeviation":36,"callibration":"test","block":4,"seed":69,"numerosity":121,"matchType":"paired","which":"first","trial_type":"numerosity-estimation","trial_index":83,"time_elapsed":994103,"subject_id":"76195"},{"rt":14813,"stimulus":69,"slider_start":100,"sprites":"mints","response":100,"absDeviation":21,"callibration":"test","block":4,"seed":69,"numerosity":121,"matchType":"paired","which":"second","trial_type":"numerosity-estimation","trial_index":84,"time_elapsed":1008924,"subject_id":"76195"},{"rt":9724,"stimulus":71,"slider_start":100,"sprites":"buttons","response":75,"absDeviation":32,"callibration":"test","block":4,"seed":71,"numerosity":107,"matchType":"unpaired","which":"first","trial_type":"numerosity-estimation","trial_index":85,"time_elapsed":1018655,"subject_id":"76195"},{"rt":11718,"stimulus":72,"slider_start":100,"sprites":"animalCrackers","response":45,"absDeviation":5,"callibration":"test","block":4,"seed":72,"numerosity":50,"matchType":"unpaired","which":"first","trial_type":"numerosity-estimation","trial_index":86,"time_elapsed":1030382,"subject_id":"76195"},{"rt":13406,"stimulus":73,"slider_start":100,"sprites":"letters","response":65,"absDeviation":13,"callibration":"test","block":4,"seed":73,"numerosity":78,"matchType":"paired","which":"first","trial_type":"numerosity-estimation","trial_index":87,"time_elapsed":1043796,"subject_id":"76195"},{"rt":12245,"stimulus":73,"slider_start":100,"sprites":"letters","response":75,"absDeviation":3,"callibration":"test","block":4,"seed":73,"numerosity":78,"matchType":"paired","which":"second","trial_type":"numerosity-estimation","trial_index":88,"time_elapsed":1056049,"subject_id":"76195"},{"rt":16709,"stimulus":75,"slider_start":100,"sprites":"hearts","response":75,"absDeviation":17,"callibration":"test","block":4,"seed":75,"numerosity":92,"matchType":"unpaired","which":"first","trial_type":"numerosity-estimation","trial_index":89,"time_elapsed":1072767,"subject_id":"76195"},{"rt":13136,"stimulus":76,"slider_start":100,"sprites":"crackers","response":65,"absDeviation":1,"callibration":"test","block":4,"seed":76,"numerosity":64,"matchType":"unpaired","which":"first","trial_type":"numerosity-estimation","trial_index":90,"time_elapsed":1085911,"subject_id":"76195"},{"rt":10560,"stimulus":77,"slider_start":100,"sprites":"bears","response":85,"absDeviation":50,"callibration":"test","block":4,"seed":77,"numerosity":135,"matchType":"paired","which":"first","trial_type":"numerosity-estimation","trial_index":91,"time_elapsed":1096477,"subject_id":"76195"},{"rt":12425,"stimulus":77,"slider_start":100,"sprites":"bears","response":80,"absDeviation":55,"callibration":"test","block":4,"seed":77,"numerosity":135,"matchType":"paired","which":"second","trial_type":"numerosity-estimation","trial_index":92,"time_elapsed":1108909,"subject_id":"76195"},{"rt":10522,"stimulus":79,"slider_start":100,"sprites":"jellyBeans","response":40,"absDeviation":10,"callibration":"test","block":4,"seed":79,"numerosity":50,"matchType":"unpaired","which":"first","trial_type":"numerosity-estimation","trial_index":93,"time_elapsed":1119440,"subject_id":"76195"},{"rt":10327,"stimulus":80,"slider_start":100,"sprites":"marbles","response":50,"absDeviation":71,"callibration":"test","block":4,"seed":80,"numerosity":121,"matchType":"unpaired","which":"first","trial_type":"numerosity-estimation","trial_index":94,"time_elapsed":1129775,"subject_id":"76195"},{"rt":2772,"stimulus":"<p> For the last block of trials, the average deviation of your guesses from correct answers was 27.</p>\n     <p>The smaller the deviation the better.  Your deviation was <b> good</b>.</p><br>\n       <p>Press any key to continue to the next block of trials</p>","response":"enter","trial_type":"html-keyboard-response","trial_index":95,"time_elapsed":1132551,"subject_id":"76195"},{"rt":12368,"stimulus":81,"slider_start":100,"sprites":"mints","response":80,"absDeviation":41,"callibration":"test","block":5,"seed":81,"numerosity":121,"matchType":"paired","which":"first","trial_type":"numerosity-estimation","trial_index":96,"time_elapsed":1144928,"subject_id":"76195"},{"rt":10391,"stimulus":81,"slider_start":100,"sprites":"mints","response":90,"absDeviation":31,"callibration":"test","block":5,"seed":81,"numerosity":121,"matchType":"paired","which":"second","trial_type":"numerosity-estimation","trial_index":97,"time_elapsed":1155326,"subject_id":"76195"},{"rt":10811,"stimulus":83,"slider_start":100,"sprites":"buttons","response":110,"absDeviation":11,"callibration":"test","block":5,"seed":83,"numerosity":121,"matchType":"unpaired","which":"first","trial_type":"numerosity-estimation","trial_index":98,"time_elapsed":1166146,"subject_id":"76195"},{"rt":8608,"stimulus":84,"slider_start":100,"sprites":"animalCrackers","response":45,"absDeviation":5,"callibration":"test","block":5,"seed":84,"numerosity":50,"matchType":"unpaired","which":"first","trial_type":"numerosity-estimation","trial_index":99,"time_elapsed":1174764,"subject_id":"76195"},{"rt":10003,"stimulus":85,"slider_start":100,"sprites":"letters","response":55,"absDeviation":9,"callibration":"test","block":5,"seed":85,"numerosity":64,"matchType":"paired","which":"first","trial_type":"numerosity-estimation","trial_index":100,"time_elapsed":1184774,"subject_id":"76195"},{"rt":11853,"stimulus":85,"slider_start":100,"sprites":"letters","response":60,"absDeviation":4,"callibration":"test","block":5,"seed":85,"numerosity":64,"matchType":"paired","which":"second","trial_type":"numerosity-estimation","trial_index":101,"time_elapsed":1196633,"subject_id":"76195"},{"rt":9741,"stimulus":87,"slider_start":100,"sprites":"hearts","response":42,"absDeviation":8,"callibration":"test","block":5,"seed":87,"numerosity":50,"matchType":"unpaired","which":"first","trial_type":"numerosity-estimation","trial_index":102,"time_elapsed":1206382,"subject_id":"76195"},{"rt":11050,"stimulus":88,"slider_start":100,"sprites":"crackers","response":125,"absDeviation":10,"callibration":"test","block":5,"seed":88,"numerosity":135,"matchType":"unpaired","which":"first","trial_type":"numerosity-estimation","trial_index":103,"time_elapsed":1217439,"subject_id":"76195"},{"rt":9450,"stimulus":89,"slider_start":100,"sprites":"bears","response":45,"absDeviation":5,"callibration":"test","block":5,"seed":89,"numerosity":50,"matchType":"paired","which":"first","trial_type":"numerosity-estimation","trial_index":104,"time_elapsed":1226898,"subject_id":"76195"},{"rt":11807,"stimulus":89,"slider_start":100,"sprites":"bears","response":50,"absDeviation":0,"callibration":"test","block":5,"seed":89,"numerosity":50,"matchType":"paired","which":"second","trial_type":"numerosity-estimation","trial_index":105,"time_elapsed":1238712,"subject_id":"76195"},{"rt":9535,"stimulus":91,"slider_start":100,"sprites":"jellyBeans","response":62,"absDeviation":30,"callibration":"test","block":5,"seed":91,"numerosity":92,"matchType":"unpaired","which":"first","trial_type":"numerosity-estimation","trial_index":106,"time_elapsed":1248255,"subject_id":"76195"},{"rt":12598,"stimulus":92,"slider_start":100,"sprites":"marbles","response":75,"absDeviation":46,"callibration":"test","block":5,"seed":92,"numerosity":121,"matchType":"unpaired","which":"first","trial_type":"numerosity-estimation","trial_index":107,"time_elapsed":1260860,"subject_id":"76195"},{"rt":15598,"stimulus":93,"slider_start":100,"sprites":"mints","response":90,"absDeviation":12,"callibration":"test","block":5,"seed":93,"numerosity":78,"matchType":"paired","which":"first","trial_type":"numerosity-estimation","trial_index":108,"time_elapsed":1276466,"subject_id":"76195"},{"rt":11956,"stimulus":93,"slider_start":100,"sprites":"mints","response":75,"absDeviation":3,"callibration":"test","block":5,"seed":93,"numerosity":78,"matchType":"paired","which":"second","trial_type":"numerosity-estimation","trial_index":109,"time_elapsed":1288429,"subject_id":"76195"},{"rt":9888,"stimulus":95,"slider_start":100,"sprites":"buttons","response":55,"absDeviation":9,"callibration":"test","block":5,"seed":95,"numerosity":64,"matchType":"unpaired","which":"first","trial_type":"numerosity-estimation","trial_index":110,"time_elapsed":1298325,"subject_id":"76195"},{"rt":13717,"stimulus":96,"slider_start":100,"sprites":"animalCrackers","response":75,"absDeviation":17,"callibration":"test","block":5,"seed":96,"numerosity":92,"matchType":"unpaired","which":"first","trial_type":"numerosity-estimation","trial_index":111,"time_elapsed":1312050,"subject_id":"76195"},{"rt":2884,"stimulus":"<p> For the last block of trials, the average deviation of your guesses from correct answers was 15.</p>\n     <p>The smaller the deviation the better.  Your deviation was <b> VERY good</b>.</p><br>\n       <p>Press any key to continue to the next block of trials</p>","response":"enter","trial_type":"html-keyboard-response","trial_index":112,"time_elapsed":1314937,"subject_id":"76195"},{"rt":10461,"stimulus":2,"slider_start":100,"sprites":"butterflies","response":85,"absDeviation":50,"callibration":"test","block":6,"seed":2,"numerosity":135,"matchType":"paired","which":"first","trial_type":"numerosity-estimation","trial_index":113,"time_elapsed":1325404,"subject_id":"76195"},{"rt":11892,"stimulus":2,"slider_start":100,"sprites":"butterflies","response":85,"absDeviation":50,"callibration":"test","block":6,"seed":2,"numerosity":135,"matchType":"paired","which":"second","trial_type":"numerosity-estimation","trial_index":114,"time_elapsed":1337302,"subject_id":"76195"},{"rt":9591,"stimulus":3,"slider_start":100,"sprites":"hearts","response":44,"absDeviation":6,"callibration":"test","block":6,"seed":3,"numerosity":50,"matchType":"unpaired","which":"second","trial_type":"numerosity-estimation","trial_index":115,"time_elapsed":1346899,"subject_id":"76195"},{"rt":9698,"stimulus":4,"slider_start":100,"sprites":"crackers","response":84,"absDeviation":23,"callibration":"test","block":6,"seed":4,"numerosity":107,"matchType":"unpaired","which":"second","trial_type":"numerosity-estimation","trial_index":116,"time_elapsed":1356605,"subject_id":"76195"},{"rt":9977,"stimulus":6,"slider_start":100,"sprites":"fruits","response":62,"absDeviation":16,"callibration":"test","block":6,"seed":6,"numerosity":78,"matchType":"paired","which":"first","trial_type":"numerosity-estimation","trial_index":117,"time_elapsed":1366591,"subject_id":"76195"},{"rt":12476,"stimulus":6,"slider_start":100,"sprites":"fruits","response":70,"absDeviation":8,"callibration":"test","block":6,"seed":6,"numerosity":78,"matchType":"paired","which":"second","trial_type":"numerosity-estimation","trial_index":118,"time_elapsed":1379074,"subject_id":"76195"},{"rt":9352,"stimulus":7,"slider_start":100,"sprites":"jellyBeans","response":40,"absDeviation":10,"callibration":"test","block":6,"seed":7,"numerosity":50,"matchType":"unpaired","which":"second","trial_type":"numerosity-estimation","trial_index":119,"time_elapsed":1388434,"subject_id":"76195"},{"rt":9766,"stimulus":8,"slider_start":100,"sprites":"marbles","response":55,"absDeviation":37,"callibration":"test","block":6,"seed":8,"numerosity":92,"matchType":"unpaired","which":"second","trial_type":"numerosity-estimation","trial_index":120,"time_elapsed":1398207,"subject_id":"76195"},{"rt":13346,"stimulus":10,"slider_start":100,"sprites":"rocks","response":45,"absDeviation":5,"callibration":"test","block":6,"seed":10,"numerosity":50,"matchType":"paired","which":"first","trial_type":"numerosity-estimation","trial_index":121,"time_elapsed":1411560,"subject_id":"76195"},{"rt":14232,"stimulus":10,"slider_start":100,"sprites":"rocks","response":40,"absDeviation":10,"callibration":"test","block":6,"seed":10,"numerosity":50,"matchType":"paired","which":"second","trial_type":"numerosity-estimation","trial_index":122,"time_elapsed":1425799,"subject_id":"76195"},{"rt":9449,"stimulus":11,"slider_start":100,"sprites":"buttons","response":80,"absDeviation":27,"callibration":"test","block":6,"seed":11,"numerosity":107,"matchType":"unpaired","which":"second","trial_type":"numerosity-estimation","trial_index":123,"time_elapsed":1435256,"subject_id":"76195"},{"rt":14700,"stimulus":12,"slider_start":100,"sprites":"animalCrackers","response":70,"absDeviation":22,"callibration":"test","block":6,"seed":12,"numerosity":92,"matchType":"unpaired","which":"second","trial_type":"numerosity-estimation","trial_index":124,"time_elapsed":1449964,"subject_id":"76195"},{"rt":14732,"stimulus":14,"slider_start":100,"sprites":"butterflies","response":80,"absDeviation":70,"callibration":"test","block":6,"seed":14,"numerosity":150,"matchType":"paired","which":"first","trial_type":"numerosity-estimation","trial_index":125,"time_elapsed":1464703,"subject_id":"76195"},{"rt":15222,"stimulus":14,"slider_start":100,"sprites":"butterflies","response":90,"absDeviation":60,"callibration":"test","block":6,"seed":14,"numerosity":150,"matchType":"paired","which":"second","trial_type":"numerosity-estimation","trial_index":126,"time_elapsed":1479930,"subject_id":"76195"},{"rt":9531,"stimulus":15,"slider_start":100,"sprites":"hearts","response":110,"absDeviation":11,"callibration":"test","block":6,"seed":15,"numerosity":121,"matchType":"unpaired","which":"second","trial_type":"numerosity-estimation","trial_index":127,"time_elapsed":1489470,"subject_id":"76195"},{"rt":9130,"stimulus":16,"slider_start":100,"sprites":"crackers","response":64,"absDeviation":0,"callibration":"test","block":6,"seed":16,"numerosity":64,"matchType":"unpaired","which":"second","trial_type":"numerosity-estimation","trial_index":128,"time_elapsed":1498607,"subject_id":"76195"},{"rt":2325,"stimulus":"<p> For the last block of trials, the average deviation of your guesses from correct answers was 25.</p>\n     <p>The smaller the deviation the better.  Your deviation was <b> good</b>.</p><br>\n       <p>Press any key to continue to the next block of trials</p>","response":"enter","trial_type":"html-keyboard-response","trial_index":129,"time_elapsed":1500935,"subject_id":"76195"},{"rt":15707,"stimulus":18,"slider_start":100,"sprites":"fruits","response":105,"absDeviation":2,"callibration":"test","block":7,"seed":18,"numerosity":107,"matchType":"paired","which":"first","trial_type":"numerosity-estimation","trial_index":130,"time_elapsed":1516651,"subject_id":"76195"},{"rt":12213,"stimulus":18,"slider_start":100,"sprites":"fruits","response":90,"absDeviation":17,"callibration":"test","block":7,"seed":18,"numerosity":107,"matchType":"paired","which":"second","trial_type":"numerosity-estimation","trial_index":131,"time_elapsed":1528871,"subject_id":"76195"},{"rt":8496,"stimulus":19,"slider_start":100,"sprites":"jellyBeans","response":125,"absDeviation":10,"callibration":"test","block":7,"seed":19,"numerosity":135,"matchType":"unpaired","which":"second","trial_type":"numerosity-estimation","trial_index":132,"time_elapsed":1537375,"subject_id":"76195"},{"rt":9467,"stimulus":20,"slider_start":100,"sprites":"marbles","response":45,"absDeviation":33,"callibration":"test","block":7,"seed":20,"numerosity":78,"matchType":"unpaired","which":"second","trial_type":"numerosity-estimation","trial_index":133,"time_elapsed":1546852,"subject_id":"76195"},{"rt":10755,"stimulus":22,"slider_start":100,"sprites":"rocks","response":80,"absDeviation":12,"callibration":"test","block":7,"seed":22,"numerosity":92,"matchType":"paired","which":"first","trial_type":"numerosity-estimation","trial_index":134,"time_elapsed":1557616,"subject_id":"76195"},{"rt":12120,"stimulus":22,"slider_start":100,"sprites":"rocks","response":70,"absDeviation":22,"callibration":"test","block":7,"seed":22,"numerosity":92,"matchType":"paired","which":"second","trial_type":"numerosity-estimation","trial_index":135,"time_elapsed":1569743,"subject_id":"76195"},{"rt":11124,"stimulus":23,"slider_start":100,"sprites":"buttons","response":130,"absDeviation":20,"callibration":"test","block":7,"seed":23,"numerosity":150,"matchType":"unpaired","which":"second","trial_type":"numerosity-estimation","trial_index":136,"time_elapsed":1580876,"subject_id":"76195"},{"rt":10528,"stimulus":24,"slider_start":100,"sprites":"animalCrackers","response":75,"absDeviation":32,"callibration":"test","block":7,"seed":24,"numerosity":107,"matchType":"unpaired","which":"second","trial_type":"numerosity-estimation","trial_index":137,"time_elapsed":1591412,"subject_id":"76195"},{"rt":12034,"stimulus":26,"slider_start":100,"sprites":"butterflies","response":72,"absDeviation":20,"callibration":"test","block":7,"seed":26,"numerosity":92,"matchType":"paired","which":"first","trial_type":"numerosity-estimation","trial_index":138,"time_elapsed":1603453,"subject_id":"76195"},{"rt":14238,"stimulus":26,"slider_start":100,"sprites":"butterflies","response":65,"absDeviation":27,"callibration":"test","block":7,"seed":26,"numerosity":92,"matchType":"paired","which":"second","trial_type":"numerosity-estimation","trial_index":139,"time_elapsed":1617699,"subject_id":"76195"},{"rt":11568,"stimulus":27,"slider_start":100,"sprites":"hearts","response":110,"absDeviation":11,"callibration":"test","block":7,"seed":27,"numerosity":121,"matchType":"unpaired","which":"second","trial_type":"numerosity-estimation","trial_index":140,"time_elapsed":1629277,"subject_id":"76195"},{"rt":10671,"stimulus":28,"slider_start":100,"sprites":"crackers","response":135,"absDeviation":15,"callibration":"test","block":7,"seed":28,"numerosity":150,"matchType":"unpaired","which":"second","trial_type":"numerosity-estimation","trial_index":141,"time_elapsed":1639956,"subject_id":"76195"},{"rt":12507,"stimulus":30,"slider_start":100,"sprites":"fruits","response":96,"absDeviation":11,"callibration":"test","block":7,"seed":30,"numerosity":107,"matchType":"paired","which":"first","trial_type":"numerosity-estimation","trial_index":142,"time_elapsed":1652472,"subject_id":"76195"},{"rt":11841,"stimulus":30,"slider_start":100,"sprites":"fruits","response":106,"absDeviation":1,"callibration":"test","block":7,"seed":30,"numerosity":107,"matchType":"paired","which":"second","trial_type":"numerosity-estimation","trial_index":143,"time_elapsed":1664320,"subject_id":"76195"},{"rt":11328,"stimulus":31,"slider_start":100,"sprites":"jellyBeans","response":140,"absDeviation":10,"callibration":"test","block":7,"seed":31,"numerosity":150,"matchType":"unpaired","which":"second","trial_type":"numerosity-estimation","trial_index":144,"time_elapsed":1675659,"subject_id":"76195"},{"rt":13843,"stimulus":32,"slider_start":100,"sprites":"marbles","response":72,"absDeviation":63,"callibration":"test","block":7,"seed":32,"numerosity":135,"matchType":"unpaired","which":"second","trial_type":"numerosity-estimation","trial_index":145,"time_elapsed":1689510,"subject_id":"76195"},{"rt":1497,"stimulus":"<p> For the last block of trials, the average deviation of your guesses from correct answers was 19.</p>\n     <p>The smaller the deviation the better.  Your deviation was <b> VERY good</b>.</p><br>\n       <p>Press any key to continue to the next block of trials</p>","response":"enter","trial_type":"html-keyboard-response","trial_index":146,"time_elapsed":1691011,"subject_id":"76195"},{"rt":9146,"stimulus":34,"slider_start":100,"sprites":"rocks","response":46,"absDeviation":4,"callibration":"test","block":8,"seed":34,"numerosity":50,"matchType":"paired","which":"first","trial_type":"numerosity-estimation","trial_index":147,"time_elapsed":1700165,"subject_id":"76195"},{"rt":12113,"stimulus":34,"slider_start":100,"sprites":"rocks","response":40,"absDeviation":10,"callibration":"test","block":8,"seed":34,"numerosity":50,"matchType":"paired","which":"second","trial_type":"numerosity-estimation","trial_index":148,"time_elapsed":1712286,"subject_id":"76195"},{"rt":13218,"stimulus":35,"slider_start":100,"sprites":"buttons","response":77,"absDeviation":1,"callibration":"test","block":8,"seed":35,"numerosity":78,"matchType":"unpaired","which":"second","trial_type":"numerosity-estimation","trial_index":149,"time_elapsed":1725512,"subject_id":"76195"},{"rt":10723,"stimulus":36,"slider_start":100,"sprites":"animalCrackers","response":45,"absDeviation":5,"callibration":"test","block":8,"seed":36,"numerosity":50,"matchType":"unpaired","which":"second","trial_type":"numerosity-estimation","trial_index":150,"time_elapsed":1736243,"subject_id":"76195"},{"rt":10595,"stimulus":38,"slider_start":100,"sprites":"butterflies","response":54,"absDeviation":24,"callibration":"test","block":8,"seed":38,"numerosity":78,"matchType":"paired","which":"first","trial_type":"numerosity-estimation","trial_index":151,"time_elapsed":1746845,"subject_id":"76195"},{"rt":12765,"stimulus":38,"slider_start":100,"sprites":"butterflies","response":62,"absDeviation":16,"callibration":"test","block":8,"seed":38,"numerosity":78,"matchType":"paired","which":"second","trial_type":"numerosity-estimation","trial_index":152,"time_elapsed":1759617,"subject_id":"76195"},{"rt":9518,"stimulus":39,"slider_start":100,"sprites":"hearts","response":68,"absDeviation":10,"callibration":"test","block":8,"seed":39,"numerosity":78,"matchType":"unpaired","which":"second","trial_type":"numerosity-estimation","trial_index":153,"time_elapsed":1769142,"subject_id":"76195"},{"rt":9716,"stimulus":40,"slider_start":100,"sprites":"crackers","response":76,"absDeviation":45,"callibration":"test","block":8,"seed":40,"numerosity":121,"matchType":"unpaired","which":"second","trial_type":"numerosity-estimation","trial_index":154,"time_elapsed":1778865,"subject_id":"76195"},{"rt":9799,"stimulus":42,"slider_start":100,"sprites":"fruits","response":66,"absDeviation":12,"callibration":"test","block":8,"seed":42,"numerosity":78,"matchType":"paired","which":"first","trial_type":"numerosity-estimation","trial_index":155,"time_elapsed":1788671,"subject_id":"76195"},{"rt":13785,"stimulus":42,"slider_start":100,"sprites":"fruits","response":70,"absDeviation":8,"callibration":"test","block":8,"seed":42,"numerosity":78,"matchType":"paired","which":"second","trial_type":"numerosity-estimation","trial_index":156,"time_elapsed":1802463,"subject_id":"76195"},{"rt":10005,"stimulus":43,"slider_start":100,"sprites":"jellyBeans","response":60,"absDeviation":4,"callibration":"test","block":8,"seed":43,"numerosity":64,"matchType":"unpaired","which":"second","trial_type":"numerosity-estimation","trial_index":157,"time_elapsed":1812475,"subject_id":"76195"},{"rt":10870,"stimulus":44,"slider_start":100,"sprites":"marbles","response":74,"absDeviation":47,"callibration":"test","block":8,"seed":44,"numerosity":121,"matchType":"unpaired","which":"second","trial_type":"numerosity-estimation","trial_index":158,"time_elapsed":1823352,"subject_id":"76195"},{"rt":12779,"stimulus":46,"slider_start":100,"sprites":"rocks","response":82,"absDeviation":25,"callibration":"test","block":8,"seed":46,"numerosity":107,"matchType":"paired","which":"first","trial_type":"numerosity-estimation","trial_index":159,"time_elapsed":1836139,"subject_id":"76195"},{"rt":13720,"stimulus":46,"slider_start":100,"sprites":"rocks","response":76,"absDeviation":31,"callibration":"test","block":8,"seed":46,"numerosity":107,"matchType":"paired","which":"second","trial_type":"numerosity-estimation","trial_index":160,"time_elapsed":1849867,"subject_id":"76195"},{"rt":11330,"stimulus":47,"slider_start":100,"sprites":"buttons","response":110,"absDeviation":11,"callibration":"test","block":8,"seed":47,"numerosity":121,"matchType":"unpaired","which":"second","trial_type":"numerosity-estimation","trial_index":161,"time_elapsed":1861205,"subject_id":"76195"},{"rt":12046,"stimulus":48,"slider_start":100,"sprites":"animalCrackers","response":115,"absDeviation":20,"callibration":"test","block":8,"seed":48,"numerosity":135,"matchType":"unpaired","which":"second","trial_type":"numerosity-estimation","trial_index":162,"time_elapsed":1873259,"subject_id":"76195"},{"rt":1222,"stimulus":"<p> For the last block of trials, the average deviation of your guesses from correct answers was 17.</p>\n     <p>The smaller the deviation the better.  Your deviation was <b> VERY good</b>.</p><br>\n       <p>Press any key to continue to the next block of trials</p>","response":"enter","trial_type":"html-keyboard-response","trial_index":163,"time_elapsed":1874484,"subject_id":"76195"},{"rt":9932,"stimulus":50,"slider_start":100,"sprites":"butterflies","response":80,"absDeviation":70,"callibration":"test","block":9,"seed":50,"numerosity":150,"matchType":"paired","which":"first","trial_type":"numerosity-estimation","trial_index":164,"time_elapsed":1884428,"subject_id":"76195"},{"rt":9837,"stimulus":50,"slider_start":100,"sprites":"butterflies","response":95,"absDeviation":55,"callibration":"test","block":9,"seed":50,"numerosity":150,"matchType":"paired","which":"second","trial_type":"numerosity-estimation","trial_index":165,"time_elapsed":1894271,"subject_id":"76195"},{"rt":14414,"stimulus":51,"slider_start":100,"sprites":"hearts","response":120,"absDeviation":30,"callibration":"test","block":9,"seed":51,"numerosity":150,"matchType":"unpaired","which":"second","trial_type":"numerosity-estimation","trial_index":166,"time_elapsed":1908694,"subject_id":"76195"},{"rt":10561,"stimulus":52,"slider_start":100,"sprites":"crackers","response":65,"absDeviation":13,"callibration":"test","block":9,"seed":52,"numerosity":78,"matchType":"unpaired","which":"second","trial_type":"numerosity-estimation","trial_index":167,"time_elapsed":1919264,"subject_id":"76195"},{"rt":11956,"stimulus":54,"slider_start":100,"sprites":"fruits","response":85,"absDeviation":7,"callibration":"test","block":9,"seed":54,"numerosity":92,"matchType":"paired","which":"first","trial_type":"numerosity-estimation","trial_index":168,"time_elapsed":1931227,"subject_id":"76195"},{"rt":15607,"stimulus":54,"slider_start":100,"sprites":"fruits","response":95,"absDeviation":3,"callibration":"test","block":9,"seed":54,"numerosity":92,"matchType":"paired","which":"second","trial_type":"numerosity-estimation","trial_index":169,"time_elapsed":1946842,"subject_id":"76195"},{"rt":10390,"stimulus":55,"slider_start":100,"sprites":"jellyBeans","response":90,"absDeviation":31,"callibration":"test","block":9,"seed":55,"numerosity":121,"matchType":"unpaired","which":"second","trial_type":"numerosity-estimation","trial_index":170,"time_elapsed":1957241,"subject_id":"76195"},{"rt":11001,"stimulus":56,"slider_start":100,"sprites":"marbles","response":40,"absDeviation":24,"callibration":"test","block":9,"seed":56,"numerosity":64,"matchType":"unpaired","which":"second","trial_type":"numerosity-estimation","trial_index":171,"time_elapsed":1968251,"subject_id":"76195"},{"rt":11596,"stimulus":58,"slider_start":100,"sprites":"rocks","response":100,"absDeviation":21,"callibration":"test","block":9,"seed":58,"numerosity":121,"matchType":"paired","which":"first","trial_type":"numerosity-estimation","trial_index":172,"time_elapsed":1979854,"subject_id":"76195"},{"rt":14429,"stimulus":58,"slider_start":100,"sprites":"rocks","response":95,"absDeviation":26,"callibration":"test","block":9,"seed":58,"numerosity":121,"matchType":"paired","which":"second","trial_type":"numerosity-estimation","trial_index":173,"time_elapsed":1994291,"subject_id":"76195"},{"rt":11711,"stimulus":59,"slider_start":100,"sprites":"buttons","response":110,"absDeviation":25,"callibration":"test","block":9,"seed":59,"numerosity":135,"matchType":"unpaired","which":"second","trial_type":"numerosity-estimation","trial_index":174,"time_elapsed":2006010,"subject_id":"76195"},{"rt":9771,"stimulus":60,"slider_start":100,"sprites":"animalCrackers","response":125,"absDeviation":25,"callibration":"test","block":9,"seed":60,"numerosity":150,"matchType":"unpaired","which":"second","trial_type":"numerosity-estimation","trial_index":175,"time_elapsed":2015790,"subject_id":"76195"},{"rt":10079,"stimulus":62,"slider_start":100,"sprites":"butterflies","response":70,"absDeviation":65,"callibration":"test","block":9,"seed":62,"numerosity":135,"matchType":"paired","which":"first","trial_type":"numerosity-estimation","trial_index":176,"time_elapsed":2025877,"subject_id":"76195"},{"rt":9971,"stimulus":62,"slider_start":100,"sprites":"butterflies","response":80,"absDeviation":55,"callibration":"test","block":9,"seed":62,"numerosity":135,"matchType":"paired","which":"second","trial_type":"numerosity-estimation","trial_index":177,"time_elapsed":2035855,"subject_id":"76195"},{"rt":12065,"stimulus":63,"slider_start":100,"sprites":"hearts","response":60,"absDeviation":4,"callibration":"test","block":9,"seed":63,"numerosity":64,"matchType":"unpaired","which":"second","trial_type":"numerosity-estimation","trial_index":178,"time_elapsed":2047930,"subject_id":"76195"},{"rt":11750,"stimulus":64,"slider_start":100,"sprites":"crackers","response":120,"absDeviation":15,"callibration":"test","block":9,"seed":64,"numerosity":135,"matchType":"unpaired","which":"second","trial_type":"numerosity-estimation","trial_index":179,"time_elapsed":2059687,"subject_id":"76195"},{"rt":1410,"stimulus":"<p> For the last block of trials, the average deviation of your guesses from correct answers was 29.</p>\n     <p>The smaller the deviation the better.  Your deviation was <b> good</b>.</p><br>\n       <p>Press any key to continue to the next block of trials</p>","response":"enter","trial_type":"html-keyboard-response","trial_index":180,"time_elapsed":2061100,"subject_id":"76195"},{"rt":10189,"stimulus":66,"slider_start":100,"sprites":"fruits","response":56,"absDeviation":8,"callibration":"test","block":10,"seed":66,"numerosity":64,"matchType":"paired","which":"first","trial_type":"numerosity-estimation","trial_index":181,"time_elapsed":2071298,"subject_id":"76195"},{"rt":12525,"stimulus":66,"slider_start":100,"sprites":"fruits","response":64,"absDeviation":0,"callibration":"test","block":10,"seed":66,"numerosity":64,"matchType":"paired","which":"second","trial_type":"numerosity-estimation","trial_index":182,"time_elapsed":2083831,"subject_id":"76195"},{"rt":10283,"stimulus":67,"slider_start":100,"sprites":"jellyBeans","response":110,"absDeviation":3,"callibration":"test","block":10,"seed":67,"numerosity":107,"matchType":"unpaired","which":"second","trial_type":"numerosity-estimation","trial_index":183,"time_elapsed":2094122,"subject_id":"76195"},{"rt":11050,"stimulus":68,"slider_start":100,"sprites":"marbles","response":80,"absDeviation":70,"callibration":"test","block":10,"seed":68,"numerosity":150,"matchType":"unpaired","which":"second","trial_type":"numerosity-estimation","trial_index":184,"time_elapsed":2105179,"subject_id":"76195"},{"rt":9856,"stimulus":70,"slider_start":100,"sprites":"rocks","response":80,"absDeviation":12,"callibration":"test","block":10,"seed":70,"numerosity":92,"matchType":"paired","which":"first","trial_type":"numerosity-estimation","trial_index":185,"time_elapsed":2115041,"subject_id":"76195"},{"rt":11521,"stimulus":70,"slider_start":100,"sprites":"rocks","response":90,"absDeviation":2,"callibration":"test","block":10,"seed":70,"numerosity":92,"matchType":"paired","which":"second","trial_type":"numerosity-estimation","trial_index":186,"time_elapsed":2126570,"subject_id":"76195"},{"rt":11322,"stimulus":71,"slider_start":100,"sprites":"buttons","response":105,"absDeviation":2,"callibration":"test","block":10,"seed":71,"numerosity":107,"matchType":"unpaired","which":"second","trial_type":"numerosity-estimation","trial_index":187,"time_elapsed":2137899,"subject_id":"76195"},{"rt":12280,"stimulus":72,"slider_start":100,"sprites":"animalCrackers","response":45,"absDeviation":5,"callibration":"test","block":10,"seed":72,"numerosity":50,"matchType":"unpaired","which":"second","trial_type":"numerosity-estimation","trial_index":188,"time_elapsed":2150186,"subject_id":"76195"},{"rt":16046,"stimulus":74,"slider_start":100,"sprites":"butterflies","response":46,"absDeviation":18,"callibration":"test","block":10,"seed":74,"numerosity":64,"matchType":"paired","which":"first","trial_type":"numerosity-estimation","trial_index":189,"time_elapsed":2166240,"subject_id":"76195"},{"rt":9732,"stimulus":74,"slider_start":100,"sprites":"butterflies","response":52,"absDeviation":12,"callibration":"test","block":10,"seed":74,"numerosity":64,"matchType":"paired","which":"second","trial_type":"numerosity-estimation","trial_index":190,"time_elapsed":2175980,"subject_id":"76195"},{"rt":9644,"stimulus":75,"slider_start":100,"sprites":"hearts","response":70,"absDeviation":22,"callibration":"test","block":10,"seed":75,"numerosity":92,"matchType":"unpaired","which":"second","trial_type":"numerosity-estimation","trial_index":191,"time_elapsed":2185631,"subject_id":"76195"},{"rt":9513,"stimulus":76,"slider_start":100,"sprites":"crackers","response":54,"absDeviation":10,"callibration":"test","block":10,"seed":76,"numerosity":64,"matchType":"unpaired","which":"second","trial_type":"numerosity-estimation","trial_index":192,"time_elapsed":2195153,"subject_id":"76195"},{"rt":11484,"stimulus":78,"slider_start":100,"sprites":"fruits","response":60,"absDeviation":4,"callibration":"test","block":10,"seed":78,"numerosity":64,"matchType":"paired","which":"first","trial_type":"numerosity-estimation","trial_index":193,"time_elapsed":2206644,"subject_id":"76195"},{"rt":13253,"stimulus":78,"slider_start":100,"sprites":"fruits","response":50,"absDeviation":14,"callibration":"test","block":10,"seed":78,"numerosity":64,"matchType":"paired","which":"second","trial_type":"numerosity-estimation","trial_index":194,"time_elapsed":2219903,"subject_id":"76195"},{"rt":10506,"stimulus":79,"slider_start":100,"sprites":"jellyBeans","response":42,"absDeviation":8,"callibration":"test","block":10,"seed":79,"numerosity":50,"matchType":"unpaired","which":"second","trial_type":"numerosity-estimation","trial_index":195,"time_elapsed":2230417,"subject_id":"76195"},{"rt":10285,"stimulus":80,"slider_start":100,"sprites":"marbles","response":72,"absDeviation":49,"callibration":"test","block":10,"seed":80,"numerosity":121,"matchType":"unpaired","which":"second","trial_type":"numerosity-estimation","trial_index":196,"time_elapsed":2240709,"subject_id":"76195"},{"rt":1383,"stimulus":"<p> For the last block of trials, the average deviation of your guesses from correct answers was 15.</p>\n     <p>The smaller the deviation the better.  Your deviation was <b> VERY good</b>.</p><br>\n       <p>Press any key to continue to the next block of trials</p>","response":"enter","trial_type":"html-keyboard-response","trial_index":197,"time_elapsed":2242095,"subject_id":"76195"},{"rt":12235,"stimulus":82,"slider_start":100,"sprites":"rocks","response":50,"absDeviation":14,"callibration":"test","block":11,"seed":82,"numerosity":64,"matchType":"paired","which":"first","trial_type":"numerosity-estimation","trial_index":198,"time_elapsed":2254338,"subject_id":"76195"},{"rt":12040,"stimulus":82,"slider_start":100,"sprites":"rocks","response":60,"absDeviation":4,"callibration":"test","block":11,"seed":82,"numerosity":64,"matchType":"paired","which":"second","trial_type":"numerosity-estimation","trial_index":199,"time_elapsed":2266385,"subject_id":"76195"},{"rt":10629,"stimulus":83,"slider_start":100,"sprites":"buttons","response":110,"absDeviation":11,"callibration":"test","block":11,"seed":83,"numerosity":121,"matchType":"unpaired","which":"second","trial_type":"numerosity-estimation","trial_index":200,"time_elapsed":2277022,"subject_id":"76195"},{"rt":9558,"stimulus":84,"slider_start":100,"sprites":"animalCrackers","response":56,"absDeviation":6,"callibration":"test","block":11,"seed":84,"numerosity":50,"matchType":"unpaired","which":"second","trial_type":"numerosity-estimation","trial_index":201,"time_elapsed":2286589,"subject_id":"76195"},{"rt":10260,"stimulus":86,"slider_start":100,"sprites":"butterflies","response":72,"absDeviation":49,"callibration":"test","block":11,"seed":86,"numerosity":121,"matchType":"paired","which":"first","trial_type":"numerosity-estimation","trial_index":202,"time_elapsed":2296855,"subject_id":"76195"},{"rt":10308,"stimulus":86,"slider_start":100,"sprites":"butterflies","response":66,"absDeviation":55,"callibration":"test","block":11,"seed":86,"numerosity":121,"matchType":"paired","which":"second","trial_type":"numerosity-estimation","trial_index":203,"time_elapsed":2307171,"subject_id":"76195"},{"rt":11479,"stimulus":87,"slider_start":100,"sprites":"hearts","response":45,"absDeviation":5,"callibration":"test","block":11,"seed":87,"numerosity":50,"matchType":"unpaired","which":"second","trial_type":"numerosity-estimation","trial_index":204,"time_elapsed":2318657,"subject_id":"76195"},{"rt":10538,"stimulus":88,"slider_start":100,"sprites":"crackers","response":125,"absDeviation":10,"callibration":"test","block":11,"seed":88,"numerosity":135,"matchType":"unpaired","which":"second","trial_type":"numerosity-estimation","trial_index":205,"time_elapsed":2329203,"subject_id":"76195"},{"rt":9057,"stimulus":90,"slider_start":100,"sprites":"fruits","response":140,"absDeviation":10,"callibration":"test","block":11,"seed":90,"numerosity":150,"matchType":"paired","which":"first","trial_type":"numerosity-estimation","trial_index":206,"time_elapsed":2338268,"subject_id":"76195"},{"rt":9822,"stimulus":90,"slider_start":100,"sprites":"fruits","response":160,"absDeviation":10,"callibration":"test","block":11,"seed":90,"numerosity":150,"matchType":"paired","which":"second","trial_type":"numerosity-estimation","trial_index":207,"time_elapsed":2348096,"subject_id":"76195"},{"rt":10829,"stimulus":91,"slider_start":100,"sprites":"jellyBeans","response":72,"absDeviation":20,"callibration":"test","block":11,"seed":91,"numerosity":92,"matchType":"unpaired","which":"second","trial_type":"numerosity-estimation","trial_index":208,"time_elapsed":2358934,"subject_id":"76195"},{"rt":12237,"stimulus":92,"slider_start":100,"sprites":"marbles","response":80,"absDeviation":41,"callibration":"test","block":11,"seed":92,"numerosity":121,"matchType":"unpaired","which":"second","trial_type":"numerosity-estimation","trial_index":209,"time_elapsed":2371181,"subject_id":"76195"},{"rt":10552,"stimulus":94,"slider_start":100,"sprites":"rocks","response":70,"absDeviation":8,"callibration":"test","block":11,"seed":94,"numerosity":78,"matchType":"paired","which":"first","trial_type":"numerosity-estimation","trial_index":210,"time_elapsed":2381741,"subject_id":"76195"},{"rt":11147,"stimulus":94,"slider_start":100,"sprites":"rocks","response":80,"absDeviation":2,"callibration":"test","block":11,"seed":94,"numerosity":78,"matchType":"paired","which":"second","trial_type":"numerosity-estimation","trial_index":211,"time_elapsed":2392897,"subject_id":"76195"},{"rt":9609,"stimulus":95,"slider_start":100,"sprites":"buttons","response":60,"absDeviation":4,"callibration":"test","block":11,"seed":95,"numerosity":64,"matchType":"unpaired","which":"second","trial_type":"numerosity-estimation","trial_index":212,"time_elapsed":2402513,"subject_id":"76195"},{"rt":10298,"stimulus":96,"slider_start":100,"sprites":"animalCrackers","response":75,"absDeviation":17,"callibration":"test","block":11,"seed":96,"numerosity":92,"matchType":"unpaired","which":"second","trial_type":"numerosity-estimation","trial_index":213,"time_elapsed":2412819,"subject_id":"76195"},{"rt":1446,"stimulus":"<p> For the last block of trials, the average deviation of your guesses from correct answers was 17.</p>\n     <p>The smaller the deviation the better.  Your deviation was <b> VERY good</b>.</p><br>\n       <p>Press any key to continue to the next block of trials</p>","response":"enter","trial_type":"html-keyboard-response","trial_index":214,"time_elapsed":2414268,"subject_id":"76195"},{"rt":21176,"response":{"averageEstimates":"When the two displays occured back-to-back, in immediate succession.","firstOrSecond":"The second time the objects were shown"},"question_order":[0,1],"trial_type":"survey-multi-choice","trial_index":215,"time_elapsed":2435450,"subject_id":"76195"}]