[{"rt":5826,"url":"consent.html","trial_type":"external-html","trial_index":0,"time_elapsed":5865,"subject_id":"78304"},{"view_history":[{"page_index":0,"viewing_time":2669}],"rt":2669,"trial_type":"instructions","trial_index":1,"time_elapsed":8535,"subject_id":"78304"},{"rt":8122,"stimulus":0,"slider_start":100,"sprites":"animalCrackers","response":100,"absDeviation":50,"callibration":"callibration","block":-1,"seed":0,"numerosity":50,"matchType":"callibration","which":"first","trial_type":"numerosity-estimation","trial_index":2,"time_elapsed":16667,"subject_id":"78304"},{"rt":2226,"stimulus":1,"slider_start":100,"sprites":"letters","response":100,"absDeviation":36,"callibration":"callibration","block":-1,"seed":1,"numerosity":64,"matchType":"callibration","which":"first","trial_type":"numerosity-estimation","trial_index":3,"time_elapsed":18898,"subject_id":"78304"},{"rt":3312,"stimulus":2,"slider_start":100,"sprites":"butterflies","response":100,"absDeviation":22,"callibration":"callibration","block":-1,"seed":2,"numerosity":78,"matchType":"callibration","which":"first","trial_type":"numerosity-estimation","trial_index":4,"time_elapsed":22216,"subject_id":"78304"},{"rt":1377,"stimulus":3,"slider_start":100,"sprites":"hearts","response":100,"absDeviation":8,"callibration":"callibration","block":-1,"seed":3,"numerosity":92,"matchType":"callibration","which":"first","trial_type":"numerosity-estimation","trial_index":5,"time_elapsed":23599,"subject_id":"78304"},{"rt":1761,"stimulus":4,"slider_start":100,"sprites":"crackers","response":100,"absDeviation":7,"callibration":"callibration","block":-1,"seed":4,"numerosity":107,"matchType":"callibration","which":"first","trial_type":"numerosity-estimation","trial_index":6,"time_elapsed":25366,"subject_id":"78304"},{"rt":2360,"stimulus":5,"slider_start":100,"sprites":"bears","response":100,"absDeviation":21,"callibration":"callibration","block":-1,"seed":5,"numerosity":121,"matchType":"callibration","which":"first","trial_type":"numerosity-estimation","trial_index":7,"time_elapsed":27732,"subject_id":"78304"},{"rt":1310,"stimulus":6,"slider_start":100,"sprites":"fruits","response":100,"absDeviation":35,"callibration":"callibration","block":-1,"seed":6,"numerosity":135,"matchType":"callibration","which":"first","trial_type":"numerosity-estimation","trial_index":8,"time_elapsed":29049,"subject_id":"78304"},{"rt":1479,"stimulus":7,"slider_start":100,"sprites":"jellyBeans","response":100,"absDeviation":50,"callibration":"callibration","block":-1,"seed":7,"numerosity":150,"matchType":"callibration","which":"first","trial_type":"numerosity-estimation","trial_index":9,"time_elapsed":30533,"subject_id":"78304"},{"view_history":[{"page_index":0,"viewing_time":1899}],"rt":1900,"trial_type":"instructions","trial_index":10,"time_elapsed":32433,"subject_id":"78304"},{"rt":12160,"stimulus":1,"slider_start":100,"sprites":"letters","response":68,"absDeviation":24,"callibration":"test","block":0,"seed":1,"numerosity":92,"matchType":"paired","which":"first","trial_type":"numerosity-estimation","trial_index":11,"time_elapsed":44599,"subject_id":"78304"},{"rt":9644,"stimulus":1,"slider_start":100,"sprites":"letters","response":75,"absDeviation":17,"callibration":"test","block":0,"seed":1,"numerosity":92,"matchType":"paired","which":"second","trial_type":"numerosity-estimation","trial_index":12,"time_elapsed":54249,"subject_id":"78304"},{"rt":10157,"stimulus":3,"slider_start":100,"sprites":"hearts","response":52,"absDeviation":2,"callibration":"test","block":0,"seed":3,"numerosity":50,"matchType":"unpaired","which":"first","trial_type":"numerosity-estimation","trial_index":13,"time_elapsed":64415,"subject_id":"78304"},{"rt":4112,"stimulus":4,"slider_start":100,"sprites":"crackers","response":102,"absDeviation":5,"callibration":"test","block":0,"seed":4,"numerosity":107,"matchType":"unpaired","which":"first","trial_type":"numerosity-estimation","trial_index":14,"time_elapsed":68534,"subject_id":"78304"},{"rt":46863,"stimulus":5,"slider_start":100,"sprites":"bears","response":87,"absDeviation":37,"callibration":"test","block":0,"seed":5,"numerosity":50,"matchType":"paired","which":"first","trial_type":"numerosity-estimation","trial_index":15,"time_elapsed":115401,"subject_id":"78304"},{"rt":7558,"stimulus":5,"slider_start":100,"sprites":"bears","response":73,"absDeviation":23,"callibration":"test","block":0,"seed":5,"numerosity":50,"matchType":"paired","which":"second","trial_type":"numerosity-estimation","trial_index":16,"time_elapsed":122967,"subject_id":"78304"},{"rt":54710,"stimulus":7,"slider_start":100,"sprites":"jellyBeans","response":89,"absDeviation":39,"callibration":"test","block":0,"seed":7,"numerosity":50,"matchType":"unpaired","which":"first","trial_type":"numerosity-estimation","trial_index":17,"time_elapsed":177685,"subject_id":"78304"},{"rt":4588,"stimulus":8,"slider_start":100,"sprites":"marbles","response":87,"absDeviation":5,"callibration":"test","block":0,"seed":8,"numerosity":92,"matchType":"unpaired","which":"first","trial_type":"numerosity-estimation","trial_index":18,"time_elapsed":182284,"subject_id":"78304"},{"rt":5659,"stimulus":9,"slider_start":100,"sprites":"mints","response":122,"absDeviation":13,"callibration":"test","block":0,"seed":9,"numerosity":135,"matchType":"paired","which":"first","trial_type":"numerosity-estimation","trial_index":19,"time_elapsed":187949,"subject_id":"78304"},{"rt":5209,"stimulus":9,"slider_start":100,"sprites":"mints","response":133,"absDeviation":2,"callibration":"test","block":0,"seed":9,"numerosity":135,"matchType":"paired","which":"second","trial_type":"numerosity-estimation","trial_index":20,"time_elapsed":193167,"subject_id":"78304"},{"rt":5055,"stimulus":11,"slider_start":100,"sprites":"buttons","response":111,"absDeviation":4,"callibration":"test","block":0,"seed":11,"numerosity":107,"matchType":"unpaired","which":"first","trial_type":"numerosity-estimation","trial_index":21,"time_elapsed":198236,"subject_id":"78304"},{"rt":5374,"stimulus":12,"slider_start":100,"sprites":"animalCrackers","response":86,"absDeviation":6,"callibration":"test","block":0,"seed":12,"numerosity":92,"matchType":"unpaired","which":"first","trial_type":"numerosity-estimation","trial_index":22,"time_elapsed":203618,"subject_id":"78304"},{"rt":3357,"stimulus":13,"slider_start":100,"sprites":"letters","response":95,"absDeviation":12,"callibration":"test","block":0,"seed":13,"numerosity":107,"matchType":"paired","which":"first","trial_type":"numerosity-estimation","trial_index":23,"time_elapsed":206984,"subject_id":"78304"},{"rt":5074,"stimulus":13,"slider_start":100,"sprites":"letters","response":83,"absDeviation":24,"callibration":"test","block":0,"seed":13,"numerosity":107,"matchType":"paired","which":"second","trial_type":"numerosity-estimation","trial_index":24,"time_elapsed":212067,"subject_id":"78304"},{"rt":5806,"stimulus":15,"slider_start":100,"sprites":"hearts","response":102,"absDeviation":19,"callibration":"test","block":0,"seed":15,"numerosity":121,"matchType":"unpaired","which":"first","trial_type":"numerosity-estimation","trial_index":25,"time_elapsed":217882,"subject_id":"78304"},{"rt":8627,"stimulus":16,"slider_start":100,"sprites":"crackers","response":58,"absDeviation":6,"callibration":"test","block":0,"seed":16,"numerosity":64,"matchType":"unpaired","which":"first","trial_type":"numerosity-estimation","trial_index":26,"time_elapsed":226516,"subject_id":"78304"},{"rt":12027,"stimulus":"<p> For the last block of trials, the average deviation of your guesses from correct answers was 15.</p>\n     <p>The smaller the deviation the better.  Your deviation was <b> VERY good</b>.</p><br>\n       <p>Press any key to continue to the next block of trials</p>","response":" ","trial_type":"html-keyboard-response","trial_index":27,"time_elapsed":238552,"subject_id":"78304"},{"rt":7569,"stimulus":17,"slider_start":100,"sprites":"bears","response":84,"absDeviation":8,"callibration":"test","block":1,"seed":17,"numerosity":92,"matchType":"paired","which":"first","trial_type":"numerosity-estimation","trial_index":28,"time_elapsed":246134,"subject_id":"78304"},{"rt":4169,"stimulus":17,"slider_start":100,"sprites":"bears","response":103,"absDeviation":11,"callibration":"test","block":1,"seed":17,"numerosity":92,"matchType":"paired","which":"second","trial_type":"numerosity-estimation","trial_index":29,"time_elapsed":250317,"subject_id":"78304"},{"rt":7044,"stimulus":19,"slider_start":100,"sprites":"jellyBeans","response":81,"absDeviation":54,"callibration":"test","block":1,"seed":19,"numerosity":135,"matchType":"unpaired","which":"first","trial_type":"numerosity-estimation","trial_index":30,"time_elapsed":257368,"subject_id":"78304"},{"rt":6317,"stimulus":20,"slider_start":100,"sprites":"marbles","response":54,"absDeviation":24,"callibration":"test","block":1,"seed":20,"numerosity":78,"matchType":"unpaired","which":"first","trial_type":"numerosity-estimation","trial_index":31,"time_elapsed":263701,"subject_id":"78304"},{"rt":3653,"stimulus":21,"slider_start":100,"sprites":"mints","response":63,"absDeviation":29,"callibration":"test","block":1,"seed":21,"numerosity":92,"matchType":"paired","which":"first","trial_type":"numerosity-estimation","trial_index":32,"time_elapsed":267368,"subject_id":"78304"},{"rt":3937,"stimulus":21,"slider_start":100,"sprites":"mints","response":92,"absDeviation":0,"callibration":"test","block":1,"seed":21,"numerosity":92,"matchType":"paired","which":"second","trial_type":"numerosity-estimation","trial_index":33,"time_elapsed":271320,"subject_id":"78304"},{"rt":3122,"stimulus":23,"slider_start":100,"sprites":"buttons","response":108,"absDeviation":42,"callibration":"test","block":1,"seed":23,"numerosity":150,"matchType":"unpaired","which":"first","trial_type":"numerosity-estimation","trial_index":34,"time_elapsed":274450,"subject_id":"78304"},{"rt":4122,"stimulus":24,"slider_start":100,"sprites":"animalCrackers","response":117,"absDeviation":10,"callibration":"test","block":1,"seed":24,"numerosity":107,"matchType":"unpaired","which":"first","trial_type":"numerosity-estimation","trial_index":35,"time_elapsed":278582,"subject_id":"78304"},{"rt":3079,"stimulus":25,"slider_start":100,"sprites":"letters","response":94,"absDeviation":13,"callibration":"test","block":1,"seed":25,"numerosity":107,"matchType":"paired","which":"first","trial_type":"numerosity-estimation","trial_index":36,"time_elapsed":281667,"subject_id":"78304"},{"rt":6273,"stimulus":25,"slider_start":100,"sprites":"letters","response":95,"absDeviation":12,"callibration":"test","block":1,"seed":25,"numerosity":107,"matchType":"paired","which":"second","trial_type":"numerosity-estimation","trial_index":37,"time_elapsed":287954,"subject_id":"78304"},{"rt":27717,"stimulus":27,"slider_start":100,"sprites":"hearts","response":87,"absDeviation":34,"callibration":"test","block":1,"seed":27,"numerosity":121,"matchType":"unpaired","which":"first","trial_type":"numerosity-estimation","trial_index":38,"time_elapsed":315684,"subject_id":"78304"},{"rt":4324,"stimulus":28,"slider_start":100,"sprites":"crackers","response":105,"absDeviation":45,"callibration":"test","block":1,"seed":28,"numerosity":150,"matchType":"unpaired","which":"first","trial_type":"numerosity-estimation","trial_index":39,"time_elapsed":320018,"subject_id":"78304"},{"rt":6376,"stimulus":29,"slider_start":100,"sprites":"bears","response":68,"absDeviation":4,"callibration":"test","block":1,"seed":29,"numerosity":64,"matchType":"paired","which":"first","trial_type":"numerosity-estimation","trial_index":40,"time_elapsed":326403,"subject_id":"78304"},{"rt":8354,"stimulus":29,"slider_start":100,"sprites":"bears","response":73,"absDeviation":9,"callibration":"test","block":1,"seed":29,"numerosity":64,"matchType":"paired","which":"second","trial_type":"numerosity-estimation","trial_index":41,"time_elapsed":334771,"subject_id":"78304"},{"rt":6354,"stimulus":31,"slider_start":100,"sprites":"jellyBeans","response":97,"absDeviation":53,"callibration":"test","block":1,"seed":31,"numerosity":150,"matchType":"unpaired","which":"first","trial_type":"numerosity-estimation","trial_index":42,"time_elapsed":341135,"subject_id":"78304"},{"rt":51008,"stimulus":32,"slider_start":100,"sprites":"marbles","response":81,"absDeviation":54,"callibration":"test","block":1,"seed":32,"numerosity":135,"matchType":"unpaired","which":"first","trial_type":"numerosity-estimation","trial_index":43,"time_elapsed":392158,"subject_id":"78304"},{"rt":4000,"stimulus":"<p> For the last block of trials, the average deviation of your guesses from correct answers was 25.</p>\n     <p>The smaller the deviation the better.  Your deviation was <b> good</b>.</p><br>\n       <p>Press any key to continue to the next block of trials</p>","response":" ","trial_type":"html-keyboard-response","trial_index":44,"time_elapsed":396167,"subject_id":"78304"},{"rt":4125,"stimulus":33,"slider_start":100,"sprites":"mints","response":96,"absDeviation":25,"callibration":"test","block":2,"seed":33,"numerosity":121,"matchType":"paired","which":"first","trial_type":"numerosity-estimation","trial_index":45,"time_elapsed":400303,"subject_id":"78304"},{"rt":4958,"stimulus":33,"slider_start":100,"sprites":"mints","response":98,"absDeviation":23,"callibration":"test","block":2,"seed":33,"numerosity":121,"matchType":"paired","which":"second","trial_type":"numerosity-estimation","trial_index":46,"time_elapsed":405269,"subject_id":"78304"},{"rt":3328,"stimulus":35,"slider_start":100,"sprites":"buttons","response":62,"absDeviation":16,"callibration":"test","block":2,"seed":35,"numerosity":78,"matchType":"unpaired","which":"first","trial_type":"numerosity-estimation","trial_index":47,"time_elapsed":408616,"subject_id":"78304"},{"rt":3245,"stimulus":36,"slider_start":100,"sprites":"animalCrackers","response":55,"absDeviation":5,"callibration":"test","block":2,"seed":36,"numerosity":50,"matchType":"unpaired","which":"first","trial_type":"numerosity-estimation","trial_index":48,"time_elapsed":411869,"subject_id":"78304"},{"rt":3427,"stimulus":37,"slider_start":100,"sprites":"letters","response":85,"absDeviation":50,"callibration":"test","block":2,"seed":37,"numerosity":135,"matchType":"paired","which":"first","trial_type":"numerosity-estimation","trial_index":49,"time_elapsed":415300,"subject_id":"78304"},{"rt":4644,"stimulus":37,"slider_start":100,"sprites":"letters","response":102,"absDeviation":33,"callibration":"test","block":2,"seed":37,"numerosity":135,"matchType":"paired","which":"second","trial_type":"numerosity-estimation","trial_index":50,"time_elapsed":419950,"subject_id":"78304"},{"rt":10211,"stimulus":39,"slider_start":100,"sprites":"hearts","response":83,"absDeviation":5,"callibration":"test","block":2,"seed":39,"numerosity":78,"matchType":"unpaired","which":"first","trial_type":"numerosity-estimation","trial_index":51,"time_elapsed":430167,"subject_id":"78304"},{"rt":73011,"stimulus":40,"slider_start":100,"sprites":"crackers","response":98,"absDeviation":23,"callibration":"test","block":2,"seed":40,"numerosity":121,"matchType":"unpaired","which":"first","trial_type":"numerosity-estimation","trial_index":52,"time_elapsed":503186,"subject_id":"78304"},{"rt":9355,"stimulus":41,"slider_start":100,"sprites":"bears","response":60,"absDeviation":10,"callibration":"test","block":2,"seed":41,"numerosity":50,"matchType":"paired","which":"first","trial_type":"numerosity-estimation","trial_index":53,"time_elapsed":512551,"subject_id":"78304"},{"rt":3754,"stimulus":41,"slider_start":100,"sprites":"bears","response":66,"absDeviation":16,"callibration":"test","block":2,"seed":41,"numerosity":50,"matchType":"paired","which":"second","trial_type":"numerosity-estimation","trial_index":54,"time_elapsed":516318,"subject_id":"78304"},{"rt":4408,"stimulus":43,"slider_start":100,"sprites":"jellyBeans","response":71,"absDeviation":7,"callibration":"test","block":2,"seed":43,"numerosity":64,"matchType":"unpaired","which":"first","trial_type":"numerosity-estimation","trial_index":55,"time_elapsed":520735,"subject_id":"78304"},{"rt":9892,"stimulus":44,"slider_start":100,"sprites":"marbles","response":74,"absDeviation":47,"callibration":"test","block":2,"seed":44,"numerosity":121,"matchType":"unpaired","which":"first","trial_type":"numerosity-estimation","trial_index":56,"time_elapsed":530635,"subject_id":"78304"},{"rt":4509,"stimulus":45,"slider_start":100,"sprites":"mints","response":103,"absDeviation":18,"callibration":"test","block":2,"seed":45,"numerosity":121,"matchType":"paired","which":"first","trial_type":"numerosity-estimation","trial_index":57,"time_elapsed":535152,"subject_id":"78304"},{"rt":4207,"stimulus":45,"slider_start":100,"sprites":"mints","response":107,"absDeviation":14,"callibration":"test","block":2,"seed":45,"numerosity":121,"matchType":"paired","which":"second","trial_type":"numerosity-estimation","trial_index":58,"time_elapsed":539368,"subject_id":"78304"},{"rt":3991,"stimulus":47,"slider_start":100,"sprites":"buttons","response":97,"absDeviation":24,"callibration":"test","block":2,"seed":47,"numerosity":121,"matchType":"unpaired","which":"first","trial_type":"numerosity-estimation","trial_index":59,"time_elapsed":543368,"subject_id":"78304"},{"rt":3107,"stimulus":48,"slider_start":100,"sprites":"animalCrackers","response":125,"absDeviation":10,"callibration":"test","block":2,"seed":48,"numerosity":135,"matchType":"unpaired","which":"first","trial_type":"numerosity-estimation","trial_index":60,"time_elapsed":546485,"subject_id":"78304"},{"rt":1824,"stimulus":"<p> For the last block of trials, the average deviation of your guesses from correct answers was 20.</p>\n     <p>The smaller the deviation the better.  Your deviation was <b> VERY good</b>.</p><br>\n       <p>Press any key to continue to the next block of trials</p>","response":" ","trial_type":"html-keyboard-response","trial_index":61,"time_elapsed":548312,"subject_id":"78304"},{"rt":4231,"stimulus":49,"slider_start":100,"sprites":"letters","response":67,"absDeviation":11,"callibration":"test","block":3,"seed":49,"numerosity":78,"matchType":"paired","which":"first","trial_type":"numerosity-estimation","trial_index":62,"time_elapsed":552552,"subject_id":"78304"},{"rt":4325,"stimulus":49,"slider_start":100,"sprites":"letters","response":71,"absDeviation":7,"callibration":"test","block":3,"seed":49,"numerosity":78,"matchType":"paired","which":"second","trial_type":"numerosity-estimation","trial_index":63,"time_elapsed":556884,"subject_id":"78304"},{"rt":3820,"stimulus":51,"slider_start":100,"sprites":"hearts","response":79,"absDeviation":71,"callibration":"test","block":3,"seed":51,"numerosity":150,"matchType":"unpaired","which":"first","trial_type":"numerosity-estimation","trial_index":64,"time_elapsed":560719,"subject_id":"78304"},{"rt":3760,"stimulus":52,"slider_start":100,"sprites":"crackers","response":76,"absDeviation":2,"callibration":"test","block":3,"seed":52,"numerosity":78,"matchType":"unpaired","which":"first","trial_type":"numerosity-estimation","trial_index":65,"time_elapsed":564487,"subject_id":"78304"},{"rt":6207,"stimulus":53,"slider_start":100,"sprites":"bears","response":62,"absDeviation":12,"callibration":"test","block":3,"seed":53,"numerosity":50,"matchType":"paired","which":"first","trial_type":"numerosity-estimation","trial_index":66,"time_elapsed":570702,"subject_id":"78304"},{"rt":4387,"stimulus":53,"slider_start":100,"sprites":"bears","response":71,"absDeviation":21,"callibration":"test","block":3,"seed":53,"numerosity":50,"matchType":"paired","which":"second","trial_type":"numerosity-estimation","trial_index":67,"time_elapsed":575102,"subject_id":"78304"},{"rt":9023,"stimulus":55,"slider_start":100,"sprites":"jellyBeans","response":101,"absDeviation":20,"callibration":"test","block":3,"seed":55,"numerosity":121,"matchType":"unpaired","which":"first","trial_type":"numerosity-estimation","trial_index":68,"time_elapsed":584135,"subject_id":"78304"},{"rt":3857,"stimulus":56,"slider_start":100,"sprites":"marbles","response":51,"absDeviation":13,"callibration":"test","block":3,"seed":56,"numerosity":64,"matchType":"unpaired","which":"first","trial_type":"numerosity-estimation","trial_index":69,"time_elapsed":588002,"subject_id":"78304"},{"rt":7753,"stimulus":57,"slider_start":100,"sprites":"mints","response":69,"absDeviation":5,"callibration":"test","block":3,"seed":57,"numerosity":64,"matchType":"paired","which":"first","trial_type":"numerosity-estimation","trial_index":70,"time_elapsed":595769,"subject_id":"78304"},{"rt":5322,"stimulus":57,"slider_start":100,"sprites":"mints","response":79,"absDeviation":15,"callibration":"test","block":3,"seed":57,"numerosity":64,"matchType":"paired","which":"second","trial_type":"numerosity-estimation","trial_index":71,"time_elapsed":601101,"subject_id":"78304"},{"rt":8324,"stimulus":59,"slider_start":100,"sprites":"buttons","response":97,"absDeviation":38,"callibration":"test","block":3,"seed":59,"numerosity":135,"matchType":"unpaired","which":"first","trial_type":"numerosity-estimation","trial_index":72,"time_elapsed":609434,"subject_id":"78304"},{"rt":8338,"stimulus":60,"slider_start":100,"sprites":"animalCrackers","response":114,"absDeviation":36,"callibration":"test","block":3,"seed":60,"numerosity":150,"matchType":"unpaired","which":"first","trial_type":"numerosity-estimation","trial_index":73,"time_elapsed":617785,"subject_id":"78304"},{"rt":69819,"stimulus":61,"slider_start":100,"sprites":"letters","response":71,"absDeviation":21,"callibration":"test","block":3,"seed":61,"numerosity":50,"matchType":"paired","which":"first","trial_type":"numerosity-estimation","trial_index":74,"time_elapsed":687619,"subject_id":"78304"},{"rt":9358,"stimulus":61,"slider_start":100,"sprites":"letters","response":62,"absDeviation":12,"callibration":"test","block":3,"seed":61,"numerosity":50,"matchType":"paired","which":"second","trial_type":"numerosity-estimation","trial_index":75,"time_elapsed":696985,"subject_id":"78304"},{"rt":7269,"stimulus":63,"slider_start":100,"sprites":"hearts","response":75,"absDeviation":11,"callibration":"test","block":3,"seed":63,"numerosity":64,"matchType":"unpaired","which":"first","trial_type":"numerosity-estimation","trial_index":76,"time_elapsed":704269,"subject_id":"78304"},{"rt":4783,"stimulus":64,"slider_start":100,"sprites":"crackers","response":89,"absDeviation":46,"callibration":"test","block":3,"seed":64,"numerosity":135,"matchType":"unpaired","which":"first","trial_type":"numerosity-estimation","trial_index":77,"time_elapsed":709067,"subject_id":"78304"},{"rt":1453,"stimulus":"<p> For the last block of trials, the average deviation of your guesses from correct answers was 21.</p>\n     <p>The smaller the deviation the better.  Your deviation was <b> VERY good</b>.</p><br>\n       <p>Press any key to continue to the next block of trials</p>","response":" ","trial_type":"html-keyboard-response","trial_index":78,"time_elapsed":710521,"subject_id":"78304"},{"rt":3187,"stimulus":65,"slider_start":100,"sprites":"bears","response":97,"absDeviation":10,"callibration":"test","block":4,"seed":65,"numerosity":107,"matchType":"paired","which":"first","trial_type":"numerosity-estimation","trial_index":79,"time_elapsed":713718,"subject_id":"78304"},{"rt":7425,"stimulus":65,"slider_start":100,"sprites":"bears","response":98,"absDeviation":9,"callibration":"test","block":4,"seed":65,"numerosity":107,"matchType":"paired","which":"second","trial_type":"numerosity-estimation","trial_index":80,"time_elapsed":721153,"subject_id":"78304"},{"rt":3670,"stimulus":67,"slider_start":100,"sprites":"jellyBeans","response":87,"absDeviation":20,"callibration":"test","block":4,"seed":67,"numerosity":107,"matchType":"unpaired","which":"first","trial_type":"numerosity-estimation","trial_index":81,"time_elapsed":724836,"subject_id":"78304"},{"rt":4025,"stimulus":68,"slider_start":100,"sprites":"marbles","response":79,"absDeviation":71,"callibration":"test","block":4,"seed":68,"numerosity":150,"matchType":"unpaired","which":"first","trial_type":"numerosity-estimation","trial_index":82,"time_elapsed":728870,"subject_id":"78304"},{"rt":3667,"stimulus":69,"slider_start":100,"sprites":"mints","response":92,"absDeviation":29,"callibration":"test","block":4,"seed":69,"numerosity":121,"matchType":"paired","which":"first","trial_type":"numerosity-estimation","trial_index":83,"time_elapsed":732552,"subject_id":"78304"},{"rt":2825,"stimulus":69,"slider_start":100,"sprites":"mints","response":103,"absDeviation":18,"callibration":"test","block":4,"seed":69,"numerosity":121,"matchType":"paired","which":"second","trial_type":"numerosity-estimation","trial_index":84,"time_elapsed":735385,"subject_id":"78304"},{"rt":3622,"stimulus":71,"slider_start":100,"sprites":"buttons","response":93,"absDeviation":14,"callibration":"test","block":4,"seed":71,"numerosity":107,"matchType":"unpaired","which":"first","trial_type":"numerosity-estimation","trial_index":85,"time_elapsed":739019,"subject_id":"78304"},{"rt":3256,"stimulus":72,"slider_start":100,"sprites":"animalCrackers","response":75,"absDeviation":25,"callibration":"test","block":4,"seed":72,"numerosity":50,"matchType":"unpaired","which":"first","trial_type":"numerosity-estimation","trial_index":86,"time_elapsed":742286,"subject_id":"78304"},{"rt":3637,"stimulus":73,"slider_start":100,"sprites":"letters","response":72,"absDeviation":6,"callibration":"test","block":4,"seed":73,"numerosity":78,"matchType":"paired","which":"first","trial_type":"numerosity-estimation","trial_index":87,"time_elapsed":745934,"subject_id":"78304"},{"rt":2644,"stimulus":73,"slider_start":100,"sprites":"letters","response":83,"absDeviation":5,"callibration":"test","block":4,"seed":73,"numerosity":78,"matchType":"paired","which":"second","trial_type":"numerosity-estimation","trial_index":88,"time_elapsed":748585,"subject_id":"78304"},{"rt":4341,"stimulus":75,"slider_start":100,"sprites":"hearts","response":98,"absDeviation":6,"callibration":"test","block":4,"seed":75,"numerosity":92,"matchType":"unpaired","which":"first","trial_type":"numerosity-estimation","trial_index":89,"time_elapsed":752935,"subject_id":"78304"},{"rt":4659,"stimulus":76,"slider_start":100,"sprites":"crackers","response":76,"absDeviation":12,"callibration":"test","block":4,"seed":76,"numerosity":64,"matchType":"unpaired","which":"first","trial_type":"numerosity-estimation","trial_index":90,"time_elapsed":757602,"subject_id":"78304"},{"rt":3324,"stimulus":77,"slider_start":100,"sprites":"bears","response":93,"absDeviation":42,"callibration":"test","block":4,"seed":77,"numerosity":135,"matchType":"paired","which":"first","trial_type":"numerosity-estimation","trial_index":91,"time_elapsed":760935,"subject_id":"78304"},{"rt":3241,"stimulus":77,"slider_start":100,"sprites":"bears","response":98,"absDeviation":37,"callibration":"test","block":4,"seed":77,"numerosity":135,"matchType":"paired","which":"second","trial_type":"numerosity-estimation","trial_index":92,"time_elapsed":764185,"subject_id":"78304"},{"rt":6542,"stimulus":79,"slider_start":100,"sprites":"jellyBeans","response":51,"absDeviation":1,"callibration":"test","block":4,"seed":79,"numerosity":50,"matchType":"unpaired","which":"first","trial_type":"numerosity-estimation","trial_index":93,"time_elapsed":770736,"subject_id":"78304"},{"rt":3717,"stimulus":80,"slider_start":100,"sprites":"marbles","response":57,"absDeviation":64,"callibration":"test","block":4,"seed":80,"numerosity":121,"matchType":"unpaired","which":"first","trial_type":"numerosity-estimation","trial_index":94,"time_elapsed":774468,"subject_id":"78304"},{"rt":1282,"stimulus":"<p> For the last block of trials, the average deviation of your guesses from correct answers was 23.</p>\n     <p>The smaller the deviation the better.  Your deviation was <b> VERY good</b>.</p><br>\n       <p>Press any key to continue to the next block of trials</p>","response":" ","trial_type":"html-keyboard-response","trial_index":95,"time_elapsed":775753,"subject_id":"78304"},{"rt":5091,"stimulus":81,"slider_start":100,"sprites":"mints","response":86,"absDeviation":35,"callibration":"test","block":5,"seed":81,"numerosity":121,"matchType":"paired","which":"first","trial_type":"numerosity-estimation","trial_index":96,"time_elapsed":780852,"subject_id":"78304"},{"rt":4122,"stimulus":81,"slider_start":100,"sprites":"mints","response":93,"absDeviation":28,"callibration":"test","block":5,"seed":81,"numerosity":121,"matchType":"paired","which":"second","trial_type":"numerosity-estimation","trial_index":97,"time_elapsed":784983,"subject_id":"78304"},{"rt":5030,"stimulus":83,"slider_start":100,"sprites":"buttons","response":90,"absDeviation":31,"callibration":"test","block":5,"seed":83,"numerosity":121,"matchType":"unpaired","which":"first","trial_type":"numerosity-estimation","trial_index":98,"time_elapsed":790024,"subject_id":"78304"},{"rt":4152,"stimulus":84,"slider_start":100,"sprites":"animalCrackers","response":72,"absDeviation":22,"callibration":"test","block":5,"seed":84,"numerosity":50,"matchType":"unpaired","which":"first","trial_type":"numerosity-estimation","trial_index":99,"time_elapsed":794185,"subject_id":"78304"},{"rt":6408,"stimulus":85,"slider_start":100,"sprites":"letters","response":63,"absDeviation":1,"callibration":"test","block":5,"seed":85,"numerosity":64,"matchType":"paired","which":"first","trial_type":"numerosity-estimation","trial_index":100,"time_elapsed":800602,"subject_id":"78304"},{"rt":3353,"stimulus":85,"slider_start":100,"sprites":"letters","response":66,"absDeviation":2,"callibration":"test","block":5,"seed":85,"numerosity":64,"matchType":"paired","which":"second","trial_type":"numerosity-estimation","trial_index":101,"time_elapsed":803969,"subject_id":"78304"},{"rt":4775,"stimulus":87,"slider_start":100,"sprites":"hearts","response":63,"absDeviation":13,"callibration":"test","block":5,"seed":87,"numerosity":50,"matchType":"unpaired","which":"first","trial_type":"numerosity-estimation","trial_index":102,"time_elapsed":808752,"subject_id":"78304"},{"rt":7087,"stimulus":88,"slider_start":100,"sprites":"crackers","response":85,"absDeviation":50,"callibration":"test","block":5,"seed":88,"numerosity":135,"matchType":"unpaired","which":"first","trial_type":"numerosity-estimation","trial_index":103,"time_elapsed":815853,"subject_id":"78304"},{"rt":9407,"stimulus":89,"slider_start":100,"sprites":"bears","response":68,"absDeviation":18,"callibration":"test","block":5,"seed":89,"numerosity":50,"matchType":"paired","which":"first","trial_type":"numerosity-estimation","trial_index":104,"time_elapsed":825269,"subject_id":"78304"},{"rt":12691,"stimulus":89,"slider_start":100,"sprites":"bears","response":62,"absDeviation":12,"callibration":"test","block":5,"seed":89,"numerosity":50,"matchType":"paired","which":"second","trial_type":"numerosity-estimation","trial_index":105,"time_elapsed":837969,"subject_id":"78304"},{"rt":7117,"stimulus":91,"slider_start":100,"sprites":"jellyBeans","response":92,"absDeviation":0,"callibration":"test","block":5,"seed":91,"numerosity":92,"matchType":"unpaired","which":"first","trial_type":"numerosity-estimation","trial_index":106,"time_elapsed":845101,"subject_id":"78304"},{"rt":7579,"stimulus":92,"slider_start":100,"sprites":"marbles","response":70,"absDeviation":51,"callibration":"test","block":5,"seed":92,"numerosity":121,"matchType":"unpaired","which":"first","trial_type":"numerosity-estimation","trial_index":107,"time_elapsed":852687,"subject_id":"78304"},{"rt":7340,"stimulus":93,"slider_start":100,"sprites":"mints","response":67,"absDeviation":11,"callibration":"test","block":5,"seed":93,"numerosity":78,"matchType":"paired","which":"first","trial_type":"numerosity-estimation","trial_index":108,"time_elapsed":860036,"subject_id":"78304"},{"rt":6225,"stimulus":93,"slider_start":100,"sprites":"mints","response":79,"absDeviation":1,"callibration":"test","block":5,"seed":93,"numerosity":78,"matchType":"paired","which":"second","trial_type":"numerosity-estimation","trial_index":109,"time_elapsed":866270,"subject_id":"78304"},{"rt":4436,"stimulus":95,"slider_start":100,"sprites":"buttons","response":76,"absDeviation":12,"callibration":"test","block":5,"seed":95,"numerosity":64,"matchType":"unpaired","which":"first","trial_type":"numerosity-estimation","trial_index":110,"time_elapsed":870719,"subject_id":"78304"},{"rt":3425,"stimulus":96,"slider_start":100,"sprites":"animalCrackers","response":89,"absDeviation":3,"callibration":"test","block":5,"seed":96,"numerosity":92,"matchType":"unpaired","which":"first","trial_type":"numerosity-estimation","trial_index":111,"time_elapsed":874153,"subject_id":"78304"},{"rt":1173,"stimulus":"<p> For the last block of trials, the average deviation of your guesses from correct answers was 18.</p>\n     <p>The smaller the deviation the better.  Your deviation was <b> VERY good</b>.</p><br>\n       <p>Press any key to continue to the next block of trials</p>","response":" ","trial_type":"html-keyboard-response","trial_index":112,"time_elapsed":875335,"subject_id":"78304"},{"rt":4392,"stimulus":2,"slider_start":100,"sprites":"butterflies","response":103,"absDeviation":32,"callibration":"test","block":6,"seed":2,"numerosity":135,"matchType":"paired","which":"first","trial_type":"numerosity-estimation","trial_index":113,"time_elapsed":879735,"subject_id":"78304"},{"rt":3040,"stimulus":2,"slider_start":100,"sprites":"butterflies","response":97,"absDeviation":38,"callibration":"test","block":6,"seed":2,"numerosity":135,"matchType":"paired","which":"second","trial_type":"numerosity-estimation","trial_index":114,"time_elapsed":882785,"subject_id":"78304"},{"rt":9907,"stimulus":3,"slider_start":100,"sprites":"hearts","response":57,"absDeviation":7,"callibration":"test","block":6,"seed":3,"numerosity":50,"matchType":"unpaired","which":"second","trial_type":"numerosity-estimation","trial_index":115,"time_elapsed":892702,"subject_id":"78304"},{"rt":6792,"stimulus":4,"slider_start":100,"sprites":"crackers","response":84,"absDeviation":23,"callibration":"test","block":6,"seed":4,"numerosity":107,"matchType":"unpaired","which":"second","trial_type":"numerosity-estimation","trial_index":116,"time_elapsed":899502,"subject_id":"78304"},{"rt":5668,"stimulus":6,"slider_start":100,"sprites":"fruits","response":74,"absDeviation":4,"callibration":"test","block":6,"seed":6,"numerosity":78,"matchType":"paired","which":"first","trial_type":"numerosity-estimation","trial_index":117,"time_elapsed":905184,"subject_id":"78304"},{"rt":2893,"stimulus":6,"slider_start":100,"sprites":"fruits","response":87,"absDeviation":9,"callibration":"test","block":6,"seed":6,"numerosity":78,"matchType":"paired","which":"second","trial_type":"numerosity-estimation","trial_index":118,"time_elapsed":908084,"subject_id":"78304"},{"rt":5547,"stimulus":7,"slider_start":100,"sprites":"jellyBeans","response":69,"absDeviation":19,"callibration":"test","block":6,"seed":7,"numerosity":50,"matchType":"unpaired","which":"second","trial_type":"numerosity-estimation","trial_index":119,"time_elapsed":913637,"subject_id":"78304"},{"rt":5335,"stimulus":8,"slider_start":100,"sprites":"marbles","response":68,"absDeviation":24,"callibration":"test","block":6,"seed":8,"numerosity":92,"matchType":"unpaired","which":"second","trial_type":"numerosity-estimation","trial_index":120,"time_elapsed":918985,"subject_id":"78304"},{"rt":5342,"stimulus":10,"slider_start":100,"sprites":"rocks","response":67,"absDeviation":17,"callibration":"test","block":6,"seed":10,"numerosity":50,"matchType":"paired","which":"first","trial_type":"numerosity-estimation","trial_index":121,"time_elapsed":924334,"subject_id":"78304"},{"rt":7404,"stimulus":10,"slider_start":100,"sprites":"rocks","response":65,"absDeviation":15,"callibration":"test","block":6,"seed":10,"numerosity":50,"matchType":"paired","which":"second","trial_type":"numerosity-estimation","trial_index":122,"time_elapsed":931748,"subject_id":"78304"},{"rt":2860,"stimulus":11,"slider_start":100,"sprites":"buttons","response":84,"absDeviation":23,"callibration":"test","block":6,"seed":11,"numerosity":107,"matchType":"unpaired","which":"second","trial_type":"numerosity-estimation","trial_index":123,"time_elapsed":934615,"subject_id":"78304"},{"rt":2921,"stimulus":12,"slider_start":100,"sprites":"animalCrackers","response":95,"absDeviation":3,"callibration":"test","block":6,"seed":12,"numerosity":92,"matchType":"unpaired","which":"second","trial_type":"numerosity-estimation","trial_index":124,"time_elapsed":937546,"subject_id":"78304"},{"rt":2742,"stimulus":14,"slider_start":100,"sprites":"butterflies","response":107,"absDeviation":43,"callibration":"test","block":6,"seed":14,"numerosity":150,"matchType":"paired","which":"first","trial_type":"numerosity-estimation","trial_index":125,"time_elapsed":940295,"subject_id":"78304"},{"rt":2740,"stimulus":14,"slider_start":100,"sprites":"butterflies","response":106,"absDeviation":44,"callibration":"test","block":6,"seed":14,"numerosity":150,"matchType":"paired","which":"second","trial_type":"numerosity-estimation","trial_index":126,"time_elapsed":943044,"subject_id":"78304"},{"rt":2561,"stimulus":15,"slider_start":100,"sprites":"hearts","response":112,"absDeviation":9,"callibration":"test","block":6,"seed":15,"numerosity":121,"matchType":"unpaired","which":"second","trial_type":"numerosity-estimation","trial_index":127,"time_elapsed":945611,"subject_id":"78304"},{"rt":7292,"stimulus":16,"slider_start":100,"sprites":"crackers","response":81,"absDeviation":17,"callibration":"test","block":6,"seed":16,"numerosity":64,"matchType":"unpaired","which":"second","trial_type":"numerosity-estimation","trial_index":128,"time_elapsed":952910,"subject_id":"78304"},{"rt":1129,"stimulus":"<p> For the last block of trials, the average deviation of your guesses from correct answers was 20.</p>\n     <p>The smaller the deviation the better.  Your deviation was <b> VERY good</b>.</p><br>\n       <p>Press any key to continue to the next block of trials</p>","response":" ","trial_type":"html-keyboard-response","trial_index":129,"time_elapsed":954050,"subject_id":"78304"},{"rt":5319,"stimulus":18,"slider_start":100,"sprites":"fruits","response":97,"absDeviation":10,"callibration":"test","block":7,"seed":18,"numerosity":107,"matchType":"paired","which":"first","trial_type":"numerosity-estimation","trial_index":130,"time_elapsed":959377,"subject_id":"78304"},{"rt":2558,"stimulus":18,"slider_start":100,"sprites":"fruits","response":104,"absDeviation":3,"callibration":"test","block":7,"seed":18,"numerosity":107,"matchType":"paired","which":"second","trial_type":"numerosity-estimation","trial_index":131,"time_elapsed":961945,"subject_id":"78304"},{"rt":2506,"stimulus":19,"slider_start":100,"sprites":"jellyBeans","response":112,"absDeviation":23,"callibration":"test","block":7,"seed":19,"numerosity":135,"matchType":"unpaired","which":"second","trial_type":"numerosity-estimation","trial_index":132,"time_elapsed":964460,"subject_id":"78304"},{"rt":9643,"stimulus":20,"slider_start":100,"sprites":"marbles","response":72,"absDeviation":6,"callibration":"test","block":7,"seed":20,"numerosity":78,"matchType":"unpaired","which":"second","trial_type":"numerosity-estimation","trial_index":133,"time_elapsed":974111,"subject_id":"78304"},{"rt":4135,"stimulus":22,"slider_start":100,"sprites":"rocks","response":88,"absDeviation":4,"callibration":"test","block":7,"seed":22,"numerosity":92,"matchType":"paired","which":"first","trial_type":"numerosity-estimation","trial_index":134,"time_elapsed":978260,"subject_id":"78304"},{"rt":2691,"stimulus":22,"slider_start":100,"sprites":"rocks","response":96,"absDeviation":4,"callibration":"test","block":7,"seed":22,"numerosity":92,"matchType":"paired","which":"second","trial_type":"numerosity-estimation","trial_index":135,"time_elapsed":980958,"subject_id":"78304"},{"rt":3862,"stimulus":23,"slider_start":100,"sprites":"buttons","response":113,"absDeviation":37,"callibration":"test","block":7,"seed":23,"numerosity":150,"matchType":"unpaired","which":"second","trial_type":"numerosity-estimation","trial_index":136,"time_elapsed":984826,"subject_id":"78304"},{"rt":4374,"stimulus":24,"slider_start":100,"sprites":"animalCrackers","response":114,"absDeviation":7,"callibration":"test","block":7,"seed":24,"numerosity":107,"matchType":"unpaired","which":"second","trial_type":"numerosity-estimation","trial_index":137,"time_elapsed":989210,"subject_id":"78304"},{"rt":6190,"stimulus":26,"slider_start":100,"sprites":"butterflies","response":85,"absDeviation":7,"callibration":"test","block":7,"seed":26,"numerosity":92,"matchType":"paired","which":"first","trial_type":"numerosity-estimation","trial_index":138,"time_elapsed":995409,"subject_id":"78304"},{"rt":2958,"stimulus":26,"slider_start":100,"sprites":"butterflies","response":90,"absDeviation":2,"callibration":"test","block":7,"seed":26,"numerosity":92,"matchType":"paired","which":"second","trial_type":"numerosity-estimation","trial_index":139,"time_elapsed":998376,"subject_id":"78304"},{"rt":3642,"stimulus":27,"slider_start":100,"sprites":"hearts","response":98,"absDeviation":23,"callibration":"test","block":7,"seed":27,"numerosity":121,"matchType":"unpaired","which":"second","trial_type":"numerosity-estimation","trial_index":140,"time_elapsed":1002026,"subject_id":"78304"},{"rt":2724,"stimulus":28,"slider_start":100,"sprites":"crackers","response":105,"absDeviation":45,"callibration":"test","block":7,"seed":28,"numerosity":150,"matchType":"unpaired","which":"second","trial_type":"numerosity-estimation","trial_index":141,"time_elapsed":1004758,"subject_id":"78304"},{"rt":4061,"stimulus":30,"slider_start":100,"sprites":"fruits","response":96,"absDeviation":11,"callibration":"test","block":7,"seed":30,"numerosity":107,"matchType":"paired","which":"first","trial_type":"numerosity-estimation","trial_index":142,"time_elapsed":1008826,"subject_id":"78304"},{"rt":4337,"stimulus":30,"slider_start":100,"sprites":"fruits","response":92,"absDeviation":15,"callibration":"test","block":7,"seed":30,"numerosity":107,"matchType":"paired","which":"second","trial_type":"numerosity-estimation","trial_index":143,"time_elapsed":1013176,"subject_id":"78304"},{"rt":4410,"stimulus":31,"slider_start":100,"sprites":"jellyBeans","response":107,"absDeviation":43,"callibration":"test","block":7,"seed":31,"numerosity":150,"matchType":"unpaired","which":"second","trial_type":"numerosity-estimation","trial_index":144,"time_elapsed":1017594,"subject_id":"78304"},{"rt":5620,"stimulus":32,"slider_start":100,"sprites":"marbles","response":97,"absDeviation":38,"callibration":"test","block":7,"seed":32,"numerosity":135,"matchType":"unpaired","which":"second","trial_type":"numerosity-estimation","trial_index":145,"time_elapsed":1023226,"subject_id":"78304"},{"rt":1241,"stimulus":"<p> For the last block of trials, the average deviation of your guesses from correct answers was 17.</p>\n     <p>The smaller the deviation the better.  Your deviation was <b> VERY good</b>.</p><br>\n       <p>Press any key to continue to the next block of trials</p>","response":" ","trial_type":"html-keyboard-response","trial_index":146,"time_elapsed":1024475,"subject_id":"78304"},{"rt":4009,"stimulus":34,"slider_start":100,"sprites":"rocks","response":65,"absDeviation":15,"callibration":"test","block":8,"seed":34,"numerosity":50,"matchType":"paired","which":"first","trial_type":"numerosity-estimation","trial_index":147,"time_elapsed":1028492,"subject_id":"78304"},{"rt":6075,"stimulus":34,"slider_start":100,"sprites":"rocks","response":72,"absDeviation":22,"callibration":"test","block":8,"seed":34,"numerosity":50,"matchType":"paired","which":"second","trial_type":"numerosity-estimation","trial_index":148,"time_elapsed":1034576,"subject_id":"78304"},{"rt":9654,"stimulus":35,"slider_start":100,"sprites":"buttons","response":76,"absDeviation":2,"callibration":"test","block":8,"seed":35,"numerosity":78,"matchType":"unpaired","which":"second","trial_type":"numerosity-estimation","trial_index":149,"time_elapsed":1044243,"subject_id":"78304"},{"rt":4636,"stimulus":36,"slider_start":100,"sprites":"animalCrackers","response":73,"absDeviation":23,"callibration":"test","block":8,"seed":36,"numerosity":50,"matchType":"unpaired","which":"second","trial_type":"numerosity-estimation","trial_index":150,"time_elapsed":1048893,"subject_id":"78304"},{"rt":8008,"stimulus":38,"slider_start":100,"sprites":"butterflies","response":74,"absDeviation":4,"callibration":"test","block":8,"seed":38,"numerosity":78,"matchType":"paired","which":"first","trial_type":"numerosity-estimation","trial_index":151,"time_elapsed":1056909,"subject_id":"78304"},{"rt":9584,"stimulus":38,"slider_start":100,"sprites":"butterflies","response":73,"absDeviation":5,"callibration":"test","block":8,"seed":38,"numerosity":78,"matchType":"paired","which":"second","trial_type":"numerosity-estimation","trial_index":152,"time_elapsed":1066507,"subject_id":"78304"},{"rt":10309,"stimulus":39,"slider_start":100,"sprites":"hearts","response":78,"absDeviation":0,"callibration":"test","block":8,"seed":39,"numerosity":78,"matchType":"unpaired","which":"second","trial_type":"numerosity-estimation","trial_index":153,"time_elapsed":1076827,"subject_id":"78304"},{"rt":12517,"stimulus":40,"slider_start":100,"sprites":"crackers","response":89,"absDeviation":32,"callibration":"test","block":8,"seed":40,"numerosity":121,"matchType":"unpaired","which":"second","trial_type":"numerosity-estimation","trial_index":154,"time_elapsed":1089359,"subject_id":"78304"},{"rt":10224,"stimulus":42,"slider_start":100,"sprites":"fruits","response":76,"absDeviation":2,"callibration":"test","block":8,"seed":42,"numerosity":78,"matchType":"paired","which":"first","trial_type":"numerosity-estimation","trial_index":155,"time_elapsed":1099593,"subject_id":"78304"},{"rt":3175,"stimulus":42,"slider_start":100,"sprites":"fruits","response":71,"absDeviation":7,"callibration":"test","block":8,"seed":42,"numerosity":78,"matchType":"paired","which":"second","trial_type":"numerosity-estimation","trial_index":156,"time_elapsed":1102775,"subject_id":"78304"},{"rt":3691,"stimulus":43,"slider_start":100,"sprites":"jellyBeans","response":60,"absDeviation":4,"callibration":"test","block":8,"seed":43,"numerosity":64,"matchType":"unpaired","which":"second","trial_type":"numerosity-estimation","trial_index":157,"time_elapsed":1106476,"subject_id":"78304"},{"rt":3522,"stimulus":44,"slider_start":100,"sprites":"marbles","response":61,"absDeviation":60,"callibration":"test","block":8,"seed":44,"numerosity":121,"matchType":"unpaired","which":"second","trial_type":"numerosity-estimation","trial_index":158,"time_elapsed":1110011,"subject_id":"78304"},{"rt":3482,"stimulus":46,"slider_start":100,"sprites":"rocks","response":81,"absDeviation":26,"callibration":"test","block":8,"seed":46,"numerosity":107,"matchType":"paired","which":"first","trial_type":"numerosity-estimation","trial_index":159,"time_elapsed":1113509,"subject_id":"78304"},{"rt":3161,"stimulus":46,"slider_start":100,"sprites":"rocks","response":90,"absDeviation":17,"callibration":"test","block":8,"seed":46,"numerosity":107,"matchType":"paired","which":"second","trial_type":"numerosity-estimation","trial_index":160,"time_elapsed":1116677,"subject_id":"78304"},{"rt":3457,"stimulus":47,"slider_start":100,"sprites":"buttons","response":97,"absDeviation":24,"callibration":"test","block":8,"seed":47,"numerosity":121,"matchType":"unpaired","which":"second","trial_type":"numerosity-estimation","trial_index":161,"time_elapsed":1120143,"subject_id":"78304"},{"rt":5840,"stimulus":48,"slider_start":100,"sprites":"animalCrackers","response":110,"absDeviation":25,"callibration":"test","block":8,"seed":48,"numerosity":135,"matchType":"unpaired","which":"second","trial_type":"numerosity-estimation","trial_index":162,"time_elapsed":1125993,"subject_id":"78304"},{"rt":992,"stimulus":"<p> For the last block of trials, the average deviation of your guesses from correct answers was 17.</p>\n     <p>The smaller the deviation the better.  Your deviation was <b> VERY good</b>.</p><br>\n       <p>Press any key to continue to the next block of trials</p>","response":" ","trial_type":"html-keyboard-response","trial_index":163,"time_elapsed":1126988,"subject_id":"78304"},{"rt":9180,"stimulus":50,"slider_start":100,"sprites":"butterflies","response":85,"absDeviation":65,"callibration":"test","block":9,"seed":50,"numerosity":150,"matchType":"paired","which":"first","trial_type":"numerosity-estimation","trial_index":164,"time_elapsed":1136176,"subject_id":"78304"},{"rt":4152,"stimulus":50,"slider_start":100,"sprites":"butterflies","response":86,"absDeviation":64,"callibration":"test","block":9,"seed":50,"numerosity":150,"matchType":"paired","which":"second","trial_type":"numerosity-estimation","trial_index":165,"time_elapsed":1140342,"subject_id":"78304"},{"rt":4272,"stimulus":51,"slider_start":100,"sprites":"hearts","response":103,"absDeviation":47,"callibration":"test","block":9,"seed":51,"numerosity":150,"matchType":"unpaired","which":"second","trial_type":"numerosity-estimation","trial_index":166,"time_elapsed":1144624,"subject_id":"78304"},{"rt":4328,"stimulus":52,"slider_start":100,"sprites":"crackers","response":74,"absDeviation":4,"callibration":"test","block":9,"seed":52,"numerosity":78,"matchType":"unpaired","which":"second","trial_type":"numerosity-estimation","trial_index":167,"time_elapsed":1148958,"subject_id":"78304"},{"rt":4441,"stimulus":54,"slider_start":100,"sprites":"fruits","response":78,"absDeviation":14,"callibration":"test","block":9,"seed":54,"numerosity":92,"matchType":"paired","which":"first","trial_type":"numerosity-estimation","trial_index":168,"time_elapsed":1153408,"subject_id":"78304"},{"rt":4790,"stimulus":54,"slider_start":100,"sprites":"fruits","response":83,"absDeviation":9,"callibration":"test","block":9,"seed":54,"numerosity":92,"matchType":"paired","which":"second","trial_type":"numerosity-estimation","trial_index":169,"time_elapsed":1158206,"subject_id":"78304"},{"rt":5030,"stimulus":55,"slider_start":100,"sprites":"jellyBeans","response":97,"absDeviation":24,"callibration":"test","block":9,"seed":55,"numerosity":121,"matchType":"unpaired","which":"second","trial_type":"numerosity-estimation","trial_index":170,"time_elapsed":1163240,"subject_id":"78304"},{"rt":5795,"stimulus":56,"slider_start":100,"sprites":"marbles","response":49,"absDeviation":15,"callibration":"test","block":9,"seed":56,"numerosity":64,"matchType":"unpaired","which":"second","trial_type":"numerosity-estimation","trial_index":171,"time_elapsed":1169041,"subject_id":"78304"},{"rt":4898,"stimulus":58,"slider_start":100,"sprites":"rocks","response":91,"absDeviation":30,"callibration":"test","block":9,"seed":58,"numerosity":121,"matchType":"paired","which":"first","trial_type":"numerosity-estimation","trial_index":172,"time_elapsed":1173943,"subject_id":"78304"},{"rt":5708,"stimulus":58,"slider_start":100,"sprites":"rocks","response":102,"absDeviation":19,"callibration":"test","block":9,"seed":58,"numerosity":121,"matchType":"paired","which":"second","trial_type":"numerosity-estimation","trial_index":173,"time_elapsed":1179659,"subject_id":"78304"},{"rt":3469,"stimulus":59,"slider_start":100,"sprites":"buttons","response":107,"absDeviation":28,"callibration":"test","block":9,"seed":59,"numerosity":135,"matchType":"unpaired","which":"second","trial_type":"numerosity-estimation","trial_index":174,"time_elapsed":1183142,"subject_id":"78304"},{"rt":3725,"stimulus":60,"slider_start":100,"sprites":"animalCrackers","response":119,"absDeviation":31,"callibration":"test","block":9,"seed":60,"numerosity":150,"matchType":"unpaired","which":"second","trial_type":"numerosity-estimation","trial_index":175,"time_elapsed":1186876,"subject_id":"78304"},{"rt":3409,"stimulus":62,"slider_start":100,"sprites":"butterflies","response":98,"absDeviation":37,"callibration":"test","block":9,"seed":62,"numerosity":135,"matchType":"paired","which":"first","trial_type":"numerosity-estimation","trial_index":176,"time_elapsed":1190294,"subject_id":"78304"},{"rt":9807,"stimulus":62,"slider_start":100,"sprites":"butterflies","response":80,"absDeviation":55,"callibration":"test","block":9,"seed":62,"numerosity":135,"matchType":"paired","which":"second","trial_type":"numerosity-estimation","trial_index":177,"time_elapsed":1200110,"subject_id":"78304"},{"rt":8534,"stimulus":63,"slider_start":100,"sprites":"hearts","response":69,"absDeviation":5,"callibration":"test","block":9,"seed":63,"numerosity":64,"matchType":"unpaired","which":"second","trial_type":"numerosity-estimation","trial_index":178,"time_elapsed":1208659,"subject_id":"78304"},{"rt":9132,"stimulus":64,"slider_start":100,"sprites":"crackers","response":92,"absDeviation":43,"callibration":"test","block":9,"seed":64,"numerosity":135,"matchType":"unpaired","which":"second","trial_type":"numerosity-estimation","trial_index":179,"time_elapsed":1217805,"subject_id":"78304"},{"rt":1353,"stimulus":"<p> For the last block of trials, the average deviation of your guesses from correct answers was 31.</p>\n     <p>The smaller the deviation the better.  Your deviation was <b> good</b>.</p><br>\n       <p>Press any key to continue to the next block of trials</p>","response":" ","trial_type":"html-keyboard-response","trial_index":180,"time_elapsed":1219158,"subject_id":"78304"},{"rt":4539,"stimulus":66,"slider_start":100,"sprites":"fruits","response":58,"absDeviation":6,"callibration":"test","block":10,"seed":66,"numerosity":64,"matchType":"paired","which":"first","trial_type":"numerosity-estimation","trial_index":181,"time_elapsed":1223708,"subject_id":"78304"},{"rt":2996,"stimulus":66,"slider_start":100,"sprites":"fruits","response":68,"absDeviation":4,"callibration":"test","block":10,"seed":66,"numerosity":64,"matchType":"paired","which":"second","trial_type":"numerosity-estimation","trial_index":182,"time_elapsed":1226709,"subject_id":"78304"},{"rt":3512,"stimulus":67,"slider_start":100,"sprites":"jellyBeans","response":80,"absDeviation":27,"callibration":"test","block":10,"seed":67,"numerosity":107,"matchType":"unpaired","which":"second","trial_type":"numerosity-estimation","trial_index":183,"time_elapsed":1230225,"subject_id":"78304"},{"rt":3376,"stimulus":68,"slider_start":100,"sprites":"marbles","response":80,"absDeviation":70,"callibration":"test","block":10,"seed":68,"numerosity":150,"matchType":"unpaired","which":"second","trial_type":"numerosity-estimation","trial_index":184,"time_elapsed":1233608,"subject_id":"78304"},{"rt":4927,"stimulus":70,"slider_start":100,"sprites":"rocks","response":82,"absDeviation":10,"callibration":"test","block":10,"seed":70,"numerosity":92,"matchType":"paired","which":"first","trial_type":"numerosity-estimation","trial_index":185,"time_elapsed":1238540,"subject_id":"78304"},{"rt":4063,"stimulus":70,"slider_start":100,"sprites":"rocks","response":86,"absDeviation":6,"callibration":"test","block":10,"seed":70,"numerosity":92,"matchType":"paired","which":"second","trial_type":"numerosity-estimation","trial_index":186,"time_elapsed":1242608,"subject_id":"78304"},{"rt":3163,"stimulus":71,"slider_start":100,"sprites":"buttons","response":78,"absDeviation":29,"callibration":"test","block":10,"seed":71,"numerosity":107,"matchType":"unpaired","which":"second","trial_type":"numerosity-estimation","trial_index":187,"time_elapsed":1245776,"subject_id":"78304"},{"rt":6614,"stimulus":72,"slider_start":100,"sprites":"animalCrackers","response":63,"absDeviation":13,"callibration":"test","block":10,"seed":72,"numerosity":50,"matchType":"unpaired","which":"second","trial_type":"numerosity-estimation","trial_index":188,"time_elapsed":1252394,"subject_id":"78304"},{"rt":3818,"stimulus":74,"slider_start":100,"sprites":"butterflies","response":56,"absDeviation":8,"callibration":"test","block":10,"seed":74,"numerosity":64,"matchType":"paired","which":"first","trial_type":"numerosity-estimation","trial_index":189,"time_elapsed":1256226,"subject_id":"78304"},{"rt":3674,"stimulus":74,"slider_start":100,"sprites":"butterflies","response":59,"absDeviation":5,"callibration":"test","block":10,"seed":74,"numerosity":64,"matchType":"paired","which":"second","trial_type":"numerosity-estimation","trial_index":190,"time_elapsed":1259908,"subject_id":"78304"},{"rt":9261,"stimulus":75,"slider_start":100,"sprites":"hearts","response":87,"absDeviation":5,"callibration":"test","block":10,"seed":75,"numerosity":92,"matchType":"unpaired","which":"second","trial_type":"numerosity-estimation","trial_index":191,"time_elapsed":1269176,"subject_id":"78304"},{"rt":4723,"stimulus":76,"slider_start":100,"sprites":"crackers","response":67,"absDeviation":3,"callibration":"test","block":10,"seed":76,"numerosity":64,"matchType":"unpaired","which":"second","trial_type":"numerosity-estimation","trial_index":192,"time_elapsed":1273909,"subject_id":"78304"},{"rt":3693,"stimulus":78,"slider_start":100,"sprites":"fruits","response":66,"absDeviation":2,"callibration":"test","block":10,"seed":78,"numerosity":64,"matchType":"paired","which":"first","trial_type":"numerosity-estimation","trial_index":193,"time_elapsed":1277611,"subject_id":"78304"},{"rt":4353,"stimulus":78,"slider_start":100,"sprites":"fruits","response":80,"absDeviation":16,"callibration":"test","block":10,"seed":78,"numerosity":64,"matchType":"paired","which":"second","trial_type":"numerosity-estimation","trial_index":194,"time_elapsed":1281976,"subject_id":"78304"},{"rt":5072,"stimulus":79,"slider_start":100,"sprites":"jellyBeans","response":70,"absDeviation":20,"callibration":"test","block":10,"seed":79,"numerosity":50,"matchType":"unpaired","which":"second","trial_type":"numerosity-estimation","trial_index":195,"time_elapsed":1287061,"subject_id":"78304"},{"rt":4160,"stimulus":80,"slider_start":100,"sprites":"marbles","response":76,"absDeviation":45,"callibration":"test","block":10,"seed":80,"numerosity":121,"matchType":"unpaired","which":"second","trial_type":"numerosity-estimation","trial_index":196,"time_elapsed":1291226,"subject_id":"78304"},{"rt":1073,"stimulus":"<p> For the last block of trials, the average deviation of your guesses from correct answers was 17.</p>\n     <p>The smaller the deviation the better.  Your deviation was <b> VERY good</b>.</p><br>\n       <p>Press any key to continue to the next block of trials</p>","response":" ","trial_type":"html-keyboard-response","trial_index":197,"time_elapsed":1292302,"subject_id":"78304"},{"rt":5798,"stimulus":82,"slider_start":100,"sprites":"rocks","response":73,"absDeviation":9,"callibration":"test","block":11,"seed":82,"numerosity":64,"matchType":"paired","which":"first","trial_type":"numerosity-estimation","trial_index":198,"time_elapsed":1298109,"subject_id":"78304"},{"rt":4757,"stimulus":82,"slider_start":100,"sprites":"rocks","response":72,"absDeviation":8,"callibration":"test","block":11,"seed":82,"numerosity":64,"matchType":"paired","which":"second","trial_type":"numerosity-estimation","trial_index":199,"time_elapsed":1302875,"subject_id":"78304"},{"rt":3820,"stimulus":83,"slider_start":100,"sprites":"buttons","response":98,"absDeviation":23,"callibration":"test","block":11,"seed":83,"numerosity":121,"matchType":"unpaired","which":"second","trial_type":"numerosity-estimation","trial_index":200,"time_elapsed":1306709,"subject_id":"78304"},{"rt":6826,"stimulus":84,"slider_start":100,"sprites":"animalCrackers","response":64,"absDeviation":14,"callibration":"test","block":11,"seed":84,"numerosity":50,"matchType":"unpaired","which":"second","trial_type":"numerosity-estimation","trial_index":201,"time_elapsed":1313542,"subject_id":"78304"},{"rt":14888,"stimulus":86,"slider_start":100,"sprites":"butterflies","response":77,"absDeviation":44,"callibration":"test","block":11,"seed":86,"numerosity":121,"matchType":"paired","which":"first","trial_type":"numerosity-estimation","trial_index":202,"time_elapsed":1328443,"subject_id":"78304"},{"rt":6274,"stimulus":86,"slider_start":100,"sprites":"butterflies","response":83,"absDeviation":38,"callibration":"test","block":11,"seed":86,"numerosity":121,"matchType":"paired","which":"second","trial_type":"numerosity-estimation","trial_index":203,"time_elapsed":1334727,"subject_id":"78304"},{"rt":4991,"stimulus":87,"slider_start":100,"sprites":"hearts","response":67,"absDeviation":17,"callibration":"test","block":11,"seed":87,"numerosity":50,"matchType":"unpaired","which":"second","trial_type":"numerosity-estimation","trial_index":204,"time_elapsed":1339726,"subject_id":"78304"},{"rt":5590,"stimulus":88,"slider_start":100,"sprites":"crackers","response":91,"absDeviation":44,"callibration":"test","block":11,"seed":88,"numerosity":135,"matchType":"unpaired","which":"second","trial_type":"numerosity-estimation","trial_index":205,"time_elapsed":1345326,"subject_id":"78304"},{"rt":3225,"stimulus":90,"slider_start":100,"sprites":"fruits","response":104,"absDeviation":46,"callibration":"test","block":11,"seed":90,"numerosity":150,"matchType":"paired","which":"first","trial_type":"numerosity-estimation","trial_index":206,"time_elapsed":1348559,"subject_id":"78304"},{"rt":4559,"stimulus":90,"slider_start":100,"sprites":"fruits","response":111,"absDeviation":39,"callibration":"test","block":11,"seed":90,"numerosity":150,"matchType":"paired","which":"second","trial_type":"numerosity-estimation","trial_index":207,"time_elapsed":1353126,"subject_id":"78304"},{"rt":3854,"stimulus":91,"slider_start":100,"sprites":"jellyBeans","response":90,"absDeviation":2,"callibration":"test","block":11,"seed":91,"numerosity":92,"matchType":"unpaired","which":"second","trial_type":"numerosity-estimation","trial_index":208,"time_elapsed":1356994,"subject_id":"78304"},{"rt":5673,"stimulus":92,"slider_start":100,"sprites":"marbles","response":85,"absDeviation":36,"callibration":"test","block":11,"seed":92,"numerosity":121,"matchType":"unpaired","which":"second","trial_type":"numerosity-estimation","trial_index":209,"time_elapsed":1362676,"subject_id":"78304"},{"rt":6708,"stimulus":94,"slider_start":100,"sprites":"rocks","response":88,"absDeviation":10,"callibration":"test","block":11,"seed":94,"numerosity":78,"matchType":"paired","which":"first","trial_type":"numerosity-estimation","trial_index":210,"time_elapsed":1369393,"subject_id":"78304"},{"rt":8825,"stimulus":94,"slider_start":100,"sprites":"rocks","response":89,"absDeviation":11,"callibration":"test","block":11,"seed":94,"numerosity":78,"matchType":"paired","which":"second","trial_type":"numerosity-estimation","trial_index":211,"time_elapsed":1378225,"subject_id":"78304"},{"rt":10907,"stimulus":95,"slider_start":100,"sprites":"buttons","response":72,"absDeviation":8,"callibration":"test","block":11,"seed":95,"numerosity":64,"matchType":"unpaired","which":"second","trial_type":"numerosity-estimation","trial_index":212,"time_elapsed":1389141,"subject_id":"78304"},{"rt":6093,"stimulus":96,"slider_start":100,"sprites":"animalCrackers","response":87,"absDeviation":5,"callibration":"test","block":11,"seed":96,"numerosity":92,"matchType":"unpaired","which":"second","trial_type":"numerosity-estimation","trial_index":213,"time_elapsed":1395242,"subject_id":"78304"},{"rt":1520,"stimulus":"<p> For the last block of trials, the average deviation of your guesses from correct answers was 22.</p>\n     <p>The smaller the deviation the better.  Your deviation was <b> VERY good</b>.</p><br>\n       <p>Press any key to continue to the next block of trials</p>","response":" ","trial_type":"html-keyboard-response","trial_index":214,"time_elapsed":1396769,"subject_id":"78304"},{"rt":22665,"response":{"averageEstimates":"When the two displays were separated in time.","firstOrSecond":"The first time the objects were shown"},"question_order":[0,1],"trial_type":"survey-multi-choice","trial_index":215,"time_elapsed":1419436,"subject_id":"78304"}]