[{"rt":59063,"url":"consent.html","trial_type":"external-html","trial_index":0,"time_elapsed":59078,"subject_id":"76102"},{"view_history":[{"page_index":0,"viewing_time":25134}],"rt":25135,"trial_type":"instructions","trial_index":1,"time_elapsed":84214,"subject_id":"76102"},{"rt":37059,"stimulus":0,"slider_start":100,"sprites":"animalCrackers","response":50,"absDeviation":0,"callibration":"callibration","block":-1,"seed":0,"numerosity":50,"matchType":"callibration","which":"first","trial_type":"numerosity-estimation","trial_index":2,"time_elapsed":121277,"subject_id":"76102"},{"rt":12971,"stimulus":1,"slider_start":100,"sprites":"letters","response":64,"absDeviation":0,"callibration":"callibration","block":-1,"seed":1,"numerosity":64,"matchType":"callibration","which":"first","trial_type":"numerosity-estimation","trial_index":3,"time_elapsed":134249,"subject_id":"76102"},{"rt":14100,"stimulus":2,"slider_start":100,"sprites":"butterflies","response":78,"absDeviation":0,"callibration":"callibration","block":-1,"seed":2,"numerosity":78,"matchType":"callibration","which":"first","trial_type":"numerosity-estimation","trial_index":4,"time_elapsed":148351,"subject_id":"76102"},{"rt":23236,"stimulus":3,"slider_start":100,"sprites":"hearts","response":92,"absDeviation":0,"callibration":"callibration","block":-1,"seed":3,"numerosity":92,"matchType":"callibration","which":"first","trial_type":"numerosity-estimation","trial_index":5,"time_elapsed":171588,"subject_id":"76102"},{"rt":24148,"stimulus":4,"slider_start":100,"sprites":"crackers","response":107,"absDeviation":0,"callibration":"callibration","block":-1,"seed":4,"numerosity":107,"matchType":"callibration","which":"first","trial_type":"numerosity-estimation","trial_index":6,"time_elapsed":195737,"subject_id":"76102"},{"rt":23439,"stimulus":5,"slider_start":100,"sprites":"bears","response":121,"absDeviation":0,"callibration":"callibration","block":-1,"seed":5,"numerosity":121,"matchType":"callibration","which":"first","trial_type":"numerosity-estimation","trial_index":7,"time_elapsed":219177,"subject_id":"76102"},{"rt":19028,"stimulus":6,"slider_start":100,"sprites":"fruits","response":135,"absDeviation":0,"callibration":"callibration","block":-1,"seed":6,"numerosity":135,"matchType":"callibration","which":"first","trial_type":"numerosity-estimation","trial_index":8,"time_elapsed":238207,"subject_id":"76102"},{"rt":20437,"stimulus":7,"slider_start":100,"sprites":"jellyBeans","response":150,"absDeviation":0,"callibration":"callibration","block":-1,"seed":7,"numerosity":150,"matchType":"callibration","which":"first","trial_type":"numerosity-estimation","trial_index":9,"time_elapsed":258645,"subject_id":"76102"},{"view_history":[{"page_index":0,"viewing_time":19860}],"rt":19861,"trial_type":"instructions","trial_index":10,"time_elapsed":278507,"subject_id":"76102"},{"rt":13941,"stimulus":1,"slider_start":100,"sprites":"letters","response":80,"absDeviation":12,"callibration":"test","block":0,"seed":1,"numerosity":92,"matchType":"paired","which":"first","trial_type":"numerosity-estimation","trial_index":11,"time_elapsed":292450,"subject_id":"76102"},{"rt":17766,"stimulus":1,"slider_start":100,"sprites":"letters","response":87,"absDeviation":5,"callibration":"test","block":0,"seed":1,"numerosity":92,"matchType":"paired","which":"second","trial_type":"numerosity-estimation","trial_index":12,"time_elapsed":310217,"subject_id":"76102"},{"rt":14524,"stimulus":3,"slider_start":100,"sprites":"hearts","response":57,"absDeviation":7,"callibration":"test","block":0,"seed":3,"numerosity":50,"matchType":"unpaired","which":"first","trial_type":"numerosity-estimation","trial_index":13,"time_elapsed":324743,"subject_id":"76102"},{"rt":17085,"stimulus":4,"slider_start":100,"sprites":"crackers","response":94,"absDeviation":13,"callibration":"test","block":0,"seed":4,"numerosity":107,"matchType":"unpaired","which":"first","trial_type":"numerosity-estimation","trial_index":14,"time_elapsed":341830,"subject_id":"76102"},{"rt":13360,"stimulus":5,"slider_start":100,"sprites":"bears","response":43,"absDeviation":7,"callibration":"test","block":0,"seed":5,"numerosity":50,"matchType":"paired","which":"first","trial_type":"numerosity-estimation","trial_index":15,"time_elapsed":355191,"subject_id":"76102"},{"rt":9985,"stimulus":5,"slider_start":100,"sprites":"bears","response":51,"absDeviation":1,"callibration":"test","block":0,"seed":5,"numerosity":50,"matchType":"paired","which":"second","trial_type":"numerosity-estimation","trial_index":16,"time_elapsed":365177,"subject_id":"76102"},{"rt":15097,"stimulus":7,"slider_start":100,"sprites":"jellyBeans","response":52,"absDeviation":2,"callibration":"test","block":0,"seed":7,"numerosity":50,"matchType":"unpaired","which":"first","trial_type":"numerosity-estimation","trial_index":17,"time_elapsed":380275,"subject_id":"76102"},{"rt":12879,"stimulus":8,"slider_start":100,"sprites":"marbles","response":92,"absDeviation":0,"callibration":"test","block":0,"seed":8,"numerosity":92,"matchType":"unpaired","which":"first","trial_type":"numerosity-estimation","trial_index":18,"time_elapsed":393155,"subject_id":"76102"},{"rt":19980,"stimulus":9,"slider_start":100,"sprites":"mints","response":126,"absDeviation":9,"callibration":"test","block":0,"seed":9,"numerosity":135,"matchType":"paired","which":"first","trial_type":"numerosity-estimation","trial_index":19,"time_elapsed":413137,"subject_id":"76102"},{"rt":29400,"stimulus":9,"slider_start":100,"sprites":"mints","response":122,"absDeviation":13,"callibration":"test","block":0,"seed":9,"numerosity":135,"matchType":"paired","which":"second","trial_type":"numerosity-estimation","trial_index":20,"time_elapsed":442537,"subject_id":"76102"},{"rt":28661,"stimulus":11,"slider_start":100,"sprites":"buttons","response":94,"absDeviation":13,"callibration":"test","block":0,"seed":11,"numerosity":107,"matchType":"unpaired","which":"first","trial_type":"numerosity-estimation","trial_index":21,"time_elapsed":471199,"subject_id":"76102"},{"rt":15192,"stimulus":12,"slider_start":100,"sprites":"animalCrackers","response":60,"absDeviation":32,"callibration":"test","block":0,"seed":12,"numerosity":92,"matchType":"unpaired","which":"first","trial_type":"numerosity-estimation","trial_index":22,"time_elapsed":486393,"subject_id":"76102"},{"rt":23968,"stimulus":13,"slider_start":100,"sprites":"letters","response":57,"absDeviation":50,"callibration":"test","block":0,"seed":13,"numerosity":107,"matchType":"paired","which":"first","trial_type":"numerosity-estimation","trial_index":23,"time_elapsed":510363,"subject_id":"76102"},{"rt":17954,"stimulus":13,"slider_start":100,"sprites":"letters","response":56,"absDeviation":51,"callibration":"test","block":0,"seed":13,"numerosity":107,"matchType":"paired","which":"second","trial_type":"numerosity-estimation","trial_index":24,"time_elapsed":528318,"subject_id":"76102"},{"rt":10647,"stimulus":15,"slider_start":100,"sprites":"hearts","response":106,"absDeviation":15,"callibration":"test","block":0,"seed":15,"numerosity":121,"matchType":"unpaired","which":"first","trial_type":"numerosity-estimation","trial_index":25,"time_elapsed":538966,"subject_id":"76102"},{"rt":12277,"stimulus":16,"slider_start":100,"sprites":"crackers","response":33,"absDeviation":31,"callibration":"test","block":0,"seed":16,"numerosity":64,"matchType":"unpaired","which":"first","trial_type":"numerosity-estimation","trial_index":26,"time_elapsed":551244,"subject_id":"76102"},{"rt":19031,"stimulus":"<p> For the last block of trials, the average deviation of your guesses from correct answers was 16.</p>\n     <p>The smaller the deviation the better.  Your deviation was <b> VERY good</b>.</p><br>\n       <p>Press any key to continue to the next block of trials</p>","response":" ","trial_type":"html-keyboard-response","trial_index":27,"time_elapsed":570275,"subject_id":"76102"},{"rt":12486,"stimulus":17,"slider_start":100,"sprites":"bears","response":56,"absDeviation":36,"callibration":"test","block":1,"seed":17,"numerosity":92,"matchType":"paired","which":"first","trial_type":"numerosity-estimation","trial_index":28,"time_elapsed":582762,"subject_id":"76102"},{"rt":16539,"stimulus":17,"slider_start":100,"sprites":"bears","response":53,"absDeviation":39,"callibration":"test","block":1,"seed":17,"numerosity":92,"matchType":"paired","which":"second","trial_type":"numerosity-estimation","trial_index":29,"time_elapsed":599302,"subject_id":"76102"},{"rt":14332,"stimulus":19,"slider_start":100,"sprites":"jellyBeans","response":169,"absDeviation":34,"callibration":"test","block":1,"seed":19,"numerosity":135,"matchType":"unpaired","which":"first","trial_type":"numerosity-estimation","trial_index":30,"time_elapsed":613636,"subject_id":"76102"},{"rt":16633,"stimulus":20,"slider_start":100,"sprites":"marbles","response":45,"absDeviation":33,"callibration":"test","block":1,"seed":20,"numerosity":78,"matchType":"unpaired","which":"first","trial_type":"numerosity-estimation","trial_index":31,"time_elapsed":630271,"subject_id":"76102"},{"rt":11167,"stimulus":21,"slider_start":100,"sprites":"mints","response":41,"absDeviation":51,"callibration":"test","block":1,"seed":21,"numerosity":92,"matchType":"paired","which":"first","trial_type":"numerosity-estimation","trial_index":32,"time_elapsed":641439,"subject_id":"76102"},{"rt":21181,"stimulus":21,"slider_start":100,"sprites":"mints","response":49,"absDeviation":43,"callibration":"test","block":1,"seed":21,"numerosity":92,"matchType":"paired","which":"second","trial_type":"numerosity-estimation","trial_index":33,"time_elapsed":662621,"subject_id":"76102"},{"rt":16394,"stimulus":23,"slider_start":100,"sprites":"buttons","response":153,"absDeviation":3,"callibration":"test","block":1,"seed":23,"numerosity":150,"matchType":"unpaired","which":"first","trial_type":"numerosity-estimation","trial_index":34,"time_elapsed":679017,"subject_id":"76102"},{"rt":12392,"stimulus":24,"slider_start":100,"sprites":"animalCrackers","response":109,"absDeviation":2,"callibration":"test","block":1,"seed":24,"numerosity":107,"matchType":"unpaired","which":"first","trial_type":"numerosity-estimation","trial_index":35,"time_elapsed":691410,"subject_id":"76102"},{"rt":24598,"stimulus":25,"slider_start":100,"sprites":"letters","response":107,"absDeviation":0,"callibration":"test","block":1,"seed":25,"numerosity":107,"matchType":"paired","which":"first","trial_type":"numerosity-estimation","trial_index":36,"time_elapsed":716009,"subject_id":"76102"},{"rt":11544,"stimulus":25,"slider_start":100,"sprites":"letters","response":128,"absDeviation":21,"callibration":"test","block":1,"seed":25,"numerosity":107,"matchType":"paired","which":"second","trial_type":"numerosity-estimation","trial_index":37,"time_elapsed":727554,"subject_id":"76102"},{"rt":8469,"stimulus":27,"slider_start":100,"sprites":"hearts","response":124,"absDeviation":3,"callibration":"test","block":1,"seed":27,"numerosity":121,"matchType":"unpaired","which":"first","trial_type":"numerosity-estimation","trial_index":38,"time_elapsed":736025,"subject_id":"76102"},{"rt":17101,"stimulus":28,"slider_start":100,"sprites":"crackers","response":166,"absDeviation":16,"callibration":"test","block":1,"seed":28,"numerosity":150,"matchType":"unpaired","which":"first","trial_type":"numerosity-estimation","trial_index":39,"time_elapsed":753128,"subject_id":"76102"},{"rt":22389,"stimulus":29,"slider_start":100,"sprites":"bears","response":37,"absDeviation":27,"callibration":"test","block":1,"seed":29,"numerosity":64,"matchType":"paired","which":"first","trial_type":"numerosity-estimation","trial_index":40,"time_elapsed":775518,"subject_id":"76102"},{"rt":19300,"stimulus":29,"slider_start":100,"sprites":"bears","response":46,"absDeviation":18,"callibration":"test","block":1,"seed":29,"numerosity":64,"matchType":"paired","which":"second","trial_type":"numerosity-estimation","trial_index":41,"time_elapsed":794820,"subject_id":"76102"},{"rt":17222,"stimulus":31,"slider_start":100,"sprites":"jellyBeans","response":148,"absDeviation":2,"callibration":"test","block":1,"seed":31,"numerosity":150,"matchType":"unpaired","which":"first","trial_type":"numerosity-estimation","trial_index":42,"time_elapsed":812042,"subject_id":"76102"},{"rt":18785,"stimulus":32,"slider_start":100,"sprites":"marbles","response":82,"absDeviation":53,"callibration":"test","block":1,"seed":32,"numerosity":135,"matchType":"unpaired","which":"first","trial_type":"numerosity-estimation","trial_index":43,"time_elapsed":830828,"subject_id":"76102"},{"rt":18021,"stimulus":"<p> For the last block of trials, the average deviation of your guesses from correct answers was 24.</p>\n     <p>The smaller the deviation the better.  Your deviation was <b> VERY good</b>.</p><br>\n       <p>Press any key to continue to the next block of trials</p>","response":" ","trial_type":"html-keyboard-response","trial_index":44,"time_elapsed":848851,"subject_id":"76102"},{"rt":13673,"stimulus":33,"slider_start":100,"sprites":"mints","response":124,"absDeviation":3,"callibration":"test","block":2,"seed":33,"numerosity":121,"matchType":"paired","which":"first","trial_type":"numerosity-estimation","trial_index":45,"time_elapsed":862525,"subject_id":"76102"},{"rt":17288,"stimulus":33,"slider_start":100,"sprites":"mints","response":114,"absDeviation":7,"callibration":"test","block":2,"seed":33,"numerosity":121,"matchType":"paired","which":"second","trial_type":"numerosity-estimation","trial_index":46,"time_elapsed":879814,"subject_id":"76102"},{"rt":11588,"stimulus":35,"slider_start":100,"sprites":"buttons","response":81,"absDeviation":3,"callibration":"test","block":2,"seed":35,"numerosity":78,"matchType":"unpaired","which":"first","trial_type":"numerosity-estimation","trial_index":47,"time_elapsed":891403,"subject_id":"76102"},{"rt":16055,"stimulus":36,"slider_start":100,"sprites":"animalCrackers","response":47,"absDeviation":3,"callibration":"test","block":2,"seed":36,"numerosity":50,"matchType":"unpaired","which":"first","trial_type":"numerosity-estimation","trial_index":48,"time_elapsed":907459,"subject_id":"76102"},{"rt":21795,"stimulus":37,"slider_start":100,"sprites":"letters","response":122,"absDeviation":13,"callibration":"test","block":2,"seed":37,"numerosity":135,"matchType":"paired","which":"first","trial_type":"numerosity-estimation","trial_index":49,"time_elapsed":929255,"subject_id":"76102"},{"rt":19160,"stimulus":37,"slider_start":100,"sprites":"letters","response":146,"absDeviation":11,"callibration":"test","block":2,"seed":37,"numerosity":135,"matchType":"paired","which":"second","trial_type":"numerosity-estimation","trial_index":50,"time_elapsed":948417,"subject_id":"76102"},{"rt":26083,"stimulus":39,"slider_start":100,"sprites":"hearts","response":82,"absDeviation":4,"callibration":"test","block":2,"seed":39,"numerosity":78,"matchType":"unpaired","which":"first","trial_type":"numerosity-estimation","trial_index":51,"time_elapsed":974502,"subject_id":"76102"},{"rt":18431,"stimulus":40,"slider_start":100,"sprites":"crackers","response":103,"absDeviation":18,"callibration":"test","block":2,"seed":40,"numerosity":121,"matchType":"unpaired","which":"first","trial_type":"numerosity-estimation","trial_index":52,"time_elapsed":992934,"subject_id":"76102"},{"rt":15127,"stimulus":41,"slider_start":100,"sprites":"bears","response":35,"absDeviation":15,"callibration":"test","block":2,"seed":41,"numerosity":50,"matchType":"paired","which":"first","trial_type":"numerosity-estimation","trial_index":53,"time_elapsed":1008063,"subject_id":"76102"},{"rt":13363,"stimulus":41,"slider_start":100,"sprites":"bears","response":43,"absDeviation":7,"callibration":"test","block":2,"seed":41,"numerosity":50,"matchType":"paired","which":"second","trial_type":"numerosity-estimation","trial_index":54,"time_elapsed":1021427,"subject_id":"76102"},{"rt":13707,"stimulus":43,"slider_start":100,"sprites":"jellyBeans","response":64,"absDeviation":0,"callibration":"test","block":2,"seed":43,"numerosity":64,"matchType":"unpaired","which":"first","trial_type":"numerosity-estimation","trial_index":55,"time_elapsed":1035135,"subject_id":"76102"},{"rt":12814,"stimulus":44,"slider_start":100,"sprites":"marbles","response":83,"absDeviation":38,"callibration":"test","block":2,"seed":44,"numerosity":121,"matchType":"unpaired","which":"first","trial_type":"numerosity-estimation","trial_index":56,"time_elapsed":1047950,"subject_id":"76102"},{"rt":11454,"stimulus":45,"slider_start":100,"sprites":"mints","response":127,"absDeviation":6,"callibration":"test","block":2,"seed":45,"numerosity":121,"matchType":"paired","which":"first","trial_type":"numerosity-estimation","trial_index":57,"time_elapsed":1059404,"subject_id":"76102"},{"rt":18072,"stimulus":45,"slider_start":100,"sprites":"mints","response":114,"absDeviation":7,"callibration":"test","block":2,"seed":45,"numerosity":121,"matchType":"paired","which":"second","trial_type":"numerosity-estimation","trial_index":58,"time_elapsed":1077477,"subject_id":"76102"},{"rt":15560,"stimulus":47,"slider_start":100,"sprites":"buttons","response":112,"absDeviation":9,"callibration":"test","block":2,"seed":47,"numerosity":121,"matchType":"unpaired","which":"first","trial_type":"numerosity-estimation","trial_index":59,"time_elapsed":1093038,"subject_id":"76102"},{"rt":14913,"stimulus":48,"slider_start":100,"sprites":"animalCrackers","response":115,"absDeviation":20,"callibration":"test","block":2,"seed":48,"numerosity":135,"matchType":"unpaired","which":"first","trial_type":"numerosity-estimation","trial_index":60,"time_elapsed":1107952,"subject_id":"76102"},{"rt":8998,"stimulus":"<p> For the last block of trials, the average deviation of your guesses from correct answers was 10.</p>\n     <p>The smaller the deviation the better.  Your deviation was <b> AMAZINGLY good</b>.</p><br>\n       <p>Press any key to continue to the next block of trials</p>","response":" ","trial_type":"html-keyboard-response","trial_index":61,"time_elapsed":1116952,"subject_id":"76102"},{"rt":14985,"stimulus":49,"slider_start":100,"sprites":"letters","response":47,"absDeviation":31,"callibration":"test","block":3,"seed":49,"numerosity":78,"matchType":"paired","which":"first","trial_type":"numerosity-estimation","trial_index":62,"time_elapsed":1131938,"subject_id":"76102"},{"rt":11879,"stimulus":49,"slider_start":100,"sprites":"letters","response":60,"absDeviation":18,"callibration":"test","block":3,"seed":49,"numerosity":78,"matchType":"paired","which":"second","trial_type":"numerosity-estimation","trial_index":63,"time_elapsed":1143819,"subject_id":"76102"},{"rt":16703,"stimulus":51,"slider_start":100,"sprites":"hearts","response":129,"absDeviation":21,"callibration":"test","block":3,"seed":51,"numerosity":150,"matchType":"unpaired","which":"first","trial_type":"numerosity-estimation","trial_index":64,"time_elapsed":1160523,"subject_id":"76102"},{"rt":13004,"stimulus":52,"slider_start":100,"sprites":"crackers","response":63,"absDeviation":15,"callibration":"test","block":3,"seed":52,"numerosity":78,"matchType":"unpaired","which":"first","trial_type":"numerosity-estimation","trial_index":65,"time_elapsed":1173528,"subject_id":"76102"},{"rt":12591,"stimulus":53,"slider_start":100,"sprites":"bears","response":46,"absDeviation":4,"callibration":"test","block":3,"seed":53,"numerosity":50,"matchType":"paired","which":"first","trial_type":"numerosity-estimation","trial_index":66,"time_elapsed":1186120,"subject_id":"76102"},{"rt":11251,"stimulus":53,"slider_start":100,"sprites":"bears","response":58,"absDeviation":8,"callibration":"test","block":3,"seed":53,"numerosity":50,"matchType":"paired","which":"second","trial_type":"numerosity-estimation","trial_index":67,"time_elapsed":1197372,"subject_id":"76102"},{"rt":18778,"stimulus":55,"slider_start":100,"sprites":"jellyBeans","response":126,"absDeviation":5,"callibration":"test","block":3,"seed":55,"numerosity":121,"matchType":"unpaired","which":"first","trial_type":"numerosity-estimation","trial_index":68,"time_elapsed":1216151,"subject_id":"76102"},{"rt":9213,"stimulus":56,"slider_start":100,"sprites":"marbles","response":44,"absDeviation":20,"callibration":"test","block":3,"seed":56,"numerosity":64,"matchType":"unpaired","which":"first","trial_type":"numerosity-estimation","trial_index":69,"time_elapsed":1225365,"subject_id":"76102"},{"rt":12362,"stimulus":57,"slider_start":100,"sprites":"mints","response":64,"absDeviation":0,"callibration":"test","block":3,"seed":57,"numerosity":64,"matchType":"paired","which":"first","trial_type":"numerosity-estimation","trial_index":70,"time_elapsed":1237728,"subject_id":"76102"},{"rt":11897,"stimulus":57,"slider_start":100,"sprites":"mints","response":56,"absDeviation":8,"callibration":"test","block":3,"seed":57,"numerosity":64,"matchType":"paired","which":"second","trial_type":"numerosity-estimation","trial_index":71,"time_elapsed":1249627,"subject_id":"76102"},{"rt":10677,"stimulus":59,"slider_start":100,"sprites":"buttons","response":133,"absDeviation":2,"callibration":"test","block":3,"seed":59,"numerosity":135,"matchType":"unpaired","which":"first","trial_type":"numerosity-estimation","trial_index":72,"time_elapsed":1260305,"subject_id":"76102"},{"rt":12697,"stimulus":60,"slider_start":100,"sprites":"animalCrackers","response":144,"absDeviation":6,"callibration":"test","block":3,"seed":60,"numerosity":150,"matchType":"unpaired","which":"first","trial_type":"numerosity-estimation","trial_index":73,"time_elapsed":1273003,"subject_id":"76102"},{"rt":10800,"stimulus":61,"slider_start":100,"sprites":"letters","response":55,"absDeviation":5,"callibration":"test","block":3,"seed":61,"numerosity":50,"matchType":"paired","which":"first","trial_type":"numerosity-estimation","trial_index":74,"time_elapsed":1283805,"subject_id":"76102"},{"rt":8806,"stimulus":61,"slider_start":100,"sprites":"letters","response":48,"absDeviation":2,"callibration":"test","block":3,"seed":61,"numerosity":50,"matchType":"paired","which":"second","trial_type":"numerosity-estimation","trial_index":75,"time_elapsed":1292612,"subject_id":"76102"},{"rt":8298,"stimulus":63,"slider_start":100,"sprites":"hearts","response":73,"absDeviation":9,"callibration":"test","block":3,"seed":63,"numerosity":64,"matchType":"unpaired","which":"first","trial_type":"numerosity-estimation","trial_index":76,"time_elapsed":1300913,"subject_id":"76102"},{"rt":10417,"stimulus":64,"slider_start":100,"sprites":"crackers","response":131,"absDeviation":4,"callibration":"test","block":3,"seed":64,"numerosity":135,"matchType":"unpaired","which":"first","trial_type":"numerosity-estimation","trial_index":77,"time_elapsed":1311330,"subject_id":"76102"},{"rt":14642,"stimulus":"<p> For the last block of trials, the average deviation of your guesses from correct answers was 10.</p>\n     <p>The smaller the deviation the better.  Your deviation was <b> AMAZINGLY good</b>.</p><br>\n       <p>Press any key to continue to the next block of trials</p>","response":" ","trial_type":"html-keyboard-response","trial_index":78,"time_elapsed":1325974,"subject_id":"76102"},{"rt":13549,"stimulus":65,"slider_start":100,"sprites":"bears","response":89,"absDeviation":18,"callibration":"test","block":4,"seed":65,"numerosity":107,"matchType":"paired","which":"first","trial_type":"numerosity-estimation","trial_index":79,"time_elapsed":1339524,"subject_id":"76102"},{"rt":14181,"stimulus":65,"slider_start":100,"sprites":"bears","response":106,"absDeviation":1,"callibration":"test","block":4,"seed":65,"numerosity":107,"matchType":"paired","which":"second","trial_type":"numerosity-estimation","trial_index":80,"time_elapsed":1353707,"subject_id":"76102"},{"rt":14657,"stimulus":67,"slider_start":100,"sprites":"jellyBeans","response":87,"absDeviation":20,"callibration":"test","block":4,"seed":67,"numerosity":107,"matchType":"unpaired","which":"first","trial_type":"numerosity-estimation","trial_index":81,"time_elapsed":1368365,"subject_id":"76102"},{"rt":13110,"stimulus":68,"slider_start":100,"sprites":"marbles","response":93,"absDeviation":57,"callibration":"test","block":4,"seed":68,"numerosity":150,"matchType":"unpaired","which":"first","trial_type":"numerosity-estimation","trial_index":82,"time_elapsed":1381476,"subject_id":"76102"},{"rt":9386,"stimulus":69,"slider_start":100,"sprites":"mints","response":89,"absDeviation":32,"callibration":"test","block":4,"seed":69,"numerosity":121,"matchType":"paired","which":"first","trial_type":"numerosity-estimation","trial_index":83,"time_elapsed":1390863,"subject_id":"76102"},{"rt":15431,"stimulus":69,"slider_start":100,"sprites":"mints","response":105,"absDeviation":16,"callibration":"test","block":4,"seed":69,"numerosity":121,"matchType":"paired","which":"second","trial_type":"numerosity-estimation","trial_index":84,"time_elapsed":1406295,"subject_id":"76102"},{"rt":10200,"stimulus":71,"slider_start":100,"sprites":"buttons","response":129,"absDeviation":22,"callibration":"test","block":4,"seed":71,"numerosity":107,"matchType":"unpaired","which":"first","trial_type":"numerosity-estimation","trial_index":85,"time_elapsed":1416496,"subject_id":"76102"},{"rt":10552,"stimulus":72,"slider_start":100,"sprites":"animalCrackers","response":31,"absDeviation":19,"callibration":"test","block":4,"seed":72,"numerosity":50,"matchType":"unpaired","which":"first","trial_type":"numerosity-estimation","trial_index":86,"time_elapsed":1427049,"subject_id":"76102"},{"rt":11147,"stimulus":73,"slider_start":100,"sprites":"letters","response":61,"absDeviation":17,"callibration":"test","block":4,"seed":73,"numerosity":78,"matchType":"paired","which":"first","trial_type":"numerosity-estimation","trial_index":87,"time_elapsed":1438197,"subject_id":"76102"},{"rt":8328,"stimulus":73,"slider_start":100,"sprites":"letters","response":54,"absDeviation":24,"callibration":"test","block":4,"seed":73,"numerosity":78,"matchType":"paired","which":"second","trial_type":"numerosity-estimation","trial_index":88,"time_elapsed":1446526,"subject_id":"76102"},{"rt":10608,"stimulus":75,"slider_start":100,"sprites":"hearts","response":111,"absDeviation":19,"callibration":"test","block":4,"seed":75,"numerosity":92,"matchType":"unpaired","which":"first","trial_type":"numerosity-estimation","trial_index":89,"time_elapsed":1457135,"subject_id":"76102"},{"rt":11635,"stimulus":76,"slider_start":100,"sprites":"crackers","response":61,"absDeviation":3,"callibration":"test","block":4,"seed":76,"numerosity":64,"matchType":"unpaired","which":"first","trial_type":"numerosity-estimation","trial_index":90,"time_elapsed":1468771,"subject_id":"76102"},{"rt":14769,"stimulus":77,"slider_start":100,"sprites":"bears","response":120,"absDeviation":15,"callibration":"test","block":4,"seed":77,"numerosity":135,"matchType":"paired","which":"first","trial_type":"numerosity-estimation","trial_index":91,"time_elapsed":1483541,"subject_id":"76102"},{"rt":11944,"stimulus":77,"slider_start":100,"sprites":"bears","response":108,"absDeviation":27,"callibration":"test","block":4,"seed":77,"numerosity":135,"matchType":"paired","which":"second","trial_type":"numerosity-estimation","trial_index":92,"time_elapsed":1495486,"subject_id":"76102"},{"rt":8765,"stimulus":79,"slider_start":100,"sprites":"jellyBeans","response":52,"absDeviation":2,"callibration":"test","block":4,"seed":79,"numerosity":50,"matchType":"unpaired","which":"first","trial_type":"numerosity-estimation","trial_index":93,"time_elapsed":1504253,"subject_id":"76102"},{"rt":10567,"stimulus":80,"slider_start":100,"sprites":"marbles","response":75,"absDeviation":46,"callibration":"test","block":4,"seed":80,"numerosity":121,"matchType":"unpaired","which":"first","trial_type":"numerosity-estimation","trial_index":94,"time_elapsed":1514820,"subject_id":"76102"},{"rt":12520,"stimulus":"<p> For the last block of trials, the average deviation of your guesses from correct answers was 21.</p>\n     <p>The smaller the deviation the better.  Your deviation was <b> VERY good</b>.</p><br>\n       <p>Press any key to continue to the next block of trials</p>","response":" ","trial_type":"html-keyboard-response","trial_index":95,"time_elapsed":1527341,"subject_id":"76102"},{"rt":8529,"stimulus":81,"slider_start":100,"sprites":"mints","response":110,"absDeviation":11,"callibration":"test","block":5,"seed":81,"numerosity":121,"matchType":"paired","which":"first","trial_type":"numerosity-estimation","trial_index":96,"time_elapsed":1535872,"subject_id":"76102"},{"rt":6759,"stimulus":81,"slider_start":100,"sprites":"mints","response":116,"absDeviation":5,"callibration":"test","block":5,"seed":81,"numerosity":121,"matchType":"paired","which":"second","trial_type":"numerosity-estimation","trial_index":97,"time_elapsed":1542632,"subject_id":"76102"},{"rt":14856,"stimulus":83,"slider_start":100,"sprites":"buttons","response":90,"absDeviation":31,"callibration":"test","block":5,"seed":83,"numerosity":121,"matchType":"unpaired","which":"first","trial_type":"numerosity-estimation","trial_index":98,"time_elapsed":1557490,"subject_id":"76102"},{"rt":9424,"stimulus":84,"slider_start":100,"sprites":"animalCrackers","response":55,"absDeviation":5,"callibration":"test","block":5,"seed":84,"numerosity":50,"matchType":"unpaired","which":"first","trial_type":"numerosity-estimation","trial_index":99,"time_elapsed":1566915,"subject_id":"76102"},{"rt":8957,"stimulus":85,"slider_start":100,"sprites":"letters","response":60,"absDeviation":4,"callibration":"test","block":5,"seed":85,"numerosity":64,"matchType":"paired","which":"first","trial_type":"numerosity-estimation","trial_index":100,"time_elapsed":1575873,"subject_id":"76102"},{"rt":10891,"stimulus":85,"slider_start":100,"sprites":"letters","response":57,"absDeviation":7,"callibration":"test","block":5,"seed":85,"numerosity":64,"matchType":"paired","which":"second","trial_type":"numerosity-estimation","trial_index":101,"time_elapsed":1586765,"subject_id":"76102"},{"rt":15015,"stimulus":87,"slider_start":100,"sprites":"hearts","response":37,"absDeviation":13,"callibration":"test","block":5,"seed":87,"numerosity":50,"matchType":"unpaired","which":"first","trial_type":"numerosity-estimation","trial_index":102,"time_elapsed":1601781,"subject_id":"76102"},{"rt":17455,"stimulus":88,"slider_start":100,"sprites":"crackers","response":140,"absDeviation":5,"callibration":"test","block":5,"seed":88,"numerosity":135,"matchType":"unpaired","which":"first","trial_type":"numerosity-estimation","trial_index":103,"time_elapsed":1619237,"subject_id":"76102"},{"rt":11995,"stimulus":89,"slider_start":100,"sprites":"bears","response":51,"absDeviation":1,"callibration":"test","block":5,"seed":89,"numerosity":50,"matchType":"paired","which":"first","trial_type":"numerosity-estimation","trial_index":104,"time_elapsed":1631234,"subject_id":"76102"},{"rt":8672,"stimulus":89,"slider_start":100,"sprites":"bears","response":50,"absDeviation":0,"callibration":"test","block":5,"seed":89,"numerosity":50,"matchType":"paired","which":"second","trial_type":"numerosity-estimation","trial_index":105,"time_elapsed":1639907,"subject_id":"76102"},{"rt":13477,"stimulus":91,"slider_start":100,"sprites":"jellyBeans","response":76,"absDeviation":16,"callibration":"test","block":5,"seed":91,"numerosity":92,"matchType":"unpaired","which":"first","trial_type":"numerosity-estimation","trial_index":106,"time_elapsed":1653385,"subject_id":"76102"},{"rt":13419,"stimulus":92,"slider_start":100,"sprites":"marbles","response":81,"absDeviation":40,"callibration":"test","block":5,"seed":92,"numerosity":121,"matchType":"unpaired","which":"first","trial_type":"numerosity-estimation","trial_index":107,"time_elapsed":1666805,"subject_id":"76102"},{"rt":11114,"stimulus":93,"slider_start":100,"sprites":"mints","response":74,"absDeviation":4,"callibration":"test","block":5,"seed":93,"numerosity":78,"matchType":"paired","which":"first","trial_type":"numerosity-estimation","trial_index":108,"time_elapsed":1677921,"subject_id":"76102"},{"rt":10975,"stimulus":93,"slider_start":100,"sprites":"mints","response":63,"absDeviation":15,"callibration":"test","block":5,"seed":93,"numerosity":78,"matchType":"paired","which":"second","trial_type":"numerosity-estimation","trial_index":109,"time_elapsed":1688897,"subject_id":"76102"},{"rt":15841,"stimulus":95,"slider_start":100,"sprites":"buttons","response":79,"absDeviation":15,"callibration":"test","block":5,"seed":95,"numerosity":64,"matchType":"unpaired","which":"first","trial_type":"numerosity-estimation","trial_index":110,"time_elapsed":1704739,"subject_id":"76102"},{"rt":9040,"stimulus":96,"slider_start":100,"sprites":"animalCrackers","response":90,"absDeviation":2,"callibration":"test","block":5,"seed":96,"numerosity":92,"matchType":"unpaired","which":"first","trial_type":"numerosity-estimation","trial_index":111,"time_elapsed":1713780,"subject_id":"76102"},{"rt":6772,"stimulus":"<p> For the last block of trials, the average deviation of your guesses from correct answers was 11.</p>\n     <p>The smaller the deviation the better.  Your deviation was <b> AMAZINGLY good</b>.</p><br>\n       <p>Press any key to continue to the next block of trials</p>","response":" ","trial_type":"html-keyboard-response","trial_index":112,"time_elapsed":1720553,"subject_id":"76102"},{"rt":8566,"stimulus":2,"slider_start":100,"sprites":"butterflies","response":70,"absDeviation":65,"callibration":"test","block":6,"seed":2,"numerosity":135,"matchType":"paired","which":"first","trial_type":"numerosity-estimation","trial_index":113,"time_elapsed":1729120,"subject_id":"76102"},{"rt":13843,"stimulus":2,"slider_start":100,"sprites":"butterflies","response":104,"absDeviation":31,"callibration":"test","block":6,"seed":2,"numerosity":135,"matchType":"paired","which":"second","trial_type":"numerosity-estimation","trial_index":114,"time_elapsed":1742965,"subject_id":"76102"},{"rt":11456,"stimulus":3,"slider_start":100,"sprites":"hearts","response":50,"absDeviation":0,"callibration":"test","block":6,"seed":3,"numerosity":50,"matchType":"unpaired","which":"second","trial_type":"numerosity-estimation","trial_index":115,"time_elapsed":1754422,"subject_id":"76102"},{"rt":8881,"stimulus":4,"slider_start":100,"sprites":"crackers","response":91,"absDeviation":16,"callibration":"test","block":6,"seed":4,"numerosity":107,"matchType":"unpaired","which":"second","trial_type":"numerosity-estimation","trial_index":116,"time_elapsed":1763304,"subject_id":"76102"},{"rt":11187,"stimulus":6,"slider_start":100,"sprites":"fruits","response":81,"absDeviation":3,"callibration":"test","block":6,"seed":6,"numerosity":78,"matchType":"paired","which":"first","trial_type":"numerosity-estimation","trial_index":117,"time_elapsed":1774493,"subject_id":"76102"},{"rt":10494,"stimulus":6,"slider_start":100,"sprites":"fruits","response":82,"absDeviation":4,"callibration":"test","block":6,"seed":6,"numerosity":78,"matchType":"paired","which":"second","trial_type":"numerosity-estimation","trial_index":118,"time_elapsed":1784988,"subject_id":"76102"},{"rt":9930,"stimulus":7,"slider_start":100,"sprites":"jellyBeans","response":47,"absDeviation":3,"callibration":"test","block":6,"seed":7,"numerosity":50,"matchType":"unpaired","which":"second","trial_type":"numerosity-estimation","trial_index":119,"time_elapsed":1794919,"subject_id":"76102"},{"rt":12388,"stimulus":8,"slider_start":100,"sprites":"marbles","response":71,"absDeviation":21,"callibration":"test","block":6,"seed":8,"numerosity":92,"matchType":"unpaired","which":"second","trial_type":"numerosity-estimation","trial_index":120,"time_elapsed":1807307,"subject_id":"76102"},{"rt":10808,"stimulus":10,"slider_start":100,"sprites":"rocks","response":39,"absDeviation":11,"callibration":"test","block":6,"seed":10,"numerosity":50,"matchType":"paired","which":"first","trial_type":"numerosity-estimation","trial_index":121,"time_elapsed":1818116,"subject_id":"76102"},{"rt":12422,"stimulus":10,"slider_start":100,"sprites":"rocks","response":54,"absDeviation":4,"callibration":"test","block":6,"seed":10,"numerosity":50,"matchType":"paired","which":"second","trial_type":"numerosity-estimation","trial_index":122,"time_elapsed":1830539,"subject_id":"76102"},{"rt":11682,"stimulus":11,"slider_start":100,"sprites":"buttons","response":108,"absDeviation":1,"callibration":"test","block":6,"seed":11,"numerosity":107,"matchType":"unpaired","which":"second","trial_type":"numerosity-estimation","trial_index":123,"time_elapsed":1842223,"subject_id":"76102"},{"rt":13581,"stimulus":12,"slider_start":100,"sprites":"animalCrackers","response":85,"absDeviation":7,"callibration":"test","block":6,"seed":12,"numerosity":92,"matchType":"unpaired","which":"second","trial_type":"numerosity-estimation","trial_index":124,"time_elapsed":1855805,"subject_id":"76102"},{"rt":15609,"stimulus":14,"slider_start":100,"sprites":"butterflies","response":79,"absDeviation":71,"callibration":"test","block":6,"seed":14,"numerosity":150,"matchType":"paired","which":"first","trial_type":"numerosity-estimation","trial_index":125,"time_elapsed":1871415,"subject_id":"76102"},{"rt":7690,"stimulus":14,"slider_start":100,"sprites":"butterflies","response":94,"absDeviation":56,"callibration":"test","block":6,"seed":14,"numerosity":150,"matchType":"paired","which":"second","trial_type":"numerosity-estimation","trial_index":126,"time_elapsed":1879106,"subject_id":"76102"},{"rt":22648,"stimulus":15,"slider_start":100,"sprites":"hearts","response":150,"absDeviation":29,"callibration":"test","block":6,"seed":15,"numerosity":121,"matchType":"unpaired","which":"second","trial_type":"numerosity-estimation","trial_index":127,"time_elapsed":1901755,"subject_id":"76102"},{"rt":9956,"stimulus":16,"slider_start":100,"sprites":"crackers","response":64,"absDeviation":0,"callibration":"test","block":6,"seed":16,"numerosity":64,"matchType":"unpaired","which":"second","trial_type":"numerosity-estimation","trial_index":128,"time_elapsed":1911713,"subject_id":"76102"},{"rt":6531,"stimulus":"<p> For the last block of trials, the average deviation of your guesses from correct answers was 20.</p>\n     <p>The smaller the deviation the better.  Your deviation was <b> VERY good</b>.</p><br>\n       <p>Press any key to continue to the next block of trials</p>","response":"alt","trial_type":"html-keyboard-response","trial_index":129,"time_elapsed":1918245,"subject_id":"76102"},{"rt":18201,"stimulus":18,"slider_start":100,"sprites":"fruits","response":121,"absDeviation":14,"callibration":"test","block":7,"seed":18,"numerosity":107,"matchType":"paired","which":"first","trial_type":"numerosity-estimation","trial_index":130,"time_elapsed":1936447,"subject_id":"76102"},{"rt":13100,"stimulus":18,"slider_start":100,"sprites":"fruits","response":117,"absDeviation":10,"callibration":"test","block":7,"seed":18,"numerosity":107,"matchType":"paired","which":"second","trial_type":"numerosity-estimation","trial_index":131,"time_elapsed":1949549,"subject_id":"76102"},{"rt":14097,"stimulus":19,"slider_start":100,"sprites":"jellyBeans","response":136,"absDeviation":1,"callibration":"test","block":7,"seed":19,"numerosity":135,"matchType":"unpaired","which":"second","trial_type":"numerosity-estimation","trial_index":132,"time_elapsed":1963646,"subject_id":"76102"},{"rt":11504,"stimulus":20,"slider_start":100,"sprites":"marbles","response":56,"absDeviation":22,"callibration":"test","block":7,"seed":20,"numerosity":78,"matchType":"unpaired","which":"second","trial_type":"numerosity-estimation","trial_index":133,"time_elapsed":1975151,"subject_id":"76102"},{"rt":8347,"stimulus":22,"slider_start":100,"sprites":"rocks","response":92,"absDeviation":0,"callibration":"test","block":7,"seed":22,"numerosity":92,"matchType":"paired","which":"first","trial_type":"numerosity-estimation","trial_index":134,"time_elapsed":1983500,"subject_id":"76102"},{"rt":10390,"stimulus":22,"slider_start":100,"sprites":"rocks","response":76,"absDeviation":16,"callibration":"test","block":7,"seed":22,"numerosity":92,"matchType":"paired","which":"second","trial_type":"numerosity-estimation","trial_index":135,"time_elapsed":1993891,"subject_id":"76102"},{"rt":10893,"stimulus":23,"slider_start":100,"sprites":"buttons","response":106,"absDeviation":44,"callibration":"test","block":7,"seed":23,"numerosity":150,"matchType":"unpaired","which":"second","trial_type":"numerosity-estimation","trial_index":136,"time_elapsed":2004785,"subject_id":"76102"},{"rt":10570,"stimulus":24,"slider_start":100,"sprites":"animalCrackers","response":85,"absDeviation":22,"callibration":"test","block":7,"seed":24,"numerosity":107,"matchType":"unpaired","which":"second","trial_type":"numerosity-estimation","trial_index":137,"time_elapsed":2015356,"subject_id":"76102"},{"rt":9944,"stimulus":26,"slider_start":100,"sprites":"butterflies","response":56,"absDeviation":36,"callibration":"test","block":7,"seed":26,"numerosity":92,"matchType":"paired","which":"first","trial_type":"numerosity-estimation","trial_index":138,"time_elapsed":2025302,"subject_id":"76102"},{"rt":10021,"stimulus":26,"slider_start":100,"sprites":"butterflies","response":64,"absDeviation":28,"callibration":"test","block":7,"seed":26,"numerosity":92,"matchType":"paired","which":"second","trial_type":"numerosity-estimation","trial_index":139,"time_elapsed":2035325,"subject_id":"76102"},{"rt":9040,"stimulus":27,"slider_start":100,"sprites":"hearts","response":105,"absDeviation":16,"callibration":"test","block":7,"seed":27,"numerosity":121,"matchType":"unpaired","which":"second","trial_type":"numerosity-estimation","trial_index":140,"time_elapsed":2044365,"subject_id":"76102"},{"rt":10330,"stimulus":28,"slider_start":100,"sprites":"crackers","response":123,"absDeviation":27,"callibration":"test","block":7,"seed":28,"numerosity":150,"matchType":"unpaired","which":"second","trial_type":"numerosity-estimation","trial_index":141,"time_elapsed":2054696,"subject_id":"76102"},{"rt":8822,"stimulus":30,"slider_start":100,"sprites":"fruits","response":86,"absDeviation":21,"callibration":"test","block":7,"seed":30,"numerosity":107,"matchType":"paired","which":"first","trial_type":"numerosity-estimation","trial_index":142,"time_elapsed":2063520,"subject_id":"76102"},{"rt":8131,"stimulus":30,"slider_start":100,"sprites":"fruits","response":95,"absDeviation":12,"callibration":"test","block":7,"seed":30,"numerosity":107,"matchType":"paired","which":"second","trial_type":"numerosity-estimation","trial_index":143,"time_elapsed":2071651,"subject_id":"76102"},{"rt":8611,"stimulus":31,"slider_start":100,"sprites":"jellyBeans","response":105,"absDeviation":45,"callibration":"test","block":7,"seed":31,"numerosity":150,"matchType":"unpaired","which":"second","trial_type":"numerosity-estimation","trial_index":144,"time_elapsed":2080263,"subject_id":"76102"},{"rt":9661,"stimulus":32,"slider_start":100,"sprites":"marbles","response":84,"absDeviation":51,"callibration":"test","block":7,"seed":32,"numerosity":135,"matchType":"unpaired","which":"second","trial_type":"numerosity-estimation","trial_index":145,"time_elapsed":2089925,"subject_id":"76102"},{"rt":12276,"stimulus":"<p> For the last block of trials, the average deviation of your guesses from correct answers was 23.</p>\n     <p>The smaller the deviation the better.  Your deviation was <b> VERY good</b>.</p><br>\n       <p>Press any key to continue to the next block of trials</p>","response":" ","trial_type":"html-keyboard-response","trial_index":146,"time_elapsed":2102203,"subject_id":"76102"},{"rt":8443,"stimulus":34,"slider_start":100,"sprites":"rocks","response":48,"absDeviation":2,"callibration":"test","block":8,"seed":34,"numerosity":50,"matchType":"paired","which":"first","trial_type":"numerosity-estimation","trial_index":147,"time_elapsed":2110646,"subject_id":"76102"},{"rt":7953,"stimulus":34,"slider_start":100,"sprites":"rocks","response":64,"absDeviation":14,"callibration":"test","block":8,"seed":34,"numerosity":50,"matchType":"paired","which":"second","trial_type":"numerosity-estimation","trial_index":148,"time_elapsed":2118600,"subject_id":"76102"},{"rt":8671,"stimulus":35,"slider_start":100,"sprites":"buttons","response":74,"absDeviation":4,"callibration":"test","block":8,"seed":35,"numerosity":78,"matchType":"unpaired","which":"second","trial_type":"numerosity-estimation","trial_index":149,"time_elapsed":2127272,"subject_id":"76102"},{"rt":9052,"stimulus":36,"slider_start":100,"sprites":"animalCrackers","response":40,"absDeviation":10,"callibration":"test","block":8,"seed":36,"numerosity":50,"matchType":"unpaired","which":"second","trial_type":"numerosity-estimation","trial_index":150,"time_elapsed":2136325,"subject_id":"76102"},{"rt":9044,"stimulus":38,"slider_start":100,"sprites":"butterflies","response":57,"absDeviation":21,"callibration":"test","block":8,"seed":38,"numerosity":78,"matchType":"paired","which":"first","trial_type":"numerosity-estimation","trial_index":151,"time_elapsed":2145370,"subject_id":"76102"},{"rt":10691,"stimulus":38,"slider_start":100,"sprites":"butterflies","response":48,"absDeviation":30,"callibration":"test","block":8,"seed":38,"numerosity":78,"matchType":"paired","which":"second","trial_type":"numerosity-estimation","trial_index":152,"time_elapsed":2156063,"subject_id":"76102"},{"rt":13295,"stimulus":39,"slider_start":100,"sprites":"hearts","response":83,"absDeviation":5,"callibration":"test","block":8,"seed":39,"numerosity":78,"matchType":"unpaired","which":"second","trial_type":"numerosity-estimation","trial_index":153,"time_elapsed":2169359,"subject_id":"76102"},{"rt":10959,"stimulus":40,"slider_start":100,"sprites":"crackers","response":95,"absDeviation":26,"callibration":"test","block":8,"seed":40,"numerosity":121,"matchType":"unpaired","which":"second","trial_type":"numerosity-estimation","trial_index":154,"time_elapsed":2180318,"subject_id":"76102"},{"rt":8811,"stimulus":42,"slider_start":100,"sprites":"fruits","response":107,"absDeviation":29,"callibration":"test","block":8,"seed":42,"numerosity":78,"matchType":"paired","which":"first","trial_type":"numerosity-estimation","trial_index":155,"time_elapsed":2189131,"subject_id":"76102"},{"rt":10789,"stimulus":42,"slider_start":100,"sprites":"fruits","response":88,"absDeviation":10,"callibration":"test","block":8,"seed":42,"numerosity":78,"matchType":"paired","which":"second","trial_type":"numerosity-estimation","trial_index":156,"time_elapsed":2199921,"subject_id":"76102"},{"rt":12371,"stimulus":43,"slider_start":100,"sprites":"jellyBeans","response":74,"absDeviation":10,"callibration":"test","block":8,"seed":43,"numerosity":64,"matchType":"unpaired","which":"second","trial_type":"numerosity-estimation","trial_index":157,"time_elapsed":2212293,"subject_id":"76102"},{"rt":9426,"stimulus":44,"slider_start":100,"sprites":"marbles","response":83,"absDeviation":38,"callibration":"test","block":8,"seed":44,"numerosity":121,"matchType":"unpaired","which":"second","trial_type":"numerosity-estimation","trial_index":158,"time_elapsed":2221720,"subject_id":"76102"},{"rt":8692,"stimulus":46,"slider_start":100,"sprites":"rocks","response":115,"absDeviation":8,"callibration":"test","block":8,"seed":46,"numerosity":107,"matchType":"paired","which":"first","trial_type":"numerosity-estimation","trial_index":159,"time_elapsed":2230413,"subject_id":"76102"},{"rt":10776,"stimulus":46,"slider_start":100,"sprites":"rocks","response":107,"absDeviation":0,"callibration":"test","block":8,"seed":46,"numerosity":107,"matchType":"paired","which":"second","trial_type":"numerosity-estimation","trial_index":160,"time_elapsed":2241190,"subject_id":"76102"},{"rt":9138,"stimulus":47,"slider_start":100,"sprites":"buttons","response":136,"absDeviation":15,"callibration":"test","block":8,"seed":47,"numerosity":121,"matchType":"unpaired","which":"second","trial_type":"numerosity-estimation","trial_index":161,"time_elapsed":2250329,"subject_id":"76102"},{"rt":8186,"stimulus":48,"slider_start":100,"sprites":"animalCrackers","response":105,"absDeviation":30,"callibration":"test","block":8,"seed":48,"numerosity":135,"matchType":"unpaired","which":"second","trial_type":"numerosity-estimation","trial_index":162,"time_elapsed":2258516,"subject_id":"76102"},{"rt":3099,"stimulus":"<p> For the last block of trials, the average deviation of your guesses from correct answers was 16.</p>\n     <p>The smaller the deviation the better.  Your deviation was <b> VERY good</b>.</p><br>\n       <p>Press any key to continue to the next block of trials</p>","response":" ","trial_type":"html-keyboard-response","trial_index":163,"time_elapsed":2261616,"subject_id":"76102"},{"rt":9775,"stimulus":50,"slider_start":100,"sprites":"butterflies","response":76,"absDeviation":74,"callibration":"test","block":9,"seed":50,"numerosity":150,"matchType":"paired","which":"first","trial_type":"numerosity-estimation","trial_index":164,"time_elapsed":2271393,"subject_id":"76102"},{"rt":9048,"stimulus":50,"slider_start":100,"sprites":"butterflies","response":83,"absDeviation":67,"callibration":"test","block":9,"seed":50,"numerosity":150,"matchType":"paired","which":"second","trial_type":"numerosity-estimation","trial_index":165,"time_elapsed":2280441,"subject_id":"76102"},{"rt":13519,"stimulus":51,"slider_start":100,"sprites":"hearts","response":105,"absDeviation":45,"callibration":"test","block":9,"seed":51,"numerosity":150,"matchType":"unpaired","which":"second","trial_type":"numerosity-estimation","trial_index":166,"time_elapsed":2293961,"subject_id":"76102"},{"rt":13914,"stimulus":52,"slider_start":100,"sprites":"crackers","response":55,"absDeviation":23,"callibration":"test","block":9,"seed":52,"numerosity":78,"matchType":"unpaired","which":"second","trial_type":"numerosity-estimation","trial_index":167,"time_elapsed":2307876,"subject_id":"76102"},{"rt":7812,"stimulus":54,"slider_start":100,"sprites":"fruits","response":57,"absDeviation":35,"callibration":"test","block":9,"seed":54,"numerosity":92,"matchType":"paired","which":"first","trial_type":"numerosity-estimation","trial_index":168,"time_elapsed":2315689,"subject_id":"76102"},{"rt":7188,"stimulus":54,"slider_start":100,"sprites":"fruits","response":62,"absDeviation":30,"callibration":"test","block":9,"seed":54,"numerosity":92,"matchType":"paired","which":"second","trial_type":"numerosity-estimation","trial_index":169,"time_elapsed":2322878,"subject_id":"76102"},{"rt":15775,"stimulus":55,"slider_start":100,"sprites":"jellyBeans","response":78,"absDeviation":43,"callibration":"test","block":9,"seed":55,"numerosity":121,"matchType":"unpaired","which":"second","trial_type":"numerosity-estimation","trial_index":170,"time_elapsed":2338654,"subject_id":"76102"},{"rt":8514,"stimulus":56,"slider_start":100,"sprites":"marbles","response":45,"absDeviation":19,"callibration":"test","block":9,"seed":56,"numerosity":64,"matchType":"unpaired","which":"second","trial_type":"numerosity-estimation","trial_index":171,"time_elapsed":2347169,"subject_id":"76102"},{"rt":8246,"stimulus":58,"slider_start":100,"sprites":"rocks","response":115,"absDeviation":6,"callibration":"test","block":9,"seed":58,"numerosity":121,"matchType":"paired","which":"first","trial_type":"numerosity-estimation","trial_index":172,"time_elapsed":2355417,"subject_id":"76102"},{"rt":10663,"stimulus":58,"slider_start":100,"sprites":"rocks","response":105,"absDeviation":16,"callibration":"test","block":9,"seed":58,"numerosity":121,"matchType":"paired","which":"second","trial_type":"numerosity-estimation","trial_index":173,"time_elapsed":2366081,"subject_id":"76102"},{"rt":8181,"stimulus":59,"slider_start":100,"sprites":"buttons","response":113,"absDeviation":22,"callibration":"test","block":9,"seed":59,"numerosity":135,"matchType":"unpaired","which":"second","trial_type":"numerosity-estimation","trial_index":174,"time_elapsed":2374263,"subject_id":"76102"},{"rt":8962,"stimulus":60,"slider_start":100,"sprites":"animalCrackers","response":109,"absDeviation":41,"callibration":"test","block":9,"seed":60,"numerosity":150,"matchType":"unpaired","which":"second","trial_type":"numerosity-estimation","trial_index":175,"time_elapsed":2383226,"subject_id":"76102"},{"rt":9759,"stimulus":62,"slider_start":100,"sprites":"butterflies","response":77,"absDeviation":58,"callibration":"test","block":9,"seed":62,"numerosity":135,"matchType":"paired","which":"first","trial_type":"numerosity-estimation","trial_index":176,"time_elapsed":2392986,"subject_id":"76102"},{"rt":8835,"stimulus":62,"slider_start":100,"sprites":"butterflies","response":79,"absDeviation":56,"callibration":"test","block":9,"seed":62,"numerosity":135,"matchType":"paired","which":"second","trial_type":"numerosity-estimation","trial_index":177,"time_elapsed":2401822,"subject_id":"76102"},{"rt":8170,"stimulus":63,"slider_start":100,"sprites":"hearts","response":85,"absDeviation":21,"callibration":"test","block":9,"seed":63,"numerosity":64,"matchType":"unpaired","which":"second","trial_type":"numerosity-estimation","trial_index":178,"time_elapsed":2409993,"subject_id":"76102"},{"rt":7733,"stimulus":64,"slider_start":100,"sprites":"crackers","response":125,"absDeviation":10,"callibration":"test","block":9,"seed":64,"numerosity":135,"matchType":"unpaired","which":"second","trial_type":"numerosity-estimation","trial_index":179,"time_elapsed":2417727,"subject_id":"76102"},{"rt":4101,"stimulus":"<p> For the last block of trials, the average deviation of your guesses from correct answers was 35.</p>\n     <p>The smaller the deviation the better.  Your deviation was <b> good</b>.</p><br>\n       <p>Press any key to continue to the next block of trials</p>","response":" ","trial_type":"html-keyboard-response","trial_index":180,"time_elapsed":2421829,"subject_id":"76102"},{"rt":11217,"stimulus":66,"slider_start":100,"sprites":"fruits","response":54,"absDeviation":10,"callibration":"test","block":10,"seed":66,"numerosity":64,"matchType":"paired","which":"first","trial_type":"numerosity-estimation","trial_index":181,"time_elapsed":2433047,"subject_id":"76102"},{"rt":11032,"stimulus":66,"slider_start":100,"sprites":"fruits","response":55,"absDeviation":9,"callibration":"test","block":10,"seed":66,"numerosity":64,"matchType":"paired","which":"second","trial_type":"numerosity-estimation","trial_index":182,"time_elapsed":2444081,"subject_id":"76102"},{"rt":8750,"stimulus":67,"slider_start":100,"sprites":"jellyBeans","response":83,"absDeviation":24,"callibration":"test","block":10,"seed":67,"numerosity":107,"matchType":"unpaired","which":"second","trial_type":"numerosity-estimation","trial_index":183,"time_elapsed":2452832,"subject_id":"76102"},{"rt":8898,"stimulus":68,"slider_start":100,"sprites":"marbles","response":77,"absDeviation":73,"callibration":"test","block":10,"seed":68,"numerosity":150,"matchType":"unpaired","which":"second","trial_type":"numerosity-estimation","trial_index":184,"time_elapsed":2461731,"subject_id":"76102"},{"rt":10222,"stimulus":70,"slider_start":100,"sprites":"rocks","response":86,"absDeviation":6,"callibration":"test","block":10,"seed":70,"numerosity":92,"matchType":"paired","which":"first","trial_type":"numerosity-estimation","trial_index":185,"time_elapsed":2471954,"subject_id":"76102"},{"rt":9966,"stimulus":70,"slider_start":100,"sprites":"rocks","response":61,"absDeviation":31,"callibration":"test","block":10,"seed":70,"numerosity":92,"matchType":"paired","which":"second","trial_type":"numerosity-estimation","trial_index":186,"time_elapsed":2481921,"subject_id":"76102"},{"rt":13129,"stimulus":71,"slider_start":100,"sprites":"buttons","response":131,"absDeviation":24,"callibration":"test","block":10,"seed":71,"numerosity":107,"matchType":"unpaired","which":"second","trial_type":"numerosity-estimation","trial_index":187,"time_elapsed":2495051,"subject_id":"76102"},{"rt":10317,"stimulus":72,"slider_start":100,"sprites":"animalCrackers","response":55,"absDeviation":5,"callibration":"test","block":10,"seed":72,"numerosity":50,"matchType":"unpaired","which":"second","trial_type":"numerosity-estimation","trial_index":188,"time_elapsed":2505370,"subject_id":"76102"},{"rt":10029,"stimulus":74,"slider_start":100,"sprites":"butterflies","response":45,"absDeviation":19,"callibration":"test","block":10,"seed":74,"numerosity":64,"matchType":"paired","which":"first","trial_type":"numerosity-estimation","trial_index":189,"time_elapsed":2515400,"subject_id":"76102"},{"rt":10820,"stimulus":74,"slider_start":100,"sprites":"butterflies","response":56,"absDeviation":8,"callibration":"test","block":10,"seed":74,"numerosity":64,"matchType":"paired","which":"second","trial_type":"numerosity-estimation","trial_index":190,"time_elapsed":2526221,"subject_id":"76102"},{"rt":8252,"stimulus":75,"slider_start":100,"sprites":"hearts","response":111,"absDeviation":19,"callibration":"test","block":10,"seed":75,"numerosity":92,"matchType":"unpaired","which":"second","trial_type":"numerosity-estimation","trial_index":191,"time_elapsed":2534474,"subject_id":"76102"},{"rt":28944,"stimulus":76,"slider_start":100,"sprites":"crackers","response":63,"absDeviation":1,"callibration":"test","block":10,"seed":76,"numerosity":64,"matchType":"unpaired","which":"second","trial_type":"numerosity-estimation","trial_index":192,"time_elapsed":2563420,"subject_id":"76102"},{"rt":12476,"stimulus":78,"slider_start":100,"sprites":"fruits","response":58,"absDeviation":6,"callibration":"test","block":10,"seed":78,"numerosity":64,"matchType":"paired","which":"first","trial_type":"numerosity-estimation","trial_index":193,"time_elapsed":2575896,"subject_id":"76102"},{"rt":8029,"stimulus":78,"slider_start":100,"sprites":"fruits","response":71,"absDeviation":7,"callibration":"test","block":10,"seed":78,"numerosity":64,"matchType":"paired","which":"second","trial_type":"numerosity-estimation","trial_index":194,"time_elapsed":2583927,"subject_id":"76102"},{"rt":8552,"stimulus":79,"slider_start":100,"sprites":"jellyBeans","response":46,"absDeviation":4,"callibration":"test","block":10,"seed":79,"numerosity":50,"matchType":"unpaired","which":"second","trial_type":"numerosity-estimation","trial_index":195,"time_elapsed":2592480,"subject_id":"76102"},{"rt":10479,"stimulus":80,"slider_start":100,"sprites":"marbles","response":68,"absDeviation":53,"callibration":"test","block":10,"seed":80,"numerosity":121,"matchType":"unpaired","which":"second","trial_type":"numerosity-estimation","trial_index":196,"time_elapsed":2602961,"subject_id":"76102"},{"rt":17017,"stimulus":"<p> For the last block of trials, the average deviation of your guesses from correct answers was 19.</p>\n     <p>The smaller the deviation the better.  Your deviation was <b> VERY good</b>.</p><br>\n       <p>Press any key to continue to the next block of trials</p>","response":" ","trial_type":"html-keyboard-response","trial_index":197,"time_elapsed":2619979,"subject_id":"76102"},{"rt":10872,"stimulus":82,"slider_start":100,"sprites":"rocks","response":56,"absDeviation":8,"callibration":"test","block":11,"seed":82,"numerosity":64,"matchType":"paired","which":"first","trial_type":"numerosity-estimation","trial_index":198,"time_elapsed":2630852,"subject_id":"76102"},{"rt":8891,"stimulus":82,"slider_start":100,"sprites":"rocks","response":73,"absDeviation":9,"callibration":"test","block":11,"seed":82,"numerosity":64,"matchType":"paired","which":"second","trial_type":"numerosity-estimation","trial_index":199,"time_elapsed":2639744,"subject_id":"76102"},{"rt":8369,"stimulus":83,"slider_start":100,"sprites":"buttons","response":83,"absDeviation":38,"callibration":"test","block":11,"seed":83,"numerosity":121,"matchType":"unpaired","which":"second","trial_type":"numerosity-estimation","trial_index":200,"time_elapsed":2648113,"subject_id":"76102"},{"rt":9244,"stimulus":84,"slider_start":100,"sprites":"animalCrackers","response":56,"absDeviation":6,"callibration":"test","block":11,"seed":84,"numerosity":50,"matchType":"unpaired","which":"second","trial_type":"numerosity-estimation","trial_index":201,"time_elapsed":2657358,"subject_id":"76102"},{"rt":10161,"stimulus":86,"slider_start":100,"sprites":"butterflies","response":77,"absDeviation":44,"callibration":"test","block":11,"seed":86,"numerosity":121,"matchType":"paired","which":"first","trial_type":"numerosity-estimation","trial_index":202,"time_elapsed":2667520,"subject_id":"76102"},{"rt":10470,"stimulus":86,"slider_start":100,"sprites":"butterflies","response":81,"absDeviation":40,"callibration":"test","block":11,"seed":86,"numerosity":121,"matchType":"paired","which":"second","trial_type":"numerosity-estimation","trial_index":203,"time_elapsed":2677991,"subject_id":"76102"},{"rt":7272,"stimulus":87,"slider_start":100,"sprites":"hearts","response":44,"absDeviation":6,"callibration":"test","block":11,"seed":87,"numerosity":50,"matchType":"unpaired","which":"second","trial_type":"numerosity-estimation","trial_index":204,"time_elapsed":2685265,"subject_id":"76102"},{"rt":7429,"stimulus":88,"slider_start":100,"sprites":"crackers","response":77,"absDeviation":58,"callibration":"test","block":11,"seed":88,"numerosity":135,"matchType":"unpaired","which":"second","trial_type":"numerosity-estimation","trial_index":205,"time_elapsed":2692695,"subject_id":"76102"},{"rt":10911,"stimulus":90,"slider_start":100,"sprites":"fruits","response":123,"absDeviation":27,"callibration":"test","block":11,"seed":90,"numerosity":150,"matchType":"paired","which":"first","trial_type":"numerosity-estimation","trial_index":206,"time_elapsed":2703607,"subject_id":"76102"},{"rt":18223,"stimulus":90,"slider_start":100,"sprites":"fruits","response":154,"absDeviation":4,"callibration":"test","block":11,"seed":90,"numerosity":150,"matchType":"paired","which":"second","trial_type":"numerosity-estimation","trial_index":207,"time_elapsed":2721831,"subject_id":"76102"},{"rt":11376,"stimulus":91,"slider_start":100,"sprites":"jellyBeans","response":84,"absDeviation":8,"callibration":"test","block":11,"seed":91,"numerosity":92,"matchType":"unpaired","which":"second","trial_type":"numerosity-estimation","trial_index":208,"time_elapsed":2733208,"subject_id":"76102"},{"rt":10011,"stimulus":92,"slider_start":100,"sprites":"marbles","response":64,"absDeviation":57,"callibration":"test","block":11,"seed":92,"numerosity":121,"matchType":"unpaired","which":"second","trial_type":"numerosity-estimation","trial_index":209,"time_elapsed":2743221,"subject_id":"76102"},{"rt":11008,"stimulus":94,"slider_start":100,"sprites":"rocks","response":78,"absDeviation":0,"callibration":"test","block":11,"seed":94,"numerosity":78,"matchType":"paired","which":"first","trial_type":"numerosity-estimation","trial_index":210,"time_elapsed":2754230,"subject_id":"76102"},{"rt":8417,"stimulus":94,"slider_start":100,"sprites":"rocks","response":68,"absDeviation":10,"callibration":"test","block":11,"seed":94,"numerosity":78,"matchType":"paired","which":"second","trial_type":"numerosity-estimation","trial_index":211,"time_elapsed":2762648,"subject_id":"76102"},{"rt":9209,"stimulus":95,"slider_start":100,"sprites":"buttons","response":77,"absDeviation":13,"callibration":"test","block":11,"seed":95,"numerosity":64,"matchType":"unpaired","which":"second","trial_type":"numerosity-estimation","trial_index":212,"time_elapsed":2771858,"subject_id":"76102"},{"rt":11794,"stimulus":96,"slider_start":100,"sprites":"animalCrackers","response":89,"absDeviation":3,"callibration":"test","block":11,"seed":96,"numerosity":92,"matchType":"unpaired","which":"second","trial_type":"numerosity-estimation","trial_index":213,"time_elapsed":2783653,"subject_id":"76102"},{"rt":40182,"stimulus":"<p> For the last block of trials, the average deviation of your guesses from correct answers was 21.</p>\n     <p>The smaller the deviation the better.  Your deviation was <b> VERY good</b>.</p><br>\n       <p>Press any key to continue to the next block of trials</p>","response":" ","trial_type":"html-keyboard-response","trial_index":214,"time_elapsed":2823837,"subject_id":"76102"},{"rt":20369,"response":{"averageEstimates":"When the two displays occured back-to-back, in immediate succession.","firstOrSecond":"The second time the objects were shown"},"question_order":[0,1],"trial_type":"survey-multi-choice","trial_index":215,"time_elapsed":2844207,"subject_id":"76102"}]