[{"rt":3922,"url":"consent.html","trial_type":"external-html","trial_index":0,"time_elapsed":3928,"subject_id":"76244"},{"view_history":[{"page_index":0,"viewing_time":13287}],"rt":13287,"trial_type":"instructions","trial_index":1,"time_elapsed":17215,"subject_id":"76244"},{"rt":3420,"stimulus":0,"slider_start":100,"sprites":"animalCrackers","response":100,"absDeviation":50,"callibration":"callibration","block":-1,"seed":0,"numerosity":50,"matchType":"callibration","which":"first","trial_type":"numerosity-estimation","trial_index":2,"time_elapsed":20639,"subject_id":"76244"},{"rt":1662,"stimulus":1,"slider_start":100,"sprites":"letters","response":100,"absDeviation":36,"callibration":"callibration","block":-1,"seed":1,"numerosity":64,"matchType":"callibration","which":"first","trial_type":"numerosity-estimation","trial_index":3,"time_elapsed":22303,"subject_id":"76244"},{"rt":1382,"stimulus":2,"slider_start":100,"sprites":"butterflies","response":100,"absDeviation":22,"callibration":"callibration","block":-1,"seed":2,"numerosity":78,"matchType":"callibration","which":"first","trial_type":"numerosity-estimation","trial_index":4,"time_elapsed":23687,"subject_id":"76244"},{"rt":2839,"stimulus":3,"slider_start":100,"sprites":"hearts","response":100,"absDeviation":8,"callibration":"callibration","block":-1,"seed":3,"numerosity":92,"matchType":"callibration","which":"first","trial_type":"numerosity-estimation","trial_index":5,"time_elapsed":26527,"subject_id":"76244"},{"rt":1678,"stimulus":4,"slider_start":100,"sprites":"crackers","response":100,"absDeviation":7,"callibration":"callibration","block":-1,"seed":4,"numerosity":107,"matchType":"callibration","which":"first","trial_type":"numerosity-estimation","trial_index":6,"time_elapsed":28207,"subject_id":"76244"},{"rt":2119,"stimulus":5,"slider_start":100,"sprites":"bears","response":100,"absDeviation":21,"callibration":"callibration","block":-1,"seed":5,"numerosity":121,"matchType":"callibration","which":"first","trial_type":"numerosity-estimation","trial_index":7,"time_elapsed":30327,"subject_id":"76244"},{"rt":3894,"stimulus":6,"slider_start":100,"sprites":"fruits","response":100,"absDeviation":35,"callibration":"callibration","block":-1,"seed":6,"numerosity":135,"matchType":"callibration","which":"first","trial_type":"numerosity-estimation","trial_index":8,"time_elapsed":34223,"subject_id":"76244"},{"rt":1895,"stimulus":7,"slider_start":100,"sprites":"jellyBeans","response":100,"absDeviation":50,"callibration":"callibration","block":-1,"seed":7,"numerosity":150,"matchType":"callibration","which":"first","trial_type":"numerosity-estimation","trial_index":9,"time_elapsed":36119,"subject_id":"76244"},{"view_history":[{"page_index":0,"viewing_time":1200}],"rt":1200,"trial_type":"instructions","trial_index":10,"time_elapsed":37319,"subject_id":"76244"},{"rt":10926,"stimulus":1,"slider_start":100,"sprites":"letters","response":90,"absDeviation":2,"callibration":"test","block":0,"seed":1,"numerosity":92,"matchType":"paired","which":"first","trial_type":"numerosity-estimation","trial_index":11,"time_elapsed":48247,"subject_id":"76244"},{"rt":6046,"stimulus":1,"slider_start":100,"sprites":"letters","response":80,"absDeviation":12,"callibration":"test","block":0,"seed":1,"numerosity":92,"matchType":"paired","which":"second","trial_type":"numerosity-estimation","trial_index":12,"time_elapsed":54295,"subject_id":"76244"},{"rt":6463,"stimulus":3,"slider_start":100,"sprites":"hearts","response":63,"absDeviation":13,"callibration":"test","block":0,"seed":3,"numerosity":50,"matchType":"unpaired","which":"first","trial_type":"numerosity-estimation","trial_index":13,"time_elapsed":60761,"subject_id":"76244"},{"rt":6551,"stimulus":4,"slider_start":100,"sprites":"crackers","response":128,"absDeviation":21,"callibration":"test","block":0,"seed":4,"numerosity":107,"matchType":"unpaired","which":"first","trial_type":"numerosity-estimation","trial_index":14,"time_elapsed":67313,"subject_id":"76244"},{"rt":5663,"stimulus":5,"slider_start":100,"sprites":"bears","response":43,"absDeviation":7,"callibration":"test","block":0,"seed":5,"numerosity":50,"matchType":"paired","which":"first","trial_type":"numerosity-estimation","trial_index":15,"time_elapsed":72977,"subject_id":"76244"},{"rt":5775,"stimulus":5,"slider_start":100,"sprites":"bears","response":58,"absDeviation":8,"callibration":"test","block":0,"seed":5,"numerosity":50,"matchType":"paired","which":"second","trial_type":"numerosity-estimation","trial_index":16,"time_elapsed":78753,"subject_id":"76244"},{"rt":6846,"stimulus":7,"slider_start":100,"sprites":"jellyBeans","response":48,"absDeviation":2,"callibration":"test","block":0,"seed":7,"numerosity":50,"matchType":"unpaired","which":"first","trial_type":"numerosity-estimation","trial_index":17,"time_elapsed":85601,"subject_id":"76244"},{"rt":4399,"stimulus":8,"slider_start":100,"sprites":"marbles","response":71,"absDeviation":21,"callibration":"test","block":0,"seed":8,"numerosity":92,"matchType":"unpaired","which":"first","trial_type":"numerosity-estimation","trial_index":18,"time_elapsed":90001,"subject_id":"76244"},{"rt":4599,"stimulus":9,"slider_start":100,"sprites":"mints","response":162,"absDeviation":27,"callibration":"test","block":0,"seed":9,"numerosity":135,"matchType":"paired","which":"first","trial_type":"numerosity-estimation","trial_index":19,"time_elapsed":94601,"subject_id":"76244"},{"rt":2118,"stimulus":9,"slider_start":100,"sprites":"mints","response":161,"absDeviation":26,"callibration":"test","block":0,"seed":9,"numerosity":135,"matchType":"paired","which":"second","trial_type":"numerosity-estimation","trial_index":20,"time_elapsed":96721,"subject_id":"76244"},{"rt":3551,"stimulus":11,"slider_start":100,"sprites":"buttons","response":154,"absDeviation":47,"callibration":"test","block":0,"seed":11,"numerosity":107,"matchType":"unpaired","which":"first","trial_type":"numerosity-estimation","trial_index":21,"time_elapsed":100273,"subject_id":"76244"},{"rt":4463,"stimulus":12,"slider_start":100,"sprites":"animalCrackers","response":106,"absDeviation":14,"callibration":"test","block":0,"seed":12,"numerosity":92,"matchType":"unpaired","which":"first","trial_type":"numerosity-estimation","trial_index":22,"time_elapsed":104736,"subject_id":"76244"},{"rt":2263,"stimulus":13,"slider_start":100,"sprites":"letters","response":109,"absDeviation":2,"callibration":"test","block":0,"seed":13,"numerosity":107,"matchType":"paired","which":"first","trial_type":"numerosity-estimation","trial_index":23,"time_elapsed":107001,"subject_id":"76244"},{"rt":1870,"stimulus":13,"slider_start":100,"sprites":"letters","response":123,"absDeviation":16,"callibration":"test","block":0,"seed":13,"numerosity":107,"matchType":"paired","which":"second","trial_type":"numerosity-estimation","trial_index":24,"time_elapsed":108872,"subject_id":"76244"},{"rt":5655,"stimulus":15,"slider_start":100,"sprites":"hearts","response":160,"absDeviation":39,"callibration":"test","block":0,"seed":15,"numerosity":121,"matchType":"unpaired","which":"first","trial_type":"numerosity-estimation","trial_index":25,"time_elapsed":114529,"subject_id":"76244"},{"rt":4246,"stimulus":16,"slider_start":100,"sprites":"crackers","response":70,"absDeviation":6,"callibration":"test","block":0,"seed":16,"numerosity":64,"matchType":"unpaired","which":"first","trial_type":"numerosity-estimation","trial_index":26,"time_elapsed":118776,"subject_id":"76244"},{"rt":34655,"stimulus":"<p> For the last block of trials, the average deviation of your guesses from correct answers was 16.</p>\n     <p>The smaller the deviation the better.  Your deviation was <b> VERY good</b>.</p><br>\n       <p>Press any key to continue to the next block of trials</p>","response":" ","trial_type":"html-keyboard-response","trial_index":27,"time_elapsed":153433,"subject_id":"76244"},{"rt":7447,"stimulus":17,"slider_start":100,"sprites":"bears","response":81,"absDeviation":11,"callibration":"test","block":1,"seed":17,"numerosity":92,"matchType":"paired","which":"first","trial_type":"numerosity-estimation","trial_index":28,"time_elapsed":160881,"subject_id":"76244"},{"rt":5623,"stimulus":17,"slider_start":100,"sprites":"bears","response":80,"absDeviation":12,"callibration":"test","block":1,"seed":17,"numerosity":92,"matchType":"paired","which":"second","trial_type":"numerosity-estimation","trial_index":29,"time_elapsed":166506,"subject_id":"76244"},{"rt":6159,"stimulus":19,"slider_start":100,"sprites":"jellyBeans","response":134,"absDeviation":1,"callibration":"test","block":1,"seed":19,"numerosity":135,"matchType":"unpaired","which":"first","trial_type":"numerosity-estimation","trial_index":30,"time_elapsed":172666,"subject_id":"76244"},{"rt":6967,"stimulus":20,"slider_start":100,"sprites":"marbles","response":39,"absDeviation":39,"callibration":"test","block":1,"seed":20,"numerosity":78,"matchType":"unpaired","which":"first","trial_type":"numerosity-estimation","trial_index":31,"time_elapsed":179634,"subject_id":"76244"},{"rt":6279,"stimulus":21,"slider_start":100,"sprites":"mints","response":83,"absDeviation":9,"callibration":"test","block":1,"seed":21,"numerosity":92,"matchType":"paired","which":"first","trial_type":"numerosity-estimation","trial_index":32,"time_elapsed":185914,"subject_id":"76244"},{"rt":3983,"stimulus":21,"slider_start":100,"sprites":"mints","response":81,"absDeviation":11,"callibration":"test","block":1,"seed":21,"numerosity":92,"matchType":"paired","which":"second","trial_type":"numerosity-estimation","trial_index":33,"time_elapsed":189898,"subject_id":"76244"},{"rt":6271,"stimulus":23,"slider_start":100,"sprites":"buttons","response":163,"absDeviation":13,"callibration":"test","block":1,"seed":23,"numerosity":150,"matchType":"unpaired","which":"first","trial_type":"numerosity-estimation","trial_index":34,"time_elapsed":196171,"subject_id":"76244"},{"rt":4510,"stimulus":24,"slider_start":100,"sprites":"animalCrackers","response":93,"absDeviation":14,"callibration":"test","block":1,"seed":24,"numerosity":107,"matchType":"unpaired","which":"first","trial_type":"numerosity-estimation","trial_index":35,"time_elapsed":200682,"subject_id":"76244"},{"rt":3241,"stimulus":25,"slider_start":100,"sprites":"letters","response":113,"absDeviation":6,"callibration":"test","block":1,"seed":25,"numerosity":107,"matchType":"paired","which":"first","trial_type":"numerosity-estimation","trial_index":36,"time_elapsed":203924,"subject_id":"76244"},{"rt":2524,"stimulus":25,"slider_start":100,"sprites":"letters","response":78,"absDeviation":29,"callibration":"test","block":1,"seed":25,"numerosity":107,"matchType":"paired","which":"second","trial_type":"numerosity-estimation","trial_index":37,"time_elapsed":206450,"subject_id":"76244"},{"rt":4367,"stimulus":27,"slider_start":100,"sprites":"hearts","response":147,"absDeviation":26,"callibration":"test","block":1,"seed":27,"numerosity":121,"matchType":"unpaired","which":"first","trial_type":"numerosity-estimation","trial_index":38,"time_elapsed":210818,"subject_id":"76244"},{"rt":3991,"stimulus":28,"slider_start":100,"sprites":"crackers","response":160,"absDeviation":10,"callibration":"test","block":1,"seed":28,"numerosity":150,"matchType":"unpaired","which":"first","trial_type":"numerosity-estimation","trial_index":39,"time_elapsed":214810,"subject_id":"76244"},{"rt":5319,"stimulus":29,"slider_start":100,"sprites":"bears","response":45,"absDeviation":19,"callibration":"test","block":1,"seed":29,"numerosity":64,"matchType":"paired","which":"first","trial_type":"numerosity-estimation","trial_index":40,"time_elapsed":220130,"subject_id":"76244"},{"rt":6574,"stimulus":29,"slider_start":100,"sprites":"bears","response":55,"absDeviation":9,"callibration":"test","block":1,"seed":29,"numerosity":64,"matchType":"paired","which":"second","trial_type":"numerosity-estimation","trial_index":41,"time_elapsed":226706,"subject_id":"76244"},{"rt":3919,"stimulus":31,"slider_start":100,"sprites":"jellyBeans","response":164,"absDeviation":14,"callibration":"test","block":1,"seed":31,"numerosity":150,"matchType":"unpaired","which":"first","trial_type":"numerosity-estimation","trial_index":42,"time_elapsed":230626,"subject_id":"76244"},{"rt":6830,"stimulus":32,"slider_start":100,"sprites":"marbles","response":113,"absDeviation":22,"callibration":"test","block":1,"seed":32,"numerosity":135,"matchType":"unpaired","which":"first","trial_type":"numerosity-estimation","trial_index":43,"time_elapsed":237458,"subject_id":"76244"},{"rt":21543,"stimulus":"<p> For the last block of trials, the average deviation of your guesses from correct answers was 15.</p>\n     <p>The smaller the deviation the better.  Your deviation was <b> VERY good</b>.</p><br>\n       <p>Press any key to continue to the next block of trials</p>","response":" ","trial_type":"html-keyboard-response","trial_index":44,"time_elapsed":259003,"subject_id":"76244"},{"rt":6446,"stimulus":33,"slider_start":100,"sprites":"mints","response":154,"absDeviation":33,"callibration":"test","block":2,"seed":33,"numerosity":121,"matchType":"paired","which":"first","trial_type":"numerosity-estimation","trial_index":45,"time_elapsed":265451,"subject_id":"76244"},{"rt":2151,"stimulus":33,"slider_start":100,"sprites":"mints","response":142,"absDeviation":21,"callibration":"test","block":2,"seed":33,"numerosity":121,"matchType":"paired","which":"second","trial_type":"numerosity-estimation","trial_index":46,"time_elapsed":267603,"subject_id":"76244"},{"rt":3127,"stimulus":35,"slider_start":100,"sprites":"buttons","response":74,"absDeviation":4,"callibration":"test","block":2,"seed":35,"numerosity":78,"matchType":"unpaired","which":"first","trial_type":"numerosity-estimation","trial_index":47,"time_elapsed":270731,"subject_id":"76244"},{"rt":5054,"stimulus":36,"slider_start":100,"sprites":"animalCrackers","response":45,"absDeviation":5,"callibration":"test","block":2,"seed":36,"numerosity":50,"matchType":"unpaired","which":"first","trial_type":"numerosity-estimation","trial_index":48,"time_elapsed":275787,"subject_id":"76244"},{"rt":4631,"stimulus":37,"slider_start":100,"sprites":"letters","response":160,"absDeviation":25,"callibration":"test","block":2,"seed":37,"numerosity":135,"matchType":"paired","which":"first","trial_type":"numerosity-estimation","trial_index":49,"time_elapsed":280420,"subject_id":"76244"},{"rt":3270,"stimulus":37,"slider_start":100,"sprites":"letters","response":167,"absDeviation":32,"callibration":"test","block":2,"seed":37,"numerosity":135,"matchType":"paired","which":"second","trial_type":"numerosity-estimation","trial_index":50,"time_elapsed":283691,"subject_id":"76244"},{"rt":5687,"stimulus":39,"slider_start":100,"sprites":"hearts","response":99,"absDeviation":21,"callibration":"test","block":2,"seed":39,"numerosity":78,"matchType":"unpaired","which":"first","trial_type":"numerosity-estimation","trial_index":51,"time_elapsed":289379,"subject_id":"76244"},{"rt":4871,"stimulus":40,"slider_start":100,"sprites":"crackers","response":162,"absDeviation":41,"callibration":"test","block":2,"seed":40,"numerosity":121,"matchType":"unpaired","which":"first","trial_type":"numerosity-estimation","trial_index":52,"time_elapsed":294252,"subject_id":"76244"},{"rt":4390,"stimulus":41,"slider_start":100,"sprites":"bears","response":35,"absDeviation":15,"callibration":"test","block":2,"seed":41,"numerosity":50,"matchType":"paired","which":"first","trial_type":"numerosity-estimation","trial_index":53,"time_elapsed":298643,"subject_id":"76244"},{"rt":2359,"stimulus":41,"slider_start":100,"sprites":"bears","response":36,"absDeviation":14,"callibration":"test","block":2,"seed":41,"numerosity":50,"matchType":"paired","which":"second","trial_type":"numerosity-estimation","trial_index":54,"time_elapsed":301004,"subject_id":"76244"},{"rt":4255,"stimulus":43,"slider_start":100,"sprites":"jellyBeans","response":57,"absDeviation":7,"callibration":"test","block":2,"seed":43,"numerosity":64,"matchType":"unpaired","which":"first","trial_type":"numerosity-estimation","trial_index":55,"time_elapsed":305259,"subject_id":"76244"},{"rt":5118,"stimulus":44,"slider_start":100,"sprites":"marbles","response":88,"absDeviation":33,"callibration":"test","block":2,"seed":44,"numerosity":121,"matchType":"unpaired","which":"first","trial_type":"numerosity-estimation","trial_index":56,"time_elapsed":310379,"subject_id":"76244"},{"rt":3919,"stimulus":45,"slider_start":100,"sprites":"mints","response":162,"absDeviation":41,"callibration":"test","block":2,"seed":45,"numerosity":121,"matchType":"paired","which":"first","trial_type":"numerosity-estimation","trial_index":57,"time_elapsed":314299,"subject_id":"76244"},{"rt":4239,"stimulus":45,"slider_start":100,"sprites":"mints","response":171,"absDeviation":50,"callibration":"test","block":2,"seed":45,"numerosity":121,"matchType":"paired","which":"second","trial_type":"numerosity-estimation","trial_index":58,"time_elapsed":318540,"subject_id":"76244"},{"rt":3279,"stimulus":47,"slider_start":100,"sprites":"buttons","response":135,"absDeviation":14,"callibration":"test","block":2,"seed":47,"numerosity":121,"matchType":"unpaired","which":"first","trial_type":"numerosity-estimation","trial_index":59,"time_elapsed":321819,"subject_id":"76244"},{"rt":4591,"stimulus":48,"slider_start":100,"sprites":"animalCrackers","response":157,"absDeviation":22,"callibration":"test","block":2,"seed":48,"numerosity":135,"matchType":"unpaired","which":"first","trial_type":"numerosity-estimation","trial_index":60,"time_elapsed":326411,"subject_id":"76244"},{"rt":1967,"stimulus":"<p> For the last block of trials, the average deviation of your guesses from correct answers was 24.</p>\n     <p>The smaller the deviation the better.  Your deviation was <b> VERY good</b>.</p><br>\n       <p>Press any key to continue to the next block of trials</p>","response":" ","trial_type":"html-keyboard-response","trial_index":61,"time_elapsed":328379,"subject_id":"76244"},{"rt":5983,"stimulus":49,"slider_start":100,"sprites":"letters","response":57,"absDeviation":21,"callibration":"test","block":3,"seed":49,"numerosity":78,"matchType":"paired","which":"first","trial_type":"numerosity-estimation","trial_index":62,"time_elapsed":334363,"subject_id":"76244"},{"rt":2302,"stimulus":49,"slider_start":100,"sprites":"letters","response":53,"absDeviation":25,"callibration":"test","block":3,"seed":49,"numerosity":78,"matchType":"paired","which":"second","trial_type":"numerosity-estimation","trial_index":63,"time_elapsed":336667,"subject_id":"76244"},{"rt":3367,"stimulus":51,"slider_start":100,"sprites":"hearts","response":154,"absDeviation":4,"callibration":"test","block":3,"seed":51,"numerosity":150,"matchType":"unpaired","which":"first","trial_type":"numerosity-estimation","trial_index":64,"time_elapsed":340035,"subject_id":"76244"},{"rt":3079,"stimulus":52,"slider_start":100,"sprites":"crackers","response":75,"absDeviation":3,"callibration":"test","block":3,"seed":52,"numerosity":78,"matchType":"unpaired","which":"first","trial_type":"numerosity-estimation","trial_index":65,"time_elapsed":343115,"subject_id":"76244"},{"rt":3367,"stimulus":53,"slider_start":100,"sprites":"bears","response":61,"absDeviation":11,"callibration":"test","block":3,"seed":53,"numerosity":50,"matchType":"paired","which":"first","trial_type":"numerosity-estimation","trial_index":66,"time_elapsed":346484,"subject_id":"76244"},{"rt":2535,"stimulus":53,"slider_start":100,"sprites":"bears","response":49,"absDeviation":1,"callibration":"test","block":3,"seed":53,"numerosity":50,"matchType":"paired","which":"second","trial_type":"numerosity-estimation","trial_index":67,"time_elapsed":349019,"subject_id":"76244"},{"rt":7126,"stimulus":55,"slider_start":100,"sprites":"jellyBeans","response":117,"absDeviation":4,"callibration":"test","block":3,"seed":55,"numerosity":121,"matchType":"unpaired","which":"first","trial_type":"numerosity-estimation","trial_index":68,"time_elapsed":356147,"subject_id":"76244"},{"rt":6527,"stimulus":56,"slider_start":100,"sprites":"marbles","response":35,"absDeviation":29,"callibration":"test","block":3,"seed":56,"numerosity":64,"matchType":"unpaired","which":"first","trial_type":"numerosity-estimation","trial_index":69,"time_elapsed":362677,"subject_id":"76244"},{"rt":3278,"stimulus":57,"slider_start":100,"sprites":"mints","response":51,"absDeviation":13,"callibration":"test","block":3,"seed":57,"numerosity":64,"matchType":"paired","which":"first","trial_type":"numerosity-estimation","trial_index":70,"time_elapsed":365957,"subject_id":"76244"},{"rt":3287,"stimulus":57,"slider_start":100,"sprites":"mints","response":53,"absDeviation":11,"callibration":"test","block":3,"seed":57,"numerosity":64,"matchType":"paired","which":"second","trial_type":"numerosity-estimation","trial_index":71,"time_elapsed":369245,"subject_id":"76244"},{"rt":3423,"stimulus":59,"slider_start":100,"sprites":"buttons","response":159,"absDeviation":24,"callibration":"test","block":3,"seed":59,"numerosity":135,"matchType":"unpaired","which":"first","trial_type":"numerosity-estimation","trial_index":72,"time_elapsed":372669,"subject_id":"76244"},{"rt":2559,"stimulus":60,"slider_start":100,"sprites":"animalCrackers","response":162,"absDeviation":12,"callibration":"test","block":3,"seed":60,"numerosity":150,"matchType":"unpaired","which":"first","trial_type":"numerosity-estimation","trial_index":73,"time_elapsed":375229,"subject_id":"76244"},{"rt":3663,"stimulus":61,"slider_start":100,"sprites":"letters","response":27,"absDeviation":23,"callibration":"test","block":3,"seed":61,"numerosity":50,"matchType":"paired","which":"first","trial_type":"numerosity-estimation","trial_index":74,"time_elapsed":378893,"subject_id":"76244"},{"rt":27254,"stimulus":61,"slider_start":100,"sprites":"letters","response":62,"absDeviation":12,"callibration":"test","block":3,"seed":61,"numerosity":50,"matchType":"paired","which":"second","trial_type":"numerosity-estimation","trial_index":75,"time_elapsed":406149,"subject_id":"76244"},{"rt":5415,"stimulus":63,"slider_start":100,"sprites":"hearts","response":61,"absDeviation":3,"callibration":"test","block":3,"seed":63,"numerosity":64,"matchType":"unpaired","which":"first","trial_type":"numerosity-estimation","trial_index":76,"time_elapsed":411565,"subject_id":"76244"},{"rt":2327,"stimulus":64,"slider_start":100,"sprites":"crackers","response":163,"absDeviation":28,"callibration":"test","block":3,"seed":64,"numerosity":135,"matchType":"unpaired","which":"first","trial_type":"numerosity-estimation","trial_index":77,"time_elapsed":413893,"subject_id":"76244"},{"rt":4055,"stimulus":"<p> For the last block of trials, the average deviation of your guesses from correct answers was 14.</p>\n     <p>The smaller the deviation the better.  Your deviation was <b> AMAZINGLY good</b>.</p><br>\n       <p>Press any key to continue to the next block of trials</p>","response":" ","trial_type":"html-keyboard-response","trial_index":78,"time_elapsed":417949,"subject_id":"76244"},{"rt":5847,"stimulus":65,"slider_start":100,"sprites":"bears","response":129,"absDeviation":22,"callibration":"test","block":4,"seed":65,"numerosity":107,"matchType":"paired","which":"first","trial_type":"numerosity-estimation","trial_index":79,"time_elapsed":423798,"subject_id":"76244"},{"rt":2518,"stimulus":65,"slider_start":100,"sprites":"bears","response":148,"absDeviation":41,"callibration":"test","block":4,"seed":65,"numerosity":107,"matchType":"paired","which":"second","trial_type":"numerosity-estimation","trial_index":80,"time_elapsed":426318,"subject_id":"76244"},{"rt":1847,"stimulus":67,"slider_start":100,"sprites":"jellyBeans","response":148,"absDeviation":41,"callibration":"test","block":4,"seed":67,"numerosity":107,"matchType":"unpaired","which":"first","trial_type":"numerosity-estimation","trial_index":81,"time_elapsed":428166,"subject_id":"76244"},{"rt":5446,"stimulus":68,"slider_start":100,"sprites":"marbles","response":102,"absDeviation":48,"callibration":"test","block":4,"seed":68,"numerosity":150,"matchType":"unpaired","which":"first","trial_type":"numerosity-estimation","trial_index":82,"time_elapsed":433613,"subject_id":"76244"},{"rt":2607,"stimulus":69,"slider_start":100,"sprites":"mints","response":166,"absDeviation":45,"callibration":"test","block":4,"seed":69,"numerosity":121,"matchType":"paired","which":"first","trial_type":"numerosity-estimation","trial_index":83,"time_elapsed":436222,"subject_id":"76244"},{"rt":2302,"stimulus":69,"slider_start":100,"sprites":"mints","response":159,"absDeviation":38,"callibration":"test","block":4,"seed":69,"numerosity":121,"matchType":"paired","which":"second","trial_type":"numerosity-estimation","trial_index":84,"time_elapsed":438526,"subject_id":"76244"},{"rt":1855,"stimulus":71,"slider_start":100,"sprites":"buttons","response":138,"absDeviation":31,"callibration":"test","block":4,"seed":71,"numerosity":107,"matchType":"unpaired","which":"first","trial_type":"numerosity-estimation","trial_index":85,"time_elapsed":440382,"subject_id":"76244"},{"rt":5935,"stimulus":72,"slider_start":100,"sprites":"animalCrackers","response":64,"absDeviation":14,"callibration":"test","block":4,"seed":72,"numerosity":50,"matchType":"unpaired","which":"first","trial_type":"numerosity-estimation","trial_index":86,"time_elapsed":446318,"subject_id":"76244"},{"rt":7886,"stimulus":73,"slider_start":100,"sprites":"letters","response":61,"absDeviation":17,"callibration":"test","block":4,"seed":73,"numerosity":78,"matchType":"paired","which":"first","trial_type":"numerosity-estimation","trial_index":87,"time_elapsed":454205,"subject_id":"76244"},{"rt":4295,"stimulus":73,"slider_start":100,"sprites":"letters","response":65,"absDeviation":13,"callibration":"test","block":4,"seed":73,"numerosity":78,"matchType":"paired","which":"second","trial_type":"numerosity-estimation","trial_index":88,"time_elapsed":458501,"subject_id":"76244"},{"rt":5631,"stimulus":75,"slider_start":100,"sprites":"hearts","response":97,"absDeviation":5,"callibration":"test","block":4,"seed":75,"numerosity":92,"matchType":"unpaired","which":"first","trial_type":"numerosity-estimation","trial_index":89,"time_elapsed":464134,"subject_id":"76244"},{"rt":3231,"stimulus":76,"slider_start":100,"sprites":"crackers","response":77,"absDeviation":13,"callibration":"test","block":4,"seed":76,"numerosity":64,"matchType":"unpaired","which":"first","trial_type":"numerosity-estimation","trial_index":90,"time_elapsed":467366,"subject_id":"76244"},{"rt":2502,"stimulus":77,"slider_start":100,"sprites":"bears","response":135,"absDeviation":0,"callibration":"test","block":4,"seed":77,"numerosity":135,"matchType":"paired","which":"first","trial_type":"numerosity-estimation","trial_index":91,"time_elapsed":469869,"subject_id":"76244"},{"rt":2815,"stimulus":77,"slider_start":100,"sprites":"bears","response":152,"absDeviation":17,"callibration":"test","block":4,"seed":77,"numerosity":135,"matchType":"paired","which":"second","trial_type":"numerosity-estimation","trial_index":92,"time_elapsed":472685,"subject_id":"76244"},{"rt":3959,"stimulus":79,"slider_start":100,"sprites":"jellyBeans","response":41,"absDeviation":9,"callibration":"test","block":4,"seed":79,"numerosity":50,"matchType":"unpaired","which":"first","trial_type":"numerosity-estimation","trial_index":93,"time_elapsed":476645,"subject_id":"76244"},{"rt":2479,"stimulus":80,"slider_start":100,"sprites":"marbles","response":81,"absDeviation":40,"callibration":"test","block":4,"seed":80,"numerosity":121,"matchType":"unpaired","which":"first","trial_type":"numerosity-estimation","trial_index":94,"time_elapsed":479126,"subject_id":"76244"},{"rt":2263,"stimulus":"<p> For the last block of trials, the average deviation of your guesses from correct answers was 25.</p>\n     <p>The smaller the deviation the better.  Your deviation was <b> good</b>.</p><br>\n       <p>Press any key to continue to the next block of trials</p>","response":" ","trial_type":"html-keyboard-response","trial_index":95,"time_elapsed":481390,"subject_id":"76244"},{"rt":5687,"stimulus":81,"slider_start":100,"sprites":"mints","response":142,"absDeviation":21,"callibration":"test","block":5,"seed":81,"numerosity":121,"matchType":"paired","which":"first","trial_type":"numerosity-estimation","trial_index":96,"time_elapsed":487078,"subject_id":"76244"},{"rt":1957,"stimulus":81,"slider_start":100,"sprites":"mints","response":159,"absDeviation":38,"callibration":"test","block":5,"seed":81,"numerosity":121,"matchType":"paired","which":"second","trial_type":"numerosity-estimation","trial_index":97,"time_elapsed":489038,"subject_id":"76244"},{"rt":2567,"stimulus":83,"slider_start":100,"sprites":"buttons","response":167,"absDeviation":46,"callibration":"test","block":5,"seed":83,"numerosity":121,"matchType":"unpaired","which":"first","trial_type":"numerosity-estimation","trial_index":98,"time_elapsed":491606,"subject_id":"76244"},{"rt":7159,"stimulus":84,"slider_start":100,"sprites":"animalCrackers","response":38,"absDeviation":12,"callibration":"test","block":5,"seed":84,"numerosity":50,"matchType":"unpaired","which":"first","trial_type":"numerosity-estimation","trial_index":99,"time_elapsed":498766,"subject_id":"76244"},{"rt":4751,"stimulus":85,"slider_start":100,"sprites":"letters","response":44,"absDeviation":20,"callibration":"test","block":5,"seed":85,"numerosity":64,"matchType":"paired","which":"first","trial_type":"numerosity-estimation","trial_index":100,"time_elapsed":503518,"subject_id":"76244"},{"rt":2366,"stimulus":85,"slider_start":100,"sprites":"letters","response":50,"absDeviation":14,"callibration":"test","block":5,"seed":85,"numerosity":64,"matchType":"paired","which":"second","trial_type":"numerosity-estimation","trial_index":101,"time_elapsed":505886,"subject_id":"76244"},{"rt":4815,"stimulus":87,"slider_start":100,"sprites":"hearts","response":44,"absDeviation":6,"callibration":"test","block":5,"seed":87,"numerosity":50,"matchType":"unpaired","which":"first","trial_type":"numerosity-estimation","trial_index":102,"time_elapsed":510702,"subject_id":"76244"},{"rt":3471,"stimulus":88,"slider_start":100,"sprites":"crackers","response":164,"absDeviation":29,"callibration":"test","block":5,"seed":88,"numerosity":135,"matchType":"unpaired","which":"first","trial_type":"numerosity-estimation","trial_index":103,"time_elapsed":514174,"subject_id":"76244"},{"rt":4783,"stimulus":89,"slider_start":100,"sprites":"bears","response":35,"absDeviation":15,"callibration":"test","block":5,"seed":89,"numerosity":50,"matchType":"paired","which":"first","trial_type":"numerosity-estimation","trial_index":104,"time_elapsed":518958,"subject_id":"76244"},{"rt":2535,"stimulus":89,"slider_start":100,"sprites":"bears","response":47,"absDeviation":3,"callibration":"test","block":5,"seed":89,"numerosity":50,"matchType":"paired","which":"second","trial_type":"numerosity-estimation","trial_index":105,"time_elapsed":521494,"subject_id":"76244"},{"rt":3502,"stimulus":91,"slider_start":100,"sprites":"jellyBeans","response":76,"absDeviation":16,"callibration":"test","block":5,"seed":91,"numerosity":92,"matchType":"unpaired","which":"first","trial_type":"numerosity-estimation","trial_index":106,"time_elapsed":524998,"subject_id":"76244"},{"rt":6200,"stimulus":92,"slider_start":100,"sprites":"marbles","response":72,"absDeviation":49,"callibration":"test","block":5,"seed":92,"numerosity":121,"matchType":"unpaired","which":"first","trial_type":"numerosity-estimation","trial_index":107,"time_elapsed":531198,"subject_id":"76244"},{"rt":2591,"stimulus":93,"slider_start":100,"sprites":"mints","response":60,"absDeviation":18,"callibration":"test","block":5,"seed":93,"numerosity":78,"matchType":"paired","which":"first","trial_type":"numerosity-estimation","trial_index":108,"time_elapsed":533790,"subject_id":"76244"},{"rt":3166,"stimulus":93,"slider_start":100,"sprites":"mints","response":72,"absDeviation":6,"callibration":"test","block":5,"seed":93,"numerosity":78,"matchType":"paired","which":"second","trial_type":"numerosity-estimation","trial_index":109,"time_elapsed":536958,"subject_id":"76244"},{"rt":3207,"stimulus":95,"slider_start":100,"sprites":"buttons","response":78,"absDeviation":14,"callibration":"test","block":5,"seed":95,"numerosity":64,"matchType":"unpaired","which":"first","trial_type":"numerosity-estimation","trial_index":110,"time_elapsed":540166,"subject_id":"76244"},{"rt":3287,"stimulus":96,"slider_start":100,"sprites":"animalCrackers","response":115,"absDeviation":23,"callibration":"test","block":5,"seed":96,"numerosity":92,"matchType":"unpaired","which":"first","trial_type":"numerosity-estimation","trial_index":111,"time_elapsed":543455,"subject_id":"76244"},{"rt":1999,"stimulus":"<p> For the last block of trials, the average deviation of your guesses from correct answers was 21.</p>\n     <p>The smaller the deviation the better.  Your deviation was <b> VERY good</b>.</p><br>\n       <p>Press any key to continue to the next block of trials</p>","response":" ","trial_type":"html-keyboard-response","trial_index":112,"time_elapsed":545455,"subject_id":"76244"},{"rt":5991,"stimulus":2,"slider_start":100,"sprites":"butterflies","response":116,"absDeviation":19,"callibration":"test","block":6,"seed":2,"numerosity":135,"matchType":"paired","which":"first","trial_type":"numerosity-estimation","trial_index":113,"time_elapsed":551447,"subject_id":"76244"},{"rt":2919,"stimulus":2,"slider_start":100,"sprites":"butterflies","response":115,"absDeviation":20,"callibration":"test","block":6,"seed":2,"numerosity":135,"matchType":"paired","which":"second","trial_type":"numerosity-estimation","trial_index":114,"time_elapsed":554367,"subject_id":"76244"},{"rt":5095,"stimulus":3,"slider_start":100,"sprites":"hearts","response":69,"absDeviation":19,"callibration":"test","block":6,"seed":3,"numerosity":50,"matchType":"unpaired","which":"second","trial_type":"numerosity-estimation","trial_index":115,"time_elapsed":559463,"subject_id":"76244"},{"rt":3167,"stimulus":4,"slider_start":100,"sprites":"crackers","response":121,"absDeviation":14,"callibration":"test","block":6,"seed":4,"numerosity":107,"matchType":"unpaired","which":"second","trial_type":"numerosity-estimation","trial_index":116,"time_elapsed":562631,"subject_id":"76244"},{"rt":5543,"stimulus":6,"slider_start":100,"sprites":"fruits","response":97,"absDeviation":19,"callibration":"test","block":6,"seed":6,"numerosity":78,"matchType":"paired","which":"first","trial_type":"numerosity-estimation","trial_index":117,"time_elapsed":568175,"subject_id":"76244"},{"rt":1855,"stimulus":6,"slider_start":100,"sprites":"fruits","response":95,"absDeviation":17,"callibration":"test","block":6,"seed":6,"numerosity":78,"matchType":"paired","which":"second","trial_type":"numerosity-estimation","trial_index":118,"time_elapsed":570031,"subject_id":"76244"},{"rt":4900,"stimulus":7,"slider_start":100,"sprites":"jellyBeans","response":48,"absDeviation":2,"callibration":"test","block":6,"seed":7,"numerosity":50,"matchType":"unpaired","which":"second","trial_type":"numerosity-estimation","trial_index":119,"time_elapsed":574935,"subject_id":"76244"},{"rt":3311,"stimulus":8,"slider_start":100,"sprites":"marbles","response":85,"absDeviation":7,"callibration":"test","block":6,"seed":8,"numerosity":92,"matchType":"unpaired","which":"second","trial_type":"numerosity-estimation","trial_index":120,"time_elapsed":578247,"subject_id":"76244"},{"rt":3838,"stimulus":10,"slider_start":100,"sprites":"rocks","response":60,"absDeviation":10,"callibration":"test","block":6,"seed":10,"numerosity":50,"matchType":"paired","which":"first","trial_type":"numerosity-estimation","trial_index":121,"time_elapsed":582086,"subject_id":"76244"},{"rt":5232,"stimulus":10,"slider_start":100,"sprites":"rocks","response":78,"absDeviation":28,"callibration":"test","block":6,"seed":10,"numerosity":50,"matchType":"paired","which":"second","trial_type":"numerosity-estimation","trial_index":122,"time_elapsed":587319,"subject_id":"76244"},{"rt":4543,"stimulus":11,"slider_start":100,"sprites":"buttons","response":148,"absDeviation":41,"callibration":"test","block":6,"seed":11,"numerosity":107,"matchType":"unpaired","which":"second","trial_type":"numerosity-estimation","trial_index":123,"time_elapsed":591863,"subject_id":"76244"},{"rt":2414,"stimulus":12,"slider_start":100,"sprites":"animalCrackers","response":158,"absDeviation":66,"callibration":"test","block":6,"seed":12,"numerosity":92,"matchType":"unpaired","which":"second","trial_type":"numerosity-estimation","trial_index":124,"time_elapsed":594279,"subject_id":"76244"},{"rt":2727,"stimulus":14,"slider_start":100,"sprites":"butterflies","response":145,"absDeviation":5,"callibration":"test","block":6,"seed":14,"numerosity":150,"matchType":"paired","which":"first","trial_type":"numerosity-estimation","trial_index":125,"time_elapsed":597007,"subject_id":"76244"},{"rt":6870,"stimulus":14,"slider_start":100,"sprites":"butterflies","response":150,"absDeviation":0,"callibration":"test","block":6,"seed":14,"numerosity":150,"matchType":"paired","which":"second","trial_type":"numerosity-estimation","trial_index":126,"time_elapsed":603880,"subject_id":"76244"},{"rt":2327,"stimulus":15,"slider_start":100,"sprites":"hearts","response":173,"absDeviation":52,"callibration":"test","block":6,"seed":15,"numerosity":121,"matchType":"unpaired","which":"second","trial_type":"numerosity-estimation","trial_index":127,"time_elapsed":606208,"subject_id":"76244"},{"rt":6015,"stimulus":16,"slider_start":100,"sprites":"crackers","response":82,"absDeviation":18,"callibration":"test","block":6,"seed":16,"numerosity":64,"matchType":"unpaired","which":"second","trial_type":"numerosity-estimation","trial_index":128,"time_elapsed":612224,"subject_id":"76244"},{"rt":1343,"stimulus":"<p> For the last block of trials, the average deviation of your guesses from correct answers was 21.</p>\n     <p>The smaller the deviation the better.  Your deviation was <b> VERY good</b>.</p><br>\n       <p>Press any key to continue to the next block of trials</p>","response":" ","trial_type":"html-keyboard-response","trial_index":129,"time_elapsed":613568,"subject_id":"76244"},{"rt":2623,"stimulus":18,"slider_start":100,"sprites":"fruits","response":130,"absDeviation":23,"callibration":"test","block":7,"seed":18,"numerosity":107,"matchType":"paired","which":"first","trial_type":"numerosity-estimation","trial_index":130,"time_elapsed":616192,"subject_id":"76244"},{"rt":2487,"stimulus":18,"slider_start":100,"sprites":"fruits","response":158,"absDeviation":51,"callibration":"test","block":7,"seed":18,"numerosity":107,"matchType":"paired","which":"second","trial_type":"numerosity-estimation","trial_index":131,"time_elapsed":618680,"subject_id":"76244"},{"rt":1887,"stimulus":19,"slider_start":100,"sprites":"jellyBeans","response":160,"absDeviation":25,"callibration":"test","block":7,"seed":19,"numerosity":135,"matchType":"unpaired","which":"second","trial_type":"numerosity-estimation","trial_index":132,"time_elapsed":620568,"subject_id":"76244"},{"rt":2311,"stimulus":20,"slider_start":100,"sprites":"marbles","response":46,"absDeviation":32,"callibration":"test","block":7,"seed":20,"numerosity":78,"matchType":"unpaired","which":"second","trial_type":"numerosity-estimation","trial_index":133,"time_elapsed":622880,"subject_id":"76244"},{"rt":5326,"stimulus":22,"slider_start":100,"sprites":"rocks","response":111,"absDeviation":19,"callibration":"test","block":7,"seed":22,"numerosity":92,"matchType":"paired","which":"first","trial_type":"numerosity-estimation","trial_index":134,"time_elapsed":628208,"subject_id":"76244"},{"rt":2143,"stimulus":22,"slider_start":100,"sprites":"rocks","response":127,"absDeviation":35,"callibration":"test","block":7,"seed":22,"numerosity":92,"matchType":"paired","which":"second","trial_type":"numerosity-estimation","trial_index":135,"time_elapsed":630352,"subject_id":"76244"},{"rt":3039,"stimulus":23,"slider_start":100,"sprites":"buttons","response":174,"absDeviation":24,"callibration":"test","block":7,"seed":23,"numerosity":150,"matchType":"unpaired","which":"second","trial_type":"numerosity-estimation","trial_index":136,"time_elapsed":633392,"subject_id":"76244"},{"rt":3839,"stimulus":24,"slider_start":100,"sprites":"animalCrackers","response":136,"absDeviation":29,"callibration":"test","block":7,"seed":24,"numerosity":107,"matchType":"unpaired","which":"second","trial_type":"numerosity-estimation","trial_index":137,"time_elapsed":637232,"subject_id":"76244"},{"rt":3895,"stimulus":26,"slider_start":100,"sprites":"butterflies","response":89,"absDeviation":3,"callibration":"test","block":7,"seed":26,"numerosity":92,"matchType":"paired","which":"first","trial_type":"numerosity-estimation","trial_index":138,"time_elapsed":641128,"subject_id":"76244"},{"rt":2607,"stimulus":26,"slider_start":100,"sprites":"butterflies","response":104,"absDeviation":12,"callibration":"test","block":7,"seed":26,"numerosity":92,"matchType":"paired","which":"second","trial_type":"numerosity-estimation","trial_index":139,"time_elapsed":643736,"subject_id":"76244"},{"rt":2743,"stimulus":27,"slider_start":100,"sprites":"hearts","response":152,"absDeviation":31,"callibration":"test","block":7,"seed":27,"numerosity":121,"matchType":"unpaired","which":"second","trial_type":"numerosity-estimation","trial_index":140,"time_elapsed":646481,"subject_id":"76244"},{"rt":2582,"stimulus":28,"slider_start":100,"sprites":"crackers","response":162,"absDeviation":12,"callibration":"test","block":7,"seed":28,"numerosity":150,"matchType":"unpaired","which":"second","trial_type":"numerosity-estimation","trial_index":141,"time_elapsed":649064,"subject_id":"76244"},{"rt":4254,"stimulus":30,"slider_start":100,"sprites":"fruits","response":141,"absDeviation":34,"callibration":"test","block":7,"seed":30,"numerosity":107,"matchType":"paired","which":"first","trial_type":"numerosity-estimation","trial_index":142,"time_elapsed":653320,"subject_id":"76244"},{"rt":2919,"stimulus":30,"slider_start":100,"sprites":"fruits","response":143,"absDeviation":36,"callibration":"test","block":7,"seed":30,"numerosity":107,"matchType":"paired","which":"second","trial_type":"numerosity-estimation","trial_index":143,"time_elapsed":656240,"subject_id":"76244"},{"rt":6926,"stimulus":31,"slider_start":100,"sprites":"jellyBeans","response":163,"absDeviation":13,"callibration":"test","block":7,"seed":31,"numerosity":150,"matchType":"unpaired","which":"second","trial_type":"numerosity-estimation","trial_index":144,"time_elapsed":663168,"subject_id":"76244"},{"rt":6231,"stimulus":32,"slider_start":100,"sprites":"marbles","response":95,"absDeviation":40,"callibration":"test","block":7,"seed":32,"numerosity":135,"matchType":"unpaired","which":"second","trial_type":"numerosity-estimation","trial_index":145,"time_elapsed":669401,"subject_id":"76244"},{"rt":1880,"stimulus":"<p> For the last block of trials, the average deviation of your guesses from correct answers was 26.</p>\n     <p>The smaller the deviation the better.  Your deviation was <b> good</b>.</p><br>\n       <p>Press any key to continue to the next block of trials</p>","response":" ","trial_type":"html-keyboard-response","trial_index":146,"time_elapsed":671281,"subject_id":"76244"},{"rt":2559,"stimulus":34,"slider_start":100,"sprites":"rocks","response":86,"absDeviation":36,"callibration":"test","block":8,"seed":34,"numerosity":50,"matchType":"paired","which":"first","trial_type":"numerosity-estimation","trial_index":147,"time_elapsed":673841,"subject_id":"76244"},{"rt":3783,"stimulus":34,"slider_start":100,"sprites":"rocks","response":72,"absDeviation":22,"callibration":"test","block":8,"seed":34,"numerosity":50,"matchType":"paired","which":"second","trial_type":"numerosity-estimation","trial_index":148,"time_elapsed":677625,"subject_id":"76244"},{"rt":1799,"stimulus":35,"slider_start":100,"sprites":"buttons","response":116,"absDeviation":38,"callibration":"test","block":8,"seed":35,"numerosity":78,"matchType":"unpaired","which":"second","trial_type":"numerosity-estimation","trial_index":149,"time_elapsed":679425,"subject_id":"76244"},{"rt":4623,"stimulus":36,"slider_start":100,"sprites":"animalCrackers","response":46,"absDeviation":4,"callibration":"test","block":8,"seed":36,"numerosity":50,"matchType":"unpaired","which":"second","trial_type":"numerosity-estimation","trial_index":150,"time_elapsed":684049,"subject_id":"76244"},{"rt":4327,"stimulus":38,"slider_start":100,"sprites":"butterflies","response":69,"absDeviation":9,"callibration":"test","block":8,"seed":38,"numerosity":78,"matchType":"paired","which":"first","trial_type":"numerosity-estimation","trial_index":151,"time_elapsed":688377,"subject_id":"76244"},{"rt":2502,"stimulus":38,"slider_start":100,"sprites":"butterflies","response":76,"absDeviation":2,"callibration":"test","block":8,"seed":38,"numerosity":78,"matchType":"paired","which":"second","trial_type":"numerosity-estimation","trial_index":152,"time_elapsed":690881,"subject_id":"76244"},{"rt":3359,"stimulus":39,"slider_start":100,"sprites":"hearts","response":126,"absDeviation":48,"callibration":"test","block":8,"seed":39,"numerosity":78,"matchType":"unpaired","which":"second","trial_type":"numerosity-estimation","trial_index":153,"time_elapsed":694241,"subject_id":"76244"},{"rt":2063,"stimulus":40,"slider_start":100,"sprites":"crackers","response":149,"absDeviation":28,"callibration":"test","block":8,"seed":40,"numerosity":121,"matchType":"unpaired","which":"second","trial_type":"numerosity-estimation","trial_index":154,"time_elapsed":696305,"subject_id":"76244"},{"rt":2127,"stimulus":42,"slider_start":100,"sprites":"fruits","response":154,"absDeviation":76,"callibration":"test","block":8,"seed":42,"numerosity":78,"matchType":"paired","which":"first","trial_type":"numerosity-estimation","trial_index":155,"time_elapsed":698433,"subject_id":"76244"},{"rt":1742,"stimulus":42,"slider_start":100,"sprites":"fruits","response":145,"absDeviation":67,"callibration":"test","block":8,"seed":42,"numerosity":78,"matchType":"paired","which":"second","trial_type":"numerosity-estimation","trial_index":156,"time_elapsed":700176,"subject_id":"76244"},{"rt":2032,"stimulus":43,"slider_start":100,"sprites":"jellyBeans","response":82,"absDeviation":18,"callibration":"test","block":8,"seed":43,"numerosity":64,"matchType":"unpaired","which":"second","trial_type":"numerosity-estimation","trial_index":157,"time_elapsed":702209,"subject_id":"76244"},{"rt":2575,"stimulus":44,"slider_start":100,"sprites":"marbles","response":101,"absDeviation":20,"callibration":"test","block":8,"seed":44,"numerosity":121,"matchType":"unpaired","which":"second","trial_type":"numerosity-estimation","trial_index":158,"time_elapsed":704785,"subject_id":"76244"},{"rt":2319,"stimulus":46,"slider_start":100,"sprites":"rocks","response":159,"absDeviation":52,"callibration":"test","block":8,"seed":46,"numerosity":107,"matchType":"paired","which":"first","trial_type":"numerosity-estimation","trial_index":159,"time_elapsed":707105,"subject_id":"76244"},{"rt":19550,"stimulus":46,"slider_start":100,"sprites":"rocks","response":162,"absDeviation":55,"callibration":"test","block":8,"seed":46,"numerosity":107,"matchType":"paired","which":"second","trial_type":"numerosity-estimation","trial_index":160,"time_elapsed":726657,"subject_id":"76244"},{"rt":3047,"stimulus":47,"slider_start":100,"sprites":"buttons","response":152,"absDeviation":31,"callibration":"test","block":8,"seed":47,"numerosity":121,"matchType":"unpaired","which":"second","trial_type":"numerosity-estimation","trial_index":161,"time_elapsed":729705,"subject_id":"76244"},{"rt":14070,"stimulus":48,"slider_start":100,"sprites":"animalCrackers","response":161,"absDeviation":26,"callibration":"test","block":8,"seed":48,"numerosity":135,"matchType":"unpaired","which":"second","trial_type":"numerosity-estimation","trial_index":162,"time_elapsed":743777,"subject_id":"76244"},{"rt":1744,"stimulus":"<p> For the last block of trials, the average deviation of your guesses from correct answers was 33.</p>\n     <p>The smaller the deviation the better.  Your deviation was <b> good</b>.</p><br>\n       <p>Press any key to continue to the next block of trials</p>","response":" ","trial_type":"html-keyboard-response","trial_index":163,"time_elapsed":745521,"subject_id":"76244"},{"rt":3935,"stimulus":50,"slider_start":100,"sprites":"butterflies","response":127,"absDeviation":23,"callibration":"test","block":9,"seed":50,"numerosity":150,"matchType":"paired","which":"first","trial_type":"numerosity-estimation","trial_index":164,"time_elapsed":749457,"subject_id":"76244"},{"rt":2543,"stimulus":50,"slider_start":100,"sprites":"butterflies","response":123,"absDeviation":27,"callibration":"test","block":9,"seed":50,"numerosity":150,"matchType":"paired","which":"second","trial_type":"numerosity-estimation","trial_index":165,"time_elapsed":752002,"subject_id":"76244"},{"rt":2703,"stimulus":51,"slider_start":100,"sprites":"hearts","response":141,"absDeviation":9,"callibration":"test","block":9,"seed":51,"numerosity":150,"matchType":"unpaired","which":"second","trial_type":"numerosity-estimation","trial_index":166,"time_elapsed":754706,"subject_id":"76244"},{"rt":4254,"stimulus":52,"slider_start":100,"sprites":"crackers","response":88,"absDeviation":10,"callibration":"test","block":9,"seed":52,"numerosity":78,"matchType":"unpaired","which":"second","trial_type":"numerosity-estimation","trial_index":167,"time_elapsed":758962,"subject_id":"76244"},{"rt":2703,"stimulus":54,"slider_start":100,"sprites":"fruits","response":86,"absDeviation":6,"callibration":"test","block":9,"seed":54,"numerosity":92,"matchType":"paired","which":"first","trial_type":"numerosity-estimation","trial_index":168,"time_elapsed":761666,"subject_id":"76244"},{"rt":3175,"stimulus":54,"slider_start":100,"sprites":"fruits","response":133,"absDeviation":41,"callibration":"test","block":9,"seed":54,"numerosity":92,"matchType":"paired","which":"second","trial_type":"numerosity-estimation","trial_index":169,"time_elapsed":764841,"subject_id":"76244"},{"rt":3519,"stimulus":55,"slider_start":100,"sprites":"jellyBeans","response":143,"absDeviation":22,"callibration":"test","block":9,"seed":55,"numerosity":121,"matchType":"unpaired","which":"second","trial_type":"numerosity-estimation","trial_index":170,"time_elapsed":768362,"subject_id":"76244"},{"rt":4126,"stimulus":56,"slider_start":100,"sprites":"marbles","response":43,"absDeviation":21,"callibration":"test","block":9,"seed":56,"numerosity":64,"matchType":"unpaired","which":"second","trial_type":"numerosity-estimation","trial_index":171,"time_elapsed":772489,"subject_id":"76244"},{"rt":2623,"stimulus":58,"slider_start":100,"sprites":"rocks","response":164,"absDeviation":43,"callibration":"test","block":9,"seed":58,"numerosity":121,"matchType":"paired","which":"first","trial_type":"numerosity-estimation","trial_index":172,"time_elapsed":775114,"subject_id":"76244"},{"rt":2206,"stimulus":58,"slider_start":100,"sprites":"rocks","response":170,"absDeviation":49,"callibration":"test","block":9,"seed":58,"numerosity":121,"matchType":"paired","which":"second","trial_type":"numerosity-estimation","trial_index":173,"time_elapsed":777321,"subject_id":"76244"},{"rt":2382,"stimulus":59,"slider_start":100,"sprites":"buttons","response":173,"absDeviation":38,"callibration":"test","block":9,"seed":59,"numerosity":135,"matchType":"unpaired","which":"second","trial_type":"numerosity-estimation","trial_index":174,"time_elapsed":779705,"subject_id":"76244"},{"rt":2631,"stimulus":60,"slider_start":100,"sprites":"animalCrackers","response":171,"absDeviation":21,"callibration":"test","block":9,"seed":60,"numerosity":150,"matchType":"unpaired","which":"second","trial_type":"numerosity-estimation","trial_index":175,"time_elapsed":782337,"subject_id":"76244"},{"rt":3448,"stimulus":62,"slider_start":100,"sprites":"butterflies","response":154,"absDeviation":19,"callibration":"test","block":9,"seed":62,"numerosity":135,"matchType":"paired","which":"first","trial_type":"numerosity-estimation","trial_index":176,"time_elapsed":785786,"subject_id":"76244"},{"rt":1886,"stimulus":62,"slider_start":100,"sprites":"butterflies","response":141,"absDeviation":6,"callibration":"test","block":9,"seed":62,"numerosity":135,"matchType":"paired","which":"second","trial_type":"numerosity-estimation","trial_index":177,"time_elapsed":787673,"subject_id":"76244"},{"rt":7656,"stimulus":63,"slider_start":100,"sprites":"hearts","response":87,"absDeviation":23,"callibration":"test","block":9,"seed":63,"numerosity":64,"matchType":"unpaired","which":"second","trial_type":"numerosity-estimation","trial_index":178,"time_elapsed":795330,"subject_id":"76244"},{"rt":2991,"stimulus":64,"slider_start":100,"sprites":"crackers","response":150,"absDeviation":15,"callibration":"test","block":9,"seed":64,"numerosity":135,"matchType":"unpaired","which":"second","trial_type":"numerosity-estimation","trial_index":179,"time_elapsed":798322,"subject_id":"76244"},{"rt":1327,"stimulus":"<p> For the last block of trials, the average deviation of your guesses from correct answers was 23.</p>\n     <p>The smaller the deviation the better.  Your deviation was <b> VERY good</b>.</p><br>\n       <p>Press any key to continue to the next block of trials</p>","response":" ","trial_type":"html-keyboard-response","trial_index":180,"time_elapsed":799650,"subject_id":"76244"},{"rt":3367,"stimulus":66,"slider_start":100,"sprites":"fruits","response":86,"absDeviation":22,"callibration":"test","block":10,"seed":66,"numerosity":64,"matchType":"paired","which":"first","trial_type":"numerosity-estimation","trial_index":181,"time_elapsed":803018,"subject_id":"76244"},{"rt":3774,"stimulus":66,"slider_start":100,"sprites":"fruits","response":100,"absDeviation":36,"callibration":"test","block":10,"seed":66,"numerosity":64,"matchType":"paired","which":"second","trial_type":"numerosity-estimation","trial_index":182,"time_elapsed":806794,"subject_id":"76244"},{"rt":2111,"stimulus":67,"slider_start":100,"sprites":"jellyBeans","response":129,"absDeviation":22,"callibration":"test","block":10,"seed":67,"numerosity":107,"matchType":"unpaired","which":"second","trial_type":"numerosity-estimation","trial_index":183,"time_elapsed":808906,"subject_id":"76244"},{"rt":3471,"stimulus":68,"slider_start":100,"sprites":"marbles","response":105,"absDeviation":45,"callibration":"test","block":10,"seed":68,"numerosity":150,"matchType":"unpaired","which":"second","trial_type":"numerosity-estimation","trial_index":184,"time_elapsed":812378,"subject_id":"76244"},{"rt":2447,"stimulus":70,"slider_start":100,"sprites":"rocks","response":105,"absDeviation":13,"callibration":"test","block":10,"seed":70,"numerosity":92,"matchType":"paired","which":"first","trial_type":"numerosity-estimation","trial_index":185,"time_elapsed":814826,"subject_id":"76244"},{"rt":2822,"stimulus":70,"slider_start":100,"sprites":"rocks","response":107,"absDeviation":15,"callibration":"test","block":10,"seed":70,"numerosity":92,"matchType":"paired","which":"second","trial_type":"numerosity-estimation","trial_index":186,"time_elapsed":817650,"subject_id":"76244"},{"rt":29487,"stimulus":71,"slider_start":100,"sprites":"buttons","response":150,"absDeviation":43,"callibration":"test","block":10,"seed":71,"numerosity":107,"matchType":"unpaired","which":"second","trial_type":"numerosity-estimation","trial_index":187,"time_elapsed":847139,"subject_id":"76244"},{"rt":3726,"stimulus":72,"slider_start":100,"sprites":"animalCrackers","response":58,"absDeviation":8,"callibration":"test","block":10,"seed":72,"numerosity":50,"matchType":"unpaired","which":"second","trial_type":"numerosity-estimation","trial_index":188,"time_elapsed":850867,"subject_id":"76244"},{"rt":2350,"stimulus":74,"slider_start":100,"sprites":"butterflies","response":57,"absDeviation":7,"callibration":"test","block":10,"seed":74,"numerosity":64,"matchType":"paired","which":"first","trial_type":"numerosity-estimation","trial_index":189,"time_elapsed":853218,"subject_id":"76244"},{"rt":2359,"stimulus":74,"slider_start":100,"sprites":"butterflies","response":55,"absDeviation":9,"callibration":"test","block":10,"seed":74,"numerosity":64,"matchType":"paired","which":"second","trial_type":"numerosity-estimation","trial_index":190,"time_elapsed":855578,"subject_id":"76244"},{"rt":4375,"stimulus":75,"slider_start":100,"sprites":"hearts","response":94,"absDeviation":2,"callibration":"test","block":10,"seed":75,"numerosity":92,"matchType":"unpaired","which":"second","trial_type":"numerosity-estimation","trial_index":191,"time_elapsed":859955,"subject_id":"76244"},{"rt":2111,"stimulus":76,"slider_start":100,"sprites":"crackers","response":88,"absDeviation":24,"callibration":"test","block":10,"seed":76,"numerosity":64,"matchType":"unpaired","which":"second","trial_type":"numerosity-estimation","trial_index":192,"time_elapsed":862067,"subject_id":"76244"},{"rt":3134,"stimulus":78,"slider_start":100,"sprites":"fruits","response":88,"absDeviation":24,"callibration":"test","block":10,"seed":78,"numerosity":64,"matchType":"paired","which":"first","trial_type":"numerosity-estimation","trial_index":193,"time_elapsed":865202,"subject_id":"76244"},{"rt":4831,"stimulus":78,"slider_start":100,"sprites":"fruits","response":100,"absDeviation":36,"callibration":"test","block":10,"seed":78,"numerosity":64,"matchType":"paired","which":"second","trial_type":"numerosity-estimation","trial_index":194,"time_elapsed":870035,"subject_id":"76244"},{"rt":7391,"stimulus":79,"slider_start":100,"sprites":"jellyBeans","response":85,"absDeviation":35,"callibration":"test","block":10,"seed":79,"numerosity":50,"matchType":"unpaired","which":"second","trial_type":"numerosity-estimation","trial_index":195,"time_elapsed":877427,"subject_id":"76244"},{"rt":18063,"stimulus":80,"slider_start":100,"sprites":"marbles","response":95,"absDeviation":26,"callibration":"test","block":10,"seed":80,"numerosity":121,"matchType":"unpaired","which":"second","trial_type":"numerosity-estimation","trial_index":196,"time_elapsed":895491,"subject_id":"76244"},{"rt":1599,"stimulus":"<p> For the last block of trials, the average deviation of your guesses from correct answers was 23.</p>\n     <p>The smaller the deviation the better.  Your deviation was <b> VERY good</b>.</p><br>\n       <p>Press any key to continue to the next block of trials</p>","response":" ","trial_type":"html-keyboard-response","trial_index":197,"time_elapsed":897091,"subject_id":"76244"},{"rt":3743,"stimulus":82,"slider_start":100,"sprites":"rocks","response":95,"absDeviation":31,"callibration":"test","block":11,"seed":82,"numerosity":64,"matchType":"paired","which":"first","trial_type":"numerosity-estimation","trial_index":198,"time_elapsed":900835,"subject_id":"76244"},{"rt":1943,"stimulus":82,"slider_start":100,"sprites":"rocks","response":95,"absDeviation":31,"callibration":"test","block":11,"seed":82,"numerosity":64,"matchType":"paired","which":"second","trial_type":"numerosity-estimation","trial_index":199,"time_elapsed":902781,"subject_id":"76244"},{"rt":1814,"stimulus":83,"slider_start":100,"sprites":"buttons","response":166,"absDeviation":45,"callibration":"test","block":11,"seed":83,"numerosity":121,"matchType":"unpaired","which":"second","trial_type":"numerosity-estimation","trial_index":200,"time_elapsed":904596,"subject_id":"76244"},{"rt":3943,"stimulus":84,"slider_start":100,"sprites":"animalCrackers","response":86,"absDeviation":36,"callibration":"test","block":11,"seed":84,"numerosity":50,"matchType":"unpaired","which":"second","trial_type":"numerosity-estimation","trial_index":201,"time_elapsed":908540,"subject_id":"76244"},{"rt":2135,"stimulus":86,"slider_start":100,"sprites":"butterflies","response":99,"absDeviation":22,"callibration":"test","block":11,"seed":86,"numerosity":121,"matchType":"paired","which":"first","trial_type":"numerosity-estimation","trial_index":202,"time_elapsed":910676,"subject_id":"76244"},{"rt":2430,"stimulus":86,"slider_start":100,"sprites":"butterflies","response":114,"absDeviation":7,"callibration":"test","block":11,"seed":86,"numerosity":121,"matchType":"paired","which":"second","trial_type":"numerosity-estimation","trial_index":203,"time_elapsed":913108,"subject_id":"76244"},{"rt":2455,"stimulus":87,"slider_start":100,"sprites":"hearts","response":104,"absDeviation":54,"callibration":"test","block":11,"seed":87,"numerosity":50,"matchType":"unpaired","which":"second","trial_type":"numerosity-estimation","trial_index":204,"time_elapsed":915564,"subject_id":"76244"},{"rt":4103,"stimulus":88,"slider_start":100,"sprites":"crackers","response":175,"absDeviation":40,"callibration":"test","block":11,"seed":88,"numerosity":135,"matchType":"unpaired","which":"second","trial_type":"numerosity-estimation","trial_index":205,"time_elapsed":919668,"subject_id":"76244"},{"rt":5575,"stimulus":90,"slider_start":100,"sprites":"fruits","response":175,"absDeviation":25,"callibration":"test","block":11,"seed":90,"numerosity":150,"matchType":"paired","which":"first","trial_type":"numerosity-estimation","trial_index":206,"time_elapsed":925244,"subject_id":"76244"},{"rt":2575,"stimulus":90,"slider_start":100,"sprites":"fruits","response":174,"absDeviation":24,"callibration":"test","block":11,"seed":90,"numerosity":150,"matchType":"paired","which":"second","trial_type":"numerosity-estimation","trial_index":207,"time_elapsed":927820,"subject_id":"76244"},{"rt":5711,"stimulus":91,"slider_start":100,"sprites":"jellyBeans","response":134,"absDeviation":42,"callibration":"test","block":11,"seed":91,"numerosity":92,"matchType":"unpaired","which":"second","trial_type":"numerosity-estimation","trial_index":208,"time_elapsed":933532,"subject_id":"76244"},{"rt":3047,"stimulus":92,"slider_start":100,"sprites":"marbles","response":93,"absDeviation":28,"callibration":"test","block":11,"seed":92,"numerosity":121,"matchType":"unpaired","which":"second","trial_type":"numerosity-estimation","trial_index":209,"time_elapsed":936581,"subject_id":"76244"},{"rt":3759,"stimulus":94,"slider_start":100,"sprites":"rocks","response":117,"absDeviation":39,"callibration":"test","block":11,"seed":94,"numerosity":78,"matchType":"paired","which":"first","trial_type":"numerosity-estimation","trial_index":210,"time_elapsed":940340,"subject_id":"76244"},{"rt":3510,"stimulus":94,"slider_start":100,"sprites":"rocks","response":106,"absDeviation":28,"callibration":"test","block":11,"seed":94,"numerosity":78,"matchType":"paired","which":"second","trial_type":"numerosity-estimation","trial_index":211,"time_elapsed":943852,"subject_id":"76244"},{"rt":4344,"stimulus":95,"slider_start":100,"sprites":"buttons","response":96,"absDeviation":32,"callibration":"test","block":11,"seed":95,"numerosity":64,"matchType":"unpaired","which":"second","trial_type":"numerosity-estimation","trial_index":212,"time_elapsed":948197,"subject_id":"76244"},{"rt":2767,"stimulus":96,"slider_start":100,"sprites":"animalCrackers","response":107,"absDeviation":15,"callibration":"test","block":11,"seed":96,"numerosity":92,"matchType":"unpaired","which":"second","trial_type":"numerosity-estimation","trial_index":213,"time_elapsed":950965,"subject_id":"76244"},{"rt":23183,"stimulus":"<p> For the last block of trials, the average deviation of your guesses from correct answers was 31.</p>\n     <p>The smaller the deviation the better.  Your deviation was <b> good</b>.</p><br>\n       <p>Press any key to continue to the next block of trials</p>","response":" ","trial_type":"html-keyboard-response","trial_index":214,"time_elapsed":974148,"subject_id":"76244"},{"rt":14064,"response":{"averageEstimates":"When the two displays occured back-to-back, in immediate succession.","firstOrSecond":"The second time the objects were shown"},"question_order":[0,1],"trial_type":"survey-multi-choice","trial_index":215,"time_elapsed":988214,"subject_id":"76244"}]