[{"rt":6496,"url":"consent.html","trial_type":"external-html","trial_index":0,"time_elapsed":6563,"subject_id":"78831"},{"view_history":[{"page_index":0,"viewing_time":2330}],"rt":2330,"trial_type":"instructions","trial_index":1,"time_elapsed":8897,"subject_id":"78831"},{"rt":18226,"stimulus":0,"slider_start":100,"sprites":"animalCrackers","response":69,"absDeviation":19,"callibration":"callibration","block":-1,"seed":0,"numerosity":50,"matchType":"callibration","which":"first","trial_type":"numerosity-estimation","trial_index":2,"time_elapsed":27131,"subject_id":"78831"},{"rt":7760,"stimulus":1,"slider_start":100,"sprites":"letters","response":100,"absDeviation":36,"callibration":"callibration","block":-1,"seed":1,"numerosity":64,"matchType":"callibration","which":"first","trial_type":"numerosity-estimation","trial_index":3,"time_elapsed":34897,"subject_id":"78831"},{"rt":3079,"stimulus":2,"slider_start":100,"sprites":"butterflies","response":100,"absDeviation":22,"callibration":"callibration","block":-1,"seed":2,"numerosity":78,"matchType":"callibration","which":"first","trial_type":"numerosity-estimation","trial_index":4,"time_elapsed":37979,"subject_id":"78831"},{"rt":1578,"stimulus":3,"slider_start":100,"sprites":"hearts","response":100,"absDeviation":8,"callibration":"callibration","block":-1,"seed":3,"numerosity":92,"matchType":"callibration","which":"first","trial_type":"numerosity-estimation","trial_index":5,"time_elapsed":39562,"subject_id":"78831"},{"rt":1629,"stimulus":4,"slider_start":100,"sprites":"crackers","response":100,"absDeviation":7,"callibration":"callibration","block":-1,"seed":4,"numerosity":107,"matchType":"callibration","which":"first","trial_type":"numerosity-estimation","trial_index":6,"time_elapsed":41196,"subject_id":"78831"},{"rt":2512,"stimulus":5,"slider_start":100,"sprites":"bears","response":100,"absDeviation":21,"callibration":"callibration","block":-1,"seed":5,"numerosity":121,"matchType":"callibration","which":"first","trial_type":"numerosity-estimation","trial_index":7,"time_elapsed":43712,"subject_id":"78831"},{"rt":1961,"stimulus":6,"slider_start":100,"sprites":"fruits","response":100,"absDeviation":35,"callibration":"callibration","block":-1,"seed":6,"numerosity":135,"matchType":"callibration","which":"first","trial_type":"numerosity-estimation","trial_index":8,"time_elapsed":45678,"subject_id":"78831"},{"rt":6879,"stimulus":7,"slider_start":100,"sprites":"jellyBeans","response":150,"absDeviation":0,"callibration":"callibration","block":-1,"seed":7,"numerosity":150,"matchType":"callibration","which":"first","trial_type":"numerosity-estimation","trial_index":9,"time_elapsed":52561,"subject_id":"78831"},{"view_history":[{"page_index":0,"viewing_time":2897}],"rt":2897,"trial_type":"instructions","trial_index":10,"time_elapsed":55461,"subject_id":"78831"},{"rt":6114,"stimulus":1,"slider_start":100,"sprites":"letters","response":73,"absDeviation":19,"callibration":"test","block":0,"seed":1,"numerosity":92,"matchType":"paired","which":"first","trial_type":"numerosity-estimation","trial_index":11,"time_elapsed":61578,"subject_id":"78831"},{"rt":3596,"stimulus":1,"slider_start":100,"sprites":"letters","response":98,"absDeviation":6,"callibration":"test","block":0,"seed":1,"numerosity":92,"matchType":"paired","which":"second","trial_type":"numerosity-estimation","trial_index":12,"time_elapsed":65178,"subject_id":"78831"},{"rt":3779,"stimulus":3,"slider_start":100,"sprites":"hearts","response":80,"absDeviation":30,"callibration":"test","block":0,"seed":3,"numerosity":50,"matchType":"unpaired","which":"first","trial_type":"numerosity-estimation","trial_index":13,"time_elapsed":68961,"subject_id":"78831"},{"rt":3699,"stimulus":4,"slider_start":100,"sprites":"crackers","response":101,"absDeviation":6,"callibration":"test","block":0,"seed":4,"numerosity":107,"matchType":"unpaired","which":"first","trial_type":"numerosity-estimation","trial_index":14,"time_elapsed":72663,"subject_id":"78831"},{"rt":5526,"stimulus":5,"slider_start":100,"sprites":"bears","response":47,"absDeviation":3,"callibration":"test","block":0,"seed":5,"numerosity":50,"matchType":"paired","which":"first","trial_type":"numerosity-estimation","trial_index":15,"time_elapsed":78196,"subject_id":"78831"},{"rt":3525,"stimulus":5,"slider_start":100,"sprites":"bears","response":49,"absDeviation":1,"callibration":"test","block":0,"seed":5,"numerosity":50,"matchType":"paired","which":"second","trial_type":"numerosity-estimation","trial_index":16,"time_elapsed":81729,"subject_id":"78831"},{"rt":5829,"stimulus":7,"slider_start":100,"sprites":"jellyBeans","response":50,"absDeviation":0,"callibration":"test","block":0,"seed":7,"numerosity":50,"matchType":"unpaired","which":"first","trial_type":"numerosity-estimation","trial_index":17,"time_elapsed":87561,"subject_id":"78831"},{"rt":5213,"stimulus":8,"slider_start":100,"sprites":"marbles","response":61,"absDeviation":31,"callibration":"test","block":0,"seed":8,"numerosity":92,"matchType":"unpaired","which":"first","trial_type":"numerosity-estimation","trial_index":18,"time_elapsed":92779,"subject_id":"78831"},{"rt":5012,"stimulus":9,"slider_start":100,"sprites":"mints","response":123,"absDeviation":12,"callibration":"test","block":0,"seed":9,"numerosity":135,"matchType":"paired","which":"first","trial_type":"numerosity-estimation","trial_index":19,"time_elapsed":97795,"subject_id":"78831"},{"rt":4146,"stimulus":9,"slider_start":100,"sprites":"mints","response":124,"absDeviation":11,"callibration":"test","block":0,"seed":9,"numerosity":135,"matchType":"paired","which":"second","trial_type":"numerosity-estimation","trial_index":20,"time_elapsed":101945,"subject_id":"78831"},{"rt":3963,"stimulus":11,"slider_start":100,"sprites":"buttons","response":123,"absDeviation":16,"callibration":"test","block":0,"seed":11,"numerosity":107,"matchType":"unpaired","which":"first","trial_type":"numerosity-estimation","trial_index":21,"time_elapsed":105911,"subject_id":"78831"},{"rt":4445,"stimulus":12,"slider_start":100,"sprites":"animalCrackers","response":73,"absDeviation":19,"callibration":"test","block":0,"seed":12,"numerosity":92,"matchType":"unpaired","which":"first","trial_type":"numerosity-estimation","trial_index":22,"time_elapsed":110361,"subject_id":"78831"},{"rt":3513,"stimulus":13,"slider_start":100,"sprites":"letters","response":88,"absDeviation":19,"callibration":"test","block":0,"seed":13,"numerosity":107,"matchType":"paired","which":"first","trial_type":"numerosity-estimation","trial_index":23,"time_elapsed":113878,"subject_id":"78831"},{"rt":2395,"stimulus":13,"slider_start":100,"sprites":"letters","response":99,"absDeviation":8,"callibration":"test","block":0,"seed":13,"numerosity":107,"matchType":"paired","which":"second","trial_type":"numerosity-estimation","trial_index":24,"time_elapsed":116278,"subject_id":"78831"},{"rt":2878,"stimulus":15,"slider_start":100,"sprites":"hearts","response":121,"absDeviation":0,"callibration":"test","block":0,"seed":15,"numerosity":121,"matchType":"unpaired","which":"first","trial_type":"numerosity-estimation","trial_index":25,"time_elapsed":119162,"subject_id":"78831"},{"rt":3762,"stimulus":16,"slider_start":100,"sprites":"crackers","response":57,"absDeviation":7,"callibration":"test","block":0,"seed":16,"numerosity":64,"matchType":"unpaired","which":"first","trial_type":"numerosity-estimation","trial_index":26,"time_elapsed":122927,"subject_id":"78831"},{"rt":9564,"stimulus":"<p> For the last block of trials, the average deviation of your guesses from correct answers was 12.</p>\n     <p>The smaller the deviation the better.  Your deviation was <b> AMAZINGLY good</b>.</p><br>\n       <p>Press any key to continue to the next block of trials</p>","response":" ","trial_type":"html-keyboard-response","trial_index":27,"time_elapsed":132496,"subject_id":"78831"},{"rt":6030,"stimulus":17,"slider_start":100,"sprites":"bears","response":91,"absDeviation":1,"callibration":"test","block":1,"seed":17,"numerosity":92,"matchType":"paired","which":"first","trial_type":"numerosity-estimation","trial_index":28,"time_elapsed":138529,"subject_id":"78831"},{"rt":6210,"stimulus":17,"slider_start":100,"sprites":"bears","response":110,"absDeviation":18,"callibration":"test","block":1,"seed":17,"numerosity":92,"matchType":"paired","which":"second","trial_type":"numerosity-estimation","trial_index":29,"time_elapsed":144745,"subject_id":"78831"},{"rt":4542,"stimulus":19,"slider_start":100,"sprites":"jellyBeans","response":122,"absDeviation":13,"callibration":"test","block":1,"seed":19,"numerosity":135,"matchType":"unpaired","which":"first","trial_type":"numerosity-estimation","trial_index":30,"time_elapsed":149294,"subject_id":"78831"},{"rt":4680,"stimulus":20,"slider_start":100,"sprites":"marbles","response":50,"absDeviation":28,"callibration":"test","block":1,"seed":20,"numerosity":78,"matchType":"unpaired","which":"first","trial_type":"numerosity-estimation","trial_index":31,"time_elapsed":153978,"subject_id":"78831"},{"rt":5211,"stimulus":21,"slider_start":100,"sprites":"mints","response":100,"absDeviation":8,"callibration":"test","block":1,"seed":21,"numerosity":92,"matchType":"paired","which":"first","trial_type":"numerosity-estimation","trial_index":32,"time_elapsed":159194,"subject_id":"78831"},{"rt":3795,"stimulus":21,"slider_start":100,"sprites":"mints","response":106,"absDeviation":14,"callibration":"test","block":1,"seed":21,"numerosity":92,"matchType":"paired","which":"second","trial_type":"numerosity-estimation","trial_index":33,"time_elapsed":162994,"subject_id":"78831"},{"rt":3995,"stimulus":23,"slider_start":100,"sprites":"buttons","response":141,"absDeviation":9,"callibration":"test","block":1,"seed":23,"numerosity":150,"matchType":"unpaired","which":"first","trial_type":"numerosity-estimation","trial_index":34,"time_elapsed":166994,"subject_id":"78831"},{"rt":2812,"stimulus":24,"slider_start":100,"sprites":"animalCrackers","response":112,"absDeviation":5,"callibration":"test","block":1,"seed":24,"numerosity":107,"matchType":"unpaired","which":"first","trial_type":"numerosity-estimation","trial_index":35,"time_elapsed":169811,"subject_id":"78831"},{"rt":2029,"stimulus":25,"slider_start":100,"sprites":"letters","response":99,"absDeviation":8,"callibration":"test","block":1,"seed":25,"numerosity":107,"matchType":"paired","which":"first","trial_type":"numerosity-estimation","trial_index":36,"time_elapsed":171844,"subject_id":"78831"},{"rt":2398,"stimulus":25,"slider_start":100,"sprites":"letters","response":101,"absDeviation":6,"callibration":"test","block":1,"seed":25,"numerosity":107,"matchType":"paired","which":"second","trial_type":"numerosity-estimation","trial_index":37,"time_elapsed":174244,"subject_id":"78831"},{"rt":3245,"stimulus":27,"slider_start":100,"sprites":"hearts","response":116,"absDeviation":5,"callibration":"test","block":1,"seed":27,"numerosity":121,"matchType":"unpaired","which":"first","trial_type":"numerosity-estimation","trial_index":38,"time_elapsed":177494,"subject_id":"78831"},{"rt":4295,"stimulus":28,"slider_start":100,"sprites":"crackers","response":128,"absDeviation":22,"callibration":"test","block":1,"seed":28,"numerosity":150,"matchType":"unpaired","which":"first","trial_type":"numerosity-estimation","trial_index":39,"time_elapsed":181794,"subject_id":"78831"},{"rt":2878,"stimulus":29,"slider_start":100,"sprites":"bears","response":66,"absDeviation":2,"callibration":"test","block":1,"seed":29,"numerosity":64,"matchType":"paired","which":"first","trial_type":"numerosity-estimation","trial_index":40,"time_elapsed":184676,"subject_id":"78831"},{"rt":3599,"stimulus":29,"slider_start":100,"sprites":"bears","response":64,"absDeviation":0,"callibration":"test","block":1,"seed":29,"numerosity":64,"matchType":"paired","which":"second","trial_type":"numerosity-estimation","trial_index":41,"time_elapsed":188277,"subject_id":"78831"},{"rt":3413,"stimulus":31,"slider_start":100,"sprites":"jellyBeans","response":123,"absDeviation":27,"callibration":"test","block":1,"seed":31,"numerosity":150,"matchType":"unpaired","which":"first","trial_type":"numerosity-estimation","trial_index":42,"time_elapsed":191694,"subject_id":"78831"},{"rt":2495,"stimulus":32,"slider_start":100,"sprites":"marbles","response":100,"absDeviation":35,"callibration":"test","block":1,"seed":32,"numerosity":135,"matchType":"unpaired","which":"first","trial_type":"numerosity-estimation","trial_index":43,"time_elapsed":194193,"subject_id":"78831"},{"rt":97056,"stimulus":"<p> For the last block of trials, the average deviation of your guesses from correct answers was 13.</p>\n     <p>The smaller the deviation the better.  Your deviation was <b> AMAZINGLY good</b>.</p><br>\n       <p>Press any key to continue to the next block of trials</p>","response":" ","trial_type":"html-keyboard-response","trial_index":44,"time_elapsed":291249,"subject_id":"78831"},{"rt":4121,"stimulus":33,"slider_start":100,"sprites":"mints","response":110,"absDeviation":11,"callibration":"test","block":2,"seed":33,"numerosity":121,"matchType":"paired","which":"first","trial_type":"numerosity-estimation","trial_index":45,"time_elapsed":295375,"subject_id":"78831"},{"rt":3649,"stimulus":33,"slider_start":100,"sprites":"mints","response":107,"absDeviation":14,"callibration":"test","block":2,"seed":33,"numerosity":121,"matchType":"paired","which":"second","trial_type":"numerosity-estimation","trial_index":46,"time_elapsed":299026,"subject_id":"78831"},{"rt":5644,"stimulus":35,"slider_start":100,"sprites":"buttons","response":84,"absDeviation":6,"callibration":"test","block":2,"seed":35,"numerosity":78,"matchType":"unpaired","which":"first","trial_type":"numerosity-estimation","trial_index":47,"time_elapsed":304676,"subject_id":"78831"},{"rt":6095,"stimulus":36,"slider_start":100,"sprites":"animalCrackers","response":51,"absDeviation":1,"callibration":"test","block":2,"seed":36,"numerosity":50,"matchType":"unpaired","which":"first","trial_type":"numerosity-estimation","trial_index":48,"time_elapsed":310776,"subject_id":"78831"},{"rt":2578,"stimulus":37,"slider_start":100,"sprites":"letters","response":100,"absDeviation":35,"callibration":"test","block":2,"seed":37,"numerosity":135,"matchType":"paired","which":"first","trial_type":"numerosity-estimation","trial_index":49,"time_elapsed":313359,"subject_id":"78831"},{"rt":4611,"stimulus":37,"slider_start":100,"sprites":"letters","response":114,"absDeviation":21,"callibration":"test","block":2,"seed":37,"numerosity":135,"matchType":"paired","which":"second","trial_type":"numerosity-estimation","trial_index":50,"time_elapsed":317975,"subject_id":"78831"},{"rt":2962,"stimulus":39,"slider_start":100,"sprites":"hearts","response":100,"absDeviation":22,"callibration":"test","block":2,"seed":39,"numerosity":78,"matchType":"unpaired","which":"first","trial_type":"numerosity-estimation","trial_index":51,"time_elapsed":320941,"subject_id":"78831"},{"rt":2714,"stimulus":40,"slider_start":100,"sprites":"crackers","response":124,"absDeviation":3,"callibration":"test","block":2,"seed":40,"numerosity":121,"matchType":"unpaired","which":"first","trial_type":"numerosity-estimation","trial_index":52,"time_elapsed":323659,"subject_id":"78831"},{"rt":6328,"stimulus":41,"slider_start":100,"sprites":"bears","response":50,"absDeviation":0,"callibration":"test","block":2,"seed":41,"numerosity":50,"matchType":"paired","which":"first","trial_type":"numerosity-estimation","trial_index":53,"time_elapsed":329992,"subject_id":"78831"},{"rt":4112,"stimulus":41,"slider_start":100,"sprites":"bears","response":56,"absDeviation":6,"callibration":"test","block":2,"seed":41,"numerosity":50,"matchType":"paired","which":"second","trial_type":"numerosity-estimation","trial_index":54,"time_elapsed":334109,"subject_id":"78831"},{"rt":6980,"stimulus":43,"slider_start":100,"sprites":"jellyBeans","response":85,"absDeviation":21,"callibration":"test","block":2,"seed":43,"numerosity":64,"matchType":"unpaired","which":"first","trial_type":"numerosity-estimation","trial_index":55,"time_elapsed":341093,"subject_id":"78831"},{"rt":4760,"stimulus":44,"slider_start":100,"sprites":"marbles","response":115,"absDeviation":6,"callibration":"test","block":2,"seed":44,"numerosity":121,"matchType":"unpaired","which":"first","trial_type":"numerosity-estimation","trial_index":56,"time_elapsed":345857,"subject_id":"78831"},{"rt":6298,"stimulus":45,"slider_start":100,"sprites":"mints","response":130,"absDeviation":9,"callibration":"test","block":2,"seed":45,"numerosity":121,"matchType":"paired","which":"first","trial_type":"numerosity-estimation","trial_index":57,"time_elapsed":352159,"subject_id":"78831"},{"rt":3246,"stimulus":45,"slider_start":100,"sprites":"mints","response":140,"absDeviation":19,"callibration":"test","block":2,"seed":45,"numerosity":121,"matchType":"paired","which":"second","trial_type":"numerosity-estimation","trial_index":58,"time_elapsed":355408,"subject_id":"78831"},{"rt":4030,"stimulus":47,"slider_start":100,"sprites":"buttons","response":122,"absDeviation":1,"callibration":"test","block":2,"seed":47,"numerosity":121,"matchType":"unpaired","which":"first","trial_type":"numerosity-estimation","trial_index":59,"time_elapsed":359442,"subject_id":"78831"},{"rt":3878,"stimulus":48,"slider_start":100,"sprites":"animalCrackers","response":146,"absDeviation":11,"callibration":"test","block":2,"seed":48,"numerosity":135,"matchType":"unpaired","which":"first","trial_type":"numerosity-estimation","trial_index":60,"time_elapsed":363325,"subject_id":"78831"},{"rt":3204,"stimulus":"<p> For the last block of trials, the average deviation of your guesses from correct answers was 12.</p>\n     <p>The smaller the deviation the better.  Your deviation was <b> AMAZINGLY good</b>.</p><br>\n       <p>Press any key to continue to the next block of trials</p>","response":" ","trial_type":"html-keyboard-response","trial_index":61,"time_elapsed":366532,"subject_id":"78831"},{"rt":2990,"stimulus":49,"slider_start":100,"sprites":"letters","response":71,"absDeviation":7,"callibration":"test","block":3,"seed":49,"numerosity":78,"matchType":"paired","which":"first","trial_type":"numerosity-estimation","trial_index":62,"time_elapsed":369525,"subject_id":"78831"},{"rt":4797,"stimulus":49,"slider_start":100,"sprites":"letters","response":70,"absDeviation":8,"callibration":"test","block":3,"seed":49,"numerosity":78,"matchType":"paired","which":"second","trial_type":"numerosity-estimation","trial_index":63,"time_elapsed":374326,"subject_id":"78831"},{"rt":5261,"stimulus":51,"slider_start":100,"sprites":"hearts","response":137,"absDeviation":13,"callibration":"test","block":3,"seed":51,"numerosity":150,"matchType":"unpaired","which":"first","trial_type":"numerosity-estimation","trial_index":64,"time_elapsed":379591,"subject_id":"78831"},{"rt":3363,"stimulus":52,"slider_start":100,"sprites":"crackers","response":106,"absDeviation":28,"callibration":"test","block":3,"seed":52,"numerosity":78,"matchType":"unpaired","which":"first","trial_type":"numerosity-estimation","trial_index":65,"time_elapsed":382959,"subject_id":"78831"},{"rt":6797,"stimulus":53,"slider_start":100,"sprites":"bears","response":50,"absDeviation":0,"callibration":"test","block":3,"seed":53,"numerosity":50,"matchType":"paired","which":"first","trial_type":"numerosity-estimation","trial_index":66,"time_elapsed":389759,"subject_id":"78831"},{"rt":3312,"stimulus":53,"slider_start":100,"sprites":"bears","response":55,"absDeviation":5,"callibration":"test","block":3,"seed":53,"numerosity":50,"matchType":"paired","which":"second","trial_type":"numerosity-estimation","trial_index":67,"time_elapsed":393076,"subject_id":"78831"},{"rt":2176,"stimulus":55,"slider_start":100,"sprites":"jellyBeans","response":99,"absDeviation":22,"callibration":"test","block":3,"seed":55,"numerosity":121,"matchType":"unpaired","which":"first","trial_type":"numerosity-estimation","trial_index":68,"time_elapsed":395259,"subject_id":"78831"},{"rt":3862,"stimulus":56,"slider_start":100,"sprites":"marbles","response":98,"absDeviation":34,"callibration":"test","block":3,"seed":56,"numerosity":64,"matchType":"unpaired","which":"first","trial_type":"numerosity-estimation","trial_index":69,"time_elapsed":399125,"subject_id":"78831"},{"rt":2579,"stimulus":57,"slider_start":100,"sprites":"mints","response":100,"absDeviation":36,"callibration":"test","block":3,"seed":57,"numerosity":64,"matchType":"paired","which":"first","trial_type":"numerosity-estimation","trial_index":70,"time_elapsed":401708,"subject_id":"78831"},{"rt":3796,"stimulus":57,"slider_start":100,"sprites":"mints","response":106,"absDeviation":42,"callibration":"test","block":3,"seed":57,"numerosity":64,"matchType":"paired","which":"second","trial_type":"numerosity-estimation","trial_index":71,"time_elapsed":405508,"subject_id":"78831"},{"rt":4196,"stimulus":59,"slider_start":100,"sprites":"buttons","response":130,"absDeviation":5,"callibration":"test","block":3,"seed":59,"numerosity":135,"matchType":"unpaired","which":"first","trial_type":"numerosity-estimation","trial_index":72,"time_elapsed":409709,"subject_id":"78831"},{"rt":3745,"stimulus":60,"slider_start":100,"sprites":"animalCrackers","response":141,"absDeviation":9,"callibration":"test","block":3,"seed":60,"numerosity":150,"matchType":"unpaired","which":"first","trial_type":"numerosity-estimation","trial_index":73,"time_elapsed":413457,"subject_id":"78831"},{"rt":3562,"stimulus":61,"slider_start":100,"sprites":"letters","response":46,"absDeviation":4,"callibration":"test","block":3,"seed":61,"numerosity":50,"matchType":"paired","which":"first","trial_type":"numerosity-estimation","trial_index":74,"time_elapsed":417025,"subject_id":"78831"},{"rt":5028,"stimulus":61,"slider_start":100,"sprites":"letters","response":41,"absDeviation":9,"callibration":"test","block":3,"seed":61,"numerosity":50,"matchType":"paired","which":"second","trial_type":"numerosity-estimation","trial_index":75,"time_elapsed":422057,"subject_id":"78831"},{"rt":5198,"stimulus":63,"slider_start":100,"sprites":"hearts","response":80,"absDeviation":16,"callibration":"test","block":3,"seed":63,"numerosity":64,"matchType":"unpaired","which":"first","trial_type":"numerosity-estimation","trial_index":76,"time_elapsed":427258,"subject_id":"78831"},{"rt":3547,"stimulus":64,"slider_start":100,"sprites":"crackers","response":110,"absDeviation":25,"callibration":"test","block":3,"seed":64,"numerosity":135,"matchType":"unpaired","which":"first","trial_type":"numerosity-estimation","trial_index":77,"time_elapsed":430808,"subject_id":"78831"},{"rt":4077,"stimulus":"<p> For the last block of trials, the average deviation of your guesses from correct answers was 16.</p>\n     <p>The smaller the deviation the better.  Your deviation was <b> VERY good</b>.</p><br>\n       <p>Press any key to continue to the next block of trials</p>","response":" ","trial_type":"html-keyboard-response","trial_index":78,"time_elapsed":434887,"subject_id":"78831"},{"rt":3285,"stimulus":65,"slider_start":100,"sprites":"bears","response":100,"absDeviation":7,"callibration":"test","block":4,"seed":65,"numerosity":107,"matchType":"paired","which":"first","trial_type":"numerosity-estimation","trial_index":79,"time_elapsed":438175,"subject_id":"78831"},{"rt":3397,"stimulus":65,"slider_start":100,"sprites":"bears","response":114,"absDeviation":7,"callibration":"test","block":4,"seed":65,"numerosity":107,"matchType":"paired","which":"second","trial_type":"numerosity-estimation","trial_index":80,"time_elapsed":441575,"subject_id":"78831"},{"rt":2747,"stimulus":67,"slider_start":100,"sprites":"jellyBeans","response":100,"absDeviation":7,"callibration":"test","block":4,"seed":67,"numerosity":107,"matchType":"unpaired","which":"first","trial_type":"numerosity-estimation","trial_index":81,"time_elapsed":444325,"subject_id":"78831"},{"rt":4279,"stimulus":68,"slider_start":100,"sprites":"marbles","response":121,"absDeviation":29,"callibration":"test","block":4,"seed":68,"numerosity":150,"matchType":"unpaired","which":"first","trial_type":"numerosity-estimation","trial_index":82,"time_elapsed":448608,"subject_id":"78831"},{"rt":3612,"stimulus":69,"slider_start":100,"sprites":"mints","response":145,"absDeviation":24,"callibration":"test","block":4,"seed":69,"numerosity":121,"matchType":"paired","which":"first","trial_type":"numerosity-estimation","trial_index":83,"time_elapsed":452225,"subject_id":"78831"},{"rt":2576,"stimulus":69,"slider_start":100,"sprites":"mints","response":141,"absDeviation":20,"callibration":"test","block":4,"seed":69,"numerosity":121,"matchType":"paired","which":"second","trial_type":"numerosity-estimation","trial_index":84,"time_elapsed":454808,"subject_id":"78831"},{"rt":2761,"stimulus":71,"slider_start":100,"sprites":"buttons","response":135,"absDeviation":28,"callibration":"test","block":4,"seed":71,"numerosity":107,"matchType":"unpaired","which":"first","trial_type":"numerosity-estimation","trial_index":85,"time_elapsed":457575,"subject_id":"78831"},{"rt":2996,"stimulus":72,"slider_start":100,"sprites":"animalCrackers","response":78,"absDeviation":28,"callibration":"test","block":4,"seed":72,"numerosity":50,"matchType":"unpaired","which":"first","trial_type":"numerosity-estimation","trial_index":86,"time_elapsed":460575,"subject_id":"78831"},{"rt":2611,"stimulus":73,"slider_start":100,"sprites":"letters","response":81,"absDeviation":3,"callibration":"test","block":4,"seed":73,"numerosity":78,"matchType":"paired","which":"first","trial_type":"numerosity-estimation","trial_index":87,"time_elapsed":463190,"subject_id":"78831"},{"rt":3731,"stimulus":73,"slider_start":100,"sprites":"letters","response":84,"absDeviation":6,"callibration":"test","block":4,"seed":73,"numerosity":78,"matchType":"paired","which":"second","trial_type":"numerosity-estimation","trial_index":88,"time_elapsed":466923,"subject_id":"78831"},{"rt":2682,"stimulus":75,"slider_start":100,"sprites":"hearts","response":111,"absDeviation":19,"callibration":"test","block":4,"seed":75,"numerosity":92,"matchType":"unpaired","which":"first","trial_type":"numerosity-estimation","trial_index":89,"time_elapsed":469608,"subject_id":"78831"},{"rt":2813,"stimulus":76,"slider_start":100,"sprites":"crackers","response":99,"absDeviation":35,"callibration":"test","block":4,"seed":76,"numerosity":64,"matchType":"unpaired","which":"first","trial_type":"numerosity-estimation","trial_index":90,"time_elapsed":472423,"subject_id":"78831"},{"rt":6381,"stimulus":77,"slider_start":100,"sprites":"bears","response":142,"absDeviation":7,"callibration":"test","block":4,"seed":77,"numerosity":135,"matchType":"paired","which":"first","trial_type":"numerosity-estimation","trial_index":91,"time_elapsed":478807,"subject_id":"78831"},{"rt":3364,"stimulus":77,"slider_start":100,"sprites":"bears","response":144,"absDeviation":9,"callibration":"test","block":4,"seed":77,"numerosity":135,"matchType":"paired","which":"second","trial_type":"numerosity-estimation","trial_index":92,"time_elapsed":482174,"subject_id":"78831"},{"rt":5563,"stimulus":79,"slider_start":100,"sprites":"jellyBeans","response":52,"absDeviation":2,"callibration":"test","block":4,"seed":79,"numerosity":50,"matchType":"unpaired","which":"first","trial_type":"numerosity-estimation","trial_index":93,"time_elapsed":487741,"subject_id":"78831"},{"rt":2012,"stimulus":80,"slider_start":100,"sprites":"marbles","response":100,"absDeviation":21,"callibration":"test","block":4,"seed":80,"numerosity":121,"matchType":"unpaired","which":"first","trial_type":"numerosity-estimation","trial_index":94,"time_elapsed":489757,"subject_id":"78831"},{"rt":1524,"stimulus":"<p> For the last block of trials, the average deviation of your guesses from correct answers was 16.</p>\n     <p>The smaller the deviation the better.  Your deviation was <b> VERY good</b>.</p><br>\n       <p>Press any key to continue to the next block of trials</p>","response":" ","trial_type":"html-keyboard-response","trial_index":95,"time_elapsed":491285,"subject_id":"78831"},{"rt":3369,"stimulus":81,"slider_start":100,"sprites":"mints","response":133,"absDeviation":12,"callibration":"test","block":5,"seed":81,"numerosity":121,"matchType":"paired","which":"first","trial_type":"numerosity-estimation","trial_index":96,"time_elapsed":494657,"subject_id":"78831"},{"rt":3548,"stimulus":81,"slider_start":100,"sprites":"mints","response":147,"absDeviation":26,"callibration":"test","block":5,"seed":81,"numerosity":121,"matchType":"paired","which":"second","trial_type":"numerosity-estimation","trial_index":97,"time_elapsed":498206,"subject_id":"78831"},{"rt":3379,"stimulus":83,"slider_start":100,"sprites":"buttons","response":128,"absDeviation":7,"callibration":"test","block":5,"seed":83,"numerosity":121,"matchType":"unpaired","which":"first","trial_type":"numerosity-estimation","trial_index":98,"time_elapsed":501590,"subject_id":"78831"},{"rt":6963,"stimulus":84,"slider_start":100,"sprites":"animalCrackers","response":64,"absDeviation":14,"callibration":"test","block":5,"seed":84,"numerosity":50,"matchType":"unpaired","which":"first","trial_type":"numerosity-estimation","trial_index":99,"time_elapsed":508557,"subject_id":"78831"},{"rt":3596,"stimulus":85,"slider_start":100,"sprites":"letters","response":67,"absDeviation":3,"callibration":"test","block":5,"seed":85,"numerosity":64,"matchType":"paired","which":"first","trial_type":"numerosity-estimation","trial_index":100,"time_elapsed":512157,"subject_id":"78831"},{"rt":2480,"stimulus":85,"slider_start":100,"sprites":"letters","response":79,"absDeviation":15,"callibration":"test","block":5,"seed":85,"numerosity":64,"matchType":"paired","which":"second","trial_type":"numerosity-estimation","trial_index":101,"time_elapsed":514642,"subject_id":"78831"},{"rt":2876,"stimulus":87,"slider_start":100,"sprites":"hearts","response":98,"absDeviation":48,"callibration":"test","block":5,"seed":87,"numerosity":50,"matchType":"unpaired","which":"first","trial_type":"numerosity-estimation","trial_index":102,"time_elapsed":517524,"subject_id":"78831"},{"rt":5096,"stimulus":88,"slider_start":100,"sprites":"crackers","response":116,"absDeviation":19,"callibration":"test","block":5,"seed":88,"numerosity":135,"matchType":"unpaired","which":"first","trial_type":"numerosity-estimation","trial_index":103,"time_elapsed":522624,"subject_id":"78831"},{"rt":2510,"stimulus":89,"slider_start":100,"sprites":"bears","response":87,"absDeviation":37,"callibration":"test","block":5,"seed":89,"numerosity":50,"matchType":"paired","which":"first","trial_type":"numerosity-estimation","trial_index":104,"time_elapsed":525141,"subject_id":"78831"},{"rt":7662,"stimulus":89,"slider_start":100,"sprites":"bears","response":50,"absDeviation":0,"callibration":"test","block":5,"seed":89,"numerosity":50,"matchType":"paired","which":"second","trial_type":"numerosity-estimation","trial_index":105,"time_elapsed":532807,"subject_id":"78831"},{"rt":2029,"stimulus":91,"slider_start":100,"sprites":"jellyBeans","response":101,"absDeviation":9,"callibration":"test","block":5,"seed":91,"numerosity":92,"matchType":"unpaired","which":"first","trial_type":"numerosity-estimation","trial_index":106,"time_elapsed":534841,"subject_id":"78831"},{"rt":2460,"stimulus":92,"slider_start":100,"sprites":"marbles","response":120,"absDeviation":1,"callibration":"test","block":5,"seed":92,"numerosity":121,"matchType":"unpaired","which":"first","trial_type":"numerosity-estimation","trial_index":107,"time_elapsed":537306,"subject_id":"78831"},{"rt":2847,"stimulus":93,"slider_start":100,"sprites":"mints","response":110,"absDeviation":32,"callibration":"test","block":5,"seed":93,"numerosity":78,"matchType":"paired","which":"first","trial_type":"numerosity-estimation","trial_index":108,"time_elapsed":540156,"subject_id":"78831"},{"rt":2713,"stimulus":93,"slider_start":100,"sprites":"mints","response":113,"absDeviation":35,"callibration":"test","block":5,"seed":93,"numerosity":78,"matchType":"paired","which":"second","trial_type":"numerosity-estimation","trial_index":109,"time_elapsed":542873,"subject_id":"78831"},{"rt":2196,"stimulus":95,"slider_start":100,"sprites":"buttons","response":101,"absDeviation":37,"callibration":"test","block":5,"seed":95,"numerosity":64,"matchType":"unpaired","which":"first","trial_type":"numerosity-estimation","trial_index":110,"time_elapsed":545073,"subject_id":"78831"},{"rt":2313,"stimulus":96,"slider_start":100,"sprites":"animalCrackers","response":104,"absDeviation":12,"callibration":"test","block":5,"seed":96,"numerosity":92,"matchType":"unpaired","which":"first","trial_type":"numerosity-estimation","trial_index":111,"time_elapsed":547390,"subject_id":"78831"},{"rt":4095,"stimulus":"<p> For the last block of trials, the average deviation of your guesses from correct answers was 19.</p>\n     <p>The smaller the deviation the better.  Your deviation was <b> VERY good</b>.</p><br>\n       <p>Press any key to continue to the next block of trials</p>","response":" ","trial_type":"html-keyboard-response","trial_index":112,"time_elapsed":551488,"subject_id":"78831"},{"rt":4848,"stimulus":2,"slider_start":100,"sprites":"butterflies","response":100,"absDeviation":35,"callibration":"test","block":6,"seed":2,"numerosity":135,"matchType":"paired","which":"first","trial_type":"numerosity-estimation","trial_index":113,"time_elapsed":556340,"subject_id":"78831"},{"rt":2313,"stimulus":2,"slider_start":100,"sprites":"butterflies","response":109,"absDeviation":26,"callibration":"test","block":6,"seed":2,"numerosity":135,"matchType":"paired","which":"second","trial_type":"numerosity-estimation","trial_index":114,"time_elapsed":558656,"subject_id":"78831"},{"rt":3580,"stimulus":3,"slider_start":100,"sprites":"hearts","response":61,"absDeviation":11,"callibration":"test","block":6,"seed":3,"numerosity":50,"matchType":"unpaired","which":"second","trial_type":"numerosity-estimation","trial_index":115,"time_elapsed":562240,"subject_id":"78831"},{"rt":2515,"stimulus":4,"slider_start":100,"sprites":"crackers","response":120,"absDeviation":13,"callibration":"test","block":6,"seed":4,"numerosity":107,"matchType":"unpaired","which":"second","trial_type":"numerosity-estimation","trial_index":116,"time_elapsed":564758,"subject_id":"78831"},{"rt":3196,"stimulus":6,"slider_start":100,"sprites":"fruits","response":94,"absDeviation":16,"callibration":"test","block":6,"seed":6,"numerosity":78,"matchType":"paired","which":"first","trial_type":"numerosity-estimation","trial_index":117,"time_elapsed":567957,"subject_id":"78831"},{"rt":2262,"stimulus":6,"slider_start":100,"sprites":"fruits","response":85,"absDeviation":7,"callibration":"test","block":6,"seed":6,"numerosity":78,"matchType":"paired","which":"second","trial_type":"numerosity-estimation","trial_index":118,"time_elapsed":570223,"subject_id":"78831"},{"rt":2763,"stimulus":7,"slider_start":100,"sprites":"jellyBeans","response":72,"absDeviation":22,"callibration":"test","block":6,"seed":7,"numerosity":50,"matchType":"unpaired","which":"second","trial_type":"numerosity-estimation","trial_index":119,"time_elapsed":572990,"subject_id":"78831"},{"rt":2645,"stimulus":8,"slider_start":100,"sprites":"marbles","response":99,"absDeviation":7,"callibration":"test","block":6,"seed":8,"numerosity":92,"matchType":"unpaired","which":"second","trial_type":"numerosity-estimation","trial_index":120,"time_elapsed":575638,"subject_id":"78831"},{"rt":10048,"stimulus":10,"slider_start":100,"sprites":"rocks","response":50,"absDeviation":0,"callibration":"test","block":6,"seed":10,"numerosity":50,"matchType":"paired","which":"first","trial_type":"numerosity-estimation","trial_index":121,"time_elapsed":585690,"subject_id":"78831"},{"rt":5661,"stimulus":10,"slider_start":100,"sprites":"rocks","response":58,"absDeviation":8,"callibration":"test","block":6,"seed":10,"numerosity":50,"matchType":"paired","which":"second","trial_type":"numerosity-estimation","trial_index":122,"time_elapsed":591357,"subject_id":"78831"},{"rt":2845,"stimulus":11,"slider_start":100,"sprites":"buttons","response":122,"absDeviation":15,"callibration":"test","block":6,"seed":11,"numerosity":107,"matchType":"unpaired","which":"second","trial_type":"numerosity-estimation","trial_index":123,"time_elapsed":594206,"subject_id":"78831"},{"rt":2331,"stimulus":12,"slider_start":100,"sprites":"animalCrackers","response":108,"absDeviation":16,"callibration":"test","block":6,"seed":12,"numerosity":92,"matchType":"unpaired","which":"second","trial_type":"numerosity-estimation","trial_index":124,"time_elapsed":596539,"subject_id":"78831"},{"rt":2979,"stimulus":14,"slider_start":100,"sprites":"butterflies","response":115,"absDeviation":35,"callibration":"test","block":6,"seed":14,"numerosity":150,"matchType":"paired","which":"first","trial_type":"numerosity-estimation","trial_index":125,"time_elapsed":599523,"subject_id":"78831"},{"rt":2429,"stimulus":14,"slider_start":100,"sprites":"butterflies","response":112,"absDeviation":38,"callibration":"test","block":6,"seed":14,"numerosity":150,"matchType":"paired","which":"second","trial_type":"numerosity-estimation","trial_index":126,"time_elapsed":601956,"subject_id":"78831"},{"rt":3179,"stimulus":15,"slider_start":100,"sprites":"hearts","response":129,"absDeviation":8,"callibration":"test","block":6,"seed":15,"numerosity":121,"matchType":"unpaired","which":"second","trial_type":"numerosity-estimation","trial_index":127,"time_elapsed":605140,"subject_id":"78831"},{"rt":5263,"stimulus":16,"slider_start":100,"sprites":"crackers","response":56,"absDeviation":8,"callibration":"test","block":6,"seed":16,"numerosity":64,"matchType":"unpaired","which":"second","trial_type":"numerosity-estimation","trial_index":128,"time_elapsed":610406,"subject_id":"78831"},{"rt":8743,"stimulus":"<p> For the last block of trials, the average deviation of your guesses from correct answers was 17.</p>\n     <p>The smaller the deviation the better.  Your deviation was <b> VERY good</b>.</p><br>\n       <p>Press any key to continue to the next block of trials</p>","response":" ","trial_type":"html-keyboard-response","trial_index":129,"time_elapsed":619151,"subject_id":"78831"},{"rt":2634,"stimulus":18,"slider_start":100,"sprites":"fruits","response":100,"absDeviation":7,"callibration":"test","block":7,"seed":18,"numerosity":107,"matchType":"paired","which":"first","trial_type":"numerosity-estimation","trial_index":130,"time_elapsed":621789,"subject_id":"78831"},{"rt":2796,"stimulus":18,"slider_start":100,"sprites":"fruits","response":116,"absDeviation":9,"callibration":"test","block":7,"seed":18,"numerosity":107,"matchType":"paired","which":"second","trial_type":"numerosity-estimation","trial_index":131,"time_elapsed":624589,"subject_id":"78831"},{"rt":2761,"stimulus":19,"slider_start":100,"sprites":"jellyBeans","response":128,"absDeviation":7,"callibration":"test","block":7,"seed":19,"numerosity":135,"matchType":"unpaired","which":"second","trial_type":"numerosity-estimation","trial_index":132,"time_elapsed":627356,"subject_id":"78831"},{"rt":2678,"stimulus":20,"slider_start":100,"sprites":"marbles","response":71,"absDeviation":7,"callibration":"test","block":7,"seed":20,"numerosity":78,"matchType":"unpaired","which":"second","trial_type":"numerosity-estimation","trial_index":133,"time_elapsed":630039,"subject_id":"78831"},{"rt":4146,"stimulus":22,"slider_start":100,"sprites":"rocks","response":110,"absDeviation":18,"callibration":"test","block":7,"seed":22,"numerosity":92,"matchType":"paired","which":"first","trial_type":"numerosity-estimation","trial_index":134,"time_elapsed":634189,"subject_id":"78831"},{"rt":2196,"stimulus":22,"slider_start":100,"sprites":"rocks","response":99,"absDeviation":7,"callibration":"test","block":7,"seed":22,"numerosity":92,"matchType":"paired","which":"second","trial_type":"numerosity-estimation","trial_index":135,"time_elapsed":636389,"subject_id":"78831"},{"rt":2330,"stimulus":23,"slider_start":100,"sprites":"buttons","response":141,"absDeviation":9,"callibration":"test","block":7,"seed":23,"numerosity":150,"matchType":"unpaired","which":"second","trial_type":"numerosity-estimation","trial_index":136,"time_elapsed":638722,"subject_id":"78831"},{"rt":2596,"stimulus":24,"slider_start":100,"sprites":"animalCrackers","response":109,"absDeviation":2,"callibration":"test","block":7,"seed":24,"numerosity":107,"matchType":"unpaired","which":"second","trial_type":"numerosity-estimation","trial_index":137,"time_elapsed":641323,"subject_id":"78831"},{"rt":2447,"stimulus":26,"slider_start":100,"sprites":"butterflies","response":83,"absDeviation":9,"callibration":"test","block":7,"seed":26,"numerosity":92,"matchType":"paired","which":"first","trial_type":"numerosity-estimation","trial_index":138,"time_elapsed":643773,"subject_id":"78831"},{"rt":2376,"stimulus":26,"slider_start":100,"sprites":"butterflies","response":92,"absDeviation":0,"callibration":"test","block":7,"seed":26,"numerosity":92,"matchType":"paired","which":"second","trial_type":"numerosity-estimation","trial_index":139,"time_elapsed":646156,"subject_id":"78831"},{"rt":3546,"stimulus":27,"slider_start":100,"sprites":"hearts","response":123,"absDeviation":2,"callibration":"test","block":7,"seed":27,"numerosity":121,"matchType":"unpaired","which":"second","trial_type":"numerosity-estimation","trial_index":140,"time_elapsed":649706,"subject_id":"78831"},{"rt":6076,"stimulus":28,"slider_start":100,"sprites":"crackers","response":140,"absDeviation":10,"callibration":"test","block":7,"seed":28,"numerosity":150,"matchType":"unpaired","which":"second","trial_type":"numerosity-estimation","trial_index":141,"time_elapsed":655789,"subject_id":"78831"},{"rt":3612,"stimulus":30,"slider_start":100,"sprites":"fruits","response":111,"absDeviation":4,"callibration":"test","block":7,"seed":30,"numerosity":107,"matchType":"paired","which":"first","trial_type":"numerosity-estimation","trial_index":142,"time_elapsed":659405,"subject_id":"78831"},{"rt":3429,"stimulus":30,"slider_start":100,"sprites":"fruits","response":123,"absDeviation":16,"callibration":"test","block":7,"seed":30,"numerosity":107,"matchType":"paired","which":"second","trial_type":"numerosity-estimation","trial_index":143,"time_elapsed":662839,"subject_id":"78831"},{"rt":2879,"stimulus":31,"slider_start":100,"sprites":"jellyBeans","response":135,"absDeviation":15,"callibration":"test","block":7,"seed":31,"numerosity":150,"matchType":"unpaired","which":"second","trial_type":"numerosity-estimation","trial_index":144,"time_elapsed":665722,"subject_id":"78831"},{"rt":4595,"stimulus":32,"slider_start":100,"sprites":"marbles","response":121,"absDeviation":14,"callibration":"test","block":7,"seed":32,"numerosity":135,"matchType":"unpaired","which":"second","trial_type":"numerosity-estimation","trial_index":145,"time_elapsed":670320,"subject_id":"78831"},{"rt":3158,"stimulus":"<p> For the last block of trials, the average deviation of your guesses from correct answers was 9.</p>\n     <p>The smaller the deviation the better.  Your deviation was <b> AMAZINGLY good</b>.</p><br>\n       <p>Press any key to continue to the next block of trials</p>","response":" ","trial_type":"html-keyboard-response","trial_index":146,"time_elapsed":673480,"subject_id":"78831"},{"rt":5755,"stimulus":34,"slider_start":100,"sprites":"rocks","response":91,"absDeviation":41,"callibration":"test","block":8,"seed":34,"numerosity":50,"matchType":"paired","which":"first","trial_type":"numerosity-estimation","trial_index":147,"time_elapsed":679238,"subject_id":"78831"},{"rt":3112,"stimulus":34,"slider_start":100,"sprites":"rocks","response":88,"absDeviation":38,"callibration":"test","block":8,"seed":34,"numerosity":50,"matchType":"paired","which":"second","trial_type":"numerosity-estimation","trial_index":148,"time_elapsed":682355,"subject_id":"78831"},{"rt":3479,"stimulus":35,"slider_start":100,"sprites":"buttons","response":106,"absDeviation":28,"callibration":"test","block":8,"seed":35,"numerosity":78,"matchType":"unpaired","which":"second","trial_type":"numerosity-estimation","trial_index":149,"time_elapsed":685838,"subject_id":"78831"},{"rt":8363,"stimulus":36,"slider_start":100,"sprites":"animalCrackers","response":62,"absDeviation":12,"callibration":"test","block":8,"seed":36,"numerosity":50,"matchType":"unpaired","which":"second","trial_type":"numerosity-estimation","trial_index":150,"time_elapsed":694205,"subject_id":"78831"},{"rt":3928,"stimulus":38,"slider_start":100,"sprites":"butterflies","response":73,"absDeviation":5,"callibration":"test","block":8,"seed":38,"numerosity":78,"matchType":"paired","which":"first","trial_type":"numerosity-estimation","trial_index":151,"time_elapsed":698137,"subject_id":"78831"},{"rt":6329,"stimulus":38,"slider_start":100,"sprites":"butterflies","response":74,"absDeviation":4,"callibration":"test","block":8,"seed":38,"numerosity":78,"matchType":"paired","which":"second","trial_type":"numerosity-estimation","trial_index":152,"time_elapsed":704470,"subject_id":"78831"},{"rt":2834,"stimulus":39,"slider_start":100,"sprites":"hearts","response":100,"absDeviation":22,"callibration":"test","block":8,"seed":39,"numerosity":78,"matchType":"unpaired","which":"second","trial_type":"numerosity-estimation","trial_index":153,"time_elapsed":707305,"subject_id":"78831"},{"rt":2812,"stimulus":40,"slider_start":100,"sprites":"crackers","response":138,"absDeviation":17,"callibration":"test","block":8,"seed":40,"numerosity":121,"matchType":"unpaired","which":"second","trial_type":"numerosity-estimation","trial_index":154,"time_elapsed":710122,"subject_id":"78831"},{"rt":3461,"stimulus":42,"slider_start":100,"sprites":"fruits","response":97,"absDeviation":19,"callibration":"test","block":8,"seed":42,"numerosity":78,"matchType":"paired","which":"first","trial_type":"numerosity-estimation","trial_index":155,"time_elapsed":713589,"subject_id":"78831"},{"rt":1943,"stimulus":42,"slider_start":100,"sprites":"fruits","response":99,"absDeviation":21,"callibration":"test","block":8,"seed":42,"numerosity":78,"matchType":"paired","which":"second","trial_type":"numerosity-estimation","trial_index":156,"time_elapsed":715538,"subject_id":"78831"},{"rt":3247,"stimulus":43,"slider_start":100,"sprites":"jellyBeans","response":91,"absDeviation":27,"callibration":"test","block":8,"seed":43,"numerosity":64,"matchType":"unpaired","which":"second","trial_type":"numerosity-estimation","trial_index":157,"time_elapsed":718789,"subject_id":"78831"},{"rt":2429,"stimulus":44,"slider_start":100,"sprites":"marbles","response":108,"absDeviation":13,"callibration":"test","block":8,"seed":44,"numerosity":121,"matchType":"unpaired","which":"second","trial_type":"numerosity-estimation","trial_index":158,"time_elapsed":721222,"subject_id":"78831"},{"rt":2713,"stimulus":46,"slider_start":100,"sprites":"rocks","response":123,"absDeviation":16,"callibration":"test","block":8,"seed":46,"numerosity":107,"matchType":"paired","which":"first","trial_type":"numerosity-estimation","trial_index":159,"time_elapsed":723939,"subject_id":"78831"},{"rt":3711,"stimulus":46,"slider_start":100,"sprites":"rocks","response":134,"absDeviation":27,"callibration":"test","block":8,"seed":46,"numerosity":107,"matchType":"paired","which":"second","trial_type":"numerosity-estimation","trial_index":160,"time_elapsed":727655,"subject_id":"78831"},{"rt":2645,"stimulus":47,"slider_start":100,"sprites":"buttons","response":135,"absDeviation":14,"callibration":"test","block":8,"seed":47,"numerosity":121,"matchType":"unpaired","which":"second","trial_type":"numerosity-estimation","trial_index":161,"time_elapsed":730305,"subject_id":"78831"},{"rt":3878,"stimulus":48,"slider_start":100,"sprites":"animalCrackers","response":152,"absDeviation":17,"callibration":"test","block":8,"seed":48,"numerosity":135,"matchType":"unpaired","which":"second","trial_type":"numerosity-estimation","trial_index":162,"time_elapsed":734188,"subject_id":"78831"},{"rt":2792,"stimulus":"<p> For the last block of trials, the average deviation of your guesses from correct answers was 20.</p>\n     <p>The smaller the deviation the better.  Your deviation was <b> VERY good</b>.</p><br>\n       <p>Press any key to continue to the next block of trials</p>","response":" ","trial_type":"html-keyboard-response","trial_index":163,"time_elapsed":736983,"subject_id":"78831"},{"rt":2684,"stimulus":50,"slider_start":100,"sprites":"butterflies","response":110,"absDeviation":40,"callibration":"test","block":9,"seed":50,"numerosity":150,"matchType":"paired","which":"first","trial_type":"numerosity-estimation","trial_index":164,"time_elapsed":739671,"subject_id":"78831"},{"rt":2461,"stimulus":50,"slider_start":100,"sprites":"butterflies","response":121,"absDeviation":29,"callibration":"test","block":9,"seed":50,"numerosity":150,"matchType":"paired","which":"second","trial_type":"numerosity-estimation","trial_index":165,"time_elapsed":742138,"subject_id":"78831"},{"rt":2762,"stimulus":51,"slider_start":100,"sprites":"hearts","response":140,"absDeviation":10,"callibration":"test","block":9,"seed":51,"numerosity":150,"matchType":"unpaired","which":"second","trial_type":"numerosity-estimation","trial_index":166,"time_elapsed":744905,"subject_id":"78831"},{"rt":4514,"stimulus":52,"slider_start":100,"sprites":"crackers","response":105,"absDeviation":27,"callibration":"test","block":9,"seed":52,"numerosity":78,"matchType":"unpaired","which":"second","trial_type":"numerosity-estimation","trial_index":167,"time_elapsed":749421,"subject_id":"78831"},{"rt":3479,"stimulus":54,"slider_start":100,"sprites":"fruits","response":112,"absDeviation":20,"callibration":"test","block":9,"seed":54,"numerosity":92,"matchType":"paired","which":"first","trial_type":"numerosity-estimation","trial_index":168,"time_elapsed":752905,"subject_id":"78831"},{"rt":2796,"stimulus":54,"slider_start":100,"sprites":"fruits","response":115,"absDeviation":23,"callibration":"test","block":9,"seed":54,"numerosity":92,"matchType":"paired","which":"second","trial_type":"numerosity-estimation","trial_index":169,"time_elapsed":755704,"subject_id":"78831"},{"rt":2345,"stimulus":55,"slider_start":100,"sprites":"jellyBeans","response":117,"absDeviation":4,"callibration":"test","block":9,"seed":55,"numerosity":121,"matchType":"unpaired","which":"second","trial_type":"numerosity-estimation","trial_index":170,"time_elapsed":758054,"subject_id":"78831"},{"rt":5300,"stimulus":56,"slider_start":100,"sprites":"marbles","response":54,"absDeviation":10,"callibration":"test","block":9,"seed":56,"numerosity":64,"matchType":"unpaired","which":"second","trial_type":"numerosity-estimation","trial_index":171,"time_elapsed":763354,"subject_id":"78831"},{"rt":3463,"stimulus":58,"slider_start":100,"sprites":"rocks","response":111,"absDeviation":10,"callibration":"test","block":9,"seed":58,"numerosity":121,"matchType":"paired","which":"first","trial_type":"numerosity-estimation","trial_index":172,"time_elapsed":766821,"subject_id":"78831"},{"rt":2378,"stimulus":58,"slider_start":100,"sprites":"rocks","response":120,"absDeviation":1,"callibration":"test","block":9,"seed":58,"numerosity":121,"matchType":"paired","which":"second","trial_type":"numerosity-estimation","trial_index":173,"time_elapsed":769204,"subject_id":"78831"},{"rt":3096,"stimulus":59,"slider_start":100,"sprites":"buttons","response":130,"absDeviation":5,"callibration":"test","block":9,"seed":59,"numerosity":135,"matchType":"unpaired","which":"second","trial_type":"numerosity-estimation","trial_index":174,"time_elapsed":772304,"subject_id":"78831"},{"rt":2511,"stimulus":60,"slider_start":100,"sprites":"animalCrackers","response":154,"absDeviation":4,"callibration":"test","block":9,"seed":60,"numerosity":150,"matchType":"unpaired","which":"second","trial_type":"numerosity-estimation","trial_index":175,"time_elapsed":774822,"subject_id":"78831"},{"rt":2528,"stimulus":62,"slider_start":100,"sprites":"butterflies","response":115,"absDeviation":20,"callibration":"test","block":9,"seed":62,"numerosity":135,"matchType":"paired","which":"first","trial_type":"numerosity-estimation","trial_index":176,"time_elapsed":777353,"subject_id":"78831"},{"rt":2162,"stimulus":62,"slider_start":100,"sprites":"butterflies","response":123,"absDeviation":12,"callibration":"test","block":9,"seed":62,"numerosity":135,"matchType":"paired","which":"second","trial_type":"numerosity-estimation","trial_index":177,"time_elapsed":779521,"subject_id":"78831"},{"rt":2912,"stimulus":63,"slider_start":100,"sprites":"hearts","response":92,"absDeviation":28,"callibration":"test","block":9,"seed":63,"numerosity":64,"matchType":"unpaired","which":"second","trial_type":"numerosity-estimation","trial_index":178,"time_elapsed":782438,"subject_id":"78831"},{"rt":5296,"stimulus":64,"slider_start":100,"sprites":"crackers","response":143,"absDeviation":8,"callibration":"test","block":9,"seed":64,"numerosity":135,"matchType":"unpaired","which":"second","trial_type":"numerosity-estimation","trial_index":179,"time_elapsed":787737,"subject_id":"78831"},{"rt":6815,"stimulus":"<p> For the last block of trials, the average deviation of your guesses from correct answers was 16.</p>\n     <p>The smaller the deviation the better.  Your deviation was <b> VERY good</b>.</p><br>\n       <p>Press any key to continue to the next block of trials</p>","response":" ","trial_type":"html-keyboard-response","trial_index":180,"time_elapsed":794557,"subject_id":"78831"},{"rt":4194,"stimulus":66,"slider_start":100,"sprites":"fruits","response":74,"absDeviation":10,"callibration":"test","block":10,"seed":66,"numerosity":64,"matchType":"paired","which":"first","trial_type":"numerosity-estimation","trial_index":181,"time_elapsed":798754,"subject_id":"78831"},{"rt":2680,"stimulus":66,"slider_start":100,"sprites":"fruits","response":86,"absDeviation":22,"callibration":"test","block":10,"seed":66,"numerosity":64,"matchType":"paired","which":"second","trial_type":"numerosity-estimation","trial_index":182,"time_elapsed":801438,"subject_id":"78831"},{"rt":2513,"stimulus":67,"slider_start":100,"sprites":"jellyBeans","response":116,"absDeviation":9,"callibration":"test","block":10,"seed":67,"numerosity":107,"matchType":"unpaired","which":"second","trial_type":"numerosity-estimation","trial_index":183,"time_elapsed":803954,"subject_id":"78831"},{"rt":4427,"stimulus":68,"slider_start":100,"sprites":"marbles","response":112,"absDeviation":38,"callibration":"test","block":10,"seed":68,"numerosity":150,"matchType":"unpaired","which":"second","trial_type":"numerosity-estimation","trial_index":184,"time_elapsed":808386,"subject_id":"78831"},{"rt":2732,"stimulus":70,"slider_start":100,"sprites":"rocks","response":118,"absDeviation":26,"callibration":"test","block":10,"seed":70,"numerosity":92,"matchType":"paired","which":"first","trial_type":"numerosity-estimation","trial_index":185,"time_elapsed":811120,"subject_id":"78831"},{"rt":2463,"stimulus":70,"slider_start":100,"sprites":"rocks","response":119,"absDeviation":27,"callibration":"test","block":10,"seed":70,"numerosity":92,"matchType":"paired","which":"second","trial_type":"numerosity-estimation","trial_index":186,"time_elapsed":813587,"subject_id":"78831"},{"rt":2363,"stimulus":71,"slider_start":100,"sprites":"buttons","response":149,"absDeviation":42,"callibration":"test","block":10,"seed":71,"numerosity":107,"matchType":"unpaired","which":"second","trial_type":"numerosity-estimation","trial_index":187,"time_elapsed":815954,"subject_id":"78831"},{"rt":3379,"stimulus":72,"slider_start":100,"sprites":"animalCrackers","response":85,"absDeviation":35,"callibration":"test","block":10,"seed":72,"numerosity":50,"matchType":"unpaired","which":"second","trial_type":"numerosity-estimation","trial_index":188,"time_elapsed":819338,"subject_id":"78831"},{"rt":4111,"stimulus":74,"slider_start":100,"sprites":"butterflies","response":67,"absDeviation":3,"callibration":"test","block":10,"seed":74,"numerosity":64,"matchType":"paired","which":"first","trial_type":"numerosity-estimation","trial_index":189,"time_elapsed":823452,"subject_id":"78831"},{"rt":2917,"stimulus":74,"slider_start":100,"sprites":"butterflies","response":65,"absDeviation":1,"callibration":"test","block":10,"seed":74,"numerosity":64,"matchType":"paired","which":"second","trial_type":"numerosity-estimation","trial_index":190,"time_elapsed":826370,"subject_id":"78831"},{"rt":2762,"stimulus":75,"slider_start":100,"sprites":"hearts","response":109,"absDeviation":17,"callibration":"test","block":10,"seed":75,"numerosity":92,"matchType":"unpaired","which":"second","trial_type":"numerosity-estimation","trial_index":191,"time_elapsed":829135,"subject_id":"78831"},{"rt":2333,"stimulus":76,"slider_start":100,"sprites":"crackers","response":106,"absDeviation":42,"callibration":"test","block":10,"seed":76,"numerosity":64,"matchType":"unpaired","which":"second","trial_type":"numerosity-estimation","trial_index":192,"time_elapsed":831471,"subject_id":"78831"},{"rt":2129,"stimulus":78,"slider_start":100,"sprites":"fruits","response":100,"absDeviation":36,"callibration":"test","block":10,"seed":78,"numerosity":64,"matchType":"paired","which":"first","trial_type":"numerosity-estimation","trial_index":193,"time_elapsed":833603,"subject_id":"78831"},{"rt":3111,"stimulus":78,"slider_start":100,"sprites":"fruits","response":99,"absDeviation":35,"callibration":"test","block":10,"seed":78,"numerosity":64,"matchType":"paired","which":"second","trial_type":"numerosity-estimation","trial_index":194,"time_elapsed":836720,"subject_id":"78831"},{"rt":3543,"stimulus":79,"slider_start":100,"sprites":"jellyBeans","response":56,"absDeviation":6,"callibration":"test","block":10,"seed":79,"numerosity":50,"matchType":"unpaired","which":"second","trial_type":"numerosity-estimation","trial_index":195,"time_elapsed":840270,"subject_id":"78831"},{"rt":3111,"stimulus":80,"slider_start":100,"sprites":"marbles","response":106,"absDeviation":15,"callibration":"test","block":10,"seed":80,"numerosity":121,"matchType":"unpaired","which":"second","trial_type":"numerosity-estimation","trial_index":196,"time_elapsed":843387,"subject_id":"78831"},{"rt":2562,"stimulus":"<p> For the last block of trials, the average deviation of your guesses from correct answers was 23.</p>\n     <p>The smaller the deviation the better.  Your deviation was <b> VERY good</b>.</p><br>\n       <p>Press any key to continue to the next block of trials</p>","response":" ","trial_type":"html-keyboard-response","trial_index":197,"time_elapsed":845953,"subject_id":"78831"},{"rt":4964,"stimulus":82,"slider_start":100,"sprites":"rocks","response":89,"absDeviation":25,"callibration":"test","block":11,"seed":82,"numerosity":64,"matchType":"paired","which":"first","trial_type":"numerosity-estimation","trial_index":198,"time_elapsed":850920,"subject_id":"78831"},{"rt":3082,"stimulus":82,"slider_start":100,"sprites":"rocks","response":95,"absDeviation":31,"callibration":"test","block":11,"seed":82,"numerosity":64,"matchType":"paired","which":"second","trial_type":"numerosity-estimation","trial_index":199,"time_elapsed":854005,"subject_id":"78831"},{"rt":2594,"stimulus":83,"slider_start":100,"sprites":"buttons","response":137,"absDeviation":16,"callibration":"test","block":11,"seed":83,"numerosity":121,"matchType":"unpaired","which":"second","trial_type":"numerosity-estimation","trial_index":200,"time_elapsed":856603,"subject_id":"78831"},{"rt":5596,"stimulus":84,"slider_start":100,"sprites":"animalCrackers","response":81,"absDeviation":31,"callibration":"test","block":11,"seed":84,"numerosity":50,"matchType":"unpaired","which":"second","trial_type":"numerosity-estimation","trial_index":201,"time_elapsed":862204,"subject_id":"78831"},{"rt":3679,"stimulus":86,"slider_start":100,"sprites":"butterflies","response":96,"absDeviation":25,"callibration":"test","block":11,"seed":86,"numerosity":121,"matchType":"paired","which":"first","trial_type":"numerosity-estimation","trial_index":202,"time_elapsed":865887,"subject_id":"78831"},{"rt":2463,"stimulus":86,"slider_start":100,"sprites":"butterflies","response":109,"absDeviation":12,"callibration":"test","block":11,"seed":86,"numerosity":121,"matchType":"paired","which":"second","trial_type":"numerosity-estimation","trial_index":203,"time_elapsed":868354,"subject_id":"78831"},{"rt":2561,"stimulus":87,"slider_start":100,"sprites":"hearts","response":94,"absDeviation":44,"callibration":"test","block":11,"seed":87,"numerosity":50,"matchType":"unpaired","which":"second","trial_type":"numerosity-estimation","trial_index":204,"time_elapsed":870919,"subject_id":"78831"},{"rt":2861,"stimulus":88,"slider_start":100,"sprites":"crackers","response":140,"absDeviation":5,"callibration":"test","block":11,"seed":88,"numerosity":135,"matchType":"unpaired","which":"second","trial_type":"numerosity-estimation","trial_index":205,"time_elapsed":873785,"subject_id":"78831"},{"rt":5765,"stimulus":90,"slider_start":100,"sprites":"fruits","response":155,"absDeviation":5,"callibration":"test","block":11,"seed":90,"numerosity":150,"matchType":"paired","which":"first","trial_type":"numerosity-estimation","trial_index":206,"time_elapsed":879553,"subject_id":"78831"},{"rt":2863,"stimulus":90,"slider_start":100,"sprites":"fruits","response":162,"absDeviation":12,"callibration":"test","block":11,"seed":90,"numerosity":150,"matchType":"paired","which":"second","trial_type":"numerosity-estimation","trial_index":207,"time_elapsed":882420,"subject_id":"78831"},{"rt":3129,"stimulus":91,"slider_start":100,"sprites":"jellyBeans","response":109,"absDeviation":17,"callibration":"test","block":11,"seed":91,"numerosity":92,"matchType":"unpaired","which":"second","trial_type":"numerosity-estimation","trial_index":208,"time_elapsed":885553,"subject_id":"78831"},{"rt":2278,"stimulus":92,"slider_start":100,"sprites":"marbles","response":112,"absDeviation":9,"callibration":"test","block":11,"seed":92,"numerosity":121,"matchType":"unpaired","which":"second","trial_type":"numerosity-estimation","trial_index":209,"time_elapsed":887836,"subject_id":"78831"},{"rt":2613,"stimulus":94,"slider_start":100,"sprites":"rocks","response":108,"absDeviation":30,"callibration":"test","block":11,"seed":94,"numerosity":78,"matchType":"paired","which":"first","trial_type":"numerosity-estimation","trial_index":210,"time_elapsed":890453,"subject_id":"78831"},{"rt":3246,"stimulus":94,"slider_start":100,"sprites":"rocks","response":112,"absDeviation":34,"callibration":"test","block":11,"seed":94,"numerosity":78,"matchType":"paired","which":"second","trial_type":"numerosity-estimation","trial_index":211,"time_elapsed":893702,"subject_id":"78831"},{"rt":1914,"stimulus":95,"slider_start":100,"sprites":"buttons","response":100,"absDeviation":36,"callibration":"test","block":11,"seed":95,"numerosity":64,"matchType":"unpaired","which":"second","trial_type":"numerosity-estimation","trial_index":212,"time_elapsed":895620,"subject_id":"78831"},{"rt":3313,"stimulus":96,"slider_start":100,"sprites":"animalCrackers","response":121,"absDeviation":29,"callibration":"test","block":11,"seed":96,"numerosity":92,"matchType":"unpaired","which":"second","trial_type":"numerosity-estimation","trial_index":213,"time_elapsed":898936,"subject_id":"78831"},{"rt":1563,"stimulus":"<p> For the last block of trials, the average deviation of your guesses from correct answers was 23.</p>\n     <p>The smaller the deviation the better.  Your deviation was <b> VERY good</b>.</p><br>\n       <p>Press any key to continue to the next block of trials</p>","response":" ","trial_type":"html-keyboard-response","trial_index":214,"time_elapsed":900502,"subject_id":"78831"},{"rt":11431,"response":{"averageEstimates":"When the two displays occured back-to-back, in immediate succession.","firstOrSecond":"The first time the objects were shown"},"question_order":[0,1],"trial_type":"survey-multi-choice","trial_index":215,"time_elapsed":911933,"subject_id":"78831"}]