[{"rt":26148,"url":"consent.html","trial_type":"external-html","trial_index":0,"time_elapsed":26170,"subject_id":"78251"},{"view_history":[{"page_index":0,"viewing_time":9512}],"rt":9512,"trial_type":"instructions","trial_index":1,"time_elapsed":35685,"subject_id":"78251"},{"rt":10885,"stimulus":0,"slider_start":100,"sprites":"animalCrackers","response":55,"absDeviation":5,"callibration":"callibration","block":-1,"seed":0,"numerosity":50,"matchType":"callibration","which":"first","trial_type":"numerosity-estimation","trial_index":2,"time_elapsed":46581,"subject_id":"78251"},{"rt":5500,"stimulus":1,"slider_start":100,"sprites":"letters","response":65,"absDeviation":1,"callibration":"callibration","block":-1,"seed":1,"numerosity":64,"matchType":"callibration","which":"first","trial_type":"numerosity-estimation","trial_index":3,"time_elapsed":52087,"subject_id":"78251"},{"rt":5056,"stimulus":2,"slider_start":100,"sprites":"butterflies","response":77,"absDeviation":1,"callibration":"callibration","block":-1,"seed":2,"numerosity":78,"matchType":"callibration","which":"first","trial_type":"numerosity-estimation","trial_index":4,"time_elapsed":57148,"subject_id":"78251"},{"rt":5508,"stimulus":3,"slider_start":100,"sprites":"hearts","response":80,"absDeviation":12,"callibration":"callibration","block":-1,"seed":3,"numerosity":92,"matchType":"callibration","which":"first","trial_type":"numerosity-estimation","trial_index":5,"time_elapsed":62661,"subject_id":"78251"},{"rt":6257,"stimulus":4,"slider_start":100,"sprites":"crackers","response":86,"absDeviation":21,"callibration":"callibration","block":-1,"seed":4,"numerosity":107,"matchType":"callibration","which":"first","trial_type":"numerosity-estimation","trial_index":6,"time_elapsed":68925,"subject_id":"78251"},{"rt":3763,"stimulus":5,"slider_start":100,"sprites":"bears","response":95,"absDeviation":26,"callibration":"callibration","block":-1,"seed":5,"numerosity":121,"matchType":"callibration","which":"first","trial_type":"numerosity-estimation","trial_index":7,"time_elapsed":72693,"subject_id":"78251"},{"rt":6314,"stimulus":6,"slider_start":100,"sprites":"fruits","response":94,"absDeviation":41,"callibration":"callibration","block":-1,"seed":6,"numerosity":135,"matchType":"callibration","which":"first","trial_type":"numerosity-estimation","trial_index":8,"time_elapsed":79012,"subject_id":"78251"},{"rt":3241,"stimulus":7,"slider_start":100,"sprites":"jellyBeans","response":100,"absDeviation":50,"callibration":"callibration","block":-1,"seed":7,"numerosity":150,"matchType":"callibration","which":"first","trial_type":"numerosity-estimation","trial_index":9,"time_elapsed":82258,"subject_id":"78251"},{"view_history":[{"page_index":0,"viewing_time":8336}],"rt":8336,"trial_type":"instructions","trial_index":10,"time_elapsed":90595,"subject_id":"78251"},{"rt":8501,"stimulus":1,"slider_start":100,"sprites":"letters","response":62,"absDeviation":30,"callibration":"test","block":0,"seed":1,"numerosity":92,"matchType":"paired","which":"first","trial_type":"numerosity-estimation","trial_index":11,"time_elapsed":99099,"subject_id":"78251"},{"rt":4052,"stimulus":1,"slider_start":100,"sprites":"letters","response":64,"absDeviation":28,"callibration":"test","block":0,"seed":1,"numerosity":92,"matchType":"paired","which":"second","trial_type":"numerosity-estimation","trial_index":12,"time_elapsed":103161,"subject_id":"78251"},{"rt":6904,"stimulus":3,"slider_start":100,"sprites":"hearts","response":36,"absDeviation":14,"callibration":"test","block":0,"seed":3,"numerosity":50,"matchType":"unpaired","which":"first","trial_type":"numerosity-estimation","trial_index":13,"time_elapsed":110072,"subject_id":"78251"},{"rt":4199,"stimulus":4,"slider_start":100,"sprites":"crackers","response":81,"absDeviation":26,"callibration":"test","block":0,"seed":4,"numerosity":107,"matchType":"unpaired","which":"first","trial_type":"numerosity-estimation","trial_index":14,"time_elapsed":114279,"subject_id":"78251"},{"rt":19141,"stimulus":5,"slider_start":100,"sprites":"bears","response":72,"absDeviation":22,"callibration":"test","block":0,"seed":5,"numerosity":50,"matchType":"paired","which":"first","trial_type":"numerosity-estimation","trial_index":15,"time_elapsed":133427,"subject_id":"78251"},{"rt":13569,"stimulus":5,"slider_start":100,"sprites":"bears","response":43,"absDeviation":7,"callibration":"test","block":0,"seed":5,"numerosity":50,"matchType":"paired","which":"second","trial_type":"numerosity-estimation","trial_index":16,"time_elapsed":147006,"subject_id":"78251"},{"rt":8126,"stimulus":7,"slider_start":100,"sprites":"jellyBeans","response":44,"absDeviation":6,"callibration":"test","block":0,"seed":7,"numerosity":50,"matchType":"unpaired","which":"first","trial_type":"numerosity-estimation","trial_index":17,"time_elapsed":155144,"subject_id":"78251"},{"rt":17005,"stimulus":8,"slider_start":100,"sprites":"marbles","response":83,"absDeviation":9,"callibration":"test","block":0,"seed":8,"numerosity":92,"matchType":"unpaired","which":"first","trial_type":"numerosity-estimation","trial_index":18,"time_elapsed":172153,"subject_id":"78251"},{"rt":3372,"stimulus":9,"slider_start":100,"sprites":"mints","response":90,"absDeviation":45,"callibration":"test","block":0,"seed":9,"numerosity":135,"matchType":"paired","which":"first","trial_type":"numerosity-estimation","trial_index":19,"time_elapsed":175535,"subject_id":"78251"},{"rt":4824,"stimulus":9,"slider_start":100,"sprites":"mints","response":90,"absDeviation":45,"callibration":"test","block":0,"seed":9,"numerosity":135,"matchType":"paired","which":"second","trial_type":"numerosity-estimation","trial_index":20,"time_elapsed":180364,"subject_id":"78251"},{"rt":3475,"stimulus":11,"slider_start":100,"sprites":"buttons","response":85,"absDeviation":22,"callibration":"test","block":0,"seed":11,"numerosity":107,"matchType":"unpaired","which":"first","trial_type":"numerosity-estimation","trial_index":21,"time_elapsed":183847,"subject_id":"78251"},{"rt":4263,"stimulus":12,"slider_start":100,"sprites":"animalCrackers","response":65,"absDeviation":27,"callibration":"test","block":0,"seed":12,"numerosity":92,"matchType":"unpaired","which":"first","trial_type":"numerosity-estimation","trial_index":22,"time_elapsed":188119,"subject_id":"78251"},{"rt":3072,"stimulus":13,"slider_start":100,"sprites":"letters","response":74,"absDeviation":33,"callibration":"test","block":0,"seed":13,"numerosity":107,"matchType":"paired","which":"first","trial_type":"numerosity-estimation","trial_index":23,"time_elapsed":191196,"subject_id":"78251"},{"rt":3907,"stimulus":13,"slider_start":100,"sprites":"letters","response":73,"absDeviation":34,"callibration":"test","block":0,"seed":13,"numerosity":107,"matchType":"paired","which":"second","trial_type":"numerosity-estimation","trial_index":24,"time_elapsed":195110,"subject_id":"78251"},{"rt":5098,"stimulus":15,"slider_start":100,"sprites":"hearts","response":84,"absDeviation":37,"callibration":"test","block":0,"seed":15,"numerosity":121,"matchType":"unpaired","which":"first","trial_type":"numerosity-estimation","trial_index":25,"time_elapsed":200218,"subject_id":"78251"},{"rt":6900,"stimulus":16,"slider_start":100,"sprites":"crackers","response":52,"absDeviation":12,"callibration":"test","block":0,"seed":16,"numerosity":64,"matchType":"unpaired","which":"first","trial_type":"numerosity-estimation","trial_index":26,"time_elapsed":207123,"subject_id":"78251"},{"rt":10865,"stimulus":"<p> For the last block of trials, the average deviation of your guesses from correct answers was 25.</p>\n     <p>The smaller the deviation the better.  Your deviation was <b> good</b>.</p><br>\n       <p>Press any key to continue to the next block of trials</p>","response":" ","trial_type":"html-keyboard-response","trial_index":27,"time_elapsed":217992,"subject_id":"78251"},{"rt":4724,"stimulus":17,"slider_start":100,"sprites":"bears","response":52,"absDeviation":40,"callibration":"test","block":1,"seed":17,"numerosity":92,"matchType":"paired","which":"first","trial_type":"numerosity-estimation","trial_index":28,"time_elapsed":222725,"subject_id":"78251"},{"rt":4445,"stimulus":17,"slider_start":100,"sprites":"bears","response":61,"absDeviation":31,"callibration":"test","block":1,"seed":17,"numerosity":92,"matchType":"paired","which":"second","trial_type":"numerosity-estimation","trial_index":29,"time_elapsed":227175,"subject_id":"78251"},{"rt":4064,"stimulus":19,"slider_start":100,"sprites":"jellyBeans","response":70,"absDeviation":65,"callibration":"test","block":1,"seed":19,"numerosity":135,"matchType":"unpaired","which":"first","trial_type":"numerosity-estimation","trial_index":30,"time_elapsed":231244,"subject_id":"78251"},{"rt":5006,"stimulus":20,"slider_start":100,"sprites":"marbles","response":39,"absDeviation":39,"callibration":"test","block":1,"seed":20,"numerosity":78,"matchType":"unpaired","which":"first","trial_type":"numerosity-estimation","trial_index":31,"time_elapsed":236256,"subject_id":"78251"},{"rt":4185,"stimulus":21,"slider_start":100,"sprites":"mints","response":51,"absDeviation":41,"callibration":"test","block":1,"seed":21,"numerosity":92,"matchType":"paired","which":"first","trial_type":"numerosity-estimation","trial_index":32,"time_elapsed":240447,"subject_id":"78251"},{"rt":8671,"stimulus":21,"slider_start":100,"sprites":"mints","response":54,"absDeviation":38,"callibration":"test","block":1,"seed":21,"numerosity":92,"matchType":"paired","which":"second","trial_type":"numerosity-estimation","trial_index":33,"time_elapsed":249123,"subject_id":"78251"},{"rt":5476,"stimulus":23,"slider_start":100,"sprites":"buttons","response":85,"absDeviation":65,"callibration":"test","block":1,"seed":23,"numerosity":150,"matchType":"unpaired","which":"first","trial_type":"numerosity-estimation","trial_index":34,"time_elapsed":254606,"subject_id":"78251"},{"rt":3014,"stimulus":24,"slider_start":100,"sprites":"animalCrackers","response":73,"absDeviation":34,"callibration":"test","block":1,"seed":24,"numerosity":107,"matchType":"unpaired","which":"first","trial_type":"numerosity-estimation","trial_index":35,"time_elapsed":257626,"subject_id":"78251"},{"rt":6778,"stimulus":25,"slider_start":100,"sprites":"letters","response":74,"absDeviation":33,"callibration":"test","block":1,"seed":25,"numerosity":107,"matchType":"paired","which":"first","trial_type":"numerosity-estimation","trial_index":36,"time_elapsed":264406,"subject_id":"78251"},{"rt":2611,"stimulus":25,"slider_start":100,"sprites":"letters","response":77,"absDeviation":30,"callibration":"test","block":1,"seed":25,"numerosity":107,"matchType":"paired","which":"second","trial_type":"numerosity-estimation","trial_index":37,"time_elapsed":267020,"subject_id":"78251"},{"rt":6027,"stimulus":27,"slider_start":100,"sprites":"hearts","response":83,"absDeviation":38,"callibration":"test","block":1,"seed":27,"numerosity":121,"matchType":"unpaired","which":"first","trial_type":"numerosity-estimation","trial_index":38,"time_elapsed":273053,"subject_id":"78251"},{"rt":5504,"stimulus":28,"slider_start":100,"sprites":"crackers","response":93,"absDeviation":57,"callibration":"test","block":1,"seed":28,"numerosity":150,"matchType":"unpaired","which":"first","trial_type":"numerosity-estimation","trial_index":39,"time_elapsed":278564,"subject_id":"78251"},{"rt":3741,"stimulus":29,"slider_start":100,"sprites":"bears","response":39,"absDeviation":25,"callibration":"test","block":1,"seed":29,"numerosity":64,"matchType":"paired","which":"first","trial_type":"numerosity-estimation","trial_index":40,"time_elapsed":282314,"subject_id":"78251"},{"rt":6658,"stimulus":29,"slider_start":100,"sprites":"bears","response":52,"absDeviation":12,"callibration":"test","block":1,"seed":29,"numerosity":64,"matchType":"paired","which":"second","trial_type":"numerosity-estimation","trial_index":41,"time_elapsed":288975,"subject_id":"78251"},{"rt":8771,"stimulus":31,"slider_start":100,"sprites":"jellyBeans","response":84,"absDeviation":66,"callibration":"test","block":1,"seed":31,"numerosity":150,"matchType":"unpaired","which":"first","trial_type":"numerosity-estimation","trial_index":42,"time_elapsed":297750,"subject_id":"78251"},{"rt":5617,"stimulus":32,"slider_start":100,"sprites":"marbles","response":43,"absDeviation":92,"callibration":"test","block":1,"seed":32,"numerosity":135,"matchType":"unpaired","which":"first","trial_type":"numerosity-estimation","trial_index":43,"time_elapsed":303377,"subject_id":"78251"},{"rt":1958,"stimulus":"<p> For the last block of trials, the average deviation of your guesses from correct answers was 44.</p>\n     <p>The smaller the deviation the better.  Your deviation was <b> good</b>.</p><br>\n       <p>Press any key to continue to the next block of trials</p>","response":" ","trial_type":"html-keyboard-response","trial_index":44,"time_elapsed":305337,"subject_id":"78251"},{"rt":4445,"stimulus":33,"slider_start":100,"sprites":"mints","response":64,"absDeviation":57,"callibration":"test","block":2,"seed":33,"numerosity":121,"matchType":"paired","which":"first","trial_type":"numerosity-estimation","trial_index":45,"time_elapsed":309791,"subject_id":"78251"},{"rt":6777,"stimulus":33,"slider_start":100,"sprites":"mints","response":50,"absDeviation":71,"callibration":"test","block":2,"seed":33,"numerosity":121,"matchType":"paired","which":"second","trial_type":"numerosity-estimation","trial_index":46,"time_elapsed":316572,"subject_id":"78251"},{"rt":6918,"stimulus":35,"slider_start":100,"sprites":"buttons","response":45,"absDeviation":33,"callibration":"test","block":2,"seed":35,"numerosity":78,"matchType":"unpaired","which":"first","trial_type":"numerosity-estimation","trial_index":47,"time_elapsed":323501,"subject_id":"78251"},{"rt":5590,"stimulus":36,"slider_start":100,"sprites":"animalCrackers","response":31,"absDeviation":19,"callibration":"test","block":2,"seed":36,"numerosity":50,"matchType":"unpaired","which":"first","trial_type":"numerosity-estimation","trial_index":48,"time_elapsed":329096,"subject_id":"78251"},{"rt":4020,"stimulus":37,"slider_start":100,"sprites":"letters","response":75,"absDeviation":60,"callibration":"test","block":2,"seed":37,"numerosity":135,"matchType":"paired","which":"first","trial_type":"numerosity-estimation","trial_index":49,"time_elapsed":333124,"subject_id":"78251"},{"rt":4140,"stimulus":37,"slider_start":100,"sprites":"letters","response":86,"absDeviation":49,"callibration":"test","block":2,"seed":37,"numerosity":135,"matchType":"paired","which":"second","trial_type":"numerosity-estimation","trial_index":50,"time_elapsed":337272,"subject_id":"78251"},{"rt":4827,"stimulus":39,"slider_start":100,"sprites":"hearts","response":47,"absDeviation":31,"callibration":"test","block":2,"seed":39,"numerosity":78,"matchType":"unpaired","which":"first","trial_type":"numerosity-estimation","trial_index":51,"time_elapsed":342104,"subject_id":"78251"},{"rt":4267,"stimulus":40,"slider_start":100,"sprites":"crackers","response":85,"absDeviation":36,"callibration":"test","block":2,"seed":40,"numerosity":121,"matchType":"unpaired","which":"first","trial_type":"numerosity-estimation","trial_index":52,"time_elapsed":346377,"subject_id":"78251"},{"rt":3753,"stimulus":41,"slider_start":100,"sprites":"bears","response":30,"absDeviation":20,"callibration":"test","block":2,"seed":41,"numerosity":50,"matchType":"paired","which":"first","trial_type":"numerosity-estimation","trial_index":53,"time_elapsed":350137,"subject_id":"78251"},{"rt":4996,"stimulus":41,"slider_start":100,"sprites":"bears","response":29,"absDeviation":21,"callibration":"test","block":2,"seed":41,"numerosity":50,"matchType":"paired","which":"second","trial_type":"numerosity-estimation","trial_index":54,"time_elapsed":355141,"subject_id":"78251"},{"rt":4355,"stimulus":43,"slider_start":100,"sprites":"jellyBeans","response":27,"absDeviation":37,"callibration":"test","block":2,"seed":43,"numerosity":64,"matchType":"unpaired","which":"first","trial_type":"numerosity-estimation","trial_index":55,"time_elapsed":359504,"subject_id":"78251"},{"rt":4240,"stimulus":44,"slider_start":100,"sprites":"marbles","response":53,"absDeviation":68,"callibration":"test","block":2,"seed":44,"numerosity":121,"matchType":"unpaired","which":"first","trial_type":"numerosity-estimation","trial_index":56,"time_elapsed":363751,"subject_id":"78251"},{"rt":3232,"stimulus":45,"slider_start":100,"sprites":"mints","response":67,"absDeviation":54,"callibration":"test","block":2,"seed":45,"numerosity":121,"matchType":"paired","which":"first","trial_type":"numerosity-estimation","trial_index":57,"time_elapsed":367005,"subject_id":"78251"},{"rt":4462,"stimulus":45,"slider_start":100,"sprites":"mints","response":62,"absDeviation":59,"callibration":"test","block":2,"seed":45,"numerosity":121,"matchType":"paired","which":"second","trial_type":"numerosity-estimation","trial_index":58,"time_elapsed":371471,"subject_id":"78251"},{"rt":6775,"stimulus":47,"slider_start":100,"sprites":"buttons","response":74,"absDeviation":47,"callibration":"test","block":2,"seed":47,"numerosity":121,"matchType":"unpaired","which":"first","trial_type":"numerosity-estimation","trial_index":59,"time_elapsed":378252,"subject_id":"78251"},{"rt":8301,"stimulus":48,"slider_start":100,"sprites":"animalCrackers","response":77,"absDeviation":58,"callibration":"test","block":2,"seed":48,"numerosity":135,"matchType":"unpaired","which":"first","trial_type":"numerosity-estimation","trial_index":60,"time_elapsed":386560,"subject_id":"78251"},{"rt":6225,"stimulus":"<p> For the last block of trials, the average deviation of your guesses from correct answers was 45.</p>\n     <p>The smaller the deviation the better.  Your deviation was <b> good</b>.</p><br>\n       <p>Press any key to continue to the next block of trials</p>","response":" ","trial_type":"html-keyboard-response","trial_index":61,"time_elapsed":392789,"subject_id":"78251"},{"rt":2963,"stimulus":49,"slider_start":100,"sprites":"letters","response":33,"absDeviation":45,"callibration":"test","block":3,"seed":49,"numerosity":78,"matchType":"paired","which":"first","trial_type":"numerosity-estimation","trial_index":62,"time_elapsed":395760,"subject_id":"78251"},{"rt":2518,"stimulus":49,"slider_start":100,"sprites":"letters","response":44,"absDeviation":34,"callibration":"test","block":3,"seed":49,"numerosity":78,"matchType":"paired","which":"second","trial_type":"numerosity-estimation","trial_index":63,"time_elapsed":398286,"subject_id":"78251"},{"rt":4727,"stimulus":51,"slider_start":100,"sprites":"hearts","response":78,"absDeviation":72,"callibration":"test","block":3,"seed":51,"numerosity":150,"matchType":"unpaired","which":"first","trial_type":"numerosity-estimation","trial_index":64,"time_elapsed":403020,"subject_id":"78251"},{"rt":2570,"stimulus":52,"slider_start":100,"sprites":"crackers","response":57,"absDeviation":21,"callibration":"test","block":3,"seed":52,"numerosity":78,"matchType":"unpaired","which":"first","trial_type":"numerosity-estimation","trial_index":65,"time_elapsed":405602,"subject_id":"78251"},{"rt":2568,"stimulus":53,"slider_start":100,"sprites":"bears","response":33,"absDeviation":17,"callibration":"test","block":3,"seed":53,"numerosity":50,"matchType":"paired","which":"first","trial_type":"numerosity-estimation","trial_index":66,"time_elapsed":408175,"subject_id":"78251"},{"rt":4226,"stimulus":53,"slider_start":100,"sprites":"bears","response":35,"absDeviation":15,"callibration":"test","block":3,"seed":53,"numerosity":50,"matchType":"paired","which":"second","trial_type":"numerosity-estimation","trial_index":67,"time_elapsed":412408,"subject_id":"78251"},{"rt":4109,"stimulus":55,"slider_start":100,"sprites":"jellyBeans","response":34,"absDeviation":87,"callibration":"test","block":3,"seed":55,"numerosity":121,"matchType":"unpaired","which":"first","trial_type":"numerosity-estimation","trial_index":68,"time_elapsed":416525,"subject_id":"78251"},{"rt":10364,"stimulus":56,"slider_start":100,"sprites":"marbles","response":36,"absDeviation":28,"callibration":"test","block":3,"seed":56,"numerosity":64,"matchType":"unpaired","which":"first","trial_type":"numerosity-estimation","trial_index":69,"time_elapsed":426896,"subject_id":"78251"},{"rt":3616,"stimulus":57,"slider_start":100,"sprites":"mints","response":34,"absDeviation":30,"callibration":"test","block":3,"seed":57,"numerosity":64,"matchType":"paired","which":"first","trial_type":"numerosity-estimation","trial_index":70,"time_elapsed":430519,"subject_id":"78251"},{"rt":3634,"stimulus":57,"slider_start":100,"sprites":"mints","response":43,"absDeviation":21,"callibration":"test","block":3,"seed":57,"numerosity":64,"matchType":"paired","which":"second","trial_type":"numerosity-estimation","trial_index":71,"time_elapsed":434158,"subject_id":"78251"},{"rt":2308,"stimulus":59,"slider_start":100,"sprites":"buttons","response":59,"absDeviation":76,"callibration":"test","block":3,"seed":59,"numerosity":135,"matchType":"unpaired","which":"first","trial_type":"numerosity-estimation","trial_index":72,"time_elapsed":436473,"subject_id":"78251"},{"rt":7655,"stimulus":60,"slider_start":100,"sprites":"animalCrackers","response":72,"absDeviation":78,"callibration":"test","block":3,"seed":60,"numerosity":150,"matchType":"unpaired","which":"first","trial_type":"numerosity-estimation","trial_index":73,"time_elapsed":444136,"subject_id":"78251"},{"rt":7649,"stimulus":61,"slider_start":100,"sprites":"letters","response":30,"absDeviation":20,"callibration":"test","block":3,"seed":61,"numerosity":50,"matchType":"paired","which":"first","trial_type":"numerosity-estimation","trial_index":74,"time_elapsed":451795,"subject_id":"78251"},{"rt":9468,"stimulus":61,"slider_start":100,"sprites":"letters","response":30,"absDeviation":20,"callibration":"test","block":3,"seed":61,"numerosity":50,"matchType":"paired","which":"second","trial_type":"numerosity-estimation","trial_index":75,"time_elapsed":461267,"subject_id":"78251"},{"rt":8752,"stimulus":63,"slider_start":100,"sprites":"hearts","response":34,"absDeviation":30,"callibration":"test","block":3,"seed":63,"numerosity":64,"matchType":"unpaired","which":"first","trial_type":"numerosity-estimation","trial_index":76,"time_elapsed":470024,"subject_id":"78251"},{"rt":4355,"stimulus":64,"slider_start":100,"sprites":"crackers","response":75,"absDeviation":60,"callibration":"test","block":3,"seed":64,"numerosity":135,"matchType":"unpaired","which":"first","trial_type":"numerosity-estimation","trial_index":77,"time_elapsed":474386,"subject_id":"78251"},{"rt":1681,"stimulus":"<p> For the last block of trials, the average deviation of your guesses from correct answers was 41.</p>\n     <p>The smaller the deviation the better.  Your deviation was <b> good</b>.</p><br>\n       <p>Press any key to continue to the next block of trials</p>","response":" ","trial_type":"html-keyboard-response","trial_index":78,"time_elapsed":476068,"subject_id":"78251"},{"rt":4377,"stimulus":65,"slider_start":100,"sprites":"bears","response":46,"absDeviation":61,"callibration":"test","block":4,"seed":65,"numerosity":107,"matchType":"paired","which":"first","trial_type":"numerosity-estimation","trial_index":79,"time_elapsed":480453,"subject_id":"78251"},{"rt":3680,"stimulus":65,"slider_start":100,"sprites":"bears","response":46,"absDeviation":61,"callibration":"test","block":4,"seed":65,"numerosity":107,"matchType":"paired","which":"second","trial_type":"numerosity-estimation","trial_index":80,"time_elapsed":484136,"subject_id":"78251"},{"rt":4081,"stimulus":67,"slider_start":100,"sprites":"jellyBeans","response":38,"absDeviation":69,"callibration":"test","block":4,"seed":67,"numerosity":107,"matchType":"unpaired","which":"first","trial_type":"numerosity-estimation","trial_index":81,"time_elapsed":488222,"subject_id":"78251"},{"rt":3809,"stimulus":68,"slider_start":100,"sprites":"marbles","response":35,"absDeviation":115,"callibration":"test","block":4,"seed":68,"numerosity":150,"matchType":"unpaired","which":"first","trial_type":"numerosity-estimation","trial_index":82,"time_elapsed":492034,"subject_id":"78251"},{"rt":3267,"stimulus":69,"slider_start":100,"sprites":"mints","response":75,"absDeviation":46,"callibration":"test","block":4,"seed":69,"numerosity":121,"matchType":"paired","which":"first","trial_type":"numerosity-estimation","trial_index":83,"time_elapsed":495306,"subject_id":"78251"},{"rt":5816,"stimulus":69,"slider_start":100,"sprites":"mints","response":62,"absDeviation":59,"callibration":"test","block":4,"seed":69,"numerosity":121,"matchType":"paired","which":"second","trial_type":"numerosity-estimation","trial_index":84,"time_elapsed":501128,"subject_id":"78251"},{"rt":4951,"stimulus":71,"slider_start":100,"sprites":"buttons","response":68,"absDeviation":39,"callibration":"test","block":4,"seed":71,"numerosity":107,"matchType":"unpaired","which":"first","trial_type":"numerosity-estimation","trial_index":85,"time_elapsed":506085,"subject_id":"78251"},{"rt":4911,"stimulus":72,"slider_start":100,"sprites":"animalCrackers","response":28,"absDeviation":22,"callibration":"test","block":4,"seed":72,"numerosity":50,"matchType":"unpaired","which":"first","trial_type":"numerosity-estimation","trial_index":86,"time_elapsed":511005,"subject_id":"78251"},{"rt":4899,"stimulus":73,"slider_start":100,"sprites":"letters","response":36,"absDeviation":42,"callibration":"test","block":4,"seed":73,"numerosity":78,"matchType":"paired","which":"first","trial_type":"numerosity-estimation","trial_index":87,"time_elapsed":515909,"subject_id":"78251"},{"rt":3374,"stimulus":73,"slider_start":100,"sprites":"letters","response":31,"absDeviation":47,"callibration":"test","block":4,"seed":73,"numerosity":78,"matchType":"paired","which":"second","trial_type":"numerosity-estimation","trial_index":88,"time_elapsed":519290,"subject_id":"78251"},{"rt":5254,"stimulus":75,"slider_start":100,"sprites":"hearts","response":44,"absDeviation":48,"callibration":"test","block":4,"seed":75,"numerosity":92,"matchType":"unpaired","which":"first","trial_type":"numerosity-estimation","trial_index":89,"time_elapsed":524551,"subject_id":"78251"},{"rt":5696,"stimulus":76,"slider_start":100,"sprites":"crackers","response":50,"absDeviation":14,"callibration":"test","block":4,"seed":76,"numerosity":64,"matchType":"unpaired","which":"first","trial_type":"numerosity-estimation","trial_index":90,"time_elapsed":530253,"subject_id":"78251"},{"rt":7263,"stimulus":77,"slider_start":100,"sprites":"bears","response":86,"absDeviation":49,"callibration":"test","block":4,"seed":77,"numerosity":135,"matchType":"paired","which":"first","trial_type":"numerosity-estimation","trial_index":91,"time_elapsed":537522,"subject_id":"78251"},{"rt":2833,"stimulus":77,"slider_start":100,"sprites":"bears","response":77,"absDeviation":58,"callibration":"test","block":4,"seed":77,"numerosity":135,"matchType":"paired","which":"second","trial_type":"numerosity-estimation","trial_index":92,"time_elapsed":540365,"subject_id":"78251"},{"rt":3053,"stimulus":79,"slider_start":100,"sprites":"jellyBeans","response":37,"absDeviation":13,"callibration":"test","block":4,"seed":79,"numerosity":50,"matchType":"unpaired","which":"first","trial_type":"numerosity-estimation","trial_index":93,"time_elapsed":543426,"subject_id":"78251"},{"rt":6289,"stimulus":80,"slider_start":100,"sprites":"marbles","response":52,"absDeviation":69,"callibration":"test","block":4,"seed":80,"numerosity":121,"matchType":"unpaired","which":"first","trial_type":"numerosity-estimation","trial_index":94,"time_elapsed":549719,"subject_id":"78251"},{"rt":9774,"stimulus":"<p> For the last block of trials, the average deviation of your guesses from correct answers was 51.</p>\n     <p>The smaller the deviation the better.  Your deviation was <b> OK</b>.</p><br>\n       <p>Press any key to continue to the next block of trials</p>","response":" ","trial_type":"html-keyboard-response","trial_index":95,"time_elapsed":559496,"subject_id":"78251"},{"rt":3908,"stimulus":81,"slider_start":100,"sprites":"mints","response":78,"absDeviation":43,"callibration":"test","block":5,"seed":81,"numerosity":121,"matchType":"paired","which":"first","trial_type":"numerosity-estimation","trial_index":96,"time_elapsed":563414,"subject_id":"78251"},{"rt":2683,"stimulus":81,"slider_start":100,"sprites":"mints","response":83,"absDeviation":38,"callibration":"test","block":5,"seed":81,"numerosity":121,"matchType":"paired","which":"second","trial_type":"numerosity-estimation","trial_index":97,"time_elapsed":566101,"subject_id":"78251"},{"rt":9202,"stimulus":83,"slider_start":100,"sprites":"buttons","response":65,"absDeviation":56,"callibration":"test","block":5,"seed":83,"numerosity":121,"matchType":"unpaired","which":"first","trial_type":"numerosity-estimation","trial_index":98,"time_elapsed":575310,"subject_id":"78251"},{"rt":5740,"stimulus":84,"slider_start":100,"sprites":"animalCrackers","response":35,"absDeviation":15,"callibration":"test","block":5,"seed":84,"numerosity":50,"matchType":"unpaired","which":"first","trial_type":"numerosity-estimation","trial_index":99,"time_elapsed":581058,"subject_id":"78251"},{"rt":5704,"stimulus":85,"slider_start":100,"sprites":"letters","response":35,"absDeviation":29,"callibration":"test","block":5,"seed":85,"numerosity":64,"matchType":"paired","which":"first","trial_type":"numerosity-estimation","trial_index":100,"time_elapsed":586768,"subject_id":"78251"},{"rt":5619,"stimulus":85,"slider_start":100,"sprites":"letters","response":41,"absDeviation":23,"callibration":"test","block":5,"seed":85,"numerosity":64,"matchType":"paired","which":"second","trial_type":"numerosity-estimation","trial_index":101,"time_elapsed":592394,"subject_id":"78251"},{"rt":5230,"stimulus":87,"slider_start":100,"sprites":"hearts","response":46,"absDeviation":4,"callibration":"test","block":5,"seed":87,"numerosity":50,"matchType":"unpaired","which":"first","trial_type":"numerosity-estimation","trial_index":102,"time_elapsed":597632,"subject_id":"78251"},{"rt":4125,"stimulus":88,"slider_start":100,"sprites":"crackers","response":73,"absDeviation":62,"callibration":"test","block":5,"seed":88,"numerosity":135,"matchType":"unpaired","which":"first","trial_type":"numerosity-estimation","trial_index":103,"time_elapsed":601764,"subject_id":"78251"},{"rt":3366,"stimulus":89,"slider_start":100,"sprites":"bears","response":38,"absDeviation":12,"callibration":"test","block":5,"seed":89,"numerosity":50,"matchType":"paired","which":"first","trial_type":"numerosity-estimation","trial_index":104,"time_elapsed":605135,"subject_id":"78251"},{"rt":3388,"stimulus":89,"slider_start":100,"sprites":"bears","response":34,"absDeviation":16,"callibration":"test","block":5,"seed":89,"numerosity":50,"matchType":"paired","which":"second","trial_type":"numerosity-estimation","trial_index":105,"time_elapsed":608530,"subject_id":"78251"},{"rt":4401,"stimulus":91,"slider_start":100,"sprites":"jellyBeans","response":35,"absDeviation":57,"callibration":"test","block":5,"seed":91,"numerosity":92,"matchType":"unpaired","which":"first","trial_type":"numerosity-estimation","trial_index":106,"time_elapsed":612940,"subject_id":"78251"},{"rt":3144,"stimulus":92,"slider_start":100,"sprites":"marbles","response":44,"absDeviation":77,"callibration":"test","block":5,"seed":92,"numerosity":121,"matchType":"unpaired","which":"first","trial_type":"numerosity-estimation","trial_index":107,"time_elapsed":616091,"subject_id":"78251"},{"rt":6837,"stimulus":93,"slider_start":100,"sprites":"mints","response":51,"absDeviation":27,"callibration":"test","block":5,"seed":93,"numerosity":78,"matchType":"paired","which":"first","trial_type":"numerosity-estimation","trial_index":108,"time_elapsed":622936,"subject_id":"78251"},{"rt":4364,"stimulus":93,"slider_start":100,"sprites":"mints","response":61,"absDeviation":17,"callibration":"test","block":5,"seed":93,"numerosity":78,"matchType":"paired","which":"second","trial_type":"numerosity-estimation","trial_index":109,"time_elapsed":627304,"subject_id":"78251"},{"rt":3358,"stimulus":95,"slider_start":100,"sprites":"buttons","response":44,"absDeviation":20,"callibration":"test","block":5,"seed":95,"numerosity":64,"matchType":"unpaired","which":"first","trial_type":"numerosity-estimation","trial_index":110,"time_elapsed":630668,"subject_id":"78251"},{"rt":2663,"stimulus":96,"slider_start":100,"sprites":"animalCrackers","response":66,"absDeviation":26,"callibration":"test","block":5,"seed":96,"numerosity":92,"matchType":"unpaired","which":"first","trial_type":"numerosity-estimation","trial_index":111,"time_elapsed":633338,"subject_id":"78251"},{"rt":3278,"stimulus":"<p> For the last block of trials, the average deviation of your guesses from correct answers was 33.</p>\n     <p>The smaller the deviation the better.  Your deviation was <b> good</b>.</p><br>\n       <p>Press any key to continue to the next block of trials</p>","response":" ","trial_type":"html-keyboard-response","trial_index":112,"time_elapsed":636618,"subject_id":"78251"},{"rt":4701,"stimulus":2,"slider_start":100,"sprites":"butterflies","response":62,"absDeviation":73,"callibration":"test","block":6,"seed":2,"numerosity":135,"matchType":"paired","which":"first","trial_type":"numerosity-estimation","trial_index":113,"time_elapsed":641330,"subject_id":"78251"},{"rt":6639,"stimulus":2,"slider_start":100,"sprites":"butterflies","response":68,"absDeviation":67,"callibration":"test","block":6,"seed":2,"numerosity":135,"matchType":"paired","which":"second","trial_type":"numerosity-estimation","trial_index":114,"time_elapsed":647976,"subject_id":"78251"},{"rt":6224,"stimulus":3,"slider_start":100,"sprites":"hearts","response":34,"absDeviation":16,"callibration":"test","block":6,"seed":3,"numerosity":50,"matchType":"unpaired","which":"second","trial_type":"numerosity-estimation","trial_index":115,"time_elapsed":654208,"subject_id":"78251"},{"rt":3399,"stimulus":4,"slider_start":100,"sprites":"crackers","response":49,"absDeviation":58,"callibration":"test","block":6,"seed":4,"numerosity":107,"matchType":"unpaired","which":"second","trial_type":"numerosity-estimation","trial_index":116,"time_elapsed":657611,"subject_id":"78251"},{"rt":3039,"stimulus":6,"slider_start":100,"sprites":"fruits","response":43,"absDeviation":35,"callibration":"test","block":6,"seed":6,"numerosity":78,"matchType":"paired","which":"first","trial_type":"numerosity-estimation","trial_index":117,"time_elapsed":660656,"subject_id":"78251"},{"rt":3925,"stimulus":6,"slider_start":100,"sprites":"fruits","response":48,"absDeviation":30,"callibration":"test","block":6,"seed":6,"numerosity":78,"matchType":"paired","which":"second","trial_type":"numerosity-estimation","trial_index":118,"time_elapsed":664588,"subject_id":"78251"},{"rt":5645,"stimulus":7,"slider_start":100,"sprites":"jellyBeans","response":36,"absDeviation":14,"callibration":"test","block":6,"seed":7,"numerosity":50,"matchType":"unpaired","which":"second","trial_type":"numerosity-estimation","trial_index":119,"time_elapsed":670239,"subject_id":"78251"},{"rt":5354,"stimulus":8,"slider_start":100,"sprites":"marbles","response":51,"absDeviation":41,"callibration":"test","block":6,"seed":8,"numerosity":92,"matchType":"unpaired","which":"second","trial_type":"numerosity-estimation","trial_index":120,"time_elapsed":675597,"subject_id":"78251"},{"rt":5082,"stimulus":10,"slider_start":100,"sprites":"rocks","response":44,"absDeviation":6,"callibration":"test","block":6,"seed":10,"numerosity":50,"matchType":"paired","which":"first","trial_type":"numerosity-estimation","trial_index":121,"time_elapsed":680689,"subject_id":"78251"},{"rt":6660,"stimulus":10,"slider_start":100,"sprites":"rocks","response":38,"absDeviation":12,"callibration":"test","block":6,"seed":10,"numerosity":50,"matchType":"paired","which":"second","trial_type":"numerosity-estimation","trial_index":122,"time_elapsed":687356,"subject_id":"78251"},{"rt":5862,"stimulus":11,"slider_start":100,"sprites":"buttons","response":52,"absDeviation":55,"callibration":"test","block":6,"seed":11,"numerosity":107,"matchType":"unpaired","which":"second","trial_type":"numerosity-estimation","trial_index":123,"time_elapsed":693226,"subject_id":"78251"},{"rt":5547,"stimulus":12,"slider_start":100,"sprites":"animalCrackers","response":56,"absDeviation":36,"callibration":"test","block":6,"seed":12,"numerosity":92,"matchType":"unpaired","which":"second","trial_type":"numerosity-estimation","trial_index":124,"time_elapsed":698780,"subject_id":"78251"},{"rt":4161,"stimulus":14,"slider_start":100,"sprites":"butterflies","response":69,"absDeviation":81,"callibration":"test","block":6,"seed":14,"numerosity":150,"matchType":"paired","which":"first","trial_type":"numerosity-estimation","trial_index":125,"time_elapsed":702946,"subject_id":"78251"},{"rt":3618,"stimulus":14,"slider_start":100,"sprites":"butterflies","response":75,"absDeviation":75,"callibration":"test","block":6,"seed":14,"numerosity":150,"matchType":"paired","which":"second","trial_type":"numerosity-estimation","trial_index":126,"time_elapsed":706569,"subject_id":"78251"},{"rt":5030,"stimulus":15,"slider_start":100,"sprites":"hearts","response":76,"absDeviation":45,"callibration":"test","block":6,"seed":15,"numerosity":121,"matchType":"unpaired","which":"second","trial_type":"numerosity-estimation","trial_index":127,"time_elapsed":711604,"subject_id":"78251"},{"rt":5624,"stimulus":16,"slider_start":100,"sprites":"crackers","response":48,"absDeviation":16,"callibration":"test","block":6,"seed":16,"numerosity":64,"matchType":"unpaired","which":"second","trial_type":"numerosity-estimation","trial_index":128,"time_elapsed":717234,"subject_id":"78251"},{"rt":4924,"stimulus":"<p> For the last block of trials, the average deviation of your guesses from correct answers was 41.</p>\n     <p>The smaller the deviation the better.  Your deviation was <b> good</b>.</p><br>\n       <p>Press any key to continue to the next block of trials</p>","response":" ","trial_type":"html-keyboard-response","trial_index":129,"time_elapsed":722161,"subject_id":"78251"},{"rt":3826,"stimulus":18,"slider_start":100,"sprites":"fruits","response":61,"absDeviation":46,"callibration":"test","block":7,"seed":18,"numerosity":107,"matchType":"paired","which":"first","trial_type":"numerosity-estimation","trial_index":130,"time_elapsed":725997,"subject_id":"78251"},{"rt":3024,"stimulus":18,"slider_start":100,"sprites":"fruits","response":65,"absDeviation":42,"callibration":"test","block":7,"seed":18,"numerosity":107,"matchType":"paired","which":"second","trial_type":"numerosity-estimation","trial_index":131,"time_elapsed":729027,"subject_id":"78251"},{"rt":3068,"stimulus":19,"slider_start":100,"sprites":"jellyBeans","response":86,"absDeviation":49,"callibration":"test","block":7,"seed":19,"numerosity":135,"matchType":"unpaired","which":"second","trial_type":"numerosity-estimation","trial_index":132,"time_elapsed":732106,"subject_id":"78251"},{"rt":2954,"stimulus":20,"slider_start":100,"sprites":"marbles","response":42,"absDeviation":36,"callibration":"test","block":7,"seed":20,"numerosity":78,"matchType":"unpaired","which":"second","trial_type":"numerosity-estimation","trial_index":133,"time_elapsed":735068,"subject_id":"78251"},{"rt":2886,"stimulus":22,"slider_start":100,"sprites":"rocks","response":49,"absDeviation":43,"callibration":"test","block":7,"seed":22,"numerosity":92,"matchType":"paired","which":"first","trial_type":"numerosity-estimation","trial_index":134,"time_elapsed":737959,"subject_id":"78251"},{"rt":3308,"stimulus":22,"slider_start":100,"sprites":"rocks","response":62,"absDeviation":30,"callibration":"test","block":7,"seed":22,"numerosity":92,"matchType":"paired","which":"second","trial_type":"numerosity-estimation","trial_index":135,"time_elapsed":741272,"subject_id":"78251"},{"rt":2618,"stimulus":23,"slider_start":100,"sprites":"buttons","response":84,"absDeviation":66,"callibration":"test","block":7,"seed":23,"numerosity":150,"matchType":"unpaired","which":"second","trial_type":"numerosity-estimation","trial_index":136,"time_elapsed":743897,"subject_id":"78251"},{"rt":6098,"stimulus":24,"slider_start":100,"sprites":"animalCrackers","response":68,"absDeviation":39,"callibration":"test","block":7,"seed":24,"numerosity":107,"matchType":"unpaired","which":"second","trial_type":"numerosity-estimation","trial_index":137,"time_elapsed":750001,"subject_id":"78251"},{"rt":2869,"stimulus":26,"slider_start":100,"sprites":"butterflies","response":58,"absDeviation":34,"callibration":"test","block":7,"seed":26,"numerosity":92,"matchType":"paired","which":"first","trial_type":"numerosity-estimation","trial_index":138,"time_elapsed":752875,"subject_id":"78251"},{"rt":3343,"stimulus":26,"slider_start":100,"sprites":"butterflies","response":67,"absDeviation":25,"callibration":"test","block":7,"seed":26,"numerosity":92,"matchType":"paired","which":"second","trial_type":"numerosity-estimation","trial_index":139,"time_elapsed":756222,"subject_id":"78251"},{"rt":2909,"stimulus":27,"slider_start":100,"sprites":"hearts","response":83,"absDeviation":38,"callibration":"test","block":7,"seed":27,"numerosity":121,"matchType":"unpaired","which":"second","trial_type":"numerosity-estimation","trial_index":140,"time_elapsed":759138,"subject_id":"78251"},{"rt":3330,"stimulus":28,"slider_start":100,"sprites":"crackers","response":86,"absDeviation":64,"callibration":"test","block":7,"seed":28,"numerosity":150,"matchType":"unpaired","which":"second","trial_type":"numerosity-estimation","trial_index":141,"time_elapsed":762473,"subject_id":"78251"},{"rt":2885,"stimulus":30,"slider_start":100,"sprites":"fruits","response":77,"absDeviation":30,"callibration":"test","block":7,"seed":30,"numerosity":107,"matchType":"paired","which":"first","trial_type":"numerosity-estimation","trial_index":142,"time_elapsed":765365,"subject_id":"78251"},{"rt":2738,"stimulus":30,"slider_start":100,"sprites":"fruits","response":74,"absDeviation":33,"callibration":"test","block":7,"seed":30,"numerosity":107,"matchType":"paired","which":"second","trial_type":"numerosity-estimation","trial_index":143,"time_elapsed":768108,"subject_id":"78251"},{"rt":2276,"stimulus":31,"slider_start":100,"sprites":"jellyBeans","response":88,"absDeviation":62,"callibration":"test","block":7,"seed":31,"numerosity":150,"matchType":"unpaired","which":"second","trial_type":"numerosity-estimation","trial_index":144,"time_elapsed":770388,"subject_id":"78251"},{"rt":4334,"stimulus":32,"slider_start":100,"sprites":"marbles","response":76,"absDeviation":59,"callibration":"test","block":7,"seed":32,"numerosity":135,"matchType":"unpaired","which":"second","trial_type":"numerosity-estimation","trial_index":145,"time_elapsed":774726,"subject_id":"78251"},{"rt":2908,"stimulus":"<p> For the last block of trials, the average deviation of your guesses from correct answers was 44.</p>\n     <p>The smaller the deviation the better.  Your deviation was <b> good</b>.</p><br>\n       <p>Press any key to continue to the next block of trials</p>","response":" ","trial_type":"html-keyboard-response","trial_index":146,"time_elapsed":777636,"subject_id":"78251"},{"rt":3954,"stimulus":34,"slider_start":100,"sprites":"rocks","response":38,"absDeviation":12,"callibration":"test","block":8,"seed":34,"numerosity":50,"matchType":"paired","which":"first","trial_type":"numerosity-estimation","trial_index":147,"time_elapsed":781598,"subject_id":"78251"},{"rt":3156,"stimulus":34,"slider_start":100,"sprites":"rocks","response":36,"absDeviation":14,"callibration":"test","block":8,"seed":34,"numerosity":50,"matchType":"paired","which":"second","trial_type":"numerosity-estimation","trial_index":148,"time_elapsed":784758,"subject_id":"78251"},{"rt":2666,"stimulus":35,"slider_start":100,"sprites":"buttons","response":36,"absDeviation":42,"callibration":"test","block":8,"seed":35,"numerosity":78,"matchType":"unpaired","which":"second","trial_type":"numerosity-estimation","trial_index":149,"time_elapsed":787431,"subject_id":"78251"},{"rt":5691,"stimulus":36,"slider_start":100,"sprites":"animalCrackers","response":33,"absDeviation":17,"callibration":"test","block":8,"seed":36,"numerosity":50,"matchType":"unpaired","which":"second","trial_type":"numerosity-estimation","trial_index":150,"time_elapsed":793132,"subject_id":"78251"},{"rt":4757,"stimulus":38,"slider_start":100,"sprites":"butterflies","response":33,"absDeviation":45,"callibration":"test","block":8,"seed":38,"numerosity":78,"matchType":"paired","which":"first","trial_type":"numerosity-estimation","trial_index":151,"time_elapsed":797897,"subject_id":"78251"},{"rt":5336,"stimulus":38,"slider_start":100,"sprites":"butterflies","response":38,"absDeviation":40,"callibration":"test","block":8,"seed":38,"numerosity":78,"matchType":"paired","which":"second","trial_type":"numerosity-estimation","trial_index":152,"time_elapsed":803240,"subject_id":"78251"},{"rt":4147,"stimulus":39,"slider_start":100,"sprites":"hearts","response":50,"absDeviation":28,"callibration":"test","block":8,"seed":39,"numerosity":78,"matchType":"unpaired","which":"second","trial_type":"numerosity-estimation","trial_index":153,"time_elapsed":807392,"subject_id":"78251"},{"rt":5963,"stimulus":40,"slider_start":100,"sprites":"crackers","response":82,"absDeviation":39,"callibration":"test","block":8,"seed":40,"numerosity":121,"matchType":"unpaired","which":"second","trial_type":"numerosity-estimation","trial_index":154,"time_elapsed":813362,"subject_id":"78251"},{"rt":11109,"stimulus":42,"slider_start":100,"sprites":"fruits","response":59,"absDeviation":19,"callibration":"test","block":8,"seed":42,"numerosity":78,"matchType":"paired","which":"first","trial_type":"numerosity-estimation","trial_index":155,"time_elapsed":824477,"subject_id":"78251"},{"rt":3680,"stimulus":42,"slider_start":100,"sprites":"fruits","response":55,"absDeviation":23,"callibration":"test","block":8,"seed":42,"numerosity":78,"matchType":"paired","which":"second","trial_type":"numerosity-estimation","trial_index":156,"time_elapsed":828172,"subject_id":"78251"},{"rt":3444,"stimulus":43,"slider_start":100,"sprites":"jellyBeans","response":45,"absDeviation":19,"callibration":"test","block":8,"seed":43,"numerosity":64,"matchType":"unpaired","which":"second","trial_type":"numerosity-estimation","trial_index":157,"time_elapsed":831624,"subject_id":"78251"},{"rt":3725,"stimulus":44,"slider_start":100,"sprites":"marbles","response":46,"absDeviation":75,"callibration":"test","block":8,"seed":44,"numerosity":121,"matchType":"unpaired","which":"second","trial_type":"numerosity-estimation","trial_index":158,"time_elapsed":835359,"subject_id":"78251"},{"rt":3462,"stimulus":46,"slider_start":100,"sprites":"rocks","response":75,"absDeviation":32,"callibration":"test","block":8,"seed":46,"numerosity":107,"matchType":"paired","which":"first","trial_type":"numerosity-estimation","trial_index":159,"time_elapsed":838829,"subject_id":"78251"},{"rt":3656,"stimulus":46,"slider_start":100,"sprites":"rocks","response":76,"absDeviation":31,"callibration":"test","block":8,"seed":46,"numerosity":107,"matchType":"paired","which":"second","trial_type":"numerosity-estimation","trial_index":160,"time_elapsed":842489,"subject_id":"78251"},{"rt":2643,"stimulus":47,"slider_start":100,"sprites":"buttons","response":85,"absDeviation":36,"callibration":"test","block":8,"seed":47,"numerosity":121,"matchType":"unpaired","which":"second","trial_type":"numerosity-estimation","trial_index":161,"time_elapsed":845137,"subject_id":"78251"},{"rt":2882,"stimulus":48,"slider_start":100,"sprites":"animalCrackers","response":93,"absDeviation":42,"callibration":"test","block":8,"seed":48,"numerosity":135,"matchType":"unpaired","which":"second","trial_type":"numerosity-estimation","trial_index":162,"time_elapsed":848026,"subject_id":"78251"},{"rt":2770,"stimulus":"<p> For the last block of trials, the average deviation of your guesses from correct answers was 32.</p>\n     <p>The smaller the deviation the better.  Your deviation was <b> good</b>.</p><br>\n       <p>Press any key to continue to the next block of trials</p>","response":" ","trial_type":"html-keyboard-response","trial_index":163,"time_elapsed":850801,"subject_id":"78251"},{"rt":2569,"stimulus":50,"slider_start":100,"sprites":"butterflies","response":51,"absDeviation":99,"callibration":"test","block":9,"seed":50,"numerosity":150,"matchType":"paired","which":"first","trial_type":"numerosity-estimation","trial_index":164,"time_elapsed":853378,"subject_id":"78251"},{"rt":2340,"stimulus":50,"slider_start":100,"sprites":"butterflies","response":57,"absDeviation":93,"callibration":"test","block":9,"seed":50,"numerosity":150,"matchType":"paired","which":"second","trial_type":"numerosity-estimation","trial_index":165,"time_elapsed":855723,"subject_id":"78251"},{"rt":3381,"stimulus":51,"slider_start":100,"sprites":"hearts","response":75,"absDeviation":75,"callibration":"test","block":9,"seed":51,"numerosity":150,"matchType":"unpaired","which":"second","trial_type":"numerosity-estimation","trial_index":166,"time_elapsed":859112,"subject_id":"78251"},{"rt":2500,"stimulus":52,"slider_start":100,"sprites":"crackers","response":52,"absDeviation":26,"callibration":"test","block":9,"seed":52,"numerosity":78,"matchType":"unpaired","which":"second","trial_type":"numerosity-estimation","trial_index":167,"time_elapsed":861621,"subject_id":"78251"},{"rt":2080,"stimulus":54,"slider_start":100,"sprites":"fruits","response":59,"absDeviation":33,"callibration":"test","block":9,"seed":54,"numerosity":92,"matchType":"paired","which":"first","trial_type":"numerosity-estimation","trial_index":168,"time_elapsed":863707,"subject_id":"78251"},{"rt":2656,"stimulus":54,"slider_start":100,"sprites":"fruits","response":74,"absDeviation":18,"callibration":"test","block":9,"seed":54,"numerosity":92,"matchType":"paired","which":"second","trial_type":"numerosity-estimation","trial_index":169,"time_elapsed":866371,"subject_id":"78251"},{"rt":3281,"stimulus":55,"slider_start":100,"sprites":"jellyBeans","response":91,"absDeviation":30,"callibration":"test","block":9,"seed":55,"numerosity":121,"matchType":"unpaired","which":"second","trial_type":"numerosity-estimation","trial_index":170,"time_elapsed":869660,"subject_id":"78251"},{"rt":3793,"stimulus":56,"slider_start":100,"sprites":"marbles","response":34,"absDeviation":30,"callibration":"test","block":9,"seed":56,"numerosity":64,"matchType":"unpaired","which":"second","trial_type":"numerosity-estimation","trial_index":171,"time_elapsed":873460,"subject_id":"78251"},{"rt":3266,"stimulus":58,"slider_start":100,"sprites":"rocks","response":49,"absDeviation":72,"callibration":"test","block":9,"seed":58,"numerosity":121,"matchType":"paired","which":"first","trial_type":"numerosity-estimation","trial_index":172,"time_elapsed":876734,"subject_id":"78251"},{"rt":3338,"stimulus":58,"slider_start":100,"sprites":"rocks","response":72,"absDeviation":49,"callibration":"test","block":9,"seed":58,"numerosity":121,"matchType":"paired","which":"second","trial_type":"numerosity-estimation","trial_index":173,"time_elapsed":880079,"subject_id":"78251"},{"rt":3202,"stimulus":59,"slider_start":100,"sprites":"buttons","response":89,"absDeviation":46,"callibration":"test","block":9,"seed":59,"numerosity":135,"matchType":"unpaired","which":"second","trial_type":"numerosity-estimation","trial_index":174,"time_elapsed":883287,"subject_id":"78251"},{"rt":5280,"stimulus":60,"slider_start":100,"sprites":"animalCrackers","response":99,"absDeviation":51,"callibration":"test","block":9,"seed":60,"numerosity":150,"matchType":"unpaired","which":"second","trial_type":"numerosity-estimation","trial_index":175,"time_elapsed":888574,"subject_id":"78251"},{"rt":2544,"stimulus":62,"slider_start":100,"sprites":"butterflies","response":87,"absDeviation":48,"callibration":"test","block":9,"seed":62,"numerosity":135,"matchType":"paired","which":"first","trial_type":"numerosity-estimation","trial_index":176,"time_elapsed":891123,"subject_id":"78251"},{"rt":3484,"stimulus":62,"slider_start":100,"sprites":"butterflies","response":90,"absDeviation":45,"callibration":"test","block":9,"seed":62,"numerosity":135,"matchType":"paired","which":"second","trial_type":"numerosity-estimation","trial_index":177,"time_elapsed":894615,"subject_id":"78251"},{"rt":3540,"stimulus":63,"slider_start":100,"sprites":"hearts","response":60,"absDeviation":4,"callibration":"test","block":9,"seed":63,"numerosity":64,"matchType":"unpaired","which":"second","trial_type":"numerosity-estimation","trial_index":178,"time_elapsed":898163,"subject_id":"78251"},{"rt":2282,"stimulus":64,"slider_start":100,"sprites":"crackers","response":88,"absDeviation":47,"callibration":"test","block":9,"seed":64,"numerosity":135,"matchType":"unpaired","which":"second","trial_type":"numerosity-estimation","trial_index":179,"time_elapsed":900453,"subject_id":"78251"},{"rt":1338,"stimulus":"<p> For the last block of trials, the average deviation of your guesses from correct answers was 48.</p>\n     <p>The smaller the deviation the better.  Your deviation was <b> good</b>.</p><br>\n       <p>Press any key to continue to the next block of trials</p>","response":" ","trial_type":"html-keyboard-response","trial_index":180,"time_elapsed":901794,"subject_id":"78251"},{"rt":2963,"stimulus":66,"slider_start":100,"sprites":"fruits","response":36,"absDeviation":28,"callibration":"test","block":10,"seed":66,"numerosity":64,"matchType":"paired","which":"first","trial_type":"numerosity-estimation","trial_index":181,"time_elapsed":904766,"subject_id":"78251"},{"rt":2536,"stimulus":66,"slider_start":100,"sprites":"fruits","response":27,"absDeviation":37,"callibration":"test","block":10,"seed":66,"numerosity":64,"matchType":"paired","which":"second","trial_type":"numerosity-estimation","trial_index":182,"time_elapsed":907307,"subject_id":"78251"},{"rt":3843,"stimulus":67,"slider_start":100,"sprites":"jellyBeans","response":61,"absDeviation":46,"callibration":"test","block":10,"seed":67,"numerosity":107,"matchType":"unpaired","which":"second","trial_type":"numerosity-estimation","trial_index":183,"time_elapsed":911157,"subject_id":"78251"},{"rt":2886,"stimulus":68,"slider_start":100,"sprites":"marbles","response":80,"absDeviation":70,"callibration":"test","block":10,"seed":68,"numerosity":150,"matchType":"unpaired","which":"second","trial_type":"numerosity-estimation","trial_index":184,"time_elapsed":914049,"subject_id":"78251"},{"rt":2228,"stimulus":70,"slider_start":100,"sprites":"rocks","response":72,"absDeviation":20,"callibration":"test","block":10,"seed":70,"numerosity":92,"matchType":"paired","which":"first","trial_type":"numerosity-estimation","trial_index":185,"time_elapsed":916289,"subject_id":"78251"},{"rt":4412,"stimulus":70,"slider_start":100,"sprites":"rocks","response":85,"absDeviation":7,"callibration":"test","block":10,"seed":70,"numerosity":92,"matchType":"paired","which":"second","trial_type":"numerosity-estimation","trial_index":186,"time_elapsed":920708,"subject_id":"78251"},{"rt":3258,"stimulus":71,"slider_start":100,"sprites":"buttons","response":81,"absDeviation":26,"callibration":"test","block":10,"seed":71,"numerosity":107,"matchType":"unpaired","which":"second","trial_type":"numerosity-estimation","trial_index":187,"time_elapsed":923972,"subject_id":"78251"},{"rt":2871,"stimulus":72,"slider_start":100,"sprites":"animalCrackers","response":30,"absDeviation":20,"callibration":"test","block":10,"seed":72,"numerosity":50,"matchType":"unpaired","which":"second","trial_type":"numerosity-estimation","trial_index":188,"time_elapsed":926853,"subject_id":"78251"},{"rt":5194,"stimulus":74,"slider_start":100,"sprites":"butterflies","response":47,"absDeviation":17,"callibration":"test","block":10,"seed":74,"numerosity":64,"matchType":"paired","which":"first","trial_type":"numerosity-estimation","trial_index":189,"time_elapsed":932051,"subject_id":"78251"},{"rt":3940,"stimulus":74,"slider_start":100,"sprites":"butterflies","response":33,"absDeviation":31,"callibration":"test","block":10,"seed":74,"numerosity":64,"matchType":"paired","which":"second","trial_type":"numerosity-estimation","trial_index":190,"time_elapsed":935999,"subject_id":"78251"},{"rt":3421,"stimulus":75,"slider_start":100,"sprites":"hearts","response":65,"absDeviation":27,"callibration":"test","block":10,"seed":75,"numerosity":92,"matchType":"unpaired","which":"second","trial_type":"numerosity-estimation","trial_index":191,"time_elapsed":939426,"subject_id":"78251"},{"rt":3840,"stimulus":76,"slider_start":100,"sprites":"crackers","response":81,"absDeviation":17,"callibration":"test","block":10,"seed":76,"numerosity":64,"matchType":"unpaired","which":"second","trial_type":"numerosity-estimation","trial_index":192,"time_elapsed":943272,"subject_id":"78251"},{"rt":3598,"stimulus":78,"slider_start":100,"sprites":"fruits","response":74,"absDeviation":10,"callibration":"test","block":10,"seed":78,"numerosity":64,"matchType":"paired","which":"first","trial_type":"numerosity-estimation","trial_index":193,"time_elapsed":946873,"subject_id":"78251"},{"rt":5718,"stimulus":78,"slider_start":100,"sprites":"fruits","response":45,"absDeviation":19,"callibration":"test","block":10,"seed":78,"numerosity":64,"matchType":"paired","which":"second","trial_type":"numerosity-estimation","trial_index":194,"time_elapsed":952598,"subject_id":"78251"},{"rt":2680,"stimulus":79,"slider_start":100,"sprites":"jellyBeans","response":39,"absDeviation":11,"callibration":"test","block":10,"seed":79,"numerosity":50,"matchType":"unpaired","which":"second","trial_type":"numerosity-estimation","trial_index":195,"time_elapsed":955286,"subject_id":"78251"},{"rt":3697,"stimulus":80,"slider_start":100,"sprites":"marbles","response":51,"absDeviation":70,"callibration":"test","block":10,"seed":80,"numerosity":121,"matchType":"unpaired","which":"second","trial_type":"numerosity-estimation","trial_index":196,"time_elapsed":958989,"subject_id":"78251"},{"rt":4890,"stimulus":"<p> For the last block of trials, the average deviation of your guesses from correct answers was 29.</p>\n     <p>The smaller the deviation the better.  Your deviation was <b> good</b>.</p><br>\n       <p>Press any key to continue to the next block of trials</p>","response":" ","trial_type":"html-keyboard-response","trial_index":197,"time_elapsed":963881,"subject_id":"78251"},{"rt":3385,"stimulus":82,"slider_start":100,"sprites":"rocks","response":50,"absDeviation":14,"callibration":"test","block":11,"seed":82,"numerosity":64,"matchType":"paired","which":"first","trial_type":"numerosity-estimation","trial_index":198,"time_elapsed":967272,"subject_id":"78251"},{"rt":3815,"stimulus":82,"slider_start":100,"sprites":"rocks","response":57,"absDeviation":7,"callibration":"test","block":11,"seed":82,"numerosity":64,"matchType":"paired","which":"second","trial_type":"numerosity-estimation","trial_index":199,"time_elapsed":971099,"subject_id":"78251"},{"rt":3718,"stimulus":83,"slider_start":100,"sprites":"buttons","response":91,"absDeviation":30,"callibration":"test","block":11,"seed":83,"numerosity":121,"matchType":"unpaired","which":"second","trial_type":"numerosity-estimation","trial_index":200,"time_elapsed":974823,"subject_id":"78251"},{"rt":2142,"stimulus":84,"slider_start":100,"sprites":"animalCrackers","response":73,"absDeviation":23,"callibration":"test","block":11,"seed":84,"numerosity":50,"matchType":"unpaired","which":"second","trial_type":"numerosity-estimation","trial_index":201,"time_elapsed":976977,"subject_id":"78251"},{"rt":2237,"stimulus":86,"slider_start":100,"sprites":"butterflies","response":81,"absDeviation":40,"callibration":"test","block":11,"seed":86,"numerosity":121,"matchType":"paired","which":"first","trial_type":"numerosity-estimation","trial_index":202,"time_elapsed":979218,"subject_id":"78251"},{"rt":2215,"stimulus":86,"slider_start":100,"sprites":"butterflies","response":66,"absDeviation":55,"callibration":"test","block":11,"seed":86,"numerosity":121,"matchType":"paired","which":"second","trial_type":"numerosity-estimation","trial_index":203,"time_elapsed":981441,"subject_id":"78251"},{"rt":3716,"stimulus":87,"slider_start":100,"sprites":"hearts","response":54,"absDeviation":4,"callibration":"test","block":11,"seed":87,"numerosity":50,"matchType":"unpaired","which":"second","trial_type":"numerosity-estimation","trial_index":204,"time_elapsed":985161,"subject_id":"78251"},{"rt":2407,"stimulus":88,"slider_start":100,"sprites":"crackers","response":80,"absDeviation":55,"callibration":"test","block":11,"seed":88,"numerosity":135,"matchType":"unpaired","which":"second","trial_type":"numerosity-estimation","trial_index":205,"time_elapsed":987572,"subject_id":"78251"},{"rt":3317,"stimulus":90,"slider_start":100,"sprites":"fruits","response":87,"absDeviation":63,"callibration":"test","block":11,"seed":90,"numerosity":150,"matchType":"paired","which":"first","trial_type":"numerosity-estimation","trial_index":206,"time_elapsed":990896,"subject_id":"78251"},{"rt":3694,"stimulus":90,"slider_start":100,"sprites":"fruits","response":95,"absDeviation":55,"callibration":"test","block":11,"seed":90,"numerosity":150,"matchType":"paired","which":"second","trial_type":"numerosity-estimation","trial_index":207,"time_elapsed":994599,"subject_id":"78251"},{"rt":2243,"stimulus":91,"slider_start":100,"sprites":"jellyBeans","response":92,"absDeviation":0,"callibration":"test","block":11,"seed":91,"numerosity":92,"matchType":"unpaired","which":"second","trial_type":"numerosity-estimation","trial_index":208,"time_elapsed":996849,"subject_id":"78251"},{"rt":2391,"stimulus":92,"slider_start":100,"sprites":"marbles","response":72,"absDeviation":49,"callibration":"test","block":11,"seed":92,"numerosity":121,"matchType":"unpaired","which":"second","trial_type":"numerosity-estimation","trial_index":209,"time_elapsed":999245,"subject_id":"78251"},{"rt":1957,"stimulus":94,"slider_start":100,"sprites":"rocks","response":52,"absDeviation":26,"callibration":"test","block":11,"seed":94,"numerosity":78,"matchType":"paired","which":"first","trial_type":"numerosity-estimation","trial_index":210,"time_elapsed":1001209,"subject_id":"78251"},{"rt":2440,"stimulus":94,"slider_start":100,"sprites":"rocks","response":55,"absDeviation":23,"callibration":"test","block":11,"seed":94,"numerosity":78,"matchType":"paired","which":"second","trial_type":"numerosity-estimation","trial_index":211,"time_elapsed":1003654,"subject_id":"78251"},{"rt":3723,"stimulus":95,"slider_start":100,"sprites":"buttons","response":80,"absDeviation":16,"callibration":"test","block":11,"seed":95,"numerosity":64,"matchType":"unpaired","which":"second","trial_type":"numerosity-estimation","trial_index":212,"time_elapsed":1007382,"subject_id":"78251"},{"rt":4753,"stimulus":96,"slider_start":100,"sprites":"animalCrackers","response":73,"absDeviation":19,"callibration":"test","block":11,"seed":96,"numerosity":92,"matchType":"unpaired","which":"second","trial_type":"numerosity-estimation","trial_index":213,"time_elapsed":1012139,"subject_id":"78251"},{"rt":1331,"stimulus":"<p> For the last block of trials, the average deviation of your guesses from correct answers was 30.</p>\n     <p>The smaller the deviation the better.  Your deviation was <b> good</b>.</p><br>\n       <p>Press any key to continue to the next block of trials</p>","response":" ","trial_type":"html-keyboard-response","trial_index":214,"time_elapsed":1013472,"subject_id":"78251"},{"rt":10431,"response":{"averageEstimates":"When the two displays occured back-to-back, in immediate succession.","firstOrSecond":"The second time the objects were shown"},"question_order":[0,1],"trial_type":"survey-multi-choice","trial_index":215,"time_elapsed":1023907,"subject_id":"78251"}]