[{"rt":24689,"url":"consent.html","trial_type":"external-html","trial_index":0,"time_elapsed":24745,"subject_id":"78052"},{"view_history":[{"page_index":0,"viewing_time":4963}],"rt":4963,"trial_type":"instructions","trial_index":1,"time_elapsed":29710,"subject_id":"78052"},{"rt":17560,"stimulus":0,"slider_start":100,"sprites":"animalCrackers","response":100,"absDeviation":50,"callibration":"callibration","block":-1,"seed":0,"numerosity":50,"matchType":"callibration","which":"first","trial_type":"numerosity-estimation","trial_index":2,"time_elapsed":47277,"subject_id":"78052"},{"rt":9263,"stimulus":1,"slider_start":100,"sprites":"letters","response":100,"absDeviation":36,"callibration":"callibration","block":-1,"seed":1,"numerosity":64,"matchType":"callibration","which":"first","trial_type":"numerosity-estimation","trial_index":3,"time_elapsed":56543,"subject_id":"78052"},{"rt":6812,"stimulus":2,"slider_start":100,"sprites":"butterflies","response":100,"absDeviation":22,"callibration":"callibration","block":-1,"seed":2,"numerosity":78,"matchType":"callibration","which":"first","trial_type":"numerosity-estimation","trial_index":4,"time_elapsed":63359,"subject_id":"78052"},{"rt":8580,"stimulus":3,"slider_start":100,"sprites":"hearts","response":100,"absDeviation":8,"callibration":"callibration","block":-1,"seed":3,"numerosity":92,"matchType":"callibration","which":"first","trial_type":"numerosity-estimation","trial_index":5,"time_elapsed":71943,"subject_id":"78052"},{"rt":4929,"stimulus":4,"slider_start":100,"sprites":"crackers","response":100,"absDeviation":7,"callibration":"callibration","block":-1,"seed":4,"numerosity":107,"matchType":"callibration","which":"first","trial_type":"numerosity-estimation","trial_index":6,"time_elapsed":76875,"subject_id":"78052"},{"rt":3797,"stimulus":5,"slider_start":100,"sprites":"bears","response":100,"absDeviation":21,"callibration":"callibration","block":-1,"seed":5,"numerosity":121,"matchType":"callibration","which":"first","trial_type":"numerosity-estimation","trial_index":7,"time_elapsed":80676,"subject_id":"78052"},{"rt":35430,"stimulus":6,"slider_start":100,"sprites":"fruits","response":135,"absDeviation":0,"callibration":"callibration","block":-1,"seed":6,"numerosity":135,"matchType":"callibration","which":"first","trial_type":"numerosity-estimation","trial_index":8,"time_elapsed":116108,"subject_id":"78052"},{"rt":8299,"stimulus":7,"slider_start":100,"sprites":"jellyBeans","response":100,"absDeviation":50,"callibration":"callibration","block":-1,"seed":7,"numerosity":150,"matchType":"callibration","which":"first","trial_type":"numerosity-estimation","trial_index":9,"time_elapsed":124411,"subject_id":"78052"},{"view_history":[{"page_index":0,"viewing_time":13929}],"rt":13930,"trial_type":"instructions","trial_index":10,"time_elapsed":138342,"subject_id":"78052"},{"rt":10679,"stimulus":1,"slider_start":100,"sprites":"letters","response":63,"absDeviation":29,"callibration":"test","block":0,"seed":1,"numerosity":92,"matchType":"paired","which":"first","trial_type":"numerosity-estimation","trial_index":11,"time_elapsed":149024,"subject_id":"78052"},{"rt":6914,"stimulus":1,"slider_start":100,"sprites":"letters","response":74,"absDeviation":18,"callibration":"test","block":0,"seed":1,"numerosity":92,"matchType":"paired","which":"second","trial_type":"numerosity-estimation","trial_index":12,"time_elapsed":155942,"subject_id":"78052"},{"rt":7730,"stimulus":3,"slider_start":100,"sprites":"hearts","response":40,"absDeviation":10,"callibration":"test","block":0,"seed":3,"numerosity":50,"matchType":"unpaired","which":"first","trial_type":"numerosity-estimation","trial_index":13,"time_elapsed":163675,"subject_id":"78052"},{"rt":32632,"stimulus":4,"slider_start":100,"sprites":"crackers","response":80,"absDeviation":27,"callibration":"test","block":0,"seed":4,"numerosity":107,"matchType":"unpaired","which":"first","trial_type":"numerosity-estimation","trial_index":14,"time_elapsed":196310,"subject_id":"78052"},{"rt":13144,"stimulus":5,"slider_start":100,"sprites":"bears","response":25,"absDeviation":25,"callibration":"test","block":0,"seed":5,"numerosity":50,"matchType":"paired","which":"first","trial_type":"numerosity-estimation","trial_index":15,"time_elapsed":209457,"subject_id":"78052"},{"rt":4830,"stimulus":5,"slider_start":100,"sprites":"bears","response":25,"absDeviation":25,"callibration":"test","block":0,"seed":5,"numerosity":50,"matchType":"paired","which":"second","trial_type":"numerosity-estimation","trial_index":16,"time_elapsed":214290,"subject_id":"78052"},{"rt":7531,"stimulus":7,"slider_start":100,"sprites":"jellyBeans","response":45,"absDeviation":5,"callibration":"test","block":0,"seed":7,"numerosity":50,"matchType":"unpaired","which":"first","trial_type":"numerosity-estimation","trial_index":17,"time_elapsed":221824,"subject_id":"78052"},{"rt":9629,"stimulus":8,"slider_start":100,"sprites":"marbles","response":100,"absDeviation":8,"callibration":"test","block":0,"seed":8,"numerosity":92,"matchType":"unpaired","which":"first","trial_type":"numerosity-estimation","trial_index":18,"time_elapsed":231456,"subject_id":"78052"},{"rt":7982,"stimulus":9,"slider_start":100,"sprites":"mints","response":115,"absDeviation":20,"callibration":"test","block":0,"seed":9,"numerosity":135,"matchType":"paired","which":"first","trial_type":"numerosity-estimation","trial_index":19,"time_elapsed":239441,"subject_id":"78052"},{"rt":8779,"stimulus":9,"slider_start":100,"sprites":"mints","response":130,"absDeviation":5,"callibration":"test","block":0,"seed":9,"numerosity":135,"matchType":"paired","which":"second","trial_type":"numerosity-estimation","trial_index":20,"time_elapsed":248223,"subject_id":"78052"},{"rt":15549,"stimulus":11,"slider_start":100,"sprites":"buttons","response":129,"absDeviation":22,"callibration":"test","block":0,"seed":11,"numerosity":107,"matchType":"unpaired","which":"first","trial_type":"numerosity-estimation","trial_index":21,"time_elapsed":263774,"subject_id":"78052"},{"rt":6645,"stimulus":12,"slider_start":100,"sprites":"animalCrackers","response":90,"absDeviation":2,"callibration":"test","block":0,"seed":12,"numerosity":92,"matchType":"unpaired","which":"first","trial_type":"numerosity-estimation","trial_index":22,"time_elapsed":270422,"subject_id":"78052"},{"rt":4664,"stimulus":13,"slider_start":100,"sprites":"letters","response":100,"absDeviation":7,"callibration":"test","block":0,"seed":13,"numerosity":107,"matchType":"paired","which":"first","trial_type":"numerosity-estimation","trial_index":23,"time_elapsed":275089,"subject_id":"78052"},{"rt":3613,"stimulus":13,"slider_start":100,"sprites":"letters","response":100,"absDeviation":7,"callibration":"test","block":0,"seed":13,"numerosity":107,"matchType":"paired","which":"second","trial_type":"numerosity-estimation","trial_index":24,"time_elapsed":278706,"subject_id":"78052"},{"rt":13697,"stimulus":15,"slider_start":100,"sprites":"hearts","response":110,"absDeviation":11,"callibration":"test","block":0,"seed":15,"numerosity":121,"matchType":"unpaired","which":"first","trial_type":"numerosity-estimation","trial_index":25,"time_elapsed":292405,"subject_id":"78052"},{"rt":11015,"stimulus":16,"slider_start":100,"sprites":"crackers","response":30,"absDeviation":34,"callibration":"test","block":0,"seed":16,"numerosity":64,"matchType":"unpaired","which":"first","trial_type":"numerosity-estimation","trial_index":26,"time_elapsed":303422,"subject_id":"78052"},{"rt":10630,"stimulus":"<p> For the last block of trials, the average deviation of your guesses from correct answers was 16.</p>\n     <p>The smaller the deviation the better.  Your deviation was <b> VERY good</b>.</p><br>\n       <p>Press any key to continue to the next block of trials</p>","response":"h","trial_type":"html-keyboard-response","trial_index":27,"time_elapsed":314057,"subject_id":"78052"},{"rt":12863,"stimulus":17,"slider_start":100,"sprites":"bears","response":50,"absDeviation":42,"callibration":"test","block":1,"seed":17,"numerosity":92,"matchType":"paired","which":"first","trial_type":"numerosity-estimation","trial_index":28,"time_elapsed":326923,"subject_id":"78052"},{"rt":6819,"stimulus":17,"slider_start":100,"sprites":"bears","response":50,"absDeviation":42,"callibration":"test","block":1,"seed":17,"numerosity":92,"matchType":"paired","which":"second","trial_type":"numerosity-estimation","trial_index":29,"time_elapsed":333745,"subject_id":"78052"},{"rt":4893,"stimulus":19,"slider_start":100,"sprites":"jellyBeans","response":100,"absDeviation":35,"callibration":"test","block":1,"seed":19,"numerosity":135,"matchType":"unpaired","which":"first","trial_type":"numerosity-estimation","trial_index":30,"time_elapsed":338639,"subject_id":"78052"},{"rt":12897,"stimulus":20,"slider_start":100,"sprites":"marbles","response":90,"absDeviation":12,"callibration":"test","block":1,"seed":20,"numerosity":78,"matchType":"unpaired","which":"first","trial_type":"numerosity-estimation","trial_index":31,"time_elapsed":351538,"subject_id":"78052"},{"rt":18581,"stimulus":21,"slider_start":100,"sprites":"mints","response":85,"absDeviation":7,"callibration":"test","block":1,"seed":21,"numerosity":92,"matchType":"paired","which":"first","trial_type":"numerosity-estimation","trial_index":32,"time_elapsed":370122,"subject_id":"78052"},{"rt":5181,"stimulus":21,"slider_start":100,"sprites":"mints","response":84,"absDeviation":8,"callibration":"test","block":1,"seed":21,"numerosity":92,"matchType":"paired","which":"second","trial_type":"numerosity-estimation","trial_index":33,"time_elapsed":375305,"subject_id":"78052"},{"rt":7849,"stimulus":23,"slider_start":100,"sprites":"buttons","response":120,"absDeviation":30,"callibration":"test","block":1,"seed":23,"numerosity":150,"matchType":"unpaired","which":"first","trial_type":"numerosity-estimation","trial_index":34,"time_elapsed":383156,"subject_id":"78052"},{"rt":8796,"stimulus":24,"slider_start":100,"sprites":"animalCrackers","response":91,"absDeviation":16,"callibration":"test","block":1,"seed":24,"numerosity":107,"matchType":"unpaired","which":"first","trial_type":"numerosity-estimation","trial_index":35,"time_elapsed":391955,"subject_id":"78052"},{"rt":6864,"stimulus":25,"slider_start":100,"sprites":"letters","response":45,"absDeviation":62,"callibration":"test","block":1,"seed":25,"numerosity":107,"matchType":"paired","which":"first","trial_type":"numerosity-estimation","trial_index":36,"time_elapsed":398821,"subject_id":"78052"},{"rt":6948,"stimulus":25,"slider_start":100,"sprites":"letters","response":45,"absDeviation":62,"callibration":"test","block":1,"seed":25,"numerosity":107,"matchType":"paired","which":"second","trial_type":"numerosity-estimation","trial_index":37,"time_elapsed":405772,"subject_id":"78052"},{"rt":5131,"stimulus":27,"slider_start":100,"sprites":"hearts","response":80,"absDeviation":41,"callibration":"test","block":1,"seed":27,"numerosity":121,"matchType":"unpaired","which":"first","trial_type":"numerosity-estimation","trial_index":38,"time_elapsed":410906,"subject_id":"78052"},{"rt":6113,"stimulus":28,"slider_start":100,"sprites":"crackers","response":130,"absDeviation":20,"callibration":"test","block":1,"seed":28,"numerosity":150,"matchType":"unpaired","which":"first","trial_type":"numerosity-estimation","trial_index":39,"time_elapsed":417021,"subject_id":"78052"},{"rt":7298,"stimulus":29,"slider_start":100,"sprites":"bears","response":30,"absDeviation":34,"callibration":"test","block":1,"seed":29,"numerosity":64,"matchType":"paired","which":"first","trial_type":"numerosity-estimation","trial_index":40,"time_elapsed":424321,"subject_id":"78052"},{"rt":5348,"stimulus":29,"slider_start":100,"sprites":"bears","response":30,"absDeviation":34,"callibration":"test","block":1,"seed":29,"numerosity":64,"matchType":"paired","which":"second","trial_type":"numerosity-estimation","trial_index":41,"time_elapsed":429672,"subject_id":"78052"},{"rt":5762,"stimulus":31,"slider_start":100,"sprites":"jellyBeans","response":75,"absDeviation":75,"callibration":"test","block":1,"seed":31,"numerosity":150,"matchType":"unpaired","which":"first","trial_type":"numerosity-estimation","trial_index":42,"time_elapsed":435437,"subject_id":"78052"},{"rt":6331,"stimulus":32,"slider_start":100,"sprites":"marbles","response":60,"absDeviation":75,"callibration":"test","block":1,"seed":32,"numerosity":135,"matchType":"unpaired","which":"first","trial_type":"numerosity-estimation","trial_index":43,"time_elapsed":441772,"subject_id":"78052"},{"rt":9494,"stimulus":"<p> For the last block of trials, the average deviation of your guesses from correct answers was 37.</p>\n     <p>The smaller the deviation the better.  Your deviation was <b> good</b>.</p><br>\n       <p>Press any key to continue to the next block of trials</p>","response":"b","trial_type":"html-keyboard-response","trial_index":44,"time_elapsed":451267,"subject_id":"78052"},{"rt":7267,"stimulus":33,"slider_start":100,"sprites":"mints","response":115,"absDeviation":6,"callibration":"test","block":2,"seed":33,"numerosity":121,"matchType":"paired","which":"first","trial_type":"numerosity-estimation","trial_index":45,"time_elapsed":458538,"subject_id":"78052"},{"rt":5712,"stimulus":33,"slider_start":100,"sprites":"mints","response":113,"absDeviation":8,"callibration":"test","block":2,"seed":33,"numerosity":121,"matchType":"paired","which":"second","trial_type":"numerosity-estimation","trial_index":46,"time_elapsed":464254,"subject_id":"78052"},{"rt":5981,"stimulus":35,"slider_start":100,"sprites":"buttons","response":35,"absDeviation":43,"callibration":"test","block":2,"seed":35,"numerosity":78,"matchType":"unpaired","which":"first","trial_type":"numerosity-estimation","trial_index":47,"time_elapsed":470238,"subject_id":"78052"},{"rt":3848,"stimulus":36,"slider_start":100,"sprites":"animalCrackers","response":25,"absDeviation":25,"callibration":"test","block":2,"seed":36,"numerosity":50,"matchType":"unpaired","which":"first","trial_type":"numerosity-estimation","trial_index":48,"time_elapsed":474088,"subject_id":"78052"},{"rt":5032,"stimulus":37,"slider_start":100,"sprites":"letters","response":101,"absDeviation":34,"callibration":"test","block":2,"seed":37,"numerosity":135,"matchType":"paired","which":"first","trial_type":"numerosity-estimation","trial_index":49,"time_elapsed":479124,"subject_id":"78052"},{"rt":2910,"stimulus":37,"slider_start":100,"sprites":"letters","response":101,"absDeviation":34,"callibration":"test","block":2,"seed":37,"numerosity":135,"matchType":"paired","which":"second","trial_type":"numerosity-estimation","trial_index":50,"time_elapsed":482037,"subject_id":"78052"},{"rt":6398,"stimulus":39,"slider_start":100,"sprites":"hearts","response":50,"absDeviation":28,"callibration":"test","block":2,"seed":39,"numerosity":78,"matchType":"unpaired","which":"first","trial_type":"numerosity-estimation","trial_index":51,"time_elapsed":488438,"subject_id":"78052"},{"rt":7163,"stimulus":40,"slider_start":100,"sprites":"crackers","response":105,"absDeviation":16,"callibration":"test","block":2,"seed":40,"numerosity":121,"matchType":"unpaired","which":"first","trial_type":"numerosity-estimation","trial_index":52,"time_elapsed":495603,"subject_id":"78052"},{"rt":4881,"stimulus":41,"slider_start":100,"sprites":"bears","response":26,"absDeviation":24,"callibration":"test","block":2,"seed":41,"numerosity":50,"matchType":"paired","which":"first","trial_type":"numerosity-estimation","trial_index":53,"time_elapsed":500488,"subject_id":"78052"},{"rt":4763,"stimulus":41,"slider_start":100,"sprites":"bears","response":26,"absDeviation":24,"callibration":"test","block":2,"seed":41,"numerosity":50,"matchType":"paired","which":"second","trial_type":"numerosity-estimation","trial_index":54,"time_elapsed":505254,"subject_id":"78052"},{"rt":5480,"stimulus":43,"slider_start":100,"sprites":"jellyBeans","response":30,"absDeviation":34,"callibration":"test","block":2,"seed":43,"numerosity":64,"matchType":"unpaired","which":"first","trial_type":"numerosity-estimation","trial_index":55,"time_elapsed":510738,"subject_id":"78052"},{"rt":8996,"stimulus":44,"slider_start":100,"sprites":"marbles","response":60,"absDeviation":61,"callibration":"test","block":2,"seed":44,"numerosity":121,"matchType":"unpaired","which":"first","trial_type":"numerosity-estimation","trial_index":56,"time_elapsed":519737,"subject_id":"78052"},{"rt":2731,"stimulus":45,"slider_start":100,"sprites":"mints","response":100,"absDeviation":21,"callibration":"test","block":2,"seed":45,"numerosity":121,"matchType":"paired","which":"first","trial_type":"numerosity-estimation","trial_index":57,"time_elapsed":522471,"subject_id":"78052"},{"rt":2880,"stimulus":45,"slider_start":100,"sprites":"mints","response":100,"absDeviation":21,"callibration":"test","block":2,"seed":45,"numerosity":121,"matchType":"paired","which":"second","trial_type":"numerosity-estimation","trial_index":58,"time_elapsed":525354,"subject_id":"78052"},{"rt":4397,"stimulus":47,"slider_start":100,"sprites":"buttons","response":105,"absDeviation":16,"callibration":"test","block":2,"seed":47,"numerosity":121,"matchType":"unpaired","which":"first","trial_type":"numerosity-estimation","trial_index":59,"time_elapsed":529753,"subject_id":"78052"},{"rt":9048,"stimulus":48,"slider_start":100,"sprites":"animalCrackers","response":115,"absDeviation":20,"callibration":"test","block":2,"seed":48,"numerosity":135,"matchType":"unpaired","which":"first","trial_type":"numerosity-estimation","trial_index":60,"time_elapsed":538804,"subject_id":"78052"},{"rt":2118,"stimulus":"<p> For the last block of trials, the average deviation of your guesses from correct answers was 26.</p>\n     <p>The smaller the deviation the better.  Your deviation was <b> good</b>.</p><br>\n       <p>Press any key to continue to the next block of trials</p>","response":"n","trial_type":"html-keyboard-response","trial_index":61,"time_elapsed":540924,"subject_id":"78052"},{"rt":8376,"stimulus":49,"slider_start":100,"sprites":"letters","response":45,"absDeviation":33,"callibration":"test","block":3,"seed":49,"numerosity":78,"matchType":"paired","which":"first","trial_type":"numerosity-estimation","trial_index":62,"time_elapsed":549303,"subject_id":"78052"},{"rt":5847,"stimulus":49,"slider_start":100,"sprites":"letters","response":40,"absDeviation":38,"callibration":"test","block":3,"seed":49,"numerosity":78,"matchType":"paired","which":"second","trial_type":"numerosity-estimation","trial_index":63,"time_elapsed":555154,"subject_id":"78052"},{"rt":5046,"stimulus":51,"slider_start":100,"sprites":"hearts","response":129,"absDeviation":21,"callibration":"test","block":3,"seed":51,"numerosity":150,"matchType":"unpaired","which":"first","trial_type":"numerosity-estimation","trial_index":64,"time_elapsed":560203,"subject_id":"78052"},{"rt":4814,"stimulus":52,"slider_start":100,"sprites":"crackers","response":68,"absDeviation":10,"callibration":"test","block":3,"seed":52,"numerosity":78,"matchType":"unpaired","which":"first","trial_type":"numerosity-estimation","trial_index":65,"time_elapsed":565019,"subject_id":"78052"},{"rt":4331,"stimulus":53,"slider_start":100,"sprites":"bears","response":27,"absDeviation":23,"callibration":"test","block":3,"seed":53,"numerosity":50,"matchType":"paired","which":"first","trial_type":"numerosity-estimation","trial_index":66,"time_elapsed":569353,"subject_id":"78052"},{"rt":3430,"stimulus":53,"slider_start":100,"sprites":"bears","response":25,"absDeviation":25,"callibration":"test","block":3,"seed":53,"numerosity":50,"matchType":"paired","which":"second","trial_type":"numerosity-estimation","trial_index":67,"time_elapsed":572786,"subject_id":"78052"},{"rt":5297,"stimulus":55,"slider_start":100,"sprites":"jellyBeans","response":81,"absDeviation":40,"callibration":"test","block":3,"seed":55,"numerosity":121,"matchType":"unpaired","which":"first","trial_type":"numerosity-estimation","trial_index":68,"time_elapsed":578086,"subject_id":"78052"},{"rt":5814,"stimulus":56,"slider_start":100,"sprites":"marbles","response":30,"absDeviation":34,"callibration":"test","block":3,"seed":56,"numerosity":64,"matchType":"unpaired","which":"first","trial_type":"numerosity-estimation","trial_index":69,"time_elapsed":583903,"subject_id":"78052"},{"rt":7512,"stimulus":57,"slider_start":100,"sprites":"mints","response":40,"absDeviation":24,"callibration":"test","block":3,"seed":57,"numerosity":64,"matchType":"paired","which":"first","trial_type":"numerosity-estimation","trial_index":70,"time_elapsed":591419,"subject_id":"78052"},{"rt":4413,"stimulus":57,"slider_start":100,"sprites":"mints","response":40,"absDeviation":24,"callibration":"test","block":3,"seed":57,"numerosity":64,"matchType":"paired","which":"second","trial_type":"numerosity-estimation","trial_index":71,"time_elapsed":595835,"subject_id":"78052"},{"rt":4932,"stimulus":59,"slider_start":100,"sprites":"buttons","response":120,"absDeviation":15,"callibration":"test","block":3,"seed":59,"numerosity":135,"matchType":"unpaired","which":"first","trial_type":"numerosity-estimation","trial_index":72,"time_elapsed":600770,"subject_id":"78052"},{"rt":7630,"stimulus":60,"slider_start":100,"sprites":"animalCrackers","response":130,"absDeviation":20,"callibration":"test","block":3,"seed":60,"numerosity":150,"matchType":"unpaired","which":"first","trial_type":"numerosity-estimation","trial_index":73,"time_elapsed":608403,"subject_id":"78052"},{"rt":8897,"stimulus":61,"slider_start":100,"sprites":"letters","response":31,"absDeviation":19,"callibration":"test","block":3,"seed":61,"numerosity":50,"matchType":"paired","which":"first","trial_type":"numerosity-estimation","trial_index":74,"time_elapsed":617303,"subject_id":"78052"},{"rt":3896,"stimulus":61,"slider_start":100,"sprites":"letters","response":33,"absDeviation":17,"callibration":"test","block":3,"seed":61,"numerosity":50,"matchType":"paired","which":"second","trial_type":"numerosity-estimation","trial_index":75,"time_elapsed":621202,"subject_id":"78052"},{"rt":7880,"stimulus":63,"slider_start":100,"sprites":"hearts","response":50,"absDeviation":14,"callibration":"test","block":3,"seed":63,"numerosity":64,"matchType":"unpaired","which":"first","trial_type":"numerosity-estimation","trial_index":76,"time_elapsed":629085,"subject_id":"78052"},{"rt":6898,"stimulus":64,"slider_start":100,"sprites":"crackers","response":136,"absDeviation":1,"callibration":"test","block":3,"seed":64,"numerosity":135,"matchType":"unpaired","which":"first","trial_type":"numerosity-estimation","trial_index":77,"time_elapsed":635986,"subject_id":"78052"},{"rt":1847,"stimulus":"<p> For the last block of trials, the average deviation of your guesses from correct answers was 22.</p>\n     <p>The smaller the deviation the better.  Your deviation was <b> VERY good</b>.</p><br>\n       <p>Press any key to continue to the next block of trials</p>","response":" ","trial_type":"html-keyboard-response","trial_index":78,"time_elapsed":637835,"subject_id":"78052"},{"rt":10380,"stimulus":65,"slider_start":100,"sprites":"bears","response":67,"absDeviation":40,"callibration":"test","block":4,"seed":65,"numerosity":107,"matchType":"paired","which":"first","trial_type":"numerosity-estimation","trial_index":79,"time_elapsed":648218,"subject_id":"78052"},{"rt":3530,"stimulus":65,"slider_start":100,"sprites":"bears","response":67,"absDeviation":40,"callibration":"test","block":4,"seed":65,"numerosity":107,"matchType":"paired","which":"second","trial_type":"numerosity-estimation","trial_index":80,"time_elapsed":651751,"subject_id":"78052"},{"rt":4082,"stimulus":67,"slider_start":100,"sprites":"jellyBeans","response":61,"absDeviation":46,"callibration":"test","block":4,"seed":67,"numerosity":107,"matchType":"unpaired","which":"first","trial_type":"numerosity-estimation","trial_index":81,"time_elapsed":655836,"subject_id":"78052"},{"rt":4097,"stimulus":68,"slider_start":100,"sprites":"marbles","response":81,"absDeviation":69,"callibration":"test","block":4,"seed":68,"numerosity":150,"matchType":"unpaired","which":"first","trial_type":"numerosity-estimation","trial_index":82,"time_elapsed":659936,"subject_id":"78052"},{"rt":3530,"stimulus":69,"slider_start":100,"sprites":"mints","response":121,"absDeviation":0,"callibration":"test","block":4,"seed":69,"numerosity":121,"matchType":"paired","which":"first","trial_type":"numerosity-estimation","trial_index":83,"time_elapsed":663469,"subject_id":"78052"},{"rt":3897,"stimulus":69,"slider_start":100,"sprites":"mints","response":121,"absDeviation":0,"callibration":"test","block":4,"seed":69,"numerosity":121,"matchType":"paired","which":"second","trial_type":"numerosity-estimation","trial_index":84,"time_elapsed":667369,"subject_id":"78052"},{"rt":7913,"stimulus":71,"slider_start":100,"sprites":"buttons","response":128,"absDeviation":21,"callibration":"test","block":4,"seed":71,"numerosity":107,"matchType":"unpaired","which":"first","trial_type":"numerosity-estimation","trial_index":85,"time_elapsed":675285,"subject_id":"78052"},{"rt":6414,"stimulus":72,"slider_start":100,"sprites":"animalCrackers","response":30,"absDeviation":20,"callibration":"test","block":4,"seed":72,"numerosity":50,"matchType":"unpaired","which":"first","trial_type":"numerosity-estimation","trial_index":86,"time_elapsed":681702,"subject_id":"78052"},{"rt":6829,"stimulus":73,"slider_start":100,"sprites":"letters","response":37,"absDeviation":41,"callibration":"test","block":4,"seed":73,"numerosity":78,"matchType":"paired","which":"first","trial_type":"numerosity-estimation","trial_index":87,"time_elapsed":688534,"subject_id":"78052"},{"rt":4563,"stimulus":73,"slider_start":100,"sprites":"letters","response":34,"absDeviation":44,"callibration":"test","block":4,"seed":73,"numerosity":78,"matchType":"paired","which":"second","trial_type":"numerosity-estimation","trial_index":88,"time_elapsed":693101,"subject_id":"78052"},{"rt":5264,"stimulus":75,"slider_start":100,"sprites":"hearts","response":60,"absDeviation":32,"callibration":"test","block":4,"seed":75,"numerosity":92,"matchType":"unpaired","which":"first","trial_type":"numerosity-estimation","trial_index":89,"time_elapsed":698368,"subject_id":"78052"},{"rt":4864,"stimulus":76,"slider_start":100,"sprites":"crackers","response":48,"absDeviation":16,"callibration":"test","block":4,"seed":76,"numerosity":64,"matchType":"unpaired","which":"first","trial_type":"numerosity-estimation","trial_index":90,"time_elapsed":703235,"subject_id":"78052"},{"rt":5546,"stimulus":77,"slider_start":100,"sprites":"bears","response":75,"absDeviation":60,"callibration":"test","block":4,"seed":77,"numerosity":135,"matchType":"paired","which":"first","trial_type":"numerosity-estimation","trial_index":91,"time_elapsed":708784,"subject_id":"78052"},{"rt":4748,"stimulus":77,"slider_start":100,"sprites":"bears","response":73,"absDeviation":62,"callibration":"test","block":4,"seed":77,"numerosity":135,"matchType":"paired","which":"second","trial_type":"numerosity-estimation","trial_index":92,"time_elapsed":713536,"subject_id":"78052"},{"rt":5229,"stimulus":79,"slider_start":100,"sprites":"jellyBeans","response":25,"absDeviation":25,"callibration":"test","block":4,"seed":79,"numerosity":50,"matchType":"unpaired","which":"first","trial_type":"numerosity-estimation","trial_index":93,"time_elapsed":718768,"subject_id":"78052"},{"rt":5148,"stimulus":80,"slider_start":100,"sprites":"marbles","response":50,"absDeviation":71,"callibration":"test","block":4,"seed":80,"numerosity":121,"matchType":"unpaired","which":"first","trial_type":"numerosity-estimation","trial_index":94,"time_elapsed":723918,"subject_id":"78052"},{"rt":1038,"stimulus":"<p> For the last block of trials, the average deviation of your guesses from correct answers was 37.</p>\n     <p>The smaller the deviation the better.  Your deviation was <b> good</b>.</p><br>\n       <p>Press any key to continue to the next block of trials</p>","response":" ","trial_type":"html-keyboard-response","trial_index":95,"time_elapsed":724958,"subject_id":"78052"},{"rt":4022,"stimulus":81,"slider_start":100,"sprites":"mints","response":143,"absDeviation":22,"callibration":"test","block":5,"seed":81,"numerosity":121,"matchType":"paired","which":"first","trial_type":"numerosity-estimation","trial_index":96,"time_elapsed":728984,"subject_id":"78052"},{"rt":4948,"stimulus":81,"slider_start":100,"sprites":"mints","response":143,"absDeviation":22,"callibration":"test","block":5,"seed":81,"numerosity":121,"matchType":"paired","which":"second","trial_type":"numerosity-estimation","trial_index":97,"time_elapsed":733935,"subject_id":"78052"},{"rt":4280,"stimulus":83,"slider_start":100,"sprites":"buttons","response":125,"absDeviation":4,"callibration":"test","block":5,"seed":83,"numerosity":121,"matchType":"unpaired","which":"first","trial_type":"numerosity-estimation","trial_index":98,"time_elapsed":738218,"subject_id":"78052"},{"rt":4863,"stimulus":84,"slider_start":100,"sprites":"animalCrackers","response":46,"absDeviation":4,"callibration":"test","block":5,"seed":84,"numerosity":50,"matchType":"unpaired","which":"first","trial_type":"numerosity-estimation","trial_index":99,"time_elapsed":743085,"subject_id":"78052"},{"rt":4447,"stimulus":85,"slider_start":100,"sprites":"letters","response":54,"absDeviation":10,"callibration":"test","block":5,"seed":85,"numerosity":64,"matchType":"paired","which":"first","trial_type":"numerosity-estimation","trial_index":100,"time_elapsed":747535,"subject_id":"78052"},{"rt":4245,"stimulus":85,"slider_start":100,"sprites":"letters","response":53,"absDeviation":11,"callibration":"test","block":5,"seed":85,"numerosity":64,"matchType":"paired","which":"second","trial_type":"numerosity-estimation","trial_index":101,"time_elapsed":751784,"subject_id":"78052"},{"rt":9414,"stimulus":87,"slider_start":100,"sprites":"hearts","response":37,"absDeviation":13,"callibration":"test","block":5,"seed":87,"numerosity":50,"matchType":"unpaired","which":"first","trial_type":"numerosity-estimation","trial_index":102,"time_elapsed":761201,"subject_id":"78052"},{"rt":7496,"stimulus":88,"slider_start":100,"sprites":"crackers","response":115,"absDeviation":20,"callibration":"test","block":5,"seed":88,"numerosity":135,"matchType":"unpaired","which":"first","trial_type":"numerosity-estimation","trial_index":103,"time_elapsed":768700,"subject_id":"78052"},{"rt":4014,"stimulus":89,"slider_start":100,"sprites":"bears","response":25,"absDeviation":25,"callibration":"test","block":5,"seed":89,"numerosity":50,"matchType":"paired","which":"first","trial_type":"numerosity-estimation","trial_index":104,"time_elapsed":772717,"subject_id":"78052"},{"rt":3681,"stimulus":89,"slider_start":100,"sprites":"bears","response":25,"absDeviation":25,"callibration":"test","block":5,"seed":89,"numerosity":50,"matchType":"paired","which":"second","trial_type":"numerosity-estimation","trial_index":105,"time_elapsed":776402,"subject_id":"78052"},{"rt":10415,"stimulus":91,"slider_start":100,"sprites":"jellyBeans","response":48,"absDeviation":44,"callibration":"test","block":5,"seed":91,"numerosity":92,"matchType":"unpaired","which":"first","trial_type":"numerosity-estimation","trial_index":106,"time_elapsed":786819,"subject_id":"78052"},{"rt":4428,"stimulus":92,"slider_start":100,"sprites":"marbles","response":73,"absDeviation":48,"callibration":"test","block":5,"seed":92,"numerosity":121,"matchType":"unpaired","which":"first","trial_type":"numerosity-estimation","trial_index":107,"time_elapsed":791250,"subject_id":"78052"},{"rt":7881,"stimulus":93,"slider_start":100,"sprites":"mints","response":75,"absDeviation":3,"callibration":"test","block":5,"seed":93,"numerosity":78,"matchType":"paired","which":"first","trial_type":"numerosity-estimation","trial_index":108,"time_elapsed":799134,"subject_id":"78052"},{"rt":5713,"stimulus":93,"slider_start":100,"sprites":"mints","response":49,"absDeviation":29,"callibration":"test","block":5,"seed":93,"numerosity":78,"matchType":"paired","which":"second","trial_type":"numerosity-estimation","trial_index":109,"time_elapsed":804849,"subject_id":"78052"},{"rt":5614,"stimulus":95,"slider_start":100,"sprites":"buttons","response":63,"absDeviation":1,"callibration":"test","block":5,"seed":95,"numerosity":64,"matchType":"unpaired","which":"first","trial_type":"numerosity-estimation","trial_index":110,"time_elapsed":810466,"subject_id":"78052"},{"rt":9464,"stimulus":96,"slider_start":100,"sprites":"animalCrackers","response":70,"absDeviation":22,"callibration":"test","block":5,"seed":96,"numerosity":92,"matchType":"unpaired","which":"first","trial_type":"numerosity-estimation","trial_index":111,"time_elapsed":819933,"subject_id":"78052"},{"rt":1077,"stimulus":"<p> For the last block of trials, the average deviation of your guesses from correct answers was 19.</p>\n     <p>The smaller the deviation the better.  Your deviation was <b> VERY good</b>.</p><br>\n       <p>Press any key to continue to the next block of trials</p>","response":" ","trial_type":"html-keyboard-response","trial_index":112,"time_elapsed":821012,"subject_id":"78052"},{"rt":17719,"stimulus":2,"slider_start":100,"sprites":"butterflies","response":60,"absDeviation":75,"callibration":"test","block":6,"seed":2,"numerosity":135,"matchType":"paired","which":"first","trial_type":"numerosity-estimation","trial_index":113,"time_elapsed":838734,"subject_id":"78052"},{"rt":7231,"stimulus":2,"slider_start":100,"sprites":"butterflies","response":59,"absDeviation":76,"callibration":"test","block":6,"seed":2,"numerosity":135,"matchType":"paired","which":"second","trial_type":"numerosity-estimation","trial_index":114,"time_elapsed":845969,"subject_id":"78052"},{"rt":8830,"stimulus":3,"slider_start":100,"sprites":"hearts","response":86,"absDeviation":36,"callibration":"test","block":6,"seed":3,"numerosity":50,"matchType":"unpaired","which":"second","trial_type":"numerosity-estimation","trial_index":115,"time_elapsed":854803,"subject_id":"78052"},{"rt":3998,"stimulus":4,"slider_start":100,"sprites":"crackers","response":115,"absDeviation":8,"callibration":"test","block":6,"seed":4,"numerosity":107,"matchType":"unpaired","which":"second","trial_type":"numerosity-estimation","trial_index":116,"time_elapsed":858803,"subject_id":"78052"},{"rt":3382,"stimulus":6,"slider_start":100,"sprites":"fruits","response":100,"absDeviation":22,"callibration":"test","block":6,"seed":6,"numerosity":78,"matchType":"paired","which":"first","trial_type":"numerosity-estimation","trial_index":117,"time_elapsed":862187,"subject_id":"78052"},{"rt":2879,"stimulus":6,"slider_start":100,"sprites":"fruits","response":101,"absDeviation":23,"callibration":"test","block":6,"seed":6,"numerosity":78,"matchType":"paired","which":"second","trial_type":"numerosity-estimation","trial_index":118,"time_elapsed":865070,"subject_id":"78052"},{"rt":3664,"stimulus":7,"slider_start":100,"sprites":"jellyBeans","response":52,"absDeviation":2,"callibration":"test","block":6,"seed":7,"numerosity":50,"matchType":"unpaired","which":"second","trial_type":"numerosity-estimation","trial_index":119,"time_elapsed":868737,"subject_id":"78052"},{"rt":3564,"stimulus":8,"slider_start":100,"sprites":"marbles","response":61,"absDeviation":31,"callibration":"test","block":6,"seed":8,"numerosity":92,"matchType":"unpaired","which":"second","trial_type":"numerosity-estimation","trial_index":120,"time_elapsed":872304,"subject_id":"78052"},{"rt":4531,"stimulus":10,"slider_start":100,"sprites":"rocks","response":35,"absDeviation":15,"callibration":"test","block":6,"seed":10,"numerosity":50,"matchType":"paired","which":"first","trial_type":"numerosity-estimation","trial_index":121,"time_elapsed":876838,"subject_id":"78052"},{"rt":3930,"stimulus":10,"slider_start":100,"sprites":"rocks","response":37,"absDeviation":13,"callibration":"test","block":6,"seed":10,"numerosity":50,"matchType":"paired","which":"second","trial_type":"numerosity-estimation","trial_index":122,"time_elapsed":880772,"subject_id":"78052"},{"rt":3746,"stimulus":11,"slider_start":100,"sprites":"buttons","response":87,"absDeviation":20,"callibration":"test","block":6,"seed":11,"numerosity":107,"matchType":"unpaired","which":"second","trial_type":"numerosity-estimation","trial_index":123,"time_elapsed":884521,"subject_id":"78052"},{"rt":3481,"stimulus":12,"slider_start":100,"sprites":"animalCrackers","response":86,"absDeviation":6,"callibration":"test","block":6,"seed":12,"numerosity":92,"matchType":"unpaired","which":"second","trial_type":"numerosity-estimation","trial_index":124,"time_elapsed":888005,"subject_id":"78052"},{"rt":4097,"stimulus":14,"slider_start":100,"sprites":"butterflies","response":90,"absDeviation":60,"callibration":"test","block":6,"seed":14,"numerosity":150,"matchType":"paired","which":"first","trial_type":"numerosity-estimation","trial_index":125,"time_elapsed":892104,"subject_id":"78052"},{"rt":3743,"stimulus":14,"slider_start":100,"sprites":"butterflies","response":87,"absDeviation":63,"callibration":"test","block":6,"seed":14,"numerosity":150,"matchType":"paired","which":"second","trial_type":"numerosity-estimation","trial_index":126,"time_elapsed":895854,"subject_id":"78052"},{"rt":4430,"stimulus":15,"slider_start":100,"sprites":"hearts","response":92,"absDeviation":29,"callibration":"test","block":6,"seed":15,"numerosity":121,"matchType":"unpaired","which":"second","trial_type":"numerosity-estimation","trial_index":127,"time_elapsed":900288,"subject_id":"78052"},{"rt":7781,"stimulus":16,"slider_start":100,"sprites":"crackers","response":60,"absDeviation":4,"callibration":"test","block":6,"seed":16,"numerosity":64,"matchType":"unpaired","which":"second","trial_type":"numerosity-estimation","trial_index":128,"time_elapsed":908072,"subject_id":"78052"},{"rt":1360,"stimulus":"<p> For the last block of trials, the average deviation of your guesses from correct answers was 30.</p>\n     <p>The smaller the deviation the better.  Your deviation was <b> good</b>.</p><br>\n       <p>Press any key to continue to the next block of trials</p>","response":" ","trial_type":"html-keyboard-response","trial_index":129,"time_elapsed":909433,"subject_id":"78052"},{"rt":5167,"stimulus":18,"slider_start":100,"sprites":"fruits","response":77,"absDeviation":30,"callibration":"test","block":7,"seed":18,"numerosity":107,"matchType":"paired","which":"first","trial_type":"numerosity-estimation","trial_index":130,"time_elapsed":914604,"subject_id":"78052"},{"rt":5797,"stimulus":18,"slider_start":100,"sprites":"fruits","response":69,"absDeviation":38,"callibration":"test","block":7,"seed":18,"numerosity":107,"matchType":"paired","which":"second","trial_type":"numerosity-estimation","trial_index":131,"time_elapsed":920405,"subject_id":"78052"},{"rt":4663,"stimulus":19,"slider_start":100,"sprites":"jellyBeans","response":111,"absDeviation":24,"callibration":"test","block":7,"seed":19,"numerosity":135,"matchType":"unpaired","which":"second","trial_type":"numerosity-estimation","trial_index":132,"time_elapsed":925071,"subject_id":"78052"},{"rt":3863,"stimulus":20,"slider_start":100,"sprites":"marbles","response":64,"absDeviation":14,"callibration":"test","block":7,"seed":20,"numerosity":78,"matchType":"unpaired","which":"second","trial_type":"numerosity-estimation","trial_index":133,"time_elapsed":928937,"subject_id":"78052"},{"rt":18214,"stimulus":22,"slider_start":100,"sprites":"rocks","response":77,"absDeviation":15,"callibration":"test","block":7,"seed":22,"numerosity":92,"matchType":"paired","which":"first","trial_type":"numerosity-estimation","trial_index":134,"time_elapsed":947154,"subject_id":"78052"},{"rt":4715,"stimulus":22,"slider_start":100,"sprites":"rocks","response":72,"absDeviation":20,"callibration":"test","block":7,"seed":22,"numerosity":92,"matchType":"paired","which":"second","trial_type":"numerosity-estimation","trial_index":135,"time_elapsed":951871,"subject_id":"78052"},{"rt":6445,"stimulus":23,"slider_start":100,"sprites":"buttons","response":113,"absDeviation":37,"callibration":"test","block":7,"seed":23,"numerosity":150,"matchType":"unpaired","which":"second","trial_type":"numerosity-estimation","trial_index":136,"time_elapsed":958320,"subject_id":"78052"},{"rt":8364,"stimulus":24,"slider_start":100,"sprites":"animalCrackers","response":107,"absDeviation":0,"callibration":"test","block":7,"seed":24,"numerosity":107,"matchType":"unpaired","which":"second","trial_type":"numerosity-estimation","trial_index":137,"time_elapsed":966687,"subject_id":"78052"},{"rt":5114,"stimulus":26,"slider_start":100,"sprites":"butterflies","response":44,"absDeviation":48,"callibration":"test","block":7,"seed":26,"numerosity":92,"matchType":"paired","which":"first","trial_type":"numerosity-estimation","trial_index":138,"time_elapsed":971805,"subject_id":"78052"},{"rt":4812,"stimulus":26,"slider_start":100,"sprites":"butterflies","response":46,"absDeviation":46,"callibration":"test","block":7,"seed":26,"numerosity":92,"matchType":"paired","which":"second","trial_type":"numerosity-estimation","trial_index":139,"time_elapsed":976620,"subject_id":"78052"},{"rt":3447,"stimulus":27,"slider_start":100,"sprites":"hearts","response":85,"absDeviation":36,"callibration":"test","block":7,"seed":27,"numerosity":121,"matchType":"unpaired","which":"second","trial_type":"numerosity-estimation","trial_index":140,"time_elapsed":980070,"subject_id":"78052"},{"rt":4730,"stimulus":28,"slider_start":100,"sprites":"crackers","response":121,"absDeviation":29,"callibration":"test","block":7,"seed":28,"numerosity":150,"matchType":"unpaired","which":"second","trial_type":"numerosity-estimation","trial_index":141,"time_elapsed":984803,"subject_id":"78052"},{"rt":3581,"stimulus":30,"slider_start":100,"sprites":"fruits","response":78,"absDeviation":29,"callibration":"test","block":7,"seed":30,"numerosity":107,"matchType":"paired","which":"first","trial_type":"numerosity-estimation","trial_index":142,"time_elapsed":988388,"subject_id":"78052"},{"rt":3846,"stimulus":30,"slider_start":100,"sprites":"fruits","response":70,"absDeviation":37,"callibration":"test","block":7,"seed":30,"numerosity":107,"matchType":"paired","which":"second","trial_type":"numerosity-estimation","trial_index":143,"time_elapsed":992237,"subject_id":"78052"},{"rt":4747,"stimulus":31,"slider_start":100,"sprites":"jellyBeans","response":110,"absDeviation":40,"callibration":"test","block":7,"seed":31,"numerosity":150,"matchType":"unpaired","which":"second","trial_type":"numerosity-estimation","trial_index":144,"time_elapsed":996987,"subject_id":"78052"},{"rt":3763,"stimulus":32,"slider_start":100,"sprites":"marbles","response":88,"absDeviation":47,"callibration":"test","block":7,"seed":32,"numerosity":135,"matchType":"unpaired","which":"second","trial_type":"numerosity-estimation","trial_index":145,"time_elapsed":1000754,"subject_id":"78052"},{"rt":859,"stimulus":"<p> For the last block of trials, the average deviation of your guesses from correct answers was 31.</p>\n     <p>The smaller the deviation the better.  Your deviation was <b> good</b>.</p><br>\n       <p>Press any key to continue to the next block of trials</p>","response":" ","trial_type":"html-keyboard-response","trial_index":146,"time_elapsed":1001614,"subject_id":"78052"},{"rt":3752,"stimulus":34,"slider_start":100,"sprites":"rocks","response":29,"absDeviation":21,"callibration":"test","block":8,"seed":34,"numerosity":50,"matchType":"paired","which":"first","trial_type":"numerosity-estimation","trial_index":147,"time_elapsed":1005370,"subject_id":"78052"},{"rt":4863,"stimulus":34,"slider_start":100,"sprites":"rocks","response":31,"absDeviation":19,"callibration":"test","block":8,"seed":34,"numerosity":50,"matchType":"paired","which":"second","trial_type":"numerosity-estimation","trial_index":148,"time_elapsed":1010237,"subject_id":"78052"},{"rt":6764,"stimulus":35,"slider_start":100,"sprites":"buttons","response":54,"absDeviation":24,"callibration":"test","block":8,"seed":35,"numerosity":78,"matchType":"unpaired","which":"second","trial_type":"numerosity-estimation","trial_index":149,"time_elapsed":1017004,"subject_id":"78052"},{"rt":4213,"stimulus":36,"slider_start":100,"sprites":"animalCrackers","response":25,"absDeviation":25,"callibration":"test","block":8,"seed":36,"numerosity":50,"matchType":"unpaired","which":"second","trial_type":"numerosity-estimation","trial_index":150,"time_elapsed":1021220,"subject_id":"78052"},{"rt":5296,"stimulus":38,"slider_start":100,"sprites":"butterflies","response":34,"absDeviation":44,"callibration":"test","block":8,"seed":38,"numerosity":78,"matchType":"paired","which":"first","trial_type":"numerosity-estimation","trial_index":151,"time_elapsed":1026520,"subject_id":"78052"},{"rt":4098,"stimulus":38,"slider_start":100,"sprites":"butterflies","response":28,"absDeviation":50,"callibration":"test","block":8,"seed":38,"numerosity":78,"matchType":"paired","which":"second","trial_type":"numerosity-estimation","trial_index":152,"time_elapsed":1030621,"subject_id":"78052"},{"rt":4062,"stimulus":39,"slider_start":100,"sprites":"hearts","response":43,"absDeviation":35,"callibration":"test","block":8,"seed":39,"numerosity":78,"matchType":"unpaired","which":"second","trial_type":"numerosity-estimation","trial_index":153,"time_elapsed":1034686,"subject_id":"78052"},{"rt":8681,"stimulus":40,"slider_start":100,"sprites":"crackers","response":108,"absDeviation":13,"callibration":"test","block":8,"seed":40,"numerosity":121,"matchType":"unpaired","which":"second","trial_type":"numerosity-estimation","trial_index":154,"time_elapsed":1043370,"subject_id":"78052"},{"rt":6113,"stimulus":42,"slider_start":100,"sprites":"fruits","response":60,"absDeviation":18,"callibration":"test","block":8,"seed":42,"numerosity":78,"matchType":"paired","which":"first","trial_type":"numerosity-estimation","trial_index":155,"time_elapsed":1049486,"subject_id":"78052"},{"rt":7331,"stimulus":42,"slider_start":100,"sprites":"fruits","response":60,"absDeviation":18,"callibration":"test","block":8,"seed":42,"numerosity":78,"matchType":"paired","which":"second","trial_type":"numerosity-estimation","trial_index":156,"time_elapsed":1056820,"subject_id":"78052"},{"rt":6731,"stimulus":43,"slider_start":100,"sprites":"jellyBeans","response":45,"absDeviation":19,"callibration":"test","block":8,"seed":43,"numerosity":64,"matchType":"unpaired","which":"second","trial_type":"numerosity-estimation","trial_index":157,"time_elapsed":1063554,"subject_id":"78052"},{"rt":3929,"stimulus":44,"slider_start":100,"sprites":"marbles","response":64,"absDeviation":57,"callibration":"test","block":8,"seed":44,"numerosity":121,"matchType":"unpaired","which":"second","trial_type":"numerosity-estimation","trial_index":158,"time_elapsed":1067486,"subject_id":"78052"},{"rt":4914,"stimulus":46,"slider_start":100,"sprites":"rocks","response":80,"absDeviation":27,"callibration":"test","block":8,"seed":46,"numerosity":107,"matchType":"paired","which":"first","trial_type":"numerosity-estimation","trial_index":159,"time_elapsed":1072403,"subject_id":"78052"},{"rt":5063,"stimulus":46,"slider_start":100,"sprites":"rocks","response":80,"absDeviation":27,"callibration":"test","block":8,"seed":46,"numerosity":107,"matchType":"paired","which":"second","trial_type":"numerosity-estimation","trial_index":160,"time_elapsed":1077470,"subject_id":"78052"},{"rt":4279,"stimulus":47,"slider_start":100,"sprites":"buttons","response":110,"absDeviation":11,"callibration":"test","block":8,"seed":47,"numerosity":121,"matchType":"unpaired","which":"second","trial_type":"numerosity-estimation","trial_index":161,"time_elapsed":1081752,"subject_id":"78052"},{"rt":5664,"stimulus":48,"slider_start":100,"sprites":"animalCrackers","response":122,"absDeviation":13,"callibration":"test","block":8,"seed":48,"numerosity":135,"matchType":"unpaired","which":"second","trial_type":"numerosity-estimation","trial_index":162,"time_elapsed":1087419,"subject_id":"78052"},{"rt":1356,"stimulus":"<p> For the last block of trials, the average deviation of your guesses from correct answers was 26.</p>\n     <p>The smaller the deviation the better.  Your deviation was <b> good</b>.</p><br>\n       <p>Press any key to continue to the next block of trials</p>","response":" ","trial_type":"html-keyboard-response","trial_index":163,"time_elapsed":1088777,"subject_id":"78052"},{"rt":3909,"stimulus":50,"slider_start":100,"sprites":"butterflies","response":84,"absDeviation":66,"callibration":"test","block":9,"seed":50,"numerosity":150,"matchType":"paired","which":"first","trial_type":"numerosity-estimation","trial_index":164,"time_elapsed":1092689,"subject_id":"78052"},{"rt":3677,"stimulus":50,"slider_start":100,"sprites":"butterflies","response":81,"absDeviation":69,"callibration":"test","block":9,"seed":50,"numerosity":150,"matchType":"paired","which":"second","trial_type":"numerosity-estimation","trial_index":165,"time_elapsed":1096369,"subject_id":"78052"},{"rt":4814,"stimulus":51,"slider_start":100,"sprites":"hearts","response":124,"absDeviation":26,"callibration":"test","block":9,"seed":51,"numerosity":150,"matchType":"unpaired","which":"second","trial_type":"numerosity-estimation","trial_index":166,"time_elapsed":1101186,"subject_id":"78052"},{"rt":4197,"stimulus":52,"slider_start":100,"sprites":"crackers","response":73,"absDeviation":5,"callibration":"test","block":9,"seed":52,"numerosity":78,"matchType":"unpaired","which":"second","trial_type":"numerosity-estimation","trial_index":167,"time_elapsed":1105386,"subject_id":"78052"},{"rt":6863,"stimulus":54,"slider_start":100,"sprites":"fruits","response":70,"absDeviation":22,"callibration":"test","block":9,"seed":54,"numerosity":92,"matchType":"paired","which":"first","trial_type":"numerosity-estimation","trial_index":168,"time_elapsed":1112252,"subject_id":"78052"},{"rt":4414,"stimulus":54,"slider_start":100,"sprites":"fruits","response":70,"absDeviation":22,"callibration":"test","block":9,"seed":54,"numerosity":92,"matchType":"paired","which":"second","trial_type":"numerosity-estimation","trial_index":169,"time_elapsed":1116669,"subject_id":"78052"},{"rt":7947,"stimulus":55,"slider_start":100,"sprites":"jellyBeans","response":80,"absDeviation":41,"callibration":"test","block":9,"seed":55,"numerosity":121,"matchType":"unpaired","which":"second","trial_type":"numerosity-estimation","trial_index":170,"time_elapsed":1124619,"subject_id":"78052"},{"rt":3812,"stimulus":56,"slider_start":100,"sprites":"marbles","response":25,"absDeviation":39,"callibration":"test","block":9,"seed":56,"numerosity":64,"matchType":"unpaired","which":"second","trial_type":"numerosity-estimation","trial_index":171,"time_elapsed":1128435,"subject_id":"78052"},{"rt":5431,"stimulus":58,"slider_start":100,"sprites":"rocks","response":125,"absDeviation":4,"callibration":"test","block":9,"seed":58,"numerosity":121,"matchType":"paired","which":"first","trial_type":"numerosity-estimation","trial_index":172,"time_elapsed":1133869,"subject_id":"78052"},{"rt":3597,"stimulus":58,"slider_start":100,"sprites":"rocks","response":125,"absDeviation":4,"callibration":"test","block":9,"seed":58,"numerosity":121,"matchType":"paired","which":"second","trial_type":"numerosity-estimation","trial_index":173,"time_elapsed":1137469,"subject_id":"78052"},{"rt":5481,"stimulus":59,"slider_start":100,"sprites":"buttons","response":138,"absDeviation":3,"callibration":"test","block":9,"seed":59,"numerosity":135,"matchType":"unpaired","which":"second","trial_type":"numerosity-estimation","trial_index":174,"time_elapsed":1142953,"subject_id":"78052"},{"rt":4915,"stimulus":60,"slider_start":100,"sprites":"animalCrackers","response":137,"absDeviation":13,"callibration":"test","block":9,"seed":60,"numerosity":150,"matchType":"unpaired","which":"second","trial_type":"numerosity-estimation","trial_index":175,"time_elapsed":1147869,"subject_id":"78052"},{"rt":4646,"stimulus":62,"slider_start":100,"sprites":"butterflies","response":68,"absDeviation":67,"callibration":"test","block":9,"seed":62,"numerosity":135,"matchType":"paired","which":"first","trial_type":"numerosity-estimation","trial_index":176,"time_elapsed":1152519,"subject_id":"78052"},{"rt":7381,"stimulus":62,"slider_start":100,"sprites":"butterflies","response":70,"absDeviation":65,"callibration":"test","block":9,"seed":62,"numerosity":135,"matchType":"paired","which":"second","trial_type":"numerosity-estimation","trial_index":177,"time_elapsed":1159903,"subject_id":"78052"},{"rt":76031,"stimulus":63,"slider_start":100,"sprites":"hearts","response":77,"absDeviation":13,"callibration":"test","block":9,"seed":63,"numerosity":64,"matchType":"unpaired","which":"second","trial_type":"numerosity-estimation","trial_index":178,"time_elapsed":1235936,"subject_id":"78052"},{"rt":3547,"stimulus":64,"slider_start":100,"sprites":"crackers","response":113,"absDeviation":22,"callibration":"test","block":9,"seed":64,"numerosity":135,"matchType":"unpaired","which":"second","trial_type":"numerosity-estimation","trial_index":179,"time_elapsed":1239486,"subject_id":"78052"},{"rt":2050,"stimulus":"<p> For the last block of trials, the average deviation of your guesses from correct answers was 30.</p>\n     <p>The smaller the deviation the better.  Your deviation was <b> good</b>.</p><br>\n       <p>Press any key to continue to the next block of trials</p>","response":" ","trial_type":"html-keyboard-response","trial_index":180,"time_elapsed":1241539,"subject_id":"78052"},{"rt":7126,"stimulus":66,"slider_start":100,"sprites":"fruits","response":81,"absDeviation":17,"callibration":"test","block":10,"seed":66,"numerosity":64,"matchType":"paired","which":"first","trial_type":"numerosity-estimation","trial_index":181,"time_elapsed":1248668,"subject_id":"78052"},{"rt":5646,"stimulus":66,"slider_start":100,"sprites":"fruits","response":74,"absDeviation":10,"callibration":"test","block":10,"seed":66,"numerosity":64,"matchType":"paired","which":"second","trial_type":"numerosity-estimation","trial_index":182,"time_elapsed":1254318,"subject_id":"78052"},{"rt":8514,"stimulus":67,"slider_start":100,"sprites":"jellyBeans","response":71,"absDeviation":36,"callibration":"test","block":10,"seed":67,"numerosity":107,"matchType":"unpaired","which":"second","trial_type":"numerosity-estimation","trial_index":183,"time_elapsed":1262835,"subject_id":"78052"},{"rt":3581,"stimulus":68,"slider_start":100,"sprites":"marbles","response":71,"absDeviation":79,"callibration":"test","block":10,"seed":68,"numerosity":150,"matchType":"unpaired","which":"second","trial_type":"numerosity-estimation","trial_index":184,"time_elapsed":1266419,"subject_id":"78052"},{"rt":2996,"stimulus":70,"slider_start":100,"sprites":"rocks","response":74,"absDeviation":18,"callibration":"test","block":10,"seed":70,"numerosity":92,"matchType":"paired","which":"first","trial_type":"numerosity-estimation","trial_index":185,"time_elapsed":1269418,"subject_id":"78052"},{"rt":3063,"stimulus":70,"slider_start":100,"sprites":"rocks","response":75,"absDeviation":17,"callibration":"test","block":10,"seed":70,"numerosity":92,"matchType":"paired","which":"second","trial_type":"numerosity-estimation","trial_index":186,"time_elapsed":1272484,"subject_id":"78052"},{"rt":3700,"stimulus":71,"slider_start":100,"sprites":"buttons","response":84,"absDeviation":23,"callibration":"test","block":10,"seed":71,"numerosity":107,"matchType":"unpaired","which":"second","trial_type":"numerosity-estimation","trial_index":187,"time_elapsed":1276186,"subject_id":"78052"},{"rt":3613,"stimulus":72,"slider_start":100,"sprites":"animalCrackers","response":32,"absDeviation":18,"callibration":"test","block":10,"seed":72,"numerosity":50,"matchType":"unpaired","which":"second","trial_type":"numerosity-estimation","trial_index":188,"time_elapsed":1279801,"subject_id":"78052"},{"rt":6430,"stimulus":74,"slider_start":100,"sprites":"butterflies","response":50,"absDeviation":14,"callibration":"test","block":10,"seed":74,"numerosity":64,"matchType":"paired","which":"first","trial_type":"numerosity-estimation","trial_index":189,"time_elapsed":1286235,"subject_id":"78052"},{"rt":6695,"stimulus":74,"slider_start":100,"sprites":"butterflies","response":50,"absDeviation":14,"callibration":"test","block":10,"seed":74,"numerosity":64,"matchType":"paired","which":"second","trial_type":"numerosity-estimation","trial_index":190,"time_elapsed":1292934,"subject_id":"78052"},{"rt":21081,"stimulus":75,"slider_start":100,"sprites":"hearts","response":53,"absDeviation":39,"callibration":"test","block":10,"seed":75,"numerosity":92,"matchType":"unpaired","which":"second","trial_type":"numerosity-estimation","trial_index":191,"time_elapsed":1314018,"subject_id":"78052"},{"rt":3696,"stimulus":76,"slider_start":100,"sprites":"crackers","response":69,"absDeviation":5,"callibration":"test","block":10,"seed":76,"numerosity":64,"matchType":"unpaired","which":"second","trial_type":"numerosity-estimation","trial_index":192,"time_elapsed":1317717,"subject_id":"78052"},{"rt":3929,"stimulus":78,"slider_start":100,"sprites":"fruits","response":63,"absDeviation":1,"callibration":"test","block":10,"seed":78,"numerosity":64,"matchType":"paired","which":"first","trial_type":"numerosity-estimation","trial_index":193,"time_elapsed":1321651,"subject_id":"78052"},{"rt":6847,"stimulus":78,"slider_start":100,"sprites":"fruits","response":54,"absDeviation":10,"callibration":"test","block":10,"seed":78,"numerosity":64,"matchType":"paired","which":"second","trial_type":"numerosity-estimation","trial_index":194,"time_elapsed":1328501,"subject_id":"78052"},{"rt":8562,"stimulus":79,"slider_start":100,"sprites":"jellyBeans","response":42,"absDeviation":8,"callibration":"test","block":10,"seed":79,"numerosity":50,"matchType":"unpaired","which":"second","trial_type":"numerosity-estimation","trial_index":195,"time_elapsed":1337067,"subject_id":"78052"},{"rt":5448,"stimulus":80,"slider_start":100,"sprites":"marbles","response":60,"absDeviation":61,"callibration":"test","block":10,"seed":80,"numerosity":121,"matchType":"unpaired","which":"second","trial_type":"numerosity-estimation","trial_index":196,"time_elapsed":1342518,"subject_id":"78052"},{"rt":1315,"stimulus":"<p> For the last block of trials, the average deviation of your guesses from correct answers was 23.</p>\n     <p>The smaller the deviation the better.  Your deviation was <b> VERY good</b>.</p><br>\n       <p>Press any key to continue to the next block of trials</p>","response":" ","trial_type":"html-keyboard-response","trial_index":197,"time_elapsed":1343834,"subject_id":"78052"},{"rt":4812,"stimulus":82,"slider_start":100,"sprites":"rocks","response":45,"absDeviation":19,"callibration":"test","block":11,"seed":82,"numerosity":64,"matchType":"paired","which":"first","trial_type":"numerosity-estimation","trial_index":198,"time_elapsed":1348650,"subject_id":"78052"},{"rt":5080,"stimulus":82,"slider_start":100,"sprites":"rocks","response":48,"absDeviation":16,"callibration":"test","block":11,"seed":82,"numerosity":64,"matchType":"paired","which":"second","trial_type":"numerosity-estimation","trial_index":199,"time_elapsed":1353733,"subject_id":"78052"},{"rt":3798,"stimulus":83,"slider_start":100,"sprites":"buttons","response":116,"absDeviation":5,"callibration":"test","block":11,"seed":83,"numerosity":121,"matchType":"unpaired","which":"second","trial_type":"numerosity-estimation","trial_index":200,"time_elapsed":1357535,"subject_id":"78052"},{"rt":4312,"stimulus":84,"slider_start":100,"sprites":"animalCrackers","response":53,"absDeviation":3,"callibration":"test","block":11,"seed":84,"numerosity":50,"matchType":"unpaired","which":"second","trial_type":"numerosity-estimation","trial_index":201,"time_elapsed":1361850,"subject_id":"78052"},{"rt":4379,"stimulus":86,"slider_start":100,"sprites":"butterflies","response":44,"absDeviation":77,"callibration":"test","block":11,"seed":86,"numerosity":121,"matchType":"paired","which":"first","trial_type":"numerosity-estimation","trial_index":202,"time_elapsed":1366232,"subject_id":"78052"},{"rt":3913,"stimulus":86,"slider_start":100,"sprites":"butterflies","response":63,"absDeviation":58,"callibration":"test","block":11,"seed":86,"numerosity":121,"matchType":"paired","which":"second","trial_type":"numerosity-estimation","trial_index":203,"time_elapsed":1370149,"subject_id":"78052"},{"rt":3597,"stimulus":87,"slider_start":100,"sprites":"hearts","response":41,"absDeviation":9,"callibration":"test","block":11,"seed":87,"numerosity":50,"matchType":"unpaired","which":"second","trial_type":"numerosity-estimation","trial_index":204,"time_elapsed":1373749,"subject_id":"78052"},{"rt":3180,"stimulus":88,"slider_start":100,"sprites":"crackers","response":140,"absDeviation":5,"callibration":"test","block":11,"seed":88,"numerosity":135,"matchType":"unpaired","which":"second","trial_type":"numerosity-estimation","trial_index":205,"time_elapsed":1376932,"subject_id":"78052"},{"rt":4264,"stimulus":90,"slider_start":100,"sprites":"fruits","response":146,"absDeviation":4,"callibration":"test","block":11,"seed":90,"numerosity":150,"matchType":"paired","which":"first","trial_type":"numerosity-estimation","trial_index":206,"time_elapsed":1381200,"subject_id":"78052"},{"rt":4596,"stimulus":90,"slider_start":100,"sprites":"fruits","response":148,"absDeviation":2,"callibration":"test","block":11,"seed":90,"numerosity":150,"matchType":"paired","which":"second","trial_type":"numerosity-estimation","trial_index":207,"time_elapsed":1385799,"subject_id":"78052"},{"rt":2915,"stimulus":91,"slider_start":100,"sprites":"jellyBeans","response":102,"absDeviation":10,"callibration":"test","block":11,"seed":91,"numerosity":92,"matchType":"unpaired","which":"second","trial_type":"numerosity-estimation","trial_index":208,"time_elapsed":1388717,"subject_id":"78052"},{"rt":2930,"stimulus":92,"slider_start":100,"sprites":"marbles","response":112,"absDeviation":9,"callibration":"test","block":11,"seed":92,"numerosity":121,"matchType":"unpaired","which":"second","trial_type":"numerosity-estimation","trial_index":209,"time_elapsed":1391650,"subject_id":"78052"},{"rt":3679,"stimulus":94,"slider_start":100,"sprites":"rocks","response":117,"absDeviation":39,"callibration":"test","block":11,"seed":94,"numerosity":78,"matchType":"paired","which":"first","trial_type":"numerosity-estimation","trial_index":210,"time_elapsed":1395333,"subject_id":"78052"},{"rt":3178,"stimulus":94,"slider_start":100,"sprites":"rocks","response":110,"absDeviation":32,"callibration":"test","block":11,"seed":94,"numerosity":78,"matchType":"paired","which":"second","trial_type":"numerosity-estimation","trial_index":211,"time_elapsed":1398515,"subject_id":"78052"},{"rt":3282,"stimulus":95,"slider_start":100,"sprites":"buttons","response":76,"absDeviation":12,"callibration":"test","block":11,"seed":95,"numerosity":64,"matchType":"unpaired","which":"second","trial_type":"numerosity-estimation","trial_index":212,"time_elapsed":1401800,"subject_id":"78052"},{"rt":3747,"stimulus":96,"slider_start":100,"sprites":"animalCrackers","response":110,"absDeviation":18,"callibration":"test","block":11,"seed":96,"numerosity":92,"matchType":"unpaired","which":"second","trial_type":"numerosity-estimation","trial_index":213,"time_elapsed":1405550,"subject_id":"78052"},{"rt":1275,"stimulus":"<p> For the last block of trials, the average deviation of your guesses from correct answers was 20.</p>\n     <p>The smaller the deviation the better.  Your deviation was <b> VERY good</b>.</p><br>\n       <p>Press any key to continue to the next block of trials</p>","response":" ","trial_type":"html-keyboard-response","trial_index":214,"time_elapsed":1406826,"subject_id":"78052"},{"rt":20953,"response":{"averageEstimates":"When the two displays occured back-to-back, in immediate succession.","firstOrSecond":"The second time the objects were shown"},"question_order":[0,1],"trial_type":"survey-multi-choice","trial_index":215,"time_elapsed":1427784,"subject_id":"78052"}]