[{"rt":6738,"url":"consent.html","trial_type":"external-html","trial_index":0,"time_elapsed":6764,"subject_id":"77277"},{"view_history":[{"page_index":0,"viewing_time":3865}],"rt":3866,"trial_type":"instructions","trial_index":1,"time_elapsed":10632,"subject_id":"77277"},{"rt":10967,"stimulus":0,"slider_start":100,"sprites":"animalCrackers","response":90,"absDeviation":40,"callibration":"callibration","block":-1,"seed":0,"numerosity":50,"matchType":"callibration","which":"first","trial_type":"numerosity-estimation","trial_index":2,"time_elapsed":21607,"subject_id":"77277"},{"rt":5451,"stimulus":1,"slider_start":100,"sprites":"letters","response":100,"absDeviation":36,"callibration":"callibration","block":-1,"seed":1,"numerosity":64,"matchType":"callibration","which":"first","trial_type":"numerosity-estimation","trial_index":3,"time_elapsed":27063,"subject_id":"77277"},{"rt":3769,"stimulus":2,"slider_start":100,"sprites":"butterflies","response":100,"absDeviation":22,"callibration":"callibration","block":-1,"seed":2,"numerosity":78,"matchType":"callibration","which":"first","trial_type":"numerosity-estimation","trial_index":4,"time_elapsed":30837,"subject_id":"77277"},{"rt":2210,"stimulus":3,"slider_start":100,"sprites":"hearts","response":100,"absDeviation":8,"callibration":"callibration","block":-1,"seed":3,"numerosity":92,"matchType":"callibration","which":"first","trial_type":"numerosity-estimation","trial_index":5,"time_elapsed":33052,"subject_id":"77277"},{"rt":1879,"stimulus":4,"slider_start":100,"sprites":"crackers","response":100,"absDeviation":7,"callibration":"callibration","block":-1,"seed":4,"numerosity":107,"matchType":"callibration","which":"first","trial_type":"numerosity-estimation","trial_index":6,"time_elapsed":34936,"subject_id":"77277"},{"rt":1752,"stimulus":5,"slider_start":100,"sprites":"bears","response":100,"absDeviation":21,"callibration":"callibration","block":-1,"seed":5,"numerosity":121,"matchType":"callibration","which":"first","trial_type":"numerosity-estimation","trial_index":7,"time_elapsed":36693,"subject_id":"77277"},{"rt":2913,"stimulus":6,"slider_start":100,"sprites":"fruits","response":100,"absDeviation":35,"callibration":"callibration","block":-1,"seed":6,"numerosity":135,"matchType":"callibration","which":"first","trial_type":"numerosity-estimation","trial_index":8,"time_elapsed":39612,"subject_id":"77277"},{"rt":9429,"stimulus":7,"slider_start":100,"sprites":"jellyBeans","response":149,"absDeviation":1,"callibration":"callibration","block":-1,"seed":7,"numerosity":150,"matchType":"callibration","which":"first","trial_type":"numerosity-estimation","trial_index":9,"time_elapsed":49045,"subject_id":"77277"},{"view_history":[{"page_index":0,"viewing_time":3719}],"rt":3720,"trial_type":"instructions","trial_index":10,"time_elapsed":52766,"subject_id":"77277"},{"rt":8457,"stimulus":1,"slider_start":100,"sprites":"letters","response":87,"absDeviation":5,"callibration":"test","block":0,"seed":1,"numerosity":92,"matchType":"paired","which":"first","trial_type":"numerosity-estimation","trial_index":11,"time_elapsed":61227,"subject_id":"77277"},{"rt":5453,"stimulus":1,"slider_start":100,"sprites":"letters","response":111,"absDeviation":19,"callibration":"test","block":0,"seed":1,"numerosity":92,"matchType":"paired","which":"second","trial_type":"numerosity-estimation","trial_index":12,"time_elapsed":66684,"subject_id":"77277"},{"rt":6939,"stimulus":3,"slider_start":100,"sprites":"hearts","response":58,"absDeviation":8,"callibration":"test","block":0,"seed":3,"numerosity":50,"matchType":"unpaired","which":"first","trial_type":"numerosity-estimation","trial_index":13,"time_elapsed":73628,"subject_id":"77277"},{"rt":8934,"stimulus":4,"slider_start":100,"sprites":"crackers","response":109,"absDeviation":2,"callibration":"test","block":0,"seed":4,"numerosity":107,"matchType":"unpaired","which":"first","trial_type":"numerosity-estimation","trial_index":14,"time_elapsed":82566,"subject_id":"77277"},{"rt":7493,"stimulus":5,"slider_start":100,"sprites":"bears","response":54,"absDeviation":4,"callibration":"test","block":0,"seed":5,"numerosity":50,"matchType":"paired","which":"first","trial_type":"numerosity-estimation","trial_index":15,"time_elapsed":90063,"subject_id":"77277"},{"rt":7275,"stimulus":5,"slider_start":100,"sprites":"bears","response":43,"absDeviation":7,"callibration":"test","block":0,"seed":5,"numerosity":50,"matchType":"paired","which":"second","trial_type":"numerosity-estimation","trial_index":16,"time_elapsed":97343,"subject_id":"77277"},{"rt":10811,"stimulus":7,"slider_start":100,"sprites":"jellyBeans","response":41,"absDeviation":9,"callibration":"test","block":0,"seed":7,"numerosity":50,"matchType":"unpaired","which":"first","trial_type":"numerosity-estimation","trial_index":17,"time_elapsed":108159,"subject_id":"77277"},{"rt":7977,"stimulus":8,"slider_start":100,"sprites":"marbles","response":60,"absDeviation":32,"callibration":"test","block":0,"seed":8,"numerosity":92,"matchType":"unpaired","which":"first","trial_type":"numerosity-estimation","trial_index":18,"time_elapsed":116140,"subject_id":"77277"},{"rt":6995,"stimulus":9,"slider_start":100,"sprites":"mints","response":140,"absDeviation":5,"callibration":"test","block":0,"seed":9,"numerosity":135,"matchType":"paired","which":"first","trial_type":"numerosity-estimation","trial_index":19,"time_elapsed":123139,"subject_id":"77277"},{"rt":6315,"stimulus":9,"slider_start":100,"sprites":"mints","response":135,"absDeviation":0,"callibration":"test","block":0,"seed":9,"numerosity":135,"matchType":"paired","which":"second","trial_type":"numerosity-estimation","trial_index":20,"time_elapsed":129459,"subject_id":"77277"},{"rt":8501,"stimulus":11,"slider_start":100,"sprites":"buttons","response":135,"absDeviation":28,"callibration":"test","block":0,"seed":11,"numerosity":107,"matchType":"unpaired","which":"first","trial_type":"numerosity-estimation","trial_index":21,"time_elapsed":137965,"subject_id":"77277"},{"rt":8446,"stimulus":12,"slider_start":100,"sprites":"animalCrackers","response":86,"absDeviation":6,"callibration":"test","block":0,"seed":12,"numerosity":92,"matchType":"unpaired","which":"first","trial_type":"numerosity-estimation","trial_index":22,"time_elapsed":146415,"subject_id":"77277"},{"rt":9967,"stimulus":13,"slider_start":100,"sprites":"letters","response":113,"absDeviation":6,"callibration":"test","block":0,"seed":13,"numerosity":107,"matchType":"paired","which":"first","trial_type":"numerosity-estimation","trial_index":23,"time_elapsed":156387,"subject_id":"77277"},{"rt":6584,"stimulus":13,"slider_start":100,"sprites":"letters","response":99,"absDeviation":8,"callibration":"test","block":0,"seed":13,"numerosity":107,"matchType":"paired","which":"second","trial_type":"numerosity-estimation","trial_index":24,"time_elapsed":162976,"subject_id":"77277"},{"rt":6872,"stimulus":15,"slider_start":100,"sprites":"hearts","response":128,"absDeviation":7,"callibration":"test","block":0,"seed":15,"numerosity":121,"matchType":"unpaired","which":"first","trial_type":"numerosity-estimation","trial_index":25,"time_elapsed":169852,"subject_id":"77277"},{"rt":7076,"stimulus":16,"slider_start":100,"sprites":"crackers","response":43,"absDeviation":21,"callibration":"test","block":0,"seed":16,"numerosity":64,"matchType":"unpaired","which":"first","trial_type":"numerosity-estimation","trial_index":26,"time_elapsed":176933,"subject_id":"77277"},{"rt":37614,"stimulus":"<p> For the last block of trials, the average deviation of your guesses from correct answers was 10.</p>\n     <p>The smaller the deviation the better.  Your deviation was <b> AMAZINGLY good</b>.</p><br>\n       <p>Press any key to continue to the next block of trials</p>","response":" ","trial_type":"html-keyboard-response","trial_index":27,"time_elapsed":214551,"subject_id":"77277"},{"rt":10162,"stimulus":17,"slider_start":100,"sprites":"bears","response":54,"absDeviation":38,"callibration":"test","block":1,"seed":17,"numerosity":92,"matchType":"paired","which":"first","trial_type":"numerosity-estimation","trial_index":28,"time_elapsed":224717,"subject_id":"77277"},{"rt":8441,"stimulus":17,"slider_start":100,"sprites":"bears","response":78,"absDeviation":14,"callibration":"test","block":1,"seed":17,"numerosity":92,"matchType":"paired","which":"second","trial_type":"numerosity-estimation","trial_index":29,"time_elapsed":233163,"subject_id":"77277"},{"rt":7891,"stimulus":19,"slider_start":100,"sprites":"jellyBeans","response":107,"absDeviation":28,"callibration":"test","block":1,"seed":19,"numerosity":135,"matchType":"unpaired","which":"first","trial_type":"numerosity-estimation","trial_index":30,"time_elapsed":241059,"subject_id":"77277"},{"rt":7580,"stimulus":20,"slider_start":100,"sprites":"marbles","response":42,"absDeviation":36,"callibration":"test","block":1,"seed":20,"numerosity":78,"matchType":"unpaired","which":"first","trial_type":"numerosity-estimation","trial_index":31,"time_elapsed":248644,"subject_id":"77277"},{"rt":10092,"stimulus":21,"slider_start":100,"sprites":"mints","response":88,"absDeviation":4,"callibration":"test","block":1,"seed":21,"numerosity":92,"matchType":"paired","which":"first","trial_type":"numerosity-estimation","trial_index":32,"time_elapsed":258741,"subject_id":"77277"},{"rt":6678,"stimulus":21,"slider_start":100,"sprites":"mints","response":75,"absDeviation":17,"callibration":"test","block":1,"seed":21,"numerosity":92,"matchType":"paired","which":"second","trial_type":"numerosity-estimation","trial_index":33,"time_elapsed":265421,"subject_id":"77277"},{"rt":7805,"stimulus":23,"slider_start":100,"sprites":"buttons","response":136,"absDeviation":14,"callibration":"test","block":1,"seed":23,"numerosity":150,"matchType":"unpaired","which":"first","trial_type":"numerosity-estimation","trial_index":34,"time_elapsed":273230,"subject_id":"77277"},{"rt":6114,"stimulus":24,"slider_start":100,"sprites":"animalCrackers","response":82,"absDeviation":25,"callibration":"test","block":1,"seed":24,"numerosity":107,"matchType":"unpaired","which":"first","trial_type":"numerosity-estimation","trial_index":35,"time_elapsed":279349,"subject_id":"77277"},{"rt":7848,"stimulus":25,"slider_start":100,"sprites":"letters","response":72,"absDeviation":35,"callibration":"test","block":1,"seed":25,"numerosity":107,"matchType":"paired","which":"first","trial_type":"numerosity-estimation","trial_index":36,"time_elapsed":287202,"subject_id":"77277"},{"rt":7402,"stimulus":25,"slider_start":100,"sprites":"letters","response":112,"absDeviation":5,"callibration":"test","block":1,"seed":25,"numerosity":107,"matchType":"paired","which":"second","trial_type":"numerosity-estimation","trial_index":37,"time_elapsed":294607,"subject_id":"77277"},{"rt":9774,"stimulus":27,"slider_start":100,"sprites":"hearts","response":83,"absDeviation":38,"callibration":"test","block":1,"seed":27,"numerosity":121,"matchType":"unpaired","which":"first","trial_type":"numerosity-estimation","trial_index":38,"time_elapsed":304385,"subject_id":"77277"},{"rt":5737,"stimulus":28,"slider_start":100,"sprites":"crackers","response":144,"absDeviation":6,"callibration":"test","block":1,"seed":28,"numerosity":150,"matchType":"unpaired","which":"first","trial_type":"numerosity-estimation","trial_index":39,"time_elapsed":310125,"subject_id":"77277"},{"rt":6130,"stimulus":29,"slider_start":100,"sprites":"bears","response":36,"absDeviation":28,"callibration":"test","block":1,"seed":29,"numerosity":64,"matchType":"paired","which":"first","trial_type":"numerosity-estimation","trial_index":40,"time_elapsed":316259,"subject_id":"77277"},{"rt":7285,"stimulus":29,"slider_start":100,"sprites":"bears","response":30,"absDeviation":34,"callibration":"test","block":1,"seed":29,"numerosity":64,"matchType":"paired","which":"second","trial_type":"numerosity-estimation","trial_index":41,"time_elapsed":323549,"subject_id":"77277"},{"rt":6478,"stimulus":31,"slider_start":100,"sprites":"jellyBeans","response":120,"absDeviation":30,"callibration":"test","block":1,"seed":31,"numerosity":150,"matchType":"unpaired","which":"first","trial_type":"numerosity-estimation","trial_index":42,"time_elapsed":330031,"subject_id":"77277"},{"rt":5501,"stimulus":32,"slider_start":100,"sprites":"marbles","response":87,"absDeviation":48,"callibration":"test","block":1,"seed":32,"numerosity":135,"matchType":"unpaired","which":"first","trial_type":"numerosity-estimation","trial_index":43,"time_elapsed":335536,"subject_id":"77277"},{"rt":7301,"stimulus":"<p> For the last block of trials, the average deviation of your guesses from correct answers was 25.</p>\n     <p>The smaller the deviation the better.  Your deviation was <b> good</b>.</p><br>\n       <p>Press any key to continue to the next block of trials</p>","response":" ","trial_type":"html-keyboard-response","trial_index":44,"time_elapsed":342840,"subject_id":"77277"},{"rt":10885,"stimulus":33,"slider_start":100,"sprites":"mints","response":114,"absDeviation":7,"callibration":"test","block":2,"seed":33,"numerosity":121,"matchType":"paired","which":"first","trial_type":"numerosity-estimation","trial_index":45,"time_elapsed":353728,"subject_id":"77277"},{"rt":6402,"stimulus":33,"slider_start":100,"sprites":"mints","response":75,"absDeviation":46,"callibration":"test","block":2,"seed":33,"numerosity":121,"matchType":"paired","which":"second","trial_type":"numerosity-estimation","trial_index":46,"time_elapsed":360133,"subject_id":"77277"},{"rt":7942,"stimulus":35,"slider_start":100,"sprites":"buttons","response":46,"absDeviation":32,"callibration":"test","block":2,"seed":35,"numerosity":78,"matchType":"unpaired","which":"first","trial_type":"numerosity-estimation","trial_index":47,"time_elapsed":368079,"subject_id":"77277"},{"rt":6734,"stimulus":36,"slider_start":100,"sprites":"animalCrackers","response":41,"absDeviation":9,"callibration":"test","block":2,"seed":36,"numerosity":50,"matchType":"unpaired","which":"first","trial_type":"numerosity-estimation","trial_index":48,"time_elapsed":374818,"subject_id":"77277"},{"rt":6574,"stimulus":37,"slider_start":100,"sprites":"letters","response":109,"absDeviation":26,"callibration":"test","block":2,"seed":37,"numerosity":135,"matchType":"paired","which":"first","trial_type":"numerosity-estimation","trial_index":49,"time_elapsed":381396,"subject_id":"77277"},{"rt":5044,"stimulus":37,"slider_start":100,"sprites":"letters","response":122,"absDeviation":13,"callibration":"test","block":2,"seed":37,"numerosity":135,"matchType":"paired","which":"second","trial_type":"numerosity-estimation","trial_index":50,"time_elapsed":386444,"subject_id":"77277"},{"rt":5954,"stimulus":39,"slider_start":100,"sprites":"hearts","response":84,"absDeviation":6,"callibration":"test","block":2,"seed":39,"numerosity":78,"matchType":"unpaired","which":"first","trial_type":"numerosity-estimation","trial_index":51,"time_elapsed":392403,"subject_id":"77277"},{"rt":10653,"stimulus":40,"slider_start":100,"sprites":"crackers","response":96,"absDeviation":25,"callibration":"test","block":2,"seed":40,"numerosity":121,"matchType":"unpaired","which":"first","trial_type":"numerosity-estimation","trial_index":52,"time_elapsed":403062,"subject_id":"77277"},{"rt":8163,"stimulus":41,"slider_start":100,"sprites":"bears","response":35,"absDeviation":15,"callibration":"test","block":2,"seed":41,"numerosity":50,"matchType":"paired","which":"first","trial_type":"numerosity-estimation","trial_index":53,"time_elapsed":411229,"subject_id":"77277"},{"rt":8112,"stimulus":41,"slider_start":100,"sprites":"bears","response":36,"absDeviation":14,"callibration":"test","block":2,"seed":41,"numerosity":50,"matchType":"paired","which":"second","trial_type":"numerosity-estimation","trial_index":54,"time_elapsed":419345,"subject_id":"77277"},{"rt":7936,"stimulus":43,"slider_start":100,"sprites":"jellyBeans","response":45,"absDeviation":19,"callibration":"test","block":2,"seed":43,"numerosity":64,"matchType":"unpaired","which":"first","trial_type":"numerosity-estimation","trial_index":55,"time_elapsed":427285,"subject_id":"77277"},{"rt":7832,"stimulus":44,"slider_start":100,"sprites":"marbles","response":76,"absDeviation":45,"callibration":"test","block":2,"seed":44,"numerosity":121,"matchType":"unpaired","which":"first","trial_type":"numerosity-estimation","trial_index":56,"time_elapsed":435122,"subject_id":"77277"},{"rt":8441,"stimulus":45,"slider_start":100,"sprites":"mints","response":119,"absDeviation":2,"callibration":"test","block":2,"seed":45,"numerosity":121,"matchType":"paired","which":"first","trial_type":"numerosity-estimation","trial_index":57,"time_elapsed":443569,"subject_id":"77277"},{"rt":8172,"stimulus":45,"slider_start":100,"sprites":"mints","response":120,"absDeviation":1,"callibration":"test","block":2,"seed":45,"numerosity":121,"matchType":"paired","which":"second","trial_type":"numerosity-estimation","trial_index":58,"time_elapsed":451745,"subject_id":"77277"},{"rt":7027,"stimulus":47,"slider_start":100,"sprites":"buttons","response":125,"absDeviation":4,"callibration":"test","block":2,"seed":47,"numerosity":121,"matchType":"unpaired","which":"first","trial_type":"numerosity-estimation","trial_index":59,"time_elapsed":458776,"subject_id":"77277"},{"rt":7652,"stimulus":48,"slider_start":100,"sprites":"animalCrackers","response":82,"absDeviation":53,"callibration":"test","block":2,"seed":48,"numerosity":135,"matchType":"unpaired","which":"first","trial_type":"numerosity-estimation","trial_index":60,"time_elapsed":466433,"subject_id":"77277"},{"rt":10608,"stimulus":"<p> For the last block of trials, the average deviation of your guesses from correct answers was 20.</p>\n     <p>The smaller the deviation the better.  Your deviation was <b> VERY good</b>.</p><br>\n       <p>Press any key to continue to the next block of trials</p>","response":" ","trial_type":"html-keyboard-response","trial_index":61,"time_elapsed":477043,"subject_id":"77277"},{"rt":5962,"stimulus":49,"slider_start":100,"sprites":"letters","response":47,"absDeviation":31,"callibration":"test","block":3,"seed":49,"numerosity":78,"matchType":"paired","which":"first","trial_type":"numerosity-estimation","trial_index":62,"time_elapsed":483008,"subject_id":"77277"},{"rt":6299,"stimulus":49,"slider_start":100,"sprites":"letters","response":53,"absDeviation":25,"callibration":"test","block":3,"seed":49,"numerosity":78,"matchType":"paired","which":"second","trial_type":"numerosity-estimation","trial_index":63,"time_elapsed":489311,"subject_id":"77277"},{"rt":7072,"stimulus":51,"slider_start":100,"sprites":"hearts","response":110,"absDeviation":40,"callibration":"test","block":3,"seed":51,"numerosity":150,"matchType":"unpaired","which":"first","trial_type":"numerosity-estimation","trial_index":64,"time_elapsed":496388,"subject_id":"77277"},{"rt":6057,"stimulus":52,"slider_start":100,"sprites":"crackers","response":65,"absDeviation":13,"callibration":"test","block":3,"seed":52,"numerosity":78,"matchType":"unpaired","which":"first","trial_type":"numerosity-estimation","trial_index":65,"time_elapsed":502448,"subject_id":"77277"},{"rt":6384,"stimulus":53,"slider_start":100,"sprites":"bears","response":40,"absDeviation":10,"callibration":"test","block":3,"seed":53,"numerosity":50,"matchType":"paired","which":"first","trial_type":"numerosity-estimation","trial_index":66,"time_elapsed":508836,"subject_id":"77277"},{"rt":9135,"stimulus":53,"slider_start":100,"sprites":"bears","response":45,"absDeviation":5,"callibration":"test","block":3,"seed":53,"numerosity":50,"matchType":"paired","which":"second","trial_type":"numerosity-estimation","trial_index":67,"time_elapsed":517976,"subject_id":"77277"},{"rt":8551,"stimulus":55,"slider_start":100,"sprites":"jellyBeans","response":79,"absDeviation":42,"callibration":"test","block":3,"seed":55,"numerosity":121,"matchType":"unpaired","which":"first","trial_type":"numerosity-estimation","trial_index":68,"time_elapsed":526531,"subject_id":"77277"},{"rt":6220,"stimulus":56,"slider_start":100,"sprites":"marbles","response":50,"absDeviation":14,"callibration":"test","block":3,"seed":56,"numerosity":64,"matchType":"unpaired","which":"first","trial_type":"numerosity-estimation","trial_index":69,"time_elapsed":532756,"subject_id":"77277"},{"rt":12185,"stimulus":57,"slider_start":100,"sprites":"mints","response":41,"absDeviation":23,"callibration":"test","block":3,"seed":57,"numerosity":64,"matchType":"paired","which":"first","trial_type":"numerosity-estimation","trial_index":70,"time_elapsed":544946,"subject_id":"77277"},{"rt":8512,"stimulus":57,"slider_start":100,"sprites":"mints","response":34,"absDeviation":30,"callibration":"test","block":3,"seed":57,"numerosity":64,"matchType":"paired","which":"second","trial_type":"numerosity-estimation","trial_index":71,"time_elapsed":553464,"subject_id":"77277"},{"rt":8728,"stimulus":59,"slider_start":100,"sprites":"buttons","response":115,"absDeviation":20,"callibration":"test","block":3,"seed":59,"numerosity":135,"matchType":"unpaired","which":"first","trial_type":"numerosity-estimation","trial_index":72,"time_elapsed":562196,"subject_id":"77277"},{"rt":7495,"stimulus":60,"slider_start":100,"sprites":"animalCrackers","response":139,"absDeviation":11,"callibration":"test","block":3,"seed":60,"numerosity":150,"matchType":"unpaired","which":"first","trial_type":"numerosity-estimation","trial_index":73,"time_elapsed":569696,"subject_id":"77277"},{"rt":7122,"stimulus":61,"slider_start":100,"sprites":"letters","response":40,"absDeviation":10,"callibration":"test","block":3,"seed":61,"numerosity":50,"matchType":"paired","which":"first","trial_type":"numerosity-estimation","trial_index":74,"time_elapsed":576823,"subject_id":"77277"},{"rt":12542,"stimulus":61,"slider_start":100,"sprites":"letters","response":39,"absDeviation":11,"callibration":"test","block":3,"seed":61,"numerosity":50,"matchType":"paired","which":"second","trial_type":"numerosity-estimation","trial_index":75,"time_elapsed":589369,"subject_id":"77277"},{"rt":5790,"stimulus":63,"slider_start":100,"sprites":"hearts","response":53,"absDeviation":11,"callibration":"test","block":3,"seed":63,"numerosity":64,"matchType":"unpaired","which":"first","trial_type":"numerosity-estimation","trial_index":76,"time_elapsed":595162,"subject_id":"77277"},{"rt":7197,"stimulus":64,"slider_start":100,"sprites":"crackers","response":106,"absDeviation":29,"callibration":"test","block":3,"seed":64,"numerosity":135,"matchType":"unpaired","which":"first","trial_type":"numerosity-estimation","trial_index":77,"time_elapsed":602363,"subject_id":"77277"},{"rt":6543,"stimulus":"<p> For the last block of trials, the average deviation of your guesses from correct answers was 20.</p>\n     <p>The smaller the deviation the better.  Your deviation was <b> VERY good</b>.</p><br>\n       <p>Press any key to continue to the next block of trials</p>","response":" ","trial_type":"html-keyboard-response","trial_index":78,"time_elapsed":608909,"subject_id":"77277"},{"rt":8306,"stimulus":65,"slider_start":100,"sprites":"bears","response":74,"absDeviation":33,"callibration":"test","block":4,"seed":65,"numerosity":107,"matchType":"paired","which":"first","trial_type":"numerosity-estimation","trial_index":79,"time_elapsed":617219,"subject_id":"77277"},{"rt":6632,"stimulus":65,"slider_start":100,"sprites":"bears","response":67,"absDeviation":40,"callibration":"test","block":4,"seed":65,"numerosity":107,"matchType":"paired","which":"second","trial_type":"numerosity-estimation","trial_index":80,"time_elapsed":623855,"subject_id":"77277"},{"rt":8824,"stimulus":67,"slider_start":100,"sprites":"jellyBeans","response":58,"absDeviation":49,"callibration":"test","block":4,"seed":67,"numerosity":107,"matchType":"unpaired","which":"first","trial_type":"numerosity-estimation","trial_index":81,"time_elapsed":632684,"subject_id":"77277"},{"rt":7367,"stimulus":68,"slider_start":100,"sprites":"marbles","response":53,"absDeviation":97,"callibration":"test","block":4,"seed":68,"numerosity":150,"matchType":"unpaired","which":"first","trial_type":"numerosity-estimation","trial_index":82,"time_elapsed":640056,"subject_id":"77277"},{"rt":5537,"stimulus":69,"slider_start":100,"sprites":"mints","response":111,"absDeviation":10,"callibration":"test","block":4,"seed":69,"numerosity":121,"matchType":"paired","which":"first","trial_type":"numerosity-estimation","trial_index":83,"time_elapsed":645596,"subject_id":"77277"},{"rt":5693,"stimulus":69,"slider_start":100,"sprites":"mints","response":107,"absDeviation":14,"callibration":"test","block":4,"seed":69,"numerosity":121,"matchType":"paired","which":"second","trial_type":"numerosity-estimation","trial_index":84,"time_elapsed":651294,"subject_id":"77277"},{"rt":3957,"stimulus":71,"slider_start":100,"sprites":"buttons","response":85,"absDeviation":22,"callibration":"test","block":4,"seed":71,"numerosity":107,"matchType":"unpaired","which":"first","trial_type":"numerosity-estimation","trial_index":85,"time_elapsed":655255,"subject_id":"77277"},{"rt":6845,"stimulus":72,"slider_start":100,"sprites":"animalCrackers","response":50,"absDeviation":0,"callibration":"test","block":4,"seed":72,"numerosity":50,"matchType":"unpaired","which":"first","trial_type":"numerosity-estimation","trial_index":86,"time_elapsed":662105,"subject_id":"77277"},{"rt":5857,"stimulus":73,"slider_start":100,"sprites":"letters","response":41,"absDeviation":37,"callibration":"test","block":4,"seed":73,"numerosity":78,"matchType":"paired","which":"first","trial_type":"numerosity-estimation","trial_index":87,"time_elapsed":667967,"subject_id":"77277"},{"rt":6814,"stimulus":73,"slider_start":100,"sprites":"letters","response":63,"absDeviation":15,"callibration":"test","block":4,"seed":73,"numerosity":78,"matchType":"paired","which":"second","trial_type":"numerosity-estimation","trial_index":88,"time_elapsed":674786,"subject_id":"77277"},{"rt":7029,"stimulus":75,"slider_start":100,"sprites":"hearts","response":85,"absDeviation":7,"callibration":"test","block":4,"seed":75,"numerosity":92,"matchType":"unpaired","which":"first","trial_type":"numerosity-estimation","trial_index":89,"time_elapsed":681819,"subject_id":"77277"},{"rt":13430,"stimulus":76,"slider_start":100,"sprites":"crackers","response":49,"absDeviation":15,"callibration":"test","block":4,"seed":76,"numerosity":64,"matchType":"unpaired","which":"first","trial_type":"numerosity-estimation","trial_index":90,"time_elapsed":695254,"subject_id":"77277"},{"rt":7856,"stimulus":77,"slider_start":100,"sprites":"bears","response":114,"absDeviation":21,"callibration":"test","block":4,"seed":77,"numerosity":135,"matchType":"paired","which":"first","trial_type":"numerosity-estimation","trial_index":91,"time_elapsed":703114,"subject_id":"77277"},{"rt":8064,"stimulus":77,"slider_start":100,"sprites":"bears","response":118,"absDeviation":17,"callibration":"test","block":4,"seed":77,"numerosity":135,"matchType":"paired","which":"second","trial_type":"numerosity-estimation","trial_index":92,"time_elapsed":711183,"subject_id":"77277"},{"rt":8494,"stimulus":79,"slider_start":100,"sprites":"jellyBeans","response":36,"absDeviation":14,"callibration":"test","block":4,"seed":79,"numerosity":50,"matchType":"unpaired","which":"first","trial_type":"numerosity-estimation","trial_index":93,"time_elapsed":719681,"subject_id":"77277"},{"rt":11258,"stimulus":80,"slider_start":100,"sprites":"marbles","response":54,"absDeviation":67,"callibration":"test","block":4,"seed":80,"numerosity":121,"matchType":"unpaired","which":"first","trial_type":"numerosity-estimation","trial_index":94,"time_elapsed":730944,"subject_id":"77277"},{"rt":5257,"stimulus":"<p> For the last block of trials, the average deviation of your guesses from correct answers was 29.</p>\n     <p>The smaller the deviation the better.  Your deviation was <b> good</b>.</p><br>\n       <p>Press any key to continue to the next block of trials</p>","response":" ","trial_type":"html-keyboard-response","trial_index":95,"time_elapsed":736203,"subject_id":"77277"},{"rt":10908,"stimulus":81,"slider_start":100,"sprites":"mints","response":111,"absDeviation":10,"callibration":"test","block":5,"seed":81,"numerosity":121,"matchType":"paired","which":"first","trial_type":"numerosity-estimation","trial_index":96,"time_elapsed":747115,"subject_id":"77277"},{"rt":9578,"stimulus":81,"slider_start":100,"sprites":"mints","response":83,"absDeviation":38,"callibration":"test","block":5,"seed":81,"numerosity":121,"matchType":"paired","which":"second","trial_type":"numerosity-estimation","trial_index":97,"time_elapsed":756698,"subject_id":"77277"},{"rt":9278,"stimulus":83,"slider_start":100,"sprites":"buttons","response":112,"absDeviation":9,"callibration":"test","block":5,"seed":83,"numerosity":121,"matchType":"unpaired","which":"first","trial_type":"numerosity-estimation","trial_index":98,"time_elapsed":765981,"subject_id":"77277"},{"rt":6445,"stimulus":84,"slider_start":100,"sprites":"animalCrackers","response":48,"absDeviation":2,"callibration":"test","block":5,"seed":84,"numerosity":50,"matchType":"unpaired","which":"first","trial_type":"numerosity-estimation","trial_index":99,"time_elapsed":772432,"subject_id":"77277"},{"rt":10259,"stimulus":85,"slider_start":100,"sprites":"letters","response":51,"absDeviation":13,"callibration":"test","block":5,"seed":85,"numerosity":64,"matchType":"paired","which":"first","trial_type":"numerosity-estimation","trial_index":100,"time_elapsed":782695,"subject_id":"77277"},{"rt":6210,"stimulus":85,"slider_start":100,"sprites":"letters","response":39,"absDeviation":25,"callibration":"test","block":5,"seed":85,"numerosity":64,"matchType":"paired","which":"second","trial_type":"numerosity-estimation","trial_index":101,"time_elapsed":788910,"subject_id":"77277"},{"rt":8584,"stimulus":87,"slider_start":100,"sprites":"hearts","response":46,"absDeviation":4,"callibration":"test","block":5,"seed":87,"numerosity":50,"matchType":"unpaired","which":"first","trial_type":"numerosity-estimation","trial_index":102,"time_elapsed":797499,"subject_id":"77277"},{"rt":4528,"stimulus":88,"slider_start":100,"sprites":"crackers","response":107,"absDeviation":28,"callibration":"test","block":5,"seed":88,"numerosity":135,"matchType":"unpaired","which":"first","trial_type":"numerosity-estimation","trial_index":103,"time_elapsed":802032,"subject_id":"77277"},{"rt":8918,"stimulus":89,"slider_start":100,"sprites":"bears","response":41,"absDeviation":9,"callibration":"test","block":5,"seed":89,"numerosity":50,"matchType":"paired","which":"first","trial_type":"numerosity-estimation","trial_index":104,"time_elapsed":810954,"subject_id":"77277"},{"rt":6817,"stimulus":89,"slider_start":100,"sprites":"bears","response":42,"absDeviation":8,"callibration":"test","block":5,"seed":89,"numerosity":50,"matchType":"paired","which":"second","trial_type":"numerosity-estimation","trial_index":105,"time_elapsed":817776,"subject_id":"77277"},{"rt":6410,"stimulus":91,"slider_start":100,"sprites":"jellyBeans","response":62,"absDeviation":30,"callibration":"test","block":5,"seed":91,"numerosity":92,"matchType":"unpaired","which":"first","trial_type":"numerosity-estimation","trial_index":106,"time_elapsed":824190,"subject_id":"77277"},{"rt":5915,"stimulus":92,"slider_start":100,"sprites":"marbles","response":91,"absDeviation":30,"callibration":"test","block":5,"seed":92,"numerosity":121,"matchType":"unpaired","which":"first","trial_type":"numerosity-estimation","trial_index":107,"time_elapsed":830110,"subject_id":"77277"},{"rt":11322,"stimulus":93,"slider_start":100,"sprites":"mints","response":67,"absDeviation":11,"callibration":"test","block":5,"seed":93,"numerosity":78,"matchType":"paired","which":"first","trial_type":"numerosity-estimation","trial_index":108,"time_elapsed":841436,"subject_id":"77277"},{"rt":5508,"stimulus":93,"slider_start":100,"sprites":"mints","response":87,"absDeviation":9,"callibration":"test","block":5,"seed":93,"numerosity":78,"matchType":"paired","which":"second","trial_type":"numerosity-estimation","trial_index":109,"time_elapsed":846949,"subject_id":"77277"},{"rt":4724,"stimulus":95,"slider_start":100,"sprites":"buttons","response":60,"absDeviation":4,"callibration":"test","block":5,"seed":95,"numerosity":64,"matchType":"unpaired","which":"first","trial_type":"numerosity-estimation","trial_index":110,"time_elapsed":851678,"subject_id":"77277"},{"rt":6302,"stimulus":96,"slider_start":100,"sprites":"animalCrackers","response":76,"absDeviation":16,"callibration":"test","block":5,"seed":96,"numerosity":92,"matchType":"unpaired","which":"first","trial_type":"numerosity-estimation","trial_index":111,"time_elapsed":857984,"subject_id":"77277"},{"rt":10885,"stimulus":"<p> For the last block of trials, the average deviation of your guesses from correct answers was 15.</p>\n     <p>The smaller the deviation the better.  Your deviation was <b> VERY good</b>.</p><br>\n       <p>Press any key to continue to the next block of trials</p>","response":" ","trial_type":"html-keyboard-response","trial_index":112,"time_elapsed":868871,"subject_id":"77277"},{"rt":6585,"stimulus":2,"slider_start":100,"sprites":"butterflies","response":87,"absDeviation":48,"callibration":"test","block":6,"seed":2,"numerosity":135,"matchType":"paired","which":"first","trial_type":"numerosity-estimation","trial_index":113,"time_elapsed":875459,"subject_id":"77277"},{"rt":3609,"stimulus":2,"slider_start":100,"sprites":"butterflies","response":114,"absDeviation":21,"callibration":"test","block":6,"seed":2,"numerosity":135,"matchType":"paired","which":"second","trial_type":"numerosity-estimation","trial_index":114,"time_elapsed":879071,"subject_id":"77277"},{"rt":7034,"stimulus":3,"slider_start":100,"sprites":"hearts","response":39,"absDeviation":11,"callibration":"test","block":6,"seed":3,"numerosity":50,"matchType":"unpaired","which":"second","trial_type":"numerosity-estimation","trial_index":115,"time_elapsed":886110,"subject_id":"77277"},{"rt":8060,"stimulus":4,"slider_start":100,"sprites":"crackers","response":76,"absDeviation":31,"callibration":"test","block":6,"seed":4,"numerosity":107,"matchType":"unpaired","which":"second","trial_type":"numerosity-estimation","trial_index":116,"time_elapsed":894175,"subject_id":"77277"},{"rt":11633,"stimulus":6,"slider_start":100,"sprites":"fruits","response":59,"absDeviation":19,"callibration":"test","block":6,"seed":6,"numerosity":78,"matchType":"paired","which":"first","trial_type":"numerosity-estimation","trial_index":117,"time_elapsed":905813,"subject_id":"77277"},{"rt":41637,"stimulus":6,"slider_start":100,"sprites":"fruits","response":69,"absDeviation":9,"callibration":"test","block":6,"seed":6,"numerosity":78,"matchType":"paired","which":"second","trial_type":"numerosity-estimation","trial_index":118,"time_elapsed":947455,"subject_id":"77277"},{"rt":5285,"stimulus":7,"slider_start":100,"sprites":"jellyBeans","response":41,"absDeviation":9,"callibration":"test","block":6,"seed":7,"numerosity":50,"matchType":"unpaired","which":"second","trial_type":"numerosity-estimation","trial_index":119,"time_elapsed":952745,"subject_id":"77277"},{"rt":7521,"stimulus":8,"slider_start":100,"sprites":"marbles","response":53,"absDeviation":39,"callibration":"test","block":6,"seed":8,"numerosity":92,"matchType":"unpaired","which":"second","trial_type":"numerosity-estimation","trial_index":120,"time_elapsed":960272,"subject_id":"77277"},{"rt":5242,"stimulus":10,"slider_start":100,"sprites":"rocks","response":39,"absDeviation":11,"callibration":"test","block":6,"seed":10,"numerosity":50,"matchType":"paired","which":"first","trial_type":"numerosity-estimation","trial_index":121,"time_elapsed":965518,"subject_id":"77277"},{"rt":10077,"stimulus":10,"slider_start":100,"sprites":"rocks","response":45,"absDeviation":5,"callibration":"test","block":6,"seed":10,"numerosity":50,"matchType":"paired","which":"second","trial_type":"numerosity-estimation","trial_index":122,"time_elapsed":975600,"subject_id":"77277"},{"rt":6266,"stimulus":11,"slider_start":100,"sprites":"buttons","response":110,"absDeviation":3,"callibration":"test","block":6,"seed":11,"numerosity":107,"matchType":"unpaired","which":"second","trial_type":"numerosity-estimation","trial_index":123,"time_elapsed":981871,"subject_id":"77277"},{"rt":6752,"stimulus":12,"slider_start":100,"sprites":"animalCrackers","response":91,"absDeviation":1,"callibration":"test","block":6,"seed":12,"numerosity":92,"matchType":"unpaired","which":"second","trial_type":"numerosity-estimation","trial_index":124,"time_elapsed":988627,"subject_id":"77277"},{"rt":7202,"stimulus":14,"slider_start":100,"sprites":"butterflies","response":114,"absDeviation":36,"callibration":"test","block":6,"seed":14,"numerosity":150,"matchType":"paired","which":"first","trial_type":"numerosity-estimation","trial_index":125,"time_elapsed":995832,"subject_id":"77277"},{"rt":7349,"stimulus":14,"slider_start":100,"sprites":"butterflies","response":115,"absDeviation":35,"callibration":"test","block":6,"seed":14,"numerosity":150,"matchType":"paired","which":"second","trial_type":"numerosity-estimation","trial_index":126,"time_elapsed":1003186,"subject_id":"77277"},{"rt":7368,"stimulus":15,"slider_start":100,"sprites":"hearts","response":127,"absDeviation":6,"callibration":"test","block":6,"seed":15,"numerosity":121,"matchType":"unpaired","which":"second","trial_type":"numerosity-estimation","trial_index":127,"time_elapsed":1010558,"subject_id":"77277"},{"rt":6486,"stimulus":16,"slider_start":100,"sprites":"crackers","response":53,"absDeviation":11,"callibration":"test","block":6,"seed":16,"numerosity":64,"matchType":"unpaired","which":"second","trial_type":"numerosity-estimation","trial_index":128,"time_elapsed":1017049,"subject_id":"77277"},{"rt":11543,"stimulus":"<p> For the last block of trials, the average deviation of your guesses from correct answers was 18.</p>\n     <p>The smaller the deviation the better.  Your deviation was <b> VERY good</b>.</p><br>\n       <p>Press any key to continue to the next block of trials</p>","response":" ","trial_type":"html-keyboard-response","trial_index":129,"time_elapsed":1028594,"subject_id":"77277"},{"rt":7698,"stimulus":18,"slider_start":100,"sprites":"fruits","response":67,"absDeviation":40,"callibration":"test","block":7,"seed":18,"numerosity":107,"matchType":"paired","which":"first","trial_type":"numerosity-estimation","trial_index":130,"time_elapsed":1036297,"subject_id":"77277"},{"rt":4509,"stimulus":18,"slider_start":100,"sprites":"fruits","response":89,"absDeviation":18,"callibration":"test","block":7,"seed":18,"numerosity":107,"matchType":"paired","which":"second","trial_type":"numerosity-estimation","trial_index":131,"time_elapsed":1040810,"subject_id":"77277"},{"rt":4273,"stimulus":19,"slider_start":100,"sprites":"jellyBeans","response":106,"absDeviation":29,"callibration":"test","block":7,"seed":19,"numerosity":135,"matchType":"unpaired","which":"second","trial_type":"numerosity-estimation","trial_index":132,"time_elapsed":1045085,"subject_id":"77277"},{"rt":5923,"stimulus":20,"slider_start":100,"sprites":"marbles","response":38,"absDeviation":40,"callibration":"test","block":7,"seed":20,"numerosity":78,"matchType":"unpaired","which":"second","trial_type":"numerosity-estimation","trial_index":133,"time_elapsed":1051011,"subject_id":"77277"},{"rt":5633,"stimulus":22,"slider_start":100,"sprites":"rocks","response":62,"absDeviation":30,"callibration":"test","block":7,"seed":22,"numerosity":92,"matchType":"paired","which":"first","trial_type":"numerosity-estimation","trial_index":134,"time_elapsed":1056649,"subject_id":"77277"},{"rt":8925,"stimulus":22,"slider_start":100,"sprites":"rocks","response":72,"absDeviation":20,"callibration":"test","block":7,"seed":22,"numerosity":92,"matchType":"paired","which":"second","trial_type":"numerosity-estimation","trial_index":135,"time_elapsed":1065580,"subject_id":"77277"},{"rt":6571,"stimulus":23,"slider_start":100,"sprites":"buttons","response":122,"absDeviation":28,"callibration":"test","block":7,"seed":23,"numerosity":150,"matchType":"unpaired","which":"second","trial_type":"numerosity-estimation","trial_index":136,"time_elapsed":1072155,"subject_id":"77277"},{"rt":8135,"stimulus":24,"slider_start":100,"sprites":"animalCrackers","response":105,"absDeviation":2,"callibration":"test","block":7,"seed":24,"numerosity":107,"matchType":"unpaired","which":"second","trial_type":"numerosity-estimation","trial_index":137,"time_elapsed":1080293,"subject_id":"77277"},{"rt":4712,"stimulus":26,"slider_start":100,"sprites":"butterflies","response":56,"absDeviation":36,"callibration":"test","block":7,"seed":26,"numerosity":92,"matchType":"paired","which":"first","trial_type":"numerosity-estimation","trial_index":138,"time_elapsed":1085008,"subject_id":"77277"},{"rt":5171,"stimulus":26,"slider_start":100,"sprites":"butterflies","response":78,"absDeviation":14,"callibration":"test","block":7,"seed":26,"numerosity":92,"matchType":"paired","which":"second","trial_type":"numerosity-estimation","trial_index":139,"time_elapsed":1090184,"subject_id":"77277"},{"rt":7222,"stimulus":27,"slider_start":100,"sprites":"hearts","response":113,"absDeviation":8,"callibration":"test","block":7,"seed":27,"numerosity":121,"matchType":"unpaired","which":"second","trial_type":"numerosity-estimation","trial_index":140,"time_elapsed":1097411,"subject_id":"77277"},{"rt":6581,"stimulus":28,"slider_start":100,"sprites":"crackers","response":140,"absDeviation":10,"callibration":"test","block":7,"seed":28,"numerosity":150,"matchType":"unpaired","which":"second","trial_type":"numerosity-estimation","trial_index":141,"time_elapsed":1103997,"subject_id":"77277"},{"rt":5530,"stimulus":30,"slider_start":100,"sprites":"fruits","response":79,"absDeviation":28,"callibration":"test","block":7,"seed":30,"numerosity":107,"matchType":"paired","which":"first","trial_type":"numerosity-estimation","trial_index":142,"time_elapsed":1109533,"subject_id":"77277"},{"rt":3271,"stimulus":30,"slider_start":100,"sprites":"fruits","response":82,"absDeviation":25,"callibration":"test","block":7,"seed":30,"numerosity":107,"matchType":"paired","which":"second","trial_type":"numerosity-estimation","trial_index":143,"time_elapsed":1112808,"subject_id":"77277"},{"rt":4984,"stimulus":31,"slider_start":100,"sprites":"jellyBeans","response":111,"absDeviation":39,"callibration":"test","block":7,"seed":31,"numerosity":150,"matchType":"unpaired","which":"second","trial_type":"numerosity-estimation","trial_index":144,"time_elapsed":1117797,"subject_id":"77277"},{"rt":3674,"stimulus":32,"slider_start":100,"sprites":"marbles","response":80,"absDeviation":55,"callibration":"test","block":7,"seed":32,"numerosity":135,"matchType":"unpaired","which":"second","trial_type":"numerosity-estimation","trial_index":145,"time_elapsed":1121476,"subject_id":"77277"},{"rt":3344,"stimulus":"<p> For the last block of trials, the average deviation of your guesses from correct answers was 26.</p>\n     <p>The smaller the deviation the better.  Your deviation was <b> good</b>.</p><br>\n       <p>Press any key to continue to the next block of trials</p>","response":" ","trial_type":"html-keyboard-response","trial_index":146,"time_elapsed":1124824,"subject_id":"77277"},{"rt":6292,"stimulus":34,"slider_start":100,"sprites":"rocks","response":45,"absDeviation":5,"callibration":"test","block":8,"seed":34,"numerosity":50,"matchType":"paired","which":"first","trial_type":"numerosity-estimation","trial_index":147,"time_elapsed":1131119,"subject_id":"77277"},{"rt":8723,"stimulus":34,"slider_start":100,"sprites":"rocks","response":49,"absDeviation":1,"callibration":"test","block":8,"seed":34,"numerosity":50,"matchType":"paired","which":"second","trial_type":"numerosity-estimation","trial_index":148,"time_elapsed":1139847,"subject_id":"77277"},{"rt":4081,"stimulus":35,"slider_start":100,"sprites":"buttons","response":56,"absDeviation":22,"callibration":"test","block":8,"seed":35,"numerosity":78,"matchType":"unpaired","which":"second","trial_type":"numerosity-estimation","trial_index":149,"time_elapsed":1143933,"subject_id":"77277"},{"rt":7825,"stimulus":36,"slider_start":100,"sprites":"animalCrackers","response":36,"absDeviation":14,"callibration":"test","block":8,"seed":36,"numerosity":50,"matchType":"unpaired","which":"second","trial_type":"numerosity-estimation","trial_index":150,"time_elapsed":1151763,"subject_id":"77277"},{"rt":8675,"stimulus":38,"slider_start":100,"sprites":"butterflies","response":38,"absDeviation":40,"callibration":"test","block":8,"seed":38,"numerosity":78,"matchType":"paired","which":"first","trial_type":"numerosity-estimation","trial_index":151,"time_elapsed":1160441,"subject_id":"77277"},{"rt":3559,"stimulus":38,"slider_start":100,"sprites":"butterflies","response":41,"absDeviation":37,"callibration":"test","block":8,"seed":38,"numerosity":78,"matchType":"paired","which":"second","trial_type":"numerosity-estimation","trial_index":152,"time_elapsed":1164003,"subject_id":"77277"},{"rt":6207,"stimulus":39,"slider_start":100,"sprites":"hearts","response":56,"absDeviation":22,"callibration":"test","block":8,"seed":39,"numerosity":78,"matchType":"unpaired","which":"second","trial_type":"numerosity-estimation","trial_index":153,"time_elapsed":1170214,"subject_id":"77277"},{"rt":8994,"stimulus":40,"slider_start":100,"sprites":"crackers","response":109,"absDeviation":12,"callibration":"test","block":8,"seed":40,"numerosity":121,"matchType":"unpaired","which":"second","trial_type":"numerosity-estimation","trial_index":154,"time_elapsed":1179210,"subject_id":"77277"},{"rt":10213,"stimulus":42,"slider_start":100,"sprites":"fruits","response":57,"absDeviation":21,"callibration":"test","block":8,"seed":42,"numerosity":78,"matchType":"paired","which":"first","trial_type":"numerosity-estimation","trial_index":155,"time_elapsed":1189428,"subject_id":"77277"},{"rt":5949,"stimulus":42,"slider_start":100,"sprites":"fruits","response":70,"absDeviation":8,"callibration":"test","block":8,"seed":42,"numerosity":78,"matchType":"paired","which":"second","trial_type":"numerosity-estimation","trial_index":156,"time_elapsed":1195381,"subject_id":"77277"},{"rt":8615,"stimulus":43,"slider_start":100,"sprites":"jellyBeans","response":54,"absDeviation":10,"callibration":"test","block":8,"seed":43,"numerosity":64,"matchType":"unpaired","which":"second","trial_type":"numerosity-estimation","trial_index":157,"time_elapsed":1204000,"subject_id":"77277"},{"rt":7259,"stimulus":44,"slider_start":100,"sprites":"marbles","response":74,"absDeviation":47,"callibration":"test","block":8,"seed":44,"numerosity":121,"matchType":"unpaired","which":"second","trial_type":"numerosity-estimation","trial_index":158,"time_elapsed":1211264,"subject_id":"77277"},{"rt":7877,"stimulus":46,"slider_start":100,"sprites":"rocks","response":117,"absDeviation":10,"callibration":"test","block":8,"seed":46,"numerosity":107,"matchType":"paired","which":"first","trial_type":"numerosity-estimation","trial_index":159,"time_elapsed":1219145,"subject_id":"77277"},{"rt":6289,"stimulus":46,"slider_start":100,"sprites":"rocks","response":109,"absDeviation":2,"callibration":"test","block":8,"seed":46,"numerosity":107,"matchType":"paired","which":"second","trial_type":"numerosity-estimation","trial_index":160,"time_elapsed":1225437,"subject_id":"77277"},{"rt":7522,"stimulus":47,"slider_start":100,"sprites":"buttons","response":113,"absDeviation":8,"callibration":"test","block":8,"seed":47,"numerosity":121,"matchType":"unpaired","which":"second","trial_type":"numerosity-estimation","trial_index":161,"time_elapsed":1232963,"subject_id":"77277"},{"rt":7943,"stimulus":48,"slider_start":100,"sprites":"animalCrackers","response":133,"absDeviation":2,"callibration":"test","block":8,"seed":48,"numerosity":135,"matchType":"unpaired","which":"second","trial_type":"numerosity-estimation","trial_index":162,"time_elapsed":1240909,"subject_id":"77277"},{"rt":4788,"stimulus":"<p> For the last block of trials, the average deviation of your guesses from correct answers was 16.</p>\n     <p>The smaller the deviation the better.  Your deviation was <b> VERY good</b>.</p><br>\n       <p>Press any key to continue to the next block of trials</p>","response":" ","trial_type":"html-keyboard-response","trial_index":163,"time_elapsed":1245699,"subject_id":"77277"},{"rt":4459,"stimulus":50,"slider_start":100,"sprites":"butterflies","response":93,"absDeviation":57,"callibration":"test","block":9,"seed":50,"numerosity":150,"matchType":"paired","which":"first","trial_type":"numerosity-estimation","trial_index":164,"time_elapsed":1250162,"subject_id":"77277"},{"rt":6524,"stimulus":50,"slider_start":100,"sprites":"butterflies","response":81,"absDeviation":69,"callibration":"test","block":9,"seed":50,"numerosity":150,"matchType":"paired","which":"second","trial_type":"numerosity-estimation","trial_index":165,"time_elapsed":1256691,"subject_id":"77277"},{"rt":3732,"stimulus":51,"slider_start":100,"sprites":"hearts","response":118,"absDeviation":32,"callibration":"test","block":9,"seed":51,"numerosity":150,"matchType":"unpaired","which":"second","trial_type":"numerosity-estimation","trial_index":166,"time_elapsed":1260426,"subject_id":"77277"},{"rt":6911,"stimulus":52,"slider_start":100,"sprites":"crackers","response":47,"absDeviation":31,"callibration":"test","block":9,"seed":52,"numerosity":78,"matchType":"unpaired","which":"second","trial_type":"numerosity-estimation","trial_index":167,"time_elapsed":1267342,"subject_id":"77277"},{"rt":7075,"stimulus":54,"slider_start":100,"sprites":"fruits","response":69,"absDeviation":23,"callibration":"test","block":9,"seed":54,"numerosity":92,"matchType":"paired","which":"first","trial_type":"numerosity-estimation","trial_index":168,"time_elapsed":1274422,"subject_id":"77277"},{"rt":6485,"stimulus":54,"slider_start":100,"sprites":"fruits","response":62,"absDeviation":30,"callibration":"test","block":9,"seed":54,"numerosity":92,"matchType":"paired","which":"second","trial_type":"numerosity-estimation","trial_index":169,"time_elapsed":1280910,"subject_id":"77277"},{"rt":3758,"stimulus":55,"slider_start":100,"sprites":"jellyBeans","response":79,"absDeviation":42,"callibration":"test","block":9,"seed":55,"numerosity":121,"matchType":"unpaired","which":"second","trial_type":"numerosity-estimation","trial_index":170,"time_elapsed":1284671,"subject_id":"77277"},{"rt":6084,"stimulus":56,"slider_start":100,"sprites":"marbles","response":38,"absDeviation":26,"callibration":"test","block":9,"seed":56,"numerosity":64,"matchType":"unpaired","which":"second","trial_type":"numerosity-estimation","trial_index":171,"time_elapsed":1290758,"subject_id":"77277"},{"rt":5562,"stimulus":58,"slider_start":100,"sprites":"rocks","response":75,"absDeviation":46,"callibration":"test","block":9,"seed":58,"numerosity":121,"matchType":"paired","which":"first","trial_type":"numerosity-estimation","trial_index":172,"time_elapsed":1296325,"subject_id":"77277"},{"rt":3652,"stimulus":58,"slider_start":100,"sprites":"rocks","response":107,"absDeviation":14,"callibration":"test","block":9,"seed":58,"numerosity":121,"matchType":"paired","which":"second","trial_type":"numerosity-estimation","trial_index":173,"time_elapsed":1299981,"subject_id":"77277"},{"rt":7338,"stimulus":59,"slider_start":100,"sprites":"buttons","response":120,"absDeviation":15,"callibration":"test","block":9,"seed":59,"numerosity":135,"matchType":"unpaired","which":"second","trial_type":"numerosity-estimation","trial_index":174,"time_elapsed":1307323,"subject_id":"77277"},{"rt":4451,"stimulus":60,"slider_start":100,"sprites":"animalCrackers","response":129,"absDeviation":21,"callibration":"test","block":9,"seed":60,"numerosity":150,"matchType":"unpaired","which":"second","trial_type":"numerosity-estimation","trial_index":175,"time_elapsed":1311778,"subject_id":"77277"},{"rt":6269,"stimulus":62,"slider_start":100,"sprites":"butterflies","response":97,"absDeviation":38,"callibration":"test","block":9,"seed":62,"numerosity":135,"matchType":"paired","which":"first","trial_type":"numerosity-estimation","trial_index":176,"time_elapsed":1318051,"subject_id":"77277"},{"rt":5372,"stimulus":62,"slider_start":100,"sprites":"butterflies","response":86,"absDeviation":49,"callibration":"test","block":9,"seed":62,"numerosity":135,"matchType":"paired","which":"second","trial_type":"numerosity-estimation","trial_index":177,"time_elapsed":1323427,"subject_id":"77277"},{"rt":5586,"stimulus":63,"slider_start":100,"sprites":"hearts","response":48,"absDeviation":16,"callibration":"test","block":9,"seed":63,"numerosity":64,"matchType":"unpaired","which":"second","trial_type":"numerosity-estimation","trial_index":178,"time_elapsed":1329017,"subject_id":"77277"},{"rt":14396,"stimulus":64,"slider_start":100,"sprites":"crackers","response":75,"absDeviation":60,"callibration":"test","block":9,"seed":64,"numerosity":135,"matchType":"unpaired","which":"second","trial_type":"numerosity-estimation","trial_index":179,"time_elapsed":1343418,"subject_id":"77277"},{"rt":5039,"stimulus":"<p> For the last block of trials, the average deviation of your guesses from correct answers was 36.</p>\n     <p>The smaller the deviation the better.  Your deviation was <b> good</b>.</p><br>\n       <p>Press any key to continue to the next block of trials</p>","response":" ","trial_type":"html-keyboard-response","trial_index":180,"time_elapsed":1348459,"subject_id":"77277"},{"rt":7950,"stimulus":66,"slider_start":100,"sprites":"fruits","response":51,"absDeviation":13,"callibration":"test","block":10,"seed":66,"numerosity":64,"matchType":"paired","which":"first","trial_type":"numerosity-estimation","trial_index":181,"time_elapsed":1356414,"subject_id":"77277"},{"rt":6697,"stimulus":66,"slider_start":100,"sprites":"fruits","response":46,"absDeviation":18,"callibration":"test","block":10,"seed":66,"numerosity":64,"matchType":"paired","which":"second","trial_type":"numerosity-estimation","trial_index":182,"time_elapsed":1363116,"subject_id":"77277"},{"rt":10854,"stimulus":67,"slider_start":100,"sprites":"jellyBeans","response":65,"absDeviation":42,"callibration":"test","block":10,"seed":67,"numerosity":107,"matchType":"unpaired","which":"second","trial_type":"numerosity-estimation","trial_index":183,"time_elapsed":1373975,"subject_id":"77277"},{"rt":6389,"stimulus":68,"slider_start":100,"sprites":"marbles","response":90,"absDeviation":60,"callibration":"test","block":10,"seed":68,"numerosity":150,"matchType":"unpaired","which":"second","trial_type":"numerosity-estimation","trial_index":184,"time_elapsed":1380368,"subject_id":"77277"},{"rt":7373,"stimulus":70,"slider_start":100,"sprites":"rocks","response":60,"absDeviation":32,"callibration":"test","block":10,"seed":70,"numerosity":92,"matchType":"paired","which":"first","trial_type":"numerosity-estimation","trial_index":185,"time_elapsed":1387745,"subject_id":"77277"},{"rt":3823,"stimulus":70,"slider_start":100,"sprites":"rocks","response":71,"absDeviation":21,"callibration":"test","block":10,"seed":70,"numerosity":92,"matchType":"paired","which":"second","trial_type":"numerosity-estimation","trial_index":186,"time_elapsed":1391572,"subject_id":"77277"},{"rt":7662,"stimulus":71,"slider_start":100,"sprites":"buttons","response":109,"absDeviation":2,"callibration":"test","block":10,"seed":71,"numerosity":107,"matchType":"unpaired","which":"second","trial_type":"numerosity-estimation","trial_index":187,"time_elapsed":1399237,"subject_id":"77277"},{"rt":8652,"stimulus":72,"slider_start":100,"sprites":"animalCrackers","response":41,"absDeviation":9,"callibration":"test","block":10,"seed":72,"numerosity":50,"matchType":"unpaired","which":"second","trial_type":"numerosity-estimation","trial_index":188,"time_elapsed":1407893,"subject_id":"77277"},{"rt":5938,"stimulus":74,"slider_start":100,"sprites":"butterflies","response":30,"absDeviation":34,"callibration":"test","block":10,"seed":74,"numerosity":64,"matchType":"paired","which":"first","trial_type":"numerosity-estimation","trial_index":189,"time_elapsed":1413835,"subject_id":"77277"},{"rt":6243,"stimulus":74,"slider_start":100,"sprites":"butterflies","response":32,"absDeviation":32,"callibration":"test","block":10,"seed":74,"numerosity":64,"matchType":"paired","which":"second","trial_type":"numerosity-estimation","trial_index":190,"time_elapsed":1420083,"subject_id":"77277"},{"rt":6955,"stimulus":75,"slider_start":100,"sprites":"hearts","response":84,"absDeviation":8,"callibration":"test","block":10,"seed":75,"numerosity":92,"matchType":"unpaired","which":"second","trial_type":"numerosity-estimation","trial_index":191,"time_elapsed":1427044,"subject_id":"77277"},{"rt":4965,"stimulus":76,"slider_start":100,"sprites":"crackers","response":68,"absDeviation":4,"callibration":"test","block":10,"seed":76,"numerosity":64,"matchType":"unpaired","which":"second","trial_type":"numerosity-estimation","trial_index":192,"time_elapsed":1432011,"subject_id":"77277"},{"rt":6866,"stimulus":78,"slider_start":100,"sprites":"fruits","response":74,"absDeviation":10,"callibration":"test","block":10,"seed":78,"numerosity":64,"matchType":"paired","which":"first","trial_type":"numerosity-estimation","trial_index":193,"time_elapsed":1438882,"subject_id":"77277"},{"rt":9733,"stimulus":78,"slider_start":100,"sprites":"fruits","response":61,"absDeviation":3,"callibration":"test","block":10,"seed":78,"numerosity":64,"matchType":"paired","which":"second","trial_type":"numerosity-estimation","trial_index":194,"time_elapsed":1448621,"subject_id":"77277"},{"rt":8939,"stimulus":79,"slider_start":100,"sprites":"jellyBeans","response":36,"absDeviation":14,"callibration":"test","block":10,"seed":79,"numerosity":50,"matchType":"unpaired","which":"second","trial_type":"numerosity-estimation","trial_index":195,"time_elapsed":1457565,"subject_id":"77277"},{"rt":8726,"stimulus":80,"slider_start":100,"sprites":"marbles","response":66,"absDeviation":55,"callibration":"test","block":10,"seed":80,"numerosity":121,"matchType":"unpaired","which":"second","trial_type":"numerosity-estimation","trial_index":196,"time_elapsed":1466296,"subject_id":"77277"},{"rt":6221,"stimulus":"<p> For the last block of trials, the average deviation of your guesses from correct answers was 22.</p>\n     <p>The smaller the deviation the better.  Your deviation was <b> VERY good</b>.</p><br>\n       <p>Press any key to continue to the next block of trials</p>","response":" ","trial_type":"html-keyboard-response","trial_index":197,"time_elapsed":1472519,"subject_id":"77277"},{"rt":5557,"stimulus":82,"slider_start":100,"sprites":"rocks","response":60,"absDeviation":4,"callibration":"test","block":11,"seed":82,"numerosity":64,"matchType":"paired","which":"first","trial_type":"numerosity-estimation","trial_index":198,"time_elapsed":1478079,"subject_id":"77277"},{"rt":5002,"stimulus":82,"slider_start":100,"sprites":"rocks","response":65,"absDeviation":1,"callibration":"test","block":11,"seed":82,"numerosity":64,"matchType":"paired","which":"second","trial_type":"numerosity-estimation","trial_index":199,"time_elapsed":1483086,"subject_id":"77277"},{"rt":4330,"stimulus":83,"slider_start":100,"sprites":"buttons","response":111,"absDeviation":10,"callibration":"test","block":11,"seed":83,"numerosity":121,"matchType":"unpaired","which":"second","trial_type":"numerosity-estimation","trial_index":200,"time_elapsed":1487420,"subject_id":"77277"},{"rt":21112,"stimulus":84,"slider_start":100,"sprites":"animalCrackers","response":41,"absDeviation":9,"callibration":"test","block":11,"seed":84,"numerosity":50,"matchType":"unpaired","which":"second","trial_type":"numerosity-estimation","trial_index":201,"time_elapsed":1508536,"subject_id":"77277"},{"rt":8548,"stimulus":86,"slider_start":100,"sprites":"butterflies","response":65,"absDeviation":56,"callibration":"test","block":11,"seed":86,"numerosity":121,"matchType":"paired","which":"first","trial_type":"numerosity-estimation","trial_index":202,"time_elapsed":1517088,"subject_id":"77277"},{"rt":5353,"stimulus":86,"slider_start":100,"sprites":"butterflies","response":73,"absDeviation":48,"callibration":"test","block":11,"seed":86,"numerosity":121,"matchType":"paired","which":"second","trial_type":"numerosity-estimation","trial_index":203,"time_elapsed":1522446,"subject_id":"77277"},{"rt":7700,"stimulus":87,"slider_start":100,"sprites":"hearts","response":52,"absDeviation":2,"callibration":"test","block":11,"seed":87,"numerosity":50,"matchType":"unpaired","which":"second","trial_type":"numerosity-estimation","trial_index":204,"time_elapsed":1530157,"subject_id":"77277"},{"rt":5587,"stimulus":88,"slider_start":100,"sprites":"crackers","response":108,"absDeviation":27,"callibration":"test","block":11,"seed":88,"numerosity":135,"matchType":"unpaired","which":"second","trial_type":"numerosity-estimation","trial_index":205,"time_elapsed":1535749,"subject_id":"77277"},{"rt":7127,"stimulus":90,"slider_start":100,"sprites":"fruits","response":117,"absDeviation":33,"callibration":"test","block":11,"seed":90,"numerosity":150,"matchType":"paired","which":"first","trial_type":"numerosity-estimation","trial_index":206,"time_elapsed":1542881,"subject_id":"77277"},{"rt":8064,"stimulus":90,"slider_start":100,"sprites":"fruits","response":91,"absDeviation":59,"callibration":"test","block":11,"seed":90,"numerosity":150,"matchType":"paired","which":"second","trial_type":"numerosity-estimation","trial_index":207,"time_elapsed":1550949,"subject_id":"77277"},{"rt":11278,"stimulus":91,"slider_start":100,"sprites":"jellyBeans","response":65,"absDeviation":27,"callibration":"test","block":11,"seed":91,"numerosity":92,"matchType":"unpaired","which":"second","trial_type":"numerosity-estimation","trial_index":208,"time_elapsed":1562231,"subject_id":"77277"},{"rt":8642,"stimulus":92,"slider_start":100,"sprites":"marbles","response":68,"absDeviation":53,"callibration":"test","block":11,"seed":92,"numerosity":121,"matchType":"unpaired","which":"second","trial_type":"numerosity-estimation","trial_index":209,"time_elapsed":1570878,"subject_id":"77277"},{"rt":8290,"stimulus":94,"slider_start":100,"sprites":"rocks","response":50,"absDeviation":28,"callibration":"test","block":11,"seed":94,"numerosity":78,"matchType":"paired","which":"first","trial_type":"numerosity-estimation","trial_index":210,"time_elapsed":1579172,"subject_id":"77277"},{"rt":10636,"stimulus":94,"slider_start":100,"sprites":"rocks","response":66,"absDeviation":12,"callibration":"test","block":11,"seed":94,"numerosity":78,"matchType":"paired","which":"second","trial_type":"numerosity-estimation","trial_index":211,"time_elapsed":1589813,"subject_id":"77277"},{"rt":7583,"stimulus":95,"slider_start":100,"sprites":"buttons","response":66,"absDeviation":2,"callibration":"test","block":11,"seed":95,"numerosity":64,"matchType":"unpaired","which":"second","trial_type":"numerosity-estimation","trial_index":212,"time_elapsed":1597402,"subject_id":"77277"},{"rt":4625,"stimulus":96,"slider_start":100,"sprites":"animalCrackers","response":105,"absDeviation":13,"callibration":"test","block":11,"seed":96,"numerosity":92,"matchType":"unpaired","which":"second","trial_type":"numerosity-estimation","trial_index":213,"time_elapsed":1602032,"subject_id":"77277"},{"rt":5700,"stimulus":"<p> For the last block of trials, the average deviation of your guesses from correct answers was 24.</p>\n     <p>The smaller the deviation the better.  Your deviation was <b> VERY good</b>.</p><br>\n       <p>Press any key to continue to the next block of trials</p>","response":" ","trial_type":"html-keyboard-response","trial_index":214,"time_elapsed":1607735,"subject_id":"77277"},{"rt":19256,"response":{"averageEstimates":"When the two displays occured back-to-back, in immediate succession.","firstOrSecond":"The second time the objects were shown"},"question_order":[0,1],"trial_type":"survey-multi-choice","trial_index":215,"time_elapsed":1626997,"subject_id":"77277"}]