[{"rt":6267,"url":"consent.html","trial_type":"external-html","trial_index":0,"time_elapsed":6274,"subject_id":"76176"},{"view_history":[{"page_index":0,"viewing_time":1352}],"rt":1352,"trial_type":"instructions","trial_index":1,"time_elapsed":7627,"subject_id":"76176"},{"rt":4994,"stimulus":0,"slider_start":100,"sprites":"animalCrackers","response":100,"absDeviation":50,"callibration":"callibration","block":-1,"seed":0,"numerosity":50,"matchType":"callibration","which":"first","trial_type":"numerosity-estimation","trial_index":2,"time_elapsed":12626,"subject_id":"76176"},{"rt":1677,"stimulus":1,"slider_start":100,"sprites":"letters","response":100,"absDeviation":36,"callibration":"callibration","block":-1,"seed":1,"numerosity":64,"matchType":"callibration","which":"first","trial_type":"numerosity-estimation","trial_index":3,"time_elapsed":14306,"subject_id":"76176"},{"rt":1841,"stimulus":2,"slider_start":100,"sprites":"butterflies","response":100,"absDeviation":22,"callibration":"callibration","block":-1,"seed":2,"numerosity":78,"matchType":"callibration","which":"first","trial_type":"numerosity-estimation","trial_index":4,"time_elapsed":16153,"subject_id":"76176"},{"rt":2447,"stimulus":3,"slider_start":100,"sprites":"hearts","response":100,"absDeviation":8,"callibration":"callibration","block":-1,"seed":3,"numerosity":92,"matchType":"callibration","which":"first","trial_type":"numerosity-estimation","trial_index":5,"time_elapsed":18604,"subject_id":"76176"},{"rt":1146,"stimulus":4,"slider_start":100,"sprites":"crackers","response":100,"absDeviation":7,"callibration":"callibration","block":-1,"seed":4,"numerosity":107,"matchType":"callibration","which":"first","trial_type":"numerosity-estimation","trial_index":6,"time_elapsed":19753,"subject_id":"76176"},{"rt":1128,"stimulus":5,"slider_start":100,"sprites":"bears","response":100,"absDeviation":21,"callibration":"callibration","block":-1,"seed":5,"numerosity":121,"matchType":"callibration","which":"first","trial_type":"numerosity-estimation","trial_index":7,"time_elapsed":20883,"subject_id":"76176"},{"rt":1091,"stimulus":6,"slider_start":100,"sprites":"fruits","response":100,"absDeviation":35,"callibration":"callibration","block":-1,"seed":6,"numerosity":135,"matchType":"callibration","which":"first","trial_type":"numerosity-estimation","trial_index":8,"time_elapsed":21976,"subject_id":"76176"},{"rt":1112,"stimulus":7,"slider_start":100,"sprites":"jellyBeans","response":100,"absDeviation":50,"callibration":"callibration","block":-1,"seed":7,"numerosity":150,"matchType":"callibration","which":"first","trial_type":"numerosity-estimation","trial_index":9,"time_elapsed":23091,"subject_id":"76176"},{"view_history":[{"page_index":0,"viewing_time":2114}],"rt":2114,"trial_type":"instructions","trial_index":10,"time_elapsed":25207,"subject_id":"76176"},{"rt":3756,"stimulus":1,"slider_start":100,"sprites":"letters","response":99,"absDeviation":7,"callibration":"test","block":0,"seed":1,"numerosity":92,"matchType":"paired","which":"first","trial_type":"numerosity-estimation","trial_index":11,"time_elapsed":28967,"subject_id":"76176"},{"rt":5265,"stimulus":1,"slider_start":100,"sprites":"letters","response":100,"absDeviation":8,"callibration":"test","block":0,"seed":1,"numerosity":92,"matchType":"paired","which":"second","trial_type":"numerosity-estimation","trial_index":12,"time_elapsed":34235,"subject_id":"76176"},{"rt":3405,"stimulus":3,"slider_start":100,"sprites":"hearts","response":100,"absDeviation":50,"callibration":"test","block":0,"seed":3,"numerosity":50,"matchType":"unpaired","which":"first","trial_type":"numerosity-estimation","trial_index":13,"time_elapsed":37643,"subject_id":"76176"},{"rt":2565,"stimulus":4,"slider_start":100,"sprites":"crackers","response":100,"absDeviation":7,"callibration":"test","block":0,"seed":4,"numerosity":107,"matchType":"unpaired","which":"first","trial_type":"numerosity-estimation","trial_index":14,"time_elapsed":40213,"subject_id":"76176"},{"rt":3764,"stimulus":5,"slider_start":100,"sprites":"bears","response":100,"absDeviation":50,"callibration":"test","block":0,"seed":5,"numerosity":50,"matchType":"paired","which":"first","trial_type":"numerosity-estimation","trial_index":15,"time_elapsed":43980,"subject_id":"76176"},{"rt":3036,"stimulus":5,"slider_start":100,"sprites":"bears","response":98,"absDeviation":48,"callibration":"test","block":0,"seed":5,"numerosity":50,"matchType":"paired","which":"second","trial_type":"numerosity-estimation","trial_index":16,"time_elapsed":47019,"subject_id":"76176"},{"rt":5583,"stimulus":7,"slider_start":100,"sprites":"jellyBeans","response":100,"absDeviation":50,"callibration":"test","block":0,"seed":7,"numerosity":50,"matchType":"unpaired","which":"first","trial_type":"numerosity-estimation","trial_index":17,"time_elapsed":52605,"subject_id":"76176"},{"rt":3388,"stimulus":8,"slider_start":100,"sprites":"marbles","response":100,"absDeviation":8,"callibration":"test","block":0,"seed":8,"numerosity":92,"matchType":"unpaired","which":"first","trial_type":"numerosity-estimation","trial_index":18,"time_elapsed":55997,"subject_id":"76176"},{"rt":2949,"stimulus":9,"slider_start":100,"sprites":"mints","response":100,"absDeviation":35,"callibration":"test","block":0,"seed":9,"numerosity":135,"matchType":"paired","which":"first","trial_type":"numerosity-estimation","trial_index":19,"time_elapsed":58949,"subject_id":"76176"},{"rt":3191,"stimulus":9,"slider_start":100,"sprites":"mints","response":100,"absDeviation":35,"callibration":"test","block":0,"seed":9,"numerosity":135,"matchType":"paired","which":"second","trial_type":"numerosity-estimation","trial_index":20,"time_elapsed":62143,"subject_id":"76176"},{"rt":3238,"stimulus":11,"slider_start":100,"sprites":"buttons","response":100,"absDeviation":7,"callibration":"test","block":0,"seed":11,"numerosity":107,"matchType":"unpaired","which":"first","trial_type":"numerosity-estimation","trial_index":21,"time_elapsed":65384,"subject_id":"76176"},{"rt":2493,"stimulus":12,"slider_start":100,"sprites":"animalCrackers","response":100,"absDeviation":8,"callibration":"test","block":0,"seed":12,"numerosity":92,"matchType":"unpaired","which":"first","trial_type":"numerosity-estimation","trial_index":22,"time_elapsed":67879,"subject_id":"76176"},{"rt":3165,"stimulus":13,"slider_start":100,"sprites":"letters","response":100,"absDeviation":7,"callibration":"test","block":0,"seed":13,"numerosity":107,"matchType":"paired","which":"first","trial_type":"numerosity-estimation","trial_index":23,"time_elapsed":71047,"subject_id":"76176"},{"rt":28682,"stimulus":13,"slider_start":100,"sprites":"letters","response":100,"absDeviation":7,"callibration":"test","block":0,"seed":13,"numerosity":107,"matchType":"paired","which":"second","trial_type":"numerosity-estimation","trial_index":24,"time_elapsed":99732,"subject_id":"76176"},{"rt":2678,"stimulus":15,"slider_start":100,"sprites":"hearts","response":100,"absDeviation":21,"callibration":"test","block":0,"seed":15,"numerosity":121,"matchType":"unpaired","which":"first","trial_type":"numerosity-estimation","trial_index":25,"time_elapsed":102413,"subject_id":"76176"},{"rt":2265,"stimulus":16,"slider_start":100,"sprites":"crackers","response":100,"absDeviation":36,"callibration":"test","block":0,"seed":16,"numerosity":64,"matchType":"unpaired","which":"first","trial_type":"numerosity-estimation","trial_index":26,"time_elapsed":104680,"subject_id":"76176"},{"rt":1595,"stimulus":"<p> For the last block of trials, the average deviation of your guesses from correct answers was 24.</p>\n     <p>The smaller the deviation the better.  Your deviation was <b> VERY good</b>.</p><br>\n       <p>Press any key to continue to the next block of trials</p>","response":"enter","trial_type":"html-keyboard-response","trial_index":27,"time_elapsed":106277,"subject_id":"76176"},{"rt":3474,"stimulus":17,"slider_start":100,"sprites":"bears","response":100,"absDeviation":8,"callibration":"test","block":1,"seed":17,"numerosity":92,"matchType":"paired","which":"first","trial_type":"numerosity-estimation","trial_index":28,"time_elapsed":109753,"subject_id":"76176"},{"rt":2884,"stimulus":17,"slider_start":100,"sprites":"bears","response":100,"absDeviation":8,"callibration":"test","block":1,"seed":17,"numerosity":92,"matchType":"paired","which":"second","trial_type":"numerosity-estimation","trial_index":29,"time_elapsed":112640,"subject_id":"76176"},{"rt":2547,"stimulus":19,"slider_start":100,"sprites":"jellyBeans","response":100,"absDeviation":35,"callibration":"test","block":1,"seed":19,"numerosity":135,"matchType":"unpaired","which":"first","trial_type":"numerosity-estimation","trial_index":30,"time_elapsed":115190,"subject_id":"76176"},{"rt":2348,"stimulus":20,"slider_start":100,"sprites":"marbles","response":100,"absDeviation":22,"callibration":"test","block":1,"seed":20,"numerosity":78,"matchType":"unpaired","which":"first","trial_type":"numerosity-estimation","trial_index":31,"time_elapsed":117530,"subject_id":"76176"},{"rt":2740,"stimulus":21,"slider_start":100,"sprites":"mints","response":100,"absDeviation":8,"callibration":"test","block":1,"seed":21,"numerosity":92,"matchType":"paired","which":"first","trial_type":"numerosity-estimation","trial_index":32,"time_elapsed":120274,"subject_id":"76176"},{"rt":3096,"stimulus":21,"slider_start":100,"sprites":"mints","response":100,"absDeviation":8,"callibration":"test","block":1,"seed":21,"numerosity":92,"matchType":"paired","which":"second","trial_type":"numerosity-estimation","trial_index":33,"time_elapsed":123374,"subject_id":"76176"},{"rt":4096,"stimulus":23,"slider_start":100,"sprites":"buttons","response":118,"absDeviation":32,"callibration":"test","block":1,"seed":23,"numerosity":150,"matchType":"unpaired","which":"first","trial_type":"numerosity-estimation","trial_index":34,"time_elapsed":127473,"subject_id":"76176"},{"rt":3219,"stimulus":24,"slider_start":100,"sprites":"animalCrackers","response":115,"absDeviation":8,"callibration":"test","block":1,"seed":24,"numerosity":107,"matchType":"unpaired","which":"first","trial_type":"numerosity-estimation","trial_index":35,"time_elapsed":130694,"subject_id":"76176"},{"rt":2546,"stimulus":25,"slider_start":100,"sprites":"letters","response":105,"absDeviation":2,"callibration":"test","block":1,"seed":25,"numerosity":107,"matchType":"paired","which":"first","trial_type":"numerosity-estimation","trial_index":36,"time_elapsed":133243,"subject_id":"76176"},{"rt":3222,"stimulus":25,"slider_start":100,"sprites":"letters","response":100,"absDeviation":7,"callibration":"test","block":1,"seed":25,"numerosity":107,"matchType":"paired","which":"second","trial_type":"numerosity-estimation","trial_index":37,"time_elapsed":136468,"subject_id":"76176"},{"rt":2639,"stimulus":27,"slider_start":100,"sprites":"hearts","response":112,"absDeviation":9,"callibration":"test","block":1,"seed":27,"numerosity":121,"matchType":"unpaired","which":"first","trial_type":"numerosity-estimation","trial_index":38,"time_elapsed":139111,"subject_id":"76176"},{"rt":2413,"stimulus":28,"slider_start":100,"sprites":"crackers","response":130,"absDeviation":20,"callibration":"test","block":1,"seed":28,"numerosity":150,"matchType":"unpaired","which":"first","trial_type":"numerosity-estimation","trial_index":39,"time_elapsed":141527,"subject_id":"76176"},{"rt":3278,"stimulus":29,"slider_start":100,"sprites":"bears","response":108,"absDeviation":44,"callibration":"test","block":1,"seed":29,"numerosity":64,"matchType":"paired","which":"first","trial_type":"numerosity-estimation","trial_index":40,"time_elapsed":144807,"subject_id":"76176"},{"rt":3080,"stimulus":29,"slider_start":100,"sprites":"bears","response":105,"absDeviation":41,"callibration":"test","block":1,"seed":29,"numerosity":64,"matchType":"paired","which":"second","trial_type":"numerosity-estimation","trial_index":41,"time_elapsed":147891,"subject_id":"76176"},{"rt":2638,"stimulus":31,"slider_start":100,"sprites":"jellyBeans","response":119,"absDeviation":31,"callibration":"test","block":1,"seed":31,"numerosity":150,"matchType":"unpaired","which":"first","trial_type":"numerosity-estimation","trial_index":42,"time_elapsed":150532,"subject_id":"76176"},{"rt":2957,"stimulus":32,"slider_start":100,"sprites":"marbles","response":114,"absDeviation":21,"callibration":"test","block":1,"seed":32,"numerosity":135,"matchType":"unpaired","which":"first","trial_type":"numerosity-estimation","trial_index":43,"time_elapsed":153493,"subject_id":"76176"},{"rt":1854,"stimulus":"<p> For the last block of trials, the average deviation of your guesses from correct answers was 19.</p>\n     <p>The smaller the deviation the better.  Your deviation was <b> VERY good</b>.</p><br>\n       <p>Press any key to continue to the next block of trials</p>","response":" ","trial_type":"html-keyboard-response","trial_index":44,"time_elapsed":155348,"subject_id":"76176"},{"rt":2791,"stimulus":33,"slider_start":100,"sprites":"mints","response":113,"absDeviation":8,"callibration":"test","block":2,"seed":33,"numerosity":121,"matchType":"paired","which":"first","trial_type":"numerosity-estimation","trial_index":45,"time_elapsed":158142,"subject_id":"76176"},{"rt":6877,"stimulus":33,"slider_start":100,"sprites":"mints","response":127,"absDeviation":6,"callibration":"test","block":2,"seed":33,"numerosity":121,"matchType":"paired","which":"second","trial_type":"numerosity-estimation","trial_index":46,"time_elapsed":165021,"subject_id":"76176"},{"rt":2932,"stimulus":35,"slider_start":100,"sprites":"buttons","response":115,"absDeviation":37,"callibration":"test","block":2,"seed":35,"numerosity":78,"matchType":"unpaired","which":"first","trial_type":"numerosity-estimation","trial_index":47,"time_elapsed":167958,"subject_id":"76176"},{"rt":3869,"stimulus":36,"slider_start":100,"sprites":"animalCrackers","response":103,"absDeviation":53,"callibration":"test","block":2,"seed":36,"numerosity":50,"matchType":"unpaired","which":"first","trial_type":"numerosity-estimation","trial_index":48,"time_elapsed":171829,"subject_id":"76176"},{"rt":2801,"stimulus":37,"slider_start":100,"sprites":"letters","response":112,"absDeviation":23,"callibration":"test","block":2,"seed":37,"numerosity":135,"matchType":"paired","which":"first","trial_type":"numerosity-estimation","trial_index":49,"time_elapsed":174634,"subject_id":"76176"},{"rt":4262,"stimulus":37,"slider_start":100,"sprites":"letters","response":121,"absDeviation":14,"callibration":"test","block":2,"seed":37,"numerosity":135,"matchType":"paired","which":"second","trial_type":"numerosity-estimation","trial_index":50,"time_elapsed":178908,"subject_id":"76176"},{"rt":5105,"stimulus":39,"slider_start":100,"sprites":"hearts","response":114,"absDeviation":36,"callibration":"test","block":2,"seed":39,"numerosity":78,"matchType":"unpaired","which":"first","trial_type":"numerosity-estimation","trial_index":51,"time_elapsed":184016,"subject_id":"76176"},{"rt":3588,"stimulus":40,"slider_start":100,"sprites":"crackers","response":130,"absDeviation":9,"callibration":"test","block":2,"seed":40,"numerosity":121,"matchType":"unpaired","which":"first","trial_type":"numerosity-estimation","trial_index":52,"time_elapsed":187608,"subject_id":"76176"},{"rt":5487,"stimulus":41,"slider_start":100,"sprites":"bears","response":100,"absDeviation":50,"callibration":"test","block":2,"seed":41,"numerosity":50,"matchType":"paired","which":"first","trial_type":"numerosity-estimation","trial_index":53,"time_elapsed":193097,"subject_id":"76176"},{"rt":5084,"stimulus":41,"slider_start":100,"sprites":"bears","response":100,"absDeviation":50,"callibration":"test","block":2,"seed":41,"numerosity":50,"matchType":"paired","which":"second","trial_type":"numerosity-estimation","trial_index":54,"time_elapsed":198184,"subject_id":"76176"},{"rt":3006,"stimulus":43,"slider_start":100,"sprites":"jellyBeans","response":100,"absDeviation":36,"callibration":"test","block":2,"seed":43,"numerosity":64,"matchType":"unpaired","which":"first","trial_type":"numerosity-estimation","trial_index":55,"time_elapsed":201193,"subject_id":"76176"},{"rt":2085,"stimulus":44,"slider_start":100,"sprites":"marbles","response":100,"absDeviation":21,"callibration":"test","block":2,"seed":44,"numerosity":121,"matchType":"unpaired","which":"first","trial_type":"numerosity-estimation","trial_index":56,"time_elapsed":203281,"subject_id":"76176"},{"rt":2631,"stimulus":45,"slider_start":100,"sprites":"mints","response":100,"absDeviation":21,"callibration":"test","block":2,"seed":45,"numerosity":121,"matchType":"paired","which":"first","trial_type":"numerosity-estimation","trial_index":57,"time_elapsed":205914,"subject_id":"76176"},{"rt":2079,"stimulus":45,"slider_start":100,"sprites":"mints","response":100,"absDeviation":21,"callibration":"test","block":2,"seed":45,"numerosity":121,"matchType":"paired","which":"second","trial_type":"numerosity-estimation","trial_index":58,"time_elapsed":207996,"subject_id":"76176"},{"rt":2895,"stimulus":47,"slider_start":100,"sprites":"buttons","response":100,"absDeviation":21,"callibration":"test","block":2,"seed":47,"numerosity":121,"matchType":"unpaired","which":"first","trial_type":"numerosity-estimation","trial_index":59,"time_elapsed":210894,"subject_id":"76176"},{"rt":2251,"stimulus":48,"slider_start":100,"sprites":"animalCrackers","response":100,"absDeviation":35,"callibration":"test","block":2,"seed":48,"numerosity":135,"matchType":"unpaired","which":"first","trial_type":"numerosity-estimation","trial_index":60,"time_elapsed":213149,"subject_id":"76176"},{"rt":1231,"stimulus":"<p> For the last block of trials, the average deviation of your guesses from correct answers was 28.</p>\n     <p>The smaller the deviation the better.  Your deviation was <b> good</b>.</p><br>\n       <p>Press any key to continue to the next block of trials</p>","response":" ","trial_type":"html-keyboard-response","trial_index":61,"time_elapsed":214381,"subject_id":"76176"},{"rt":2891,"stimulus":49,"slider_start":100,"sprites":"letters","response":100,"absDeviation":22,"callibration":"test","block":3,"seed":49,"numerosity":78,"matchType":"paired","which":"first","trial_type":"numerosity-estimation","trial_index":62,"time_elapsed":217275,"subject_id":"76176"},{"rt":1950,"stimulus":49,"slider_start":100,"sprites":"letters","response":100,"absDeviation":22,"callibration":"test","block":3,"seed":49,"numerosity":78,"matchType":"paired","which":"second","trial_type":"numerosity-estimation","trial_index":63,"time_elapsed":219227,"subject_id":"76176"},{"rt":2029,"stimulus":51,"slider_start":100,"sprites":"hearts","response":125,"absDeviation":25,"callibration":"test","block":3,"seed":51,"numerosity":150,"matchType":"unpaired","which":"first","trial_type":"numerosity-estimation","trial_index":64,"time_elapsed":221260,"subject_id":"76176"},{"rt":2139,"stimulus":52,"slider_start":100,"sprites":"crackers","response":100,"absDeviation":22,"callibration":"test","block":3,"seed":52,"numerosity":78,"matchType":"unpaired","which":"first","trial_type":"numerosity-estimation","trial_index":65,"time_elapsed":223402,"subject_id":"76176"},{"rt":2243,"stimulus":53,"slider_start":100,"sprites":"bears","response":100,"absDeviation":50,"callibration":"test","block":3,"seed":53,"numerosity":50,"matchType":"paired","which":"first","trial_type":"numerosity-estimation","trial_index":66,"time_elapsed":225651,"subject_id":"76176"},{"rt":2232,"stimulus":53,"slider_start":100,"sprites":"bears","response":100,"absDeviation":50,"callibration":"test","block":3,"seed":53,"numerosity":50,"matchType":"paired","which":"second","trial_type":"numerosity-estimation","trial_index":67,"time_elapsed":227886,"subject_id":"76176"},{"rt":2516,"stimulus":55,"slider_start":100,"sprites":"jellyBeans","response":100,"absDeviation":21,"callibration":"test","block":3,"seed":55,"numerosity":121,"matchType":"unpaired","which":"first","trial_type":"numerosity-estimation","trial_index":68,"time_elapsed":230405,"subject_id":"76176"},{"rt":2497,"stimulus":56,"slider_start":100,"sprites":"marbles","response":100,"absDeviation":36,"callibration":"test","block":3,"seed":56,"numerosity":64,"matchType":"unpaired","which":"first","trial_type":"numerosity-estimation","trial_index":69,"time_elapsed":232906,"subject_id":"76176"},{"rt":3076,"stimulus":57,"slider_start":100,"sprites":"mints","response":100,"absDeviation":36,"callibration":"test","block":3,"seed":57,"numerosity":64,"matchType":"paired","which":"first","trial_type":"numerosity-estimation","trial_index":70,"time_elapsed":235985,"subject_id":"76176"},{"rt":3705,"stimulus":57,"slider_start":100,"sprites":"mints","response":100,"absDeviation":36,"callibration":"test","block":3,"seed":57,"numerosity":64,"matchType":"paired","which":"second","trial_type":"numerosity-estimation","trial_index":71,"time_elapsed":239691,"subject_id":"76176"},{"rt":2586,"stimulus":59,"slider_start":100,"sprites":"buttons","response":100,"absDeviation":35,"callibration":"test","block":3,"seed":59,"numerosity":135,"matchType":"unpaired","which":"first","trial_type":"numerosity-estimation","trial_index":72,"time_elapsed":242280,"subject_id":"76176"},{"rt":6370,"stimulus":60,"slider_start":100,"sprites":"animalCrackers","response":122,"absDeviation":28,"callibration":"test","block":3,"seed":60,"numerosity":150,"matchType":"unpaired","which":"first","trial_type":"numerosity-estimation","trial_index":73,"time_elapsed":248653,"subject_id":"76176"},{"rt":2890,"stimulus":61,"slider_start":100,"sprites":"letters","response":100,"absDeviation":50,"callibration":"test","block":3,"seed":61,"numerosity":50,"matchType":"paired","which":"first","trial_type":"numerosity-estimation","trial_index":74,"time_elapsed":251546,"subject_id":"76176"},{"rt":2850,"stimulus":61,"slider_start":100,"sprites":"letters","response":100,"absDeviation":50,"callibration":"test","block":3,"seed":61,"numerosity":50,"matchType":"paired","which":"second","trial_type":"numerosity-estimation","trial_index":75,"time_elapsed":254399,"subject_id":"76176"},{"rt":4244,"stimulus":63,"slider_start":100,"sprites":"hearts","response":100,"absDeviation":36,"callibration":"test","block":3,"seed":63,"numerosity":64,"matchType":"unpaired","which":"first","trial_type":"numerosity-estimation","trial_index":76,"time_elapsed":258646,"subject_id":"76176"},{"rt":6802,"stimulus":64,"slider_start":100,"sprites":"crackers","response":117,"absDeviation":18,"callibration":"test","block":3,"seed":64,"numerosity":135,"matchType":"unpaired","which":"first","trial_type":"numerosity-estimation","trial_index":77,"time_elapsed":265452,"subject_id":"76176"},{"rt":1851,"stimulus":"<p> For the last block of trials, the average deviation of your guesses from correct answers was 34.</p>\n     <p>The smaller the deviation the better.  Your deviation was <b> good</b>.</p><br>\n       <p>Press any key to continue to the next block of trials</p>","response":" ","trial_type":"html-keyboard-response","trial_index":78,"time_elapsed":267304,"subject_id":"76176"},{"rt":3793,"stimulus":65,"slider_start":100,"sprites":"bears","response":113,"absDeviation":6,"callibration":"test","block":4,"seed":65,"numerosity":107,"matchType":"paired","which":"first","trial_type":"numerosity-estimation","trial_index":79,"time_elapsed":271100,"subject_id":"76176"},{"rt":2824,"stimulus":65,"slider_start":100,"sprites":"bears","response":104,"absDeviation":3,"callibration":"test","block":4,"seed":65,"numerosity":107,"matchType":"paired","which":"second","trial_type":"numerosity-estimation","trial_index":80,"time_elapsed":273928,"subject_id":"76176"},{"rt":3021,"stimulus":67,"slider_start":100,"sprites":"jellyBeans","response":103,"absDeviation":4,"callibration":"test","block":4,"seed":67,"numerosity":107,"matchType":"unpaired","which":"first","trial_type":"numerosity-estimation","trial_index":81,"time_elapsed":276951,"subject_id":"76176"},{"rt":2692,"stimulus":68,"slider_start":100,"sprites":"marbles","response":111,"absDeviation":39,"callibration":"test","block":4,"seed":68,"numerosity":150,"matchType":"unpaired","which":"first","trial_type":"numerosity-estimation","trial_index":82,"time_elapsed":279645,"subject_id":"76176"},{"rt":10014,"stimulus":69,"slider_start":100,"sprites":"mints","response":128,"absDeviation":7,"callibration":"test","block":4,"seed":69,"numerosity":121,"matchType":"paired","which":"first","trial_type":"numerosity-estimation","trial_index":83,"time_elapsed":289662,"subject_id":"76176"},{"rt":3209,"stimulus":69,"slider_start":100,"sprites":"mints","response":119,"absDeviation":2,"callibration":"test","block":4,"seed":69,"numerosity":121,"matchType":"paired","which":"second","trial_type":"numerosity-estimation","trial_index":84,"time_elapsed":292876,"subject_id":"76176"},{"rt":3629,"stimulus":71,"slider_start":100,"sprites":"buttons","response":127,"absDeviation":20,"callibration":"test","block":4,"seed":71,"numerosity":107,"matchType":"unpaired","which":"first","trial_type":"numerosity-estimation","trial_index":85,"time_elapsed":296509,"subject_id":"76176"},{"rt":13327,"stimulus":72,"slider_start":100,"sprites":"animalCrackers","response":100,"absDeviation":50,"callibration":"test","block":4,"seed":72,"numerosity":50,"matchType":"unpaired","which":"first","trial_type":"numerosity-estimation","trial_index":86,"time_elapsed":309838,"subject_id":"76176"},{"rt":11442,"stimulus":73,"slider_start":100,"sprites":"letters","response":115,"absDeviation":37,"callibration":"test","block":4,"seed":73,"numerosity":78,"matchType":"paired","which":"first","trial_type":"numerosity-estimation","trial_index":87,"time_elapsed":321284,"subject_id":"76176"},{"rt":3192,"stimulus":73,"slider_start":100,"sprites":"letters","response":106,"absDeviation":28,"callibration":"test","block":4,"seed":73,"numerosity":78,"matchType":"paired","which":"second","trial_type":"numerosity-estimation","trial_index":88,"time_elapsed":324480,"subject_id":"76176"},{"rt":4198,"stimulus":75,"slider_start":100,"sprites":"hearts","response":104,"absDeviation":12,"callibration":"test","block":4,"seed":75,"numerosity":92,"matchType":"unpaired","which":"first","trial_type":"numerosity-estimation","trial_index":89,"time_elapsed":328681,"subject_id":"76176"},{"rt":7493,"stimulus":76,"slider_start":100,"sprites":"crackers","response":103,"absDeviation":39,"callibration":"test","block":4,"seed":76,"numerosity":64,"matchType":"unpaired","which":"first","trial_type":"numerosity-estimation","trial_index":90,"time_elapsed":336176,"subject_id":"76176"},{"rt":13188,"stimulus":77,"slider_start":100,"sprites":"bears","response":100,"absDeviation":35,"callibration":"test","block":4,"seed":77,"numerosity":135,"matchType":"paired","which":"first","trial_type":"numerosity-estimation","trial_index":91,"time_elapsed":349368,"subject_id":"76176"},{"rt":2524,"stimulus":77,"slider_start":100,"sprites":"bears","response":100,"absDeviation":35,"callibration":"test","block":4,"seed":77,"numerosity":135,"matchType":"paired","which":"second","trial_type":"numerosity-estimation","trial_index":92,"time_elapsed":351895,"subject_id":"76176"},{"rt":4767,"stimulus":79,"slider_start":100,"sprites":"jellyBeans","response":100,"absDeviation":50,"callibration":"test","block":4,"seed":79,"numerosity":50,"matchType":"unpaired","which":"first","trial_type":"numerosity-estimation","trial_index":93,"time_elapsed":356664,"subject_id":"76176"},{"rt":2179,"stimulus":80,"slider_start":100,"sprites":"marbles","response":100,"absDeviation":21,"callibration":"test","block":4,"seed":80,"numerosity":121,"matchType":"unpaired","which":"first","trial_type":"numerosity-estimation","trial_index":94,"time_elapsed":358839,"subject_id":"76176"},{"rt":1578,"stimulus":"<p> For the last block of trials, the average deviation of your guesses from correct answers was 24.</p>\n     <p>The smaller the deviation the better.  Your deviation was <b> VERY good</b>.</p><br>\n       <p>Press any key to continue to the next block of trials</p>","response":" ","trial_type":"html-keyboard-response","trial_index":95,"time_elapsed":360418,"subject_id":"76176"},{"rt":6312,"stimulus":81,"slider_start":100,"sprites":"mints","response":100,"absDeviation":21,"callibration":"test","block":5,"seed":81,"numerosity":121,"matchType":"paired","which":"first","trial_type":"numerosity-estimation","trial_index":96,"time_elapsed":366734,"subject_id":"76176"},{"rt":2752,"stimulus":81,"slider_start":100,"sprites":"mints","response":100,"absDeviation":21,"callibration":"test","block":5,"seed":81,"numerosity":121,"matchType":"paired","which":"second","trial_type":"numerosity-estimation","trial_index":97,"time_elapsed":369489,"subject_id":"76176"},{"rt":3019,"stimulus":83,"slider_start":100,"sprites":"buttons","response":100,"absDeviation":21,"callibration":"test","block":5,"seed":83,"numerosity":121,"matchType":"unpaired","which":"first","trial_type":"numerosity-estimation","trial_index":98,"time_elapsed":372512,"subject_id":"76176"},{"rt":2183,"stimulus":84,"slider_start":100,"sprites":"animalCrackers","response":100,"absDeviation":50,"callibration":"test","block":5,"seed":84,"numerosity":50,"matchType":"unpaired","which":"first","trial_type":"numerosity-estimation","trial_index":99,"time_elapsed":374698,"subject_id":"76176"},{"rt":2621,"stimulus":85,"slider_start":100,"sprites":"letters","response":100,"absDeviation":36,"callibration":"test","block":5,"seed":85,"numerosity":64,"matchType":"paired","which":"first","trial_type":"numerosity-estimation","trial_index":100,"time_elapsed":377322,"subject_id":"76176"},{"rt":2161,"stimulus":85,"slider_start":100,"sprites":"letters","response":100,"absDeviation":36,"callibration":"test","block":5,"seed":85,"numerosity":64,"matchType":"paired","which":"second","trial_type":"numerosity-estimation","trial_index":101,"time_elapsed":379486,"subject_id":"76176"},{"rt":2406,"stimulus":87,"slider_start":100,"sprites":"hearts","response":100,"absDeviation":50,"callibration":"test","block":5,"seed":87,"numerosity":50,"matchType":"unpaired","which":"first","trial_type":"numerosity-estimation","trial_index":102,"time_elapsed":381895,"subject_id":"76176"},{"rt":3870,"stimulus":88,"slider_start":100,"sprites":"crackers","response":134,"absDeviation":1,"callibration":"test","block":5,"seed":88,"numerosity":135,"matchType":"unpaired","which":"first","trial_type":"numerosity-estimation","trial_index":103,"time_elapsed":385769,"subject_id":"76176"},{"rt":4005,"stimulus":89,"slider_start":100,"sprites":"bears","response":100,"absDeviation":50,"callibration":"test","block":5,"seed":89,"numerosity":50,"matchType":"paired","which":"first","trial_type":"numerosity-estimation","trial_index":104,"time_elapsed":389779,"subject_id":"76176"},{"rt":3071,"stimulus":89,"slider_start":100,"sprites":"bears","response":100,"absDeviation":50,"callibration":"test","block":5,"seed":89,"numerosity":50,"matchType":"paired","which":"second","trial_type":"numerosity-estimation","trial_index":105,"time_elapsed":392853,"subject_id":"76176"},{"rt":3010,"stimulus":91,"slider_start":100,"sprites":"jellyBeans","response":100,"absDeviation":8,"callibration":"test","block":5,"seed":91,"numerosity":92,"matchType":"unpaired","which":"first","trial_type":"numerosity-estimation","trial_index":106,"time_elapsed":395865,"subject_id":"76176"},{"rt":2984,"stimulus":92,"slider_start":100,"sprites":"marbles","response":100,"absDeviation":21,"callibration":"test","block":5,"seed":92,"numerosity":121,"matchType":"unpaired","which":"first","trial_type":"numerosity-estimation","trial_index":107,"time_elapsed":398851,"subject_id":"76176"},{"rt":4281,"stimulus":93,"slider_start":100,"sprites":"mints","response":109,"absDeviation":31,"callibration":"test","block":5,"seed":93,"numerosity":78,"matchType":"paired","which":"first","trial_type":"numerosity-estimation","trial_index":108,"time_elapsed":403137,"subject_id":"76176"},{"rt":2943,"stimulus":93,"slider_start":100,"sprites":"mints","response":103,"absDeviation":25,"callibration":"test","block":5,"seed":93,"numerosity":78,"matchType":"paired","which":"second","trial_type":"numerosity-estimation","trial_index":109,"time_elapsed":406085,"subject_id":"76176"},{"rt":3398,"stimulus":95,"slider_start":100,"sprites":"buttons","response":106,"absDeviation":42,"callibration":"test","block":5,"seed":95,"numerosity":64,"matchType":"unpaired","which":"first","trial_type":"numerosity-estimation","trial_index":110,"time_elapsed":409486,"subject_id":"76176"},{"rt":3881,"stimulus":96,"slider_start":100,"sprites":"animalCrackers","response":116,"absDeviation":24,"callibration":"test","block":5,"seed":96,"numerosity":92,"matchType":"unpaired","which":"first","trial_type":"numerosity-estimation","trial_index":111,"time_elapsed":413370,"subject_id":"76176"},{"rt":1721,"stimulus":"<p> For the last block of trials, the average deviation of your guesses from correct answers was 30.</p>\n     <p>The smaller the deviation the better.  Your deviation was <b> good</b>.</p><br>\n       <p>Press any key to continue to the next block of trials</p>","response":" ","trial_type":"html-keyboard-response","trial_index":112,"time_elapsed":415093,"subject_id":"76176"},{"rt":10408,"stimulus":2,"slider_start":100,"sprites":"butterflies","response":102,"absDeviation":33,"callibration":"test","block":6,"seed":2,"numerosity":135,"matchType":"paired","which":"first","trial_type":"numerosity-estimation","trial_index":113,"time_elapsed":425519,"subject_id":"76176"},{"rt":3120,"stimulus":2,"slider_start":100,"sprites":"butterflies","response":100,"absDeviation":35,"callibration":"test","block":6,"seed":2,"numerosity":135,"matchType":"paired","which":"second","trial_type":"numerosity-estimation","trial_index":114,"time_elapsed":428642,"subject_id":"76176"},{"rt":3742,"stimulus":3,"slider_start":100,"sprites":"hearts","response":103,"absDeviation":53,"callibration":"test","block":6,"seed":3,"numerosity":50,"matchType":"unpaired","which":"second","trial_type":"numerosity-estimation","trial_index":115,"time_elapsed":432386,"subject_id":"76176"},{"rt":57524,"stimulus":4,"slider_start":100,"sprites":"crackers","response":100,"absDeviation":7,"callibration":"test","block":6,"seed":4,"numerosity":107,"matchType":"unpaired","which":"second","trial_type":"numerosity-estimation","trial_index":116,"time_elapsed":489912,"subject_id":"76176"},{"rt":2996,"stimulus":6,"slider_start":100,"sprites":"fruits","response":100,"absDeviation":22,"callibration":"test","block":6,"seed":6,"numerosity":78,"matchType":"paired","which":"first","trial_type":"numerosity-estimation","trial_index":117,"time_elapsed":492910,"subject_id":"76176"},{"rt":2041,"stimulus":6,"slider_start":100,"sprites":"fruits","response":100,"absDeviation":22,"callibration":"test","block":6,"seed":6,"numerosity":78,"matchType":"paired","which":"second","trial_type":"numerosity-estimation","trial_index":118,"time_elapsed":494954,"subject_id":"76176"},{"rt":3131,"stimulus":7,"slider_start":100,"sprites":"jellyBeans","response":100,"absDeviation":50,"callibration":"test","block":6,"seed":7,"numerosity":50,"matchType":"unpaired","which":"second","trial_type":"numerosity-estimation","trial_index":119,"time_elapsed":498088,"subject_id":"76176"},{"rt":2321,"stimulus":8,"slider_start":100,"sprites":"marbles","response":98,"absDeviation":6,"callibration":"test","block":6,"seed":8,"numerosity":92,"matchType":"unpaired","which":"second","trial_type":"numerosity-estimation","trial_index":120,"time_elapsed":500412,"subject_id":"76176"},{"rt":2648,"stimulus":10,"slider_start":100,"sprites":"rocks","response":100,"absDeviation":50,"callibration":"test","block":6,"seed":10,"numerosity":50,"matchType":"paired","which":"first","trial_type":"numerosity-estimation","trial_index":121,"time_elapsed":503063,"subject_id":"76176"},{"rt":3448,"stimulus":10,"slider_start":100,"sprites":"rocks","response":100,"absDeviation":50,"callibration":"test","block":6,"seed":10,"numerosity":50,"matchType":"paired","which":"second","trial_type":"numerosity-estimation","trial_index":122,"time_elapsed":506514,"subject_id":"76176"},{"rt":3581,"stimulus":11,"slider_start":100,"sprites":"buttons","response":119,"absDeviation":12,"callibration":"test","block":6,"seed":11,"numerosity":107,"matchType":"unpaired","which":"second","trial_type":"numerosity-estimation","trial_index":123,"time_elapsed":510099,"subject_id":"76176"},{"rt":3040,"stimulus":12,"slider_start":100,"sprites":"animalCrackers","response":122,"absDeviation":30,"callibration":"test","block":6,"seed":12,"numerosity":92,"matchType":"unpaired","which":"second","trial_type":"numerosity-estimation","trial_index":124,"time_elapsed":513142,"subject_id":"76176"},{"rt":3516,"stimulus":14,"slider_start":100,"sprites":"butterflies","response":126,"absDeviation":24,"callibration":"test","block":6,"seed":14,"numerosity":150,"matchType":"paired","which":"first","trial_type":"numerosity-estimation","trial_index":125,"time_elapsed":516662,"subject_id":"76176"},{"rt":3458,"stimulus":14,"slider_start":100,"sprites":"butterflies","response":127,"absDeviation":23,"callibration":"test","block":6,"seed":14,"numerosity":150,"matchType":"paired","which":"second","trial_type":"numerosity-estimation","trial_index":126,"time_elapsed":520122,"subject_id":"76176"},{"rt":3481,"stimulus":15,"slider_start":100,"sprites":"hearts","response":138,"absDeviation":17,"callibration":"test","block":6,"seed":15,"numerosity":121,"matchType":"unpaired","which":"second","trial_type":"numerosity-estimation","trial_index":127,"time_elapsed":523609,"subject_id":"76176"},{"rt":3430,"stimulus":16,"slider_start":100,"sprites":"crackers","response":109,"absDeviation":45,"callibration":"test","block":6,"seed":16,"numerosity":64,"matchType":"unpaired","which":"second","trial_type":"numerosity-estimation","trial_index":128,"time_elapsed":527043,"subject_id":"76176"},{"rt":2858,"stimulus":"<p> For the last block of trials, the average deviation of your guesses from correct answers was 30.</p>\n     <p>The smaller the deviation the better.  Your deviation was <b> good</b>.</p><br>\n       <p>Press any key to continue to the next block of trials</p>","response":" ","trial_type":"html-keyboard-response","trial_index":129,"time_elapsed":529902,"subject_id":"76176"},{"rt":5509,"stimulus":18,"slider_start":100,"sprites":"fruits","response":111,"absDeviation":4,"callibration":"test","block":7,"seed":18,"numerosity":107,"matchType":"paired","which":"first","trial_type":"numerosity-estimation","trial_index":130,"time_elapsed":535414,"subject_id":"76176"},{"rt":3175,"stimulus":18,"slider_start":100,"sprites":"fruits","response":111,"absDeviation":4,"callibration":"test","block":7,"seed":18,"numerosity":107,"matchType":"paired","which":"second","trial_type":"numerosity-estimation","trial_index":131,"time_elapsed":538592,"subject_id":"76176"},{"rt":2999,"stimulus":19,"slider_start":100,"sprites":"jellyBeans","response":119,"absDeviation":16,"callibration":"test","block":7,"seed":19,"numerosity":135,"matchType":"unpaired","which":"second","trial_type":"numerosity-estimation","trial_index":132,"time_elapsed":541594,"subject_id":"76176"},{"rt":3662,"stimulus":20,"slider_start":100,"sprites":"marbles","response":108,"absDeviation":30,"callibration":"test","block":7,"seed":20,"numerosity":78,"matchType":"unpaired","which":"second","trial_type":"numerosity-estimation","trial_index":133,"time_elapsed":545260,"subject_id":"76176"},{"rt":2764,"stimulus":22,"slider_start":100,"sprites":"rocks","response":118,"absDeviation":26,"callibration":"test","block":7,"seed":22,"numerosity":92,"matchType":"paired","which":"first","trial_type":"numerosity-estimation","trial_index":134,"time_elapsed":548022,"subject_id":"76176"},{"rt":3752,"stimulus":22,"slider_start":100,"sprites":"rocks","response":126,"absDeviation":34,"callibration":"test","block":7,"seed":22,"numerosity":92,"matchType":"paired","which":"second","trial_type":"numerosity-estimation","trial_index":135,"time_elapsed":551778,"subject_id":"76176"},{"rt":3381,"stimulus":23,"slider_start":100,"sprites":"buttons","response":138,"absDeviation":12,"callibration":"test","block":7,"seed":23,"numerosity":150,"matchType":"unpaired","which":"second","trial_type":"numerosity-estimation","trial_index":136,"time_elapsed":555162,"subject_id":"76176"},{"rt":3816,"stimulus":24,"slider_start":100,"sprites":"animalCrackers","response":126,"absDeviation":19,"callibration":"test","block":7,"seed":24,"numerosity":107,"matchType":"unpaired","which":"second","trial_type":"numerosity-estimation","trial_index":137,"time_elapsed":558982,"subject_id":"76176"},{"rt":2728,"stimulus":26,"slider_start":100,"sprites":"butterflies","response":119,"absDeviation":27,"callibration":"test","block":7,"seed":26,"numerosity":92,"matchType":"paired","which":"first","trial_type":"numerosity-estimation","trial_index":138,"time_elapsed":561713,"subject_id":"76176"},{"rt":5623,"stimulus":26,"slider_start":100,"sprites":"butterflies","response":116,"absDeviation":24,"callibration":"test","block":7,"seed":26,"numerosity":92,"matchType":"paired","which":"second","trial_type":"numerosity-estimation","trial_index":139,"time_elapsed":567340,"subject_id":"76176"},{"rt":4662,"stimulus":27,"slider_start":100,"sprites":"hearts","response":132,"absDeviation":11,"callibration":"test","block":7,"seed":27,"numerosity":121,"matchType":"unpaired","which":"second","trial_type":"numerosity-estimation","trial_index":140,"time_elapsed":572005,"subject_id":"76176"},{"rt":3940,"stimulus":28,"slider_start":100,"sprites":"crackers","response":147,"absDeviation":3,"callibration":"test","block":7,"seed":28,"numerosity":150,"matchType":"unpaired","which":"second","trial_type":"numerosity-estimation","trial_index":141,"time_elapsed":575951,"subject_id":"76176"},{"rt":3718,"stimulus":30,"slider_start":100,"sprites":"fruits","response":128,"absDeviation":21,"callibration":"test","block":7,"seed":30,"numerosity":107,"matchType":"paired","which":"first","trial_type":"numerosity-estimation","trial_index":142,"time_elapsed":579672,"subject_id":"76176"},{"rt":4034,"stimulus":30,"slider_start":100,"sprites":"fruits","response":121,"absDeviation":14,"callibration":"test","block":7,"seed":30,"numerosity":107,"matchType":"paired","which":"second","trial_type":"numerosity-estimation","trial_index":143,"time_elapsed":583711,"subject_id":"76176"},{"rt":3342,"stimulus":31,"slider_start":100,"sprites":"jellyBeans","response":120,"absDeviation":30,"callibration":"test","block":7,"seed":31,"numerosity":150,"matchType":"unpaired","which":"second","trial_type":"numerosity-estimation","trial_index":144,"time_elapsed":587056,"subject_id":"76176"},{"rt":3097,"stimulus":32,"slider_start":100,"sprites":"marbles","response":131,"absDeviation":4,"callibration":"test","block":7,"seed":32,"numerosity":135,"matchType":"unpaired","which":"second","trial_type":"numerosity-estimation","trial_index":145,"time_elapsed":590156,"subject_id":"76176"},{"rt":1361,"stimulus":"<p> For the last block of trials, the average deviation of your guesses from correct answers was 17.</p>\n     <p>The smaller the deviation the better.  Your deviation was <b> VERY good</b>.</p><br>\n       <p>Press any key to continue to the next block of trials</p>","response":" ","trial_type":"html-keyboard-response","trial_index":146,"time_elapsed":591518,"subject_id":"76176"},{"rt":3621,"stimulus":34,"slider_start":100,"sprites":"rocks","response":100,"absDeviation":50,"callibration":"test","block":8,"seed":34,"numerosity":50,"matchType":"paired","which":"first","trial_type":"numerosity-estimation","trial_index":147,"time_elapsed":595142,"subject_id":"76176"},{"rt":2638,"stimulus":34,"slider_start":100,"sprites":"rocks","response":100,"absDeviation":50,"callibration":"test","block":8,"seed":34,"numerosity":50,"matchType":"paired","which":"second","trial_type":"numerosity-estimation","trial_index":148,"time_elapsed":597783,"subject_id":"76176"},{"rt":3362,"stimulus":35,"slider_start":100,"sprites":"buttons","response":100,"absDeviation":22,"callibration":"test","block":8,"seed":35,"numerosity":78,"matchType":"unpaired","which":"second","trial_type":"numerosity-estimation","trial_index":149,"time_elapsed":601149,"subject_id":"76176"},{"rt":2187,"stimulus":36,"slider_start":100,"sprites":"animalCrackers","response":100,"absDeviation":50,"callibration":"test","block":8,"seed":36,"numerosity":50,"matchType":"unpaired","which":"second","trial_type":"numerosity-estimation","trial_index":150,"time_elapsed":603339,"subject_id":"76176"},{"rt":3147,"stimulus":38,"slider_start":100,"sprites":"butterflies","response":100,"absDeviation":22,"callibration":"test","block":8,"seed":38,"numerosity":78,"matchType":"paired","which":"first","trial_type":"numerosity-estimation","trial_index":151,"time_elapsed":606486,"subject_id":"76176"},{"rt":2581,"stimulus":38,"slider_start":100,"sprites":"butterflies","response":102,"absDeviation":24,"callibration":"test","block":8,"seed":38,"numerosity":78,"matchType":"paired","which":"second","trial_type":"numerosity-estimation","trial_index":152,"time_elapsed":609070,"subject_id":"76176"},{"rt":2688,"stimulus":39,"slider_start":100,"sprites":"hearts","response":100,"absDeviation":22,"callibration":"test","block":8,"seed":39,"numerosity":78,"matchType":"unpaired","which":"second","trial_type":"numerosity-estimation","trial_index":153,"time_elapsed":611761,"subject_id":"76176"},{"rt":2671,"stimulus":40,"slider_start":100,"sprites":"crackers","response":120,"absDeviation":1,"callibration":"test","block":8,"seed":40,"numerosity":121,"matchType":"unpaired","which":"second","trial_type":"numerosity-estimation","trial_index":154,"time_elapsed":614435,"subject_id":"76176"},{"rt":3649,"stimulus":42,"slider_start":100,"sprites":"fruits","response":100,"absDeviation":22,"callibration":"test","block":8,"seed":42,"numerosity":78,"matchType":"paired","which":"first","trial_type":"numerosity-estimation","trial_index":155,"time_elapsed":618088,"subject_id":"76176"},{"rt":2063,"stimulus":42,"slider_start":100,"sprites":"fruits","response":100,"absDeviation":22,"callibration":"test","block":8,"seed":42,"numerosity":78,"matchType":"paired","which":"second","trial_type":"numerosity-estimation","trial_index":156,"time_elapsed":620154,"subject_id":"76176"},{"rt":3111,"stimulus":43,"slider_start":100,"sprites":"jellyBeans","response":100,"absDeviation":36,"callibration":"test","block":8,"seed":43,"numerosity":64,"matchType":"unpaired","which":"second","trial_type":"numerosity-estimation","trial_index":157,"time_elapsed":623269,"subject_id":"76176"},{"rt":4113,"stimulus":44,"slider_start":100,"sprites":"marbles","response":112,"absDeviation":9,"callibration":"test","block":8,"seed":44,"numerosity":121,"matchType":"unpaired","which":"second","trial_type":"numerosity-estimation","trial_index":158,"time_elapsed":627384,"subject_id":"76176"},{"rt":11796,"stimulus":46,"slider_start":100,"sprites":"rocks","response":109,"absDeviation":2,"callibration":"test","block":8,"seed":46,"numerosity":107,"matchType":"paired","which":"first","trial_type":"numerosity-estimation","trial_index":159,"time_elapsed":639185,"subject_id":"76176"},{"rt":2446,"stimulus":46,"slider_start":100,"sprites":"rocks","response":128,"absDeviation":21,"callibration":"test","block":8,"seed":46,"numerosity":107,"matchType":"paired","which":"second","trial_type":"numerosity-estimation","trial_index":160,"time_elapsed":641635,"subject_id":"76176"},{"rt":7026,"stimulus":47,"slider_start":100,"sprites":"buttons","response":132,"absDeviation":11,"callibration":"test","block":8,"seed":47,"numerosity":121,"matchType":"unpaired","which":"second","trial_type":"numerosity-estimation","trial_index":161,"time_elapsed":648663,"subject_id":"76176"},{"rt":3809,"stimulus":48,"slider_start":100,"sprites":"animalCrackers","response":146,"absDeviation":11,"callibration":"test","block":8,"seed":48,"numerosity":135,"matchType":"unpaired","which":"second","trial_type":"numerosity-estimation","trial_index":162,"time_elapsed":652482,"subject_id":"76176"},{"rt":2333,"stimulus":"<p> For the last block of trials, the average deviation of your guesses from correct answers was 23.</p>\n     <p>The smaller the deviation the better.  Your deviation was <b> VERY good</b>.</p><br>\n       <p>Press any key to continue to the next block of trials</p>","response":" ","trial_type":"html-keyboard-response","trial_index":163,"time_elapsed":654817,"subject_id":"76176"},{"rt":2860,"stimulus":50,"slider_start":100,"sprites":"butterflies","response":115,"absDeviation":35,"callibration":"test","block":9,"seed":50,"numerosity":150,"matchType":"paired","which":"first","trial_type":"numerosity-estimation","trial_index":164,"time_elapsed":657680,"subject_id":"76176"},{"rt":2803,"stimulus":50,"slider_start":100,"sprites":"butterflies","response":131,"absDeviation":19,"callibration":"test","block":9,"seed":50,"numerosity":150,"matchType":"paired","which":"second","trial_type":"numerosity-estimation","trial_index":165,"time_elapsed":660486,"subject_id":"76176"},{"rt":3519,"stimulus":51,"slider_start":100,"sprites":"hearts","response":136,"absDeviation":14,"callibration":"test","block":9,"seed":51,"numerosity":150,"matchType":"unpaired","which":"second","trial_type":"numerosity-estimation","trial_index":166,"time_elapsed":664007,"subject_id":"76176"},{"rt":2378,"stimulus":52,"slider_start":100,"sprites":"crackers","response":119,"absDeviation":41,"callibration":"test","block":9,"seed":52,"numerosity":78,"matchType":"unpaired","which":"second","trial_type":"numerosity-estimation","trial_index":167,"time_elapsed":666397,"subject_id":"76176"},{"rt":2064,"stimulus":54,"slider_start":100,"sprites":"fruits","response":112,"absDeviation":20,"callibration":"test","block":9,"seed":54,"numerosity":92,"matchType":"paired","which":"first","trial_type":"numerosity-estimation","trial_index":168,"time_elapsed":668464,"subject_id":"76176"},{"rt":3083,"stimulus":54,"slider_start":100,"sprites":"fruits","response":114,"absDeviation":22,"callibration":"test","block":9,"seed":54,"numerosity":92,"matchType":"paired","which":"second","trial_type":"numerosity-estimation","trial_index":169,"time_elapsed":671550,"subject_id":"76176"},{"rt":3759,"stimulus":55,"slider_start":100,"sprites":"jellyBeans","response":130,"absDeviation":9,"callibration":"test","block":9,"seed":55,"numerosity":121,"matchType":"unpaired","which":"second","trial_type":"numerosity-estimation","trial_index":170,"time_elapsed":675312,"subject_id":"76176"},{"rt":2341,"stimulus":56,"slider_start":100,"sprites":"marbles","response":98,"absDeviation":34,"callibration":"test","block":9,"seed":56,"numerosity":64,"matchType":"unpaired","which":"second","trial_type":"numerosity-estimation","trial_index":171,"time_elapsed":677656,"subject_id":"76176"},{"rt":2210,"stimulus":58,"slider_start":100,"sprites":"rocks","response":149,"absDeviation":28,"callibration":"test","block":9,"seed":58,"numerosity":121,"matchType":"paired","which":"first","trial_type":"numerosity-estimation","trial_index":172,"time_elapsed":679871,"subject_id":"76176"},{"rt":2433,"stimulus":58,"slider_start":100,"sprites":"rocks","response":150,"absDeviation":29,"callibration":"test","block":9,"seed":58,"numerosity":121,"matchType":"paired","which":"second","trial_type":"numerosity-estimation","trial_index":173,"time_elapsed":682307,"subject_id":"76176"},{"rt":2423,"stimulus":59,"slider_start":100,"sprites":"buttons","response":155,"absDeviation":20,"callibration":"test","block":9,"seed":59,"numerosity":135,"matchType":"unpaired","which":"second","trial_type":"numerosity-estimation","trial_index":174,"time_elapsed":684734,"subject_id":"76176"},{"rt":2377,"stimulus":60,"slider_start":100,"sprites":"animalCrackers","response":157,"absDeviation":7,"callibration":"test","block":9,"seed":60,"numerosity":150,"matchType":"unpaired","which":"second","trial_type":"numerosity-estimation","trial_index":175,"time_elapsed":687115,"subject_id":"76176"},{"rt":2168,"stimulus":62,"slider_start":100,"sprites":"butterflies","response":145,"absDeviation":10,"callibration":"test","block":9,"seed":62,"numerosity":135,"matchType":"paired","which":"first","trial_type":"numerosity-estimation","trial_index":176,"time_elapsed":689288,"subject_id":"76176"},{"rt":2338,"stimulus":62,"slider_start":100,"sprites":"butterflies","response":139,"absDeviation":4,"callibration":"test","block":9,"seed":62,"numerosity":135,"matchType":"paired","which":"second","trial_type":"numerosity-estimation","trial_index":177,"time_elapsed":691629,"subject_id":"76176"},{"rt":2386,"stimulus":63,"slider_start":100,"sprites":"hearts","response":112,"absDeviation":48,"callibration":"test","block":9,"seed":63,"numerosity":64,"matchType":"unpaired","which":"second","trial_type":"numerosity-estimation","trial_index":178,"time_elapsed":694019,"subject_id":"76176"},{"rt":3319,"stimulus":64,"slider_start":100,"sprites":"crackers","response":149,"absDeviation":14,"callibration":"test","block":9,"seed":64,"numerosity":135,"matchType":"unpaired","which":"second","trial_type":"numerosity-estimation","trial_index":179,"time_elapsed":697341,"subject_id":"76176"},{"rt":1511,"stimulus":"<p> For the last block of trials, the average deviation of your guesses from correct answers was 22.</p>\n     <p>The smaller the deviation the better.  Your deviation was <b> VERY good</b>.</p><br>\n       <p>Press any key to continue to the next block of trials</p>","response":" ","trial_type":"html-keyboard-response","trial_index":180,"time_elapsed":698853,"subject_id":"76176"},{"rt":11937,"stimulus":66,"slider_start":100,"sprites":"fruits","response":100,"absDeviation":36,"callibration":"test","block":10,"seed":66,"numerosity":64,"matchType":"paired","which":"first","trial_type":"numerosity-estimation","trial_index":181,"time_elapsed":710793,"subject_id":"76176"},{"rt":2862,"stimulus":66,"slider_start":100,"sprites":"fruits","response":100,"absDeviation":36,"callibration":"test","block":10,"seed":66,"numerosity":64,"matchType":"paired","which":"second","trial_type":"numerosity-estimation","trial_index":182,"time_elapsed":713658,"subject_id":"76176"},{"rt":3894,"stimulus":67,"slider_start":100,"sprites":"jellyBeans","response":100,"absDeviation":7,"callibration":"test","block":10,"seed":67,"numerosity":107,"matchType":"unpaired","which":"second","trial_type":"numerosity-estimation","trial_index":183,"time_elapsed":717555,"subject_id":"76176"},{"rt":3076,"stimulus":68,"slider_start":100,"sprites":"marbles","response":100,"absDeviation":50,"callibration":"test","block":10,"seed":68,"numerosity":150,"matchType":"unpaired","which":"second","trial_type":"numerosity-estimation","trial_index":184,"time_elapsed":720635,"subject_id":"76176"},{"rt":2456,"stimulus":70,"slider_start":100,"sprites":"rocks","response":100,"absDeviation":8,"callibration":"test","block":10,"seed":70,"numerosity":92,"matchType":"paired","which":"first","trial_type":"numerosity-estimation","trial_index":185,"time_elapsed":723094,"subject_id":"76176"},{"rt":2634,"stimulus":70,"slider_start":100,"sprites":"rocks","response":100,"absDeviation":8,"callibration":"test","block":10,"seed":70,"numerosity":92,"matchType":"paired","which":"second","trial_type":"numerosity-estimation","trial_index":186,"time_elapsed":725729,"subject_id":"76176"},{"rt":3770,"stimulus":71,"slider_start":100,"sprites":"buttons","response":100,"absDeviation":7,"callibration":"test","block":10,"seed":71,"numerosity":107,"matchType":"unpaired","which":"second","trial_type":"numerosity-estimation","trial_index":187,"time_elapsed":729502,"subject_id":"76176"},{"rt":4400,"stimulus":72,"slider_start":100,"sprites":"animalCrackers","response":100,"absDeviation":50,"callibration":"test","block":10,"seed":72,"numerosity":50,"matchType":"unpaired","which":"second","trial_type":"numerosity-estimation","trial_index":188,"time_elapsed":733905,"subject_id":"76176"},{"rt":3127,"stimulus":74,"slider_start":100,"sprites":"butterflies","response":100,"absDeviation":36,"callibration":"test","block":10,"seed":74,"numerosity":64,"matchType":"paired","which":"first","trial_type":"numerosity-estimation","trial_index":189,"time_elapsed":737035,"subject_id":"76176"},{"rt":6521,"stimulus":74,"slider_start":100,"sprites":"butterflies","response":100,"absDeviation":36,"callibration":"test","block":10,"seed":74,"numerosity":64,"matchType":"paired","which":"second","trial_type":"numerosity-estimation","trial_index":190,"time_elapsed":743559,"subject_id":"76176"},{"rt":3472,"stimulus":75,"slider_start":100,"sprites":"hearts","response":100,"absDeviation":8,"callibration":"test","block":10,"seed":75,"numerosity":92,"matchType":"unpaired","which":"second","trial_type":"numerosity-estimation","trial_index":191,"time_elapsed":747035,"subject_id":"76176"},{"rt":4318,"stimulus":76,"slider_start":100,"sprites":"crackers","response":100,"absDeviation":36,"callibration":"test","block":10,"seed":76,"numerosity":64,"matchType":"unpaired","which":"second","trial_type":"numerosity-estimation","trial_index":192,"time_elapsed":751356,"subject_id":"76176"},{"rt":8711,"stimulus":78,"slider_start":100,"sprites":"fruits","response":100,"absDeviation":36,"callibration":"test","block":10,"seed":78,"numerosity":64,"matchType":"paired","which":"first","trial_type":"numerosity-estimation","trial_index":193,"time_elapsed":760071,"subject_id":"76176"},{"rt":8565,"stimulus":78,"slider_start":100,"sprites":"fruits","response":100,"absDeviation":36,"callibration":"test","block":10,"seed":78,"numerosity":64,"matchType":"paired","which":"second","trial_type":"numerosity-estimation","trial_index":194,"time_elapsed":768639,"subject_id":"76176"},{"rt":3076,"stimulus":79,"slider_start":100,"sprites":"jellyBeans","response":100,"absDeviation":50,"callibration":"test","block":10,"seed":79,"numerosity":50,"matchType":"unpaired","which":"second","trial_type":"numerosity-estimation","trial_index":195,"time_elapsed":771718,"subject_id":"76176"},{"rt":2852,"stimulus":80,"slider_start":100,"sprites":"marbles","response":100,"absDeviation":21,"callibration":"test","block":10,"seed":80,"numerosity":121,"matchType":"unpaired","which":"second","trial_type":"numerosity-estimation","trial_index":196,"time_elapsed":774572,"subject_id":"76176"},{"rt":1514,"stimulus":"<p> For the last block of trials, the average deviation of your guesses from correct answers was 29.</p>\n     <p>The smaller the deviation the better.  Your deviation was <b> good</b>.</p><br>\n       <p>Press any key to continue to the next block of trials</p>","response":" ","trial_type":"html-keyboard-response","trial_index":197,"time_elapsed":776087,"subject_id":"76176"},{"rt":3113,"stimulus":82,"slider_start":100,"sprites":"rocks","response":100,"absDeviation":36,"callibration":"test","block":11,"seed":82,"numerosity":64,"matchType":"paired","which":"first","trial_type":"numerosity-estimation","trial_index":198,"time_elapsed":779203,"subject_id":"76176"},{"rt":2356,"stimulus":82,"slider_start":100,"sprites":"rocks","response":100,"absDeviation":36,"callibration":"test","block":11,"seed":82,"numerosity":64,"matchType":"paired","which":"second","trial_type":"numerosity-estimation","trial_index":199,"time_elapsed":781564,"subject_id":"76176"},{"rt":2573,"stimulus":83,"slider_start":100,"sprites":"buttons","response":129,"absDeviation":8,"callibration":"test","block":11,"seed":83,"numerosity":121,"matchType":"unpaired","which":"second","trial_type":"numerosity-estimation","trial_index":200,"time_elapsed":784142,"subject_id":"76176"},{"rt":2641,"stimulus":84,"slider_start":100,"sprites":"animalCrackers","response":100,"absDeviation":50,"callibration":"test","block":11,"seed":84,"numerosity":50,"matchType":"unpaired","which":"second","trial_type":"numerosity-estimation","trial_index":201,"time_elapsed":786781,"subject_id":"76176"},{"rt":2821,"stimulus":86,"slider_start":100,"sprites":"butterflies","response":125,"absDeviation":4,"callibration":"test","block":11,"seed":86,"numerosity":121,"matchType":"paired","which":"first","trial_type":"numerosity-estimation","trial_index":202,"time_elapsed":789604,"subject_id":"76176"},{"rt":2745,"stimulus":86,"slider_start":100,"sprites":"butterflies","response":124,"absDeviation":3,"callibration":"test","block":11,"seed":86,"numerosity":121,"matchType":"paired","which":"second","trial_type":"numerosity-estimation","trial_index":203,"time_elapsed":792352,"subject_id":"76176"},{"rt":2849,"stimulus":87,"slider_start":100,"sprites":"hearts","response":100,"absDeviation":50,"callibration":"test","block":11,"seed":87,"numerosity":50,"matchType":"unpaired","which":"second","trial_type":"numerosity-estimation","trial_index":204,"time_elapsed":795204,"subject_id":"76176"},{"rt":2572,"stimulus":88,"slider_start":100,"sprites":"crackers","response":142,"absDeviation":7,"callibration":"test","block":11,"seed":88,"numerosity":135,"matchType":"unpaired","which":"second","trial_type":"numerosity-estimation","trial_index":205,"time_elapsed":797781,"subject_id":"76176"},{"rt":2574,"stimulus":90,"slider_start":100,"sprites":"fruits","response":146,"absDeviation":4,"callibration":"test","block":11,"seed":90,"numerosity":150,"matchType":"paired","which":"first","trial_type":"numerosity-estimation","trial_index":206,"time_elapsed":800358,"subject_id":"76176"},{"rt":2551,"stimulus":90,"slider_start":100,"sprites":"fruits","response":147,"absDeviation":3,"callibration":"test","block":11,"seed":90,"numerosity":150,"matchType":"paired","which":"second","trial_type":"numerosity-estimation","trial_index":207,"time_elapsed":802912,"subject_id":"76176"},{"rt":2919,"stimulus":91,"slider_start":100,"sprites":"jellyBeans","response":116,"absDeviation":24,"callibration":"test","block":11,"seed":91,"numerosity":92,"matchType":"unpaired","which":"second","trial_type":"numerosity-estimation","trial_index":208,"time_elapsed":805834,"subject_id":"76176"},{"rt":3424,"stimulus":92,"slider_start":100,"sprites":"marbles","response":122,"absDeviation":1,"callibration":"test","block":11,"seed":92,"numerosity":121,"matchType":"unpaired","which":"second","trial_type":"numerosity-estimation","trial_index":209,"time_elapsed":809261,"subject_id":"76176"},{"rt":2722,"stimulus":94,"slider_start":100,"sprites":"rocks","response":105,"absDeviation":27,"callibration":"test","block":11,"seed":94,"numerosity":78,"matchType":"paired","which":"first","trial_type":"numerosity-estimation","trial_index":210,"time_elapsed":811985,"subject_id":"76176"},{"rt":3232,"stimulus":94,"slider_start":100,"sprites":"rocks","response":106,"absDeviation":28,"callibration":"test","block":11,"seed":94,"numerosity":78,"matchType":"paired","which":"second","trial_type":"numerosity-estimation","trial_index":211,"time_elapsed":815220,"subject_id":"76176"},{"rt":10783,"stimulus":95,"slider_start":100,"sprites":"buttons","response":100,"absDeviation":36,"callibration":"test","block":11,"seed":95,"numerosity":64,"matchType":"unpaired","which":"second","trial_type":"numerosity-estimation","trial_index":212,"time_elapsed":826006,"subject_id":"76176"},{"rt":3580,"stimulus":96,"slider_start":100,"sprites":"animalCrackers","response":120,"absDeviation":28,"callibration":"test","block":11,"seed":96,"numerosity":92,"matchType":"unpaired","which":"second","trial_type":"numerosity-estimation","trial_index":213,"time_elapsed":829588,"subject_id":"76176"},{"rt":1208,"stimulus":"<p> For the last block of trials, the average deviation of your guesses from correct answers was 22.</p>\n     <p>The smaller the deviation the better.  Your deviation was <b> VERY good</b>.</p><br>\n       <p>Press any key to continue to the next block of trials</p>","response":" ","trial_type":"html-keyboard-response","trial_index":214,"time_elapsed":830798,"subject_id":"76176"},{"rt":5367,"response":{"averageEstimates":"When the two displays occured back-to-back, in immediate succession.","firstOrSecond":"The second time the objects were shown"},"question_order":[0,1],"trial_type":"survey-multi-choice","trial_index":215,"time_elapsed":836166,"subject_id":"76176"}]