[{"rt":6825,"url":"consent.html","trial_type":"external-html","trial_index":0,"time_elapsed":6845,"subject_id":"78157"},{"view_history":[{"page_index":0,"viewing_time":973}],"rt":973,"trial_type":"instructions","trial_index":1,"time_elapsed":7818,"subject_id":"78157"},{"rt":7237,"stimulus":0,"slider_start":100,"sprites":"animalCrackers","response":100,"absDeviation":50,"callibration":"callibration","block":-1,"seed":0,"numerosity":50,"matchType":"callibration","which":"first","trial_type":"numerosity-estimation","trial_index":2,"time_elapsed":15058,"subject_id":"78157"},{"rt":4213,"stimulus":1,"slider_start":100,"sprites":"letters","response":78,"absDeviation":14,"callibration":"callibration","block":-1,"seed":1,"numerosity":64,"matchType":"callibration","which":"first","trial_type":"numerosity-estimation","trial_index":3,"time_elapsed":19275,"subject_id":"78157"},{"rt":2718,"stimulus":2,"slider_start":100,"sprites":"butterflies","response":86,"absDeviation":8,"callibration":"callibration","block":-1,"seed":2,"numerosity":78,"matchType":"callibration","which":"first","trial_type":"numerosity-estimation","trial_index":4,"time_elapsed":21995,"subject_id":"78157"},{"rt":3062,"stimulus":3,"slider_start":100,"sprites":"hearts","response":81,"absDeviation":11,"callibration":"callibration","block":-1,"seed":3,"numerosity":92,"matchType":"callibration","which":"first","trial_type":"numerosity-estimation","trial_index":5,"time_elapsed":25061,"subject_id":"78157"},{"rt":2921,"stimulus":4,"slider_start":100,"sprites":"crackers","response":113,"absDeviation":6,"callibration":"callibration","block":-1,"seed":4,"numerosity":107,"matchType":"callibration","which":"first","trial_type":"numerosity-estimation","trial_index":6,"time_elapsed":27984,"subject_id":"78157"},{"rt":1801,"stimulus":5,"slider_start":100,"sprites":"bears","response":100,"absDeviation":21,"callibration":"callibration","block":-1,"seed":5,"numerosity":121,"matchType":"callibration","which":"first","trial_type":"numerosity-estimation","trial_index":7,"time_elapsed":29788,"subject_id":"78157"},{"rt":1076,"stimulus":6,"slider_start":100,"sprites":"fruits","response":100,"absDeviation":35,"callibration":"callibration","block":-1,"seed":6,"numerosity":135,"matchType":"callibration","which":"first","trial_type":"numerosity-estimation","trial_index":8,"time_elapsed":30866,"subject_id":"78157"},{"rt":808,"stimulus":7,"slider_start":100,"sprites":"jellyBeans","response":100,"absDeviation":50,"callibration":"callibration","block":-1,"seed":7,"numerosity":150,"matchType":"callibration","which":"first","trial_type":"numerosity-estimation","trial_index":9,"time_elapsed":31678,"subject_id":"78157"},{"view_history":[{"page_index":0,"viewing_time":2229}],"rt":2229,"trial_type":"instructions","trial_index":10,"time_elapsed":33908,"subject_id":"78157"},{"rt":2438,"stimulus":1,"slider_start":100,"sprites":"letters","response":92,"absDeviation":0,"callibration":"test","block":0,"seed":1,"numerosity":92,"matchType":"paired","which":"first","trial_type":"numerosity-estimation","trial_index":11,"time_elapsed":36348,"subject_id":"78157"},{"rt":2423,"stimulus":1,"slider_start":100,"sprites":"letters","response":107,"absDeviation":15,"callibration":"test","block":0,"seed":1,"numerosity":92,"matchType":"paired","which":"second","trial_type":"numerosity-estimation","trial_index":12,"time_elapsed":38773,"subject_id":"78157"},{"rt":1886,"stimulus":3,"slider_start":100,"sprites":"hearts","response":93,"absDeviation":43,"callibration":"test","block":0,"seed":3,"numerosity":50,"matchType":"unpaired","which":"first","trial_type":"numerosity-estimation","trial_index":13,"time_elapsed":40662,"subject_id":"78157"},{"rt":2020,"stimulus":4,"slider_start":100,"sprites":"crackers","response":110,"absDeviation":3,"callibration":"test","block":0,"seed":4,"numerosity":107,"matchType":"unpaired","which":"first","trial_type":"numerosity-estimation","trial_index":14,"time_elapsed":42683,"subject_id":"78157"},{"rt":3395,"stimulus":5,"slider_start":100,"sprites":"bears","response":78,"absDeviation":28,"callibration":"test","block":0,"seed":5,"numerosity":50,"matchType":"paired","which":"first","trial_type":"numerosity-estimation","trial_index":15,"time_elapsed":46079,"subject_id":"78157"},{"rt":8886,"stimulus":5,"slider_start":100,"sprites":"bears","response":78,"absDeviation":28,"callibration":"test","block":0,"seed":5,"numerosity":50,"matchType":"paired","which":"second","trial_type":"numerosity-estimation","trial_index":16,"time_elapsed":54969,"subject_id":"78157"},{"rt":3247,"stimulus":7,"slider_start":100,"sprites":"jellyBeans","response":67,"absDeviation":17,"callibration":"test","block":0,"seed":7,"numerosity":50,"matchType":"unpaired","which":"first","trial_type":"numerosity-estimation","trial_index":17,"time_elapsed":58219,"subject_id":"78157"},{"rt":2250,"stimulus":8,"slider_start":100,"sprites":"marbles","response":80,"absDeviation":12,"callibration":"test","block":0,"seed":8,"numerosity":92,"matchType":"unpaired","which":"first","trial_type":"numerosity-estimation","trial_index":18,"time_elapsed":60472,"subject_id":"78157"},{"rt":2719,"stimulus":9,"slider_start":100,"sprites":"mints","response":111,"absDeviation":24,"callibration":"test","block":0,"seed":9,"numerosity":135,"matchType":"paired","which":"first","trial_type":"numerosity-estimation","trial_index":19,"time_elapsed":63194,"subject_id":"78157"},{"rt":2750,"stimulus":9,"slider_start":100,"sprites":"mints","response":126,"absDeviation":9,"callibration":"test","block":0,"seed":9,"numerosity":135,"matchType":"paired","which":"second","trial_type":"numerosity-estimation","trial_index":20,"time_elapsed":65947,"subject_id":"78157"},{"rt":4087,"stimulus":11,"slider_start":100,"sprites":"buttons","response":118,"absDeviation":11,"callibration":"test","block":0,"seed":11,"numerosity":107,"matchType":"unpaired","which":"first","trial_type":"numerosity-estimation","trial_index":21,"time_elapsed":70038,"subject_id":"78157"},{"rt":3479,"stimulus":12,"slider_start":100,"sprites":"animalCrackers","response":117,"absDeviation":25,"callibration":"test","block":0,"seed":12,"numerosity":92,"matchType":"unpaired","which":"first","trial_type":"numerosity-estimation","trial_index":22,"time_elapsed":73520,"subject_id":"78157"},{"rt":2294,"stimulus":13,"slider_start":100,"sprites":"letters","response":132,"absDeviation":25,"callibration":"test","block":0,"seed":13,"numerosity":107,"matchType":"paired","which":"first","trial_type":"numerosity-estimation","trial_index":23,"time_elapsed":75817,"subject_id":"78157"},{"rt":2880,"stimulus":13,"slider_start":100,"sprites":"letters","response":89,"absDeviation":18,"callibration":"test","block":0,"seed":13,"numerosity":107,"matchType":"paired","which":"second","trial_type":"numerosity-estimation","trial_index":24,"time_elapsed":78699,"subject_id":"78157"},{"rt":8441,"stimulus":15,"slider_start":100,"sprites":"hearts","response":110,"absDeviation":11,"callibration":"test","block":0,"seed":15,"numerosity":121,"matchType":"unpaired","which":"first","trial_type":"numerosity-estimation","trial_index":25,"time_elapsed":87146,"subject_id":"78157"},{"rt":2932,"stimulus":16,"slider_start":100,"sprites":"crackers","response":81,"absDeviation":17,"callibration":"test","block":0,"seed":16,"numerosity":64,"matchType":"unpaired","which":"first","trial_type":"numerosity-estimation","trial_index":26,"time_elapsed":90081,"subject_id":"78157"},{"rt":2130,"stimulus":"<p> For the last block of trials, the average deviation of your guesses from correct answers was 18.</p>\n     <p>The smaller the deviation the better.  Your deviation was <b> VERY good</b>.</p><br>\n       <p>Press any key to continue to the next block of trials</p>","response":"k","trial_type":"html-keyboard-response","trial_index":27,"time_elapsed":92213,"subject_id":"78157"},{"rt":2501,"stimulus":17,"slider_start":100,"sprites":"bears","response":113,"absDeviation":21,"callibration":"test","block":1,"seed":17,"numerosity":92,"matchType":"paired","which":"first","trial_type":"numerosity-estimation","trial_index":28,"time_elapsed":94718,"subject_id":"78157"},{"rt":2164,"stimulus":17,"slider_start":100,"sprites":"bears","response":125,"absDeviation":33,"callibration":"test","block":1,"seed":17,"numerosity":92,"matchType":"paired","which":"second","trial_type":"numerosity-estimation","trial_index":29,"time_elapsed":96885,"subject_id":"78157"},{"rt":2328,"stimulus":19,"slider_start":100,"sprites":"jellyBeans","response":125,"absDeviation":10,"callibration":"test","block":1,"seed":19,"numerosity":135,"matchType":"unpaired","which":"first","trial_type":"numerosity-estimation","trial_index":30,"time_elapsed":99217,"subject_id":"78157"},{"rt":3268,"stimulus":20,"slider_start":100,"sprites":"marbles","response":81,"absDeviation":3,"callibration":"test","block":1,"seed":20,"numerosity":78,"matchType":"unpaired","which":"first","trial_type":"numerosity-estimation","trial_index":31,"time_elapsed":102487,"subject_id":"78157"},{"rt":2444,"stimulus":21,"slider_start":100,"sprites":"mints","response":120,"absDeviation":28,"callibration":"test","block":1,"seed":21,"numerosity":92,"matchType":"paired","which":"first","trial_type":"numerosity-estimation","trial_index":32,"time_elapsed":104934,"subject_id":"78157"},{"rt":4046,"stimulus":21,"slider_start":100,"sprites":"mints","response":83,"absDeviation":9,"callibration":"test","block":1,"seed":21,"numerosity":92,"matchType":"paired","which":"second","trial_type":"numerosity-estimation","trial_index":33,"time_elapsed":108981,"subject_id":"78157"},{"rt":2430,"stimulus":23,"slider_start":100,"sprites":"buttons","response":131,"absDeviation":19,"callibration":"test","block":1,"seed":23,"numerosity":150,"matchType":"unpaired","which":"first","trial_type":"numerosity-estimation","trial_index":34,"time_elapsed":111412,"subject_id":"78157"},{"rt":2557,"stimulus":24,"slider_start":100,"sprites":"animalCrackers","response":134,"absDeviation":27,"callibration":"test","block":1,"seed":24,"numerosity":107,"matchType":"unpaired","which":"first","trial_type":"numerosity-estimation","trial_index":35,"time_elapsed":113972,"subject_id":"78157"},{"rt":2976,"stimulus":25,"slider_start":100,"sprites":"letters","response":130,"absDeviation":23,"callibration":"test","block":1,"seed":25,"numerosity":107,"matchType":"paired","which":"first","trial_type":"numerosity-estimation","trial_index":36,"time_elapsed":116951,"subject_id":"78157"},{"rt":2346,"stimulus":25,"slider_start":100,"sprites":"letters","response":126,"absDeviation":19,"callibration":"test","block":1,"seed":25,"numerosity":107,"matchType":"paired","which":"second","trial_type":"numerosity-estimation","trial_index":37,"time_elapsed":119301,"subject_id":"78157"},{"rt":2380,"stimulus":27,"slider_start":100,"sprites":"hearts","response":112,"absDeviation":9,"callibration":"test","block":1,"seed":27,"numerosity":121,"matchType":"unpaired","which":"first","trial_type":"numerosity-estimation","trial_index":38,"time_elapsed":121683,"subject_id":"78157"},{"rt":2589,"stimulus":28,"slider_start":100,"sprites":"crackers","response":109,"absDeviation":41,"callibration":"test","block":1,"seed":28,"numerosity":150,"matchType":"unpaired","which":"first","trial_type":"numerosity-estimation","trial_index":39,"time_elapsed":124275,"subject_id":"78157"},{"rt":2317,"stimulus":29,"slider_start":100,"sprites":"bears","response":57,"absDeviation":7,"callibration":"test","block":1,"seed":29,"numerosity":64,"matchType":"paired","which":"first","trial_type":"numerosity-estimation","trial_index":40,"time_elapsed":126595,"subject_id":"78157"},{"rt":2604,"stimulus":29,"slider_start":100,"sprites":"bears","response":60,"absDeviation":4,"callibration":"test","block":1,"seed":29,"numerosity":64,"matchType":"paired","which":"second","trial_type":"numerosity-estimation","trial_index":41,"time_elapsed":129201,"subject_id":"78157"},{"rt":2125,"stimulus":31,"slider_start":100,"sprites":"jellyBeans","response":130,"absDeviation":20,"callibration":"test","block":1,"seed":31,"numerosity":150,"matchType":"unpaired","which":"first","trial_type":"numerosity-estimation","trial_index":42,"time_elapsed":131328,"subject_id":"78157"},{"rt":3119,"stimulus":32,"slider_start":100,"sprites":"marbles","response":114,"absDeviation":21,"callibration":"test","block":1,"seed":32,"numerosity":135,"matchType":"unpaired","which":"first","trial_type":"numerosity-estimation","trial_index":43,"time_elapsed":134449,"subject_id":"78157"},{"rt":1118,"stimulus":"<p> For the last block of trials, the average deviation of your guesses from correct answers was 18.</p>\n     <p>The smaller the deviation the better.  Your deviation was <b> VERY good</b>.</p><br>\n       <p>Press any key to continue to the next block of trials</p>","response":",","trial_type":"html-keyboard-response","trial_index":44,"time_elapsed":135570,"subject_id":"78157"},{"rt":3821,"stimulus":33,"slider_start":100,"sprites":"mints","response":125,"absDeviation":4,"callibration":"test","block":2,"seed":33,"numerosity":121,"matchType":"paired","which":"first","trial_type":"numerosity-estimation","trial_index":45,"time_elapsed":139392,"subject_id":"78157"},{"rt":2677,"stimulus":33,"slider_start":100,"sprites":"mints","response":141,"absDeviation":20,"callibration":"test","block":2,"seed":33,"numerosity":121,"matchType":"paired","which":"second","trial_type":"numerosity-estimation","trial_index":46,"time_elapsed":142073,"subject_id":"78157"},{"rt":2317,"stimulus":35,"slider_start":100,"sprites":"buttons","response":83,"absDeviation":5,"callibration":"test","block":2,"seed":35,"numerosity":78,"matchType":"unpaired","which":"first","trial_type":"numerosity-estimation","trial_index":47,"time_elapsed":144392,"subject_id":"78157"},{"rt":2457,"stimulus":36,"slider_start":100,"sprites":"animalCrackers","response":64,"absDeviation":14,"callibration":"test","block":2,"seed":36,"numerosity":50,"matchType":"unpaired","which":"first","trial_type":"numerosity-estimation","trial_index":48,"time_elapsed":146854,"subject_id":"78157"},{"rt":2251,"stimulus":37,"slider_start":100,"sprites":"letters","response":124,"absDeviation":11,"callibration":"test","block":2,"seed":37,"numerosity":135,"matchType":"paired","which":"first","trial_type":"numerosity-estimation","trial_index":49,"time_elapsed":149108,"subject_id":"78157"},{"rt":2230,"stimulus":37,"slider_start":100,"sprites":"letters","response":117,"absDeviation":18,"callibration":"test","block":2,"seed":37,"numerosity":135,"matchType":"paired","which":"second","trial_type":"numerosity-estimation","trial_index":50,"time_elapsed":151340,"subject_id":"78157"},{"rt":2153,"stimulus":39,"slider_start":100,"sprites":"hearts","response":76,"absDeviation":2,"callibration":"test","block":2,"seed":39,"numerosity":78,"matchType":"unpaired","which":"first","trial_type":"numerosity-estimation","trial_index":51,"time_elapsed":153495,"subject_id":"78157"},{"rt":2063,"stimulus":40,"slider_start":100,"sprites":"crackers","response":117,"absDeviation":4,"callibration":"test","block":2,"seed":40,"numerosity":121,"matchType":"unpaired","which":"first","trial_type":"numerosity-estimation","trial_index":52,"time_elapsed":155563,"subject_id":"78157"},{"rt":2220,"stimulus":41,"slider_start":100,"sprites":"bears","response":65,"absDeviation":15,"callibration":"test","block":2,"seed":41,"numerosity":50,"matchType":"paired","which":"first","trial_type":"numerosity-estimation","trial_index":53,"time_elapsed":157784,"subject_id":"78157"},{"rt":2252,"stimulus":41,"slider_start":100,"sprites":"bears","response":70,"absDeviation":20,"callibration":"test","block":2,"seed":41,"numerosity":50,"matchType":"paired","which":"second","trial_type":"numerosity-estimation","trial_index":54,"time_elapsed":160038,"subject_id":"78157"},{"rt":2059,"stimulus":43,"slider_start":100,"sprites":"jellyBeans","response":79,"absDeviation":15,"callibration":"test","block":2,"seed":43,"numerosity":64,"matchType":"unpaired","which":"first","trial_type":"numerosity-estimation","trial_index":55,"time_elapsed":162099,"subject_id":"78157"},{"rt":2316,"stimulus":44,"slider_start":100,"sprites":"marbles","response":76,"absDeviation":45,"callibration":"test","block":2,"seed":44,"numerosity":121,"matchType":"unpaired","which":"first","trial_type":"numerosity-estimation","trial_index":56,"time_elapsed":164417,"subject_id":"78157"},{"rt":2010,"stimulus":45,"slider_start":100,"sprites":"mints","response":116,"absDeviation":5,"callibration":"test","block":2,"seed":45,"numerosity":121,"matchType":"paired","which":"first","trial_type":"numerosity-estimation","trial_index":57,"time_elapsed":166429,"subject_id":"78157"},{"rt":2028,"stimulus":45,"slider_start":100,"sprites":"mints","response":121,"absDeviation":0,"callibration":"test","block":2,"seed":45,"numerosity":121,"matchType":"paired","which":"second","trial_type":"numerosity-estimation","trial_index":58,"time_elapsed":168459,"subject_id":"78157"},{"rt":2677,"stimulus":47,"slider_start":100,"sprites":"buttons","response":84,"absDeviation":37,"callibration":"test","block":2,"seed":47,"numerosity":121,"matchType":"unpaired","which":"first","trial_type":"numerosity-estimation","trial_index":59,"time_elapsed":171138,"subject_id":"78157"},{"rt":2751,"stimulus":48,"slider_start":100,"sprites":"animalCrackers","response":128,"absDeviation":7,"callibration":"test","block":2,"seed":48,"numerosity":135,"matchType":"unpaired","which":"first","trial_type":"numerosity-estimation","trial_index":60,"time_elapsed":173891,"subject_id":"78157"},{"rt":1122,"stimulus":"<p> For the last block of trials, the average deviation of your guesses from correct answers was 14.</p>\n     <p>The smaller the deviation the better.  Your deviation was <b> AMAZINGLY good</b>.</p><br>\n       <p>Press any key to continue to the next block of trials</p>","response":"k","trial_type":"html-keyboard-response","trial_index":61,"time_elapsed":175015,"subject_id":"78157"},{"rt":2602,"stimulus":49,"slider_start":100,"sprites":"letters","response":69,"absDeviation":9,"callibration":"test","block":3,"seed":49,"numerosity":78,"matchType":"paired","which":"first","trial_type":"numerosity-estimation","trial_index":62,"time_elapsed":177619,"subject_id":"78157"},{"rt":2069,"stimulus":49,"slider_start":100,"sprites":"letters","response":74,"absDeviation":4,"callibration":"test","block":3,"seed":49,"numerosity":78,"matchType":"paired","which":"second","trial_type":"numerosity-estimation","trial_index":63,"time_elapsed":179690,"subject_id":"78157"},{"rt":2053,"stimulus":51,"slider_start":100,"sprites":"hearts","response":119,"absDeviation":31,"callibration":"test","block":3,"seed":51,"numerosity":150,"matchType":"unpaired","which":"first","trial_type":"numerosity-estimation","trial_index":64,"time_elapsed":181748,"subject_id":"78157"},{"rt":2338,"stimulus":52,"slider_start":100,"sprites":"crackers","response":64,"absDeviation":14,"callibration":"test","block":3,"seed":52,"numerosity":78,"matchType":"unpaired","which":"first","trial_type":"numerosity-estimation","trial_index":65,"time_elapsed":184088,"subject_id":"78157"},{"rt":2352,"stimulus":53,"slider_start":100,"sprites":"bears","response":43,"absDeviation":7,"callibration":"test","block":3,"seed":53,"numerosity":50,"matchType":"paired","which":"first","trial_type":"numerosity-estimation","trial_index":66,"time_elapsed":186442,"subject_id":"78157"},{"rt":2178,"stimulus":53,"slider_start":100,"sprites":"bears","response":51,"absDeviation":1,"callibration":"test","block":3,"seed":53,"numerosity":50,"matchType":"paired","which":"second","trial_type":"numerosity-estimation","trial_index":67,"time_elapsed":188621,"subject_id":"78157"},{"rt":2067,"stimulus":55,"slider_start":100,"sprites":"jellyBeans","response":75,"absDeviation":46,"callibration":"test","block":3,"seed":55,"numerosity":121,"matchType":"unpaired","which":"first","trial_type":"numerosity-estimation","trial_index":68,"time_elapsed":190690,"subject_id":"78157"},{"rt":2147,"stimulus":56,"slider_start":100,"sprites":"marbles","response":51,"absDeviation":13,"callibration":"test","block":3,"seed":56,"numerosity":64,"matchType":"unpaired","which":"first","trial_type":"numerosity-estimation","trial_index":69,"time_elapsed":192839,"subject_id":"78157"},{"rt":2472,"stimulus":57,"slider_start":100,"sprites":"mints","response":60,"absDeviation":4,"callibration":"test","block":3,"seed":57,"numerosity":64,"matchType":"paired","which":"first","trial_type":"numerosity-estimation","trial_index":70,"time_elapsed":195312,"subject_id":"78157"},{"rt":2064,"stimulus":57,"slider_start":100,"sprites":"mints","response":119,"absDeviation":55,"callibration":"test","block":3,"seed":57,"numerosity":64,"matchType":"paired","which":"second","trial_type":"numerosity-estimation","trial_index":71,"time_elapsed":197379,"subject_id":"78157"},{"rt":2857,"stimulus":59,"slider_start":100,"sprites":"buttons","response":115,"absDeviation":20,"callibration":"test","block":3,"seed":59,"numerosity":135,"matchType":"unpaired","which":"first","trial_type":"numerosity-estimation","trial_index":72,"time_elapsed":200238,"subject_id":"78157"},{"rt":3421,"stimulus":60,"slider_start":100,"sprites":"animalCrackers","response":140,"absDeviation":10,"callibration":"test","block":3,"seed":60,"numerosity":150,"matchType":"unpaired","which":"first","trial_type":"numerosity-estimation","trial_index":73,"time_elapsed":203661,"subject_id":"78157"},{"rt":2231,"stimulus":61,"slider_start":100,"sprites":"letters","response":48,"absDeviation":2,"callibration":"test","block":3,"seed":61,"numerosity":50,"matchType":"paired","which":"first","trial_type":"numerosity-estimation","trial_index":74,"time_elapsed":205896,"subject_id":"78157"},{"rt":2171,"stimulus":61,"slider_start":100,"sprites":"letters","response":51,"absDeviation":1,"callibration":"test","block":3,"seed":61,"numerosity":50,"matchType":"paired","which":"second","trial_type":"numerosity-estimation","trial_index":75,"time_elapsed":208069,"subject_id":"78157"},{"rt":2589,"stimulus":63,"slider_start":100,"sprites":"hearts","response":49,"absDeviation":15,"callibration":"test","block":3,"seed":63,"numerosity":64,"matchType":"unpaired","which":"first","trial_type":"numerosity-estimation","trial_index":76,"time_elapsed":210661,"subject_id":"78157"},{"rt":2236,"stimulus":64,"slider_start":100,"sprites":"crackers","response":115,"absDeviation":20,"callibration":"test","block":3,"seed":64,"numerosity":135,"matchType":"unpaired","which":"first","trial_type":"numerosity-estimation","trial_index":77,"time_elapsed":212899,"subject_id":"78157"},{"rt":1078,"stimulus":"<p> For the last block of trials, the average deviation of your guesses from correct answers was 16.</p>\n     <p>The smaller the deviation the better.  Your deviation was <b> VERY good</b>.</p><br>\n       <p>Press any key to continue to the next block of trials</p>","response":"k","trial_type":"html-keyboard-response","trial_index":78,"time_elapsed":213977,"subject_id":"78157"},{"rt":2430,"stimulus":65,"slider_start":100,"sprites":"bears","response":83,"absDeviation":24,"callibration":"test","block":4,"seed":65,"numerosity":107,"matchType":"paired","which":"first","trial_type":"numerosity-estimation","trial_index":79,"time_elapsed":216409,"subject_id":"78157"},{"rt":2059,"stimulus":65,"slider_start":100,"sprites":"bears","response":112,"absDeviation":5,"callibration":"test","block":4,"seed":65,"numerosity":107,"matchType":"paired","which":"second","trial_type":"numerosity-estimation","trial_index":80,"time_elapsed":218469,"subject_id":"78157"},{"rt":2341,"stimulus":67,"slider_start":100,"sprites":"jellyBeans","response":84,"absDeviation":23,"callibration":"test","block":4,"seed":67,"numerosity":107,"matchType":"unpaired","which":"first","trial_type":"numerosity-estimation","trial_index":81,"time_elapsed":220813,"subject_id":"78157"},{"rt":4173,"stimulus":68,"slider_start":100,"sprites":"marbles","response":83,"absDeviation":67,"callibration":"test","block":4,"seed":68,"numerosity":150,"matchType":"unpaired","which":"first","trial_type":"numerosity-estimation","trial_index":82,"time_elapsed":224989,"subject_id":"78157"},{"rt":2702,"stimulus":69,"slider_start":100,"sprites":"mints","response":115,"absDeviation":6,"callibration":"test","block":4,"seed":69,"numerosity":121,"matchType":"paired","which":"first","trial_type":"numerosity-estimation","trial_index":83,"time_elapsed":227693,"subject_id":"78157"},{"rt":2758,"stimulus":69,"slider_start":100,"sprites":"mints","response":121,"absDeviation":0,"callibration":"test","block":4,"seed":69,"numerosity":121,"matchType":"paired","which":"second","trial_type":"numerosity-estimation","trial_index":84,"time_elapsed":230454,"subject_id":"78157"},{"rt":2462,"stimulus":71,"slider_start":100,"sprites":"buttons","response":118,"absDeviation":11,"callibration":"test","block":4,"seed":71,"numerosity":107,"matchType":"unpaired","which":"first","trial_type":"numerosity-estimation","trial_index":85,"time_elapsed":232919,"subject_id":"78157"},{"rt":2597,"stimulus":72,"slider_start":100,"sprites":"animalCrackers","response":39,"absDeviation":11,"callibration":"test","block":4,"seed":72,"numerosity":50,"matchType":"unpaired","which":"first","trial_type":"numerosity-estimation","trial_index":86,"time_elapsed":235519,"subject_id":"78157"},{"rt":2409,"stimulus":73,"slider_start":100,"sprites":"letters","response":60,"absDeviation":18,"callibration":"test","block":4,"seed":73,"numerosity":78,"matchType":"paired","which":"first","trial_type":"numerosity-estimation","trial_index":87,"time_elapsed":237931,"subject_id":"78157"},{"rt":1932,"stimulus":73,"slider_start":100,"sprites":"letters","response":69,"absDeviation":9,"callibration":"test","block":4,"seed":73,"numerosity":78,"matchType":"paired","which":"second","trial_type":"numerosity-estimation","trial_index":88,"time_elapsed":239865,"subject_id":"78157"},{"rt":2789,"stimulus":75,"slider_start":100,"sprites":"hearts","response":75,"absDeviation":17,"callibration":"test","block":4,"seed":75,"numerosity":92,"matchType":"unpaired","which":"first","trial_type":"numerosity-estimation","trial_index":89,"time_elapsed":242655,"subject_id":"78157"},{"rt":2324,"stimulus":76,"slider_start":100,"sprites":"crackers","response":40,"absDeviation":24,"callibration":"test","block":4,"seed":76,"numerosity":64,"matchType":"unpaired","which":"first","trial_type":"numerosity-estimation","trial_index":90,"time_elapsed":244982,"subject_id":"78157"},{"rt":4626,"stimulus":77,"slider_start":100,"sprites":"bears","response":88,"absDeviation":47,"callibration":"test","block":4,"seed":77,"numerosity":135,"matchType":"paired","which":"first","trial_type":"numerosity-estimation","trial_index":91,"time_elapsed":249609,"subject_id":"78157"},{"rt":2486,"stimulus":77,"slider_start":100,"sprites":"bears","response":96,"absDeviation":39,"callibration":"test","block":4,"seed":77,"numerosity":135,"matchType":"paired","which":"second","trial_type":"numerosity-estimation","trial_index":92,"time_elapsed":252099,"subject_id":"78157"},{"rt":3658,"stimulus":79,"slider_start":100,"sprites":"jellyBeans","response":36,"absDeviation":14,"callibration":"test","block":4,"seed":79,"numerosity":50,"matchType":"unpaired","which":"first","trial_type":"numerosity-estimation","trial_index":93,"time_elapsed":255760,"subject_id":"78157"},{"rt":2621,"stimulus":80,"slider_start":100,"sprites":"marbles","response":56,"absDeviation":65,"callibration":"test","block":4,"seed":80,"numerosity":121,"matchType":"unpaired","which":"first","trial_type":"numerosity-estimation","trial_index":94,"time_elapsed":258384,"subject_id":"78157"},{"rt":1490,"stimulus":"<p> For the last block of trials, the average deviation of your guesses from correct answers was 24.</p>\n     <p>The smaller the deviation the better.  Your deviation was <b> VERY good</b>.</p><br>\n       <p>Press any key to continue to the next block of trials</p>","response":"k","trial_type":"html-keyboard-response","trial_index":95,"time_elapsed":259875,"subject_id":"78157"},{"rt":2555,"stimulus":81,"slider_start":100,"sprites":"mints","response":122,"absDeviation":1,"callibration":"test","block":5,"seed":81,"numerosity":121,"matchType":"paired","which":"first","trial_type":"numerosity-estimation","trial_index":96,"time_elapsed":262432,"subject_id":"78157"},{"rt":4510,"stimulus":81,"slider_start":100,"sprites":"mints","response":109,"absDeviation":12,"callibration":"test","block":5,"seed":81,"numerosity":121,"matchType":"paired","which":"second","trial_type":"numerosity-estimation","trial_index":97,"time_elapsed":266944,"subject_id":"78157"},{"rt":3718,"stimulus":83,"slider_start":100,"sprites":"buttons","response":76,"absDeviation":45,"callibration":"test","block":5,"seed":83,"numerosity":121,"matchType":"unpaired","which":"first","trial_type":"numerosity-estimation","trial_index":98,"time_elapsed":270664,"subject_id":"78157"},{"rt":2136,"stimulus":84,"slider_start":100,"sprites":"animalCrackers","response":36,"absDeviation":14,"callibration":"test","block":5,"seed":84,"numerosity":50,"matchType":"unpaired","which":"first","trial_type":"numerosity-estimation","trial_index":99,"time_elapsed":272804,"subject_id":"78157"},{"rt":2099,"stimulus":85,"slider_start":100,"sprites":"letters","response":49,"absDeviation":15,"callibration":"test","block":5,"seed":85,"numerosity":64,"matchType":"paired","which":"first","trial_type":"numerosity-estimation","trial_index":100,"time_elapsed":274904,"subject_id":"78157"},{"rt":2188,"stimulus":85,"slider_start":100,"sprites":"letters","response":59,"absDeviation":5,"callibration":"test","block":5,"seed":85,"numerosity":64,"matchType":"paired","which":"second","trial_type":"numerosity-estimation","trial_index":101,"time_elapsed":277094,"subject_id":"78157"},{"rt":2220,"stimulus":87,"slider_start":100,"sprites":"hearts","response":34,"absDeviation":16,"callibration":"test","block":5,"seed":87,"numerosity":50,"matchType":"unpaired","which":"first","trial_type":"numerosity-estimation","trial_index":102,"time_elapsed":279316,"subject_id":"78157"},{"rt":2485,"stimulus":88,"slider_start":100,"sprites":"crackers","response":113,"absDeviation":22,"callibration":"test","block":5,"seed":88,"numerosity":135,"matchType":"unpaired","which":"first","trial_type":"numerosity-estimation","trial_index":103,"time_elapsed":281803,"subject_id":"78157"},{"rt":2220,"stimulus":89,"slider_start":100,"sprites":"bears","response":41,"absDeviation":9,"callibration":"test","block":5,"seed":89,"numerosity":50,"matchType":"paired","which":"first","trial_type":"numerosity-estimation","trial_index":104,"time_elapsed":284025,"subject_id":"78157"},{"rt":2050,"stimulus":89,"slider_start":100,"sprites":"bears","response":54,"absDeviation":4,"callibration":"test","block":5,"seed":89,"numerosity":50,"matchType":"paired","which":"second","trial_type":"numerosity-estimation","trial_index":105,"time_elapsed":286077,"subject_id":"78157"},{"rt":2189,"stimulus":91,"slider_start":100,"sprites":"jellyBeans","response":56,"absDeviation":36,"callibration":"test","block":5,"seed":91,"numerosity":92,"matchType":"unpaired","which":"first","trial_type":"numerosity-estimation","trial_index":106,"time_elapsed":288268,"subject_id":"78157"},{"rt":2224,"stimulus":92,"slider_start":100,"sprites":"marbles","response":62,"absDeviation":59,"callibration":"test","block":5,"seed":92,"numerosity":121,"matchType":"unpaired","which":"first","trial_type":"numerosity-estimation","trial_index":107,"time_elapsed":290497,"subject_id":"78157"},{"rt":2430,"stimulus":93,"slider_start":100,"sprites":"mints","response":66,"absDeviation":12,"callibration":"test","block":5,"seed":93,"numerosity":78,"matchType":"paired","which":"first","trial_type":"numerosity-estimation","trial_index":108,"time_elapsed":292929,"subject_id":"78157"},{"rt":2195,"stimulus":93,"slider_start":100,"sprites":"mints","response":73,"absDeviation":5,"callibration":"test","block":5,"seed":93,"numerosity":78,"matchType":"paired","which":"second","trial_type":"numerosity-estimation","trial_index":109,"time_elapsed":295125,"subject_id":"78157"},{"rt":2334,"stimulus":95,"slider_start":100,"sprites":"buttons","response":71,"absDeviation":7,"callibration":"test","block":5,"seed":95,"numerosity":64,"matchType":"unpaired","which":"first","trial_type":"numerosity-estimation","trial_index":110,"time_elapsed":297461,"subject_id":"78157"},{"rt":2766,"stimulus":96,"slider_start":100,"sprites":"animalCrackers","response":114,"absDeviation":22,"callibration":"test","block":5,"seed":96,"numerosity":92,"matchType":"unpaired","which":"first","trial_type":"numerosity-estimation","trial_index":111,"time_elapsed":300230,"subject_id":"78157"},{"rt":1113,"stimulus":"<p> For the last block of trials, the average deviation of your guesses from correct answers was 18.</p>\n     <p>The smaller the deviation the better.  Your deviation was <b> VERY good</b>.</p><br>\n       <p>Press any key to continue to the next block of trials</p>","response":"k","trial_type":"html-keyboard-response","trial_index":112,"time_elapsed":301345,"subject_id":"78157"},{"rt":2512,"stimulus":2,"slider_start":100,"sprites":"butterflies","response":118,"absDeviation":17,"callibration":"test","block":6,"seed":2,"numerosity":135,"matchType":"paired","which":"first","trial_type":"numerosity-estimation","trial_index":113,"time_elapsed":303860,"subject_id":"78157"},{"rt":2462,"stimulus":2,"slider_start":100,"sprites":"butterflies","response":127,"absDeviation":8,"callibration":"test","block":6,"seed":2,"numerosity":135,"matchType":"paired","which":"second","trial_type":"numerosity-estimation","trial_index":114,"time_elapsed":306323,"subject_id":"78157"},{"rt":2558,"stimulus":3,"slider_start":100,"sprites":"hearts","response":42,"absDeviation":8,"callibration":"test","block":6,"seed":3,"numerosity":50,"matchType":"unpaired","which":"second","trial_type":"numerosity-estimation","trial_index":115,"time_elapsed":308883,"subject_id":"78157"},{"rt":2687,"stimulus":4,"slider_start":100,"sprites":"crackers","response":64,"absDeviation":43,"callibration":"test","block":6,"seed":4,"numerosity":107,"matchType":"unpaired","which":"second","trial_type":"numerosity-estimation","trial_index":116,"time_elapsed":311572,"subject_id":"78157"},{"rt":2717,"stimulus":6,"slider_start":100,"sprites":"fruits","response":74,"absDeviation":4,"callibration":"test","block":6,"seed":6,"numerosity":78,"matchType":"paired","which":"first","trial_type":"numerosity-estimation","trial_index":117,"time_elapsed":314292,"subject_id":"78157"},{"rt":1922,"stimulus":6,"slider_start":100,"sprites":"fruits","response":87,"absDeviation":9,"callibration":"test","block":6,"seed":6,"numerosity":78,"matchType":"paired","which":"second","trial_type":"numerosity-estimation","trial_index":118,"time_elapsed":316216,"subject_id":"78157"},{"rt":1929,"stimulus":7,"slider_start":100,"sprites":"jellyBeans","response":56,"absDeviation":6,"callibration":"test","block":6,"seed":7,"numerosity":50,"matchType":"unpaired","which":"second","trial_type":"numerosity-estimation","trial_index":119,"time_elapsed":318148,"subject_id":"78157"},{"rt":1930,"stimulus":8,"slider_start":100,"sprites":"marbles","response":52,"absDeviation":40,"callibration":"test","block":6,"seed":8,"numerosity":92,"matchType":"unpaired","which":"second","trial_type":"numerosity-estimation","trial_index":120,"time_elapsed":320080,"subject_id":"78157"},{"rt":2186,"stimulus":10,"slider_start":100,"sprites":"rocks","response":35,"absDeviation":15,"callibration":"test","block":6,"seed":10,"numerosity":50,"matchType":"paired","which":"first","trial_type":"numerosity-estimation","trial_index":121,"time_elapsed":322269,"subject_id":"78157"},{"rt":3034,"stimulus":10,"slider_start":100,"sprites":"rocks","response":38,"absDeviation":12,"callibration":"test","block":6,"seed":10,"numerosity":50,"matchType":"paired","which":"second","trial_type":"numerosity-estimation","trial_index":122,"time_elapsed":325304,"subject_id":"78157"},{"rt":2476,"stimulus":11,"slider_start":100,"sprites":"buttons","response":82,"absDeviation":25,"callibration":"test","block":6,"seed":11,"numerosity":107,"matchType":"unpaired","which":"second","trial_type":"numerosity-estimation","trial_index":123,"time_elapsed":327783,"subject_id":"78157"},{"rt":2453,"stimulus":12,"slider_start":100,"sprites":"animalCrackers","response":93,"absDeviation":1,"callibration":"test","block":6,"seed":12,"numerosity":92,"matchType":"unpaired","which":"second","trial_type":"numerosity-estimation","trial_index":124,"time_elapsed":330238,"subject_id":"78157"},{"rt":3894,"stimulus":14,"slider_start":100,"sprites":"butterflies","response":117,"absDeviation":33,"callibration":"test","block":6,"seed":14,"numerosity":150,"matchType":"paired","which":"first","trial_type":"numerosity-estimation","trial_index":125,"time_elapsed":334134,"subject_id":"78157"},{"rt":3286,"stimulus":14,"slider_start":100,"sprites":"butterflies","response":126,"absDeviation":24,"callibration":"test","block":6,"seed":14,"numerosity":150,"matchType":"paired","which":"second","trial_type":"numerosity-estimation","trial_index":126,"time_elapsed":337427,"subject_id":"78157"},{"rt":2444,"stimulus":15,"slider_start":100,"sprites":"hearts","response":112,"absDeviation":9,"callibration":"test","block":6,"seed":15,"numerosity":121,"matchType":"unpaired","which":"second","trial_type":"numerosity-estimation","trial_index":127,"time_elapsed":339873,"subject_id":"78157"},{"rt":3122,"stimulus":16,"slider_start":100,"sprites":"crackers","response":38,"absDeviation":26,"callibration":"test","block":6,"seed":16,"numerosity":64,"matchType":"unpaired","which":"second","trial_type":"numerosity-estimation","trial_index":128,"time_elapsed":342998,"subject_id":"78157"},{"rt":1330,"stimulus":"<p> For the last block of trials, the average deviation of your guesses from correct answers was 18.</p>\n     <p>The smaller the deviation the better.  Your deviation was <b> VERY good</b>.</p><br>\n       <p>Press any key to continue to the next block of trials</p>","response":"j","trial_type":"html-keyboard-response","trial_index":129,"time_elapsed":344329,"subject_id":"78157"},{"rt":2716,"stimulus":18,"slider_start":100,"sprites":"fruits","response":89,"absDeviation":18,"callibration":"test","block":7,"seed":18,"numerosity":107,"matchType":"paired","which":"first","trial_type":"numerosity-estimation","trial_index":130,"time_elapsed":347046,"subject_id":"78157"},{"rt":1947,"stimulus":18,"slider_start":100,"sprites":"fruits","response":83,"absDeviation":24,"callibration":"test","block":7,"seed":18,"numerosity":107,"matchType":"paired","which":"second","trial_type":"numerosity-estimation","trial_index":131,"time_elapsed":348995,"subject_id":"78157"},{"rt":2210,"stimulus":19,"slider_start":100,"sprites":"jellyBeans","response":96,"absDeviation":39,"callibration":"test","block":7,"seed":19,"numerosity":135,"matchType":"unpaired","which":"second","trial_type":"numerosity-estimation","trial_index":132,"time_elapsed":351207,"subject_id":"78157"},{"rt":2308,"stimulus":20,"slider_start":100,"sprites":"marbles","response":41,"absDeviation":37,"callibration":"test","block":7,"seed":20,"numerosity":78,"matchType":"unpaired","which":"second","trial_type":"numerosity-estimation","trial_index":133,"time_elapsed":353517,"subject_id":"78157"},{"rt":2477,"stimulus":22,"slider_start":100,"sprites":"rocks","response":49,"absDeviation":43,"callibration":"test","block":7,"seed":22,"numerosity":92,"matchType":"paired","which":"first","trial_type":"numerosity-estimation","trial_index":134,"time_elapsed":355996,"subject_id":"78157"},{"rt":4062,"stimulus":22,"slider_start":100,"sprites":"rocks","response":74,"absDeviation":18,"callibration":"test","block":7,"seed":22,"numerosity":92,"matchType":"paired","which":"second","trial_type":"numerosity-estimation","trial_index":135,"time_elapsed":360060,"subject_id":"78157"},{"rt":3388,"stimulus":23,"slider_start":100,"sprites":"buttons","response":90,"absDeviation":60,"callibration":"test","block":7,"seed":23,"numerosity":150,"matchType":"unpaired","which":"second","trial_type":"numerosity-estimation","trial_index":136,"time_elapsed":363450,"subject_id":"78157"},{"rt":4039,"stimulus":24,"slider_start":100,"sprites":"animalCrackers","response":57,"absDeviation":50,"callibration":"test","block":7,"seed":24,"numerosity":107,"matchType":"unpaired","which":"second","trial_type":"numerosity-estimation","trial_index":137,"time_elapsed":367492,"subject_id":"78157"},{"rt":5502,"stimulus":26,"slider_start":100,"sprites":"butterflies","response":52,"absDeviation":40,"callibration":"test","block":7,"seed":26,"numerosity":92,"matchType":"paired","which":"first","trial_type":"numerosity-estimation","trial_index":138,"time_elapsed":372996,"subject_id":"78157"},{"rt":7719,"stimulus":26,"slider_start":100,"sprites":"butterflies","response":60,"absDeviation":32,"callibration":"test","block":7,"seed":26,"numerosity":92,"matchType":"paired","which":"second","trial_type":"numerosity-estimation","trial_index":139,"time_elapsed":380718,"subject_id":"78157"},{"rt":2492,"stimulus":27,"slider_start":100,"sprites":"hearts","response":82,"absDeviation":39,"callibration":"test","block":7,"seed":27,"numerosity":121,"matchType":"unpaired","which":"second","trial_type":"numerosity-estimation","trial_index":140,"time_elapsed":383213,"subject_id":"78157"},{"rt":2848,"stimulus":28,"slider_start":100,"sprites":"crackers","response":96,"absDeviation":54,"callibration":"test","block":7,"seed":28,"numerosity":150,"matchType":"unpaired","which":"second","trial_type":"numerosity-estimation","trial_index":141,"time_elapsed":386063,"subject_id":"78157"},{"rt":2493,"stimulus":30,"slider_start":100,"sprites":"fruits","response":90,"absDeviation":17,"callibration":"test","block":7,"seed":30,"numerosity":107,"matchType":"paired","which":"first","trial_type":"numerosity-estimation","trial_index":142,"time_elapsed":388559,"subject_id":"78157"},{"rt":2704,"stimulus":30,"slider_start":100,"sprites":"fruits","response":99,"absDeviation":8,"callibration":"test","block":7,"seed":30,"numerosity":107,"matchType":"paired","which":"second","trial_type":"numerosity-estimation","trial_index":143,"time_elapsed":391265,"subject_id":"78157"},{"rt":2768,"stimulus":31,"slider_start":100,"sprites":"jellyBeans","response":109,"absDeviation":41,"callibration":"test","block":7,"seed":31,"numerosity":150,"matchType":"unpaired","which":"second","trial_type":"numerosity-estimation","trial_index":144,"time_elapsed":394035,"subject_id":"78157"},{"rt":3359,"stimulus":32,"slider_start":100,"sprites":"marbles","response":74,"absDeviation":61,"callibration":"test","block":7,"seed":32,"numerosity":135,"matchType":"unpaired","which":"second","trial_type":"numerosity-estimation","trial_index":145,"time_elapsed":397397,"subject_id":"78157"},{"rt":1847,"stimulus":"<p> For the last block of trials, the average deviation of your guesses from correct answers was 36.</p>\n     <p>The smaller the deviation the better.  Your deviation was <b> good</b>.</p><br>\n       <p>Press any key to continue to the next block of trials</p>","response":" ","trial_type":"html-keyboard-response","trial_index":146,"time_elapsed":399246,"subject_id":"78157"},{"rt":2449,"stimulus":34,"slider_start":100,"sprites":"rocks","response":47,"absDeviation":3,"callibration":"test","block":8,"seed":34,"numerosity":50,"matchType":"paired","which":"first","trial_type":"numerosity-estimation","trial_index":147,"time_elapsed":401698,"subject_id":"78157"},{"rt":2868,"stimulus":34,"slider_start":100,"sprites":"rocks","response":47,"absDeviation":3,"callibration":"test","block":8,"seed":34,"numerosity":50,"matchType":"paired","which":"second","trial_type":"numerosity-estimation","trial_index":148,"time_elapsed":404569,"subject_id":"78157"},{"rt":3066,"stimulus":35,"slider_start":100,"sprites":"buttons","response":39,"absDeviation":39,"callibration":"test","block":8,"seed":35,"numerosity":78,"matchType":"unpaired","which":"second","trial_type":"numerosity-estimation","trial_index":149,"time_elapsed":407636,"subject_id":"78157"},{"rt":2381,"stimulus":36,"slider_start":100,"sprites":"animalCrackers","response":31,"absDeviation":19,"callibration":"test","block":8,"seed":36,"numerosity":50,"matchType":"unpaired","which":"second","trial_type":"numerosity-estimation","trial_index":150,"time_elapsed":410019,"subject_id":"78157"},{"rt":4144,"stimulus":38,"slider_start":100,"sprites":"butterflies","response":40,"absDeviation":38,"callibration":"test","block":8,"seed":38,"numerosity":78,"matchType":"paired","which":"first","trial_type":"numerosity-estimation","trial_index":151,"time_elapsed":414165,"subject_id":"78157"},{"rt":2573,"stimulus":38,"slider_start":100,"sprites":"butterflies","response":56,"absDeviation":22,"callibration":"test","block":8,"seed":38,"numerosity":78,"matchType":"paired","which":"second","trial_type":"numerosity-estimation","trial_index":152,"time_elapsed":416741,"subject_id":"78157"},{"rt":2744,"stimulus":39,"slider_start":100,"sprites":"hearts","response":84,"absDeviation":6,"callibration":"test","block":8,"seed":39,"numerosity":78,"matchType":"unpaired","which":"second","trial_type":"numerosity-estimation","trial_index":153,"time_elapsed":419487,"subject_id":"78157"},{"rt":2582,"stimulus":40,"slider_start":100,"sprites":"crackers","response":115,"absDeviation":6,"callibration":"test","block":8,"seed":40,"numerosity":121,"matchType":"unpaired","which":"second","trial_type":"numerosity-estimation","trial_index":154,"time_elapsed":422070,"subject_id":"78157"},{"rt":2913,"stimulus":42,"slider_start":100,"sprites":"fruits","response":85,"absDeviation":7,"callibration":"test","block":8,"seed":42,"numerosity":78,"matchType":"paired","which":"first","trial_type":"numerosity-estimation","trial_index":155,"time_elapsed":424985,"subject_id":"78157"},{"rt":2177,"stimulus":42,"slider_start":100,"sprites":"fruits","response":91,"absDeviation":13,"callibration":"test","block":8,"seed":42,"numerosity":78,"matchType":"paired","which":"second","trial_type":"numerosity-estimation","trial_index":156,"time_elapsed":427164,"subject_id":"78157"},{"rt":11942,"stimulus":43,"slider_start":100,"sprites":"jellyBeans","response":76,"absDeviation":12,"callibration":"test","block":8,"seed":43,"numerosity":64,"matchType":"unpaired","which":"second","trial_type":"numerosity-estimation","trial_index":157,"time_elapsed":439109,"subject_id":"78157"},{"rt":2679,"stimulus":44,"slider_start":100,"sprites":"marbles","response":90,"absDeviation":31,"callibration":"test","block":8,"seed":44,"numerosity":121,"matchType":"unpaired","which":"second","trial_type":"numerosity-estimation","trial_index":158,"time_elapsed":441789,"subject_id":"78157"},{"rt":2694,"stimulus":46,"slider_start":100,"sprites":"rocks","response":89,"absDeviation":18,"callibration":"test","block":8,"seed":46,"numerosity":107,"matchType":"paired","which":"first","trial_type":"numerosity-estimation","trial_index":159,"time_elapsed":444486,"subject_id":"78157"},{"rt":2526,"stimulus":46,"slider_start":100,"sprites":"rocks","response":108,"absDeviation":1,"callibration":"test","block":8,"seed":46,"numerosity":107,"matchType":"paired","which":"second","trial_type":"numerosity-estimation","trial_index":160,"time_elapsed":447013,"subject_id":"78157"},{"rt":3104,"stimulus":47,"slider_start":100,"sprites":"buttons","response":115,"absDeviation":6,"callibration":"test","block":8,"seed":47,"numerosity":121,"matchType":"unpaired","which":"second","trial_type":"numerosity-estimation","trial_index":161,"time_elapsed":450120,"subject_id":"78157"},{"rt":2260,"stimulus":48,"slider_start":100,"sprites":"animalCrackers","response":148,"absDeviation":13,"callibration":"test","block":8,"seed":48,"numerosity":135,"matchType":"unpaired","which":"second","trial_type":"numerosity-estimation","trial_index":162,"time_elapsed":452382,"subject_id":"78157"},{"rt":1547,"stimulus":"<p> For the last block of trials, the average deviation of your guesses from correct answers was 15.</p>\n     <p>The smaller the deviation the better.  Your deviation was <b> VERY good</b>.</p><br>\n       <p>Press any key to continue to the next block of trials</p>","response":" ","trial_type":"html-keyboard-response","trial_index":163,"time_elapsed":453929,"subject_id":"78157"},{"rt":2724,"stimulus":50,"slider_start":100,"sprites":"butterflies","response":122,"absDeviation":28,"callibration":"test","block":9,"seed":50,"numerosity":150,"matchType":"paired","which":"first","trial_type":"numerosity-estimation","trial_index":164,"time_elapsed":456655,"subject_id":"78157"},{"rt":2556,"stimulus":50,"slider_start":100,"sprites":"butterflies","response":112,"absDeviation":38,"callibration":"test","block":9,"seed":50,"numerosity":150,"matchType":"paired","which":"second","trial_type":"numerosity-estimation","trial_index":165,"time_elapsed":459214,"subject_id":"78157"},{"rt":3000,"stimulus":51,"slider_start":100,"sprites":"hearts","response":108,"absDeviation":42,"callibration":"test","block":9,"seed":51,"numerosity":150,"matchType":"unpaired","which":"second","trial_type":"numerosity-estimation","trial_index":166,"time_elapsed":462217,"subject_id":"78157"},{"rt":2395,"stimulus":52,"slider_start":100,"sprites":"crackers","response":56,"absDeviation":22,"callibration":"test","block":9,"seed":52,"numerosity":78,"matchType":"unpaired","which":"second","trial_type":"numerosity-estimation","trial_index":167,"time_elapsed":464614,"subject_id":"78157"},{"rt":2324,"stimulus":54,"slider_start":100,"sprites":"fruits","response":75,"absDeviation":17,"callibration":"test","block":9,"seed":54,"numerosity":92,"matchType":"paired","which":"first","trial_type":"numerosity-estimation","trial_index":168,"time_elapsed":466941,"subject_id":"78157"},{"rt":2019,"stimulus":54,"slider_start":100,"sprites":"fruits","response":83,"absDeviation":9,"callibration":"test","block":9,"seed":54,"numerosity":92,"matchType":"paired","which":"second","trial_type":"numerosity-estimation","trial_index":169,"time_elapsed":468962,"subject_id":"78157"},{"rt":2444,"stimulus":55,"slider_start":100,"sprites":"jellyBeans","response":79,"absDeviation":42,"callibration":"test","block":9,"seed":55,"numerosity":121,"matchType":"unpaired","which":"second","trial_type":"numerosity-estimation","trial_index":170,"time_elapsed":471408,"subject_id":"78157"},{"rt":2244,"stimulus":56,"slider_start":100,"sprites":"marbles","response":34,"absDeviation":30,"callibration":"test","block":9,"seed":56,"numerosity":64,"matchType":"unpaired","which":"second","trial_type":"numerosity-estimation","trial_index":171,"time_elapsed":473654,"subject_id":"78157"},{"rt":2510,"stimulus":58,"slider_start":100,"sprites":"rocks","response":61,"absDeviation":60,"callibration":"test","block":9,"seed":58,"numerosity":121,"matchType":"paired","which":"first","trial_type":"numerosity-estimation","trial_index":172,"time_elapsed":476165,"subject_id":"78157"},{"rt":2138,"stimulus":58,"slider_start":100,"sprites":"rocks","response":85,"absDeviation":36,"callibration":"test","block":9,"seed":58,"numerosity":121,"matchType":"paired","which":"second","trial_type":"numerosity-estimation","trial_index":173,"time_elapsed":478306,"subject_id":"78157"},{"rt":2985,"stimulus":59,"slider_start":100,"sprites":"buttons","response":87,"absDeviation":48,"callibration":"test","block":9,"seed":59,"numerosity":135,"matchType":"unpaired","which":"second","trial_type":"numerosity-estimation","trial_index":174,"time_elapsed":481293,"subject_id":"78157"},{"rt":2710,"stimulus":60,"slider_start":100,"sprites":"animalCrackers","response":119,"absDeviation":31,"callibration":"test","block":9,"seed":60,"numerosity":150,"matchType":"unpaired","which":"second","trial_type":"numerosity-estimation","trial_index":175,"time_elapsed":484006,"subject_id":"78157"},{"rt":2283,"stimulus":62,"slider_start":100,"sprites":"butterflies","response":113,"absDeviation":22,"callibration":"test","block":9,"seed":62,"numerosity":135,"matchType":"paired","which":"first","trial_type":"numerosity-estimation","trial_index":176,"time_elapsed":486291,"subject_id":"78157"},{"rt":2511,"stimulus":62,"slider_start":100,"sprites":"butterflies","response":123,"absDeviation":12,"callibration":"test","block":9,"seed":62,"numerosity":135,"matchType":"paired","which":"second","trial_type":"numerosity-estimation","trial_index":177,"time_elapsed":488804,"subject_id":"78157"},{"rt":3400,"stimulus":63,"slider_start":100,"sprites":"hearts","response":32,"absDeviation":32,"callibration":"test","block":9,"seed":63,"numerosity":64,"matchType":"unpaired","which":"second","trial_type":"numerosity-estimation","trial_index":178,"time_elapsed":492207,"subject_id":"78157"},{"rt":2842,"stimulus":64,"slider_start":100,"sprites":"crackers","response":81,"absDeviation":54,"callibration":"test","block":9,"seed":64,"numerosity":135,"matchType":"unpaired","which":"second","trial_type":"numerosity-estimation","trial_index":179,"time_elapsed":495053,"subject_id":"78157"},{"rt":1367,"stimulus":"<p> For the last block of trials, the average deviation of your guesses from correct answers was 33.</p>\n     <p>The smaller the deviation the better.  Your deviation was <b> good</b>.</p><br>\n       <p>Press any key to continue to the next block of trials</p>","response":" ","trial_type":"html-keyboard-response","trial_index":180,"time_elapsed":496422,"subject_id":"78157"},{"rt":2667,"stimulus":66,"slider_start":100,"sprites":"fruits","response":29,"absDeviation":35,"callibration":"test","block":10,"seed":66,"numerosity":64,"matchType":"paired","which":"first","trial_type":"numerosity-estimation","trial_index":181,"time_elapsed":499091,"subject_id":"78157"},{"rt":2167,"stimulus":66,"slider_start":100,"sprites":"fruits","response":44,"absDeviation":20,"callibration":"test","block":10,"seed":66,"numerosity":64,"matchType":"paired","which":"second","trial_type":"numerosity-estimation","trial_index":182,"time_elapsed":501263,"subject_id":"78157"},{"rt":11540,"stimulus":67,"slider_start":100,"sprites":"jellyBeans","response":75,"absDeviation":32,"callibration":"test","block":10,"seed":67,"numerosity":107,"matchType":"unpaired","which":"second","trial_type":"numerosity-estimation","trial_index":183,"time_elapsed":512806,"subject_id":"78157"},{"rt":2935,"stimulus":68,"slider_start":100,"sprites":"marbles","response":88,"absDeviation":62,"callibration":"test","block":10,"seed":68,"numerosity":150,"matchType":"unpaired","which":"second","trial_type":"numerosity-estimation","trial_index":184,"time_elapsed":515744,"subject_id":"78157"},{"rt":3748,"stimulus":70,"slider_start":100,"sprites":"rocks","response":52,"absDeviation":40,"callibration":"test","block":10,"seed":70,"numerosity":92,"matchType":"paired","which":"first","trial_type":"numerosity-estimation","trial_index":185,"time_elapsed":519494,"subject_id":"78157"},{"rt":3032,"stimulus":70,"slider_start":100,"sprites":"rocks","response":67,"absDeviation":25,"callibration":"test","block":10,"seed":70,"numerosity":92,"matchType":"paired","which":"second","trial_type":"numerosity-estimation","trial_index":186,"time_elapsed":522529,"subject_id":"78157"},{"rt":3323,"stimulus":71,"slider_start":100,"sprites":"buttons","response":79,"absDeviation":28,"callibration":"test","block":10,"seed":71,"numerosity":107,"matchType":"unpaired","which":"second","trial_type":"numerosity-estimation","trial_index":187,"time_elapsed":525853,"subject_id":"78157"},{"rt":2236,"stimulus":72,"slider_start":100,"sprites":"animalCrackers","response":31,"absDeviation":19,"callibration":"test","block":10,"seed":72,"numerosity":50,"matchType":"unpaired","which":"second","trial_type":"numerosity-estimation","trial_index":188,"time_elapsed":528091,"subject_id":"78157"},{"rt":2679,"stimulus":74,"slider_start":100,"sprites":"butterflies","response":35,"absDeviation":29,"callibration":"test","block":10,"seed":74,"numerosity":64,"matchType":"paired","which":"first","trial_type":"numerosity-estimation","trial_index":189,"time_elapsed":530773,"subject_id":"78157"},{"rt":2241,"stimulus":74,"slider_start":100,"sprites":"butterflies","response":37,"absDeviation":27,"callibration":"test","block":10,"seed":74,"numerosity":64,"matchType":"paired","which":"second","trial_type":"numerosity-estimation","trial_index":190,"time_elapsed":533018,"subject_id":"78157"},{"rt":2148,"stimulus":75,"slider_start":100,"sprites":"hearts","response":52,"absDeviation":40,"callibration":"test","block":10,"seed":75,"numerosity":92,"matchType":"unpaired","which":"second","trial_type":"numerosity-estimation","trial_index":191,"time_elapsed":535167,"subject_id":"78157"},{"rt":2356,"stimulus":76,"slider_start":100,"sprites":"crackers","response":55,"absDeviation":9,"callibration":"test","block":10,"seed":76,"numerosity":64,"matchType":"unpaired","which":"second","trial_type":"numerosity-estimation","trial_index":192,"time_elapsed":537525,"subject_id":"78157"},{"rt":2285,"stimulus":78,"slider_start":100,"sprites":"fruits","response":59,"absDeviation":5,"callibration":"test","block":10,"seed":78,"numerosity":64,"matchType":"paired","which":"first","trial_type":"numerosity-estimation","trial_index":193,"time_elapsed":539811,"subject_id":"78157"},{"rt":2525,"stimulus":78,"slider_start":100,"sprites":"fruits","response":56,"absDeviation":8,"callibration":"test","block":10,"seed":78,"numerosity":64,"matchType":"paired","which":"second","trial_type":"numerosity-estimation","trial_index":194,"time_elapsed":542339,"subject_id":"78157"},{"rt":2190,"stimulus":79,"slider_start":100,"sprites":"jellyBeans","response":57,"absDeviation":7,"callibration":"test","block":10,"seed":79,"numerosity":50,"matchType":"unpaired","which":"second","trial_type":"numerosity-estimation","trial_index":195,"time_elapsed":544531,"subject_id":"78157"},{"rt":2101,"stimulus":80,"slider_start":100,"sprites":"marbles","response":66,"absDeviation":55,"callibration":"test","block":10,"seed":80,"numerosity":121,"matchType":"unpaired","which":"second","trial_type":"numerosity-estimation","trial_index":196,"time_elapsed":546638,"subject_id":"78157"},{"rt":1005,"stimulus":"<p> For the last block of trials, the average deviation of your guesses from correct answers was 28.</p>\n     <p>The smaller the deviation the better.  Your deviation was <b> good</b>.</p><br>\n       <p>Press any key to continue to the next block of trials</p>","response":" ","trial_type":"html-keyboard-response","trial_index":197,"time_elapsed":547644,"subject_id":"78157"},{"rt":2600,"stimulus":82,"slider_start":100,"sprites":"rocks","response":60,"absDeviation":4,"callibration":"test","block":11,"seed":82,"numerosity":64,"matchType":"paired","which":"first","trial_type":"numerosity-estimation","trial_index":198,"time_elapsed":550245,"subject_id":"78157"},{"rt":2324,"stimulus":82,"slider_start":100,"sprites":"rocks","response":70,"absDeviation":6,"callibration":"test","block":11,"seed":82,"numerosity":64,"matchType":"paired","which":"second","trial_type":"numerosity-estimation","trial_index":199,"time_elapsed":552570,"subject_id":"78157"},{"rt":3313,"stimulus":83,"slider_start":100,"sprites":"buttons","response":92,"absDeviation":29,"callibration":"test","block":11,"seed":83,"numerosity":121,"matchType":"unpaired","which":"second","trial_type":"numerosity-estimation","trial_index":200,"time_elapsed":555886,"subject_id":"78157"},{"rt":3435,"stimulus":84,"slider_start":100,"sprites":"animalCrackers","response":30,"absDeviation":20,"callibration":"test","block":11,"seed":84,"numerosity":50,"matchType":"unpaired","which":"second","trial_type":"numerosity-estimation","trial_index":201,"time_elapsed":559323,"subject_id":"78157"},{"rt":2437,"stimulus":86,"slider_start":100,"sprites":"butterflies","response":67,"absDeviation":54,"callibration":"test","block":11,"seed":86,"numerosity":121,"matchType":"paired","which":"first","trial_type":"numerosity-estimation","trial_index":202,"time_elapsed":561764,"subject_id":"78157"},{"rt":2673,"stimulus":86,"slider_start":100,"sprites":"butterflies","response":77,"absDeviation":44,"callibration":"test","block":11,"seed":86,"numerosity":121,"matchType":"paired","which":"second","trial_type":"numerosity-estimation","trial_index":203,"time_elapsed":564444,"subject_id":"78157"},{"rt":2412,"stimulus":87,"slider_start":100,"sprites":"hearts","response":61,"absDeviation":11,"callibration":"test","block":11,"seed":87,"numerosity":50,"matchType":"unpaired","which":"second","trial_type":"numerosity-estimation","trial_index":204,"time_elapsed":566862,"subject_id":"78157"},{"rt":2611,"stimulus":88,"slider_start":100,"sprites":"crackers","response":124,"absDeviation":11,"callibration":"test","block":11,"seed":88,"numerosity":135,"matchType":"unpaired","which":"second","trial_type":"numerosity-estimation","trial_index":205,"time_elapsed":569479,"subject_id":"78157"},{"rt":2443,"stimulus":90,"slider_start":100,"sprites":"fruits","response":123,"absDeviation":27,"callibration":"test","block":11,"seed":90,"numerosity":150,"matchType":"paired","which":"first","trial_type":"numerosity-estimation","trial_index":206,"time_elapsed":571928,"subject_id":"78157"},{"rt":2517,"stimulus":90,"slider_start":100,"sprites":"fruits","response":137,"absDeviation":13,"callibration":"test","block":11,"seed":90,"numerosity":150,"matchType":"paired","which":"second","trial_type":"numerosity-estimation","trial_index":207,"time_elapsed":574450,"subject_id":"78157"},{"rt":2362,"stimulus":91,"slider_start":100,"sprites":"jellyBeans","response":69,"absDeviation":23,"callibration":"test","block":11,"seed":91,"numerosity":92,"matchType":"unpaired","which":"second","trial_type":"numerosity-estimation","trial_index":208,"time_elapsed":576817,"subject_id":"78157"},{"rt":1897,"stimulus":92,"slider_start":100,"sprites":"marbles","response":62,"absDeviation":59,"callibration":"test","block":11,"seed":92,"numerosity":121,"matchType":"unpaired","which":"second","trial_type":"numerosity-estimation","trial_index":209,"time_elapsed":578718,"subject_id":"78157"},{"rt":2120,"stimulus":94,"slider_start":100,"sprites":"rocks","response":68,"absDeviation":10,"callibration":"test","block":11,"seed":94,"numerosity":78,"matchType":"paired","which":"first","trial_type":"numerosity-estimation","trial_index":210,"time_elapsed":580840,"subject_id":"78157"},{"rt":2087,"stimulus":94,"slider_start":100,"sprites":"rocks","response":71,"absDeviation":7,"callibration":"test","block":11,"seed":94,"numerosity":78,"matchType":"paired","which":"second","trial_type":"numerosity-estimation","trial_index":211,"time_elapsed":582931,"subject_id":"78157"},{"rt":2348,"stimulus":95,"slider_start":100,"sprites":"buttons","response":72,"absDeviation":8,"callibration":"test","block":11,"seed":95,"numerosity":64,"matchType":"unpaired","which":"second","trial_type":"numerosity-estimation","trial_index":212,"time_elapsed":585282,"subject_id":"78157"},{"rt":5756,"stimulus":96,"slider_start":100,"sprites":"animalCrackers","response":97,"absDeviation":5,"callibration":"test","block":11,"seed":96,"numerosity":92,"matchType":"unpaired","which":"second","trial_type":"numerosity-estimation","trial_index":213,"time_elapsed":591042,"subject_id":"78157"},{"rt":11209,"stimulus":"<p> For the last block of trials, the average deviation of your guesses from correct answers was 21.</p>\n     <p>The smaller the deviation the better.  Your deviation was <b> VERY good</b>.</p><br>\n       <p>Press any key to continue to the next block of trials</p>","response":"j","trial_type":"html-keyboard-response","trial_index":214,"time_elapsed":602255,"subject_id":"78157"},{"rt":9030,"response":{"averageEstimates":"When the two displays occured back-to-back, in immediate succession.","firstOrSecond":"The second time the objects were shown"},"question_order":[0,1],"trial_type":"survey-multi-choice","trial_index":215,"time_elapsed":611287,"subject_id":"78157"}]