[{"rt":3899,"url":"consent.html","trial_type":"external-html","trial_index":0,"time_elapsed":3917,"subject_id":"76003"},{"view_history":[{"page_index":0,"viewing_time":127870}],"rt":127870,"trial_type":"instructions","trial_index":1,"time_elapsed":131785,"subject_id":"76003"},{"rt":4098,"stimulus":0,"slider_start":100,"sprites":"animalCrackers","response":100,"absDeviation":50,"callibration":"callibration","block":-1,"seed":0,"numerosity":50,"matchType":"callibration","which":"first","trial_type":"numerosity-estimation","trial_index":2,"time_elapsed":135889,"subject_id":"76003"},{"rt":1389,"stimulus":1,"slider_start":100,"sprites":"letters","response":100,"absDeviation":36,"callibration":"callibration","block":-1,"seed":1,"numerosity":64,"matchType":"callibration","which":"first","trial_type":"numerosity-estimation","trial_index":3,"time_elapsed":137280,"subject_id":"76003"},{"rt":1348,"stimulus":2,"slider_start":100,"sprites":"butterflies","response":100,"absDeviation":22,"callibration":"callibration","block":-1,"seed":2,"numerosity":78,"matchType":"callibration","which":"first","trial_type":"numerosity-estimation","trial_index":4,"time_elapsed":138631,"subject_id":"76003"},{"rt":1283,"stimulus":3,"slider_start":100,"sprites":"hearts","response":100,"absDeviation":8,"callibration":"callibration","block":-1,"seed":3,"numerosity":92,"matchType":"callibration","which":"first","trial_type":"numerosity-estimation","trial_index":5,"time_elapsed":139917,"subject_id":"76003"},{"rt":1155,"stimulus":4,"slider_start":100,"sprites":"crackers","response":100,"absDeviation":7,"callibration":"callibration","block":-1,"seed":4,"numerosity":107,"matchType":"callibration","which":"first","trial_type":"numerosity-estimation","trial_index":6,"time_elapsed":141075,"subject_id":"76003"},{"rt":1486,"stimulus":5,"slider_start":100,"sprites":"bears","response":100,"absDeviation":21,"callibration":"callibration","block":-1,"seed":5,"numerosity":121,"matchType":"callibration","which":"first","trial_type":"numerosity-estimation","trial_index":7,"time_elapsed":142564,"subject_id":"76003"},{"rt":1194,"stimulus":6,"slider_start":100,"sprites":"fruits","response":100,"absDeviation":35,"callibration":"callibration","block":-1,"seed":6,"numerosity":135,"matchType":"callibration","which":"first","trial_type":"numerosity-estimation","trial_index":8,"time_elapsed":143761,"subject_id":"76003"},{"rt":7391,"stimulus":7,"slider_start":100,"sprites":"jellyBeans","response":116,"absDeviation":34,"callibration":"callibration","block":-1,"seed":7,"numerosity":150,"matchType":"callibration","which":"first","trial_type":"numerosity-estimation","trial_index":9,"time_elapsed":151155,"subject_id":"76003"},{"view_history":[{"page_index":0,"viewing_time":1390}],"rt":1390,"trial_type":"instructions","trial_index":10,"time_elapsed":152546,"subject_id":"76003"},{"rt":24813,"stimulus":1,"slider_start":100,"sprites":"letters","response":122,"absDeviation":30,"callibration":"test","block":0,"seed":1,"numerosity":92,"matchType":"paired","which":"first","trial_type":"numerosity-estimation","trial_index":11,"time_elapsed":177362,"subject_id":"76003"},{"rt":4985,"stimulus":1,"slider_start":100,"sprites":"letters","response":112,"absDeviation":20,"callibration":"test","block":0,"seed":1,"numerosity":92,"matchType":"paired","which":"second","trial_type":"numerosity-estimation","trial_index":12,"time_elapsed":182350,"subject_id":"76003"},{"rt":4304,"stimulus":3,"slider_start":100,"sprites":"hearts","response":92,"absDeviation":42,"callibration":"test","block":0,"seed":3,"numerosity":50,"matchType":"unpaired","which":"first","trial_type":"numerosity-estimation","trial_index":13,"time_elapsed":186657,"subject_id":"76003"},{"rt":4011,"stimulus":4,"slider_start":100,"sprites":"crackers","response":127,"absDeviation":20,"callibration":"test","block":0,"seed":4,"numerosity":107,"matchType":"unpaired","which":"first","trial_type":"numerosity-estimation","trial_index":14,"time_elapsed":190670,"subject_id":"76003"},{"rt":2984,"stimulus":5,"slider_start":100,"sprites":"bears","response":97,"absDeviation":47,"callibration":"test","block":0,"seed":5,"numerosity":50,"matchType":"paired","which":"first","trial_type":"numerosity-estimation","trial_index":15,"time_elapsed":193656,"subject_id":"76003"},{"rt":4714,"stimulus":5,"slider_start":100,"sprites":"bears","response":95,"absDeviation":45,"callibration":"test","block":0,"seed":5,"numerosity":50,"matchType":"paired","which":"second","trial_type":"numerosity-estimation","trial_index":16,"time_elapsed":198373,"subject_id":"76003"},{"rt":4723,"stimulus":7,"slider_start":100,"sprites":"jellyBeans","response":99,"absDeviation":49,"callibration":"test","block":0,"seed":7,"numerosity":50,"matchType":"unpaired","which":"first","trial_type":"numerosity-estimation","trial_index":17,"time_elapsed":203099,"subject_id":"76003"},{"rt":4957,"stimulus":8,"slider_start":100,"sprites":"marbles","response":128,"absDeviation":36,"callibration":"test","block":0,"seed":8,"numerosity":92,"matchType":"unpaired","which":"first","trial_type":"numerosity-estimation","trial_index":18,"time_elapsed":208058,"subject_id":"76003"},{"rt":4115,"stimulus":9,"slider_start":100,"sprites":"mints","response":135,"absDeviation":0,"callibration":"test","block":0,"seed":9,"numerosity":135,"matchType":"paired","which":"first","trial_type":"numerosity-estimation","trial_index":19,"time_elapsed":212177,"subject_id":"76003"},{"rt":5701,"stimulus":9,"slider_start":100,"sprites":"mints","response":150,"absDeviation":15,"callibration":"test","block":0,"seed":9,"numerosity":135,"matchType":"paired","which":"second","trial_type":"numerosity-estimation","trial_index":20,"time_elapsed":217881,"subject_id":"76003"},{"rt":5507,"stimulus":11,"slider_start":100,"sprites":"buttons","response":148,"absDeviation":41,"callibration":"test","block":0,"seed":11,"numerosity":107,"matchType":"unpaired","which":"first","trial_type":"numerosity-estimation","trial_index":21,"time_elapsed":223391,"subject_id":"76003"},{"rt":3945,"stimulus":12,"slider_start":100,"sprites":"animalCrackers","response":125,"absDeviation":33,"callibration":"test","block":0,"seed":12,"numerosity":92,"matchType":"unpaired","which":"first","trial_type":"numerosity-estimation","trial_index":22,"time_elapsed":227339,"subject_id":"76003"},{"rt":5702,"stimulus":13,"slider_start":100,"sprites":"letters","response":110,"absDeviation":3,"callibration":"test","block":0,"seed":13,"numerosity":107,"matchType":"paired","which":"first","trial_type":"numerosity-estimation","trial_index":23,"time_elapsed":233043,"subject_id":"76003"},{"rt":4188,"stimulus":13,"slider_start":100,"sprites":"letters","response":106,"absDeviation":1,"callibration":"test","block":0,"seed":13,"numerosity":107,"matchType":"paired","which":"second","trial_type":"numerosity-estimation","trial_index":24,"time_elapsed":237235,"subject_id":"76003"},{"rt":5070,"stimulus":15,"slider_start":100,"sprites":"hearts","response":116,"absDeviation":5,"callibration":"test","block":0,"seed":15,"numerosity":121,"matchType":"unpaired","which":"first","trial_type":"numerosity-estimation","trial_index":25,"time_elapsed":242307,"subject_id":"76003"},{"rt":7725,"stimulus":16,"slider_start":100,"sprites":"crackers","response":97,"absDeviation":33,"callibration":"test","block":0,"seed":16,"numerosity":64,"matchType":"unpaired","which":"first","trial_type":"numerosity-estimation","trial_index":26,"time_elapsed":250035,"subject_id":"76003"},{"rt":1441,"stimulus":"<p> For the last block of trials, the average deviation of your guesses from correct answers was 26.</p>\n     <p>The smaller the deviation the better.  Your deviation was <b> good</b>.</p><br>\n       <p>Press any key to continue to the next block of trials</p>","response":" ","trial_type":"html-keyboard-response","trial_index":27,"time_elapsed":251479,"subject_id":"76003"},{"rt":3851,"stimulus":17,"slider_start":100,"sprites":"bears","response":110,"absDeviation":18,"callibration":"test","block":1,"seed":17,"numerosity":92,"matchType":"paired","which":"first","trial_type":"numerosity-estimation","trial_index":28,"time_elapsed":255334,"subject_id":"76003"},{"rt":3132,"stimulus":17,"slider_start":100,"sprites":"bears","response":108,"absDeviation":16,"callibration":"test","block":1,"seed":17,"numerosity":92,"matchType":"paired","which":"second","trial_type":"numerosity-estimation","trial_index":29,"time_elapsed":258469,"subject_id":"76003"},{"rt":3076,"stimulus":19,"slider_start":100,"sprites":"jellyBeans","response":130,"absDeviation":5,"callibration":"test","block":1,"seed":19,"numerosity":135,"matchType":"unpaired","which":"first","trial_type":"numerosity-estimation","trial_index":30,"time_elapsed":261547,"subject_id":"76003"},{"rt":5920,"stimulus":20,"slider_start":100,"sprites":"marbles","response":96,"absDeviation":18,"callibration":"test","block":1,"seed":20,"numerosity":78,"matchType":"unpaired","which":"first","trial_type":"numerosity-estimation","trial_index":31,"time_elapsed":267470,"subject_id":"76003"},{"rt":4577,"stimulus":21,"slider_start":100,"sprites":"mints","response":129,"absDeviation":37,"callibration":"test","block":1,"seed":21,"numerosity":92,"matchType":"paired","which":"first","trial_type":"numerosity-estimation","trial_index":32,"time_elapsed":272050,"subject_id":"76003"},{"rt":4955,"stimulus":21,"slider_start":100,"sprites":"mints","response":130,"absDeviation":38,"callibration":"test","block":1,"seed":21,"numerosity":92,"matchType":"paired","which":"second","trial_type":"numerosity-estimation","trial_index":33,"time_elapsed":277009,"subject_id":"76003"},{"rt":5102,"stimulus":23,"slider_start":100,"sprites":"buttons","response":143,"absDeviation":7,"callibration":"test","block":1,"seed":23,"numerosity":150,"matchType":"unpaired","which":"first","trial_type":"numerosity-estimation","trial_index":34,"time_elapsed":282114,"subject_id":"76003"},{"rt":4043,"stimulus":24,"slider_start":100,"sprites":"animalCrackers","response":115,"absDeviation":8,"callibration":"test","block":1,"seed":24,"numerosity":107,"matchType":"unpaired","which":"first","trial_type":"numerosity-estimation","trial_index":35,"time_elapsed":286160,"subject_id":"76003"},{"rt":5838,"stimulus":25,"slider_start":100,"sprites":"letters","response":133,"absDeviation":26,"callibration":"test","block":1,"seed":25,"numerosity":107,"matchType":"paired","which":"first","trial_type":"numerosity-estimation","trial_index":36,"time_elapsed":292001,"subject_id":"76003"},{"rt":4268,"stimulus":25,"slider_start":100,"sprites":"letters","response":138,"absDeviation":31,"callibration":"test","block":1,"seed":25,"numerosity":107,"matchType":"paired","which":"second","trial_type":"numerosity-estimation","trial_index":37,"time_elapsed":296272,"subject_id":"76003"},{"rt":3485,"stimulus":27,"slider_start":100,"sprites":"hearts","response":127,"absDeviation":6,"callibration":"test","block":1,"seed":27,"numerosity":121,"matchType":"unpaired","which":"first","trial_type":"numerosity-estimation","trial_index":38,"time_elapsed":299759,"subject_id":"76003"},{"rt":3136,"stimulus":28,"slider_start":100,"sprites":"crackers","response":133,"absDeviation":17,"callibration":"test","block":1,"seed":28,"numerosity":150,"matchType":"unpaired","which":"first","trial_type":"numerosity-estimation","trial_index":39,"time_elapsed":302899,"subject_id":"76003"},{"rt":4390,"stimulus":29,"slider_start":100,"sprites":"bears","response":88,"absDeviation":24,"callibration":"test","block":1,"seed":29,"numerosity":64,"matchType":"paired","which":"first","trial_type":"numerosity-estimation","trial_index":40,"time_elapsed":307292,"subject_id":"76003"},{"rt":2943,"stimulus":29,"slider_start":100,"sprites":"bears","response":90,"absDeviation":26,"callibration":"test","block":1,"seed":29,"numerosity":64,"matchType":"paired","which":"second","trial_type":"numerosity-estimation","trial_index":41,"time_elapsed":310238,"subject_id":"76003"},{"rt":7041,"stimulus":31,"slider_start":100,"sprites":"jellyBeans","response":147,"absDeviation":3,"callibration":"test","block":1,"seed":31,"numerosity":150,"matchType":"unpaired","which":"first","trial_type":"numerosity-estimation","trial_index":42,"time_elapsed":317282,"subject_id":"76003"},{"rt":3391,"stimulus":32,"slider_start":100,"sprites":"marbles","response":128,"absDeviation":7,"callibration":"test","block":1,"seed":32,"numerosity":135,"matchType":"unpaired","which":"first","trial_type":"numerosity-estimation","trial_index":43,"time_elapsed":320675,"subject_id":"76003"},{"rt":2004,"stimulus":"<p> For the last block of trials, the average deviation of your guesses from correct answers was 18.</p>\n     <p>The smaller the deviation the better.  Your deviation was <b> VERY good</b>.</p><br>\n       <p>Press any key to continue to the next block of trials</p>","response":" ","trial_type":"html-keyboard-response","trial_index":44,"time_elapsed":322681,"subject_id":"76003"},{"rt":6363,"stimulus":33,"slider_start":100,"sprites":"mints","response":142,"absDeviation":21,"callibration":"test","block":2,"seed":33,"numerosity":121,"matchType":"paired","which":"first","trial_type":"numerosity-estimation","trial_index":45,"time_elapsed":329049,"subject_id":"76003"},{"rt":3283,"stimulus":33,"slider_start":100,"sprites":"mints","response":140,"absDeviation":19,"callibration":"test","block":2,"seed":33,"numerosity":121,"matchType":"paired","which":"second","trial_type":"numerosity-estimation","trial_index":46,"time_elapsed":332334,"subject_id":"76003"},{"rt":4136,"stimulus":35,"slider_start":100,"sprites":"buttons","response":130,"absDeviation":52,"callibration":"test","block":2,"seed":35,"numerosity":78,"matchType":"unpaired","which":"first","trial_type":"numerosity-estimation","trial_index":47,"time_elapsed":336473,"subject_id":"76003"},{"rt":17651,"stimulus":36,"slider_start":100,"sprites":"animalCrackers","response":123,"absDeviation":73,"callibration":"test","block":2,"seed":36,"numerosity":50,"matchType":"unpaired","which":"first","trial_type":"numerosity-estimation","trial_index":48,"time_elapsed":354127,"subject_id":"76003"},{"rt":3168,"stimulus":37,"slider_start":100,"sprites":"letters","response":117,"absDeviation":18,"callibration":"test","block":2,"seed":37,"numerosity":135,"matchType":"paired","which":"first","trial_type":"numerosity-estimation","trial_index":49,"time_elapsed":357298,"subject_id":"76003"},{"rt":6290,"stimulus":37,"slider_start":100,"sprites":"letters","response":135,"absDeviation":0,"callibration":"test","block":2,"seed":37,"numerosity":135,"matchType":"paired","which":"second","trial_type":"numerosity-estimation","trial_index":50,"time_elapsed":363591,"subject_id":"76003"},{"rt":15806,"stimulus":39,"slider_start":100,"sprites":"hearts","response":127,"absDeviation":49,"callibration":"test","block":2,"seed":39,"numerosity":78,"matchType":"unpaired","which":"first","trial_type":"numerosity-estimation","trial_index":51,"time_elapsed":379400,"subject_id":"76003"},{"rt":3179,"stimulus":40,"slider_start":100,"sprites":"crackers","response":129,"absDeviation":8,"callibration":"test","block":2,"seed":40,"numerosity":121,"matchType":"unpaired","which":"first","trial_type":"numerosity-estimation","trial_index":52,"time_elapsed":382581,"subject_id":"76003"},{"rt":2214,"stimulus":41,"slider_start":100,"sprites":"bears","response":90,"absDeviation":40,"callibration":"test","block":2,"seed":41,"numerosity":50,"matchType":"paired","which":"first","trial_type":"numerosity-estimation","trial_index":53,"time_elapsed":384798,"subject_id":"76003"},{"rt":3913,"stimulus":41,"slider_start":100,"sprites":"bears","response":76,"absDeviation":26,"callibration":"test","block":2,"seed":41,"numerosity":50,"matchType":"paired","which":"second","trial_type":"numerosity-estimation","trial_index":54,"time_elapsed":388714,"subject_id":"76003"},{"rt":21422,"stimulus":43,"slider_start":100,"sprites":"jellyBeans","response":97,"absDeviation":33,"callibration":"test","block":2,"seed":43,"numerosity":64,"matchType":"unpaired","which":"first","trial_type":"numerosity-estimation","trial_index":55,"time_elapsed":410138,"subject_id":"76003"},{"rt":3404,"stimulus":44,"slider_start":100,"sprites":"marbles","response":113,"absDeviation":8,"callibration":"test","block":2,"seed":44,"numerosity":121,"matchType":"unpaired","which":"first","trial_type":"numerosity-estimation","trial_index":56,"time_elapsed":413544,"subject_id":"76003"},{"rt":8093,"stimulus":45,"slider_start":100,"sprites":"mints","response":124,"absDeviation":3,"callibration":"test","block":2,"seed":45,"numerosity":121,"matchType":"paired","which":"first","trial_type":"numerosity-estimation","trial_index":57,"time_elapsed":421640,"subject_id":"76003"},{"rt":5798,"stimulus":45,"slider_start":100,"sprites":"mints","response":110,"absDeviation":11,"callibration":"test","block":2,"seed":45,"numerosity":121,"matchType":"paired","which":"second","trial_type":"numerosity-estimation","trial_index":58,"time_elapsed":427442,"subject_id":"76003"},{"rt":3873,"stimulus":47,"slider_start":100,"sprites":"buttons","response":141,"absDeviation":20,"callibration":"test","block":2,"seed":47,"numerosity":121,"matchType":"unpaired","which":"first","trial_type":"numerosity-estimation","trial_index":59,"time_elapsed":431318,"subject_id":"76003"},{"rt":4042,"stimulus":48,"slider_start":100,"sprites":"animalCrackers","response":149,"absDeviation":14,"callibration":"test","block":2,"seed":48,"numerosity":135,"matchType":"unpaired","which":"first","trial_type":"numerosity-estimation","trial_index":60,"time_elapsed":435363,"subject_id":"76003"},{"rt":1424,"stimulus":"<p> For the last block of trials, the average deviation of your guesses from correct answers was 25.</p>\n     <p>The smaller the deviation the better.  Your deviation was <b> good</b>.</p><br>\n       <p>Press any key to continue to the next block of trials</p>","response":" ","trial_type":"html-keyboard-response","trial_index":61,"time_elapsed":436791,"subject_id":"76003"},{"rt":4865,"stimulus":49,"slider_start":100,"sprites":"letters","response":134,"absDeviation":56,"callibration":"test","block":3,"seed":49,"numerosity":78,"matchType":"paired","which":"first","trial_type":"numerosity-estimation","trial_index":62,"time_elapsed":441658,"subject_id":"76003"},{"rt":9879,"stimulus":49,"slider_start":100,"sprites":"letters","response":111,"absDeviation":33,"callibration":"test","block":3,"seed":49,"numerosity":78,"matchType":"paired","which":"second","trial_type":"numerosity-estimation","trial_index":63,"time_elapsed":451540,"subject_id":"76003"},{"rt":19814,"stimulus":51,"slider_start":100,"sprites":"hearts","response":106,"absDeviation":44,"callibration":"test","block":3,"seed":51,"numerosity":150,"matchType":"unpaired","which":"first","trial_type":"numerosity-estimation","trial_index":64,"time_elapsed":471357,"subject_id":"76003"},{"rt":5791,"stimulus":52,"slider_start":100,"sprites":"crackers","response":120,"absDeviation":42,"callibration":"test","block":3,"seed":52,"numerosity":78,"matchType":"unpaired","which":"first","trial_type":"numerosity-estimation","trial_index":65,"time_elapsed":477151,"subject_id":"76003"},{"rt":9667,"stimulus":53,"slider_start":100,"sprites":"bears","response":90,"absDeviation":40,"callibration":"test","block":3,"seed":53,"numerosity":50,"matchType":"paired","which":"first","trial_type":"numerosity-estimation","trial_index":66,"time_elapsed":486820,"subject_id":"76003"},{"rt":8478,"stimulus":53,"slider_start":100,"sprites":"bears","response":82,"absDeviation":32,"callibration":"test","block":3,"seed":53,"numerosity":50,"matchType":"paired","which":"second","trial_type":"numerosity-estimation","trial_index":67,"time_elapsed":495301,"subject_id":"76003"},{"rt":15710,"stimulus":55,"slider_start":100,"sprites":"jellyBeans","response":115,"absDeviation":6,"callibration":"test","block":3,"seed":55,"numerosity":121,"matchType":"unpaired","which":"first","trial_type":"numerosity-estimation","trial_index":68,"time_elapsed":511013,"subject_id":"76003"},{"rt":39635,"stimulus":56,"slider_start":100,"sprites":"marbles","response":110,"absDeviation":46,"callibration":"test","block":3,"seed":56,"numerosity":64,"matchType":"unpaired","which":"first","trial_type":"numerosity-estimation","trial_index":69,"time_elapsed":550650,"subject_id":"76003"},{"rt":3591,"stimulus":57,"slider_start":100,"sprites":"mints","response":118,"absDeviation":54,"callibration":"test","block":3,"seed":57,"numerosity":64,"matchType":"paired","which":"first","trial_type":"numerosity-estimation","trial_index":70,"time_elapsed":554242,"subject_id":"76003"},{"rt":3598,"stimulus":57,"slider_start":100,"sprites":"mints","response":133,"absDeviation":69,"callibration":"test","block":3,"seed":57,"numerosity":64,"matchType":"paired","which":"second","trial_type":"numerosity-estimation","trial_index":71,"time_elapsed":557843,"subject_id":"76003"},{"rt":3201,"stimulus":59,"slider_start":100,"sprites":"buttons","response":142,"absDeviation":7,"callibration":"test","block":3,"seed":59,"numerosity":135,"matchType":"unpaired","which":"first","trial_type":"numerosity-estimation","trial_index":72,"time_elapsed":561047,"subject_id":"76003"},{"rt":6235,"stimulus":60,"slider_start":100,"sprites":"animalCrackers","response":131,"absDeviation":19,"callibration":"test","block":3,"seed":60,"numerosity":150,"matchType":"unpaired","which":"first","trial_type":"numerosity-estimation","trial_index":73,"time_elapsed":567284,"subject_id":"76003"},{"rt":6219,"stimulus":61,"slider_start":100,"sprites":"letters","response":83,"absDeviation":33,"callibration":"test","block":3,"seed":61,"numerosity":50,"matchType":"paired","which":"first","trial_type":"numerosity-estimation","trial_index":74,"time_elapsed":573505,"subject_id":"76003"},{"rt":7587,"stimulus":61,"slider_start":100,"sprites":"letters","response":81,"absDeviation":31,"callibration":"test","block":3,"seed":61,"numerosity":50,"matchType":"paired","which":"second","trial_type":"numerosity-estimation","trial_index":75,"time_elapsed":581095,"subject_id":"76003"},{"rt":5008,"stimulus":63,"slider_start":100,"sprites":"hearts","response":83,"absDeviation":19,"callibration":"test","block":3,"seed":63,"numerosity":64,"matchType":"unpaired","which":"first","trial_type":"numerosity-estimation","trial_index":76,"time_elapsed":586106,"subject_id":"76003"},{"rt":3786,"stimulus":64,"slider_start":100,"sprites":"crackers","response":133,"absDeviation":2,"callibration":"test","block":3,"seed":64,"numerosity":135,"matchType":"unpaired","which":"first","trial_type":"numerosity-estimation","trial_index":77,"time_elapsed":589894,"subject_id":"76003"},{"rt":1241,"stimulus":"<p> For the last block of trials, the average deviation of your guesses from correct answers was 33.</p>\n     <p>The smaller the deviation the better.  Your deviation was <b> good</b>.</p><br>\n       <p>Press any key to continue to the next block of trials</p>","response":" ","trial_type":"html-keyboard-response","trial_index":78,"time_elapsed":591138,"subject_id":"76003"},{"rt":9795,"stimulus":65,"slider_start":100,"sprites":"bears","response":107,"absDeviation":0,"callibration":"test","block":4,"seed":65,"numerosity":107,"matchType":"paired","which":"first","trial_type":"numerosity-estimation","trial_index":79,"time_elapsed":600936,"subject_id":"76003"},{"rt":3645,"stimulus":65,"slider_start":100,"sprites":"bears","response":112,"absDeviation":5,"callibration":"test","block":4,"seed":65,"numerosity":107,"matchType":"paired","which":"second","trial_type":"numerosity-estimation","trial_index":80,"time_elapsed":604584,"subject_id":"76003"},{"rt":13355,"stimulus":67,"slider_start":100,"sprites":"jellyBeans","response":114,"absDeviation":7,"callibration":"test","block":4,"seed":67,"numerosity":107,"matchType":"unpaired","which":"first","trial_type":"numerosity-estimation","trial_index":81,"time_elapsed":617941,"subject_id":"76003"},{"rt":3168,"stimulus":68,"slider_start":100,"sprites":"marbles","response":120,"absDeviation":30,"callibration":"test","block":4,"seed":68,"numerosity":150,"matchType":"unpaired","which":"first","trial_type":"numerosity-estimation","trial_index":82,"time_elapsed":620998,"subject_id":"76003"},{"rt":5667,"stimulus":69,"slider_start":100,"sprites":"mints","response":126,"absDeviation":5,"callibration":"test","block":4,"seed":69,"numerosity":121,"matchType":"paired","which":"first","trial_type":"numerosity-estimation","trial_index":83,"time_elapsed":626669,"subject_id":"76003"},{"rt":3176,"stimulus":69,"slider_start":100,"sprites":"mints","response":144,"absDeviation":23,"callibration":"test","block":4,"seed":69,"numerosity":121,"matchType":"paired","which":"second","trial_type":"numerosity-estimation","trial_index":84,"time_elapsed":629848,"subject_id":"76003"},{"rt":2805,"stimulus":71,"slider_start":100,"sprites":"buttons","response":138,"absDeviation":31,"callibration":"test","block":4,"seed":71,"numerosity":107,"matchType":"unpaired","which":"first","trial_type":"numerosity-estimation","trial_index":85,"time_elapsed":632656,"subject_id":"76003"},{"rt":3784,"stimulus":72,"slider_start":100,"sprites":"animalCrackers","response":82,"absDeviation":32,"callibration":"test","block":4,"seed":72,"numerosity":50,"matchType":"unpaired","which":"first","trial_type":"numerosity-estimation","trial_index":86,"time_elapsed":636442,"subject_id":"76003"},{"rt":4690,"stimulus":73,"slider_start":100,"sprites":"letters","response":91,"absDeviation":13,"callibration":"test","block":4,"seed":73,"numerosity":78,"matchType":"paired","which":"first","trial_type":"numerosity-estimation","trial_index":87,"time_elapsed":641134,"subject_id":"76003"},{"rt":2238,"stimulus":73,"slider_start":100,"sprites":"letters","response":77,"absDeviation":1,"callibration":"test","block":4,"seed":73,"numerosity":78,"matchType":"paired","which":"second","trial_type":"numerosity-estimation","trial_index":88,"time_elapsed":643375,"subject_id":"76003"},{"rt":2537,"stimulus":75,"slider_start":100,"sprites":"hearts","response":85,"absDeviation":7,"callibration":"test","block":4,"seed":75,"numerosity":92,"matchType":"unpaired","which":"first","trial_type":"numerosity-estimation","trial_index":89,"time_elapsed":645916,"subject_id":"76003"},{"rt":2966,"stimulus":76,"slider_start":100,"sprites":"crackers","response":88,"absDeviation":24,"callibration":"test","block":4,"seed":76,"numerosity":64,"matchType":"unpaired","which":"first","trial_type":"numerosity-estimation","trial_index":90,"time_elapsed":648885,"subject_id":"76003"},{"rt":2473,"stimulus":77,"slider_start":100,"sprites":"bears","response":120,"absDeviation":15,"callibration":"test","block":4,"seed":77,"numerosity":135,"matchType":"paired","which":"first","trial_type":"numerosity-estimation","trial_index":91,"time_elapsed":651361,"subject_id":"76003"},{"rt":2626,"stimulus":77,"slider_start":100,"sprites":"bears","response":121,"absDeviation":14,"callibration":"test","block":4,"seed":77,"numerosity":135,"matchType":"paired","which":"second","trial_type":"numerosity-estimation","trial_index":92,"time_elapsed":653990,"subject_id":"76003"},{"rt":2941,"stimulus":79,"slider_start":100,"sprites":"jellyBeans","response":78,"absDeviation":28,"callibration":"test","block":4,"seed":79,"numerosity":50,"matchType":"unpaired","which":"first","trial_type":"numerosity-estimation","trial_index":93,"time_elapsed":656934,"subject_id":"76003"},{"rt":2118,"stimulus":80,"slider_start":100,"sprites":"marbles","response":83,"absDeviation":38,"callibration":"test","block":4,"seed":80,"numerosity":121,"matchType":"unpaired","which":"first","trial_type":"numerosity-estimation","trial_index":94,"time_elapsed":659054,"subject_id":"76003"},{"rt":893,"stimulus":"<p> For the last block of trials, the average deviation of your guesses from correct answers was 17.</p>\n     <p>The smaller the deviation the better.  Your deviation was <b> VERY good</b>.</p><br>\n       <p>Press any key to continue to the next block of trials</p>","response":" ","trial_type":"html-keyboard-response","trial_index":95,"time_elapsed":659949,"subject_id":"76003"},{"rt":10465,"stimulus":81,"slider_start":100,"sprites":"mints","response":122,"absDeviation":1,"callibration":"test","block":5,"seed":81,"numerosity":121,"matchType":"paired","which":"first","trial_type":"numerosity-estimation","trial_index":96,"time_elapsed":670417,"subject_id":"76003"},{"rt":7454,"stimulus":81,"slider_start":100,"sprites":"mints","response":155,"absDeviation":34,"callibration":"test","block":5,"seed":81,"numerosity":121,"matchType":"paired","which":"second","trial_type":"numerosity-estimation","trial_index":97,"time_elapsed":677874,"subject_id":"76003"},{"rt":4715,"stimulus":83,"slider_start":100,"sprites":"buttons","response":156,"absDeviation":35,"callibration":"test","block":5,"seed":83,"numerosity":121,"matchType":"unpaired","which":"first","trial_type":"numerosity-estimation","trial_index":98,"time_elapsed":682591,"subject_id":"76003"},{"rt":9204,"stimulus":84,"slider_start":100,"sprites":"animalCrackers","response":81,"absDeviation":31,"callibration":"test","block":5,"seed":84,"numerosity":50,"matchType":"unpaired","which":"first","trial_type":"numerosity-estimation","trial_index":99,"time_elapsed":691796,"subject_id":"76003"},{"rt":4348,"stimulus":85,"slider_start":100,"sprites":"letters","response":83,"absDeviation":19,"callibration":"test","block":5,"seed":85,"numerosity":64,"matchType":"paired","which":"first","trial_type":"numerosity-estimation","trial_index":100,"time_elapsed":696146,"subject_id":"76003"},{"rt":3103,"stimulus":85,"slider_start":100,"sprites":"letters","response":73,"absDeviation":9,"callibration":"test","block":5,"seed":85,"numerosity":64,"matchType":"paired","which":"second","trial_type":"numerosity-estimation","trial_index":101,"time_elapsed":699252,"subject_id":"76003"},{"rt":10063,"stimulus":87,"slider_start":100,"sprites":"hearts","response":114,"absDeviation":64,"callibration":"test","block":5,"seed":87,"numerosity":50,"matchType":"unpaired","which":"first","trial_type":"numerosity-estimation","trial_index":102,"time_elapsed":709317,"subject_id":"76003"},{"rt":5838,"stimulus":88,"slider_start":100,"sprites":"crackers","response":148,"absDeviation":13,"callibration":"test","block":5,"seed":88,"numerosity":135,"matchType":"unpaired","which":"first","trial_type":"numerosity-estimation","trial_index":103,"time_elapsed":715157,"subject_id":"76003"},{"rt":3832,"stimulus":89,"slider_start":100,"sprites":"bears","response":87,"absDeviation":37,"callibration":"test","block":5,"seed":89,"numerosity":50,"matchType":"paired","which":"first","trial_type":"numerosity-estimation","trial_index":104,"time_elapsed":718992,"subject_id":"76003"},{"rt":24936,"stimulus":89,"slider_start":100,"sprites":"bears","response":111,"absDeviation":61,"callibration":"test","block":5,"seed":89,"numerosity":50,"matchType":"paired","which":"second","trial_type":"numerosity-estimation","trial_index":105,"time_elapsed":743930,"subject_id":"76003"},{"rt":2720,"stimulus":91,"slider_start":100,"sprites":"jellyBeans","response":127,"absDeviation":35,"callibration":"test","block":5,"seed":91,"numerosity":92,"matchType":"unpaired","which":"first","trial_type":"numerosity-estimation","trial_index":106,"time_elapsed":746653,"subject_id":"76003"},{"rt":2934,"stimulus":92,"slider_start":100,"sprites":"marbles","response":116,"absDeviation":5,"callibration":"test","block":5,"seed":92,"numerosity":121,"matchType":"unpaired","which":"first","trial_type":"numerosity-estimation","trial_index":107,"time_elapsed":749589,"subject_id":"76003"},{"rt":6534,"stimulus":93,"slider_start":100,"sprites":"mints","response":105,"absDeviation":27,"callibration":"test","block":5,"seed":93,"numerosity":78,"matchType":"paired","which":"first","trial_type":"numerosity-estimation","trial_index":108,"time_elapsed":756126,"subject_id":"76003"},{"rt":4245,"stimulus":93,"slider_start":100,"sprites":"mints","response":118,"absDeviation":40,"callibration":"test","block":5,"seed":93,"numerosity":78,"matchType":"paired","which":"second","trial_type":"numerosity-estimation","trial_index":109,"time_elapsed":760373,"subject_id":"76003"},{"rt":2820,"stimulus":95,"slider_start":100,"sprites":"buttons","response":121,"absDeviation":57,"callibration":"test","block":5,"seed":95,"numerosity":64,"matchType":"unpaired","which":"first","trial_type":"numerosity-estimation","trial_index":110,"time_elapsed":763196,"subject_id":"76003"},{"rt":2918,"stimulus":96,"slider_start":100,"sprites":"animalCrackers","response":138,"absDeviation":46,"callibration":"test","block":5,"seed":96,"numerosity":92,"matchType":"unpaired","which":"first","trial_type":"numerosity-estimation","trial_index":111,"time_elapsed":766117,"subject_id":"76003"},{"rt":1082,"stimulus":"<p> For the last block of trials, the average deviation of your guesses from correct answers was 32.</p>\n     <p>The smaller the deviation the better.  Your deviation was <b> good</b>.</p><br>\n       <p>Press any key to continue to the next block of trials</p>","response":" ","trial_type":"html-keyboard-response","trial_index":112,"time_elapsed":767200,"subject_id":"76003"},{"rt":2772,"stimulus":2,"slider_start":100,"sprites":"butterflies","response":138,"absDeviation":3,"callibration":"test","block":6,"seed":2,"numerosity":135,"matchType":"paired","which":"first","trial_type":"numerosity-estimation","trial_index":113,"time_elapsed":769975,"subject_id":"76003"},{"rt":3397,"stimulus":2,"slider_start":100,"sprites":"butterflies","response":130,"absDeviation":5,"callibration":"test","block":6,"seed":2,"numerosity":135,"matchType":"paired","which":"second","trial_type":"numerosity-estimation","trial_index":114,"time_elapsed":773375,"subject_id":"76003"},{"rt":4559,"stimulus":3,"slider_start":100,"sprites":"hearts","response":85,"absDeviation":35,"callibration":"test","block":6,"seed":3,"numerosity":50,"matchType":"unpaired","which":"second","trial_type":"numerosity-estimation","trial_index":115,"time_elapsed":777936,"subject_id":"76003"},{"rt":3630,"stimulus":4,"slider_start":100,"sprites":"crackers","response":132,"absDeviation":25,"callibration":"test","block":6,"seed":4,"numerosity":107,"matchType":"unpaired","which":"second","trial_type":"numerosity-estimation","trial_index":116,"time_elapsed":781569,"subject_id":"76003"},{"rt":3961,"stimulus":6,"slider_start":100,"sprites":"fruits","response":82,"absDeviation":4,"callibration":"test","block":6,"seed":6,"numerosity":78,"matchType":"paired","which":"first","trial_type":"numerosity-estimation","trial_index":117,"time_elapsed":785532,"subject_id":"76003"},{"rt":5079,"stimulus":6,"slider_start":100,"sprites":"fruits","response":107,"absDeviation":29,"callibration":"test","block":6,"seed":6,"numerosity":78,"matchType":"paired","which":"second","trial_type":"numerosity-estimation","trial_index":118,"time_elapsed":790614,"subject_id":"76003"},{"rt":4462,"stimulus":7,"slider_start":100,"sprites":"jellyBeans","response":86,"absDeviation":36,"callibration":"test","block":6,"seed":7,"numerosity":50,"matchType":"unpaired","which":"second","trial_type":"numerosity-estimation","trial_index":119,"time_elapsed":795078,"subject_id":"76003"},{"rt":2302,"stimulus":8,"slider_start":100,"sprites":"marbles","response":135,"absDeviation":43,"callibration":"test","block":6,"seed":8,"numerosity":92,"matchType":"unpaired","which":"second","trial_type":"numerosity-estimation","trial_index":120,"time_elapsed":797383,"subject_id":"76003"},{"rt":3687,"stimulus":10,"slider_start":100,"sprites":"rocks","response":138,"absDeviation":88,"callibration":"test","block":6,"seed":10,"numerosity":50,"matchType":"paired","which":"first","trial_type":"numerosity-estimation","trial_index":121,"time_elapsed":801073,"subject_id":"76003"},{"rt":3476,"stimulus":10,"slider_start":100,"sprites":"rocks","response":130,"absDeviation":80,"callibration":"test","block":6,"seed":10,"numerosity":50,"matchType":"paired","which":"second","trial_type":"numerosity-estimation","trial_index":122,"time_elapsed":804552,"subject_id":"76003"},{"rt":2351,"stimulus":11,"slider_start":100,"sprites":"buttons","response":156,"absDeviation":49,"callibration":"test","block":6,"seed":11,"numerosity":107,"matchType":"unpaired","which":"second","trial_type":"numerosity-estimation","trial_index":123,"time_elapsed":806906,"subject_id":"76003"},{"rt":3296,"stimulus":12,"slider_start":100,"sprites":"animalCrackers","response":149,"absDeviation":57,"callibration":"test","block":6,"seed":12,"numerosity":92,"matchType":"unpaired","which":"second","trial_type":"numerosity-estimation","trial_index":124,"time_elapsed":810206,"subject_id":"76003"},{"rt":4491,"stimulus":14,"slider_start":100,"sprites":"butterflies","response":138,"absDeviation":12,"callibration":"test","block":6,"seed":14,"numerosity":150,"matchType":"paired","which":"first","trial_type":"numerosity-estimation","trial_index":125,"time_elapsed":814698,"subject_id":"76003"},{"rt":3280,"stimulus":14,"slider_start":100,"sprites":"butterflies","response":142,"absDeviation":8,"callibration":"test","block":6,"seed":14,"numerosity":150,"matchType":"paired","which":"second","trial_type":"numerosity-estimation","trial_index":126,"time_elapsed":817981,"subject_id":"76003"},{"rt":3192,"stimulus":15,"slider_start":100,"sprites":"hearts","response":142,"absDeviation":21,"callibration":"test","block":6,"seed":15,"numerosity":121,"matchType":"unpaired","which":"second","trial_type":"numerosity-estimation","trial_index":127,"time_elapsed":821176,"subject_id":"76003"},{"rt":3500,"stimulus":16,"slider_start":100,"sprites":"crackers","response":82,"absDeviation":18,"callibration":"test","block":6,"seed":16,"numerosity":64,"matchType":"unpaired","which":"second","trial_type":"numerosity-estimation","trial_index":128,"time_elapsed":824679,"subject_id":"76003"},{"rt":1026,"stimulus":"<p> For the last block of trials, the average deviation of your guesses from correct answers was 32.</p>\n     <p>The smaller the deviation the better.  Your deviation was <b> good</b>.</p><br>\n       <p>Press any key to continue to the next block of trials</p>","response":" ","trial_type":"html-keyboard-response","trial_index":129,"time_elapsed":825707,"subject_id":"76003"},{"rt":4413,"stimulus":18,"slider_start":100,"sprites":"fruits","response":120,"absDeviation":13,"callibration":"test","block":7,"seed":18,"numerosity":107,"matchType":"paired","which":"first","trial_type":"numerosity-estimation","trial_index":130,"time_elapsed":830123,"subject_id":"76003"},{"rt":2529,"stimulus":18,"slider_start":100,"sprites":"fruits","response":114,"absDeviation":7,"callibration":"test","block":7,"seed":18,"numerosity":107,"matchType":"paired","which":"second","trial_type":"numerosity-estimation","trial_index":131,"time_elapsed":832655,"subject_id":"76003"},{"rt":4292,"stimulus":19,"slider_start":100,"sprites":"jellyBeans","response":127,"absDeviation":8,"callibration":"test","block":7,"seed":19,"numerosity":135,"matchType":"unpaired","which":"second","trial_type":"numerosity-estimation","trial_index":132,"time_elapsed":836949,"subject_id":"76003"},{"rt":2426,"stimulus":20,"slider_start":100,"sprites":"marbles","response":93,"absDeviation":15,"callibration":"test","block":7,"seed":20,"numerosity":78,"matchType":"unpaired","which":"second","trial_type":"numerosity-estimation","trial_index":133,"time_elapsed":839378,"subject_id":"76003"},{"rt":2496,"stimulus":22,"slider_start":100,"sprites":"rocks","response":144,"absDeviation":52,"callibration":"test","block":7,"seed":22,"numerosity":92,"matchType":"paired","which":"first","trial_type":"numerosity-estimation","trial_index":134,"time_elapsed":841876,"subject_id":"76003"},{"rt":4123,"stimulus":22,"slider_start":100,"sprites":"rocks","response":160,"absDeviation":68,"callibration":"test","block":7,"seed":22,"numerosity":92,"matchType":"paired","which":"second","trial_type":"numerosity-estimation","trial_index":135,"time_elapsed":846002,"subject_id":"76003"},{"rt":2651,"stimulus":23,"slider_start":100,"sprites":"buttons","response":168,"absDeviation":18,"callibration":"test","block":7,"seed":23,"numerosity":150,"matchType":"unpaired","which":"second","trial_type":"numerosity-estimation","trial_index":136,"time_elapsed":848656,"subject_id":"76003"},{"rt":2480,"stimulus":24,"slider_start":100,"sprites":"animalCrackers","response":165,"absDeviation":58,"callibration":"test","block":7,"seed":24,"numerosity":107,"matchType":"unpaired","which":"second","trial_type":"numerosity-estimation","trial_index":137,"time_elapsed":851139,"subject_id":"76003"},{"rt":3897,"stimulus":26,"slider_start":100,"sprites":"butterflies","response":128,"absDeviation":36,"callibration":"test","block":7,"seed":26,"numerosity":92,"matchType":"paired","which":"first","trial_type":"numerosity-estimation","trial_index":138,"time_elapsed":855039,"subject_id":"76003"},{"rt":2415,"stimulus":26,"slider_start":100,"sprites":"butterflies","response":157,"absDeviation":65,"callibration":"test","block":7,"seed":26,"numerosity":92,"matchType":"paired","which":"second","trial_type":"numerosity-estimation","trial_index":139,"time_elapsed":857457,"subject_id":"76003"},{"rt":4673,"stimulus":27,"slider_start":100,"sprites":"hearts","response":131,"absDeviation":10,"callibration":"test","block":7,"seed":27,"numerosity":121,"matchType":"unpaired","which":"second","trial_type":"numerosity-estimation","trial_index":140,"time_elapsed":862133,"subject_id":"76003"},{"rt":3561,"stimulus":28,"slider_start":100,"sprites":"crackers","response":135,"absDeviation":15,"callibration":"test","block":7,"seed":28,"numerosity":150,"matchType":"unpaired","which":"second","trial_type":"numerosity-estimation","trial_index":141,"time_elapsed":865697,"subject_id":"76003"},{"rt":3269,"stimulus":30,"slider_start":100,"sprites":"fruits","response":114,"absDeviation":7,"callibration":"test","block":7,"seed":30,"numerosity":107,"matchType":"paired","which":"first","trial_type":"numerosity-estimation","trial_index":142,"time_elapsed":868969,"subject_id":"76003"},{"rt":4204,"stimulus":30,"slider_start":100,"sprites":"fruits","response":124,"absDeviation":17,"callibration":"test","block":7,"seed":30,"numerosity":107,"matchType":"paired","which":"second","trial_type":"numerosity-estimation","trial_index":143,"time_elapsed":873175,"subject_id":"76003"},{"rt":9323,"stimulus":31,"slider_start":100,"sprites":"jellyBeans","response":124,"absDeviation":26,"callibration":"test","block":7,"seed":31,"numerosity":150,"matchType":"unpaired","which":"second","trial_type":"numerosity-estimation","trial_index":144,"time_elapsed":882500,"subject_id":"76003"},{"rt":8316,"stimulus":32,"slider_start":100,"sprites":"marbles","response":126,"absDeviation":9,"callibration":"test","block":7,"seed":32,"numerosity":135,"matchType":"unpaired","which":"second","trial_type":"numerosity-estimation","trial_index":145,"time_elapsed":890819,"subject_id":"76003"},{"rt":914,"stimulus":"<p> For the last block of trials, the average deviation of your guesses from correct answers was 27.</p>\n     <p>The smaller the deviation the better.  Your deviation was <b> good</b>.</p><br>\n       <p>Press any key to continue to the next block of trials</p>","response":" ","trial_type":"html-keyboard-response","trial_index":146,"time_elapsed":891734,"subject_id":"76003"},{"rt":3540,"stimulus":34,"slider_start":100,"sprites":"rocks","response":86,"absDeviation":36,"callibration":"test","block":8,"seed":34,"numerosity":50,"matchType":"paired","which":"first","trial_type":"numerosity-estimation","trial_index":147,"time_elapsed":895276,"subject_id":"76003"},{"rt":2344,"stimulus":34,"slider_start":100,"sprites":"rocks","response":87,"absDeviation":37,"callibration":"test","block":8,"seed":34,"numerosity":50,"matchType":"paired","which":"second","trial_type":"numerosity-estimation","trial_index":148,"time_elapsed":897623,"subject_id":"76003"},{"rt":2781,"stimulus":35,"slider_start":100,"sprites":"buttons","response":127,"absDeviation":49,"callibration":"test","block":8,"seed":35,"numerosity":78,"matchType":"unpaired","which":"second","trial_type":"numerosity-estimation","trial_index":149,"time_elapsed":900407,"subject_id":"76003"},{"rt":4447,"stimulus":36,"slider_start":100,"sprites":"animalCrackers","response":86,"absDeviation":36,"callibration":"test","block":8,"seed":36,"numerosity":50,"matchType":"unpaired","which":"second","trial_type":"numerosity-estimation","trial_index":150,"time_elapsed":904856,"subject_id":"76003"},{"rt":3355,"stimulus":38,"slider_start":100,"sprites":"butterflies","response":93,"absDeviation":15,"callibration":"test","block":8,"seed":38,"numerosity":78,"matchType":"paired","which":"first","trial_type":"numerosity-estimation","trial_index":151,"time_elapsed":908214,"subject_id":"76003"},{"rt":3036,"stimulus":38,"slider_start":100,"sprites":"butterflies","response":91,"absDeviation":13,"callibration":"test","block":8,"seed":38,"numerosity":78,"matchType":"paired","which":"second","trial_type":"numerosity-estimation","trial_index":152,"time_elapsed":911256,"subject_id":"76003"},{"rt":3072,"stimulus":39,"slider_start":100,"sprites":"hearts","response":82,"absDeviation":4,"callibration":"test","block":8,"seed":39,"numerosity":78,"matchType":"unpaired","which":"second","trial_type":"numerosity-estimation","trial_index":153,"time_elapsed":914331,"subject_id":"76003"},{"rt":2991,"stimulus":40,"slider_start":100,"sprites":"crackers","response":155,"absDeviation":34,"callibration":"test","block":8,"seed":40,"numerosity":121,"matchType":"unpaired","which":"second","trial_type":"numerosity-estimation","trial_index":154,"time_elapsed":917325,"subject_id":"76003"},{"rt":2619,"stimulus":42,"slider_start":100,"sprites":"fruits","response":118,"absDeviation":40,"callibration":"test","block":8,"seed":42,"numerosity":78,"matchType":"paired","which":"first","trial_type":"numerosity-estimation","trial_index":155,"time_elapsed":919946,"subject_id":"76003"},{"rt":3008,"stimulus":42,"slider_start":100,"sprites":"fruits","response":141,"absDeviation":63,"callibration":"test","block":8,"seed":42,"numerosity":78,"matchType":"paired","which":"second","trial_type":"numerosity-estimation","trial_index":156,"time_elapsed":922958,"subject_id":"76003"},{"rt":2715,"stimulus":43,"slider_start":100,"sprites":"jellyBeans","response":81,"absDeviation":17,"callibration":"test","block":8,"seed":43,"numerosity":64,"matchType":"unpaired","which":"second","trial_type":"numerosity-estimation","trial_index":157,"time_elapsed":925675,"subject_id":"76003"},{"rt":8177,"stimulus":44,"slider_start":100,"sprites":"marbles","response":136,"absDeviation":15,"callibration":"test","block":8,"seed":44,"numerosity":121,"matchType":"unpaired","which":"second","trial_type":"numerosity-estimation","trial_index":158,"time_elapsed":933854,"subject_id":"76003"},{"rt":9442,"stimulus":46,"slider_start":100,"sprites":"rocks","response":145,"absDeviation":38,"callibration":"test","block":8,"seed":46,"numerosity":107,"matchType":"paired","which":"first","trial_type":"numerosity-estimation","trial_index":159,"time_elapsed":943299,"subject_id":"76003"},{"rt":3143,"stimulus":46,"slider_start":100,"sprites":"rocks","response":161,"absDeviation":54,"callibration":"test","block":8,"seed":46,"numerosity":107,"matchType":"paired","which":"second","trial_type":"numerosity-estimation","trial_index":160,"time_elapsed":946445,"subject_id":"76003"},{"rt":3095,"stimulus":47,"slider_start":100,"sprites":"buttons","response":161,"absDeviation":40,"callibration":"test","block":8,"seed":47,"numerosity":121,"matchType":"unpaired","which":"second","trial_type":"numerosity-estimation","trial_index":161,"time_elapsed":949544,"subject_id":"76003"},{"rt":2858,"stimulus":48,"slider_start":100,"sprites":"animalCrackers","response":160,"absDeviation":25,"callibration":"test","block":8,"seed":48,"numerosity":135,"matchType":"unpaired","which":"second","trial_type":"numerosity-estimation","trial_index":162,"time_elapsed":952408,"subject_id":"76003"},{"rt":940,"stimulus":"<p> For the last block of trials, the average deviation of your guesses from correct answers was 32.</p>\n     <p>The smaller the deviation the better.  Your deviation was <b> good</b>.</p><br>\n       <p>Press any key to continue to the next block of trials</p>","response":" ","trial_type":"html-keyboard-response","trial_index":163,"time_elapsed":953349,"subject_id":"76003"},{"rt":4201,"stimulus":50,"slider_start":100,"sprites":"butterflies","response":148,"absDeviation":2,"callibration":"test","block":9,"seed":50,"numerosity":150,"matchType":"paired","which":"first","trial_type":"numerosity-estimation","trial_index":164,"time_elapsed":957553,"subject_id":"76003"},{"rt":3226,"stimulus":50,"slider_start":100,"sprites":"butterflies","response":121,"absDeviation":29,"callibration":"test","block":9,"seed":50,"numerosity":150,"matchType":"paired","which":"second","trial_type":"numerosity-estimation","trial_index":165,"time_elapsed":960781,"subject_id":"76003"},{"rt":6778,"stimulus":51,"slider_start":100,"sprites":"hearts","response":159,"absDeviation":9,"callibration":"test","block":9,"seed":51,"numerosity":150,"matchType":"unpaired","which":"second","trial_type":"numerosity-estimation","trial_index":166,"time_elapsed":967562,"subject_id":"76003"},{"rt":3961,"stimulus":52,"slider_start":100,"sprites":"crackers","response":123,"absDeviation":45,"callibration":"test","block":9,"seed":52,"numerosity":78,"matchType":"unpaired","which":"second","trial_type":"numerosity-estimation","trial_index":167,"time_elapsed":971526,"subject_id":"76003"},{"rt":2505,"stimulus":54,"slider_start":100,"sprites":"fruits","response":119,"absDeviation":27,"callibration":"test","block":9,"seed":54,"numerosity":92,"matchType":"paired","which":"first","trial_type":"numerosity-estimation","trial_index":168,"time_elapsed":974034,"subject_id":"76003"},{"rt":3621,"stimulus":54,"slider_start":100,"sprites":"fruits","response":119,"absDeviation":27,"callibration":"test","block":9,"seed":54,"numerosity":92,"matchType":"paired","which":"second","trial_type":"numerosity-estimation","trial_index":169,"time_elapsed":977658,"subject_id":"76003"},{"rt":2464,"stimulus":55,"slider_start":100,"sprites":"jellyBeans","response":125,"absDeviation":4,"callibration":"test","block":9,"seed":55,"numerosity":121,"matchType":"unpaired","which":"second","trial_type":"numerosity-estimation","trial_index":170,"time_elapsed":980126,"subject_id":"76003"},{"rt":2466,"stimulus":56,"slider_start":100,"sprites":"marbles","response":142,"absDeviation":78,"callibration":"test","block":9,"seed":56,"numerosity":64,"matchType":"unpaired","which":"second","trial_type":"numerosity-estimation","trial_index":171,"time_elapsed":982594,"subject_id":"76003"},{"rt":3670,"stimulus":58,"slider_start":100,"sprites":"rocks","response":164,"absDeviation":43,"callibration":"test","block":9,"seed":58,"numerosity":121,"matchType":"paired","which":"first","trial_type":"numerosity-estimation","trial_index":172,"time_elapsed":986267,"subject_id":"76003"},{"rt":2813,"stimulus":58,"slider_start":100,"sprites":"rocks","response":152,"absDeviation":31,"callibration":"test","block":9,"seed":58,"numerosity":121,"matchType":"paired","which":"second","trial_type":"numerosity-estimation","trial_index":173,"time_elapsed":989083,"subject_id":"76003"},{"rt":2352,"stimulus":59,"slider_start":100,"sprites":"buttons","response":166,"absDeviation":31,"callibration":"test","block":9,"seed":59,"numerosity":135,"matchType":"unpaired","which":"second","trial_type":"numerosity-estimation","trial_index":174,"time_elapsed":991437,"subject_id":"76003"},{"rt":2254,"stimulus":60,"slider_start":100,"sprites":"animalCrackers","response":161,"absDeviation":11,"callibration":"test","block":9,"seed":60,"numerosity":150,"matchType":"unpaired","which":"second","trial_type":"numerosity-estimation","trial_index":175,"time_elapsed":993694,"subject_id":"76003"},{"rt":4804,"stimulus":62,"slider_start":100,"sprites":"butterflies","response":138,"absDeviation":3,"callibration":"test","block":9,"seed":62,"numerosity":135,"matchType":"paired","which":"first","trial_type":"numerosity-estimation","trial_index":176,"time_elapsed":998501,"subject_id":"76003"},{"rt":5625,"stimulus":62,"slider_start":100,"sprites":"butterflies","response":161,"absDeviation":26,"callibration":"test","block":9,"seed":62,"numerosity":135,"matchType":"paired","which":"second","trial_type":"numerosity-estimation","trial_index":177,"time_elapsed":1004128,"subject_id":"76003"},{"rt":4766,"stimulus":63,"slider_start":100,"sprites":"hearts","response":93,"absDeviation":29,"callibration":"test","block":9,"seed":63,"numerosity":64,"matchType":"unpaired","which":"second","trial_type":"numerosity-estimation","trial_index":178,"time_elapsed":1008897,"subject_id":"76003"},{"rt":4917,"stimulus":64,"slider_start":100,"sprites":"crackers","response":140,"absDeviation":5,"callibration":"test","block":9,"seed":64,"numerosity":135,"matchType":"unpaired","which":"second","trial_type":"numerosity-estimation","trial_index":179,"time_elapsed":1013816,"subject_id":"76003"},{"rt":1583,"stimulus":"<p> For the last block of trials, the average deviation of your guesses from correct answers was 25.</p>\n     <p>The smaller the deviation the better.  Your deviation was <b> good</b>.</p><br>\n       <p>Press any key to continue to the next block of trials</p>","response":" ","trial_type":"html-keyboard-response","trial_index":180,"time_elapsed":1015401,"subject_id":"76003"},{"rt":4075,"stimulus":66,"slider_start":100,"sprites":"fruits","response":111,"absDeviation":47,"callibration":"test","block":10,"seed":66,"numerosity":64,"matchType":"paired","which":"first","trial_type":"numerosity-estimation","trial_index":181,"time_elapsed":1019479,"subject_id":"76003"},{"rt":2326,"stimulus":66,"slider_start":100,"sprites":"fruits","response":113,"absDeviation":49,"callibration":"test","block":10,"seed":66,"numerosity":64,"matchType":"paired","which":"second","trial_type":"numerosity-estimation","trial_index":182,"time_elapsed":1021809,"subject_id":"76003"},{"rt":3418,"stimulus":67,"slider_start":100,"sprites":"jellyBeans","response":148,"absDeviation":41,"callibration":"test","block":10,"seed":67,"numerosity":107,"matchType":"unpaired","which":"second","trial_type":"numerosity-estimation","trial_index":183,"time_elapsed":1025230,"subject_id":"76003"},{"rt":2435,"stimulus":68,"slider_start":100,"sprites":"marbles","response":157,"absDeviation":7,"callibration":"test","block":10,"seed":68,"numerosity":150,"matchType":"unpaired","which":"second","trial_type":"numerosity-estimation","trial_index":184,"time_elapsed":1027666,"subject_id":"76003"},{"rt":3533,"stimulus":70,"slider_start":100,"sprites":"rocks","response":147,"absDeviation":55,"callibration":"test","block":10,"seed":70,"numerosity":92,"matchType":"paired","which":"first","trial_type":"numerosity-estimation","trial_index":185,"time_elapsed":1031202,"subject_id":"76003"},{"rt":2359,"stimulus":70,"slider_start":100,"sprites":"rocks","response":136,"absDeviation":44,"callibration":"test","block":10,"seed":70,"numerosity":92,"matchType":"paired","which":"second","trial_type":"numerosity-estimation","trial_index":186,"time_elapsed":1033565,"subject_id":"76003"},{"rt":4268,"stimulus":71,"slider_start":100,"sprites":"buttons","response":151,"absDeviation":44,"callibration":"test","block":10,"seed":71,"numerosity":107,"matchType":"unpaired","which":"second","trial_type":"numerosity-estimation","trial_index":187,"time_elapsed":1037836,"subject_id":"76003"},{"rt":3107,"stimulus":72,"slider_start":100,"sprites":"animalCrackers","response":131,"absDeviation":81,"callibration":"test","block":10,"seed":72,"numerosity":50,"matchType":"unpaired","which":"second","trial_type":"numerosity-estimation","trial_index":188,"time_elapsed":1040946,"subject_id":"76003"},{"rt":2664,"stimulus":74,"slider_start":100,"sprites":"butterflies","response":89,"absDeviation":25,"callibration":"test","block":10,"seed":74,"numerosity":64,"matchType":"paired","which":"first","trial_type":"numerosity-estimation","trial_index":189,"time_elapsed":1043613,"subject_id":"76003"},{"rt":5052,"stimulus":74,"slider_start":100,"sprites":"butterflies","response":81,"absDeviation":17,"callibration":"test","block":10,"seed":74,"numerosity":64,"matchType":"paired","which":"second","trial_type":"numerosity-estimation","trial_index":190,"time_elapsed":1048668,"subject_id":"76003"},{"rt":2967,"stimulus":75,"slider_start":100,"sprites":"hearts","response":126,"absDeviation":34,"callibration":"test","block":10,"seed":75,"numerosity":92,"matchType":"unpaired","which":"second","trial_type":"numerosity-estimation","trial_index":191,"time_elapsed":1051637,"subject_id":"76003"},{"rt":4002,"stimulus":76,"slider_start":100,"sprites":"crackers","response":95,"absDeviation":31,"callibration":"test","block":10,"seed":76,"numerosity":64,"matchType":"unpaired","which":"second","trial_type":"numerosity-estimation","trial_index":192,"time_elapsed":1055642,"subject_id":"76003"},{"rt":4001,"stimulus":78,"slider_start":100,"sprites":"fruits","response":94,"absDeviation":30,"callibration":"test","block":10,"seed":78,"numerosity":64,"matchType":"paired","which":"first","trial_type":"numerosity-estimation","trial_index":193,"time_elapsed":1059646,"subject_id":"76003"},{"rt":3582,"stimulus":78,"slider_start":100,"sprites":"fruits","response":93,"absDeviation":29,"callibration":"test","block":10,"seed":78,"numerosity":64,"matchType":"paired","which":"second","trial_type":"numerosity-estimation","trial_index":194,"time_elapsed":1063230,"subject_id":"76003"},{"rt":3055,"stimulus":79,"slider_start":100,"sprites":"jellyBeans","response":98,"absDeviation":48,"callibration":"test","block":10,"seed":79,"numerosity":50,"matchType":"unpaired","which":"second","trial_type":"numerosity-estimation","trial_index":195,"time_elapsed":1066288,"subject_id":"76003"},{"rt":2592,"stimulus":80,"slider_start":100,"sprites":"marbles","response":108,"absDeviation":13,"callibration":"test","block":10,"seed":80,"numerosity":121,"matchType":"unpaired","which":"second","trial_type":"numerosity-estimation","trial_index":196,"time_elapsed":1068883,"subject_id":"76003"},{"rt":1040,"stimulus":"<p> For the last block of trials, the average deviation of your guesses from correct answers was 37.</p>\n     <p>The smaller the deviation the better.  Your deviation was <b> good</b>.</p><br>\n       <p>Press any key to continue to the next block of trials</p>","response":" ","trial_type":"html-keyboard-response","trial_index":197,"time_elapsed":1069924,"subject_id":"76003"},{"rt":3076,"stimulus":82,"slider_start":100,"sprites":"rocks","response":128,"absDeviation":64,"callibration":"test","block":11,"seed":82,"numerosity":64,"matchType":"paired","which":"first","trial_type":"numerosity-estimation","trial_index":198,"time_elapsed":1073003,"subject_id":"76003"},{"rt":3153,"stimulus":82,"slider_start":100,"sprites":"rocks","response":136,"absDeviation":72,"callibration":"test","block":11,"seed":82,"numerosity":64,"matchType":"paired","which":"second","trial_type":"numerosity-estimation","trial_index":199,"time_elapsed":1076159,"subject_id":"76003"},{"rt":2772,"stimulus":83,"slider_start":100,"sprites":"buttons","response":151,"absDeviation":30,"callibration":"test","block":11,"seed":83,"numerosity":121,"matchType":"unpaired","which":"second","trial_type":"numerosity-estimation","trial_index":200,"time_elapsed":1078933,"subject_id":"76003"},{"rt":3775,"stimulus":84,"slider_start":100,"sprites":"animalCrackers","response":86,"absDeviation":36,"callibration":"test","block":11,"seed":84,"numerosity":50,"matchType":"unpaired","which":"second","trial_type":"numerosity-estimation","trial_index":201,"time_elapsed":1082711,"subject_id":"76003"},{"rt":2376,"stimulus":86,"slider_start":100,"sprites":"butterflies","response":125,"absDeviation":4,"callibration":"test","block":11,"seed":86,"numerosity":121,"matchType":"paired","which":"first","trial_type":"numerosity-estimation","trial_index":202,"time_elapsed":1085089,"subject_id":"76003"},{"rt":2594,"stimulus":86,"slider_start":100,"sprites":"butterflies","response":129,"absDeviation":8,"callibration":"test","block":11,"seed":86,"numerosity":121,"matchType":"paired","which":"second","trial_type":"numerosity-estimation","trial_index":203,"time_elapsed":1087687,"subject_id":"76003"},{"rt":2829,"stimulus":87,"slider_start":100,"sprites":"hearts","response":120,"absDeviation":70,"callibration":"test","block":11,"seed":87,"numerosity":50,"matchType":"unpaired","which":"second","trial_type":"numerosity-estimation","trial_index":204,"time_elapsed":1090519,"subject_id":"76003"},{"rt":2845,"stimulus":88,"slider_start":100,"sprites":"crackers","response":153,"absDeviation":18,"callibration":"test","block":11,"seed":88,"numerosity":135,"matchType":"unpaired","which":"second","trial_type":"numerosity-estimation","trial_index":205,"time_elapsed":1093366,"subject_id":"76003"},{"rt":4520,"stimulus":90,"slider_start":100,"sprites":"fruits","response":159,"absDeviation":9,"callibration":"test","block":11,"seed":90,"numerosity":150,"matchType":"paired","which":"first","trial_type":"numerosity-estimation","trial_index":206,"time_elapsed":1097889,"subject_id":"76003"},{"rt":3160,"stimulus":90,"slider_start":100,"sprites":"fruits","response":154,"absDeviation":4,"callibration":"test","block":11,"seed":90,"numerosity":150,"matchType":"paired","which":"second","trial_type":"numerosity-estimation","trial_index":207,"time_elapsed":1101051,"subject_id":"76003"},{"rt":2975,"stimulus":91,"slider_start":100,"sprites":"jellyBeans","response":151,"absDeviation":59,"callibration":"test","block":11,"seed":91,"numerosity":92,"matchType":"unpaired","which":"second","trial_type":"numerosity-estimation","trial_index":208,"time_elapsed":1104029,"subject_id":"76003"},{"rt":3282,"stimulus":92,"slider_start":100,"sprites":"marbles","response":146,"absDeviation":25,"callibration":"test","block":11,"seed":92,"numerosity":121,"matchType":"unpaired","which":"second","trial_type":"numerosity-estimation","trial_index":209,"time_elapsed":1107313,"subject_id":"76003"},{"rt":2433,"stimulus":94,"slider_start":100,"sprites":"rocks","response":126,"absDeviation":48,"callibration":"test","block":11,"seed":94,"numerosity":78,"matchType":"paired","which":"first","trial_type":"numerosity-estimation","trial_index":210,"time_elapsed":1109749,"subject_id":"76003"},{"rt":5191,"stimulus":94,"slider_start":100,"sprites":"rocks","response":130,"absDeviation":52,"callibration":"test","block":11,"seed":94,"numerosity":78,"matchType":"paired","which":"second","trial_type":"numerosity-estimation","trial_index":211,"time_elapsed":1114942,"subject_id":"76003"},{"rt":4383,"stimulus":95,"slider_start":100,"sprites":"buttons","response":121,"absDeviation":57,"callibration":"test","block":11,"seed":95,"numerosity":64,"matchType":"unpaired","which":"second","trial_type":"numerosity-estimation","trial_index":212,"time_elapsed":1119328,"subject_id":"76003"},{"rt":11129,"stimulus":96,"slider_start":100,"sprites":"animalCrackers","response":114,"absDeviation":22,"callibration":"test","block":11,"seed":96,"numerosity":92,"matchType":"unpaired","which":"second","trial_type":"numerosity-estimation","trial_index":213,"time_elapsed":1130459,"subject_id":"76003"},{"rt":1344,"stimulus":"<p> For the last block of trials, the average deviation of your guesses from correct answers was 36.</p>\n     <p>The smaller the deviation the better.  Your deviation was <b> good</b>.</p><br>\n       <p>Press any key to continue to the next block of trials</p>","response":" ","trial_type":"html-keyboard-response","trial_index":214,"time_elapsed":1131805,"subject_id":"76003"},{"rt":9067,"response":{"averageEstimates":"When the two displays occured back-to-back, in immediate succession.","firstOrSecond":"The first time the objects were shown"},"question_order":[0,1],"trial_type":"survey-multi-choice","trial_index":215,"time_elapsed":1140875,"subject_id":"76003"}]