[{"rt":5902,"url":"consent.html","trial_type":"external-html","trial_index":0,"time_elapsed":5910,"subject_id":"78823"},{"view_history":[{"page_index":0,"viewing_time":1154}],"rt":1155,"trial_type":"instructions","trial_index":1,"time_elapsed":7069,"subject_id":"78823"},{"rt":1918,"stimulus":0,"slider_start":100,"sprites":"animalCrackers","response":100,"absDeviation":50,"callibration":"callibration","block":-1,"seed":0,"numerosity":50,"matchType":"callibration","which":"first","trial_type":"numerosity-estimation","trial_index":2,"time_elapsed":8993,"subject_id":"78823"},{"rt":1223,"stimulus":1,"slider_start":100,"sprites":"letters","response":100,"absDeviation":36,"callibration":"callibration","block":-1,"seed":1,"numerosity":64,"matchType":"callibration","which":"first","trial_type":"numerosity-estimation","trial_index":3,"time_elapsed":10222,"subject_id":"78823"},{"rt":1696,"stimulus":2,"slider_start":100,"sprites":"butterflies","response":100,"absDeviation":22,"callibration":"callibration","block":-1,"seed":2,"numerosity":78,"matchType":"callibration","which":"first","trial_type":"numerosity-estimation","trial_index":4,"time_elapsed":11925,"subject_id":"78823"},{"rt":997,"stimulus":3,"slider_start":100,"sprites":"hearts","response":100,"absDeviation":8,"callibration":"callibration","block":-1,"seed":3,"numerosity":92,"matchType":"callibration","which":"first","trial_type":"numerosity-estimation","trial_index":5,"time_elapsed":12929,"subject_id":"78823"},{"rt":290,"stimulus":4,"slider_start":100,"sprites":"crackers","response":100,"absDeviation":7,"callibration":"callibration","block":-1,"seed":4,"numerosity":107,"matchType":"callibration","which":"first","trial_type":"numerosity-estimation","trial_index":6,"time_elapsed":13225,"subject_id":"78823"},{"rt":1510,"stimulus":5,"slider_start":100,"sprites":"bears","response":100,"absDeviation":21,"callibration":"callibration","block":-1,"seed":5,"numerosity":121,"matchType":"callibration","which":"first","trial_type":"numerosity-estimation","trial_index":7,"time_elapsed":14743,"subject_id":"78823"},{"rt":1264,"stimulus":6,"slider_start":100,"sprites":"fruits","response":100,"absDeviation":35,"callibration":"callibration","block":-1,"seed":6,"numerosity":135,"matchType":"callibration","which":"first","trial_type":"numerosity-estimation","trial_index":8,"time_elapsed":16013,"subject_id":"78823"},{"rt":1260,"stimulus":7,"slider_start":100,"sprites":"jellyBeans","response":100,"absDeviation":50,"callibration":"callibration","block":-1,"seed":7,"numerosity":150,"matchType":"callibration","which":"first","trial_type":"numerosity-estimation","trial_index":9,"time_elapsed":17281,"subject_id":"78823"},{"view_history":[{"page_index":0,"viewing_time":901}],"rt":901,"trial_type":"instructions","trial_index":10,"time_elapsed":18187,"subject_id":"78823"},{"rt":3205,"stimulus":1,"slider_start":100,"sprites":"letters","response":100,"absDeviation":8,"callibration":"test","block":0,"seed":1,"numerosity":92,"matchType":"paired","which":"first","trial_type":"numerosity-estimation","trial_index":11,"time_elapsed":21400,"subject_id":"78823"},{"rt":1907,"stimulus":1,"slider_start":100,"sprites":"letters","response":100,"absDeviation":8,"callibration":"test","block":0,"seed":1,"numerosity":92,"matchType":"paired","which":"second","trial_type":"numerosity-estimation","trial_index":12,"time_elapsed":23314,"subject_id":"78823"},{"rt":2071,"stimulus":3,"slider_start":100,"sprites":"hearts","response":100,"absDeviation":50,"callibration":"test","block":0,"seed":3,"numerosity":50,"matchType":"unpaired","which":"first","trial_type":"numerosity-estimation","trial_index":13,"time_elapsed":25391,"subject_id":"78823"},{"rt":1665,"stimulus":4,"slider_start":100,"sprites":"crackers","response":100,"absDeviation":7,"callibration":"test","block":0,"seed":4,"numerosity":107,"matchType":"unpaired","which":"first","trial_type":"numerosity-estimation","trial_index":14,"time_elapsed":27061,"subject_id":"78823"},{"rt":1891,"stimulus":5,"slider_start":100,"sprites":"bears","response":100,"absDeviation":50,"callibration":"test","block":0,"seed":5,"numerosity":50,"matchType":"paired","which":"first","trial_type":"numerosity-estimation","trial_index":15,"time_elapsed":28956,"subject_id":"78823"},{"rt":1607,"stimulus":5,"slider_start":100,"sprites":"bears","response":100,"absDeviation":50,"callibration":"test","block":0,"seed":5,"numerosity":50,"matchType":"paired","which":"second","trial_type":"numerosity-estimation","trial_index":16,"time_elapsed":30570,"subject_id":"78823"},{"rt":2251,"stimulus":7,"slider_start":100,"sprites":"jellyBeans","response":100,"absDeviation":50,"callibration":"test","block":0,"seed":7,"numerosity":50,"matchType":"unpaired","which":"first","trial_type":"numerosity-estimation","trial_index":17,"time_elapsed":32827,"subject_id":"78823"},{"rt":3520,"stimulus":8,"slider_start":100,"sprites":"marbles","response":100,"absDeviation":8,"callibration":"test","block":0,"seed":8,"numerosity":92,"matchType":"unpaired","which":"first","trial_type":"numerosity-estimation","trial_index":18,"time_elapsed":36352,"subject_id":"78823"},{"rt":1946,"stimulus":9,"slider_start":100,"sprites":"mints","response":100,"absDeviation":35,"callibration":"test","block":0,"seed":9,"numerosity":135,"matchType":"paired","which":"first","trial_type":"numerosity-estimation","trial_index":19,"time_elapsed":38309,"subject_id":"78823"},{"rt":1877,"stimulus":9,"slider_start":100,"sprites":"mints","response":101,"absDeviation":34,"callibration":"test","block":0,"seed":9,"numerosity":135,"matchType":"paired","which":"second","trial_type":"numerosity-estimation","trial_index":20,"time_elapsed":40190,"subject_id":"78823"},{"rt":2210,"stimulus":11,"slider_start":100,"sprites":"buttons","response":100,"absDeviation":7,"callibration":"test","block":0,"seed":11,"numerosity":107,"matchType":"unpaired","which":"first","trial_type":"numerosity-estimation","trial_index":21,"time_elapsed":42405,"subject_id":"78823"},{"rt":2853,"stimulus":12,"slider_start":100,"sprites":"animalCrackers","response":100,"absDeviation":8,"callibration":"test","block":0,"seed":12,"numerosity":92,"matchType":"unpaired","which":"first","trial_type":"numerosity-estimation","trial_index":22,"time_elapsed":45264,"subject_id":"78823"},{"rt":2450,"stimulus":13,"slider_start":100,"sprites":"letters","response":100,"absDeviation":7,"callibration":"test","block":0,"seed":13,"numerosity":107,"matchType":"paired","which":"first","trial_type":"numerosity-estimation","trial_index":23,"time_elapsed":47721,"subject_id":"78823"},{"rt":1678,"stimulus":13,"slider_start":100,"sprites":"letters","response":100,"absDeviation":7,"callibration":"test","block":0,"seed":13,"numerosity":107,"matchType":"paired","which":"second","trial_type":"numerosity-estimation","trial_index":24,"time_elapsed":49407,"subject_id":"78823"},{"rt":2168,"stimulus":15,"slider_start":100,"sprites":"hearts","response":101,"absDeviation":20,"callibration":"test","block":0,"seed":15,"numerosity":121,"matchType":"unpaired","which":"first","trial_type":"numerosity-estimation","trial_index":25,"time_elapsed":51583,"subject_id":"78823"},{"rt":1634,"stimulus":16,"slider_start":100,"sprites":"crackers","response":101,"absDeviation":37,"callibration":"test","block":0,"seed":16,"numerosity":64,"matchType":"unpaired","which":"first","trial_type":"numerosity-estimation","trial_index":26,"time_elapsed":53221,"subject_id":"78823"},{"rt":955,"stimulus":"<p> For the last block of trials, the average deviation of your guesses from correct answers was 24.</p>\n     <p>The smaller the deviation the better.  Your deviation was <b> VERY good</b>.</p><br>\n       <p>Press any key to continue to the next block of trials</p>","response":" ","trial_type":"html-keyboard-response","trial_index":27,"time_elapsed":54178,"subject_id":"78823"},{"rt":3164,"stimulus":17,"slider_start":100,"sprites":"bears","response":99,"absDeviation":7,"callibration":"test","block":1,"seed":17,"numerosity":92,"matchType":"paired","which":"first","trial_type":"numerosity-estimation","trial_index":28,"time_elapsed":57349,"subject_id":"78823"},{"rt":1771,"stimulus":17,"slider_start":100,"sprites":"bears","response":100,"absDeviation":8,"callibration":"test","block":1,"seed":17,"numerosity":92,"matchType":"paired","which":"second","trial_type":"numerosity-estimation","trial_index":29,"time_elapsed":59126,"subject_id":"78823"},{"rt":1768,"stimulus":19,"slider_start":100,"sprites":"jellyBeans","response":101,"absDeviation":34,"callibration":"test","block":1,"seed":19,"numerosity":135,"matchType":"unpaired","which":"first","trial_type":"numerosity-estimation","trial_index":30,"time_elapsed":60898,"subject_id":"78823"},{"rt":1776,"stimulus":20,"slider_start":100,"sprites":"marbles","response":100,"absDeviation":22,"callibration":"test","block":1,"seed":20,"numerosity":78,"matchType":"unpaired","which":"first","trial_type":"numerosity-estimation","trial_index":31,"time_elapsed":62681,"subject_id":"78823"},{"rt":1930,"stimulus":21,"slider_start":100,"sprites":"mints","response":99,"absDeviation":7,"callibration":"test","block":1,"seed":21,"numerosity":92,"matchType":"paired","which":"first","trial_type":"numerosity-estimation","trial_index":32,"time_elapsed":64617,"subject_id":"78823"},{"rt":1981,"stimulus":21,"slider_start":100,"sprites":"mints","response":100,"absDeviation":8,"callibration":"test","block":1,"seed":21,"numerosity":92,"matchType":"paired","which":"second","trial_type":"numerosity-estimation","trial_index":33,"time_elapsed":66608,"subject_id":"78823"},{"rt":1887,"stimulus":23,"slider_start":100,"sprites":"buttons","response":100,"absDeviation":50,"callibration":"test","block":1,"seed":23,"numerosity":150,"matchType":"unpaired","which":"first","trial_type":"numerosity-estimation","trial_index":34,"time_elapsed":68503,"subject_id":"78823"},{"rt":2032,"stimulus":24,"slider_start":100,"sprites":"animalCrackers","response":100,"absDeviation":7,"callibration":"test","block":1,"seed":24,"numerosity":107,"matchType":"unpaired","which":"first","trial_type":"numerosity-estimation","trial_index":35,"time_elapsed":70544,"subject_id":"78823"},{"rt":2225,"stimulus":25,"slider_start":100,"sprites":"letters","response":101,"absDeviation":6,"callibration":"test","block":1,"seed":25,"numerosity":107,"matchType":"paired","which":"first","trial_type":"numerosity-estimation","trial_index":36,"time_elapsed":72775,"subject_id":"78823"},{"rt":2117,"stimulus":25,"slider_start":100,"sprites":"letters","response":102,"absDeviation":5,"callibration":"test","block":1,"seed":25,"numerosity":107,"matchType":"paired","which":"second","trial_type":"numerosity-estimation","trial_index":37,"time_elapsed":74902,"subject_id":"78823"},{"rt":1987,"stimulus":27,"slider_start":100,"sprites":"hearts","response":100,"absDeviation":21,"callibration":"test","block":1,"seed":27,"numerosity":121,"matchType":"unpaired","which":"first","trial_type":"numerosity-estimation","trial_index":38,"time_elapsed":76894,"subject_id":"78823"},{"rt":1951,"stimulus":28,"slider_start":100,"sprites":"crackers","response":100,"absDeviation":50,"callibration":"test","block":1,"seed":28,"numerosity":150,"matchType":"unpaired","which":"first","trial_type":"numerosity-estimation","trial_index":39,"time_elapsed":78852,"subject_id":"78823"},{"rt":2345,"stimulus":29,"slider_start":100,"sprites":"bears","response":100,"absDeviation":36,"callibration":"test","block":1,"seed":29,"numerosity":64,"matchType":"paired","which":"first","trial_type":"numerosity-estimation","trial_index":40,"time_elapsed":81204,"subject_id":"78823"},{"rt":1568,"stimulus":29,"slider_start":100,"sprites":"bears","response":100,"absDeviation":36,"callibration":"test","block":1,"seed":29,"numerosity":64,"matchType":"paired","which":"second","trial_type":"numerosity-estimation","trial_index":41,"time_elapsed":82780,"subject_id":"78823"},{"rt":1806,"stimulus":31,"slider_start":100,"sprites":"jellyBeans","response":101,"absDeviation":49,"callibration":"test","block":1,"seed":31,"numerosity":150,"matchType":"unpaired","which":"first","trial_type":"numerosity-estimation","trial_index":42,"time_elapsed":84594,"subject_id":"78823"},{"rt":1938,"stimulus":32,"slider_start":100,"sprites":"marbles","response":100,"absDeviation":35,"callibration":"test","block":1,"seed":32,"numerosity":135,"matchType":"unpaired","which":"first","trial_type":"numerosity-estimation","trial_index":43,"time_elapsed":86537,"subject_id":"78823"},{"rt":793,"stimulus":"<p> For the last block of trials, the average deviation of your guesses from correct answers was 24.</p>\n     <p>The smaller the deviation the better.  Your deviation was <b> VERY good</b>.</p><br>\n       <p>Press any key to continue to the next block of trials</p>","response":" ","trial_type":"html-keyboard-response","trial_index":44,"time_elapsed":87334,"subject_id":"78823"},{"rt":2239,"stimulus":33,"slider_start":100,"sprites":"mints","response":100,"absDeviation":21,"callibration":"test","block":2,"seed":33,"numerosity":121,"matchType":"paired","which":"first","trial_type":"numerosity-estimation","trial_index":45,"time_elapsed":89580,"subject_id":"78823"},{"rt":1590,"stimulus":33,"slider_start":100,"sprites":"mints","response":100,"absDeviation":21,"callibration":"test","block":2,"seed":33,"numerosity":121,"matchType":"paired","which":"second","trial_type":"numerosity-estimation","trial_index":46,"time_elapsed":91177,"subject_id":"78823"},{"rt":1744,"stimulus":35,"slider_start":100,"sprites":"buttons","response":101,"absDeviation":23,"callibration":"test","block":2,"seed":35,"numerosity":78,"matchType":"unpaired","which":"first","trial_type":"numerosity-estimation","trial_index":47,"time_elapsed":92928,"subject_id":"78823"},{"rt":3205,"stimulus":36,"slider_start":100,"sprites":"animalCrackers","response":100,"absDeviation":50,"callibration":"test","block":2,"seed":36,"numerosity":50,"matchType":"unpaired","which":"first","trial_type":"numerosity-estimation","trial_index":48,"time_elapsed":96140,"subject_id":"78823"},{"rt":2144,"stimulus":37,"slider_start":100,"sprites":"letters","response":100,"absDeviation":35,"callibration":"test","block":2,"seed":37,"numerosity":135,"matchType":"paired","which":"first","trial_type":"numerosity-estimation","trial_index":49,"time_elapsed":98290,"subject_id":"78823"},{"rt":2550,"stimulus":37,"slider_start":100,"sprites":"letters","response":101,"absDeviation":34,"callibration":"test","block":2,"seed":37,"numerosity":135,"matchType":"paired","which":"second","trial_type":"numerosity-estimation","trial_index":50,"time_elapsed":100844,"subject_id":"78823"},{"rt":2540,"stimulus":39,"slider_start":100,"sprites":"hearts","response":100,"absDeviation":22,"callibration":"test","block":2,"seed":39,"numerosity":78,"matchType":"unpaired","which":"first","trial_type":"numerosity-estimation","trial_index":51,"time_elapsed":103391,"subject_id":"78823"},{"rt":3324,"stimulus":40,"slider_start":100,"sprites":"crackers","response":100,"absDeviation":21,"callibration":"test","block":2,"seed":40,"numerosity":121,"matchType":"unpaired","which":"first","trial_type":"numerosity-estimation","trial_index":52,"time_elapsed":106725,"subject_id":"78823"},{"rt":2031,"stimulus":41,"slider_start":100,"sprites":"bears","response":102,"absDeviation":52,"callibration":"test","block":2,"seed":41,"numerosity":50,"matchType":"paired","which":"first","trial_type":"numerosity-estimation","trial_index":53,"time_elapsed":108760,"subject_id":"78823"},{"rt":2973,"stimulus":41,"slider_start":100,"sprites":"bears","response":101,"absDeviation":51,"callibration":"test","block":2,"seed":41,"numerosity":50,"matchType":"paired","which":"second","trial_type":"numerosity-estimation","trial_index":54,"time_elapsed":111741,"subject_id":"78823"},{"rt":1707,"stimulus":43,"slider_start":100,"sprites":"jellyBeans","response":100,"absDeviation":36,"callibration":"test","block":2,"seed":43,"numerosity":64,"matchType":"unpaired","which":"first","trial_type":"numerosity-estimation","trial_index":55,"time_elapsed":113458,"subject_id":"78823"},{"rt":1810,"stimulus":44,"slider_start":100,"sprites":"marbles","response":100,"absDeviation":21,"callibration":"test","block":2,"seed":44,"numerosity":121,"matchType":"unpaired","which":"first","trial_type":"numerosity-estimation","trial_index":56,"time_elapsed":115273,"subject_id":"78823"},{"rt":2393,"stimulus":45,"slider_start":100,"sprites":"mints","response":100,"absDeviation":21,"callibration":"test","block":2,"seed":45,"numerosity":121,"matchType":"paired","which":"first","trial_type":"numerosity-estimation","trial_index":57,"time_elapsed":117674,"subject_id":"78823"},{"rt":2026,"stimulus":45,"slider_start":100,"sprites":"mints","response":100,"absDeviation":21,"callibration":"test","block":2,"seed":45,"numerosity":121,"matchType":"paired","which":"second","trial_type":"numerosity-estimation","trial_index":58,"time_elapsed":119705,"subject_id":"78823"},{"rt":2131,"stimulus":47,"slider_start":100,"sprites":"buttons","response":100,"absDeviation":21,"callibration":"test","block":2,"seed":47,"numerosity":121,"matchType":"unpaired","which":"first","trial_type":"numerosity-estimation","trial_index":59,"time_elapsed":121840,"subject_id":"78823"},{"rt":2148,"stimulus":48,"slider_start":100,"sprites":"animalCrackers","response":100,"absDeviation":35,"callibration":"test","block":2,"seed":48,"numerosity":135,"matchType":"unpaired","which":"first","trial_type":"numerosity-estimation","trial_index":60,"time_elapsed":123992,"subject_id":"78823"},{"rt":833,"stimulus":"<p> For the last block of trials, the average deviation of your guesses from correct answers was 30.</p>\n     <p>The smaller the deviation the better.  Your deviation was <b> good</b>.</p><br>\n       <p>Press any key to continue to the next block of trials</p>","response":" ","trial_type":"html-keyboard-response","trial_index":61,"time_elapsed":124829,"subject_id":"78823"},{"rt":3845,"stimulus":49,"slider_start":100,"sprites":"letters","response":100,"absDeviation":22,"callibration":"test","block":3,"seed":49,"numerosity":78,"matchType":"paired","which":"first","trial_type":"numerosity-estimation","trial_index":62,"time_elapsed":128682,"subject_id":"78823"},{"rt":2120,"stimulus":49,"slider_start":100,"sprites":"letters","response":100,"absDeviation":22,"callibration":"test","block":3,"seed":49,"numerosity":78,"matchType":"paired","which":"second","trial_type":"numerosity-estimation","trial_index":63,"time_elapsed":130809,"subject_id":"78823"},{"rt":1838,"stimulus":51,"slider_start":100,"sprites":"hearts","response":100,"absDeviation":50,"callibration":"test","block":3,"seed":51,"numerosity":150,"matchType":"unpaired","which":"first","trial_type":"numerosity-estimation","trial_index":64,"time_elapsed":132656,"subject_id":"78823"},{"rt":3317,"stimulus":52,"slider_start":100,"sprites":"crackers","response":100,"absDeviation":22,"callibration":"test","block":3,"seed":52,"numerosity":78,"matchType":"unpaired","which":"first","trial_type":"numerosity-estimation","trial_index":65,"time_elapsed":135980,"subject_id":"78823"},{"rt":1784,"stimulus":53,"slider_start":100,"sprites":"bears","response":100,"absDeviation":50,"callibration":"test","block":3,"seed":53,"numerosity":50,"matchType":"paired","which":"first","trial_type":"numerosity-estimation","trial_index":66,"time_elapsed":137770,"subject_id":"78823"},{"rt":1824,"stimulus":53,"slider_start":100,"sprites":"bears","response":101,"absDeviation":51,"callibration":"test","block":3,"seed":53,"numerosity":50,"matchType":"paired","which":"second","trial_type":"numerosity-estimation","trial_index":67,"time_elapsed":139601,"subject_id":"78823"},{"rt":2017,"stimulus":55,"slider_start":100,"sprites":"jellyBeans","response":100,"absDeviation":21,"callibration":"test","block":3,"seed":55,"numerosity":121,"matchType":"unpaired","which":"first","trial_type":"numerosity-estimation","trial_index":68,"time_elapsed":141625,"subject_id":"78823"},{"rt":2947,"stimulus":56,"slider_start":100,"sprites":"marbles","response":100,"absDeviation":36,"callibration":"test","block":3,"seed":56,"numerosity":64,"matchType":"unpaired","which":"first","trial_type":"numerosity-estimation","trial_index":69,"time_elapsed":144579,"subject_id":"78823"},{"rt":1998,"stimulus":57,"slider_start":100,"sprites":"mints","response":99,"absDeviation":35,"callibration":"test","block":3,"seed":57,"numerosity":64,"matchType":"paired","which":"first","trial_type":"numerosity-estimation","trial_index":70,"time_elapsed":146587,"subject_id":"78823"},{"rt":1864,"stimulus":57,"slider_start":100,"sprites":"mints","response":100,"absDeviation":36,"callibration":"test","block":3,"seed":57,"numerosity":64,"matchType":"paired","which":"second","trial_type":"numerosity-estimation","trial_index":71,"time_elapsed":148457,"subject_id":"78823"},{"rt":30990,"stimulus":59,"slider_start":100,"sprites":"buttons","response":100,"absDeviation":35,"callibration":"test","block":3,"seed":59,"numerosity":135,"matchType":"unpaired","which":"first","trial_type":"numerosity-estimation","trial_index":72,"time_elapsed":1336700,"subject_id":"78823"},{"rt":8384,"stimulus":60,"slider_start":100,"sprites":"animalCrackers","response":100,"absDeviation":50,"callibration":"test","block":3,"seed":60,"numerosity":150,"matchType":"unpaired","which":"first","trial_type":"numerosity-estimation","trial_index":73,"time_elapsed":1345093,"subject_id":"78823"},{"rt":2671,"stimulus":61,"slider_start":100,"sprites":"letters","response":100,"absDeviation":50,"callibration":"test","block":3,"seed":61,"numerosity":50,"matchType":"paired","which":"first","trial_type":"numerosity-estimation","trial_index":74,"time_elapsed":1347771,"subject_id":"78823"},{"rt":2126,"stimulus":61,"slider_start":100,"sprites":"letters","response":100,"absDeviation":50,"callibration":"test","block":3,"seed":61,"numerosity":50,"matchType":"paired","which":"second","trial_type":"numerosity-estimation","trial_index":75,"time_elapsed":1349904,"subject_id":"78823"},{"rt":2426,"stimulus":63,"slider_start":100,"sprites":"hearts","response":100,"absDeviation":36,"callibration":"test","block":3,"seed":63,"numerosity":64,"matchType":"unpaired","which":"first","trial_type":"numerosity-estimation","trial_index":76,"time_elapsed":1352337,"subject_id":"78823"},{"rt":1876,"stimulus":64,"slider_start":100,"sprites":"crackers","response":100,"absDeviation":35,"callibration":"test","block":3,"seed":64,"numerosity":135,"matchType":"unpaired","which":"first","trial_type":"numerosity-estimation","trial_index":77,"time_elapsed":1354217,"subject_id":"78823"},{"rt":925,"stimulus":"<p> For the last block of trials, the average deviation of your guesses from correct answers was 38.</p>\n     <p>The smaller the deviation the better.  Your deviation was <b> good</b>.</p><br>\n       <p>Press any key to continue to the next block of trials</p>","response":" ","trial_type":"html-keyboard-response","trial_index":78,"time_elapsed":1355145,"subject_id":"78823"},{"rt":2270,"stimulus":65,"slider_start":100,"sprites":"bears","response":101,"absDeviation":6,"callibration":"test","block":4,"seed":65,"numerosity":107,"matchType":"paired","which":"first","trial_type":"numerosity-estimation","trial_index":79,"time_elapsed":1357421,"subject_id":"78823"},{"rt":1986,"stimulus":65,"slider_start":100,"sprites":"bears","response":101,"absDeviation":6,"callibration":"test","block":4,"seed":65,"numerosity":107,"matchType":"paired","which":"second","trial_type":"numerosity-estimation","trial_index":80,"time_elapsed":1359414,"subject_id":"78823"},{"rt":1923,"stimulus":67,"slider_start":100,"sprites":"jellyBeans","response":101,"absDeviation":6,"callibration":"test","block":4,"seed":67,"numerosity":107,"matchType":"unpaired","which":"first","trial_type":"numerosity-estimation","trial_index":81,"time_elapsed":1361342,"subject_id":"78823"},{"rt":1751,"stimulus":68,"slider_start":100,"sprites":"marbles","response":100,"absDeviation":50,"callibration":"test","block":4,"seed":68,"numerosity":150,"matchType":"unpaired","which":"first","trial_type":"numerosity-estimation","trial_index":82,"time_elapsed":1363100,"subject_id":"78823"},{"rt":2083,"stimulus":69,"slider_start":100,"sprites":"mints","response":100,"absDeviation":21,"callibration":"test","block":4,"seed":69,"numerosity":121,"matchType":"paired","which":"first","trial_type":"numerosity-estimation","trial_index":83,"time_elapsed":1365188,"subject_id":"78823"},{"rt":2186,"stimulus":69,"slider_start":100,"sprites":"mints","response":100,"absDeviation":21,"callibration":"test","block":4,"seed":69,"numerosity":121,"matchType":"paired","which":"second","trial_type":"numerosity-estimation","trial_index":84,"time_elapsed":1367382,"subject_id":"78823"},{"rt":1905,"stimulus":71,"slider_start":100,"sprites":"buttons","response":101,"absDeviation":6,"callibration":"test","block":4,"seed":71,"numerosity":107,"matchType":"unpaired","which":"first","trial_type":"numerosity-estimation","trial_index":85,"time_elapsed":1369292,"subject_id":"78823"},{"rt":1818,"stimulus":72,"slider_start":100,"sprites":"animalCrackers","response":100,"absDeviation":50,"callibration":"test","block":4,"seed":72,"numerosity":50,"matchType":"unpaired","which":"first","trial_type":"numerosity-estimation","trial_index":86,"time_elapsed":1371116,"subject_id":"78823"},{"rt":1729,"stimulus":73,"slider_start":100,"sprites":"letters","response":100,"absDeviation":22,"callibration":"test","block":4,"seed":73,"numerosity":78,"matchType":"paired","which":"first","trial_type":"numerosity-estimation","trial_index":87,"time_elapsed":1372852,"subject_id":"78823"},{"rt":2080,"stimulus":73,"slider_start":100,"sprites":"letters","response":100,"absDeviation":22,"callibration":"test","block":4,"seed":73,"numerosity":78,"matchType":"paired","which":"second","trial_type":"numerosity-estimation","trial_index":88,"time_elapsed":1374938,"subject_id":"78823"},{"rt":2116,"stimulus":75,"slider_start":100,"sprites":"hearts","response":101,"absDeviation":9,"callibration":"test","block":4,"seed":75,"numerosity":92,"matchType":"unpaired","which":"first","trial_type":"numerosity-estimation","trial_index":89,"time_elapsed":1377059,"subject_id":"78823"},{"rt":2152,"stimulus":76,"slider_start":100,"sprites":"crackers","response":100,"absDeviation":36,"callibration":"test","block":4,"seed":76,"numerosity":64,"matchType":"unpaired","which":"first","trial_type":"numerosity-estimation","trial_index":90,"time_elapsed":1379219,"subject_id":"78823"},{"rt":2321,"stimulus":77,"slider_start":100,"sprites":"bears","response":101,"absDeviation":34,"callibration":"test","block":4,"seed":77,"numerosity":135,"matchType":"paired","which":"first","trial_type":"numerosity-estimation","trial_index":91,"time_elapsed":1381550,"subject_id":"78823"},{"rt":1983,"stimulus":77,"slider_start":100,"sprites":"bears","response":101,"absDeviation":34,"callibration":"test","block":4,"seed":77,"numerosity":135,"matchType":"paired","which":"second","trial_type":"numerosity-estimation","trial_index":92,"time_elapsed":1383544,"subject_id":"78823"},{"rt":1889,"stimulus":79,"slider_start":100,"sprites":"jellyBeans","response":101,"absDeviation":51,"callibration":"test","block":4,"seed":79,"numerosity":50,"matchType":"unpaired","which":"first","trial_type":"numerosity-estimation","trial_index":93,"time_elapsed":1385437,"subject_id":"78823"},{"rt":2115,"stimulus":80,"slider_start":100,"sprites":"marbles","response":100,"absDeviation":21,"callibration":"test","block":4,"seed":80,"numerosity":121,"matchType":"unpaired","which":"first","trial_type":"numerosity-estimation","trial_index":94,"time_elapsed":1387559,"subject_id":"78823"},{"rt":1047,"stimulus":"<p> For the last block of trials, the average deviation of your guesses from correct answers was 25.</p>\n     <p>The smaller the deviation the better.  Your deviation was <b> good</b>.</p><br>\n       <p>Press any key to continue to the next block of trials</p>","response":" ","trial_type":"html-keyboard-response","trial_index":95,"time_elapsed":1388608,"subject_id":"78823"},{"rt":2581,"stimulus":81,"slider_start":100,"sprites":"mints","response":100,"absDeviation":21,"callibration":"test","block":5,"seed":81,"numerosity":121,"matchType":"paired","which":"first","trial_type":"numerosity-estimation","trial_index":96,"time_elapsed":1391197,"subject_id":"78823"},{"rt":1805,"stimulus":81,"slider_start":100,"sprites":"mints","response":100,"absDeviation":21,"callibration":"test","block":5,"seed":81,"numerosity":121,"matchType":"paired","which":"second","trial_type":"numerosity-estimation","trial_index":97,"time_elapsed":1393012,"subject_id":"78823"},{"rt":2081,"stimulus":83,"slider_start":100,"sprites":"buttons","response":101,"absDeviation":20,"callibration":"test","block":5,"seed":83,"numerosity":121,"matchType":"unpaired","which":"first","trial_type":"numerosity-estimation","trial_index":98,"time_elapsed":1395100,"subject_id":"78823"},{"rt":1903,"stimulus":84,"slider_start":100,"sprites":"animalCrackers","response":101,"absDeviation":51,"callibration":"test","block":5,"seed":84,"numerosity":50,"matchType":"unpaired","which":"first","trial_type":"numerosity-estimation","trial_index":99,"time_elapsed":1397012,"subject_id":"78823"},{"rt":2121,"stimulus":85,"slider_start":100,"sprites":"letters","response":101,"absDeviation":37,"callibration":"test","block":5,"seed":85,"numerosity":64,"matchType":"paired","which":"first","trial_type":"numerosity-estimation","trial_index":100,"time_elapsed":1399143,"subject_id":"78823"},{"rt":2589,"stimulus":85,"slider_start":100,"sprites":"letters","response":101,"absDeviation":37,"callibration":"test","block":5,"seed":85,"numerosity":64,"matchType":"paired","which":"second","trial_type":"numerosity-estimation","trial_index":101,"time_elapsed":1401741,"subject_id":"78823"},{"rt":17008,"stimulus":87,"slider_start":100,"sprites":"hearts","response":101,"absDeviation":51,"callibration":"test","block":5,"seed":87,"numerosity":50,"matchType":"unpaired","which":"first","trial_type":"numerosity-estimation","trial_index":102,"time_elapsed":1418754,"subject_id":"78823"},{"rt":1912,"stimulus":88,"slider_start":100,"sprites":"crackers","response":100,"absDeviation":35,"callibration":"test","block":5,"seed":88,"numerosity":135,"matchType":"unpaired","which":"first","trial_type":"numerosity-estimation","trial_index":103,"time_elapsed":1420675,"subject_id":"78823"},{"rt":1724,"stimulus":89,"slider_start":100,"sprites":"bears","response":100,"absDeviation":50,"callibration":"test","block":5,"seed":89,"numerosity":50,"matchType":"paired","which":"first","trial_type":"numerosity-estimation","trial_index":104,"time_elapsed":1422409,"subject_id":"78823"},{"rt":2109,"stimulus":89,"slider_start":100,"sprites":"bears","response":99,"absDeviation":49,"callibration":"test","block":5,"seed":89,"numerosity":50,"matchType":"paired","which":"second","trial_type":"numerosity-estimation","trial_index":105,"time_elapsed":1424522,"subject_id":"78823"},{"rt":2077,"stimulus":91,"slider_start":100,"sprites":"jellyBeans","response":100,"absDeviation":8,"callibration":"test","block":5,"seed":91,"numerosity":92,"matchType":"unpaired","which":"first","trial_type":"numerosity-estimation","trial_index":106,"time_elapsed":1426603,"subject_id":"78823"},{"rt":1870,"stimulus":92,"slider_start":100,"sprites":"marbles","response":100,"absDeviation":21,"callibration":"test","block":5,"seed":92,"numerosity":121,"matchType":"unpaired","which":"first","trial_type":"numerosity-estimation","trial_index":107,"time_elapsed":1428481,"subject_id":"78823"},{"rt":1953,"stimulus":93,"slider_start":100,"sprites":"mints","response":100,"absDeviation":22,"callibration":"test","block":5,"seed":93,"numerosity":78,"matchType":"paired","which":"first","trial_type":"numerosity-estimation","trial_index":108,"time_elapsed":1430441,"subject_id":"78823"},{"rt":1973,"stimulus":93,"slider_start":100,"sprites":"mints","response":100,"absDeviation":22,"callibration":"test","block":5,"seed":93,"numerosity":78,"matchType":"paired","which":"second","trial_type":"numerosity-estimation","trial_index":109,"time_elapsed":1432419,"subject_id":"78823"},{"rt":1806,"stimulus":95,"slider_start":100,"sprites":"buttons","response":100,"absDeviation":36,"callibration":"test","block":5,"seed":95,"numerosity":64,"matchType":"unpaired","which":"first","trial_type":"numerosity-estimation","trial_index":110,"time_elapsed":1434235,"subject_id":"78823"},{"rt":1926,"stimulus":96,"slider_start":100,"sprites":"animalCrackers","response":100,"absDeviation":8,"callibration":"test","block":5,"seed":96,"numerosity":92,"matchType":"unpaired","which":"first","trial_type":"numerosity-estimation","trial_index":111,"time_elapsed":1436169,"subject_id":"78823"},{"rt":821,"stimulus":"<p> For the last block of trials, the average deviation of your guesses from correct answers was 31.</p>\n     <p>The smaller the deviation the better.  Your deviation was <b> good</b>.</p><br>\n       <p>Press any key to continue to the next block of trials</p>","response":" ","trial_type":"html-keyboard-response","trial_index":112,"time_elapsed":1436994,"subject_id":"78823"},{"rt":13973,"stimulus":2,"slider_start":100,"sprites":"butterflies","response":100,"absDeviation":35,"callibration":"test","block":6,"seed":2,"numerosity":135,"matchType":"paired","which":"first","trial_type":"numerosity-estimation","trial_index":113,"time_elapsed":1450973,"subject_id":"78823"},{"rt":2205,"stimulus":2,"slider_start":100,"sprites":"butterflies","response":101,"absDeviation":34,"callibration":"test","block":6,"seed":2,"numerosity":135,"matchType":"paired","which":"second","trial_type":"numerosity-estimation","trial_index":114,"time_elapsed":1453183,"subject_id":"78823"},{"rt":10842,"stimulus":3,"slider_start":100,"sprites":"hearts","response":100,"absDeviation":50,"callibration":"test","block":6,"seed":3,"numerosity":50,"matchType":"unpaired","which":"second","trial_type":"numerosity-estimation","trial_index":115,"time_elapsed":1464032,"subject_id":"78823"},{"rt":1830,"stimulus":4,"slider_start":100,"sprites":"crackers","response":100,"absDeviation":7,"callibration":"test","block":6,"seed":4,"numerosity":107,"matchType":"unpaired","which":"second","trial_type":"numerosity-estimation","trial_index":116,"time_elapsed":1465872,"subject_id":"78823"},{"rt":2080,"stimulus":6,"slider_start":100,"sprites":"fruits","response":101,"absDeviation":23,"callibration":"test","block":6,"seed":6,"numerosity":78,"matchType":"paired","which":"first","trial_type":"numerosity-estimation","trial_index":117,"time_elapsed":1467960,"subject_id":"78823"},{"rt":1920,"stimulus":6,"slider_start":100,"sprites":"fruits","response":100,"absDeviation":22,"callibration":"test","block":6,"seed":6,"numerosity":78,"matchType":"paired","which":"second","trial_type":"numerosity-estimation","trial_index":118,"time_elapsed":1469888,"subject_id":"78823"},{"rt":1893,"stimulus":7,"slider_start":100,"sprites":"jellyBeans","response":100,"absDeviation":50,"callibration":"test","block":6,"seed":7,"numerosity":50,"matchType":"unpaired","which":"second","trial_type":"numerosity-estimation","trial_index":119,"time_elapsed":1471791,"subject_id":"78823"},{"rt":2281,"stimulus":8,"slider_start":100,"sprites":"marbles","response":100,"absDeviation":8,"callibration":"test","block":6,"seed":8,"numerosity":92,"matchType":"unpaired","which":"second","trial_type":"numerosity-estimation","trial_index":120,"time_elapsed":1474080,"subject_id":"78823"},{"rt":2066,"stimulus":10,"slider_start":100,"sprites":"rocks","response":100,"absDeviation":50,"callibration":"test","block":6,"seed":10,"numerosity":50,"matchType":"paired","which":"first","trial_type":"numerosity-estimation","trial_index":121,"time_elapsed":1476152,"subject_id":"78823"},{"rt":2194,"stimulus":10,"slider_start":100,"sprites":"rocks","response":100,"absDeviation":50,"callibration":"test","block":6,"seed":10,"numerosity":50,"matchType":"paired","which":"second","trial_type":"numerosity-estimation","trial_index":122,"time_elapsed":1478353,"subject_id":"78823"},{"rt":1733,"stimulus":11,"slider_start":100,"sprites":"buttons","response":100,"absDeviation":7,"callibration":"test","block":6,"seed":11,"numerosity":107,"matchType":"unpaired","which":"second","trial_type":"numerosity-estimation","trial_index":123,"time_elapsed":1480096,"subject_id":"78823"},{"rt":1760,"stimulus":12,"slider_start":100,"sprites":"animalCrackers","response":100,"absDeviation":8,"callibration":"test","block":6,"seed":12,"numerosity":92,"matchType":"unpaired","which":"second","trial_type":"numerosity-estimation","trial_index":124,"time_elapsed":1481864,"subject_id":"78823"},{"rt":2625,"stimulus":14,"slider_start":100,"sprites":"butterflies","response":100,"absDeviation":50,"callibration":"test","block":6,"seed":14,"numerosity":150,"matchType":"paired","which":"first","trial_type":"numerosity-estimation","trial_index":125,"time_elapsed":1484497,"subject_id":"78823"},{"rt":2002,"stimulus":14,"slider_start":100,"sprites":"butterflies","response":101,"absDeviation":49,"callibration":"test","block":6,"seed":14,"numerosity":150,"matchType":"paired","which":"second","trial_type":"numerosity-estimation","trial_index":126,"time_elapsed":1486505,"subject_id":"78823"},{"rt":9948,"stimulus":15,"slider_start":100,"sprites":"hearts","response":99,"absDeviation":22,"callibration":"test","block":6,"seed":15,"numerosity":121,"matchType":"unpaired","which":"second","trial_type":"numerosity-estimation","trial_index":127,"time_elapsed":1496460,"subject_id":"78823"},{"rt":2636,"stimulus":16,"slider_start":100,"sprites":"crackers","response":100,"absDeviation":36,"callibration":"test","block":6,"seed":16,"numerosity":64,"matchType":"unpaired","which":"second","trial_type":"numerosity-estimation","trial_index":128,"time_elapsed":1499102,"subject_id":"78823"},{"rt":875,"stimulus":"<p> For the last block of trials, the average deviation of your guesses from correct answers was 31.</p>\n     <p>The smaller the deviation the better.  Your deviation was <b> good</b>.</p><br>\n       <p>Press any key to continue to the next block of trials</p>","response":" ","trial_type":"html-keyboard-response","trial_index":129,"time_elapsed":1499981,"subject_id":"78823"},{"rt":50741,"stimulus":18,"slider_start":100,"sprites":"fruits","response":100,"absDeviation":7,"callibration":"test","block":7,"seed":18,"numerosity":107,"matchType":"paired","which":"first","trial_type":"numerosity-estimation","trial_index":130,"time_elapsed":1550728,"subject_id":"78823"},{"rt":2773,"stimulus":18,"slider_start":100,"sprites":"fruits","response":100,"absDeviation":7,"callibration":"test","block":7,"seed":18,"numerosity":107,"matchType":"paired","which":"second","trial_type":"numerosity-estimation","trial_index":131,"time_elapsed":1553508,"subject_id":"78823"},{"rt":2188,"stimulus":19,"slider_start":100,"sprites":"jellyBeans","response":100,"absDeviation":35,"callibration":"test","block":7,"seed":19,"numerosity":135,"matchType":"unpaired","which":"second","trial_type":"numerosity-estimation","trial_index":132,"time_elapsed":1555707,"subject_id":"78823"},{"rt":12323,"stimulus":20,"slider_start":100,"sprites":"marbles","response":99,"absDeviation":21,"callibration":"test","block":7,"seed":20,"numerosity":78,"matchType":"unpaired","which":"second","trial_type":"numerosity-estimation","trial_index":133,"time_elapsed":1568037,"subject_id":"78823"},{"rt":3503,"stimulus":22,"slider_start":100,"sprites":"rocks","response":100,"absDeviation":8,"callibration":"test","block":7,"seed":22,"numerosity":92,"matchType":"paired","which":"first","trial_type":"numerosity-estimation","trial_index":134,"time_elapsed":1571549,"subject_id":"78823"},{"rt":2549,"stimulus":22,"slider_start":100,"sprites":"rocks","response":102,"absDeviation":10,"callibration":"test","block":7,"seed":22,"numerosity":92,"matchType":"paired","which":"second","trial_type":"numerosity-estimation","trial_index":135,"time_elapsed":1574111,"subject_id":"78823"},{"rt":2056,"stimulus":23,"slider_start":100,"sprites":"buttons","response":99,"absDeviation":51,"callibration":"test","block":7,"seed":23,"numerosity":150,"matchType":"unpaired","which":"second","trial_type":"numerosity-estimation","trial_index":136,"time_elapsed":1576176,"subject_id":"78823"},{"rt":2587,"stimulus":24,"slider_start":100,"sprites":"animalCrackers","response":100,"absDeviation":7,"callibration":"test","block":7,"seed":24,"numerosity":107,"matchType":"unpaired","which":"second","trial_type":"numerosity-estimation","trial_index":137,"time_elapsed":1578771,"subject_id":"78823"},{"rt":1951,"stimulus":26,"slider_start":100,"sprites":"butterflies","response":99,"absDeviation":7,"callibration":"test","block":7,"seed":26,"numerosity":92,"matchType":"paired","which":"first","trial_type":"numerosity-estimation","trial_index":138,"time_elapsed":1580732,"subject_id":"78823"},{"rt":2289,"stimulus":26,"slider_start":100,"sprites":"butterflies","response":99,"absDeviation":7,"callibration":"test","block":7,"seed":26,"numerosity":92,"matchType":"paired","which":"second","trial_type":"numerosity-estimation","trial_index":139,"time_elapsed":1583029,"subject_id":"78823"},{"rt":4718,"stimulus":27,"slider_start":100,"sprites":"hearts","response":99,"absDeviation":22,"callibration":"test","block":7,"seed":27,"numerosity":121,"matchType":"unpaired","which":"second","trial_type":"numerosity-estimation","trial_index":140,"time_elapsed":1587754,"subject_id":"78823"},{"rt":3741,"stimulus":28,"slider_start":100,"sprites":"crackers","response":100,"absDeviation":50,"callibration":"test","block":7,"seed":28,"numerosity":150,"matchType":"unpaired","which":"second","trial_type":"numerosity-estimation","trial_index":141,"time_elapsed":1591506,"subject_id":"78823"},{"rt":2673,"stimulus":30,"slider_start":100,"sprites":"fruits","response":101,"absDeviation":6,"callibration":"test","block":7,"seed":30,"numerosity":107,"matchType":"paired","which":"first","trial_type":"numerosity-estimation","trial_index":142,"time_elapsed":1594191,"subject_id":"78823"},{"rt":6736,"stimulus":30,"slider_start":100,"sprites":"fruits","response":99,"absDeviation":8,"callibration":"test","block":7,"seed":30,"numerosity":107,"matchType":"paired","which":"second","trial_type":"numerosity-estimation","trial_index":143,"time_elapsed":1600935,"subject_id":"78823"},{"rt":2111,"stimulus":31,"slider_start":100,"sprites":"jellyBeans","response":99,"absDeviation":51,"callibration":"test","block":7,"seed":31,"numerosity":150,"matchType":"unpaired","which":"second","trial_type":"numerosity-estimation","trial_index":144,"time_elapsed":1603054,"subject_id":"78823"},{"rt":2503,"stimulus":32,"slider_start":100,"sprites":"marbles","response":100,"absDeviation":35,"callibration":"test","block":7,"seed":32,"numerosity":135,"matchType":"unpaired","which":"second","trial_type":"numerosity-estimation","trial_index":145,"time_elapsed":1605562,"subject_id":"78823"},{"rt":849,"stimulus":"<p> For the last block of trials, the average deviation of your guesses from correct answers was 21.</p>\n     <p>The smaller the deviation the better.  Your deviation was <b> VERY good</b>.</p><br>\n       <p>Press any key to continue to the next block of trials</p>","response":" ","trial_type":"html-keyboard-response","trial_index":146,"time_elapsed":1606413,"subject_id":"78823"},{"rt":3069,"stimulus":34,"slider_start":100,"sprites":"rocks","response":101,"absDeviation":51,"callibration":"test","block":8,"seed":34,"numerosity":50,"matchType":"paired","which":"first","trial_type":"numerosity-estimation","trial_index":147,"time_elapsed":1609489,"subject_id":"78823"},{"rt":4669,"stimulus":34,"slider_start":100,"sprites":"rocks","response":100,"absDeviation":50,"callibration":"test","block":8,"seed":34,"numerosity":50,"matchType":"paired","which":"second","trial_type":"numerosity-estimation","trial_index":148,"time_elapsed":1614163,"subject_id":"78823"},{"rt":2879,"stimulus":35,"slider_start":100,"sprites":"buttons","response":100,"absDeviation":22,"callibration":"test","block":8,"seed":35,"numerosity":78,"matchType":"unpaired","which":"second","trial_type":"numerosity-estimation","trial_index":149,"time_elapsed":1617048,"subject_id":"78823"},{"rt":1969,"stimulus":36,"slider_start":100,"sprites":"animalCrackers","response":100,"absDeviation":50,"callibration":"test","block":8,"seed":36,"numerosity":50,"matchType":"unpaired","which":"second","trial_type":"numerosity-estimation","trial_index":150,"time_elapsed":1619027,"subject_id":"78823"},{"rt":2763,"stimulus":38,"slider_start":100,"sprites":"butterflies","response":100,"absDeviation":22,"callibration":"test","block":8,"seed":38,"numerosity":78,"matchType":"paired","which":"first","trial_type":"numerosity-estimation","trial_index":151,"time_elapsed":1621795,"subject_id":"78823"},{"rt":3112,"stimulus":38,"slider_start":100,"sprites":"butterflies","response":100,"absDeviation":22,"callibration":"test","block":8,"seed":38,"numerosity":78,"matchType":"paired","which":"second","trial_type":"numerosity-estimation","trial_index":152,"time_elapsed":1624913,"subject_id":"78823"},{"rt":2648,"stimulus":39,"slider_start":100,"sprites":"hearts","response":100,"absDeviation":22,"callibration":"test","block":8,"seed":39,"numerosity":78,"matchType":"unpaired","which":"second","trial_type":"numerosity-estimation","trial_index":153,"time_elapsed":1627571,"subject_id":"78823"},{"rt":1620,"stimulus":40,"slider_start":100,"sprites":"crackers","response":99,"absDeviation":22,"callibration":"test","block":8,"seed":40,"numerosity":121,"matchType":"unpaired","which":"second","trial_type":"numerosity-estimation","trial_index":154,"time_elapsed":1629200,"subject_id":"78823"},{"rt":1627,"stimulus":42,"slider_start":100,"sprites":"fruits","response":100,"absDeviation":22,"callibration":"test","block":8,"seed":42,"numerosity":78,"matchType":"paired","which":"first","trial_type":"numerosity-estimation","trial_index":155,"time_elapsed":1630833,"subject_id":"78823"},{"rt":1568,"stimulus":42,"slider_start":100,"sprites":"fruits","response":99,"absDeviation":21,"callibration":"test","block":8,"seed":42,"numerosity":78,"matchType":"paired","which":"second","trial_type":"numerosity-estimation","trial_index":156,"time_elapsed":1632408,"subject_id":"78823"},{"rt":1624,"stimulus":43,"slider_start":100,"sprites":"jellyBeans","response":100,"absDeviation":36,"callibration":"test","block":8,"seed":43,"numerosity":64,"matchType":"unpaired","which":"second","trial_type":"numerosity-estimation","trial_index":157,"time_elapsed":1634038,"subject_id":"78823"},{"rt":1624,"stimulus":44,"slider_start":100,"sprites":"marbles","response":100,"absDeviation":21,"callibration":"test","block":8,"seed":44,"numerosity":121,"matchType":"unpaired","which":"second","trial_type":"numerosity-estimation","trial_index":158,"time_elapsed":1635669,"subject_id":"78823"},{"rt":1617,"stimulus":46,"slider_start":100,"sprites":"rocks","response":100,"absDeviation":7,"callibration":"test","block":8,"seed":46,"numerosity":107,"matchType":"paired","which":"first","trial_type":"numerosity-estimation","trial_index":159,"time_elapsed":1637292,"subject_id":"78823"},{"rt":1798,"stimulus":46,"slider_start":100,"sprites":"rocks","response":100,"absDeviation":7,"callibration":"test","block":8,"seed":46,"numerosity":107,"matchType":"paired","which":"second","trial_type":"numerosity-estimation","trial_index":160,"time_elapsed":1639099,"subject_id":"78823"},{"rt":2269,"stimulus":47,"slider_start":100,"sprites":"buttons","response":100,"absDeviation":21,"callibration":"test","block":8,"seed":47,"numerosity":121,"matchType":"unpaired","which":"second","trial_type":"numerosity-estimation","trial_index":161,"time_elapsed":1641372,"subject_id":"78823"},{"rt":2130,"stimulus":48,"slider_start":100,"sprites":"animalCrackers","response":100,"absDeviation":35,"callibration":"test","block":8,"seed":48,"numerosity":135,"matchType":"unpaired","which":"second","trial_type":"numerosity-estimation","trial_index":162,"time_elapsed":1643509,"subject_id":"78823"},{"rt":889,"stimulus":"<p> For the last block of trials, the average deviation of your guesses from correct answers was 27.</p>\n     <p>The smaller the deviation the better.  Your deviation was <b> good</b>.</p><br>\n       <p>Press any key to continue to the next block of trials</p>","response":" ","trial_type":"html-keyboard-response","trial_index":163,"time_elapsed":1644402,"subject_id":"78823"},{"rt":2586,"stimulus":50,"slider_start":100,"sprites":"butterflies","response":100,"absDeviation":50,"callibration":"test","block":9,"seed":50,"numerosity":150,"matchType":"paired","which":"first","trial_type":"numerosity-estimation","trial_index":164,"time_elapsed":1646995,"subject_id":"78823"},{"rt":3286,"stimulus":50,"slider_start":100,"sprites":"butterflies","response":100,"absDeviation":50,"callibration":"test","block":9,"seed":50,"numerosity":150,"matchType":"paired","which":"second","trial_type":"numerosity-estimation","trial_index":165,"time_elapsed":1650288,"subject_id":"78823"},{"rt":40693,"stimulus":51,"slider_start":100,"sprites":"hearts","response":100,"absDeviation":50,"callibration":"test","block":9,"seed":51,"numerosity":150,"matchType":"unpaired","which":"second","trial_type":"numerosity-estimation","trial_index":166,"time_elapsed":1690991,"subject_id":"78823"},{"rt":2009,"stimulus":52,"slider_start":100,"sprites":"crackers","response":99,"absDeviation":21,"callibration":"test","block":9,"seed":52,"numerosity":78,"matchType":"unpaired","which":"second","trial_type":"numerosity-estimation","trial_index":167,"time_elapsed":1693009,"subject_id":"78823"},{"rt":2364,"stimulus":54,"slider_start":100,"sprites":"fruits","response":100,"absDeviation":8,"callibration":"test","block":9,"seed":54,"numerosity":92,"matchType":"paired","which":"first","trial_type":"numerosity-estimation","trial_index":168,"time_elapsed":1695378,"subject_id":"78823"},{"rt":1738,"stimulus":54,"slider_start":100,"sprites":"fruits","response":100,"absDeviation":8,"callibration":"test","block":9,"seed":54,"numerosity":92,"matchType":"paired","which":"second","trial_type":"numerosity-estimation","trial_index":169,"time_elapsed":1697121,"subject_id":"78823"},{"rt":2017,"stimulus":55,"slider_start":100,"sprites":"jellyBeans","response":100,"absDeviation":21,"callibration":"test","block":9,"seed":55,"numerosity":121,"matchType":"unpaired","which":"second","trial_type":"numerosity-estimation","trial_index":170,"time_elapsed":1699146,"subject_id":"78823"},{"rt":2247,"stimulus":56,"slider_start":100,"sprites":"marbles","response":100,"absDeviation":36,"callibration":"test","block":9,"seed":56,"numerosity":64,"matchType":"unpaired","which":"second","trial_type":"numerosity-estimation","trial_index":171,"time_elapsed":1701404,"subject_id":"78823"},{"rt":1667,"stimulus":58,"slider_start":100,"sprites":"rocks","response":100,"absDeviation":21,"callibration":"test","block":9,"seed":58,"numerosity":121,"matchType":"paired","which":"first","trial_type":"numerosity-estimation","trial_index":172,"time_elapsed":1703076,"subject_id":"78823"},{"rt":1746,"stimulus":58,"slider_start":100,"sprites":"rocks","response":100,"absDeviation":21,"callibration":"test","block":9,"seed":58,"numerosity":121,"matchType":"paired","which":"second","trial_type":"numerosity-estimation","trial_index":173,"time_elapsed":1704827,"subject_id":"78823"},{"rt":1597,"stimulus":59,"slider_start":100,"sprites":"buttons","response":100,"absDeviation":35,"callibration":"test","block":9,"seed":59,"numerosity":135,"matchType":"unpaired","which":"second","trial_type":"numerosity-estimation","trial_index":174,"time_elapsed":1706433,"subject_id":"78823"},{"rt":1684,"stimulus":60,"slider_start":100,"sprites":"animalCrackers","response":100,"absDeviation":50,"callibration":"test","block":9,"seed":60,"numerosity":150,"matchType":"unpaired","which":"second","trial_type":"numerosity-estimation","trial_index":175,"time_elapsed":1708121,"subject_id":"78823"},{"rt":1768,"stimulus":62,"slider_start":100,"sprites":"butterflies","response":100,"absDeviation":35,"callibration":"test","block":9,"seed":62,"numerosity":135,"matchType":"paired","which":"first","trial_type":"numerosity-estimation","trial_index":176,"time_elapsed":1709898,"subject_id":"78823"},{"rt":1911,"stimulus":62,"slider_start":100,"sprites":"butterflies","response":100,"absDeviation":35,"callibration":"test","block":9,"seed":62,"numerosity":135,"matchType":"paired","which":"second","trial_type":"numerosity-estimation","trial_index":177,"time_elapsed":1711816,"subject_id":"78823"},{"rt":1662,"stimulus":63,"slider_start":100,"sprites":"hearts","response":99,"absDeviation":35,"callibration":"test","block":9,"seed":63,"numerosity":64,"matchType":"unpaired","which":"second","trial_type":"numerosity-estimation","trial_index":178,"time_elapsed":1713488,"subject_id":"78823"},{"rt":1656,"stimulus":64,"slider_start":100,"sprites":"crackers","response":100,"absDeviation":35,"callibration":"test","block":9,"seed":64,"numerosity":135,"matchType":"unpaired","which":"second","trial_type":"numerosity-estimation","trial_index":179,"time_elapsed":1715150,"subject_id":"78823"},{"rt":763,"stimulus":"<p> For the last block of trials, the average deviation of your guesses from correct answers was 32.</p>\n     <p>The smaller the deviation the better.  Your deviation was <b> good</b>.</p><br>\n       <p>Press any key to continue to the next block of trials</p>","response":" ","trial_type":"html-keyboard-response","trial_index":180,"time_elapsed":1715916,"subject_id":"78823"},{"rt":2257,"stimulus":66,"slider_start":100,"sprites":"fruits","response":100,"absDeviation":36,"callibration":"test","block":10,"seed":66,"numerosity":64,"matchType":"paired","which":"first","trial_type":"numerosity-estimation","trial_index":181,"time_elapsed":1718180,"subject_id":"78823"},{"rt":1813,"stimulus":66,"slider_start":100,"sprites":"fruits","response":100,"absDeviation":36,"callibration":"test","block":10,"seed":66,"numerosity":64,"matchType":"paired","which":"second","trial_type":"numerosity-estimation","trial_index":182,"time_elapsed":1720006,"subject_id":"78823"},{"rt":1758,"stimulus":67,"slider_start":100,"sprites":"jellyBeans","response":100,"absDeviation":7,"callibration":"test","block":10,"seed":67,"numerosity":107,"matchType":"unpaired","which":"second","trial_type":"numerosity-estimation","trial_index":183,"time_elapsed":1721771,"subject_id":"78823"},{"rt":1826,"stimulus":68,"slider_start":100,"sprites":"marbles","response":100,"absDeviation":50,"callibration":"test","block":10,"seed":68,"numerosity":150,"matchType":"unpaired","which":"second","trial_type":"numerosity-estimation","trial_index":184,"time_elapsed":1723601,"subject_id":"78823"},{"rt":2074,"stimulus":70,"slider_start":100,"sprites":"rocks","response":100,"absDeviation":8,"callibration":"test","block":10,"seed":70,"numerosity":92,"matchType":"paired","which":"first","trial_type":"numerosity-estimation","trial_index":185,"time_elapsed":1725682,"subject_id":"78823"},{"rt":2274,"stimulus":70,"slider_start":100,"sprites":"rocks","response":100,"absDeviation":8,"callibration":"test","block":10,"seed":70,"numerosity":92,"matchType":"paired","which":"second","trial_type":"numerosity-estimation","trial_index":186,"time_elapsed":1727965,"subject_id":"78823"},{"rt":1613,"stimulus":71,"slider_start":100,"sprites":"buttons","response":100,"absDeviation":7,"callibration":"test","block":10,"seed":71,"numerosity":107,"matchType":"unpaired","which":"second","trial_type":"numerosity-estimation","trial_index":187,"time_elapsed":1729587,"subject_id":"78823"},{"rt":1617,"stimulus":72,"slider_start":100,"sprites":"animalCrackers","response":100,"absDeviation":50,"callibration":"test","block":10,"seed":72,"numerosity":50,"matchType":"unpaired","which":"second","trial_type":"numerosity-estimation","trial_index":188,"time_elapsed":1731209,"subject_id":"78823"},{"rt":1893,"stimulus":74,"slider_start":100,"sprites":"butterflies","response":100,"absDeviation":36,"callibration":"test","block":10,"seed":74,"numerosity":64,"matchType":"paired","which":"first","trial_type":"numerosity-estimation","trial_index":189,"time_elapsed":1733105,"subject_id":"78823"},{"rt":1694,"stimulus":74,"slider_start":100,"sprites":"butterflies","response":100,"absDeviation":36,"callibration":"test","block":10,"seed":74,"numerosity":64,"matchType":"paired","which":"second","trial_type":"numerosity-estimation","trial_index":190,"time_elapsed":1734809,"subject_id":"78823"},{"rt":1621,"stimulus":75,"slider_start":100,"sprites":"hearts","response":100,"absDeviation":8,"callibration":"test","block":10,"seed":75,"numerosity":92,"matchType":"unpaired","which":"second","trial_type":"numerosity-estimation","trial_index":191,"time_elapsed":1736437,"subject_id":"78823"},{"rt":1974,"stimulus":76,"slider_start":100,"sprites":"crackers","response":100,"absDeviation":36,"callibration":"test","block":10,"seed":76,"numerosity":64,"matchType":"unpaired","which":"second","trial_type":"numerosity-estimation","trial_index":192,"time_elapsed":1738415,"subject_id":"78823"},{"rt":2010,"stimulus":78,"slider_start":100,"sprites":"fruits","response":101,"absDeviation":37,"callibration":"test","block":10,"seed":78,"numerosity":64,"matchType":"paired","which":"first","trial_type":"numerosity-estimation","trial_index":193,"time_elapsed":1740432,"subject_id":"78823"},{"rt":1703,"stimulus":78,"slider_start":100,"sprites":"fruits","response":100,"absDeviation":36,"callibration":"test","block":10,"seed":78,"numerosity":64,"matchType":"paired","which":"second","trial_type":"numerosity-estimation","trial_index":194,"time_elapsed":1742144,"subject_id":"78823"},{"rt":2340,"stimulus":79,"slider_start":100,"sprites":"jellyBeans","response":100,"absDeviation":50,"callibration":"test","block":10,"seed":79,"numerosity":50,"matchType":"unpaired","which":"second","trial_type":"numerosity-estimation","trial_index":195,"time_elapsed":1744489,"subject_id":"78823"},{"rt":1755,"stimulus":80,"slider_start":100,"sprites":"marbles","response":100,"absDeviation":21,"callibration":"test","block":10,"seed":80,"numerosity":121,"matchType":"unpaired","which":"second","trial_type":"numerosity-estimation","trial_index":196,"time_elapsed":1746256,"subject_id":"78823"},{"rt":919,"stimulus":"<p> For the last block of trials, the average deviation of your guesses from correct answers was 29.</p>\n     <p>The smaller the deviation the better.  Your deviation was <b> good</b>.</p><br>\n       <p>Press any key to continue to the next block of trials</p>","response":" ","trial_type":"html-keyboard-response","trial_index":197,"time_elapsed":1747179,"subject_id":"78823"},{"rt":2517,"stimulus":82,"slider_start":100,"sprites":"rocks","response":100,"absDeviation":36,"callibration":"test","block":11,"seed":82,"numerosity":64,"matchType":"paired","which":"first","trial_type":"numerosity-estimation","trial_index":198,"time_elapsed":1749703,"subject_id":"78823"},{"rt":2052,"stimulus":82,"slider_start":100,"sprites":"rocks","response":100,"absDeviation":36,"callibration":"test","block":11,"seed":82,"numerosity":64,"matchType":"paired","which":"second","trial_type":"numerosity-estimation","trial_index":199,"time_elapsed":1751759,"subject_id":"78823"},{"rt":1772,"stimulus":83,"slider_start":100,"sprites":"buttons","response":100,"absDeviation":21,"callibration":"test","block":11,"seed":83,"numerosity":121,"matchType":"unpaired","which":"second","trial_type":"numerosity-estimation","trial_index":200,"time_elapsed":1753535,"subject_id":"78823"},{"rt":1568,"stimulus":84,"slider_start":100,"sprites":"animalCrackers","response":100,"absDeviation":50,"callibration":"test","block":11,"seed":84,"numerosity":50,"matchType":"unpaired","which":"second","trial_type":"numerosity-estimation","trial_index":201,"time_elapsed":1755109,"subject_id":"78823"},{"rt":1633,"stimulus":86,"slider_start":100,"sprites":"butterflies","response":100,"absDeviation":21,"callibration":"test","block":11,"seed":86,"numerosity":121,"matchType":"paired","which":"first","trial_type":"numerosity-estimation","trial_index":202,"time_elapsed":1756749,"subject_id":"78823"},{"rt":1768,"stimulus":86,"slider_start":100,"sprites":"butterflies","response":100,"absDeviation":21,"callibration":"test","block":11,"seed":86,"numerosity":121,"matchType":"paired","which":"second","trial_type":"numerosity-estimation","trial_index":203,"time_elapsed":1758524,"subject_id":"78823"},{"rt":2067,"stimulus":87,"slider_start":100,"sprites":"hearts","response":100,"absDeviation":50,"callibration":"test","block":11,"seed":87,"numerosity":50,"matchType":"unpaired","which":"second","trial_type":"numerosity-estimation","trial_index":204,"time_elapsed":1760596,"subject_id":"78823"},{"rt":2260,"stimulus":88,"slider_start":100,"sprites":"crackers","response":101,"absDeviation":34,"callibration":"test","block":11,"seed":88,"numerosity":135,"matchType":"unpaired","which":"second","trial_type":"numerosity-estimation","trial_index":205,"time_elapsed":1762861,"subject_id":"78823"},{"rt":1733,"stimulus":90,"slider_start":100,"sprites":"fruits","response":100,"absDeviation":50,"callibration":"test","block":11,"seed":90,"numerosity":150,"matchType":"paired","which":"first","trial_type":"numerosity-estimation","trial_index":206,"time_elapsed":1764604,"subject_id":"78823"},{"rt":2532,"stimulus":90,"slider_start":100,"sprites":"fruits","response":101,"absDeviation":49,"callibration":"test","block":11,"seed":90,"numerosity":150,"matchType":"paired","which":"second","trial_type":"numerosity-estimation","trial_index":207,"time_elapsed":1767143,"subject_id":"78823"},{"rt":1724,"stimulus":91,"slider_start":100,"sprites":"jellyBeans","response":100,"absDeviation":8,"callibration":"test","block":11,"seed":91,"numerosity":92,"matchType":"unpaired","which":"second","trial_type":"numerosity-estimation","trial_index":208,"time_elapsed":1768871,"subject_id":"78823"},{"rt":2189,"stimulus":92,"slider_start":100,"sprites":"marbles","response":101,"absDeviation":20,"callibration":"test","block":11,"seed":92,"numerosity":121,"matchType":"unpaired","which":"second","trial_type":"numerosity-estimation","trial_index":209,"time_elapsed":1771064,"subject_id":"78823"},{"rt":2714,"stimulus":94,"slider_start":100,"sprites":"rocks","response":101,"absDeviation":23,"callibration":"test","block":11,"seed":94,"numerosity":78,"matchType":"paired","which":"first","trial_type":"numerosity-estimation","trial_index":210,"time_elapsed":1773788,"subject_id":"78823"},{"rt":2671,"stimulus":94,"slider_start":100,"sprites":"rocks","response":100,"absDeviation":22,"callibration":"test","block":11,"seed":94,"numerosity":78,"matchType":"paired","which":"second","trial_type":"numerosity-estimation","trial_index":211,"time_elapsed":1776471,"subject_id":"78823"},{"rt":3101,"stimulus":95,"slider_start":100,"sprites":"buttons","response":100,"absDeviation":36,"callibration":"test","block":11,"seed":95,"numerosity":64,"matchType":"unpaired","which":"second","trial_type":"numerosity-estimation","trial_index":212,"time_elapsed":1779579,"subject_id":"78823"},{"rt":1977,"stimulus":96,"slider_start":100,"sprites":"animalCrackers","response":100,"absDeviation":8,"callibration":"test","block":11,"seed":96,"numerosity":92,"matchType":"unpaired","which":"second","trial_type":"numerosity-estimation","trial_index":213,"time_elapsed":1781566,"subject_id":"78823"},{"rt":698,"stimulus":"<p> For the last block of trials, the average deviation of your guesses from correct answers was 30.</p>\n     <p>The smaller the deviation the better.  Your deviation was <b> good</b>.</p><br>\n       <p>Press any key to continue to the next block of trials</p>","response":" ","trial_type":"html-keyboard-response","trial_index":214,"time_elapsed":1782269,"subject_id":"78823"},{"rt":3420,"response":{"averageEstimates":"When the two displays were separated in time.","firstOrSecond":"The first time the objects were shown"},"question_order":[0,1],"trial_type":"survey-multi-choice","trial_index":215,"time_elapsed":1785692,"subject_id":"78823"}]