[{"rt":9339,"url":"consent.html","trial_type":"external-html","trial_index":0,"time_elapsed":9358,"subject_id":"77061"},{"view_history":[{"page_index":0,"viewing_time":4064}],"rt":4064,"trial_type":"instructions","trial_index":1,"time_elapsed":13423,"subject_id":"77061"},{"rt":7014,"stimulus":0,"slider_start":100,"sprites":"animalCrackers","response":100,"absDeviation":50,"callibration":"callibration","block":-1,"seed":0,"numerosity":50,"matchType":"callibration","which":"first","trial_type":"numerosity-estimation","trial_index":2,"time_elapsed":20445,"subject_id":"77061"},{"rt":2232,"stimulus":1,"slider_start":100,"sprites":"letters","response":100,"absDeviation":36,"callibration":"callibration","block":-1,"seed":1,"numerosity":64,"matchType":"callibration","which":"first","trial_type":"numerosity-estimation","trial_index":3,"time_elapsed":22680,"subject_id":"77061"},{"rt":6124,"stimulus":2,"slider_start":100,"sprites":"butterflies","response":86,"absDeviation":8,"callibration":"callibration","block":-1,"seed":2,"numerosity":78,"matchType":"callibration","which":"first","trial_type":"numerosity-estimation","trial_index":4,"time_elapsed":28807,"subject_id":"77061"},{"rt":4015,"stimulus":3,"slider_start":100,"sprites":"hearts","response":114,"absDeviation":22,"callibration":"callibration","block":-1,"seed":3,"numerosity":92,"matchType":"callibration","which":"first","trial_type":"numerosity-estimation","trial_index":5,"time_elapsed":32824,"subject_id":"77061"},{"rt":4411,"stimulus":4,"slider_start":100,"sprites":"crackers","response":100,"absDeviation":7,"callibration":"callibration","block":-1,"seed":4,"numerosity":107,"matchType":"callibration","which":"first","trial_type":"numerosity-estimation","trial_index":6,"time_elapsed":37238,"subject_id":"77061"},{"rt":7738,"stimulus":5,"slider_start":100,"sprites":"bears","response":121,"absDeviation":0,"callibration":"callibration","block":-1,"seed":5,"numerosity":121,"matchType":"callibration","which":"first","trial_type":"numerosity-estimation","trial_index":7,"time_elapsed":44978,"subject_id":"77061"},{"rt":13406,"stimulus":6,"slider_start":100,"sprites":"fruits","response":135,"absDeviation":0,"callibration":"callibration","block":-1,"seed":6,"numerosity":135,"matchType":"callibration","which":"first","trial_type":"numerosity-estimation","trial_index":8,"time_elapsed":58387,"subject_id":"77061"},{"rt":10367,"stimulus":7,"slider_start":100,"sprites":"jellyBeans","response":150,"absDeviation":0,"callibration":"callibration","block":-1,"seed":7,"numerosity":150,"matchType":"callibration","which":"first","trial_type":"numerosity-estimation","trial_index":9,"time_elapsed":68758,"subject_id":"77061"},{"view_history":[{"page_index":0,"viewing_time":1351}],"rt":1351,"trial_type":"instructions","trial_index":10,"time_elapsed":70110,"subject_id":"77061"},{"rt":5809,"stimulus":1,"slider_start":100,"sprites":"letters","response":108,"absDeviation":16,"callibration":"test","block":0,"seed":1,"numerosity":92,"matchType":"paired","which":"first","trial_type":"numerosity-estimation","trial_index":11,"time_elapsed":75923,"subject_id":"77061"},{"rt":3002,"stimulus":1,"slider_start":100,"sprites":"letters","response":128,"absDeviation":36,"callibration":"test","block":0,"seed":1,"numerosity":92,"matchType":"paired","which":"second","trial_type":"numerosity-estimation","trial_index":12,"time_elapsed":78928,"subject_id":"77061"},{"rt":4579,"stimulus":3,"slider_start":100,"sprites":"hearts","response":123,"absDeviation":73,"callibration":"test","block":0,"seed":3,"numerosity":50,"matchType":"unpaired","which":"first","trial_type":"numerosity-estimation","trial_index":13,"time_elapsed":83510,"subject_id":"77061"},{"rt":2620,"stimulus":4,"slider_start":100,"sprites":"crackers","response":150,"absDeviation":43,"callibration":"test","block":0,"seed":4,"numerosity":107,"matchType":"unpaired","which":"first","trial_type":"numerosity-estimation","trial_index":14,"time_elapsed":86132,"subject_id":"77061"},{"rt":5708,"stimulus":5,"slider_start":100,"sprites":"bears","response":99,"absDeviation":49,"callibration":"test","block":0,"seed":5,"numerosity":50,"matchType":"paired","which":"first","trial_type":"numerosity-estimation","trial_index":15,"time_elapsed":91842,"subject_id":"77061"},{"rt":4165,"stimulus":5,"slider_start":100,"sprites":"bears","response":87,"absDeviation":37,"callibration":"test","block":0,"seed":5,"numerosity":50,"matchType":"paired","which":"second","trial_type":"numerosity-estimation","trial_index":16,"time_elapsed":96011,"subject_id":"77061"},{"rt":2726,"stimulus":7,"slider_start":100,"sprites":"jellyBeans","response":88,"absDeviation":38,"callibration":"test","block":0,"seed":7,"numerosity":50,"matchType":"unpaired","which":"first","trial_type":"numerosity-estimation","trial_index":17,"time_elapsed":98740,"subject_id":"77061"},{"rt":2410,"stimulus":8,"slider_start":100,"sprites":"marbles","response":108,"absDeviation":16,"callibration":"test","block":0,"seed":8,"numerosity":92,"matchType":"unpaired","which":"first","trial_type":"numerosity-estimation","trial_index":18,"time_elapsed":101152,"subject_id":"77061"},{"rt":2752,"stimulus":9,"slider_start":100,"sprites":"mints","response":127,"absDeviation":8,"callibration":"test","block":0,"seed":9,"numerosity":135,"matchType":"paired","which":"first","trial_type":"numerosity-estimation","trial_index":19,"time_elapsed":103906,"subject_id":"77061"},{"rt":2579,"stimulus":9,"slider_start":100,"sprites":"mints","response":134,"absDeviation":1,"callibration":"test","block":0,"seed":9,"numerosity":135,"matchType":"paired","which":"second","trial_type":"numerosity-estimation","trial_index":20,"time_elapsed":106489,"subject_id":"77061"},{"rt":6475,"stimulus":11,"slider_start":100,"sprites":"buttons","response":123,"absDeviation":16,"callibration":"test","block":0,"seed":11,"numerosity":107,"matchType":"unpaired","which":"first","trial_type":"numerosity-estimation","trial_index":21,"time_elapsed":112967,"subject_id":"77061"},{"rt":20530,"stimulus":12,"slider_start":100,"sprites":"animalCrackers","response":129,"absDeviation":37,"callibration":"test","block":0,"seed":12,"numerosity":92,"matchType":"unpaired","which":"first","trial_type":"numerosity-estimation","trial_index":22,"time_elapsed":133501,"subject_id":"77061"},{"rt":3551,"stimulus":13,"slider_start":100,"sprites":"letters","response":123,"absDeviation":16,"callibration":"test","block":0,"seed":13,"numerosity":107,"matchType":"paired","which":"first","trial_type":"numerosity-estimation","trial_index":23,"time_elapsed":137055,"subject_id":"77061"},{"rt":2271,"stimulus":13,"slider_start":100,"sprites":"letters","response":126,"absDeviation":19,"callibration":"test","block":0,"seed":13,"numerosity":107,"matchType":"paired","which":"second","trial_type":"numerosity-estimation","trial_index":24,"time_elapsed":139329,"subject_id":"77061"},{"rt":2275,"stimulus":15,"slider_start":100,"sprites":"hearts","response":128,"absDeviation":7,"callibration":"test","block":0,"seed":15,"numerosity":121,"matchType":"unpaired","which":"first","trial_type":"numerosity-estimation","trial_index":25,"time_elapsed":141605,"subject_id":"77061"},{"rt":2847,"stimulus":16,"slider_start":100,"sprites":"crackers","response":97,"absDeviation":33,"callibration":"test","block":0,"seed":16,"numerosity":64,"matchType":"unpaired","which":"first","trial_type":"numerosity-estimation","trial_index":26,"time_elapsed":144455,"subject_id":"77061"},{"rt":12872,"stimulus":"<p> For the last block of trials, the average deviation of your guesses from correct answers was 28.</p>\n     <p>The smaller the deviation the better.  Your deviation was <b> good</b>.</p><br>\n       <p>Press any key to continue to the next block of trials</p>","response":" ","trial_type":"html-keyboard-response","trial_index":27,"time_elapsed":157331,"subject_id":"77061"},{"rt":2434,"stimulus":17,"slider_start":100,"sprites":"bears","response":117,"absDeviation":25,"callibration":"test","block":1,"seed":17,"numerosity":92,"matchType":"paired","which":"first","trial_type":"numerosity-estimation","trial_index":28,"time_elapsed":159766,"subject_id":"77061"},{"rt":2166,"stimulus":17,"slider_start":100,"sprites":"bears","response":121,"absDeviation":29,"callibration":"test","block":1,"seed":17,"numerosity":92,"matchType":"paired","which":"second","trial_type":"numerosity-estimation","trial_index":29,"time_elapsed":161936,"subject_id":"77061"},{"rt":2222,"stimulus":19,"slider_start":100,"sprites":"jellyBeans","response":130,"absDeviation":5,"callibration":"test","block":1,"seed":19,"numerosity":135,"matchType":"unpaired","which":"first","trial_type":"numerosity-estimation","trial_index":30,"time_elapsed":164161,"subject_id":"77061"},{"rt":2347,"stimulus":20,"slider_start":100,"sprites":"marbles","response":95,"absDeviation":17,"callibration":"test","block":1,"seed":20,"numerosity":78,"matchType":"unpaired","which":"first","trial_type":"numerosity-estimation","trial_index":31,"time_elapsed":166509,"subject_id":"77061"},{"rt":3075,"stimulus":21,"slider_start":100,"sprites":"mints","response":120,"absDeviation":28,"callibration":"test","block":1,"seed":21,"numerosity":92,"matchType":"paired","which":"first","trial_type":"numerosity-estimation","trial_index":32,"time_elapsed":169587,"subject_id":"77061"},{"rt":2515,"stimulus":21,"slider_start":100,"sprites":"mints","response":127,"absDeviation":35,"callibration":"test","block":1,"seed":21,"numerosity":92,"matchType":"paired","which":"second","trial_type":"numerosity-estimation","trial_index":33,"time_elapsed":172105,"subject_id":"77061"},{"rt":2725,"stimulus":23,"slider_start":100,"sprites":"buttons","response":148,"absDeviation":2,"callibration":"test","block":1,"seed":23,"numerosity":150,"matchType":"unpaired","which":"first","trial_type":"numerosity-estimation","trial_index":34,"time_elapsed":174833,"subject_id":"77061"},{"rt":2516,"stimulus":24,"slider_start":100,"sprites":"animalCrackers","response":154,"absDeviation":47,"callibration":"test","block":1,"seed":24,"numerosity":107,"matchType":"unpaired","which":"first","trial_type":"numerosity-estimation","trial_index":35,"time_elapsed":177350,"subject_id":"77061"},{"rt":2114,"stimulus":25,"slider_start":100,"sprites":"letters","response":145,"absDeviation":38,"callibration":"test","block":1,"seed":25,"numerosity":107,"matchType":"paired","which":"first","trial_type":"numerosity-estimation","trial_index":36,"time_elapsed":179466,"subject_id":"77061"},{"rt":3026,"stimulus":25,"slider_start":100,"sprites":"letters","response":150,"absDeviation":43,"callibration":"test","block":1,"seed":25,"numerosity":107,"matchType":"paired","which":"second","trial_type":"numerosity-estimation","trial_index":37,"time_elapsed":182494,"subject_id":"77061"},{"rt":3476,"stimulus":27,"slider_start":100,"sprites":"hearts","response":152,"absDeviation":31,"callibration":"test","block":1,"seed":27,"numerosity":121,"matchType":"unpaired","which":"first","trial_type":"numerosity-estimation","trial_index":38,"time_elapsed":185974,"subject_id":"77061"},{"rt":10620,"stimulus":28,"slider_start":100,"sprites":"crackers","response":25,"absDeviation":125,"callibration":"test","block":1,"seed":28,"numerosity":150,"matchType":"unpaired","which":"first","trial_type":"numerosity-estimation","trial_index":39,"time_elapsed":196597,"subject_id":"77061"},{"rt":3735,"stimulus":29,"slider_start":100,"sprites":"bears","response":89,"absDeviation":25,"callibration":"test","block":1,"seed":29,"numerosity":64,"matchType":"paired","which":"first","trial_type":"numerosity-estimation","trial_index":40,"time_elapsed":200336,"subject_id":"77061"},{"rt":2805,"stimulus":29,"slider_start":100,"sprites":"bears","response":78,"absDeviation":14,"callibration":"test","block":1,"seed":29,"numerosity":64,"matchType":"paired","which":"second","trial_type":"numerosity-estimation","trial_index":41,"time_elapsed":203145,"subject_id":"77061"},{"rt":3635,"stimulus":31,"slider_start":100,"sprites":"jellyBeans","response":135,"absDeviation":15,"callibration":"test","block":1,"seed":31,"numerosity":150,"matchType":"unpaired","which":"first","trial_type":"numerosity-estimation","trial_index":42,"time_elapsed":206781,"subject_id":"77061"},{"rt":2183,"stimulus":32,"slider_start":100,"sprites":"marbles","response":132,"absDeviation":3,"callibration":"test","block":1,"seed":32,"numerosity":135,"matchType":"unpaired","which":"first","trial_type":"numerosity-estimation","trial_index":43,"time_elapsed":208967,"subject_id":"77061"},{"rt":2905,"stimulus":"<p> For the last block of trials, the average deviation of your guesses from correct answers was 30.</p>\n     <p>The smaller the deviation the better.  Your deviation was <b> good</b>.</p><br>\n       <p>Press any key to continue to the next block of trials</p>","response":" ","trial_type":"html-keyboard-response","trial_index":44,"time_elapsed":211875,"subject_id":"77061"},{"rt":2684,"stimulus":33,"slider_start":100,"sprites":"mints","response":147,"absDeviation":26,"callibration":"test","block":2,"seed":33,"numerosity":121,"matchType":"paired","which":"first","trial_type":"numerosity-estimation","trial_index":45,"time_elapsed":214561,"subject_id":"77061"},{"rt":2378,"stimulus":33,"slider_start":100,"sprites":"mints","response":152,"absDeviation":31,"callibration":"test","block":2,"seed":33,"numerosity":121,"matchType":"paired","which":"second","trial_type":"numerosity-estimation","trial_index":46,"time_elapsed":216941,"subject_id":"77061"},{"rt":3060,"stimulus":35,"slider_start":100,"sprites":"buttons","response":105,"absDeviation":27,"callibration":"test","block":2,"seed":35,"numerosity":78,"matchType":"unpaired","which":"first","trial_type":"numerosity-estimation","trial_index":47,"time_elapsed":220004,"subject_id":"77061"},{"rt":3160,"stimulus":36,"slider_start":100,"sprites":"animalCrackers","response":91,"absDeviation":41,"callibration":"test","block":2,"seed":36,"numerosity":50,"matchType":"unpaired","which":"first","trial_type":"numerosity-estimation","trial_index":48,"time_elapsed":223168,"subject_id":"77061"},{"rt":3025,"stimulus":37,"slider_start":100,"sprites":"letters","response":106,"absDeviation":29,"callibration":"test","block":2,"seed":37,"numerosity":135,"matchType":"paired","which":"first","trial_type":"numerosity-estimation","trial_index":49,"time_elapsed":226195,"subject_id":"77061"},{"rt":3587,"stimulus":37,"slider_start":100,"sprites":"letters","response":125,"absDeviation":10,"callibration":"test","block":2,"seed":37,"numerosity":135,"matchType":"paired","which":"second","trial_type":"numerosity-estimation","trial_index":50,"time_elapsed":229785,"subject_id":"77061"},{"rt":2627,"stimulus":39,"slider_start":100,"sprites":"hearts","response":116,"absDeviation":38,"callibration":"test","block":2,"seed":39,"numerosity":78,"matchType":"unpaired","which":"first","trial_type":"numerosity-estimation","trial_index":51,"time_elapsed":232416,"subject_id":"77061"},{"rt":2813,"stimulus":40,"slider_start":100,"sprites":"crackers","response":132,"absDeviation":11,"callibration":"test","block":2,"seed":40,"numerosity":121,"matchType":"unpaired","which":"first","trial_type":"numerosity-estimation","trial_index":52,"time_elapsed":235232,"subject_id":"77061"},{"rt":2693,"stimulus":41,"slider_start":100,"sprites":"bears","response":92,"absDeviation":42,"callibration":"test","block":2,"seed":41,"numerosity":50,"matchType":"paired","which":"first","trial_type":"numerosity-estimation","trial_index":53,"time_elapsed":237928,"subject_id":"77061"},{"rt":2614,"stimulus":41,"slider_start":100,"sprites":"bears","response":80,"absDeviation":30,"callibration":"test","block":2,"seed":41,"numerosity":50,"matchType":"paired","which":"second","trial_type":"numerosity-estimation","trial_index":54,"time_elapsed":240543,"subject_id":"77061"},{"rt":2313,"stimulus":43,"slider_start":100,"sprites":"jellyBeans","response":70,"absDeviation":6,"callibration":"test","block":2,"seed":43,"numerosity":64,"matchType":"unpaired","which":"first","trial_type":"numerosity-estimation","trial_index":55,"time_elapsed":242858,"subject_id":"77061"},{"rt":2696,"stimulus":44,"slider_start":100,"sprites":"marbles","response":111,"absDeviation":10,"callibration":"test","block":2,"seed":44,"numerosity":121,"matchType":"unpaired","which":"first","trial_type":"numerosity-estimation","trial_index":56,"time_elapsed":245556,"subject_id":"77061"},{"rt":5332,"stimulus":45,"slider_start":100,"sprites":"mints","response":152,"absDeviation":31,"callibration":"test","block":2,"seed":45,"numerosity":121,"matchType":"paired","which":"first","trial_type":"numerosity-estimation","trial_index":57,"time_elapsed":250891,"subject_id":"77061"},{"rt":3601,"stimulus":45,"slider_start":100,"sprites":"mints","response":150,"absDeviation":29,"callibration":"test","block":2,"seed":45,"numerosity":121,"matchType":"paired","which":"second","trial_type":"numerosity-estimation","trial_index":58,"time_elapsed":254496,"subject_id":"77061"},{"rt":4456,"stimulus":47,"slider_start":100,"sprites":"buttons","response":144,"absDeviation":23,"callibration":"test","block":2,"seed":47,"numerosity":121,"matchType":"unpaired","which":"first","trial_type":"numerosity-estimation","trial_index":59,"time_elapsed":258956,"subject_id":"77061"},{"rt":2572,"stimulus":48,"slider_start":100,"sprites":"animalCrackers","response":156,"absDeviation":21,"callibration":"test","block":2,"seed":48,"numerosity":135,"matchType":"unpaired","which":"first","trial_type":"numerosity-estimation","trial_index":60,"time_elapsed":261531,"subject_id":"77061"},{"rt":3590,"stimulus":"<p> For the last block of trials, the average deviation of your guesses from correct answers was 25.</p>\n     <p>The smaller the deviation the better.  Your deviation was <b> good</b>.</p><br>\n       <p>Press any key to continue to the next block of trials</p>","response":" ","trial_type":"html-keyboard-response","trial_index":61,"time_elapsed":265122,"subject_id":"77061"},{"rt":3610,"stimulus":49,"slider_start":100,"sprites":"letters","response":96,"absDeviation":18,"callibration":"test","block":3,"seed":49,"numerosity":78,"matchType":"paired","which":"first","trial_type":"numerosity-estimation","trial_index":62,"time_elapsed":268736,"subject_id":"77061"},{"rt":4184,"stimulus":49,"slider_start":100,"sprites":"letters","response":90,"absDeviation":12,"callibration":"test","block":3,"seed":49,"numerosity":78,"matchType":"paired","which":"second","trial_type":"numerosity-estimation","trial_index":63,"time_elapsed":272922,"subject_id":"77061"},{"rt":3041,"stimulus":51,"slider_start":100,"sprites":"hearts","response":144,"absDeviation":6,"callibration":"test","block":3,"seed":51,"numerosity":150,"matchType":"unpaired","which":"first","trial_type":"numerosity-estimation","trial_index":64,"time_elapsed":275966,"subject_id":"77061"},{"rt":3763,"stimulus":52,"slider_start":100,"sprites":"crackers","response":118,"absDeviation":40,"callibration":"test","block":3,"seed":52,"numerosity":78,"matchType":"unpaired","which":"first","trial_type":"numerosity-estimation","trial_index":65,"time_elapsed":279731,"subject_id":"77061"},{"rt":4028,"stimulus":53,"slider_start":100,"sprites":"bears","response":80,"absDeviation":30,"callibration":"test","block":3,"seed":53,"numerosity":50,"matchType":"paired","which":"first","trial_type":"numerosity-estimation","trial_index":66,"time_elapsed":283763,"subject_id":"77061"},{"rt":2660,"stimulus":53,"slider_start":100,"sprites":"bears","response":74,"absDeviation":24,"callibration":"test","block":3,"seed":53,"numerosity":50,"matchType":"paired","which":"second","trial_type":"numerosity-estimation","trial_index":67,"time_elapsed":286426,"subject_id":"77061"},{"rt":2515,"stimulus":55,"slider_start":100,"sprites":"jellyBeans","response":127,"absDeviation":6,"callibration":"test","block":3,"seed":55,"numerosity":121,"matchType":"unpaired","which":"first","trial_type":"numerosity-estimation","trial_index":68,"time_elapsed":288945,"subject_id":"77061"},{"rt":2668,"stimulus":56,"slider_start":100,"sprites":"marbles","response":77,"absDeviation":13,"callibration":"test","block":3,"seed":56,"numerosity":64,"matchType":"unpaired","which":"first","trial_type":"numerosity-estimation","trial_index":69,"time_elapsed":291617,"subject_id":"77061"},{"rt":2280,"stimulus":57,"slider_start":100,"sprites":"mints","response":84,"absDeviation":20,"callibration":"test","block":3,"seed":57,"numerosity":64,"matchType":"paired","which":"first","trial_type":"numerosity-estimation","trial_index":70,"time_elapsed":293900,"subject_id":"77061"},{"rt":4530,"stimulus":57,"slider_start":100,"sprites":"mints","response":76,"absDeviation":12,"callibration":"test","block":3,"seed":57,"numerosity":64,"matchType":"paired","which":"second","trial_type":"numerosity-estimation","trial_index":71,"time_elapsed":298433,"subject_id":"77061"},{"rt":11828,"stimulus":59,"slider_start":100,"sprites":"buttons","response":137,"absDeviation":2,"callibration":"test","block":3,"seed":59,"numerosity":135,"matchType":"unpaired","which":"first","trial_type":"numerosity-estimation","trial_index":72,"time_elapsed":310263,"subject_id":"77061"},{"rt":2710,"stimulus":60,"slider_start":100,"sprites":"animalCrackers","response":156,"absDeviation":6,"callibration":"test","block":3,"seed":60,"numerosity":150,"matchType":"unpaired","which":"first","trial_type":"numerosity-estimation","trial_index":73,"time_elapsed":312976,"subject_id":"77061"},{"rt":2287,"stimulus":61,"slider_start":100,"sprites":"letters","response":81,"absDeviation":31,"callibration":"test","block":3,"seed":61,"numerosity":50,"matchType":"paired","which":"first","trial_type":"numerosity-estimation","trial_index":74,"time_elapsed":315266,"subject_id":"77061"},{"rt":2533,"stimulus":61,"slider_start":100,"sprites":"letters","response":67,"absDeviation":17,"callibration":"test","block":3,"seed":61,"numerosity":50,"matchType":"paired","which":"second","trial_type":"numerosity-estimation","trial_index":75,"time_elapsed":317802,"subject_id":"77061"},{"rt":5073,"stimulus":63,"slider_start":100,"sprites":"hearts","response":95,"absDeviation":31,"callibration":"test","block":3,"seed":63,"numerosity":64,"matchType":"unpaired","which":"first","trial_type":"numerosity-estimation","trial_index":76,"time_elapsed":322878,"subject_id":"77061"},{"rt":2912,"stimulus":64,"slider_start":100,"sprites":"crackers","response":146,"absDeviation":11,"callibration":"test","block":3,"seed":64,"numerosity":135,"matchType":"unpaired","which":"first","trial_type":"numerosity-estimation","trial_index":77,"time_elapsed":325793,"subject_id":"77061"},{"rt":1907,"stimulus":"<p> For the last block of trials, the average deviation of your guesses from correct answers was 17.</p>\n     <p>The smaller the deviation the better.  Your deviation was <b> VERY good</b>.</p><br>\n       <p>Press any key to continue to the next block of trials</p>","response":" ","trial_type":"html-keyboard-response","trial_index":78,"time_elapsed":327703,"subject_id":"77061"},{"rt":4712,"stimulus":65,"slider_start":100,"sprites":"bears","response":120,"absDeviation":13,"callibration":"test","block":4,"seed":65,"numerosity":107,"matchType":"paired","which":"first","trial_type":"numerosity-estimation","trial_index":79,"time_elapsed":332418,"subject_id":"77061"},{"rt":4002,"stimulus":65,"slider_start":100,"sprites":"bears","response":136,"absDeviation":29,"callibration":"test","block":4,"seed":65,"numerosity":107,"matchType":"paired","which":"second","trial_type":"numerosity-estimation","trial_index":80,"time_elapsed":336422,"subject_id":"77061"},{"rt":9406,"stimulus":67,"slider_start":100,"sprites":"jellyBeans","response":120,"absDeviation":13,"callibration":"test","block":4,"seed":67,"numerosity":107,"matchType":"unpaired","which":"first","trial_type":"numerosity-estimation","trial_index":81,"time_elapsed":345831,"subject_id":"77061"},{"rt":3059,"stimulus":68,"slider_start":100,"sprites":"marbles","response":122,"absDeviation":28,"callibration":"test","block":4,"seed":68,"numerosity":150,"matchType":"unpaired","which":"first","trial_type":"numerosity-estimation","trial_index":82,"time_elapsed":348893,"subject_id":"77061"},{"rt":2871,"stimulus":69,"slider_start":100,"sprites":"mints","response":147,"absDeviation":26,"callibration":"test","block":4,"seed":69,"numerosity":121,"matchType":"paired","which":"first","trial_type":"numerosity-estimation","trial_index":83,"time_elapsed":351767,"subject_id":"77061"},{"rt":2589,"stimulus":69,"slider_start":100,"sprites":"mints","response":151,"absDeviation":30,"callibration":"test","block":4,"seed":69,"numerosity":121,"matchType":"paired","which":"second","trial_type":"numerosity-estimation","trial_index":84,"time_elapsed":354358,"subject_id":"77061"},{"rt":3421,"stimulus":71,"slider_start":100,"sprites":"buttons","response":141,"absDeviation":34,"callibration":"test","block":4,"seed":71,"numerosity":107,"matchType":"unpaired","which":"first","trial_type":"numerosity-estimation","trial_index":85,"time_elapsed":357782,"subject_id":"77061"},{"rt":3324,"stimulus":72,"slider_start":100,"sprites":"animalCrackers","response":81,"absDeviation":31,"callibration":"test","block":4,"seed":72,"numerosity":50,"matchType":"unpaired","which":"first","trial_type":"numerosity-estimation","trial_index":86,"time_elapsed":361110,"subject_id":"77061"},{"rt":1950,"stimulus":73,"slider_start":100,"sprites":"letters","response":92,"absDeviation":14,"callibration":"test","block":4,"seed":73,"numerosity":78,"matchType":"paired","which":"first","trial_type":"numerosity-estimation","trial_index":87,"time_elapsed":363062,"subject_id":"77061"},{"rt":3008,"stimulus":73,"slider_start":100,"sprites":"letters","response":78,"absDeviation":0,"callibration":"test","block":4,"seed":73,"numerosity":78,"matchType":"paired","which":"second","trial_type":"numerosity-estimation","trial_index":88,"time_elapsed":366073,"subject_id":"77061"},{"rt":2322,"stimulus":75,"slider_start":100,"sprites":"hearts","response":126,"absDeviation":34,"callibration":"test","block":4,"seed":75,"numerosity":92,"matchType":"unpaired","which":"first","trial_type":"numerosity-estimation","trial_index":89,"time_elapsed":368398,"subject_id":"77061"},{"rt":2977,"stimulus":76,"slider_start":100,"sprites":"crackers","response":89,"absDeviation":25,"callibration":"test","block":4,"seed":76,"numerosity":64,"matchType":"unpaired","which":"first","trial_type":"numerosity-estimation","trial_index":90,"time_elapsed":371378,"subject_id":"77061"},{"rt":6337,"stimulus":77,"slider_start":100,"sprites":"bears","response":144,"absDeviation":9,"callibration":"test","block":4,"seed":77,"numerosity":135,"matchType":"paired","which":"first","trial_type":"numerosity-estimation","trial_index":91,"time_elapsed":377718,"subject_id":"77061"},{"rt":2433,"stimulus":77,"slider_start":100,"sprites":"bears","response":145,"absDeviation":10,"callibration":"test","block":4,"seed":77,"numerosity":135,"matchType":"paired","which":"second","trial_type":"numerosity-estimation","trial_index":92,"time_elapsed":380155,"subject_id":"77061"},{"rt":3242,"stimulus":79,"slider_start":100,"sprites":"jellyBeans","response":70,"absDeviation":20,"callibration":"test","block":4,"seed":79,"numerosity":50,"matchType":"unpaired","which":"first","trial_type":"numerosity-estimation","trial_index":93,"time_elapsed":383400,"subject_id":"77061"},{"rt":3294,"stimulus":80,"slider_start":100,"sprites":"marbles","response":106,"absDeviation":15,"callibration":"test","block":4,"seed":80,"numerosity":121,"matchType":"unpaired","which":"first","trial_type":"numerosity-estimation","trial_index":94,"time_elapsed":386697,"subject_id":"77061"},{"rt":1054,"stimulus":"<p> For the last block of trials, the average deviation of your guesses from correct answers was 21.</p>\n     <p>The smaller the deviation the better.  Your deviation was <b> VERY good</b>.</p><br>\n       <p>Press any key to continue to the next block of trials</p>","response":" ","trial_type":"html-keyboard-response","trial_index":95,"time_elapsed":387753,"subject_id":"77061"},{"rt":2931,"stimulus":81,"slider_start":100,"sprites":"mints","response":158,"absDeviation":37,"callibration":"test","block":5,"seed":81,"numerosity":121,"matchType":"paired","which":"first","trial_type":"numerosity-estimation","trial_index":96,"time_elapsed":390687,"subject_id":"77061"},{"rt":2380,"stimulus":81,"slider_start":100,"sprites":"mints","response":165,"absDeviation":44,"callibration":"test","block":5,"seed":81,"numerosity":121,"matchType":"paired","which":"second","trial_type":"numerosity-estimation","trial_index":97,"time_elapsed":393068,"subject_id":"77061"},{"rt":3577,"stimulus":83,"slider_start":100,"sprites":"buttons","response":162,"absDeviation":41,"callibration":"test","block":5,"seed":83,"numerosity":121,"matchType":"unpaired","which":"first","trial_type":"numerosity-estimation","trial_index":98,"time_elapsed":396648,"subject_id":"77061"},{"rt":3033,"stimulus":84,"slider_start":100,"sprites":"animalCrackers","response":75,"absDeviation":25,"callibration":"test","block":5,"seed":84,"numerosity":50,"matchType":"unpaired","which":"first","trial_type":"numerosity-estimation","trial_index":99,"time_elapsed":399684,"subject_id":"77061"},{"rt":2797,"stimulus":85,"slider_start":100,"sprites":"letters","response":67,"absDeviation":3,"callibration":"test","block":5,"seed":85,"numerosity":64,"matchType":"paired","which":"first","trial_type":"numerosity-estimation","trial_index":100,"time_elapsed":402484,"subject_id":"77061"},{"rt":2322,"stimulus":85,"slider_start":100,"sprites":"letters","response":70,"absDeviation":6,"callibration":"test","block":5,"seed":85,"numerosity":64,"matchType":"paired","which":"second","trial_type":"numerosity-estimation","trial_index":101,"time_elapsed":404809,"subject_id":"77061"},{"rt":3001,"stimulus":87,"slider_start":100,"sprites":"hearts","response":67,"absDeviation":17,"callibration":"test","block":5,"seed":87,"numerosity":50,"matchType":"unpaired","which":"first","trial_type":"numerosity-estimation","trial_index":102,"time_elapsed":407813,"subject_id":"77061"},{"rt":2499,"stimulus":88,"slider_start":100,"sprites":"crackers","response":137,"absDeviation":2,"callibration":"test","block":5,"seed":88,"numerosity":135,"matchType":"unpaired","which":"first","trial_type":"numerosity-estimation","trial_index":103,"time_elapsed":410314,"subject_id":"77061"},{"rt":2215,"stimulus":89,"slider_start":100,"sprites":"bears","response":82,"absDeviation":32,"callibration":"test","block":5,"seed":89,"numerosity":50,"matchType":"paired","which":"first","trial_type":"numerosity-estimation","trial_index":104,"time_elapsed":412531,"subject_id":"77061"},{"rt":3958,"stimulus":89,"slider_start":100,"sprites":"bears","response":73,"absDeviation":23,"callibration":"test","block":5,"seed":89,"numerosity":50,"matchType":"paired","which":"second","trial_type":"numerosity-estimation","trial_index":105,"time_elapsed":416492,"subject_id":"77061"},{"rt":3769,"stimulus":91,"slider_start":100,"sprites":"jellyBeans","response":112,"absDeviation":20,"callibration":"test","block":5,"seed":91,"numerosity":92,"matchType":"unpaired","which":"first","trial_type":"numerosity-estimation","trial_index":106,"time_elapsed":420264,"subject_id":"77061"},{"rt":2968,"stimulus":92,"slider_start":100,"sprites":"marbles","response":117,"absDeviation":4,"callibration":"test","block":5,"seed":92,"numerosity":121,"matchType":"unpaired","which":"first","trial_type":"numerosity-estimation","trial_index":107,"time_elapsed":423235,"subject_id":"77061"},{"rt":2142,"stimulus":93,"slider_start":100,"sprites":"mints","response":115,"absDeviation":37,"callibration":"test","block":5,"seed":93,"numerosity":78,"matchType":"paired","which":"first","trial_type":"numerosity-estimation","trial_index":108,"time_elapsed":425379,"subject_id":"77061"},{"rt":2332,"stimulus":93,"slider_start":100,"sprites":"mints","response":112,"absDeviation":34,"callibration":"test","block":5,"seed":93,"numerosity":78,"matchType":"paired","which":"second","trial_type":"numerosity-estimation","trial_index":109,"time_elapsed":427713,"subject_id":"77061"},{"rt":2225,"stimulus":95,"slider_start":100,"sprites":"buttons","response":111,"absDeviation":47,"callibration":"test","block":5,"seed":95,"numerosity":64,"matchType":"unpaired","which":"first","trial_type":"numerosity-estimation","trial_index":110,"time_elapsed":429940,"subject_id":"77061"},{"rt":2111,"stimulus":96,"slider_start":100,"sprites":"animalCrackers","response":126,"absDeviation":34,"callibration":"test","block":5,"seed":96,"numerosity":92,"matchType":"unpaired","which":"first","trial_type":"numerosity-estimation","trial_index":111,"time_elapsed":432053,"subject_id":"77061"},{"rt":1132,"stimulus":"<p> For the last block of trials, the average deviation of your guesses from correct answers was 25.</p>\n     <p>The smaller the deviation the better.  Your deviation was <b> good</b>.</p><br>\n       <p>Press any key to continue to the next block of trials</p>","response":" ","trial_type":"html-keyboard-response","trial_index":112,"time_elapsed":433186,"subject_id":"77061"},{"rt":4630,"stimulus":2,"slider_start":100,"sprites":"butterflies","response":136,"absDeviation":1,"callibration":"test","block":6,"seed":2,"numerosity":135,"matchType":"paired","which":"first","trial_type":"numerosity-estimation","trial_index":113,"time_elapsed":437819,"subject_id":"77061"},{"rt":2295,"stimulus":2,"slider_start":100,"sprites":"butterflies","response":138,"absDeviation":3,"callibration":"test","block":6,"seed":2,"numerosity":135,"matchType":"paired","which":"second","trial_type":"numerosity-estimation","trial_index":114,"time_elapsed":440116,"subject_id":"77061"},{"rt":2749,"stimulus":3,"slider_start":100,"sprites":"hearts","response":107,"absDeviation":57,"callibration":"test","block":6,"seed":3,"numerosity":50,"matchType":"unpaired","which":"second","trial_type":"numerosity-estimation","trial_index":115,"time_elapsed":442868,"subject_id":"77061"},{"rt":2589,"stimulus":4,"slider_start":100,"sprites":"crackers","response":124,"absDeviation":17,"callibration":"test","block":6,"seed":4,"numerosity":107,"matchType":"unpaired","which":"second","trial_type":"numerosity-estimation","trial_index":116,"time_elapsed":445460,"subject_id":"77061"},{"rt":2516,"stimulus":6,"slider_start":100,"sprites":"fruits","response":110,"absDeviation":32,"callibration":"test","block":6,"seed":6,"numerosity":78,"matchType":"paired","which":"first","trial_type":"numerosity-estimation","trial_index":117,"time_elapsed":447978,"subject_id":"77061"},{"rt":4033,"stimulus":6,"slider_start":100,"sprites":"fruits","response":116,"absDeviation":38,"callibration":"test","block":6,"seed":6,"numerosity":78,"matchType":"paired","which":"second","trial_type":"numerosity-estimation","trial_index":118,"time_elapsed":452014,"subject_id":"77061"},{"rt":2294,"stimulus":7,"slider_start":100,"sprites":"jellyBeans","response":91,"absDeviation":41,"callibration":"test","block":6,"seed":7,"numerosity":50,"matchType":"unpaired","which":"second","trial_type":"numerosity-estimation","trial_index":119,"time_elapsed":454309,"subject_id":"77061"},{"rt":2597,"stimulus":8,"slider_start":100,"sprites":"marbles","response":108,"absDeviation":16,"callibration":"test","block":6,"seed":8,"numerosity":92,"matchType":"unpaired","which":"second","trial_type":"numerosity-estimation","trial_index":120,"time_elapsed":456909,"subject_id":"77061"},{"rt":2896,"stimulus":10,"slider_start":100,"sprites":"rocks","response":93,"absDeviation":43,"callibration":"test","block":6,"seed":10,"numerosity":50,"matchType":"paired","which":"first","trial_type":"numerosity-estimation","trial_index":121,"time_elapsed":459808,"subject_id":"77061"},{"rt":2295,"stimulus":10,"slider_start":100,"sprites":"rocks","response":83,"absDeviation":33,"callibration":"test","block":6,"seed":10,"numerosity":50,"matchType":"paired","which":"second","trial_type":"numerosity-estimation","trial_index":122,"time_elapsed":462107,"subject_id":"77061"},{"rt":2976,"stimulus":11,"slider_start":100,"sprites":"buttons","response":118,"absDeviation":11,"callibration":"test","block":6,"seed":11,"numerosity":107,"matchType":"unpaired","which":"second","trial_type":"numerosity-estimation","trial_index":123,"time_elapsed":465085,"subject_id":"77061"},{"rt":2694,"stimulus":12,"slider_start":100,"sprites":"animalCrackers","response":116,"absDeviation":24,"callibration":"test","block":6,"seed":12,"numerosity":92,"matchType":"unpaired","which":"second","trial_type":"numerosity-estimation","trial_index":124,"time_elapsed":467782,"subject_id":"77061"},{"rt":3212,"stimulus":14,"slider_start":100,"sprites":"butterflies","response":122,"absDeviation":28,"callibration":"test","block":6,"seed":14,"numerosity":150,"matchType":"paired","which":"first","trial_type":"numerosity-estimation","trial_index":125,"time_elapsed":470997,"subject_id":"77061"},{"rt":2993,"stimulus":14,"slider_start":100,"sprites":"butterflies","response":117,"absDeviation":33,"callibration":"test","block":6,"seed":14,"numerosity":150,"matchType":"paired","which":"second","trial_type":"numerosity-estimation","trial_index":126,"time_elapsed":473993,"subject_id":"77061"},{"rt":5826,"stimulus":15,"slider_start":100,"sprites":"hearts","response":124,"absDeviation":3,"callibration":"test","block":6,"seed":15,"numerosity":121,"matchType":"unpaired","which":"second","trial_type":"numerosity-estimation","trial_index":127,"time_elapsed":479823,"subject_id":"77061"},{"rt":2499,"stimulus":16,"slider_start":100,"sprites":"crackers","response":90,"absDeviation":26,"callibration":"test","block":6,"seed":16,"numerosity":64,"matchType":"unpaired","which":"second","trial_type":"numerosity-estimation","trial_index":128,"time_elapsed":482325,"subject_id":"77061"},{"rt":1093,"stimulus":"<p> For the last block of trials, the average deviation of your guesses from correct answers was 25.</p>\n     <p>The smaller the deviation the better.  Your deviation was <b> good</b>.</p><br>\n       <p>Press any key to continue to the next block of trials</p>","response":" ","trial_type":"html-keyboard-response","trial_index":129,"time_elapsed":483420,"subject_id":"77061"},{"rt":3202,"stimulus":18,"slider_start":100,"sprites":"fruits","response":123,"absDeviation":16,"callibration":"test","block":7,"seed":18,"numerosity":107,"matchType":"paired","which":"first","trial_type":"numerosity-estimation","trial_index":130,"time_elapsed":486625,"subject_id":"77061"},{"rt":2556,"stimulus":18,"slider_start":100,"sprites":"fruits","response":131,"absDeviation":24,"callibration":"test","block":7,"seed":18,"numerosity":107,"matchType":"paired","which":"second","trial_type":"numerosity-estimation","trial_index":131,"time_elapsed":489183,"subject_id":"77061"},{"rt":3609,"stimulus":19,"slider_start":100,"sprites":"jellyBeans","response":150,"absDeviation":15,"callibration":"test","block":7,"seed":19,"numerosity":135,"matchType":"unpaired","which":"second","trial_type":"numerosity-estimation","trial_index":132,"time_elapsed":492795,"subject_id":"77061"},{"rt":3358,"stimulus":20,"slider_start":100,"sprites":"marbles","response":91,"absDeviation":13,"callibration":"test","block":7,"seed":20,"numerosity":78,"matchType":"unpaired","which":"second","trial_type":"numerosity-estimation","trial_index":133,"time_elapsed":496155,"subject_id":"77061"},{"rt":2190,"stimulus":22,"slider_start":100,"sprites":"rocks","response":124,"absDeviation":32,"callibration":"test","block":7,"seed":22,"numerosity":92,"matchType":"paired","which":"first","trial_type":"numerosity-estimation","trial_index":134,"time_elapsed":498348,"subject_id":"77061"},{"rt":2282,"stimulus":22,"slider_start":100,"sprites":"rocks","response":119,"absDeviation":27,"callibration":"test","block":7,"seed":22,"numerosity":92,"matchType":"paired","which":"second","trial_type":"numerosity-estimation","trial_index":135,"time_elapsed":500633,"subject_id":"77061"},{"rt":2587,"stimulus":23,"slider_start":100,"sprites":"buttons","response":150,"absDeviation":0,"callibration":"test","block":7,"seed":23,"numerosity":150,"matchType":"unpaired","which":"second","trial_type":"numerosity-estimation","trial_index":136,"time_elapsed":503223,"subject_id":"77061"},{"rt":2736,"stimulus":24,"slider_start":100,"sprites":"animalCrackers","response":143,"absDeviation":36,"callibration":"test","block":7,"seed":24,"numerosity":107,"matchType":"unpaired","which":"second","trial_type":"numerosity-estimation","trial_index":137,"time_elapsed":505961,"subject_id":"77061"},{"rt":2142,"stimulus":26,"slider_start":100,"sprites":"butterflies","response":112,"absDeviation":20,"callibration":"test","block":7,"seed":26,"numerosity":92,"matchType":"paired","which":"first","trial_type":"numerosity-estimation","trial_index":138,"time_elapsed":508106,"subject_id":"77061"},{"rt":2183,"stimulus":26,"slider_start":100,"sprites":"butterflies","response":117,"absDeviation":25,"callibration":"test","block":7,"seed":26,"numerosity":92,"matchType":"paired","which":"second","trial_type":"numerosity-estimation","trial_index":139,"time_elapsed":510292,"subject_id":"77061"},{"rt":2563,"stimulus":27,"slider_start":100,"sprites":"hearts","response":140,"absDeviation":19,"callibration":"test","block":7,"seed":27,"numerosity":121,"matchType":"unpaired","which":"second","trial_type":"numerosity-estimation","trial_index":140,"time_elapsed":512858,"subject_id":"77061"},{"rt":3511,"stimulus":28,"slider_start":100,"sprites":"crackers","response":157,"absDeviation":7,"callibration":"test","block":7,"seed":28,"numerosity":150,"matchType":"unpaired","which":"second","trial_type":"numerosity-estimation","trial_index":141,"time_elapsed":516372,"subject_id":"77061"},{"rt":2677,"stimulus":30,"slider_start":100,"sprites":"fruits","response":157,"absDeviation":50,"callibration":"test","block":7,"seed":30,"numerosity":107,"matchType":"paired","which":"first","trial_type":"numerosity-estimation","trial_index":142,"time_elapsed":519051,"subject_id":"77061"},{"rt":2759,"stimulus":30,"slider_start":100,"sprites":"fruits","response":144,"absDeviation":37,"callibration":"test","block":7,"seed":30,"numerosity":107,"matchType":"paired","which":"second","trial_type":"numerosity-estimation","trial_index":143,"time_elapsed":521813,"subject_id":"77061"},{"rt":2612,"stimulus":31,"slider_start":100,"sprites":"jellyBeans","response":148,"absDeviation":2,"callibration":"test","block":7,"seed":31,"numerosity":150,"matchType":"unpaired","which":"second","trial_type":"numerosity-estimation","trial_index":144,"time_elapsed":524428,"subject_id":"77061"},{"rt":2328,"stimulus":32,"slider_start":100,"sprites":"marbles","response":163,"absDeviation":28,"callibration":"test","block":7,"seed":32,"numerosity":135,"matchType":"unpaired","which":"second","trial_type":"numerosity-estimation","trial_index":145,"time_elapsed":526758,"subject_id":"77061"},{"rt":999,"stimulus":"<p> For the last block of trials, the average deviation of your guesses from correct answers was 22.</p>\n     <p>The smaller the deviation the better.  Your deviation was <b> VERY good</b>.</p><br>\n       <p>Press any key to continue to the next block of trials</p>","response":" ","trial_type":"html-keyboard-response","trial_index":146,"time_elapsed":527758,"subject_id":"77061"},{"rt":3289,"stimulus":34,"slider_start":100,"sprites":"rocks","response":90,"absDeviation":40,"callibration":"test","block":8,"seed":34,"numerosity":50,"matchType":"paired","which":"first","trial_type":"numerosity-estimation","trial_index":147,"time_elapsed":531050,"subject_id":"77061"},{"rt":2435,"stimulus":34,"slider_start":100,"sprites":"rocks","response":79,"absDeviation":29,"callibration":"test","block":8,"seed":34,"numerosity":50,"matchType":"paired","which":"second","trial_type":"numerosity-estimation","trial_index":148,"time_elapsed":533489,"subject_id":"77061"},{"rt":2255,"stimulus":35,"slider_start":100,"sprites":"buttons","response":131,"absDeviation":53,"callibration":"test","block":8,"seed":35,"numerosity":78,"matchType":"unpaired","which":"second","trial_type":"numerosity-estimation","trial_index":149,"time_elapsed":535747,"subject_id":"77061"},{"rt":3083,"stimulus":36,"slider_start":100,"sprites":"animalCrackers","response":79,"absDeviation":29,"callibration":"test","block":8,"seed":36,"numerosity":50,"matchType":"unpaired","which":"second","trial_type":"numerosity-estimation","trial_index":150,"time_elapsed":538832,"subject_id":"77061"},{"rt":3316,"stimulus":38,"slider_start":100,"sprites":"butterflies","response":87,"absDeviation":9,"callibration":"test","block":8,"seed":38,"numerosity":78,"matchType":"paired","which":"first","trial_type":"numerosity-estimation","trial_index":151,"time_elapsed":542150,"subject_id":"77061"},{"rt":5368,"stimulus":38,"slider_start":100,"sprites":"butterflies","response":89,"absDeviation":11,"callibration":"test","block":8,"seed":38,"numerosity":78,"matchType":"paired","which":"second","trial_type":"numerosity-estimation","trial_index":152,"time_elapsed":547520,"subject_id":"77061"},{"rt":4692,"stimulus":39,"slider_start":100,"sprites":"hearts","response":121,"absDeviation":43,"callibration":"test","block":8,"seed":39,"numerosity":78,"matchType":"unpaired","which":"second","trial_type":"numerosity-estimation","trial_index":153,"time_elapsed":552214,"subject_id":"77061"},{"rt":2527,"stimulus":40,"slider_start":100,"sprites":"crackers","response":158,"absDeviation":37,"callibration":"test","block":8,"seed":40,"numerosity":121,"matchType":"unpaired","which":"second","trial_type":"numerosity-estimation","trial_index":154,"time_elapsed":554742,"subject_id":"77061"},{"rt":2791,"stimulus":42,"slider_start":100,"sprites":"fruits","response":128,"absDeviation":50,"callibration":"test","block":8,"seed":42,"numerosity":78,"matchType":"paired","which":"first","trial_type":"numerosity-estimation","trial_index":155,"time_elapsed":557536,"subject_id":"77061"},{"rt":2790,"stimulus":42,"slider_start":100,"sprites":"fruits","response":134,"absDeviation":56,"callibration":"test","block":8,"seed":42,"numerosity":78,"matchType":"paired","which":"second","trial_type":"numerosity-estimation","trial_index":156,"time_elapsed":560329,"subject_id":"77061"},{"rt":3802,"stimulus":43,"slider_start":100,"sprites":"jellyBeans","response":101,"absDeviation":37,"callibration":"test","block":8,"seed":43,"numerosity":64,"matchType":"unpaired","which":"second","trial_type":"numerosity-estimation","trial_index":157,"time_elapsed":564134,"subject_id":"77061"},{"rt":2886,"stimulus":44,"slider_start":100,"sprites":"marbles","response":133,"absDeviation":12,"callibration":"test","block":8,"seed":44,"numerosity":121,"matchType":"unpaired","which":"second","trial_type":"numerosity-estimation","trial_index":158,"time_elapsed":567023,"subject_id":"77061"},{"rt":4419,"stimulus":46,"slider_start":100,"sprites":"rocks","response":153,"absDeviation":46,"callibration":"test","block":8,"seed":46,"numerosity":107,"matchType":"paired","which":"first","trial_type":"numerosity-estimation","trial_index":159,"time_elapsed":571445,"subject_id":"77061"},{"rt":3366,"stimulus":46,"slider_start":100,"sprites":"rocks","response":152,"absDeviation":45,"callibration":"test","block":8,"seed":46,"numerosity":107,"matchType":"paired","which":"second","trial_type":"numerosity-estimation","trial_index":160,"time_elapsed":574813,"subject_id":"77061"},{"rt":2684,"stimulus":47,"slider_start":100,"sprites":"buttons","response":159,"absDeviation":38,"callibration":"test","block":8,"seed":47,"numerosity":121,"matchType":"unpaired","which":"second","trial_type":"numerosity-estimation","trial_index":161,"time_elapsed":577500,"subject_id":"77061"},{"rt":6006,"stimulus":48,"slider_start":100,"sprites":"animalCrackers","response":150,"absDeviation":15,"callibration":"test","block":8,"seed":48,"numerosity":135,"matchType":"unpaired","which":"second","trial_type":"numerosity-estimation","trial_index":162,"time_elapsed":583507,"subject_id":"77061"},{"rt":1229,"stimulus":"<p> For the last block of trials, the average deviation of your guesses from correct answers was 34.</p>\n     <p>The smaller the deviation the better.  Your deviation was <b> good</b>.</p><br>\n       <p>Press any key to continue to the next block of trials</p>","response":" ","trial_type":"html-keyboard-response","trial_index":163,"time_elapsed":584737,"subject_id":"77061"},{"rt":3328,"stimulus":50,"slider_start":100,"sprites":"butterflies","response":157,"absDeviation":7,"callibration":"test","block":9,"seed":50,"numerosity":150,"matchType":"paired","which":"first","trial_type":"numerosity-estimation","trial_index":164,"time_elapsed":588069,"subject_id":"77061"},{"rt":3190,"stimulus":50,"slider_start":100,"sprites":"butterflies","response":143,"absDeviation":7,"callibration":"test","block":9,"seed":50,"numerosity":150,"matchType":"paired","which":"second","trial_type":"numerosity-estimation","trial_index":165,"time_elapsed":591275,"subject_id":"77061"},{"rt":2295,"stimulus":51,"slider_start":100,"sprites":"hearts","response":161,"absDeviation":11,"callibration":"test","block":9,"seed":51,"numerosity":150,"matchType":"unpaired","which":"second","trial_type":"numerosity-estimation","trial_index":166,"time_elapsed":593572,"subject_id":"77061"},{"rt":2346,"stimulus":52,"slider_start":100,"sprites":"crackers","response":128,"absDeviation":50,"callibration":"test","block":9,"seed":52,"numerosity":78,"matchType":"unpaired","which":"second","trial_type":"numerosity-estimation","trial_index":167,"time_elapsed":595921,"subject_id":"77061"},{"rt":2757,"stimulus":54,"slider_start":100,"sprites":"fruits","response":138,"absDeviation":46,"callibration":"test","block":9,"seed":54,"numerosity":92,"matchType":"paired","which":"first","trial_type":"numerosity-estimation","trial_index":168,"time_elapsed":598681,"subject_id":"77061"},{"rt":2320,"stimulus":54,"slider_start":100,"sprites":"fruits","response":143,"absDeviation":51,"callibration":"test","block":9,"seed":54,"numerosity":92,"matchType":"paired","which":"second","trial_type":"numerosity-estimation","trial_index":169,"time_elapsed":601005,"subject_id":"77061"},{"rt":2572,"stimulus":55,"slider_start":100,"sprites":"jellyBeans","response":163,"absDeviation":42,"callibration":"test","block":9,"seed":55,"numerosity":121,"matchType":"unpaired","which":"second","trial_type":"numerosity-estimation","trial_index":170,"time_elapsed":603579,"subject_id":"77061"},{"rt":4191,"stimulus":56,"slider_start":100,"sprites":"marbles","response":74,"absDeviation":10,"callibration":"test","block":9,"seed":56,"numerosity":64,"matchType":"unpaired","which":"second","trial_type":"numerosity-estimation","trial_index":171,"time_elapsed":607773,"subject_id":"77061"},{"rt":3173,"stimulus":58,"slider_start":100,"sprites":"rocks","response":135,"absDeviation":14,"callibration":"test","block":9,"seed":58,"numerosity":121,"matchType":"paired","which":"first","trial_type":"numerosity-estimation","trial_index":172,"time_elapsed":610949,"subject_id":"77061"},{"rt":2319,"stimulus":58,"slider_start":100,"sprites":"rocks","response":139,"absDeviation":18,"callibration":"test","block":9,"seed":58,"numerosity":121,"matchType":"paired","which":"second","trial_type":"numerosity-estimation","trial_index":173,"time_elapsed":613271,"subject_id":"77061"},{"rt":9707,"stimulus":59,"slider_start":100,"sprites":"buttons","response":155,"absDeviation":20,"callibration":"test","block":9,"seed":59,"numerosity":135,"matchType":"unpaired","which":"second","trial_type":"numerosity-estimation","trial_index":174,"time_elapsed":622980,"subject_id":"77061"},{"rt":10861,"stimulus":60,"slider_start":100,"sprites":"animalCrackers","response":148,"absDeviation":2,"callibration":"test","block":9,"seed":60,"numerosity":150,"matchType":"unpaired","which":"second","trial_type":"numerosity-estimation","trial_index":175,"time_elapsed":633844,"subject_id":"77061"},{"rt":15854,"stimulus":62,"slider_start":100,"sprites":"butterflies","response":124,"absDeviation":11,"callibration":"test","block":9,"seed":62,"numerosity":135,"matchType":"paired","which":"first","trial_type":"numerosity-estimation","trial_index":176,"time_elapsed":649702,"subject_id":"77061"},{"rt":6199,"stimulus":62,"slider_start":100,"sprites":"butterflies","response":145,"absDeviation":10,"callibration":"test","block":9,"seed":62,"numerosity":135,"matchType":"paired","which":"second","trial_type":"numerosity-estimation","trial_index":177,"time_elapsed":655905,"subject_id":"77061"},{"rt":5734,"stimulus":63,"slider_start":100,"sprites":"hearts","response":114,"absDeviation":50,"callibration":"test","block":9,"seed":63,"numerosity":64,"matchType":"unpaired","which":"second","trial_type":"numerosity-estimation","trial_index":178,"time_elapsed":661641,"subject_id":"77061"},{"rt":16114,"stimulus":64,"slider_start":100,"sprites":"crackers","response":144,"absDeviation":9,"callibration":"test","block":9,"seed":64,"numerosity":135,"matchType":"unpaired","which":"second","trial_type":"numerosity-estimation","trial_index":179,"time_elapsed":677758,"subject_id":"77061"},{"rt":6161,"stimulus":"<p> For the last block of trials, the average deviation of your guesses from correct answers was 22.</p>\n     <p>The smaller the deviation the better.  Your deviation was <b> VERY good</b>.</p><br>\n       <p>Press any key to continue to the next block of trials</p>","response":" ","trial_type":"html-keyboard-response","trial_index":180,"time_elapsed":683924,"subject_id":"77061"},{"rt":5537,"stimulus":66,"slider_start":100,"sprites":"fruits","response":96,"absDeviation":32,"callibration":"test","block":10,"seed":66,"numerosity":64,"matchType":"paired","which":"first","trial_type":"numerosity-estimation","trial_index":181,"time_elapsed":689464,"subject_id":"77061"},{"rt":4258,"stimulus":66,"slider_start":100,"sprites":"fruits","response":87,"absDeviation":23,"callibration":"test","block":10,"seed":66,"numerosity":64,"matchType":"paired","which":"second","trial_type":"numerosity-estimation","trial_index":182,"time_elapsed":693724,"subject_id":"77061"},{"rt":2708,"stimulus":67,"slider_start":100,"sprites":"jellyBeans","response":121,"absDeviation":14,"callibration":"test","block":10,"seed":67,"numerosity":107,"matchType":"unpaired","which":"second","trial_type":"numerosity-estimation","trial_index":183,"time_elapsed":696435,"subject_id":"77061"},{"rt":2645,"stimulus":68,"slider_start":100,"sprites":"marbles","response":131,"absDeviation":19,"callibration":"test","block":10,"seed":68,"numerosity":150,"matchType":"unpaired","which":"second","trial_type":"numerosity-estimation","trial_index":184,"time_elapsed":699083,"subject_id":"77061"},{"rt":2351,"stimulus":70,"slider_start":100,"sprites":"rocks","response":129,"absDeviation":37,"callibration":"test","block":10,"seed":70,"numerosity":92,"matchType":"paired","which":"first","trial_type":"numerosity-estimation","trial_index":185,"time_elapsed":701438,"subject_id":"77061"},{"rt":2067,"stimulus":70,"slider_start":100,"sprites":"rocks","response":145,"absDeviation":53,"callibration":"test","block":10,"seed":70,"numerosity":92,"matchType":"paired","which":"second","trial_type":"numerosity-estimation","trial_index":186,"time_elapsed":703511,"subject_id":"77061"},{"rt":2217,"stimulus":71,"slider_start":100,"sprites":"buttons","response":144,"absDeviation":37,"callibration":"test","block":10,"seed":71,"numerosity":107,"matchType":"unpaired","which":"second","trial_type":"numerosity-estimation","trial_index":187,"time_elapsed":705730,"subject_id":"77061"},{"rt":2240,"stimulus":72,"slider_start":100,"sprites":"animalCrackers","response":88,"absDeviation":38,"callibration":"test","block":10,"seed":72,"numerosity":50,"matchType":"unpaired","which":"second","trial_type":"numerosity-estimation","trial_index":188,"time_elapsed":707973,"subject_id":"77061"},{"rt":2523,"stimulus":74,"slider_start":100,"sprites":"butterflies","response":77,"absDeviation":13,"callibration":"test","block":10,"seed":74,"numerosity":64,"matchType":"paired","which":"first","trial_type":"numerosity-estimation","trial_index":189,"time_elapsed":710498,"subject_id":"77061"},{"rt":2435,"stimulus":74,"slider_start":100,"sprites":"butterflies","response":68,"absDeviation":4,"callibration":"test","block":10,"seed":74,"numerosity":64,"matchType":"paired","which":"second","trial_type":"numerosity-estimation","trial_index":190,"time_elapsed":712936,"subject_id":"77061"},{"rt":2799,"stimulus":75,"slider_start":100,"sprites":"hearts","response":131,"absDeviation":39,"callibration":"test","block":10,"seed":75,"numerosity":92,"matchType":"unpaired","which":"second","trial_type":"numerosity-estimation","trial_index":191,"time_elapsed":715737,"subject_id":"77061"},{"rt":3291,"stimulus":76,"slider_start":100,"sprites":"crackers","response":95,"absDeviation":31,"callibration":"test","block":10,"seed":76,"numerosity":64,"matchType":"unpaired","which":"second","trial_type":"numerosity-estimation","trial_index":192,"time_elapsed":719031,"subject_id":"77061"},{"rt":2089,"stimulus":78,"slider_start":100,"sprites":"fruits","response":109,"absDeviation":45,"callibration":"test","block":10,"seed":78,"numerosity":64,"matchType":"paired","which":"first","trial_type":"numerosity-estimation","trial_index":193,"time_elapsed":721122,"subject_id":"77061"},{"rt":2183,"stimulus":78,"slider_start":100,"sprites":"fruits","response":110,"absDeviation":46,"callibration":"test","block":10,"seed":78,"numerosity":64,"matchType":"paired","which":"second","trial_type":"numerosity-estimation","trial_index":194,"time_elapsed":723308,"subject_id":"77061"},{"rt":3882,"stimulus":79,"slider_start":100,"sprites":"jellyBeans","response":83,"absDeviation":33,"callibration":"test","block":10,"seed":79,"numerosity":50,"matchType":"unpaired","which":"second","trial_type":"numerosity-estimation","trial_index":195,"time_elapsed":727193,"subject_id":"77061"},{"rt":2872,"stimulus":80,"slider_start":100,"sprites":"marbles","response":112,"absDeviation":9,"callibration":"test","block":10,"seed":80,"numerosity":121,"matchType":"unpaired","which":"second","trial_type":"numerosity-estimation","trial_index":196,"time_elapsed":730068,"subject_id":"77061"},{"rt":1060,"stimulus":"<p> For the last block of trials, the average deviation of your guesses from correct answers was 30.</p>\n     <p>The smaller the deviation the better.  Your deviation was <b> good</b>.</p><br>\n       <p>Press any key to continue to the next block of trials</p>","response":" ","trial_type":"html-keyboard-response","trial_index":197,"time_elapsed":731129,"subject_id":"77061"},{"rt":4709,"stimulus":82,"slider_start":100,"sprites":"rocks","response":96,"absDeviation":32,"callibration":"test","block":11,"seed":82,"numerosity":64,"matchType":"paired","which":"first","trial_type":"numerosity-estimation","trial_index":198,"time_elapsed":735841,"subject_id":"77061"},{"rt":2831,"stimulus":82,"slider_start":100,"sprites":"rocks","response":86,"absDeviation":22,"callibration":"test","block":11,"seed":82,"numerosity":64,"matchType":"paired","which":"second","trial_type":"numerosity-estimation","trial_index":199,"time_elapsed":738675,"subject_id":"77061"},{"rt":2644,"stimulus":83,"slider_start":100,"sprites":"buttons","response":139,"absDeviation":18,"callibration":"test","block":11,"seed":83,"numerosity":121,"matchType":"unpaired","which":"second","trial_type":"numerosity-estimation","trial_index":200,"time_elapsed":741322,"subject_id":"77061"},{"rt":3705,"stimulus":84,"slider_start":100,"sprites":"animalCrackers","response":67,"absDeviation":17,"callibration":"test","block":11,"seed":84,"numerosity":50,"matchType":"unpaired","which":"second","trial_type":"numerosity-estimation","trial_index":201,"time_elapsed":745030,"subject_id":"77061"},{"rt":2403,"stimulus":86,"slider_start":100,"sprites":"butterflies","response":80,"absDeviation":41,"callibration":"test","block":11,"seed":86,"numerosity":121,"matchType":"paired","which":"first","trial_type":"numerosity-estimation","trial_index":202,"time_elapsed":747435,"subject_id":"77061"},{"rt":2878,"stimulus":86,"slider_start":100,"sprites":"butterflies","response":88,"absDeviation":33,"callibration":"test","block":11,"seed":86,"numerosity":121,"matchType":"paired","which":"second","trial_type":"numerosity-estimation","trial_index":203,"time_elapsed":750316,"subject_id":"77061"},{"rt":2663,"stimulus":87,"slider_start":100,"sprites":"hearts","response":89,"absDeviation":39,"callibration":"test","block":11,"seed":87,"numerosity":50,"matchType":"unpaired","which":"second","trial_type":"numerosity-estimation","trial_index":204,"time_elapsed":752982,"subject_id":"77061"},{"rt":2377,"stimulus":88,"slider_start":100,"sprites":"crackers","response":126,"absDeviation":9,"callibration":"test","block":11,"seed":88,"numerosity":135,"matchType":"unpaired","which":"second","trial_type":"numerosity-estimation","trial_index":205,"time_elapsed":755361,"subject_id":"77061"},{"rt":3010,"stimulus":90,"slider_start":100,"sprites":"fruits","response":143,"absDeviation":7,"callibration":"test","block":11,"seed":90,"numerosity":150,"matchType":"paired","which":"first","trial_type":"numerosity-estimation","trial_index":206,"time_elapsed":758374,"subject_id":"77061"},{"rt":3039,"stimulus":90,"slider_start":100,"sprites":"fruits","response":147,"absDeviation":3,"callibration":"test","block":11,"seed":90,"numerosity":150,"matchType":"paired","which":"second","trial_type":"numerosity-estimation","trial_index":207,"time_elapsed":761416,"subject_id":"77061"},{"rt":2680,"stimulus":91,"slider_start":100,"sprites":"jellyBeans","response":132,"absDeviation":40,"callibration":"test","block":11,"seed":91,"numerosity":92,"matchType":"unpaired","which":"second","trial_type":"numerosity-estimation","trial_index":208,"time_elapsed":764097,"subject_id":"77061"},{"rt":2281,"stimulus":92,"slider_start":100,"sprites":"marbles","response":127,"absDeviation":6,"callibration":"test","block":11,"seed":92,"numerosity":121,"matchType":"unpaired","which":"second","trial_type":"numerosity-estimation","trial_index":209,"time_elapsed":766381,"subject_id":"77061"},{"rt":3981,"stimulus":94,"slider_start":100,"sprites":"rocks","response":110,"absDeviation":32,"callibration":"test","block":11,"seed":94,"numerosity":78,"matchType":"paired","which":"first","trial_type":"numerosity-estimation","trial_index":210,"time_elapsed":770364,"subject_id":"77061"},{"rt":2208,"stimulus":94,"slider_start":100,"sprites":"rocks","response":115,"absDeviation":37,"callibration":"test","block":11,"seed":94,"numerosity":78,"matchType":"paired","which":"second","trial_type":"numerosity-estimation","trial_index":211,"time_elapsed":772575,"subject_id":"77061"},{"rt":4175,"stimulus":95,"slider_start":100,"sprites":"buttons","response":93,"absDeviation":29,"callibration":"test","block":11,"seed":95,"numerosity":64,"matchType":"unpaired","which":"second","trial_type":"numerosity-estimation","trial_index":212,"time_elapsed":776753,"subject_id":"77061"},{"rt":3796,"stimulus":96,"slider_start":100,"sprites":"animalCrackers","response":127,"absDeviation":35,"callibration":"test","block":11,"seed":96,"numerosity":92,"matchType":"unpaired","which":"second","trial_type":"numerosity-estimation","trial_index":213,"time_elapsed":780552,"subject_id":"77061"},{"rt":935,"stimulus":"<p> For the last block of trials, the average deviation of your guesses from correct answers was 25.</p>\n     <p>The smaller the deviation the better.  Your deviation was <b> good</b>.</p><br>\n       <p>Press any key to continue to the next block of trials</p>","response":" ","trial_type":"html-keyboard-response","trial_index":214,"time_elapsed":781488,"subject_id":"77061"},{"rt":16431,"response":{"averageEstimates":"When the two displays occured back-to-back, in immediate succession.","firstOrSecond":"The second time the objects were shown"},"question_order":[0,1],"trial_type":"survey-multi-choice","trial_index":215,"time_elapsed":797926,"subject_id":"77061"}]