[{"rt":27143,"url":"consent.html","trial_type":"external-html","trial_index":0,"time_elapsed":27176,"subject_id":"76127"},{"view_history":[{"page_index":0,"viewing_time":6661}],"rt":6661,"trial_type":"instructions","trial_index":1,"time_elapsed":33838,"subject_id":"76127"},{"rt":23959,"stimulus":0,"slider_start":100,"sprites":"animalCrackers","response":61,"absDeviation":11,"callibration":"callibration","block":-1,"seed":0,"numerosity":50,"matchType":"callibration","which":"first","trial_type":"numerosity-estimation","trial_index":2,"time_elapsed":57807,"subject_id":"76127"},{"rt":15376,"stimulus":1,"slider_start":100,"sprites":"letters","response":64,"absDeviation":0,"callibration":"callibration","block":-1,"seed":1,"numerosity":64,"matchType":"callibration","which":"first","trial_type":"numerosity-estimation","trial_index":3,"time_elapsed":73189,"subject_id":"76127"},{"rt":7845,"stimulus":2,"slider_start":100,"sprites":"butterflies","response":78,"absDeviation":0,"callibration":"callibration","block":-1,"seed":2,"numerosity":78,"matchType":"callibration","which":"first","trial_type":"numerosity-estimation","trial_index":4,"time_elapsed":81038,"subject_id":"76127"},{"rt":6195,"stimulus":3,"slider_start":100,"sprites":"hearts","response":92,"absDeviation":0,"callibration":"callibration","block":-1,"seed":3,"numerosity":92,"matchType":"callibration","which":"first","trial_type":"numerosity-estimation","trial_index":5,"time_elapsed":87238,"subject_id":"76127"},{"rt":5780,"stimulus":4,"slider_start":100,"sprites":"crackers","response":107,"absDeviation":0,"callibration":"callibration","block":-1,"seed":4,"numerosity":107,"matchType":"callibration","which":"first","trial_type":"numerosity-estimation","trial_index":6,"time_elapsed":93021,"subject_id":"76127"},{"rt":6195,"stimulus":5,"slider_start":100,"sprites":"bears","response":121,"absDeviation":0,"callibration":"callibration","block":-1,"seed":5,"numerosity":121,"matchType":"callibration","which":"first","trial_type":"numerosity-estimation","trial_index":7,"time_elapsed":99221,"subject_id":"76127"},{"rt":12380,"stimulus":6,"slider_start":100,"sprites":"fruits","response":135,"absDeviation":0,"callibration":"callibration","block":-1,"seed":6,"numerosity":135,"matchType":"callibration","which":"first","trial_type":"numerosity-estimation","trial_index":8,"time_elapsed":111605,"subject_id":"76127"},{"rt":6479,"stimulus":7,"slider_start":100,"sprites":"jellyBeans","response":150,"absDeviation":0,"callibration":"callibration","block":-1,"seed":7,"numerosity":150,"matchType":"callibration","which":"first","trial_type":"numerosity-estimation","trial_index":9,"time_elapsed":118088,"subject_id":"76127"},{"view_history":[{"page_index":0,"viewing_time":18116}],"rt":18117,"trial_type":"instructions","trial_index":10,"time_elapsed":136205,"subject_id":"76127"},{"rt":12764,"stimulus":1,"slider_start":100,"sprites":"letters","response":65,"absDeviation":27,"callibration":"test","block":0,"seed":1,"numerosity":92,"matchType":"paired","which":"first","trial_type":"numerosity-estimation","trial_index":11,"time_elapsed":148972,"subject_id":"76127"},{"rt":10812,"stimulus":1,"slider_start":100,"sprites":"letters","response":80,"absDeviation":12,"callibration":"test","block":0,"seed":1,"numerosity":92,"matchType":"paired","which":"second","trial_type":"numerosity-estimation","trial_index":12,"time_elapsed":159788,"subject_id":"76127"},{"rt":8446,"stimulus":3,"slider_start":100,"sprites":"hearts","response":40,"absDeviation":10,"callibration":"test","block":0,"seed":3,"numerosity":50,"matchType":"unpaired","which":"first","trial_type":"numerosity-estimation","trial_index":13,"time_elapsed":168238,"subject_id":"76127"},{"rt":9813,"stimulus":4,"slider_start":100,"sprites":"crackers","response":90,"absDeviation":17,"callibration":"test","block":0,"seed":4,"numerosity":107,"matchType":"unpaired","which":"first","trial_type":"numerosity-estimation","trial_index":14,"time_elapsed":178055,"subject_id":"76127"},{"rt":9845,"stimulus":5,"slider_start":100,"sprites":"bears","response":30,"absDeviation":20,"callibration":"test","block":0,"seed":5,"numerosity":50,"matchType":"paired","which":"first","trial_type":"numerosity-estimation","trial_index":15,"time_elapsed":187905,"subject_id":"76127"},{"rt":8130,"stimulus":5,"slider_start":100,"sprites":"bears","response":35,"absDeviation":15,"callibration":"test","block":0,"seed":5,"numerosity":50,"matchType":"paired","which":"second","trial_type":"numerosity-estimation","trial_index":16,"time_elapsed":196039,"subject_id":"76127"},{"rt":8230,"stimulus":7,"slider_start":100,"sprites":"jellyBeans","response":50,"absDeviation":0,"callibration":"test","block":0,"seed":7,"numerosity":50,"matchType":"unpaired","which":"first","trial_type":"numerosity-estimation","trial_index":17,"time_elapsed":204272,"subject_id":"76127"},{"rt":9362,"stimulus":8,"slider_start":100,"sprites":"marbles","response":74,"absDeviation":18,"callibration":"test","block":0,"seed":8,"numerosity":92,"matchType":"unpaired","which":"first","trial_type":"numerosity-estimation","trial_index":18,"time_elapsed":213638,"subject_id":"76127"},{"rt":6480,"stimulus":9,"slider_start":100,"sprites":"mints","response":116,"absDeviation":19,"callibration":"test","block":0,"seed":9,"numerosity":135,"matchType":"paired","which":"first","trial_type":"numerosity-estimation","trial_index":19,"time_elapsed":220122,"subject_id":"76127"},{"rt":9228,"stimulus":9,"slider_start":100,"sprites":"mints","response":100,"absDeviation":35,"callibration":"test","block":0,"seed":9,"numerosity":135,"matchType":"paired","which":"second","trial_type":"numerosity-estimation","trial_index":20,"time_elapsed":229355,"subject_id":"76127"},{"rt":8663,"stimulus":11,"slider_start":100,"sprites":"buttons","response":85,"absDeviation":22,"callibration":"test","block":0,"seed":11,"numerosity":107,"matchType":"unpaired","which":"first","trial_type":"numerosity-estimation","trial_index":21,"time_elapsed":238021,"subject_id":"76127"},{"rt":11314,"stimulus":12,"slider_start":100,"sprites":"animalCrackers","response":86,"absDeviation":6,"callibration":"test","block":0,"seed":12,"numerosity":92,"matchType":"unpaired","which":"first","trial_type":"numerosity-estimation","trial_index":22,"time_elapsed":249339,"subject_id":"76127"},{"rt":8528,"stimulus":13,"slider_start":100,"sprites":"letters","response":70,"absDeviation":37,"callibration":"test","block":0,"seed":13,"numerosity":107,"matchType":"paired","which":"first","trial_type":"numerosity-estimation","trial_index":23,"time_elapsed":257871,"subject_id":"76127"},{"rt":10631,"stimulus":13,"slider_start":100,"sprites":"letters","response":80,"absDeviation":27,"callibration":"test","block":0,"seed":13,"numerosity":107,"matchType":"paired","which":"second","trial_type":"numerosity-estimation","trial_index":24,"time_elapsed":268506,"subject_id":"76127"},{"rt":8796,"stimulus":15,"slider_start":100,"sprites":"hearts","response":100,"absDeviation":21,"callibration":"test","block":0,"seed":15,"numerosity":121,"matchType":"unpaired","which":"first","trial_type":"numerosity-estimation","trial_index":25,"time_elapsed":277305,"subject_id":"76127"},{"rt":8890,"stimulus":16,"slider_start":100,"sprites":"crackers","response":50,"absDeviation":14,"callibration":"test","block":0,"seed":16,"numerosity":64,"matchType":"unpaired","which":"first","trial_type":"numerosity-estimation","trial_index":26,"time_elapsed":286205,"subject_id":"76127"},{"rt":23515,"stimulus":"<p> For the last block of trials, the average deviation of your guesses from correct answers was 19.</p>\n     <p>The smaller the deviation the better.  Your deviation was <b> VERY good</b>.</p><br>\n       <p>Press any key to continue to the next block of trials</p>","response":"n","trial_type":"html-keyboard-response","trial_index":27,"time_elapsed":309721,"subject_id":"76127"},{"rt":9375,"stimulus":17,"slider_start":100,"sprites":"bears","response":80,"absDeviation":12,"callibration":"test","block":1,"seed":17,"numerosity":92,"matchType":"paired","which":"first","trial_type":"numerosity-estimation","trial_index":28,"time_elapsed":319105,"subject_id":"76127"},{"rt":7382,"stimulus":17,"slider_start":100,"sprites":"bears","response":80,"absDeviation":12,"callibration":"test","block":1,"seed":17,"numerosity":92,"matchType":"paired","which":"second","trial_type":"numerosity-estimation","trial_index":29,"time_elapsed":326490,"subject_id":"76127"},{"rt":7344,"stimulus":19,"slider_start":100,"sprites":"jellyBeans","response":105,"absDeviation":30,"callibration":"test","block":1,"seed":19,"numerosity":135,"matchType":"unpaired","which":"first","trial_type":"numerosity-estimation","trial_index":30,"time_elapsed":333839,"subject_id":"76127"},{"rt":9362,"stimulus":20,"slider_start":100,"sprites":"marbles","response":45,"absDeviation":33,"callibration":"test","block":1,"seed":20,"numerosity":78,"matchType":"unpaired","which":"first","trial_type":"numerosity-estimation","trial_index":31,"time_elapsed":343205,"subject_id":"76127"},{"rt":7229,"stimulus":21,"slider_start":100,"sprites":"mints","response":90,"absDeviation":2,"callibration":"test","block":1,"seed":21,"numerosity":92,"matchType":"paired","which":"first","trial_type":"numerosity-estimation","trial_index":32,"time_elapsed":350439,"subject_id":"76127"},{"rt":6512,"stimulus":21,"slider_start":100,"sprites":"mints","response":90,"absDeviation":2,"callibration":"test","block":1,"seed":21,"numerosity":92,"matchType":"paired","which":"second","trial_type":"numerosity-estimation","trial_index":33,"time_elapsed":356955,"subject_id":"76127"},{"rt":5648,"stimulus":23,"slider_start":100,"sprites":"buttons","response":100,"absDeviation":50,"callibration":"test","block":1,"seed":23,"numerosity":150,"matchType":"unpaired","which":"first","trial_type":"numerosity-estimation","trial_index":34,"time_elapsed":362607,"subject_id":"76127"},{"rt":6977,"stimulus":24,"slider_start":100,"sprites":"animalCrackers","response":105,"absDeviation":2,"callibration":"test","block":1,"seed":24,"numerosity":107,"matchType":"unpaired","which":"first","trial_type":"numerosity-estimation","trial_index":35,"time_elapsed":369589,"subject_id":"76127"},{"rt":11878,"stimulus":25,"slider_start":100,"sprites":"letters","response":85,"absDeviation":22,"callibration":"test","block":1,"seed":25,"numerosity":107,"matchType":"paired","which":"first","trial_type":"numerosity-estimation","trial_index":36,"time_elapsed":381472,"subject_id":"76127"},{"rt":5896,"stimulus":25,"slider_start":100,"sprites":"letters","response":93,"absDeviation":14,"callibration":"test","block":1,"seed":25,"numerosity":107,"matchType":"paired","which":"second","trial_type":"numerosity-estimation","trial_index":37,"time_elapsed":387373,"subject_id":"76127"},{"rt":5512,"stimulus":27,"slider_start":100,"sprites":"hearts","response":100,"absDeviation":21,"callibration":"test","block":1,"seed":27,"numerosity":121,"matchType":"unpaired","which":"first","trial_type":"numerosity-estimation","trial_index":38,"time_elapsed":392889,"subject_id":"76127"},{"rt":8728,"stimulus":28,"slider_start":100,"sprites":"crackers","response":110,"absDeviation":40,"callibration":"test","block":1,"seed":28,"numerosity":150,"matchType":"unpaired","which":"first","trial_type":"numerosity-estimation","trial_index":39,"time_elapsed":401621,"subject_id":"76127"},{"rt":11676,"stimulus":29,"slider_start":100,"sprites":"bears","response":52,"absDeviation":12,"callibration":"test","block":1,"seed":29,"numerosity":64,"matchType":"paired","which":"first","trial_type":"numerosity-estimation","trial_index":40,"time_elapsed":413305,"subject_id":"76127"},{"rt":10012,"stimulus":29,"slider_start":100,"sprites":"bears","response":40,"absDeviation":24,"callibration":"test","block":1,"seed":29,"numerosity":64,"matchType":"paired","which":"second","trial_type":"numerosity-estimation","trial_index":41,"time_elapsed":423322,"subject_id":"76127"},{"rt":6714,"stimulus":31,"slider_start":100,"sprites":"jellyBeans","response":100,"absDeviation":50,"callibration":"test","block":1,"seed":31,"numerosity":150,"matchType":"unpaired","which":"first","trial_type":"numerosity-estimation","trial_index":42,"time_elapsed":430041,"subject_id":"76127"},{"rt":7295,"stimulus":32,"slider_start":100,"sprites":"marbles","response":70,"absDeviation":65,"callibration":"test","block":1,"seed":32,"numerosity":135,"matchType":"unpaired","which":"first","trial_type":"numerosity-estimation","trial_index":43,"time_elapsed":437341,"subject_id":"76127"},{"rt":55006,"stimulus":"<p> For the last block of trials, the average deviation of your guesses from correct answers was 24.</p>\n     <p>The smaller the deviation the better.  Your deviation was <b> VERY good</b>.</p><br>\n       <p>Press any key to continue to the next block of trials</p>","response":" ","trial_type":"html-keyboard-response","trial_index":44,"time_elapsed":492347,"subject_id":"76127"},{"rt":4999,"stimulus":33,"slider_start":100,"sprites":"mints","response":92,"absDeviation":29,"callibration":"test","block":2,"seed":33,"numerosity":121,"matchType":"paired","which":"first","trial_type":"numerosity-estimation","trial_index":45,"time_elapsed":497355,"subject_id":"76127"},{"rt":7564,"stimulus":33,"slider_start":100,"sprites":"mints","response":90,"absDeviation":31,"callibration":"test","block":2,"seed":33,"numerosity":121,"matchType":"paired","which":"second","trial_type":"numerosity-estimation","trial_index":46,"time_elapsed":504924,"subject_id":"76127"},{"rt":12655,"stimulus":35,"slider_start":100,"sprites":"buttons","response":60,"absDeviation":18,"callibration":"test","block":2,"seed":35,"numerosity":78,"matchType":"unpaired","which":"first","trial_type":"numerosity-estimation","trial_index":47,"time_elapsed":517588,"subject_id":"76127"},{"rt":9309,"stimulus":36,"slider_start":100,"sprites":"animalCrackers","response":50,"absDeviation":0,"callibration":"test","block":2,"seed":36,"numerosity":50,"matchType":"unpaired","which":"first","trial_type":"numerosity-estimation","trial_index":48,"time_elapsed":526906,"subject_id":"76127"},{"rt":6895,"stimulus":37,"slider_start":100,"sprites":"letters","response":90,"absDeviation":45,"callibration":"test","block":2,"seed":37,"numerosity":135,"matchType":"paired","which":"first","trial_type":"numerosity-estimation","trial_index":49,"time_elapsed":533805,"subject_id":"76127"},{"rt":6946,"stimulus":37,"slider_start":100,"sprites":"letters","response":85,"absDeviation":50,"callibration":"test","block":2,"seed":37,"numerosity":135,"matchType":"paired","which":"second","trial_type":"numerosity-estimation","trial_index":50,"time_elapsed":540756,"subject_id":"76127"},{"rt":8862,"stimulus":39,"slider_start":100,"sprites":"hearts","response":80,"absDeviation":2,"callibration":"test","block":2,"seed":39,"numerosity":78,"matchType":"unpaired","which":"first","trial_type":"numerosity-estimation","trial_index":51,"time_elapsed":549622,"subject_id":"76127"},{"rt":9113,"stimulus":40,"slider_start":100,"sprites":"crackers","response":100,"absDeviation":21,"callibration":"test","block":2,"seed":40,"numerosity":121,"matchType":"unpaired","which":"first","trial_type":"numerosity-estimation","trial_index":52,"time_elapsed":558740,"subject_id":"76127"},{"rt":12930,"stimulus":41,"slider_start":100,"sprites":"bears","response":35,"absDeviation":15,"callibration":"test","block":2,"seed":41,"numerosity":50,"matchType":"paired","which":"first","trial_type":"numerosity-estimation","trial_index":53,"time_elapsed":571674,"subject_id":"76127"},{"rt":16740,"stimulus":41,"slider_start":100,"sprites":"bears","response":40,"absDeviation":10,"callibration":"test","block":2,"seed":41,"numerosity":50,"matchType":"paired","which":"second","trial_type":"numerosity-estimation","trial_index":54,"time_elapsed":588422,"subject_id":"76127"},{"rt":13306,"stimulus":43,"slider_start":100,"sprites":"jellyBeans","response":55,"absDeviation":9,"callibration":"test","block":2,"seed":43,"numerosity":64,"matchType":"unpaired","which":"first","trial_type":"numerosity-estimation","trial_index":55,"time_elapsed":601739,"subject_id":"76127"},{"rt":16109,"stimulus":44,"slider_start":100,"sprites":"marbles","response":70,"absDeviation":51,"callibration":"test","block":2,"seed":44,"numerosity":121,"matchType":"unpaired","which":"first","trial_type":"numerosity-estimation","trial_index":56,"time_elapsed":617857,"subject_id":"76127"},{"rt":6811,"stimulus":45,"slider_start":100,"sprites":"mints","response":100,"absDeviation":21,"callibration":"test","block":2,"seed":45,"numerosity":121,"matchType":"paired","which":"first","trial_type":"numerosity-estimation","trial_index":57,"time_elapsed":624673,"subject_id":"76127"},{"rt":6610,"stimulus":45,"slider_start":100,"sprites":"mints","response":105,"absDeviation":16,"callibration":"test","block":2,"seed":45,"numerosity":121,"matchType":"paired","which":"second","trial_type":"numerosity-estimation","trial_index":58,"time_elapsed":631291,"subject_id":"76127"},{"rt":7427,"stimulus":47,"slider_start":100,"sprites":"buttons","response":105,"absDeviation":16,"callibration":"test","block":2,"seed":47,"numerosity":121,"matchType":"unpaired","which":"first","trial_type":"numerosity-estimation","trial_index":59,"time_elapsed":638722,"subject_id":"76127"},{"rt":10026,"stimulus":48,"slider_start":100,"sprites":"animalCrackers","response":115,"absDeviation":20,"callibration":"test","block":2,"seed":48,"numerosity":135,"matchType":"unpaired","which":"first","trial_type":"numerosity-estimation","trial_index":60,"time_elapsed":648756,"subject_id":"76127"},{"rt":9864,"stimulus":"<p> For the last block of trials, the average deviation of your guesses from correct answers was 22.</p>\n     <p>The smaller the deviation the better.  Your deviation was <b> VERY good</b>.</p><br>\n       <p>Press any key to continue to the next block of trials</p>","response":" ","trial_type":"html-keyboard-response","trial_index":61,"time_elapsed":658622,"subject_id":"76127"},{"rt":11278,"stimulus":49,"slider_start":100,"sprites":"letters","response":55,"absDeviation":23,"callibration":"test","block":3,"seed":49,"numerosity":78,"matchType":"paired","which":"first","trial_type":"numerosity-estimation","trial_index":62,"time_elapsed":669906,"subject_id":"76127"},{"rt":7329,"stimulus":49,"slider_start":100,"sprites":"letters","response":40,"absDeviation":38,"callibration":"test","block":3,"seed":49,"numerosity":78,"matchType":"paired","which":"second","trial_type":"numerosity-estimation","trial_index":63,"time_elapsed":677239,"subject_id":"76127"},{"rt":5447,"stimulus":51,"slider_start":100,"sprites":"hearts","response":120,"absDeviation":30,"callibration":"test","block":3,"seed":51,"numerosity":150,"matchType":"unpaired","which":"first","trial_type":"numerosity-estimation","trial_index":64,"time_elapsed":682690,"subject_id":"76127"},{"rt":9961,"stimulus":52,"slider_start":100,"sprites":"crackers","response":80,"absDeviation":2,"callibration":"test","block":3,"seed":52,"numerosity":78,"matchType":"unpaired","which":"first","trial_type":"numerosity-estimation","trial_index":65,"time_elapsed":692656,"subject_id":"76127"},{"rt":12364,"stimulus":53,"slider_start":100,"sprites":"bears","response":30,"absDeviation":20,"callibration":"test","block":3,"seed":53,"numerosity":50,"matchType":"paired","which":"first","trial_type":"numerosity-estimation","trial_index":66,"time_elapsed":705024,"subject_id":"76127"},{"rt":9478,"stimulus":53,"slider_start":100,"sprites":"bears","response":35,"absDeviation":15,"callibration":"test","block":3,"seed":53,"numerosity":50,"matchType":"paired","which":"second","trial_type":"numerosity-estimation","trial_index":67,"time_elapsed":714506,"subject_id":"76127"},{"rt":6261,"stimulus":55,"slider_start":100,"sprites":"jellyBeans","response":105,"absDeviation":16,"callibration":"test","block":3,"seed":55,"numerosity":121,"matchType":"unpaired","which":"first","trial_type":"numerosity-estimation","trial_index":68,"time_elapsed":720774,"subject_id":"76127"},{"rt":12460,"stimulus":56,"slider_start":100,"sprites":"marbles","response":55,"absDeviation":9,"callibration":"test","block":3,"seed":56,"numerosity":64,"matchType":"unpaired","which":"first","trial_type":"numerosity-estimation","trial_index":69,"time_elapsed":733239,"subject_id":"76127"},{"rt":11161,"stimulus":57,"slider_start":100,"sprites":"mints","response":50,"absDeviation":14,"callibration":"test","block":3,"seed":57,"numerosity":64,"matchType":"paired","which":"first","trial_type":"numerosity-estimation","trial_index":70,"time_elapsed":744405,"subject_id":"76127"},{"rt":11031,"stimulus":57,"slider_start":100,"sprites":"mints","response":50,"absDeviation":14,"callibration":"test","block":3,"seed":57,"numerosity":64,"matchType":"paired","which":"second","trial_type":"numerosity-estimation","trial_index":71,"time_elapsed":755440,"subject_id":"76127"},{"rt":6128,"stimulus":59,"slider_start":100,"sprites":"buttons","response":110,"absDeviation":25,"callibration":"test","block":3,"seed":59,"numerosity":135,"matchType":"unpaired","which":"first","trial_type":"numerosity-estimation","trial_index":72,"time_elapsed":761574,"subject_id":"76127"},{"rt":8044,"stimulus":60,"slider_start":100,"sprites":"animalCrackers","response":115,"absDeviation":35,"callibration":"test","block":3,"seed":60,"numerosity":150,"matchType":"unpaired","which":"first","trial_type":"numerosity-estimation","trial_index":73,"time_elapsed":769622,"subject_id":"76127"},{"rt":11726,"stimulus":61,"slider_start":100,"sprites":"letters","response":25,"absDeviation":25,"callibration":"test","block":3,"seed":61,"numerosity":50,"matchType":"paired","which":"first","trial_type":"numerosity-estimation","trial_index":74,"time_elapsed":781355,"subject_id":"76127"},{"rt":10445,"stimulus":61,"slider_start":100,"sprites":"letters","response":25,"absDeviation":25,"callibration":"test","block":3,"seed":61,"numerosity":50,"matchType":"paired","which":"second","trial_type":"numerosity-estimation","trial_index":75,"time_elapsed":791806,"subject_id":"76127"},{"rt":12961,"stimulus":63,"slider_start":100,"sprites":"hearts","response":55,"absDeviation":9,"callibration":"test","block":3,"seed":63,"numerosity":64,"matchType":"unpaired","which":"first","trial_type":"numerosity-estimation","trial_index":76,"time_elapsed":804773,"subject_id":"76127"},{"rt":5556,"stimulus":64,"slider_start":100,"sprites":"crackers","response":100,"absDeviation":35,"callibration":"test","block":3,"seed":64,"numerosity":135,"matchType":"unpaired","which":"first","trial_type":"numerosity-estimation","trial_index":77,"time_elapsed":810339,"subject_id":"76127"},{"rt":6183,"stimulus":"<p> For the last block of trials, the average deviation of your guesses from correct answers was 21.</p>\n     <p>The smaller the deviation the better.  Your deviation was <b> VERY good</b>.</p><br>\n       <p>Press any key to continue to the next block of trials</p>","response":" ","trial_type":"html-keyboard-response","trial_index":78,"time_elapsed":816525,"subject_id":"76127"},{"rt":14326,"stimulus":65,"slider_start":100,"sprites":"bears","response":65,"absDeviation":42,"callibration":"test","block":4,"seed":65,"numerosity":107,"matchType":"paired","which":"first","trial_type":"numerosity-estimation","trial_index":79,"time_elapsed":830856,"subject_id":"76127"},{"rt":7763,"stimulus":65,"slider_start":100,"sprites":"bears","response":55,"absDeviation":52,"callibration":"test","block":4,"seed":65,"numerosity":107,"matchType":"paired","which":"second","trial_type":"numerosity-estimation","trial_index":80,"time_elapsed":838623,"subject_id":"76127"},{"rt":7895,"stimulus":67,"slider_start":100,"sprites":"jellyBeans","response":65,"absDeviation":42,"callibration":"test","block":4,"seed":67,"numerosity":107,"matchType":"unpaired","which":"first","trial_type":"numerosity-estimation","trial_index":81,"time_elapsed":846523,"subject_id":"76127"},{"rt":9230,"stimulus":68,"slider_start":100,"sprites":"marbles","response":50,"absDeviation":100,"callibration":"test","block":4,"seed":68,"numerosity":150,"matchType":"unpaired","which":"first","trial_type":"numerosity-estimation","trial_index":82,"time_elapsed":855756,"subject_id":"76127"},{"rt":5974,"stimulus":69,"slider_start":100,"sprites":"mints","response":90,"absDeviation":31,"callibration":"test","block":4,"seed":69,"numerosity":121,"matchType":"paired","which":"first","trial_type":"numerosity-estimation","trial_index":83,"time_elapsed":861740,"subject_id":"76127"},{"rt":7897,"stimulus":69,"slider_start":100,"sprites":"mints","response":85,"absDeviation":36,"callibration":"test","block":4,"seed":69,"numerosity":121,"matchType":"paired","which":"second","trial_type":"numerosity-estimation","trial_index":84,"time_elapsed":869641,"subject_id":"76127"},{"rt":9110,"stimulus":71,"slider_start":100,"sprites":"buttons","response":70,"absDeviation":37,"callibration":"test","block":4,"seed":71,"numerosity":107,"matchType":"unpaired","which":"first","trial_type":"numerosity-estimation","trial_index":85,"time_elapsed":878755,"subject_id":"76127"},{"rt":11498,"stimulus":72,"slider_start":100,"sprites":"animalCrackers","response":30,"absDeviation":20,"callibration":"test","block":4,"seed":72,"numerosity":50,"matchType":"unpaired","which":"first","trial_type":"numerosity-estimation","trial_index":86,"time_elapsed":890258,"subject_id":"76127"},{"rt":11723,"stimulus":73,"slider_start":100,"sprites":"letters","response":40,"absDeviation":38,"callibration":"test","block":4,"seed":73,"numerosity":78,"matchType":"paired","which":"first","trial_type":"numerosity-estimation","trial_index":87,"time_elapsed":901989,"subject_id":"76127"},{"rt":8462,"stimulus":73,"slider_start":100,"sprites":"letters","response":45,"absDeviation":33,"callibration":"test","block":4,"seed":73,"numerosity":78,"matchType":"paired","which":"second","trial_type":"numerosity-estimation","trial_index":88,"time_elapsed":910456,"subject_id":"76127"},{"rt":8064,"stimulus":75,"slider_start":100,"sprites":"hearts","response":70,"absDeviation":22,"callibration":"test","block":4,"seed":75,"numerosity":92,"matchType":"unpaired","which":"first","trial_type":"numerosity-estimation","trial_index":89,"time_elapsed":918525,"subject_id":"76127"},{"rt":9657,"stimulus":76,"slider_start":100,"sprites":"crackers","response":40,"absDeviation":24,"callibration":"test","block":4,"seed":76,"numerosity":64,"matchType":"unpaired","which":"first","trial_type":"numerosity-estimation","trial_index":90,"time_elapsed":928190,"subject_id":"76127"},{"rt":5830,"stimulus":77,"slider_start":100,"sprites":"bears","response":100,"absDeviation":35,"callibration":"test","block":4,"seed":77,"numerosity":135,"matchType":"paired","which":"first","trial_type":"numerosity-estimation","trial_index":91,"time_elapsed":934023,"subject_id":"76127"},{"rt":5182,"stimulus":77,"slider_start":100,"sprites":"bears","response":95,"absDeviation":40,"callibration":"test","block":4,"seed":77,"numerosity":135,"matchType":"paired","which":"second","trial_type":"numerosity-estimation","trial_index":92,"time_elapsed":939208,"subject_id":"76127"},{"rt":12262,"stimulus":79,"slider_start":100,"sprites":"jellyBeans","response":30,"absDeviation":20,"callibration":"test","block":4,"seed":79,"numerosity":50,"matchType":"unpaired","which":"first","trial_type":"numerosity-estimation","trial_index":93,"time_elapsed":951475,"subject_id":"76127"},{"rt":9577,"stimulus":80,"slider_start":100,"sprites":"marbles","response":55,"absDeviation":66,"callibration":"test","block":4,"seed":80,"numerosity":121,"matchType":"unpaired","which":"first","trial_type":"numerosity-estimation","trial_index":94,"time_elapsed":961056,"subject_id":"76127"},{"rt":31706,"stimulus":"<p> For the last block of trials, the average deviation of your guesses from correct answers was 40.</p>\n     <p>The smaller the deviation the better.  Your deviation was <b> good</b>.</p><br>\n       <p>Press any key to continue to the next block of trials</p>","response":" ","trial_type":"html-keyboard-response","trial_index":95,"time_elapsed":992764,"subject_id":"76127"},{"rt":5667,"stimulus":81,"slider_start":100,"sprites":"mints","response":95,"absDeviation":26,"callibration":"test","block":5,"seed":81,"numerosity":121,"matchType":"paired","which":"first","trial_type":"numerosity-estimation","trial_index":96,"time_elapsed":998439,"subject_id":"76127"},{"rt":5930,"stimulus":81,"slider_start":100,"sprites":"mints","response":90,"absDeviation":31,"callibration":"test","block":5,"seed":81,"numerosity":121,"matchType":"paired","which":"second","trial_type":"numerosity-estimation","trial_index":97,"time_elapsed":1004373,"subject_id":"76127"},{"rt":6846,"stimulus":83,"slider_start":100,"sprites":"buttons","response":100,"absDeviation":21,"callibration":"test","block":5,"seed":83,"numerosity":121,"matchType":"unpaired","which":"first","trial_type":"numerosity-estimation","trial_index":98,"time_elapsed":1011223,"subject_id":"76127"},{"rt":7713,"stimulus":84,"slider_start":100,"sprites":"animalCrackers","response":35,"absDeviation":15,"callibration":"test","block":5,"seed":84,"numerosity":50,"matchType":"unpaired","which":"first","trial_type":"numerosity-estimation","trial_index":99,"time_elapsed":1018940,"subject_id":"76127"},{"rt":9896,"stimulus":85,"slider_start":100,"sprites":"letters","response":35,"absDeviation":29,"callibration":"test","block":5,"seed":85,"numerosity":64,"matchType":"paired","which":"first","trial_type":"numerosity-estimation","trial_index":100,"time_elapsed":1028840,"subject_id":"76127"},{"rt":9963,"stimulus":85,"slider_start":100,"sprites":"letters","response":40,"absDeviation":24,"callibration":"test","block":5,"seed":85,"numerosity":64,"matchType":"paired","which":"second","trial_type":"numerosity-estimation","trial_index":101,"time_elapsed":1038807,"subject_id":"76127"},{"rt":13165,"stimulus":87,"slider_start":100,"sprites":"hearts","response":45,"absDeviation":5,"callibration":"test","block":5,"seed":87,"numerosity":50,"matchType":"unpaired","which":"first","trial_type":"numerosity-estimation","trial_index":102,"time_elapsed":1051977,"subject_id":"76127"},{"rt":4826,"stimulus":88,"slider_start":100,"sprites":"crackers","response":105,"absDeviation":30,"callibration":"test","block":5,"seed":88,"numerosity":135,"matchType":"unpaired","which":"first","trial_type":"numerosity-estimation","trial_index":103,"time_elapsed":1056800,"subject_id":"76127"},{"rt":9095,"stimulus":89,"slider_start":100,"sprites":"bears","response":35,"absDeviation":15,"callibration":"test","block":5,"seed":89,"numerosity":50,"matchType":"paired","which":"first","trial_type":"numerosity-estimation","trial_index":104,"time_elapsed":1065889,"subject_id":"76127"},{"rt":11431,"stimulus":89,"slider_start":100,"sprites":"bears","response":45,"absDeviation":5,"callibration":"test","block":5,"seed":89,"numerosity":50,"matchType":"paired","which":"second","trial_type":"numerosity-estimation","trial_index":105,"time_elapsed":1077317,"subject_id":"76127"},{"rt":8512,"stimulus":91,"slider_start":100,"sprites":"jellyBeans","response":94,"absDeviation":2,"callibration":"test","block":5,"seed":91,"numerosity":92,"matchType":"unpaired","which":"first","trial_type":"numerosity-estimation","trial_index":106,"time_elapsed":1085832,"subject_id":"76127"},{"rt":7628,"stimulus":92,"slider_start":100,"sprites":"marbles","response":75,"absDeviation":46,"callibration":"test","block":5,"seed":92,"numerosity":121,"matchType":"unpaired","which":"first","trial_type":"numerosity-estimation","trial_index":107,"time_elapsed":1093463,"subject_id":"76127"},{"rt":8060,"stimulus":93,"slider_start":100,"sprites":"mints","response":80,"absDeviation":2,"callibration":"test","block":5,"seed":93,"numerosity":78,"matchType":"paired","which":"first","trial_type":"numerosity-estimation","trial_index":108,"time_elapsed":1101528,"subject_id":"76127"},{"rt":9731,"stimulus":93,"slider_start":100,"sprites":"mints","response":70,"absDeviation":8,"callibration":"test","block":5,"seed":93,"numerosity":78,"matchType":"paired","which":"second","trial_type":"numerosity-estimation","trial_index":109,"time_elapsed":1111262,"subject_id":"76127"},{"rt":8495,"stimulus":95,"slider_start":100,"sprites":"buttons","response":60,"absDeviation":4,"callibration":"test","block":5,"seed":95,"numerosity":64,"matchType":"unpaired","which":"first","trial_type":"numerosity-estimation","trial_index":110,"time_elapsed":1119761,"subject_id":"76127"},{"rt":4511,"stimulus":96,"slider_start":100,"sprites":"animalCrackers","response":100,"absDeviation":8,"callibration":"test","block":5,"seed":96,"numerosity":92,"matchType":"unpaired","which":"first","trial_type":"numerosity-estimation","trial_index":111,"time_elapsed":1124277,"subject_id":"76127"},{"rt":3803,"stimulus":"<p> For the last block of trials, the average deviation of your guesses from correct answers was 17.</p>\n     <p>The smaller the deviation the better.  Your deviation was <b> VERY good</b>.</p><br>\n       <p>Press any key to continue to the next block of trials</p>","response":" ","trial_type":"html-keyboard-response","trial_index":112,"time_elapsed":1128081,"subject_id":"76127"},{"rt":6456,"stimulus":2,"slider_start":100,"sprites":"butterflies","response":90,"absDeviation":45,"callibration":"test","block":6,"seed":2,"numerosity":135,"matchType":"paired","which":"first","trial_type":"numerosity-estimation","trial_index":113,"time_elapsed":1134545,"subject_id":"76127"},{"rt":4712,"stimulus":2,"slider_start":100,"sprites":"butterflies","response":100,"absDeviation":35,"callibration":"test","block":6,"seed":2,"numerosity":135,"matchType":"paired","which":"second","trial_type":"numerosity-estimation","trial_index":114,"time_elapsed":1139261,"subject_id":"76127"},{"rt":8945,"stimulus":3,"slider_start":100,"sprites":"hearts","response":40,"absDeviation":10,"callibration":"test","block":6,"seed":3,"numerosity":50,"matchType":"unpaired","which":"second","trial_type":"numerosity-estimation","trial_index":115,"time_elapsed":1148210,"subject_id":"76127"},{"rt":5663,"stimulus":4,"slider_start":100,"sprites":"crackers","response":100,"absDeviation":7,"callibration":"test","block":6,"seed":4,"numerosity":107,"matchType":"unpaired","which":"second","trial_type":"numerosity-estimation","trial_index":116,"time_elapsed":1153878,"subject_id":"76127"},{"rt":7195,"stimulus":6,"slider_start":100,"sprites":"fruits","response":80,"absDeviation":2,"callibration":"test","block":6,"seed":6,"numerosity":78,"matchType":"paired","which":"first","trial_type":"numerosity-estimation","trial_index":117,"time_elapsed":1161077,"subject_id":"76127"},{"rt":7580,"stimulus":6,"slider_start":100,"sprites":"fruits","response":75,"absDeviation":3,"callibration":"test","block":6,"seed":6,"numerosity":78,"matchType":"paired","which":"second","trial_type":"numerosity-estimation","trial_index":118,"time_elapsed":1168660,"subject_id":"76127"},{"rt":8112,"stimulus":7,"slider_start":100,"sprites":"jellyBeans","response":40,"absDeviation":10,"callibration":"test","block":6,"seed":7,"numerosity":50,"matchType":"unpaired","which":"second","trial_type":"numerosity-estimation","trial_index":119,"time_elapsed":1176777,"subject_id":"76127"},{"rt":10813,"stimulus":8,"slider_start":100,"sprites":"marbles","response":55,"absDeviation":37,"callibration":"test","block":6,"seed":8,"numerosity":92,"matchType":"unpaired","which":"second","trial_type":"numerosity-estimation","trial_index":120,"time_elapsed":1187594,"subject_id":"76127"},{"rt":8962,"stimulus":10,"slider_start":100,"sprites":"rocks","response":40,"absDeviation":10,"callibration":"test","block":6,"seed":10,"numerosity":50,"matchType":"paired","which":"first","trial_type":"numerosity-estimation","trial_index":121,"time_elapsed":1196560,"subject_id":"76127"},{"rt":8313,"stimulus":10,"slider_start":100,"sprites":"rocks","response":45,"absDeviation":5,"callibration":"test","block":6,"seed":10,"numerosity":50,"matchType":"paired","which":"second","trial_type":"numerosity-estimation","trial_index":122,"time_elapsed":1204876,"subject_id":"76127"},{"rt":5246,"stimulus":11,"slider_start":100,"sprites":"buttons","response":100,"absDeviation":7,"callibration":"test","block":6,"seed":11,"numerosity":107,"matchType":"unpaired","which":"second","trial_type":"numerosity-estimation","trial_index":123,"time_elapsed":1210127,"subject_id":"76127"},{"rt":6262,"stimulus":12,"slider_start":100,"sprites":"animalCrackers","response":95,"absDeviation":3,"callibration":"test","block":6,"seed":12,"numerosity":92,"matchType":"unpaired","which":"second","trial_type":"numerosity-estimation","trial_index":124,"time_elapsed":1216393,"subject_id":"76127"},{"rt":6245,"stimulus":14,"slider_start":100,"sprites":"butterflies","response":90,"absDeviation":60,"callibration":"test","block":6,"seed":14,"numerosity":150,"matchType":"paired","which":"first","trial_type":"numerosity-estimation","trial_index":125,"time_elapsed":1222643,"subject_id":"76127"},{"rt":4995,"stimulus":14,"slider_start":100,"sprites":"butterflies","response":100,"absDeviation":50,"callibration":"test","block":6,"seed":14,"numerosity":150,"matchType":"paired","which":"second","trial_type":"numerosity-estimation","trial_index":126,"time_elapsed":1227643,"subject_id":"76127"},{"rt":4879,"stimulus":15,"slider_start":100,"sprites":"hearts","response":105,"absDeviation":16,"callibration":"test","block":6,"seed":15,"numerosity":121,"matchType":"unpaired","which":"second","trial_type":"numerosity-estimation","trial_index":127,"time_elapsed":1232526,"subject_id":"76127"},{"rt":5997,"stimulus":16,"slider_start":100,"sprites":"crackers","response":50,"absDeviation":14,"callibration":"test","block":6,"seed":16,"numerosity":64,"matchType":"unpaired","which":"second","trial_type":"numerosity-estimation","trial_index":128,"time_elapsed":1238528,"subject_id":"76127"},{"rt":32352,"stimulus":"<p> For the last block of trials, the average deviation of your guesses from correct answers was 20.</p>\n     <p>The smaller the deviation the better.  Your deviation was <b> VERY good</b>.</p><br>\n       <p>Press any key to continue to the next block of trials</p>","response":" ","trial_type":"html-keyboard-response","trial_index":129,"time_elapsed":1270881,"subject_id":"76127"},{"rt":9537,"stimulus":18,"slider_start":100,"sprites":"fruits","response":80,"absDeviation":27,"callibration":"test","block":7,"seed":18,"numerosity":107,"matchType":"paired","which":"first","trial_type":"numerosity-estimation","trial_index":130,"time_elapsed":1280427,"subject_id":"76127"},{"rt":6946,"stimulus":18,"slider_start":100,"sprites":"fruits","response":90,"absDeviation":17,"callibration":"test","block":7,"seed":18,"numerosity":107,"matchType":"paired","which":"second","trial_type":"numerosity-estimation","trial_index":131,"time_elapsed":1287377,"subject_id":"76127"},{"rt":6243,"stimulus":19,"slider_start":100,"sprites":"jellyBeans","response":100,"absDeviation":35,"callibration":"test","block":7,"seed":19,"numerosity":135,"matchType":"unpaired","which":"second","trial_type":"numerosity-estimation","trial_index":132,"time_elapsed":1293625,"subject_id":"76127"},{"rt":10746,"stimulus":20,"slider_start":100,"sprites":"marbles","response":40,"absDeviation":38,"callibration":"test","block":7,"seed":20,"numerosity":78,"matchType":"unpaired","which":"second","trial_type":"numerosity-estimation","trial_index":133,"time_elapsed":1304376,"subject_id":"76127"},{"rt":9079,"stimulus":22,"slider_start":100,"sprites":"rocks","response":64,"absDeviation":28,"callibration":"test","block":7,"seed":22,"numerosity":92,"matchType":"paired","which":"first","trial_type":"numerosity-estimation","trial_index":134,"time_elapsed":1313459,"subject_id":"76127"},{"rt":11346,"stimulus":22,"slider_start":100,"sprites":"rocks","response":70,"absDeviation":22,"callibration":"test","block":7,"seed":22,"numerosity":92,"matchType":"paired","which":"second","trial_type":"numerosity-estimation","trial_index":135,"time_elapsed":1324809,"subject_id":"76127"},{"rt":5245,"stimulus":23,"slider_start":100,"sprites":"buttons","response":105,"absDeviation":45,"callibration":"test","block":7,"seed":23,"numerosity":150,"matchType":"unpaired","which":"second","trial_type":"numerosity-estimation","trial_index":136,"time_elapsed":1330059,"subject_id":"76127"},{"rt":5613,"stimulus":24,"slider_start":100,"sprites":"animalCrackers","response":90,"absDeviation":17,"callibration":"test","block":7,"seed":24,"numerosity":107,"matchType":"unpaired","which":"second","trial_type":"numerosity-estimation","trial_index":137,"time_elapsed":1335676,"subject_id":"76127"},{"rt":7331,"stimulus":26,"slider_start":100,"sprites":"butterflies","response":75,"absDeviation":17,"callibration":"test","block":7,"seed":26,"numerosity":92,"matchType":"paired","which":"first","trial_type":"numerosity-estimation","trial_index":138,"time_elapsed":1343011,"subject_id":"76127"},{"rt":5662,"stimulus":26,"slider_start":100,"sprites":"butterflies","response":70,"absDeviation":22,"callibration":"test","block":7,"seed":26,"numerosity":92,"matchType":"paired","which":"second","trial_type":"numerosity-estimation","trial_index":139,"time_elapsed":1348677,"subject_id":"76127"},{"rt":4610,"stimulus":27,"slider_start":100,"sprites":"hearts","response":100,"absDeviation":21,"callibration":"test","block":7,"seed":27,"numerosity":121,"matchType":"unpaired","which":"second","trial_type":"numerosity-estimation","trial_index":140,"time_elapsed":1353292,"subject_id":"76127"},{"rt":3995,"stimulus":28,"slider_start":100,"sprites":"crackers","response":110,"absDeviation":40,"callibration":"test","block":7,"seed":28,"numerosity":150,"matchType":"unpaired","which":"second","trial_type":"numerosity-estimation","trial_index":141,"time_elapsed":1357292,"subject_id":"76127"},{"rt":6730,"stimulus":30,"slider_start":100,"sprites":"fruits","response":90,"absDeviation":17,"callibration":"test","block":7,"seed":30,"numerosity":107,"matchType":"paired","which":"first","trial_type":"numerosity-estimation","trial_index":142,"time_elapsed":1364025,"subject_id":"76127"},{"rt":8747,"stimulus":30,"slider_start":100,"sprites":"fruits","response":85,"absDeviation":22,"callibration":"test","block":7,"seed":30,"numerosity":107,"matchType":"paired","which":"second","trial_type":"numerosity-estimation","trial_index":143,"time_elapsed":1372776,"subject_id":"76127"},{"rt":5328,"stimulus":31,"slider_start":100,"sprites":"jellyBeans","response":102,"absDeviation":48,"callibration":"test","block":7,"seed":31,"numerosity":150,"matchType":"unpaired","which":"second","trial_type":"numerosity-estimation","trial_index":144,"time_elapsed":1378109,"subject_id":"76127"},{"rt":11729,"stimulus":32,"slider_start":100,"sprites":"marbles","response":50,"absDeviation":85,"callibration":"test","block":7,"seed":32,"numerosity":135,"matchType":"unpaired","which":"second","trial_type":"numerosity-estimation","trial_index":145,"time_elapsed":1389842,"subject_id":"76127"},{"rt":90376,"stimulus":"<p> For the last block of trials, the average deviation of your guesses from correct answers was 31.</p>\n     <p>The smaller the deviation the better.  Your deviation was <b> good</b>.</p><br>\n       <p>Press any key to continue to the next block of trials</p>","response":" ","trial_type":"html-keyboard-response","trial_index":146,"time_elapsed":1480217,"subject_id":"76127"},{"rt":9533,"stimulus":34,"slider_start":100,"sprites":"rocks","response":40,"absDeviation":10,"callibration":"test","block":8,"seed":34,"numerosity":50,"matchType":"paired","which":"first","trial_type":"numerosity-estimation","trial_index":147,"time_elapsed":1489758,"subject_id":"76127"},{"rt":9558,"stimulus":34,"slider_start":100,"sprites":"rocks","response":45,"absDeviation":5,"callibration":"test","block":8,"seed":34,"numerosity":50,"matchType":"paired","which":"second","trial_type":"numerosity-estimation","trial_index":148,"time_elapsed":1499324,"subject_id":"76127"},{"rt":12057,"stimulus":35,"slider_start":100,"sprites":"buttons","response":95,"absDeviation":17,"callibration":"test","block":8,"seed":35,"numerosity":78,"matchType":"unpaired","which":"second","trial_type":"numerosity-estimation","trial_index":149,"time_elapsed":1511391,"subject_id":"76127"},{"rt":24112,"stimulus":36,"slider_start":100,"sprites":"animalCrackers","response":64,"absDeviation":14,"callibration":"test","block":8,"seed":36,"numerosity":50,"matchType":"unpaired","which":"second","trial_type":"numerosity-estimation","trial_index":150,"time_elapsed":1535507,"subject_id":"76127"},{"rt":7397,"stimulus":38,"slider_start":100,"sprites":"butterflies","response":70,"absDeviation":8,"callibration":"test","block":8,"seed":38,"numerosity":78,"matchType":"paired","which":"first","trial_type":"numerosity-estimation","trial_index":151,"time_elapsed":1542909,"subject_id":"76127"},{"rt":19222,"stimulus":38,"slider_start":100,"sprites":"butterflies","response":45,"absDeviation":33,"callibration":"test","block":8,"seed":38,"numerosity":78,"matchType":"paired","which":"second","trial_type":"numerosity-estimation","trial_index":152,"time_elapsed":1562141,"subject_id":"76127"},{"rt":13197,"stimulus":39,"slider_start":100,"sprites":"hearts","response":110,"absDeviation":32,"callibration":"test","block":8,"seed":39,"numerosity":78,"matchType":"unpaired","which":"second","trial_type":"numerosity-estimation","trial_index":153,"time_elapsed":1575342,"subject_id":"76127"},{"rt":5857,"stimulus":40,"slider_start":100,"sprites":"crackers","response":110,"absDeviation":11,"callibration":"test","block":8,"seed":40,"numerosity":121,"matchType":"unpaired","which":"second","trial_type":"numerosity-estimation","trial_index":154,"time_elapsed":1581207,"subject_id":"76127"},{"rt":19312,"stimulus":42,"slider_start":100,"sprites":"fruits","response":60,"absDeviation":18,"callibration":"test","block":8,"seed":42,"numerosity":78,"matchType":"paired","which":"first","trial_type":"numerosity-estimation","trial_index":155,"time_elapsed":1600524,"subject_id":"76127"},{"rt":7113,"stimulus":42,"slider_start":100,"sprites":"fruits","response":50,"absDeviation":28,"callibration":"test","block":8,"seed":42,"numerosity":78,"matchType":"paired","which":"second","trial_type":"numerosity-estimation","trial_index":156,"time_elapsed":1607641,"subject_id":"76127"},{"rt":6761,"stimulus":43,"slider_start":100,"sprites":"jellyBeans","response":45,"absDeviation":19,"callibration":"test","block":8,"seed":43,"numerosity":64,"matchType":"unpaired","which":"second","trial_type":"numerosity-estimation","trial_index":157,"time_elapsed":1614407,"subject_id":"76127"},{"rt":6628,"stimulus":44,"slider_start":100,"sprites":"marbles","response":75,"absDeviation":46,"callibration":"test","block":8,"seed":44,"numerosity":121,"matchType":"unpaired","which":"second","trial_type":"numerosity-estimation","trial_index":158,"time_elapsed":1621040,"subject_id":"76127"},{"rt":5829,"stimulus":46,"slider_start":100,"sprites":"rocks","response":100,"absDeviation":7,"callibration":"test","block":8,"seed":46,"numerosity":107,"matchType":"paired","which":"first","trial_type":"numerosity-estimation","trial_index":159,"time_elapsed":1626873,"subject_id":"76127"},{"rt":6131,"stimulus":46,"slider_start":100,"sprites":"rocks","response":95,"absDeviation":12,"callibration":"test","block":8,"seed":46,"numerosity":107,"matchType":"paired","which":"second","trial_type":"numerosity-estimation","trial_index":160,"time_elapsed":1633007,"subject_id":"76127"},{"rt":4529,"stimulus":47,"slider_start":100,"sprites":"buttons","response":105,"absDeviation":16,"callibration":"test","block":8,"seed":47,"numerosity":121,"matchType":"unpaired","which":"second","trial_type":"numerosity-estimation","trial_index":161,"time_elapsed":1637540,"subject_id":"76127"},{"rt":5208,"stimulus":48,"slider_start":100,"sprites":"animalCrackers","response":112,"absDeviation":23,"callibration":"test","block":8,"seed":48,"numerosity":135,"matchType":"unpaired","which":"second","trial_type":"numerosity-estimation","trial_index":162,"time_elapsed":1642758,"subject_id":"76127"},{"rt":15244,"stimulus":"<p> For the last block of trials, the average deviation of your guesses from correct answers was 19.</p>\n     <p>The smaller the deviation the better.  Your deviation was <b> VERY good</b>.</p><br>\n       <p>Press any key to continue to the next block of trials</p>","response":" ","trial_type":"html-keyboard-response","trial_index":163,"time_elapsed":1658004,"subject_id":"76127"},{"rt":7528,"stimulus":50,"slider_start":100,"sprites":"butterflies","response":75,"absDeviation":75,"callibration":"test","block":9,"seed":50,"numerosity":150,"matchType":"paired","which":"first","trial_type":"numerosity-estimation","trial_index":164,"time_elapsed":1665540,"subject_id":"76127"},{"rt":7613,"stimulus":50,"slider_start":100,"sprites":"butterflies","response":70,"absDeviation":80,"callibration":"test","block":9,"seed":50,"numerosity":150,"matchType":"paired","which":"second","trial_type":"numerosity-estimation","trial_index":165,"time_elapsed":1673157,"subject_id":"76127"},{"rt":3790,"stimulus":51,"slider_start":100,"sprites":"hearts","response":95,"absDeviation":55,"callibration":"test","block":9,"seed":51,"numerosity":150,"matchType":"unpaired","which":"second","trial_type":"numerosity-estimation","trial_index":166,"time_elapsed":1676957,"subject_id":"76127"},{"rt":7279,"stimulus":52,"slider_start":100,"sprites":"crackers","response":41,"absDeviation":37,"callibration":"test","block":9,"seed":52,"numerosity":78,"matchType":"unpaired","which":"second","trial_type":"numerosity-estimation","trial_index":167,"time_elapsed":1684240,"subject_id":"76127"},{"rt":8345,"stimulus":54,"slider_start":100,"sprites":"fruits","response":55,"absDeviation":37,"callibration":"test","block":9,"seed":54,"numerosity":92,"matchType":"paired","which":"first","trial_type":"numerosity-estimation","trial_index":168,"time_elapsed":1692591,"subject_id":"76127"},{"rt":7946,"stimulus":54,"slider_start":100,"sprites":"fruits","response":65,"absDeviation":27,"callibration":"test","block":9,"seed":54,"numerosity":92,"matchType":"paired","which":"second","trial_type":"numerosity-estimation","trial_index":169,"time_elapsed":1700540,"subject_id":"76127"},{"rt":7329,"stimulus":55,"slider_start":100,"sprites":"jellyBeans","response":75,"absDeviation":46,"callibration":"test","block":9,"seed":55,"numerosity":121,"matchType":"unpaired","which":"second","trial_type":"numerosity-estimation","trial_index":170,"time_elapsed":1707874,"subject_id":"76127"},{"rt":8528,"stimulus":56,"slider_start":100,"sprites":"marbles","response":25,"absDeviation":39,"callibration":"test","block":9,"seed":56,"numerosity":64,"matchType":"unpaired","which":"second","trial_type":"numerosity-estimation","trial_index":171,"time_elapsed":1716406,"subject_id":"76127"},{"rt":4800,"stimulus":58,"slider_start":100,"sprites":"rocks","response":100,"absDeviation":21,"callibration":"test","block":9,"seed":58,"numerosity":121,"matchType":"paired","which":"first","trial_type":"numerosity-estimation","trial_index":172,"time_elapsed":1721210,"subject_id":"76127"},{"rt":4843,"stimulus":58,"slider_start":100,"sprites":"rocks","response":90,"absDeviation":31,"callibration":"test","block":9,"seed":58,"numerosity":121,"matchType":"paired","which":"second","trial_type":"numerosity-estimation","trial_index":173,"time_elapsed":1726056,"subject_id":"76127"},{"rt":4978,"stimulus":59,"slider_start":100,"sprites":"buttons","response":90,"absDeviation":45,"callibration":"test","block":9,"seed":59,"numerosity":135,"matchType":"unpaired","which":"second","trial_type":"numerosity-estimation","trial_index":174,"time_elapsed":1731039,"subject_id":"76127"},{"rt":3947,"stimulus":60,"slider_start":100,"sprites":"animalCrackers","response":105,"absDeviation":45,"callibration":"test","block":9,"seed":60,"numerosity":150,"matchType":"unpaired","which":"second","trial_type":"numerosity-estimation","trial_index":175,"time_elapsed":1734991,"subject_id":"76127"},{"rt":6962,"stimulus":62,"slider_start":100,"sprites":"butterflies","response":75,"absDeviation":60,"callibration":"test","block":9,"seed":62,"numerosity":135,"matchType":"paired","which":"first","trial_type":"numerosity-estimation","trial_index":176,"time_elapsed":1741957,"subject_id":"76127"},{"rt":15162,"stimulus":62,"slider_start":100,"sprites":"butterflies","response":80,"absDeviation":55,"callibration":"test","block":9,"seed":62,"numerosity":135,"matchType":"paired","which":"second","trial_type":"numerosity-estimation","trial_index":177,"time_elapsed":1757123,"subject_id":"76127"},{"rt":7080,"stimulus":63,"slider_start":100,"sprites":"hearts","response":58,"absDeviation":6,"callibration":"test","block":9,"seed":63,"numerosity":64,"matchType":"unpaired","which":"second","trial_type":"numerosity-estimation","trial_index":178,"time_elapsed":1764207,"subject_id":"76127"},{"rt":3859,"stimulus":64,"slider_start":100,"sprites":"crackers","response":100,"absDeviation":35,"callibration":"test","block":9,"seed":64,"numerosity":135,"matchType":"unpaired","which":"second","trial_type":"numerosity-estimation","trial_index":179,"time_elapsed":1768071,"subject_id":"76127"},{"rt":4382,"stimulus":"<p> For the last block of trials, the average deviation of your guesses from correct answers was 43.</p>\n     <p>The smaller the deviation the better.  Your deviation was <b> good</b>.</p><br>\n       <p>Press any key to continue to the next block of trials</p>","response":" ","trial_type":"html-keyboard-response","trial_index":180,"time_elapsed":1772455,"subject_id":"76127"},{"rt":9912,"stimulus":66,"slider_start":100,"sprites":"fruits","response":40,"absDeviation":24,"callibration":"test","block":10,"seed":66,"numerosity":64,"matchType":"paired","which":"first","trial_type":"numerosity-estimation","trial_index":181,"time_elapsed":1782373,"subject_id":"76127"},{"rt":6729,"stimulus":66,"slider_start":100,"sprites":"fruits","response":45,"absDeviation":19,"callibration":"test","block":10,"seed":66,"numerosity":64,"matchType":"paired","which":"second","trial_type":"numerosity-estimation","trial_index":182,"time_elapsed":1789106,"subject_id":"76127"},{"rt":6793,"stimulus":67,"slider_start":100,"sprites":"jellyBeans","response":90,"absDeviation":17,"callibration":"test","block":10,"seed":67,"numerosity":107,"matchType":"unpaired","which":"second","trial_type":"numerosity-estimation","trial_index":183,"time_elapsed":1795905,"subject_id":"76127"},{"rt":5563,"stimulus":68,"slider_start":100,"sprites":"marbles","response":75,"absDeviation":75,"callibration":"test","block":10,"seed":68,"numerosity":150,"matchType":"unpaired","which":"second","trial_type":"numerosity-estimation","trial_index":184,"time_elapsed":1801472,"subject_id":"76127"},{"rt":5212,"stimulus":70,"slider_start":100,"sprites":"rocks","response":80,"absDeviation":12,"callibration":"test","block":10,"seed":70,"numerosity":92,"matchType":"paired","which":"first","trial_type":"numerosity-estimation","trial_index":185,"time_elapsed":1806690,"subject_id":"76127"},{"rt":6211,"stimulus":70,"slider_start":100,"sprites":"rocks","response":76,"absDeviation":16,"callibration":"test","block":10,"seed":70,"numerosity":92,"matchType":"paired","which":"second","trial_type":"numerosity-estimation","trial_index":186,"time_elapsed":1812905,"subject_id":"76127"},{"rt":4529,"stimulus":71,"slider_start":100,"sprites":"buttons","response":92,"absDeviation":15,"callibration":"test","block":10,"seed":71,"numerosity":107,"matchType":"unpaired","which":"second","trial_type":"numerosity-estimation","trial_index":187,"time_elapsed":1817439,"subject_id":"76127"},{"rt":8846,"stimulus":72,"slider_start":100,"sprites":"animalCrackers","response":35,"absDeviation":15,"callibration":"test","block":10,"seed":72,"numerosity":50,"matchType":"unpaired","which":"second","trial_type":"numerosity-estimation","trial_index":188,"time_elapsed":1826289,"subject_id":"76127"},{"rt":10211,"stimulus":74,"slider_start":100,"sprites":"butterflies","response":30,"absDeviation":34,"callibration":"test","block":10,"seed":74,"numerosity":64,"matchType":"paired","which":"first","trial_type":"numerosity-estimation","trial_index":189,"time_elapsed":1836505,"subject_id":"76127"},{"rt":6446,"stimulus":74,"slider_start":100,"sprites":"butterflies","response":40,"absDeviation":24,"callibration":"test","block":10,"seed":74,"numerosity":64,"matchType":"paired","which":"second","trial_type":"numerosity-estimation","trial_index":190,"time_elapsed":1842956,"subject_id":"76127"},{"rt":10412,"stimulus":75,"slider_start":100,"sprites":"hearts","response":61,"absDeviation":31,"callibration":"test","block":10,"seed":75,"numerosity":92,"matchType":"unpaired","which":"second","trial_type":"numerosity-estimation","trial_index":191,"time_elapsed":1853372,"subject_id":"76127"},{"rt":11011,"stimulus":76,"slider_start":100,"sprites":"crackers","response":50,"absDeviation":14,"callibration":"test","block":10,"seed":76,"numerosity":64,"matchType":"unpaired","which":"second","trial_type":"numerosity-estimation","trial_index":192,"time_elapsed":1864389,"subject_id":"76127"},{"rt":7813,"stimulus":78,"slider_start":100,"sprites":"fruits","response":50,"absDeviation":14,"callibration":"test","block":10,"seed":78,"numerosity":64,"matchType":"paired","which":"first","trial_type":"numerosity-estimation","trial_index":193,"time_elapsed":1872206,"subject_id":"76127"},{"rt":13259,"stimulus":78,"slider_start":100,"sprites":"fruits","response":50,"absDeviation":14,"callibration":"test","block":10,"seed":78,"numerosity":64,"matchType":"paired","which":"second","trial_type":"numerosity-estimation","trial_index":194,"time_elapsed":1885472,"subject_id":"76127"},{"rt":7396,"stimulus":79,"slider_start":100,"sprites":"jellyBeans","response":40,"absDeviation":10,"callibration":"test","block":10,"seed":79,"numerosity":50,"matchType":"unpaired","which":"second","trial_type":"numerosity-estimation","trial_index":195,"time_elapsed":1892873,"subject_id":"76127"},{"rt":6295,"stimulus":80,"slider_start":100,"sprites":"marbles","response":60,"absDeviation":61,"callibration":"test","block":10,"seed":80,"numerosity":121,"matchType":"unpaired","which":"second","trial_type":"numerosity-estimation","trial_index":196,"time_elapsed":1899171,"subject_id":"76127"},{"rt":3596,"stimulus":"<p> For the last block of trials, the average deviation of your guesses from correct answers was 25.</p>\n     <p>The smaller the deviation the better.  Your deviation was <b> good</b>.</p><br>\n       <p>Press any key to continue to the next block of trials</p>","response":" ","trial_type":"html-keyboard-response","trial_index":197,"time_elapsed":1902770,"subject_id":"76127"},{"rt":10878,"stimulus":82,"slider_start":100,"sprites":"rocks","response":70,"absDeviation":6,"callibration":"test","block":11,"seed":82,"numerosity":64,"matchType":"paired","which":"first","trial_type":"numerosity-estimation","trial_index":198,"time_elapsed":1913655,"subject_id":"76127"},{"rt":7396,"stimulus":82,"slider_start":100,"sprites":"rocks","response":60,"absDeviation":4,"callibration":"test","block":11,"seed":82,"numerosity":64,"matchType":"paired","which":"second","trial_type":"numerosity-estimation","trial_index":199,"time_elapsed":1921055,"subject_id":"76127"},{"rt":4146,"stimulus":83,"slider_start":100,"sprites":"buttons","response":95,"absDeviation":26,"callibration":"test","block":11,"seed":83,"numerosity":121,"matchType":"unpaired","which":"second","trial_type":"numerosity-estimation","trial_index":200,"time_elapsed":1925206,"subject_id":"76127"},{"rt":7097,"stimulus":84,"slider_start":100,"sprites":"animalCrackers","response":45,"absDeviation":5,"callibration":"test","block":11,"seed":84,"numerosity":50,"matchType":"unpaired","which":"second","trial_type":"numerosity-estimation","trial_index":201,"time_elapsed":1932307,"subject_id":"76127"},{"rt":6643,"stimulus":86,"slider_start":100,"sprites":"butterflies","response":70,"absDeviation":51,"callibration":"test","block":11,"seed":86,"numerosity":121,"matchType":"paired","which":"first","trial_type":"numerosity-estimation","trial_index":202,"time_elapsed":1938955,"subject_id":"76127"},{"rt":5714,"stimulus":86,"slider_start":100,"sprites":"butterflies","response":75,"absDeviation":46,"callibration":"test","block":11,"seed":86,"numerosity":121,"matchType":"paired","which":"second","trial_type":"numerosity-estimation","trial_index":203,"time_elapsed":1944672,"subject_id":"76127"},{"rt":4562,"stimulus":87,"slider_start":100,"sprites":"hearts","response":45,"absDeviation":5,"callibration":"test","block":11,"seed":87,"numerosity":50,"matchType":"unpaired","which":"second","trial_type":"numerosity-estimation","trial_index":204,"time_elapsed":1949239,"subject_id":"76127"},{"rt":7962,"stimulus":88,"slider_start":100,"sprites":"crackers","response":105,"absDeviation":30,"callibration":"test","block":11,"seed":88,"numerosity":135,"matchType":"unpaired","which":"second","trial_type":"numerosity-estimation","trial_index":205,"time_elapsed":1957205,"subject_id":"76127"},{"rt":9213,"stimulus":90,"slider_start":100,"sprites":"fruits","response":100,"absDeviation":50,"callibration":"test","block":11,"seed":90,"numerosity":150,"matchType":"paired","which":"first","trial_type":"numerosity-estimation","trial_index":206,"time_elapsed":1966422,"subject_id":"76127"},{"rt":4561,"stimulus":90,"slider_start":100,"sprites":"fruits","response":105,"absDeviation":45,"callibration":"test","block":11,"seed":90,"numerosity":150,"matchType":"paired","which":"second","trial_type":"numerosity-estimation","trial_index":207,"time_elapsed":1970987,"subject_id":"76127"},{"rt":7529,"stimulus":91,"slider_start":100,"sprites":"jellyBeans","response":65,"absDeviation":27,"callibration":"test","block":11,"seed":91,"numerosity":92,"matchType":"unpaired","which":"second","trial_type":"numerosity-estimation","trial_index":208,"time_elapsed":1978521,"subject_id":"76127"},{"rt":6895,"stimulus":92,"slider_start":100,"sprites":"marbles","response":60,"absDeviation":61,"callibration":"test","block":11,"seed":92,"numerosity":121,"matchType":"unpaired","which":"second","trial_type":"numerosity-estimation","trial_index":209,"time_elapsed":1985420,"subject_id":"76127"},{"rt":5862,"stimulus":94,"slider_start":100,"sprites":"rocks","response":65,"absDeviation":13,"callibration":"test","block":11,"seed":94,"numerosity":78,"matchType":"paired","which":"first","trial_type":"numerosity-estimation","trial_index":210,"time_elapsed":1991287,"subject_id":"76127"},{"rt":7731,"stimulus":94,"slider_start":100,"sprites":"rocks","response":55,"absDeviation":23,"callibration":"test","block":11,"seed":94,"numerosity":78,"matchType":"paired","which":"second","trial_type":"numerosity-estimation","trial_index":211,"time_elapsed":1999022,"subject_id":"76127"},{"rt":8063,"stimulus":95,"slider_start":100,"sprites":"buttons","response":50,"absDeviation":14,"callibration":"test","block":11,"seed":95,"numerosity":64,"matchType":"unpaired","which":"second","trial_type":"numerosity-estimation","trial_index":212,"time_elapsed":2007089,"subject_id":"76127"},{"rt":5946,"stimulus":96,"slider_start":100,"sprites":"animalCrackers","response":80,"absDeviation":12,"callibration":"test","block":11,"seed":96,"numerosity":92,"matchType":"unpaired","which":"second","trial_type":"numerosity-estimation","trial_index":213,"time_elapsed":2013038,"subject_id":"76127"},{"rt":15755,"stimulus":"<p> For the last block of trials, the average deviation of your guesses from correct answers was 26.</p>\n     <p>The smaller the deviation the better.  Your deviation was <b> good</b>.</p><br>\n       <p>Press any key to continue to the next block of trials</p>","response":" ","trial_type":"html-keyboard-response","trial_index":214,"time_elapsed":2028794,"subject_id":"76127"},{"rt":27000,"response":{"averageEstimates":"When the two displays occured back-to-back, in immediate succession.","firstOrSecond":"The first time the objects were shown"},"question_order":[0,1],"trial_type":"survey-multi-choice","trial_index":215,"time_elapsed":2055798,"subject_id":"76127"}]