[{"rt":7445,"url":"consent.html","trial_type":"external-html","trial_index":0,"time_elapsed":7464,"subject_id":"76128"},{"view_history":[{"page_index":0,"viewing_time":2945}],"rt":2946,"trial_type":"instructions","trial_index":1,"time_elapsed":10412,"subject_id":"76128"},{"rt":8594,"stimulus":0,"slider_start":100,"sprites":"animalCrackers","response":100,"absDeviation":50,"callibration":"callibration","block":-1,"seed":0,"numerosity":50,"matchType":"callibration","which":"first","trial_type":"numerosity-estimation","trial_index":2,"time_elapsed":19012,"subject_id":"76128"},{"rt":4830,"stimulus":1,"slider_start":100,"sprites":"letters","response":100,"absDeviation":36,"callibration":"callibration","block":-1,"seed":1,"numerosity":64,"matchType":"callibration","which":"first","trial_type":"numerosity-estimation","trial_index":3,"time_elapsed":23845,"subject_id":"76128"},{"rt":3814,"stimulus":2,"slider_start":100,"sprites":"butterflies","response":100,"absDeviation":22,"callibration":"callibration","block":-1,"seed":2,"numerosity":78,"matchType":"callibration","which":"first","trial_type":"numerosity-estimation","trial_index":4,"time_elapsed":27662,"subject_id":"76128"},{"rt":3216,"stimulus":3,"slider_start":100,"sprites":"hearts","response":100,"absDeviation":8,"callibration":"callibration","block":-1,"seed":3,"numerosity":92,"matchType":"callibration","which":"first","trial_type":"numerosity-estimation","trial_index":5,"time_elapsed":30881,"subject_id":"76128"},{"rt":2846,"stimulus":4,"slider_start":100,"sprites":"crackers","response":100,"absDeviation":7,"callibration":"callibration","block":-1,"seed":4,"numerosity":107,"matchType":"callibration","which":"first","trial_type":"numerosity-estimation","trial_index":6,"time_elapsed":33729,"subject_id":"76128"},{"rt":2646,"stimulus":5,"slider_start":100,"sprites":"bears","response":100,"absDeviation":21,"callibration":"callibration","block":-1,"seed":5,"numerosity":121,"matchType":"callibration","which":"first","trial_type":"numerosity-estimation","trial_index":7,"time_elapsed":36378,"subject_id":"76128"},{"rt":2765,"stimulus":6,"slider_start":100,"sprites":"fruits","response":100,"absDeviation":35,"callibration":"callibration","block":-1,"seed":6,"numerosity":135,"matchType":"callibration","which":"first","trial_type":"numerosity-estimation","trial_index":8,"time_elapsed":39145,"subject_id":"76128"},{"rt":6898,"stimulus":7,"slider_start":100,"sprites":"jellyBeans","response":100,"absDeviation":50,"callibration":"callibration","block":-1,"seed":7,"numerosity":150,"matchType":"callibration","which":"first","trial_type":"numerosity-estimation","trial_index":9,"time_elapsed":46045,"subject_id":"76128"},{"view_history":[{"page_index":0,"viewing_time":8633}],"rt":8633,"trial_type":"instructions","trial_index":10,"time_elapsed":54679,"subject_id":"76128"},{"rt":12164,"stimulus":1,"slider_start":100,"sprites":"letters","response":64,"absDeviation":28,"callibration":"test","block":0,"seed":1,"numerosity":92,"matchType":"paired","which":"first","trial_type":"numerosity-estimation","trial_index":11,"time_elapsed":66846,"subject_id":"76128"},{"rt":10179,"stimulus":1,"slider_start":100,"sprites":"letters","response":79,"absDeviation":13,"callibration":"test","block":0,"seed":1,"numerosity":92,"matchType":"paired","which":"second","trial_type":"numerosity-estimation","trial_index":12,"time_elapsed":77028,"subject_id":"76128"},{"rt":7517,"stimulus":3,"slider_start":100,"sprites":"hearts","response":52,"absDeviation":2,"callibration":"test","block":0,"seed":3,"numerosity":50,"matchType":"unpaired","which":"first","trial_type":"numerosity-estimation","trial_index":13,"time_elapsed":84547,"subject_id":"76128"},{"rt":11079,"stimulus":4,"slider_start":100,"sprites":"crackers","response":81,"absDeviation":26,"callibration":"test","block":0,"seed":4,"numerosity":107,"matchType":"unpaired","which":"first","trial_type":"numerosity-estimation","trial_index":14,"time_elapsed":95628,"subject_id":"76128"},{"rt":6231,"stimulus":5,"slider_start":100,"sprites":"bears","response":38,"absDeviation":12,"callibration":"test","block":0,"seed":5,"numerosity":50,"matchType":"paired","which":"first","trial_type":"numerosity-estimation","trial_index":15,"time_elapsed":101861,"subject_id":"76128"},{"rt":9514,"stimulus":5,"slider_start":100,"sprites":"bears","response":47,"absDeviation":3,"callibration":"test","block":0,"seed":5,"numerosity":50,"matchType":"paired","which":"second","trial_type":"numerosity-estimation","trial_index":16,"time_elapsed":111377,"subject_id":"76128"},{"rt":8499,"stimulus":7,"slider_start":100,"sprites":"jellyBeans","response":45,"absDeviation":5,"callibration":"test","block":0,"seed":7,"numerosity":50,"matchType":"unpaired","which":"first","trial_type":"numerosity-estimation","trial_index":17,"time_elapsed":119879,"subject_id":"76128"},{"rt":6746,"stimulus":8,"slider_start":100,"sprites":"marbles","response":66,"absDeviation":26,"callibration":"test","block":0,"seed":8,"numerosity":92,"matchType":"unpaired","which":"first","trial_type":"numerosity-estimation","trial_index":18,"time_elapsed":126628,"subject_id":"76128"},{"rt":6432,"stimulus":9,"slider_start":100,"sprites":"mints","response":90,"absDeviation":45,"callibration":"test","block":0,"seed":9,"numerosity":135,"matchType":"paired","which":"first","trial_type":"numerosity-estimation","trial_index":19,"time_elapsed":133061,"subject_id":"76128"},{"rt":5248,"stimulus":9,"slider_start":100,"sprites":"mints","response":96,"absDeviation":39,"callibration":"test","block":0,"seed":9,"numerosity":135,"matchType":"paired","which":"second","trial_type":"numerosity-estimation","trial_index":20,"time_elapsed":138312,"subject_id":"76128"},{"rt":7347,"stimulus":11,"slider_start":100,"sprites":"buttons","response":98,"absDeviation":9,"callibration":"test","block":0,"seed":11,"numerosity":107,"matchType":"unpaired","which":"first","trial_type":"numerosity-estimation","trial_index":21,"time_elapsed":145662,"subject_id":"76128"},{"rt":9330,"stimulus":12,"slider_start":100,"sprites":"animalCrackers","response":84,"absDeviation":8,"callibration":"test","block":0,"seed":12,"numerosity":92,"matchType":"unpaired","which":"first","trial_type":"numerosity-estimation","trial_index":22,"time_elapsed":154994,"subject_id":"76128"},{"rt":5581,"stimulus":13,"slider_start":100,"sprites":"letters","response":76,"absDeviation":31,"callibration":"test","block":0,"seed":13,"numerosity":107,"matchType":"paired","which":"first","trial_type":"numerosity-estimation","trial_index":23,"time_elapsed":160578,"subject_id":"76128"},{"rt":7964,"stimulus":13,"slider_start":100,"sprites":"letters","response":90,"absDeviation":17,"callibration":"test","block":0,"seed":13,"numerosity":107,"matchType":"paired","which":"second","trial_type":"numerosity-estimation","trial_index":24,"time_elapsed":168544,"subject_id":"76128"},{"rt":4133,"stimulus":15,"slider_start":100,"sprites":"hearts","response":81,"absDeviation":40,"callibration":"test","block":0,"seed":15,"numerosity":121,"matchType":"unpaired","which":"first","trial_type":"numerosity-estimation","trial_index":25,"time_elapsed":172679,"subject_id":"76128"},{"rt":3612,"stimulus":16,"slider_start":100,"sprites":"crackers","response":68,"absDeviation":4,"callibration":"test","block":0,"seed":16,"numerosity":64,"matchType":"unpaired","which":"first","trial_type":"numerosity-estimation","trial_index":26,"time_elapsed":176294,"subject_id":"76128"},{"rt":11600,"stimulus":"<p> For the last block of trials, the average deviation of your guesses from correct answers was 19.</p>\n     <p>The smaller the deviation the better.  Your deviation was <b> VERY good</b>.</p><br>\n       <p>Press any key to continue to the next block of trials</p>","response":" ","trial_type":"html-keyboard-response","trial_index":27,"time_elapsed":187899,"subject_id":"76128"},{"rt":8292,"stimulus":17,"slider_start":100,"sprites":"bears","response":74,"absDeviation":18,"callibration":"test","block":1,"seed":17,"numerosity":92,"matchType":"paired","which":"first","trial_type":"numerosity-estimation","trial_index":28,"time_elapsed":196194,"subject_id":"76128"},{"rt":4849,"stimulus":17,"slider_start":100,"sprites":"bears","response":58,"absDeviation":34,"callibration":"test","block":1,"seed":17,"numerosity":92,"matchType":"paired","which":"second","trial_type":"numerosity-estimation","trial_index":29,"time_elapsed":201047,"subject_id":"76128"},{"rt":4378,"stimulus":19,"slider_start":100,"sprites":"jellyBeans","response":78,"absDeviation":57,"callibration":"test","block":1,"seed":19,"numerosity":135,"matchType":"unpaired","which":"first","trial_type":"numerosity-estimation","trial_index":30,"time_elapsed":205427,"subject_id":"76128"},{"rt":4330,"stimulus":20,"slider_start":100,"sprites":"marbles","response":39,"absDeviation":39,"callibration":"test","block":1,"seed":20,"numerosity":78,"matchType":"unpaired","which":"first","trial_type":"numerosity-estimation","trial_index":31,"time_elapsed":209761,"subject_id":"76128"},{"rt":6047,"stimulus":21,"slider_start":100,"sprites":"mints","response":57,"absDeviation":35,"callibration":"test","block":1,"seed":21,"numerosity":92,"matchType":"paired","which":"first","trial_type":"numerosity-estimation","trial_index":32,"time_elapsed":215810,"subject_id":"76128"},{"rt":5099,"stimulus":21,"slider_start":100,"sprites":"mints","response":54,"absDeviation":38,"callibration":"test","block":1,"seed":21,"numerosity":92,"matchType":"paired","which":"second","trial_type":"numerosity-estimation","trial_index":33,"time_elapsed":220911,"subject_id":"76128"},{"rt":3331,"stimulus":23,"slider_start":100,"sprites":"buttons","response":93,"absDeviation":57,"callibration":"test","block":1,"seed":23,"numerosity":150,"matchType":"unpaired","which":"first","trial_type":"numerosity-estimation","trial_index":34,"time_elapsed":224245,"subject_id":"76128"},{"rt":14247,"stimulus":24,"slider_start":100,"sprites":"animalCrackers","response":81,"absDeviation":26,"callibration":"test","block":1,"seed":24,"numerosity":107,"matchType":"unpaired","which":"first","trial_type":"numerosity-estimation","trial_index":35,"time_elapsed":238495,"subject_id":"76128"},{"rt":4364,"stimulus":25,"slider_start":100,"sprites":"letters","response":96,"absDeviation":11,"callibration":"test","block":1,"seed":25,"numerosity":107,"matchType":"paired","which":"first","trial_type":"numerosity-estimation","trial_index":36,"time_elapsed":242861,"subject_id":"76128"},{"rt":5598,"stimulus":25,"slider_start":100,"sprites":"letters","response":98,"absDeviation":9,"callibration":"test","block":1,"seed":25,"numerosity":107,"matchType":"paired","which":"second","trial_type":"numerosity-estimation","trial_index":37,"time_elapsed":248461,"subject_id":"76128"},{"rt":8414,"stimulus":27,"slider_start":100,"sprites":"hearts","response":81,"absDeviation":40,"callibration":"test","block":1,"seed":27,"numerosity":121,"matchType":"unpaired","which":"first","trial_type":"numerosity-estimation","trial_index":38,"time_elapsed":256878,"subject_id":"76128"},{"rt":4347,"stimulus":28,"slider_start":100,"sprites":"crackers","response":97,"absDeviation":53,"callibration":"test","block":1,"seed":28,"numerosity":150,"matchType":"unpaired","which":"first","trial_type":"numerosity-estimation","trial_index":39,"time_elapsed":261227,"subject_id":"76128"},{"rt":5998,"stimulus":29,"slider_start":100,"sprites":"bears","response":42,"absDeviation":22,"callibration":"test","block":1,"seed":29,"numerosity":64,"matchType":"paired","which":"first","trial_type":"numerosity-estimation","trial_index":40,"time_elapsed":267228,"subject_id":"76128"},{"rt":5546,"stimulus":29,"slider_start":100,"sprites":"bears","response":49,"absDeviation":15,"callibration":"test","block":1,"seed":29,"numerosity":64,"matchType":"paired","which":"second","trial_type":"numerosity-estimation","trial_index":41,"time_elapsed":272777,"subject_id":"76128"},{"rt":3964,"stimulus":31,"slider_start":100,"sprites":"jellyBeans","response":96,"absDeviation":54,"callibration":"test","block":1,"seed":31,"numerosity":150,"matchType":"unpaired","which":"first","trial_type":"numerosity-estimation","trial_index":42,"time_elapsed":276744,"subject_id":"76128"},{"rt":6614,"stimulus":32,"slider_start":100,"sprites":"marbles","response":61,"absDeviation":74,"callibration":"test","block":1,"seed":32,"numerosity":135,"matchType":"unpaired","which":"first","trial_type":"numerosity-estimation","trial_index":43,"time_elapsed":283360,"subject_id":"76128"},{"rt":4678,"stimulus":"<p> For the last block of trials, the average deviation of your guesses from correct answers was 36.</p>\n     <p>The smaller the deviation the better.  Your deviation was <b> good</b>.</p><br>\n       <p>Press any key to continue to the next block of trials</p>","response":" ","trial_type":"html-keyboard-response","trial_index":44,"time_elapsed":288039,"subject_id":"76128"},{"rt":6585,"stimulus":33,"slider_start":100,"sprites":"mints","response":66,"absDeviation":55,"callibration":"test","block":2,"seed":33,"numerosity":121,"matchType":"paired","which":"first","trial_type":"numerosity-estimation","trial_index":45,"time_elapsed":294627,"subject_id":"76128"},{"rt":5164,"stimulus":33,"slider_start":100,"sprites":"mints","response":58,"absDeviation":63,"callibration":"test","block":2,"seed":33,"numerosity":121,"matchType":"paired","which":"second","trial_type":"numerosity-estimation","trial_index":46,"time_elapsed":299794,"subject_id":"76128"},{"rt":3480,"stimulus":35,"slider_start":100,"sprites":"buttons","response":61,"absDeviation":17,"callibration":"test","block":2,"seed":35,"numerosity":78,"matchType":"unpaired","which":"first","trial_type":"numerosity-estimation","trial_index":47,"time_elapsed":303277,"subject_id":"76128"},{"rt":5166,"stimulus":36,"slider_start":100,"sprites":"animalCrackers","response":35,"absDeviation":15,"callibration":"test","block":2,"seed":36,"numerosity":50,"matchType":"unpaired","which":"first","trial_type":"numerosity-estimation","trial_index":48,"time_elapsed":308446,"subject_id":"76128"},{"rt":4712,"stimulus":37,"slider_start":100,"sprites":"letters","response":61,"absDeviation":74,"callibration":"test","block":2,"seed":37,"numerosity":135,"matchType":"paired","which":"first","trial_type":"numerosity-estimation","trial_index":49,"time_elapsed":313160,"subject_id":"76128"},{"rt":7380,"stimulus":37,"slider_start":100,"sprites":"letters","response":80,"absDeviation":55,"callibration":"test","block":2,"seed":37,"numerosity":135,"matchType":"paired","which":"second","trial_type":"numerosity-estimation","trial_index":50,"time_elapsed":320543,"subject_id":"76128"},{"rt":5682,"stimulus":39,"slider_start":100,"sprites":"hearts","response":57,"absDeviation":21,"callibration":"test","block":2,"seed":39,"numerosity":78,"matchType":"unpaired","which":"first","trial_type":"numerosity-estimation","trial_index":51,"time_elapsed":326228,"subject_id":"76128"},{"rt":4997,"stimulus":40,"slider_start":100,"sprites":"crackers","response":94,"absDeviation":27,"callibration":"test","block":2,"seed":40,"numerosity":121,"matchType":"unpaired","which":"first","trial_type":"numerosity-estimation","trial_index":52,"time_elapsed":331227,"subject_id":"76128"},{"rt":5130,"stimulus":41,"slider_start":100,"sprites":"bears","response":28,"absDeviation":22,"callibration":"test","block":2,"seed":41,"numerosity":50,"matchType":"paired","which":"first","trial_type":"numerosity-estimation","trial_index":53,"time_elapsed":336360,"subject_id":"76128"},{"rt":5497,"stimulus":41,"slider_start":100,"sprites":"bears","response":31,"absDeviation":19,"callibration":"test","block":2,"seed":41,"numerosity":50,"matchType":"paired","which":"second","trial_type":"numerosity-estimation","trial_index":54,"time_elapsed":341860,"subject_id":"76128"},{"rt":4132,"stimulus":43,"slider_start":100,"sprites":"jellyBeans","response":42,"absDeviation":22,"callibration":"test","block":2,"seed":43,"numerosity":64,"matchType":"unpaired","which":"first","trial_type":"numerosity-estimation","trial_index":55,"time_elapsed":345994,"subject_id":"76128"},{"rt":6495,"stimulus":44,"slider_start":100,"sprites":"marbles","response":52,"absDeviation":69,"callibration":"test","block":2,"seed":44,"numerosity":121,"matchType":"unpaired","which":"first","trial_type":"numerosity-estimation","trial_index":56,"time_elapsed":352495,"subject_id":"76128"},{"rt":7680,"stimulus":45,"slider_start":100,"sprites":"mints","response":86,"absDeviation":35,"callibration":"test","block":2,"seed":45,"numerosity":121,"matchType":"paired","which":"first","trial_type":"numerosity-estimation","trial_index":57,"time_elapsed":360177,"subject_id":"76128"},{"rt":3930,"stimulus":45,"slider_start":100,"sprites":"mints","response":92,"absDeviation":29,"callibration":"test","block":2,"seed":45,"numerosity":121,"matchType":"paired","which":"second","trial_type":"numerosity-estimation","trial_index":58,"time_elapsed":364110,"subject_id":"76128"},{"rt":3532,"stimulus":47,"slider_start":100,"sprites":"buttons","response":86,"absDeviation":35,"callibration":"test","block":2,"seed":47,"numerosity":121,"matchType":"unpaired","which":"first","trial_type":"numerosity-estimation","trial_index":59,"time_elapsed":367644,"subject_id":"76128"},{"rt":5647,"stimulus":48,"slider_start":100,"sprites":"animalCrackers","response":75,"absDeviation":60,"callibration":"test","block":2,"seed":48,"numerosity":135,"matchType":"unpaired","which":"first","trial_type":"numerosity-estimation","trial_index":60,"time_elapsed":373294,"subject_id":"76128"},{"rt":3244,"stimulus":"<p> For the last block of trials, the average deviation of your guesses from correct answers was 39.</p>\n     <p>The smaller the deviation the better.  Your deviation was <b> good</b>.</p><br>\n       <p>Press any key to continue to the next block of trials</p>","response":" ","trial_type":"html-keyboard-response","trial_index":61,"time_elapsed":376540,"subject_id":"76128"},{"rt":7050,"stimulus":49,"slider_start":100,"sprites":"letters","response":44,"absDeviation":34,"callibration":"test","block":3,"seed":49,"numerosity":78,"matchType":"paired","which":"first","trial_type":"numerosity-estimation","trial_index":62,"time_elapsed":383593,"subject_id":"76128"},{"rt":4282,"stimulus":49,"slider_start":100,"sprites":"letters","response":41,"absDeviation":37,"callibration":"test","block":3,"seed":49,"numerosity":78,"matchType":"paired","which":"second","trial_type":"numerosity-estimation","trial_index":63,"time_elapsed":387876,"subject_id":"76128"},{"rt":4731,"stimulus":51,"slider_start":100,"sprites":"hearts","response":70,"absDeviation":80,"callibration":"test","block":3,"seed":51,"numerosity":150,"matchType":"unpaired","which":"first","trial_type":"numerosity-estimation","trial_index":64,"time_elapsed":392610,"subject_id":"76128"},{"rt":6414,"stimulus":52,"slider_start":100,"sprites":"crackers","response":50,"absDeviation":28,"callibration":"test","block":3,"seed":52,"numerosity":78,"matchType":"unpaired","which":"first","trial_type":"numerosity-estimation","trial_index":65,"time_elapsed":399026,"subject_id":"76128"},{"rt":4598,"stimulus":53,"slider_start":100,"sprites":"bears","response":38,"absDeviation":12,"callibration":"test","block":3,"seed":53,"numerosity":50,"matchType":"paired","which":"first","trial_type":"numerosity-estimation","trial_index":66,"time_elapsed":403627,"subject_id":"76128"},{"rt":5198,"stimulus":53,"slider_start":100,"sprites":"bears","response":31,"absDeviation":19,"callibration":"test","block":3,"seed":53,"numerosity":50,"matchType":"paired","which":"second","trial_type":"numerosity-estimation","trial_index":67,"time_elapsed":408828,"subject_id":"76128"},{"rt":5230,"stimulus":55,"slider_start":100,"sprites":"jellyBeans","response":60,"absDeviation":61,"callibration":"test","block":3,"seed":55,"numerosity":121,"matchType":"unpaired","which":"first","trial_type":"numerosity-estimation","trial_index":68,"time_elapsed":414060,"subject_id":"76128"},{"rt":5565,"stimulus":56,"slider_start":100,"sprites":"marbles","response":35,"absDeviation":29,"callibration":"test","block":3,"seed":56,"numerosity":64,"matchType":"unpaired","which":"first","trial_type":"numerosity-estimation","trial_index":69,"time_elapsed":419627,"subject_id":"76128"},{"rt":4913,"stimulus":57,"slider_start":100,"sprites":"mints","response":44,"absDeviation":20,"callibration":"test","block":3,"seed":57,"numerosity":64,"matchType":"paired","which":"first","trial_type":"numerosity-estimation","trial_index":70,"time_elapsed":424543,"subject_id":"76128"},{"rt":4299,"stimulus":57,"slider_start":100,"sprites":"mints","response":36,"absDeviation":28,"callibration":"test","block":3,"seed":57,"numerosity":64,"matchType":"paired","which":"second","trial_type":"numerosity-estimation","trial_index":71,"time_elapsed":428845,"subject_id":"76128"},{"rt":5029,"stimulus":59,"slider_start":100,"sprites":"buttons","response":73,"absDeviation":62,"callibration":"test","block":3,"seed":59,"numerosity":135,"matchType":"unpaired","which":"first","trial_type":"numerosity-estimation","trial_index":72,"time_elapsed":433876,"subject_id":"76128"},{"rt":5214,"stimulus":60,"slider_start":100,"sprites":"animalCrackers","response":87,"absDeviation":63,"callibration":"test","block":3,"seed":60,"numerosity":150,"matchType":"unpaired","which":"first","trial_type":"numerosity-estimation","trial_index":73,"time_elapsed":439093,"subject_id":"76128"},{"rt":7849,"stimulus":61,"slider_start":100,"sprites":"letters","response":54,"absDeviation":4,"callibration":"test","block":3,"seed":61,"numerosity":50,"matchType":"paired","which":"first","trial_type":"numerosity-estimation","trial_index":74,"time_elapsed":446943,"subject_id":"76128"},{"rt":8615,"stimulus":61,"slider_start":100,"sprites":"letters","response":42,"absDeviation":8,"callibration":"test","block":3,"seed":61,"numerosity":50,"matchType":"paired","which":"second","trial_type":"numerosity-estimation","trial_index":75,"time_elapsed":455560,"subject_id":"76128"},{"rt":8213,"stimulus":63,"slider_start":100,"sprites":"hearts","response":52,"absDeviation":12,"callibration":"test","block":3,"seed":63,"numerosity":64,"matchType":"unpaired","which":"first","trial_type":"numerosity-estimation","trial_index":76,"time_elapsed":463776,"subject_id":"76128"},{"rt":7034,"stimulus":64,"slider_start":100,"sprites":"crackers","response":90,"absDeviation":45,"callibration":"test","block":3,"seed":64,"numerosity":135,"matchType":"unpaired","which":"first","trial_type":"numerosity-estimation","trial_index":77,"time_elapsed":470813,"subject_id":"76128"},{"rt":2536,"stimulus":"<p> For the last block of trials, the average deviation of your guesses from correct answers was 34.</p>\n     <p>The smaller the deviation the better.  Your deviation was <b> good</b>.</p><br>\n       <p>Press any key to continue to the next block of trials</p>","response":" ","trial_type":"html-keyboard-response","trial_index":78,"time_elapsed":473350,"subject_id":"76128"},{"rt":9224,"stimulus":65,"slider_start":100,"sprites":"bears","response":85,"absDeviation":22,"callibration":"test","block":4,"seed":65,"numerosity":107,"matchType":"paired","which":"first","trial_type":"numerosity-estimation","trial_index":79,"time_elapsed":482577,"subject_id":"76128"},{"rt":4097,"stimulus":65,"slider_start":100,"sprites":"bears","response":77,"absDeviation":30,"callibration":"test","block":4,"seed":65,"numerosity":107,"matchType":"paired","which":"second","trial_type":"numerosity-estimation","trial_index":80,"time_elapsed":486677,"subject_id":"76128"},{"rt":5332,"stimulus":67,"slider_start":100,"sprites":"jellyBeans","response":95,"absDeviation":12,"callibration":"test","block":4,"seed":67,"numerosity":107,"matchType":"unpaired","which":"first","trial_type":"numerosity-estimation","trial_index":81,"time_elapsed":492012,"subject_id":"76128"},{"rt":4612,"stimulus":68,"slider_start":100,"sprites":"marbles","response":69,"absDeviation":81,"callibration":"test","block":4,"seed":68,"numerosity":150,"matchType":"unpaired","which":"first","trial_type":"numerosity-estimation","trial_index":82,"time_elapsed":496627,"subject_id":"76128"},{"rt":5747,"stimulus":69,"slider_start":100,"sprites":"mints","response":71,"absDeviation":50,"callibration":"test","block":4,"seed":69,"numerosity":121,"matchType":"paired","which":"first","trial_type":"numerosity-estimation","trial_index":83,"time_elapsed":502376,"subject_id":"76128"},{"rt":4048,"stimulus":69,"slider_start":100,"sprites":"mints","response":51,"absDeviation":70,"callibration":"test","block":4,"seed":69,"numerosity":121,"matchType":"paired","which":"second","trial_type":"numerosity-estimation","trial_index":84,"time_elapsed":506427,"subject_id":"76128"},{"rt":5347,"stimulus":71,"slider_start":100,"sprites":"buttons","response":69,"absDeviation":38,"callibration":"test","block":4,"seed":71,"numerosity":107,"matchType":"unpaired","which":"first","trial_type":"numerosity-estimation","trial_index":85,"time_elapsed":511777,"subject_id":"76128"},{"rt":4731,"stimulus":72,"slider_start":100,"sprites":"animalCrackers","response":36,"absDeviation":14,"callibration":"test","block":4,"seed":72,"numerosity":50,"matchType":"unpaired","which":"first","trial_type":"numerosity-estimation","trial_index":86,"time_elapsed":516510,"subject_id":"76128"},{"rt":3681,"stimulus":73,"slider_start":100,"sprites":"letters","response":41,"absDeviation":37,"callibration":"test","block":4,"seed":73,"numerosity":78,"matchType":"paired","which":"first","trial_type":"numerosity-estimation","trial_index":87,"time_elapsed":520193,"subject_id":"76128"},{"rt":12898,"stimulus":73,"slider_start":100,"sprites":"letters","response":49,"absDeviation":29,"callibration":"test","block":4,"seed":73,"numerosity":78,"matchType":"paired","which":"second","trial_type":"numerosity-estimation","trial_index":88,"time_elapsed":533093,"subject_id":"76128"},{"rt":10747,"stimulus":75,"slider_start":100,"sprites":"hearts","response":43,"absDeviation":49,"callibration":"test","block":4,"seed":75,"numerosity":92,"matchType":"unpaired","which":"first","trial_type":"numerosity-estimation","trial_index":89,"time_elapsed":543843,"subject_id":"76128"},{"rt":8781,"stimulus":76,"slider_start":100,"sprites":"crackers","response":51,"absDeviation":13,"callibration":"test","block":4,"seed":76,"numerosity":64,"matchType":"unpaired","which":"first","trial_type":"numerosity-estimation","trial_index":90,"time_elapsed":552626,"subject_id":"76128"},{"rt":23332,"stimulus":77,"slider_start":100,"sprites":"bears","response":78,"absDeviation":57,"callibration":"test","block":4,"seed":77,"numerosity":135,"matchType":"paired","which":"first","trial_type":"numerosity-estimation","trial_index":91,"time_elapsed":575960,"subject_id":"76128"},{"rt":2813,"stimulus":77,"slider_start":100,"sprites":"bears","response":94,"absDeviation":41,"callibration":"test","block":4,"seed":77,"numerosity":135,"matchType":"paired","which":"second","trial_type":"numerosity-estimation","trial_index":92,"time_elapsed":578776,"subject_id":"76128"},{"rt":3198,"stimulus":79,"slider_start":100,"sprites":"jellyBeans","response":40,"absDeviation":10,"callibration":"test","block":4,"seed":79,"numerosity":50,"matchType":"unpaired","which":"first","trial_type":"numerosity-estimation","trial_index":93,"time_elapsed":581976,"subject_id":"76128"},{"rt":8849,"stimulus":80,"slider_start":100,"sprites":"marbles","response":42,"absDeviation":79,"callibration":"test","block":4,"seed":80,"numerosity":121,"matchType":"unpaired","which":"first","trial_type":"numerosity-estimation","trial_index":94,"time_elapsed":590827,"subject_id":"76128"},{"rt":2055,"stimulus":"<p> For the last block of trials, the average deviation of your guesses from correct answers was 40.</p>\n     <p>The smaller the deviation the better.  Your deviation was <b> good</b>.</p><br>\n       <p>Press any key to continue to the next block of trials</p>","response":" ","trial_type":"html-keyboard-response","trial_index":95,"time_elapsed":592883,"subject_id":"76128"},{"rt":4424,"stimulus":81,"slider_start":100,"sprites":"mints","response":87,"absDeviation":34,"callibration":"test","block":5,"seed":81,"numerosity":121,"matchType":"paired","which":"first","trial_type":"numerosity-estimation","trial_index":96,"time_elapsed":597310,"subject_id":"76128"},{"rt":3681,"stimulus":81,"slider_start":100,"sprites":"mints","response":71,"absDeviation":50,"callibration":"test","block":5,"seed":81,"numerosity":121,"matchType":"paired","which":"second","trial_type":"numerosity-estimation","trial_index":97,"time_elapsed":600993,"subject_id":"76128"},{"rt":5431,"stimulus":83,"slider_start":100,"sprites":"buttons","response":87,"absDeviation":34,"callibration":"test","block":5,"seed":83,"numerosity":121,"matchType":"unpaired","which":"first","trial_type":"numerosity-estimation","trial_index":98,"time_elapsed":606426,"subject_id":"76128"},{"rt":4930,"stimulus":84,"slider_start":100,"sprites":"animalCrackers","response":33,"absDeviation":17,"callibration":"test","block":5,"seed":84,"numerosity":50,"matchType":"unpaired","which":"first","trial_type":"numerosity-estimation","trial_index":99,"time_elapsed":611359,"subject_id":"76128"},{"rt":8882,"stimulus":85,"slider_start":100,"sprites":"letters","response":56,"absDeviation":8,"callibration":"test","block":5,"seed":85,"numerosity":64,"matchType":"paired","which":"first","trial_type":"numerosity-estimation","trial_index":100,"time_elapsed":620243,"subject_id":"76128"},{"rt":3180,"stimulus":85,"slider_start":100,"sprites":"letters","response":40,"absDeviation":24,"callibration":"test","block":5,"seed":85,"numerosity":64,"matchType":"paired","which":"second","trial_type":"numerosity-estimation","trial_index":101,"time_elapsed":623426,"subject_id":"76128"},{"rt":7434,"stimulus":87,"slider_start":100,"sprites":"hearts","response":29,"absDeviation":21,"callibration":"test","block":5,"seed":87,"numerosity":50,"matchType":"unpaired","which":"first","trial_type":"numerosity-estimation","trial_index":102,"time_elapsed":630862,"subject_id":"76128"},{"rt":3295,"stimulus":88,"slider_start":100,"sprites":"crackers","response":91,"absDeviation":44,"callibration":"test","block":5,"seed":88,"numerosity":135,"matchType":"unpaired","which":"first","trial_type":"numerosity-estimation","trial_index":103,"time_elapsed":634160,"subject_id":"76128"},{"rt":4680,"stimulus":89,"slider_start":100,"sprites":"bears","response":28,"absDeviation":22,"callibration":"test","block":5,"seed":89,"numerosity":50,"matchType":"paired","which":"first","trial_type":"numerosity-estimation","trial_index":104,"time_elapsed":638842,"subject_id":"76128"},{"rt":3681,"stimulus":89,"slider_start":100,"sprites":"bears","response":29,"absDeviation":21,"callibration":"test","block":5,"seed":89,"numerosity":50,"matchType":"paired","which":"second","trial_type":"numerosity-estimation","trial_index":105,"time_elapsed":642526,"subject_id":"76128"},{"rt":4031,"stimulus":91,"slider_start":100,"sprites":"jellyBeans","response":40,"absDeviation":52,"callibration":"test","block":5,"seed":91,"numerosity":92,"matchType":"unpaired","which":"first","trial_type":"numerosity-estimation","trial_index":106,"time_elapsed":646560,"subject_id":"76128"},{"rt":6497,"stimulus":92,"slider_start":100,"sprites":"marbles","response":42,"absDeviation":79,"callibration":"test","block":5,"seed":92,"numerosity":121,"matchType":"unpaired","which":"first","trial_type":"numerosity-estimation","trial_index":107,"time_elapsed":653059,"subject_id":"76128"},{"rt":6331,"stimulus":93,"slider_start":100,"sprites":"mints","response":40,"absDeviation":38,"callibration":"test","block":5,"seed":93,"numerosity":78,"matchType":"paired","which":"first","trial_type":"numerosity-estimation","trial_index":108,"time_elapsed":659394,"subject_id":"76128"},{"rt":9246,"stimulus":93,"slider_start":100,"sprites":"mints","response":56,"absDeviation":22,"callibration":"test","block":5,"seed":93,"numerosity":78,"matchType":"paired","which":"second","trial_type":"numerosity-estimation","trial_index":109,"time_elapsed":668643,"subject_id":"76128"},{"rt":3897,"stimulus":95,"slider_start":100,"sprites":"buttons","response":80,"absDeviation":16,"callibration":"test","block":5,"seed":95,"numerosity":64,"matchType":"unpaired","which":"first","trial_type":"numerosity-estimation","trial_index":110,"time_elapsed":672542,"subject_id":"76128"},{"rt":3197,"stimulus":96,"slider_start":100,"sprites":"animalCrackers","response":71,"absDeviation":21,"callibration":"test","block":5,"seed":96,"numerosity":92,"matchType":"unpaired","which":"first","trial_type":"numerosity-estimation","trial_index":111,"time_elapsed":675742,"subject_id":"76128"},{"rt":1203,"stimulus":"<p> For the last block of trials, the average deviation of your guesses from correct answers was 31.</p>\n     <p>The smaller the deviation the better.  Your deviation was <b> good</b>.</p><br>\n       <p>Press any key to continue to the next block of trials</p>","response":" ","trial_type":"html-keyboard-response","trial_index":112,"time_elapsed":676946,"subject_id":"76128"},{"rt":11496,"stimulus":2,"slider_start":100,"sprites":"butterflies","response":81,"absDeviation":54,"callibration":"test","block":6,"seed":2,"numerosity":135,"matchType":"paired","which":"first","trial_type":"numerosity-estimation","trial_index":113,"time_elapsed":688443,"subject_id":"76128"},{"rt":8080,"stimulus":2,"slider_start":100,"sprites":"butterflies","response":83,"absDeviation":52,"callibration":"test","block":6,"seed":2,"numerosity":135,"matchType":"paired","which":"second","trial_type":"numerosity-estimation","trial_index":114,"time_elapsed":696526,"subject_id":"76128"},{"rt":7430,"stimulus":3,"slider_start":100,"sprites":"hearts","response":33,"absDeviation":17,"callibration":"test","block":6,"seed":3,"numerosity":50,"matchType":"unpaired","which":"second","trial_type":"numerosity-estimation","trial_index":115,"time_elapsed":703959,"subject_id":"76128"},{"rt":5434,"stimulus":4,"slider_start":100,"sprites":"crackers","response":72,"absDeviation":35,"callibration":"test","block":6,"seed":4,"numerosity":107,"matchType":"unpaired","which":"second","trial_type":"numerosity-estimation","trial_index":116,"time_elapsed":709395,"subject_id":"76128"},{"rt":6644,"stimulus":6,"slider_start":100,"sprites":"fruits","response":58,"absDeviation":20,"callibration":"test","block":6,"seed":6,"numerosity":78,"matchType":"paired","which":"first","trial_type":"numerosity-estimation","trial_index":117,"time_elapsed":716042,"subject_id":"76128"},{"rt":4864,"stimulus":6,"slider_start":100,"sprites":"fruits","response":60,"absDeviation":18,"callibration":"test","block":6,"seed":6,"numerosity":78,"matchType":"paired","which":"second","trial_type":"numerosity-estimation","trial_index":118,"time_elapsed":720909,"subject_id":"76128"},{"rt":5799,"stimulus":7,"slider_start":100,"sprites":"jellyBeans","response":26,"absDeviation":24,"callibration":"test","block":6,"seed":7,"numerosity":50,"matchType":"unpaired","which":"second","trial_type":"numerosity-estimation","trial_index":119,"time_elapsed":726709,"subject_id":"76128"},{"rt":5547,"stimulus":8,"slider_start":100,"sprites":"marbles","response":35,"absDeviation":57,"callibration":"test","block":6,"seed":8,"numerosity":92,"matchType":"unpaired","which":"second","trial_type":"numerosity-estimation","trial_index":120,"time_elapsed":732258,"subject_id":"76128"},{"rt":5983,"stimulus":10,"slider_start":100,"sprites":"rocks","response":32,"absDeviation":18,"callibration":"test","block":6,"seed":10,"numerosity":50,"matchType":"paired","which":"first","trial_type":"numerosity-estimation","trial_index":121,"time_elapsed":738243,"subject_id":"76128"},{"rt":4247,"stimulus":10,"slider_start":100,"sprites":"rocks","response":32,"absDeviation":18,"callibration":"test","block":6,"seed":10,"numerosity":50,"matchType":"paired","which":"second","trial_type":"numerosity-estimation","trial_index":122,"time_elapsed":742492,"subject_id":"76128"},{"rt":3149,"stimulus":11,"slider_start":100,"sprites":"buttons","response":78,"absDeviation":29,"callibration":"test","block":6,"seed":11,"numerosity":107,"matchType":"unpaired","which":"second","trial_type":"numerosity-estimation","trial_index":123,"time_elapsed":745642,"subject_id":"76128"},{"rt":4831,"stimulus":12,"slider_start":100,"sprites":"animalCrackers","response":78,"absDeviation":14,"callibration":"test","block":6,"seed":12,"numerosity":92,"matchType":"unpaired","which":"second","trial_type":"numerosity-estimation","trial_index":124,"time_elapsed":750476,"subject_id":"76128"},{"rt":3013,"stimulus":14,"slider_start":100,"sprites":"butterflies","response":87,"absDeviation":63,"callibration":"test","block":6,"seed":14,"numerosity":150,"matchType":"paired","which":"first","trial_type":"numerosity-estimation","trial_index":125,"time_elapsed":753492,"subject_id":"76128"},{"rt":8597,"stimulus":14,"slider_start":100,"sprites":"butterflies","response":66,"absDeviation":84,"callibration":"test","block":6,"seed":14,"numerosity":150,"matchType":"paired","which":"second","trial_type":"numerosity-estimation","trial_index":126,"time_elapsed":762091,"subject_id":"76128"},{"rt":6468,"stimulus":15,"slider_start":100,"sprites":"hearts","response":90,"absDeviation":31,"callibration":"test","block":6,"seed":15,"numerosity":121,"matchType":"unpaired","which":"second","trial_type":"numerosity-estimation","trial_index":127,"time_elapsed":768561,"subject_id":"76128"},{"rt":7146,"stimulus":16,"slider_start":100,"sprites":"crackers","response":69,"absDeviation":5,"callibration":"test","block":6,"seed":16,"numerosity":64,"matchType":"unpaired","which":"second","trial_type":"numerosity-estimation","trial_index":128,"time_elapsed":775709,"subject_id":"76128"},{"rt":3847,"stimulus":"<p> For the last block of trials, the average deviation of your guesses from correct answers was 34.</p>\n     <p>The smaller the deviation the better.  Your deviation was <b> good</b>.</p><br>\n       <p>Press any key to continue to the next block of trials</p>","response":" ","trial_type":"html-keyboard-response","trial_index":129,"time_elapsed":779557,"subject_id":"76128"},{"rt":3681,"stimulus":18,"slider_start":100,"sprites":"fruits","response":81,"absDeviation":26,"callibration":"test","block":7,"seed":18,"numerosity":107,"matchType":"paired","which":"first","trial_type":"numerosity-estimation","trial_index":130,"time_elapsed":783241,"subject_id":"76128"},{"rt":3299,"stimulus":18,"slider_start":100,"sprites":"fruits","response":94,"absDeviation":13,"callibration":"test","block":7,"seed":18,"numerosity":107,"matchType":"paired","which":"second","trial_type":"numerosity-estimation","trial_index":131,"time_elapsed":786542,"subject_id":"76128"},{"rt":3380,"stimulus":19,"slider_start":100,"sprites":"jellyBeans","response":80,"absDeviation":55,"callibration":"test","block":7,"seed":19,"numerosity":135,"matchType":"unpaired","which":"second","trial_type":"numerosity-estimation","trial_index":132,"time_elapsed":789925,"subject_id":"76128"},{"rt":3849,"stimulus":20,"slider_start":100,"sprites":"marbles","response":56,"absDeviation":22,"callibration":"test","block":7,"seed":20,"numerosity":78,"matchType":"unpaired","which":"second","trial_type":"numerosity-estimation","trial_index":133,"time_elapsed":793776,"subject_id":"76128"},{"rt":5263,"stimulus":22,"slider_start":100,"sprites":"rocks","response":56,"absDeviation":36,"callibration":"test","block":7,"seed":22,"numerosity":92,"matchType":"paired","which":"first","trial_type":"numerosity-estimation","trial_index":134,"time_elapsed":799041,"subject_id":"76128"},{"rt":3315,"stimulus":22,"slider_start":100,"sprites":"rocks","response":53,"absDeviation":39,"callibration":"test","block":7,"seed":22,"numerosity":92,"matchType":"paired","which":"second","trial_type":"numerosity-estimation","trial_index":135,"time_elapsed":802359,"subject_id":"76128"},{"rt":3200,"stimulus":23,"slider_start":100,"sprites":"buttons","response":86,"absDeviation":64,"callibration":"test","block":7,"seed":23,"numerosity":150,"matchType":"unpaired","which":"second","trial_type":"numerosity-estimation","trial_index":136,"time_elapsed":805561,"subject_id":"76128"},{"rt":4212,"stimulus":24,"slider_start":100,"sprites":"animalCrackers","response":73,"absDeviation":34,"callibration":"test","block":7,"seed":24,"numerosity":107,"matchType":"unpaired","which":"second","trial_type":"numerosity-estimation","trial_index":137,"time_elapsed":809775,"subject_id":"76128"},{"rt":3649,"stimulus":26,"slider_start":100,"sprites":"butterflies","response":48,"absDeviation":44,"callibration":"test","block":7,"seed":26,"numerosity":92,"matchType":"paired","which":"first","trial_type":"numerosity-estimation","trial_index":138,"time_elapsed":813426,"subject_id":"76128"},{"rt":5713,"stimulus":26,"slider_start":100,"sprites":"butterflies","response":53,"absDeviation":39,"callibration":"test","block":7,"seed":26,"numerosity":92,"matchType":"paired","which":"second","trial_type":"numerosity-estimation","trial_index":139,"time_elapsed":819142,"subject_id":"76128"},{"rt":4399,"stimulus":27,"slider_start":100,"sprites":"hearts","response":65,"absDeviation":56,"callibration":"test","block":7,"seed":27,"numerosity":121,"matchType":"unpaired","which":"second","trial_type":"numerosity-estimation","trial_index":140,"time_elapsed":823543,"subject_id":"76128"},{"rt":3429,"stimulus":28,"slider_start":100,"sprites":"crackers","response":81,"absDeviation":69,"callibration":"test","block":7,"seed":28,"numerosity":150,"matchType":"unpaired","which":"second","trial_type":"numerosity-estimation","trial_index":141,"time_elapsed":826975,"subject_id":"76128"},{"rt":3265,"stimulus":30,"slider_start":100,"sprites":"fruits","response":69,"absDeviation":38,"callibration":"test","block":7,"seed":30,"numerosity":107,"matchType":"paired","which":"first","trial_type":"numerosity-estimation","trial_index":142,"time_elapsed":830242,"subject_id":"76128"},{"rt":3047,"stimulus":30,"slider_start":100,"sprites":"fruits","response":75,"absDeviation":32,"callibration":"test","block":7,"seed":30,"numerosity":107,"matchType":"paired","which":"second","trial_type":"numerosity-estimation","trial_index":143,"time_elapsed":833291,"subject_id":"76128"},{"rt":4031,"stimulus":31,"slider_start":100,"sprites":"jellyBeans","response":82,"absDeviation":68,"callibration":"test","block":7,"seed":31,"numerosity":150,"matchType":"unpaired","which":"second","trial_type":"numerosity-estimation","trial_index":144,"time_elapsed":837325,"subject_id":"76128"},{"rt":3264,"stimulus":32,"slider_start":100,"sprites":"marbles","response":61,"absDeviation":74,"callibration":"test","block":7,"seed":32,"numerosity":135,"matchType":"unpaired","which":"second","trial_type":"numerosity-estimation","trial_index":145,"time_elapsed":840591,"subject_id":"76128"},{"rt":9374,"stimulus":"<p> For the last block of trials, the average deviation of your guesses from correct answers was 44.</p>\n     <p>The smaller the deviation the better.  Your deviation was <b> good</b>.</p><br>\n       <p>Press any key to continue to the next block of trials</p>","response":" ","trial_type":"html-keyboard-response","trial_index":146,"time_elapsed":849966,"subject_id":"76128"},{"rt":8608,"stimulus":34,"slider_start":100,"sprites":"rocks","response":71,"absDeviation":21,"callibration":"test","block":8,"seed":34,"numerosity":50,"matchType":"paired","which":"first","trial_type":"numerosity-estimation","trial_index":147,"time_elapsed":858576,"subject_id":"76128"},{"rt":5464,"stimulus":34,"slider_start":100,"sprites":"rocks","response":50,"absDeviation":0,"callibration":"test","block":8,"seed":34,"numerosity":50,"matchType":"paired","which":"second","trial_type":"numerosity-estimation","trial_index":148,"time_elapsed":864042,"subject_id":"76128"},{"rt":4114,"stimulus":35,"slider_start":100,"sprites":"buttons","response":74,"absDeviation":4,"callibration":"test","block":8,"seed":35,"numerosity":78,"matchType":"unpaired","which":"second","trial_type":"numerosity-estimation","trial_index":149,"time_elapsed":868159,"subject_id":"76128"},{"rt":4713,"stimulus":36,"slider_start":100,"sprites":"animalCrackers","response":43,"absDeviation":7,"callibration":"test","block":8,"seed":36,"numerosity":50,"matchType":"unpaired","which":"second","trial_type":"numerosity-estimation","trial_index":150,"time_elapsed":872875,"subject_id":"76128"},{"rt":3715,"stimulus":38,"slider_start":100,"sprites":"butterflies","response":28,"absDeviation":50,"callibration":"test","block":8,"seed":38,"numerosity":78,"matchType":"paired","which":"first","trial_type":"numerosity-estimation","trial_index":151,"time_elapsed":876592,"subject_id":"76128"},{"rt":4346,"stimulus":38,"slider_start":100,"sprites":"butterflies","response":34,"absDeviation":44,"callibration":"test","block":8,"seed":38,"numerosity":78,"matchType":"paired","which":"second","trial_type":"numerosity-estimation","trial_index":152,"time_elapsed":880942,"subject_id":"76128"},{"rt":4600,"stimulus":39,"slider_start":100,"sprites":"hearts","response":73,"absDeviation":5,"callibration":"test","block":8,"seed":39,"numerosity":78,"matchType":"unpaired","which":"second","trial_type":"numerosity-estimation","trial_index":153,"time_elapsed":885544,"subject_id":"76128"},{"rt":3146,"stimulus":40,"slider_start":100,"sprites":"crackers","response":92,"absDeviation":29,"callibration":"test","block":8,"seed":40,"numerosity":121,"matchType":"unpaired","which":"second","trial_type":"numerosity-estimation","trial_index":154,"time_elapsed":888692,"subject_id":"76128"},{"rt":5232,"stimulus":42,"slider_start":100,"sprites":"fruits","response":76,"absDeviation":2,"callibration":"test","block":8,"seed":42,"numerosity":78,"matchType":"paired","which":"first","trial_type":"numerosity-estimation","trial_index":155,"time_elapsed":893925,"subject_id":"76128"},{"rt":3031,"stimulus":42,"slider_start":100,"sprites":"fruits","response":79,"absDeviation":1,"callibration":"test","block":8,"seed":42,"numerosity":78,"matchType":"paired","which":"second","trial_type":"numerosity-estimation","trial_index":156,"time_elapsed":896959,"subject_id":"76128"},{"rt":4014,"stimulus":43,"slider_start":100,"sprites":"jellyBeans","response":48,"absDeviation":16,"callibration":"test","block":8,"seed":43,"numerosity":64,"matchType":"unpaired","which":"second","trial_type":"numerosity-estimation","trial_index":157,"time_elapsed":900975,"subject_id":"76128"},{"rt":4365,"stimulus":44,"slider_start":100,"sprites":"marbles","response":67,"absDeviation":54,"callibration":"test","block":8,"seed":44,"numerosity":121,"matchType":"unpaired","which":"second","trial_type":"numerosity-estimation","trial_index":158,"time_elapsed":905342,"subject_id":"76128"},{"rt":4431,"stimulus":46,"slider_start":100,"sprites":"rocks","response":57,"absDeviation":50,"callibration":"test","block":8,"seed":46,"numerosity":107,"matchType":"paired","which":"first","trial_type":"numerosity-estimation","trial_index":159,"time_elapsed":909775,"subject_id":"76128"},{"rt":3397,"stimulus":46,"slider_start":100,"sprites":"rocks","response":66,"absDeviation":41,"callibration":"test","block":8,"seed":46,"numerosity":107,"matchType":"paired","which":"second","trial_type":"numerosity-estimation","trial_index":160,"time_elapsed":913175,"subject_id":"76128"},{"rt":3847,"stimulus":47,"slider_start":100,"sprites":"buttons","response":82,"absDeviation":39,"callibration":"test","block":8,"seed":47,"numerosity":121,"matchType":"unpaired","which":"second","trial_type":"numerosity-estimation","trial_index":161,"time_elapsed":917024,"subject_id":"76128"},{"rt":4851,"stimulus":48,"slider_start":100,"sprites":"animalCrackers","response":86,"absDeviation":49,"callibration":"test","block":8,"seed":48,"numerosity":135,"matchType":"unpaired","which":"second","trial_type":"numerosity-estimation","trial_index":162,"time_elapsed":921878,"subject_id":"76128"},{"rt":7376,"stimulus":"<p> For the last block of trials, the average deviation of your guesses from correct answers was 26.</p>\n     <p>The smaller the deviation the better.  Your deviation was <b> good</b>.</p><br>\n       <p>Press any key to continue to the next block of trials</p>","response":" ","trial_type":"html-keyboard-response","trial_index":163,"time_elapsed":929254,"subject_id":"76128"},{"rt":7785,"stimulus":50,"slider_start":100,"sprites":"butterflies","response":86,"absDeviation":64,"callibration":"test","block":9,"seed":50,"numerosity":150,"matchType":"paired","which":"first","trial_type":"numerosity-estimation","trial_index":164,"time_elapsed":937042,"subject_id":"76128"},{"rt":4197,"stimulus":50,"slider_start":100,"sprites":"butterflies","response":73,"absDeviation":77,"callibration":"test","block":9,"seed":50,"numerosity":150,"matchType":"paired","which":"second","trial_type":"numerosity-estimation","trial_index":165,"time_elapsed":941242,"subject_id":"76128"},{"rt":2766,"stimulus":51,"slider_start":100,"sprites":"hearts","response":72,"absDeviation":78,"callibration":"test","block":9,"seed":51,"numerosity":150,"matchType":"unpaired","which":"second","trial_type":"numerosity-estimation","trial_index":166,"time_elapsed":944010,"subject_id":"76128"},{"rt":2612,"stimulus":52,"slider_start":100,"sprites":"crackers","response":63,"absDeviation":15,"callibration":"test","block":9,"seed":52,"numerosity":78,"matchType":"unpaired","which":"second","trial_type":"numerosity-estimation","trial_index":167,"time_elapsed":946625,"subject_id":"76128"},{"rt":4765,"stimulus":54,"slider_start":100,"sprites":"fruits","response":63,"absDeviation":29,"callibration":"test","block":9,"seed":54,"numerosity":92,"matchType":"paired","which":"first","trial_type":"numerosity-estimation","trial_index":168,"time_elapsed":951392,"subject_id":"76128"},{"rt":2814,"stimulus":54,"slider_start":100,"sprites":"fruits","response":44,"absDeviation":48,"callibration":"test","block":9,"seed":54,"numerosity":92,"matchType":"paired","which":"second","trial_type":"numerosity-estimation","trial_index":169,"time_elapsed":954209,"subject_id":"76128"},{"rt":2998,"stimulus":55,"slider_start":100,"sprites":"jellyBeans","response":67,"absDeviation":54,"callibration":"test","block":9,"seed":55,"numerosity":121,"matchType":"unpaired","which":"second","trial_type":"numerosity-estimation","trial_index":170,"time_elapsed":957209,"subject_id":"76128"},{"rt":3863,"stimulus":56,"slider_start":100,"sprites":"marbles","response":39,"absDeviation":25,"callibration":"test","block":9,"seed":56,"numerosity":64,"matchType":"unpaired","which":"second","trial_type":"numerosity-estimation","trial_index":171,"time_elapsed":961074,"subject_id":"76128"},{"rt":3731,"stimulus":58,"slider_start":100,"sprites":"rocks","response":61,"absDeviation":60,"callibration":"test","block":9,"seed":58,"numerosity":121,"matchType":"paired","which":"first","trial_type":"numerosity-estimation","trial_index":172,"time_elapsed":964808,"subject_id":"76128"},{"rt":4347,"stimulus":58,"slider_start":100,"sprites":"rocks","response":70,"absDeviation":51,"callibration":"test","block":9,"seed":58,"numerosity":121,"matchType":"paired","which":"second","trial_type":"numerosity-estimation","trial_index":173,"time_elapsed":969158,"subject_id":"76128"},{"rt":2350,"stimulus":59,"slider_start":100,"sprites":"buttons","response":84,"absDeviation":51,"callibration":"test","block":9,"seed":59,"numerosity":135,"matchType":"unpaired","which":"second","trial_type":"numerosity-estimation","trial_index":174,"time_elapsed":971510,"subject_id":"76128"},{"rt":2496,"stimulus":60,"slider_start":100,"sprites":"animalCrackers","response":91,"absDeviation":59,"callibration":"test","block":9,"seed":60,"numerosity":150,"matchType":"unpaired","which":"second","trial_type":"numerosity-estimation","trial_index":175,"time_elapsed":974009,"subject_id":"76128"},{"rt":3080,"stimulus":62,"slider_start":100,"sprites":"butterflies","response":54,"absDeviation":81,"callibration":"test","block":9,"seed":62,"numerosity":135,"matchType":"paired","which":"first","trial_type":"numerosity-estimation","trial_index":176,"time_elapsed":977091,"subject_id":"76128"},{"rt":3481,"stimulus":62,"slider_start":100,"sprites":"butterflies","response":39,"absDeviation":96,"callibration":"test","block":9,"seed":62,"numerosity":135,"matchType":"paired","which":"second","trial_type":"numerosity-estimation","trial_index":177,"time_elapsed":980574,"subject_id":"76128"},{"rt":3832,"stimulus":63,"slider_start":100,"sprites":"hearts","response":29,"absDeviation":35,"callibration":"test","block":9,"seed":63,"numerosity":64,"matchType":"unpaired","which":"second","trial_type":"numerosity-estimation","trial_index":178,"time_elapsed":984409,"subject_id":"76128"},{"rt":4546,"stimulus":64,"slider_start":100,"sprites":"crackers","response":88,"absDeviation":47,"callibration":"test","block":9,"seed":64,"numerosity":135,"matchType":"unpaired","which":"second","trial_type":"numerosity-estimation","trial_index":179,"time_elapsed":988957,"subject_id":"76128"},{"rt":2034,"stimulus":"<p> For the last block of trials, the average deviation of your guesses from correct answers was 54.</p>\n     <p>The smaller the deviation the better.  Your deviation was <b> OK</b>.</p><br>\n       <p>Press any key to continue to the next block of trials</p>","response":" ","trial_type":"html-keyboard-response","trial_index":180,"time_elapsed":990991,"subject_id":"76128"},{"rt":2947,"stimulus":66,"slider_start":100,"sprites":"fruits","response":38,"absDeviation":26,"callibration":"test","block":10,"seed":66,"numerosity":64,"matchType":"paired","which":"first","trial_type":"numerosity-estimation","trial_index":181,"time_elapsed":993941,"subject_id":"76128"},{"rt":4930,"stimulus":66,"slider_start":100,"sprites":"fruits","response":47,"absDeviation":17,"callibration":"test","block":10,"seed":66,"numerosity":64,"matchType":"paired","which":"second","trial_type":"numerosity-estimation","trial_index":182,"time_elapsed":998874,"subject_id":"76128"},{"rt":4151,"stimulus":67,"slider_start":100,"sprites":"jellyBeans","response":71,"absDeviation":36,"callibration":"test","block":10,"seed":67,"numerosity":107,"matchType":"unpaired","which":"second","trial_type":"numerosity-estimation","trial_index":183,"time_elapsed":1003026,"subject_id":"76128"},{"rt":3032,"stimulus":68,"slider_start":100,"sprites":"marbles","response":67,"absDeviation":83,"callibration":"test","block":10,"seed":68,"numerosity":150,"matchType":"unpaired","which":"second","trial_type":"numerosity-estimation","trial_index":184,"time_elapsed":1006060,"subject_id":"76128"},{"rt":6662,"stimulus":70,"slider_start":100,"sprites":"rocks","response":63,"absDeviation":29,"callibration":"test","block":10,"seed":70,"numerosity":92,"matchType":"paired","which":"first","trial_type":"numerosity-estimation","trial_index":185,"time_elapsed":1012725,"subject_id":"76128"},{"rt":4466,"stimulus":70,"slider_start":100,"sprites":"rocks","response":53,"absDeviation":39,"callibration":"test","block":10,"seed":70,"numerosity":92,"matchType":"paired","which":"second","trial_type":"numerosity-estimation","trial_index":186,"time_elapsed":1017193,"subject_id":"76128"},{"rt":3745,"stimulus":71,"slider_start":100,"sprites":"buttons","response":77,"absDeviation":30,"callibration":"test","block":10,"seed":71,"numerosity":107,"matchType":"unpaired","which":"second","trial_type":"numerosity-estimation","trial_index":187,"time_elapsed":1020941,"subject_id":"76128"},{"rt":5100,"stimulus":72,"slider_start":100,"sprites":"animalCrackers","response":28,"absDeviation":22,"callibration":"test","block":10,"seed":72,"numerosity":50,"matchType":"unpaired","which":"second","trial_type":"numerosity-estimation","trial_index":188,"time_elapsed":1026042,"subject_id":"76128"},{"rt":5081,"stimulus":74,"slider_start":100,"sprites":"butterflies","response":31,"absDeviation":33,"callibration":"test","block":10,"seed":74,"numerosity":64,"matchType":"paired","which":"first","trial_type":"numerosity-estimation","trial_index":189,"time_elapsed":1031125,"subject_id":"76128"},{"rt":2313,"stimulus":74,"slider_start":100,"sprites":"butterflies","response":28,"absDeviation":36,"callibration":"test","block":10,"seed":74,"numerosity":64,"matchType":"paired","which":"second","trial_type":"numerosity-estimation","trial_index":190,"time_elapsed":1033440,"subject_id":"76128"},{"rt":3798,"stimulus":75,"slider_start":100,"sprites":"hearts","response":43,"absDeviation":49,"callibration":"test","block":10,"seed":75,"numerosity":92,"matchType":"unpaired","which":"second","trial_type":"numerosity-estimation","trial_index":191,"time_elapsed":1037241,"subject_id":"76128"},{"rt":2381,"stimulus":76,"slider_start":100,"sprites":"crackers","response":52,"absDeviation":12,"callibration":"test","block":10,"seed":76,"numerosity":64,"matchType":"unpaired","which":"second","trial_type":"numerosity-estimation","trial_index":192,"time_elapsed":1039624,"subject_id":"76128"},{"rt":4666,"stimulus":78,"slider_start":100,"sprites":"fruits","response":47,"absDeviation":17,"callibration":"test","block":10,"seed":78,"numerosity":64,"matchType":"paired","which":"first","trial_type":"numerosity-estimation","trial_index":193,"time_elapsed":1044291,"subject_id":"76128"},{"rt":2363,"stimulus":78,"slider_start":100,"sprites":"fruits","response":36,"absDeviation":28,"callibration":"test","block":10,"seed":78,"numerosity":64,"matchType":"paired","which":"second","trial_type":"numerosity-estimation","trial_index":194,"time_elapsed":1046657,"subject_id":"76128"},{"rt":2600,"stimulus":79,"slider_start":100,"sprites":"jellyBeans","response":29,"absDeviation":21,"callibration":"test","block":10,"seed":79,"numerosity":50,"matchType":"unpaired","which":"second","trial_type":"numerosity-estimation","trial_index":195,"time_elapsed":1049260,"subject_id":"76128"},{"rt":10113,"stimulus":80,"slider_start":100,"sprites":"marbles","response":45,"absDeviation":76,"callibration":"test","block":10,"seed":80,"numerosity":121,"matchType":"unpaired","which":"second","trial_type":"numerosity-estimation","trial_index":196,"time_elapsed":1059376,"subject_id":"76128"},{"rt":1308,"stimulus":"<p> For the last block of trials, the average deviation of your guesses from correct answers was 35.</p>\n     <p>The smaller the deviation the better.  Your deviation was <b> good</b>.</p><br>\n       <p>Press any key to continue to the next block of trials</p>","response":" ","trial_type":"html-keyboard-response","trial_index":197,"time_elapsed":1060685,"subject_id":"76128"},{"rt":3238,"stimulus":82,"slider_start":100,"sprites":"rocks","response":65,"absDeviation":1,"callibration":"test","block":11,"seed":82,"numerosity":64,"matchType":"paired","which":"first","trial_type":"numerosity-estimation","trial_index":198,"time_elapsed":1063925,"subject_id":"76128"},{"rt":2396,"stimulus":82,"slider_start":100,"sprites":"rocks","response":71,"absDeviation":7,"callibration":"test","block":11,"seed":82,"numerosity":64,"matchType":"paired","which":"second","trial_type":"numerosity-estimation","trial_index":199,"time_elapsed":1066324,"subject_id":"76128"},{"rt":2448,"stimulus":83,"slider_start":100,"sprites":"buttons","response":87,"absDeviation":34,"callibration":"test","block":11,"seed":83,"numerosity":121,"matchType":"unpaired","which":"second","trial_type":"numerosity-estimation","trial_index":200,"time_elapsed":1068774,"subject_id":"76128"},{"rt":5281,"stimulus":84,"slider_start":100,"sprites":"animalCrackers","response":30,"absDeviation":20,"callibration":"test","block":11,"seed":84,"numerosity":50,"matchType":"unpaired","which":"second","trial_type":"numerosity-estimation","trial_index":201,"time_elapsed":1074057,"subject_id":"76128"},{"rt":2398,"stimulus":86,"slider_start":100,"sprites":"butterflies","response":56,"absDeviation":65,"callibration":"test","block":11,"seed":86,"numerosity":121,"matchType":"paired","which":"first","trial_type":"numerosity-estimation","trial_index":202,"time_elapsed":1076457,"subject_id":"76128"},{"rt":3033,"stimulus":86,"slider_start":100,"sprites":"butterflies","response":62,"absDeviation":59,"callibration":"test","block":11,"seed":86,"numerosity":121,"matchType":"paired","which":"second","trial_type":"numerosity-estimation","trial_index":203,"time_elapsed":1079493,"subject_id":"76128"},{"rt":4362,"stimulus":87,"slider_start":100,"sprites":"hearts","response":43,"absDeviation":7,"callibration":"test","block":11,"seed":87,"numerosity":50,"matchType":"unpaired","which":"second","trial_type":"numerosity-estimation","trial_index":204,"time_elapsed":1083857,"subject_id":"76128"},{"rt":3049,"stimulus":88,"slider_start":100,"sprites":"crackers","response":82,"absDeviation":53,"callibration":"test","block":11,"seed":88,"numerosity":135,"matchType":"unpaired","which":"second","trial_type":"numerosity-estimation","trial_index":205,"time_elapsed":1086907,"subject_id":"76128"},{"rt":10314,"stimulus":90,"slider_start":100,"sprites":"fruits","response":124,"absDeviation":26,"callibration":"test","block":11,"seed":90,"numerosity":150,"matchType":"paired","which":"first","trial_type":"numerosity-estimation","trial_index":206,"time_elapsed":1097224,"subject_id":"76128"},{"rt":7547,"stimulus":90,"slider_start":100,"sprites":"fruits","response":141,"absDeviation":9,"callibration":"test","block":11,"seed":90,"numerosity":150,"matchType":"paired","which":"second","trial_type":"numerosity-estimation","trial_index":207,"time_elapsed":1104774,"subject_id":"76128"},{"rt":5615,"stimulus":91,"slider_start":100,"sprites":"jellyBeans","response":94,"absDeviation":2,"callibration":"test","block":11,"seed":91,"numerosity":92,"matchType":"unpaired","which":"second","trial_type":"numerosity-estimation","trial_index":208,"time_elapsed":1110390,"subject_id":"76128"},{"rt":6065,"stimulus":92,"slider_start":100,"sprites":"marbles","response":51,"absDeviation":70,"callibration":"test","block":11,"seed":92,"numerosity":121,"matchType":"unpaired","which":"second","trial_type":"numerosity-estimation","trial_index":209,"time_elapsed":1116457,"subject_id":"76128"},{"rt":6317,"stimulus":94,"slider_start":100,"sprites":"rocks","response":91,"absDeviation":13,"callibration":"test","block":11,"seed":94,"numerosity":78,"matchType":"paired","which":"first","trial_type":"numerosity-estimation","trial_index":210,"time_elapsed":1122776,"subject_id":"76128"},{"rt":5412,"stimulus":94,"slider_start":100,"sprites":"rocks","response":109,"absDeviation":31,"callibration":"test","block":11,"seed":94,"numerosity":78,"matchType":"paired","which":"second","trial_type":"numerosity-estimation","trial_index":211,"time_elapsed":1128190,"subject_id":"76128"},{"rt":8998,"stimulus":95,"slider_start":100,"sprites":"buttons","response":83,"absDeviation":19,"callibration":"test","block":11,"seed":95,"numerosity":64,"matchType":"unpaired","which":"second","trial_type":"numerosity-estimation","trial_index":212,"time_elapsed":1137191,"subject_id":"76128"},{"rt":6631,"stimulus":96,"slider_start":100,"sprites":"animalCrackers","response":98,"absDeviation":6,"callibration":"test","block":11,"seed":96,"numerosity":92,"matchType":"unpaired","which":"second","trial_type":"numerosity-estimation","trial_index":213,"time_elapsed":1143824,"subject_id":"76128"},{"rt":6168,"stimulus":"<p> For the last block of trials, the average deviation of your guesses from correct answers was 26.</p>\n     <p>The smaller the deviation the better.  Your deviation was <b> good</b>.</p><br>\n       <p>Press any key to continue to the next block of trials</p>","response":" ","trial_type":"html-keyboard-response","trial_index":214,"time_elapsed":1149993,"subject_id":"76128"},{"rt":19998,"response":{"averageEstimates":"When the two displays occured back-to-back, in immediate succession.","firstOrSecond":"The first time the objects were shown"},"question_order":[0,1],"trial_type":"survey-multi-choice","trial_index":215,"time_elapsed":1169993,"subject_id":"76128"}]