[{"rt":11238,"url":"consent.html","trial_type":"external-html","trial_index":0,"time_elapsed":11255,"subject_id":"76175"},{"view_history":[{"page_index":0,"viewing_time":3334}],"rt":3335,"trial_type":"instructions","trial_index":1,"time_elapsed":14591,"subject_id":"76175"},{"rt":4315,"stimulus":0,"slider_start":100,"sprites":"animalCrackers","response":100,"absDeviation":50,"callibration":"callibration","block":-1,"seed":0,"numerosity":50,"matchType":"callibration","which":"first","trial_type":"numerosity-estimation","trial_index":2,"time_elapsed":18910,"subject_id":"76175"},{"rt":2352,"stimulus":1,"slider_start":100,"sprites":"letters","response":100,"absDeviation":36,"callibration":"callibration","block":-1,"seed":1,"numerosity":64,"matchType":"callibration","which":"first","trial_type":"numerosity-estimation","trial_index":3,"time_elapsed":21264,"subject_id":"76175"},{"rt":3601,"stimulus":2,"slider_start":100,"sprites":"butterflies","response":100,"absDeviation":22,"callibration":"callibration","block":-1,"seed":2,"numerosity":78,"matchType":"callibration","which":"first","trial_type":"numerosity-estimation","trial_index":4,"time_elapsed":24867,"subject_id":"76175"},{"rt":1780,"stimulus":3,"slider_start":100,"sprites":"hearts","response":100,"absDeviation":8,"callibration":"callibration","block":-1,"seed":3,"numerosity":92,"matchType":"callibration","which":"first","trial_type":"numerosity-estimation","trial_index":5,"time_elapsed":26649,"subject_id":"76175"},{"rt":1845,"stimulus":4,"slider_start":100,"sprites":"crackers","response":100,"absDeviation":7,"callibration":"callibration","block":-1,"seed":4,"numerosity":107,"matchType":"callibration","which":"first","trial_type":"numerosity-estimation","trial_index":6,"time_elapsed":28497,"subject_id":"76175"},{"rt":10201,"stimulus":5,"slider_start":100,"sprites":"bears","response":121,"absDeviation":0,"callibration":"callibration","block":-1,"seed":5,"numerosity":121,"matchType":"callibration","which":"first","trial_type":"numerosity-estimation","trial_index":7,"time_elapsed":38704,"subject_id":"76175"},{"rt":11118,"stimulus":6,"slider_start":100,"sprites":"fruits","response":135,"absDeviation":0,"callibration":"callibration","block":-1,"seed":6,"numerosity":135,"matchType":"callibration","which":"first","trial_type":"numerosity-estimation","trial_index":8,"time_elapsed":49824,"subject_id":"76175"},{"rt":9766,"stimulus":7,"slider_start":100,"sprites":"jellyBeans","response":150,"absDeviation":0,"callibration":"callibration","block":-1,"seed":7,"numerosity":150,"matchType":"callibration","which":"first","trial_type":"numerosity-estimation","trial_index":9,"time_elapsed":59593,"subject_id":"76175"},{"view_history":[{"page_index":0,"viewing_time":7266}],"rt":7267,"trial_type":"instructions","trial_index":10,"time_elapsed":66862,"subject_id":"76175"},{"rt":8822,"stimulus":1,"slider_start":100,"sprites":"letters","response":120,"absDeviation":28,"callibration":"test","block":0,"seed":1,"numerosity":92,"matchType":"paired","which":"first","trial_type":"numerosity-estimation","trial_index":11,"time_elapsed":75687,"subject_id":"76175"},{"rt":9392,"stimulus":1,"slider_start":100,"sprites":"letters","response":147,"absDeviation":55,"callibration":"test","block":0,"seed":1,"numerosity":92,"matchType":"paired","which":"second","trial_type":"numerosity-estimation","trial_index":12,"time_elapsed":85083,"subject_id":"76175"},{"rt":9251,"stimulus":3,"slider_start":100,"sprites":"hearts","response":82,"absDeviation":32,"callibration":"test","block":0,"seed":3,"numerosity":50,"matchType":"unpaired","which":"first","trial_type":"numerosity-estimation","trial_index":13,"time_elapsed":94337,"subject_id":"76175"},{"rt":6209,"stimulus":4,"slider_start":100,"sprites":"crackers","response":151,"absDeviation":44,"callibration":"test","block":0,"seed":4,"numerosity":107,"matchType":"unpaired","which":"first","trial_type":"numerosity-estimation","trial_index":14,"time_elapsed":100548,"subject_id":"76175"},{"rt":6327,"stimulus":5,"slider_start":100,"sprites":"bears","response":62,"absDeviation":12,"callibration":"test","block":0,"seed":5,"numerosity":50,"matchType":"paired","which":"first","trial_type":"numerosity-estimation","trial_index":15,"time_elapsed":106877,"subject_id":"76175"},{"rt":10654,"stimulus":5,"slider_start":100,"sprites":"bears","response":78,"absDeviation":28,"callibration":"test","block":0,"seed":5,"numerosity":50,"matchType":"paired","which":"second","trial_type":"numerosity-estimation","trial_index":16,"time_elapsed":117535,"subject_id":"76175"},{"rt":4327,"stimulus":7,"slider_start":100,"sprites":"jellyBeans","response":84,"absDeviation":34,"callibration":"test","block":0,"seed":7,"numerosity":50,"matchType":"unpaired","which":"first","trial_type":"numerosity-estimation","trial_index":17,"time_elapsed":121876,"subject_id":"76175"},{"rt":4566,"stimulus":8,"slider_start":100,"sprites":"marbles","response":100,"absDeviation":8,"callibration":"test","block":0,"seed":8,"numerosity":92,"matchType":"unpaired","which":"first","trial_type":"numerosity-estimation","trial_index":18,"time_elapsed":126445,"subject_id":"76175"},{"rt":5765,"stimulus":9,"slider_start":100,"sprites":"mints","response":144,"absDeviation":9,"callibration":"test","block":0,"seed":9,"numerosity":135,"matchType":"paired","which":"first","trial_type":"numerosity-estimation","trial_index":19,"time_elapsed":132214,"subject_id":"76175"},{"rt":11607,"stimulus":9,"slider_start":100,"sprites":"mints","response":143,"absDeviation":8,"callibration":"test","block":0,"seed":9,"numerosity":135,"matchType":"paired","which":"second","trial_type":"numerosity-estimation","trial_index":20,"time_elapsed":143825,"subject_id":"76175"},{"rt":4281,"stimulus":11,"slider_start":100,"sprites":"buttons","response":144,"absDeviation":37,"callibration":"test","block":0,"seed":11,"numerosity":107,"matchType":"unpaired","which":"first","trial_type":"numerosity-estimation","trial_index":21,"time_elapsed":148108,"subject_id":"76175"},{"rt":3449,"stimulus":12,"slider_start":100,"sprites":"animalCrackers","response":137,"absDeviation":45,"callibration":"test","block":0,"seed":12,"numerosity":92,"matchType":"unpaired","which":"first","trial_type":"numerosity-estimation","trial_index":22,"time_elapsed":151560,"subject_id":"76175"},{"rt":3683,"stimulus":13,"slider_start":100,"sprites":"letters","response":139,"absDeviation":32,"callibration":"test","block":0,"seed":13,"numerosity":107,"matchType":"paired","which":"first","trial_type":"numerosity-estimation","trial_index":23,"time_elapsed":155246,"subject_id":"76175"},{"rt":3778,"stimulus":13,"slider_start":100,"sprites":"letters","response":149,"absDeviation":42,"callibration":"test","block":0,"seed":13,"numerosity":107,"matchType":"paired","which":"second","trial_type":"numerosity-estimation","trial_index":24,"time_elapsed":159027,"subject_id":"76175"},{"rt":5176,"stimulus":15,"slider_start":100,"sprites":"hearts","response":148,"absDeviation":27,"callibration":"test","block":0,"seed":15,"numerosity":121,"matchType":"unpaired","which":"first","trial_type":"numerosity-estimation","trial_index":25,"time_elapsed":164207,"subject_id":"76175"},{"rt":3657,"stimulus":16,"slider_start":100,"sprites":"crackers","response":83,"absDeviation":19,"callibration":"test","block":0,"seed":16,"numerosity":64,"matchType":"unpaired","which":"first","trial_type":"numerosity-estimation","trial_index":26,"time_elapsed":167867,"subject_id":"76175"},{"rt":7630,"stimulus":"<p> For the last block of trials, the average deviation of your guesses from correct answers was 29.</p>\n     <p>The smaller the deviation the better.  Your deviation was <b> good</b>.</p><br>\n       <p>Press any key to continue to the next block of trials</p>","response":" ","trial_type":"html-keyboard-response","trial_index":27,"time_elapsed":175501,"subject_id":"76175"},{"rt":4864,"stimulus":17,"slider_start":100,"sprites":"bears","response":100,"absDeviation":8,"callibration":"test","block":1,"seed":17,"numerosity":92,"matchType":"paired","which":"first","trial_type":"numerosity-estimation","trial_index":28,"time_elapsed":180369,"subject_id":"76175"},{"rt":3713,"stimulus":17,"slider_start":100,"sprites":"bears","response":108,"absDeviation":16,"callibration":"test","block":1,"seed":17,"numerosity":92,"matchType":"paired","which":"second","trial_type":"numerosity-estimation","trial_index":29,"time_elapsed":184085,"subject_id":"76175"},{"rt":3582,"stimulus":19,"slider_start":100,"sprites":"jellyBeans","response":134,"absDeviation":1,"callibration":"test","block":1,"seed":19,"numerosity":135,"matchType":"unpaired","which":"first","trial_type":"numerosity-estimation","trial_index":30,"time_elapsed":187669,"subject_id":"76175"},{"rt":3790,"stimulus":20,"slider_start":100,"sprites":"marbles","response":81,"absDeviation":3,"callibration":"test","block":1,"seed":20,"numerosity":78,"matchType":"unpaired","which":"first","trial_type":"numerosity-estimation","trial_index":31,"time_elapsed":191462,"subject_id":"76175"},{"rt":3300,"stimulus":21,"slider_start":100,"sprites":"mints","response":107,"absDeviation":15,"callibration":"test","block":1,"seed":21,"numerosity":92,"matchType":"paired","which":"first","trial_type":"numerosity-estimation","trial_index":32,"time_elapsed":194765,"subject_id":"76175"},{"rt":5798,"stimulus":21,"slider_start":100,"sprites":"mints","response":113,"absDeviation":21,"callibration":"test","block":1,"seed":21,"numerosity":92,"matchType":"paired","which":"second","trial_type":"numerosity-estimation","trial_index":33,"time_elapsed":200566,"subject_id":"76175"},{"rt":3478,"stimulus":23,"slider_start":100,"sprites":"buttons","response":142,"absDeviation":8,"callibration":"test","block":1,"seed":23,"numerosity":150,"matchType":"unpaired","which":"first","trial_type":"numerosity-estimation","trial_index":34,"time_elapsed":204047,"subject_id":"76175"},{"rt":3610,"stimulus":24,"slider_start":100,"sprites":"animalCrackers","response":129,"absDeviation":22,"callibration":"test","block":1,"seed":24,"numerosity":107,"matchType":"unpaired","which":"first","trial_type":"numerosity-estimation","trial_index":35,"time_elapsed":207660,"subject_id":"76175"},{"rt":3941,"stimulus":25,"slider_start":100,"sprites":"letters","response":124,"absDeviation":17,"callibration":"test","block":1,"seed":25,"numerosity":107,"matchType":"paired","which":"first","trial_type":"numerosity-estimation","trial_index":36,"time_elapsed":211603,"subject_id":"76175"},{"rt":3893,"stimulus":25,"slider_start":100,"sprites":"letters","response":128,"absDeviation":21,"callibration":"test","block":1,"seed":25,"numerosity":107,"matchType":"paired","which":"second","trial_type":"numerosity-estimation","trial_index":37,"time_elapsed":215500,"subject_id":"76175"},{"rt":3561,"stimulus":27,"slider_start":100,"sprites":"hearts","response":140,"absDeviation":19,"callibration":"test","block":1,"seed":27,"numerosity":121,"matchType":"unpaired","which":"first","trial_type":"numerosity-estimation","trial_index":38,"time_elapsed":219064,"subject_id":"76175"},{"rt":5654,"stimulus":28,"slider_start":100,"sprites":"crackers","response":146,"absDeviation":4,"callibration":"test","block":1,"seed":28,"numerosity":150,"matchType":"unpaired","which":"first","trial_type":"numerosity-estimation","trial_index":39,"time_elapsed":224721,"subject_id":"76175"},{"rt":3852,"stimulus":29,"slider_start":100,"sprites":"bears","response":81,"absDeviation":17,"callibration":"test","block":1,"seed":29,"numerosity":64,"matchType":"paired","which":"first","trial_type":"numerosity-estimation","trial_index":40,"time_elapsed":228578,"subject_id":"76175"},{"rt":3524,"stimulus":29,"slider_start":100,"sprites":"bears","response":82,"absDeviation":18,"callibration":"test","block":1,"seed":29,"numerosity":64,"matchType":"paired","which":"second","trial_type":"numerosity-estimation","trial_index":41,"time_elapsed":232107,"subject_id":"76175"},{"rt":5907,"stimulus":31,"slider_start":100,"sprites":"jellyBeans","response":134,"absDeviation":16,"callibration":"test","block":1,"seed":31,"numerosity":150,"matchType":"unpaired","which":"first","trial_type":"numerosity-estimation","trial_index":42,"time_elapsed":238018,"subject_id":"76175"},{"rt":4281,"stimulus":32,"slider_start":100,"sprites":"marbles","response":136,"absDeviation":1,"callibration":"test","block":1,"seed":32,"numerosity":135,"matchType":"unpaired","which":"first","trial_type":"numerosity-estimation","trial_index":43,"time_elapsed":242298,"subject_id":"76175"},{"rt":10835,"stimulus":"<p> For the last block of trials, the average deviation of your guesses from correct answers was 13.</p>\n     <p>The smaller the deviation the better.  Your deviation was <b> AMAZINGLY good</b>.</p><br>\n       <p>Press any key to continue to the next block of trials</p>","response":" ","trial_type":"html-keyboard-response","trial_index":44,"time_elapsed":253134,"subject_id":"76175"},{"rt":5379,"stimulus":33,"slider_start":100,"sprites":"mints","response":138,"absDeviation":17,"callibration":"test","block":2,"seed":33,"numerosity":121,"matchType":"paired","which":"first","trial_type":"numerosity-estimation","trial_index":45,"time_elapsed":258517,"subject_id":"76175"},{"rt":3352,"stimulus":33,"slider_start":100,"sprites":"mints","response":143,"absDeviation":22,"callibration":"test","block":2,"seed":33,"numerosity":121,"matchType":"paired","which":"second","trial_type":"numerosity-estimation","trial_index":46,"time_elapsed":261873,"subject_id":"76175"},{"rt":5455,"stimulus":35,"slider_start":100,"sprites":"buttons","response":92,"absDeviation":14,"callibration":"test","block":2,"seed":35,"numerosity":78,"matchType":"unpaired","which":"first","trial_type":"numerosity-estimation","trial_index":47,"time_elapsed":267332,"subject_id":"76175"},{"rt":4897,"stimulus":36,"slider_start":100,"sprites":"animalCrackers","response":84,"absDeviation":34,"callibration":"test","block":2,"seed":36,"numerosity":50,"matchType":"unpaired","which":"first","trial_type":"numerosity-estimation","trial_index":48,"time_elapsed":272233,"subject_id":"76175"},{"rt":5869,"stimulus":37,"slider_start":100,"sprites":"letters","response":128,"absDeviation":7,"callibration":"test","block":2,"seed":37,"numerosity":135,"matchType":"paired","which":"first","trial_type":"numerosity-estimation","trial_index":49,"time_elapsed":278105,"subject_id":"76175"},{"rt":6609,"stimulus":37,"slider_start":100,"sprites":"letters","response":138,"absDeviation":3,"callibration":"test","block":2,"seed":37,"numerosity":135,"matchType":"paired","which":"second","trial_type":"numerosity-estimation","trial_index":50,"time_elapsed":284718,"subject_id":"76175"},{"rt":3966,"stimulus":39,"slider_start":100,"sprites":"hearts","response":97,"absDeviation":19,"callibration":"test","block":2,"seed":39,"numerosity":78,"matchType":"unpaired","which":"first","trial_type":"numerosity-estimation","trial_index":51,"time_elapsed":288687,"subject_id":"76175"},{"rt":3339,"stimulus":40,"slider_start":100,"sprites":"crackers","response":143,"absDeviation":22,"callibration":"test","block":2,"seed":40,"numerosity":121,"matchType":"unpaired","which":"first","trial_type":"numerosity-estimation","trial_index":52,"time_elapsed":292029,"subject_id":"76175"},{"rt":3427,"stimulus":41,"slider_start":100,"sprites":"bears","response":88,"absDeviation":38,"callibration":"test","block":2,"seed":41,"numerosity":50,"matchType":"paired","which":"first","trial_type":"numerosity-estimation","trial_index":53,"time_elapsed":295460,"subject_id":"76175"},{"rt":3785,"stimulus":41,"slider_start":100,"sprites":"bears","response":79,"absDeviation":29,"callibration":"test","block":2,"seed":41,"numerosity":50,"matchType":"paired","which":"second","trial_type":"numerosity-estimation","trial_index":54,"time_elapsed":299248,"subject_id":"76175"},{"rt":3206,"stimulus":43,"slider_start":100,"sprites":"jellyBeans","response":93,"absDeviation":29,"callibration":"test","block":2,"seed":43,"numerosity":64,"matchType":"unpaired","which":"first","trial_type":"numerosity-estimation","trial_index":55,"time_elapsed":302458,"subject_id":"76175"},{"rt":3920,"stimulus":44,"slider_start":100,"sprites":"marbles","response":124,"absDeviation":3,"callibration":"test","block":2,"seed":44,"numerosity":121,"matchType":"unpaired","which":"first","trial_type":"numerosity-estimation","trial_index":56,"time_elapsed":306381,"subject_id":"76175"},{"rt":3388,"stimulus":45,"slider_start":100,"sprites":"mints","response":140,"absDeviation":19,"callibration":"test","block":2,"seed":45,"numerosity":121,"matchType":"paired","which":"first","trial_type":"numerosity-estimation","trial_index":57,"time_elapsed":309772,"subject_id":"76175"},{"rt":9181,"stimulus":45,"slider_start":100,"sprites":"mints","response":144,"absDeviation":23,"callibration":"test","block":2,"seed":45,"numerosity":121,"matchType":"paired","which":"second","trial_type":"numerosity-estimation","trial_index":58,"time_elapsed":318957,"subject_id":"76175"},{"rt":3008,"stimulus":47,"slider_start":100,"sprites":"buttons","response":152,"absDeviation":31,"callibration":"test","block":2,"seed":47,"numerosity":121,"matchType":"unpaired","which":"first","trial_type":"numerosity-estimation","trial_index":59,"time_elapsed":321968,"subject_id":"76175"},{"rt":11607,"stimulus":48,"slider_start":100,"sprites":"animalCrackers","response":155,"absDeviation":20,"callibration":"test","block":2,"seed":48,"numerosity":135,"matchType":"unpaired","which":"first","trial_type":"numerosity-estimation","trial_index":60,"time_elapsed":333578,"subject_id":"76175"},{"rt":71707,"stimulus":"<p> For the last block of trials, the average deviation of your guesses from correct answers was 21.</p>\n     <p>The smaller the deviation the better.  Your deviation was <b> VERY good</b>.</p><br>\n       <p>Press any key to continue to the next block of trials</p>","response":" ","trial_type":"html-keyboard-response","trial_index":61,"time_elapsed":405282,"subject_id":"76175"},{"rt":4773,"stimulus":49,"slider_start":100,"sprites":"letters","response":93,"absDeviation":15,"callibration":"test","block":3,"seed":49,"numerosity":78,"matchType":"paired","which":"first","trial_type":"numerosity-estimation","trial_index":62,"time_elapsed":410058,"subject_id":"76175"},{"rt":4574,"stimulus":49,"slider_start":100,"sprites":"letters","response":85,"absDeviation":7,"callibration":"test","block":3,"seed":49,"numerosity":78,"matchType":"paired","which":"second","trial_type":"numerosity-estimation","trial_index":63,"time_elapsed":414635,"subject_id":"76175"},{"rt":4031,"stimulus":51,"slider_start":100,"sprites":"hearts","response":148,"absDeviation":2,"callibration":"test","block":3,"seed":51,"numerosity":150,"matchType":"unpaired","which":"first","trial_type":"numerosity-estimation","trial_index":64,"time_elapsed":418671,"subject_id":"76175"},{"rt":3014,"stimulus":52,"slider_start":100,"sprites":"crackers","response":100,"absDeviation":22,"callibration":"test","block":3,"seed":52,"numerosity":78,"matchType":"unpaired","which":"first","trial_type":"numerosity-estimation","trial_index":65,"time_elapsed":421688,"subject_id":"76175"},{"rt":2916,"stimulus":53,"slider_start":100,"sprites":"bears","response":92,"absDeviation":42,"callibration":"test","block":3,"seed":53,"numerosity":50,"matchType":"paired","which":"first","trial_type":"numerosity-estimation","trial_index":66,"time_elapsed":424608,"subject_id":"76175"},{"rt":3854,"stimulus":53,"slider_start":100,"sprites":"bears","response":87,"absDeviation":37,"callibration":"test","block":3,"seed":53,"numerosity":50,"matchType":"paired","which":"second","trial_type":"numerosity-estimation","trial_index":67,"time_elapsed":428464,"subject_id":"76175"},{"rt":3295,"stimulus":55,"slider_start":100,"sprites":"jellyBeans","response":132,"absDeviation":11,"callibration":"test","block":3,"seed":55,"numerosity":121,"matchType":"unpaired","which":"first","trial_type":"numerosity-estimation","trial_index":68,"time_elapsed":431763,"subject_id":"76175"},{"rt":3079,"stimulus":56,"slider_start":100,"sprites":"marbles","response":92,"absDeviation":28,"callibration":"test","block":3,"seed":56,"numerosity":64,"matchType":"unpaired","which":"first","trial_type":"numerosity-estimation","trial_index":69,"time_elapsed":434845,"subject_id":"76175"},{"rt":3746,"stimulus":57,"slider_start":100,"sprites":"mints","response":94,"absDeviation":30,"callibration":"test","block":3,"seed":57,"numerosity":64,"matchType":"paired","which":"first","trial_type":"numerosity-estimation","trial_index":70,"time_elapsed":438595,"subject_id":"76175"},{"rt":2946,"stimulus":57,"slider_start":100,"sprites":"mints","response":92,"absDeviation":28,"callibration":"test","block":3,"seed":57,"numerosity":64,"matchType":"paired","which":"second","trial_type":"numerosity-estimation","trial_index":71,"time_elapsed":441543,"subject_id":"76175"},{"rt":3185,"stimulus":59,"slider_start":100,"sprites":"buttons","response":143,"absDeviation":8,"callibration":"test","block":3,"seed":59,"numerosity":135,"matchType":"unpaired","which":"first","trial_type":"numerosity-estimation","trial_index":72,"time_elapsed":444733,"subject_id":"76175"},{"rt":4946,"stimulus":60,"slider_start":100,"sprites":"animalCrackers","response":151,"absDeviation":1,"callibration":"test","block":3,"seed":60,"numerosity":150,"matchType":"unpaired","which":"first","trial_type":"numerosity-estimation","trial_index":73,"time_elapsed":449682,"subject_id":"76175"},{"rt":4260,"stimulus":61,"slider_start":100,"sprites":"letters","response":71,"absDeviation":21,"callibration":"test","block":3,"seed":61,"numerosity":50,"matchType":"paired","which":"first","trial_type":"numerosity-estimation","trial_index":74,"time_elapsed":453945,"subject_id":"76175"},{"rt":3183,"stimulus":61,"slider_start":100,"sprites":"letters","response":83,"absDeviation":33,"callibration":"test","block":3,"seed":61,"numerosity":50,"matchType":"paired","which":"second","trial_type":"numerosity-estimation","trial_index":75,"time_elapsed":457131,"subject_id":"76175"},{"rt":3059,"stimulus":63,"slider_start":100,"sprites":"hearts","response":95,"absDeviation":31,"callibration":"test","block":3,"seed":63,"numerosity":64,"matchType":"unpaired","which":"first","trial_type":"numerosity-estimation","trial_index":76,"time_elapsed":460193,"subject_id":"76175"},{"rt":3046,"stimulus":64,"slider_start":100,"sprites":"crackers","response":145,"absDeviation":10,"callibration":"test","block":3,"seed":64,"numerosity":135,"matchType":"unpaired","which":"first","trial_type":"numerosity-estimation","trial_index":77,"time_elapsed":463237,"subject_id":"76175"},{"rt":2774,"stimulus":"<p> For the last block of trials, the average deviation of your guesses from correct answers was 20.</p>\n     <p>The smaller the deviation the better.  Your deviation was <b> VERY good</b>.</p><br>\n       <p>Press any key to continue to the next block of trials</p>","response":" ","trial_type":"html-keyboard-response","trial_index":78,"time_elapsed":466012,"subject_id":"76175"},{"rt":6527,"stimulus":65,"slider_start":100,"sprites":"bears","response":110,"absDeviation":3,"callibration":"test","block":4,"seed":65,"numerosity":107,"matchType":"paired","which":"first","trial_type":"numerosity-estimation","trial_index":79,"time_elapsed":472542,"subject_id":"76175"},{"rt":3918,"stimulus":65,"slider_start":100,"sprites":"bears","response":123,"absDeviation":16,"callibration":"test","block":4,"seed":65,"numerosity":107,"matchType":"paired","which":"second","trial_type":"numerosity-estimation","trial_index":80,"time_elapsed":476465,"subject_id":"76175"},{"rt":6930,"stimulus":67,"slider_start":100,"sprites":"jellyBeans","response":108,"absDeviation":1,"callibration":"test","block":4,"seed":67,"numerosity":107,"matchType":"unpaired","which":"first","trial_type":"numerosity-estimation","trial_index":81,"time_elapsed":483398,"subject_id":"76175"},{"rt":3436,"stimulus":68,"slider_start":100,"sprites":"marbles","response":123,"absDeviation":27,"callibration":"test","block":4,"seed":68,"numerosity":150,"matchType":"unpaired","which":"first","trial_type":"numerosity-estimation","trial_index":82,"time_elapsed":486837,"subject_id":"76175"},{"rt":6798,"stimulus":69,"slider_start":100,"sprites":"mints","response":125,"absDeviation":4,"callibration":"test","block":4,"seed":69,"numerosity":121,"matchType":"paired","which":"first","trial_type":"numerosity-estimation","trial_index":83,"time_elapsed":493638,"subject_id":"76175"},{"rt":3506,"stimulus":69,"slider_start":100,"sprites":"mints","response":136,"absDeviation":15,"callibration":"test","block":4,"seed":69,"numerosity":121,"matchType":"paired","which":"second","trial_type":"numerosity-estimation","trial_index":84,"time_elapsed":497147,"subject_id":"76175"},{"rt":6763,"stimulus":71,"slider_start":100,"sprites":"buttons","response":134,"absDeviation":27,"callibration":"test","block":4,"seed":71,"numerosity":107,"matchType":"unpaired","which":"first","trial_type":"numerosity-estimation","trial_index":85,"time_elapsed":503913,"subject_id":"76175"},{"rt":8888,"stimulus":72,"slider_start":100,"sprites":"animalCrackers","response":97,"absDeviation":47,"callibration":"test","block":4,"seed":72,"numerosity":50,"matchType":"unpaired","which":"first","trial_type":"numerosity-estimation","trial_index":86,"time_elapsed":512804,"subject_id":"76175"},{"rt":3562,"stimulus":73,"slider_start":100,"sprites":"letters","response":111,"absDeviation":33,"callibration":"test","block":4,"seed":73,"numerosity":78,"matchType":"paired","which":"first","trial_type":"numerosity-estimation","trial_index":87,"time_elapsed":516370,"subject_id":"76175"},{"rt":3546,"stimulus":73,"slider_start":100,"sprites":"letters","response":122,"absDeviation":44,"callibration":"test","block":4,"seed":73,"numerosity":78,"matchType":"paired","which":"second","trial_type":"numerosity-estimation","trial_index":88,"time_elapsed":519918,"subject_id":"76175"},{"rt":4762,"stimulus":75,"slider_start":100,"sprites":"hearts","response":130,"absDeviation":38,"callibration":"test","block":4,"seed":75,"numerosity":92,"matchType":"unpaired","which":"first","trial_type":"numerosity-estimation","trial_index":89,"time_elapsed":524698,"subject_id":"76175"},{"rt":9192,"stimulus":76,"slider_start":100,"sprites":"crackers","response":89,"absDeviation":25,"callibration":"test","block":4,"seed":76,"numerosity":64,"matchType":"unpaired","which":"first","trial_type":"numerosity-estimation","trial_index":90,"time_elapsed":533893,"subject_id":"76175"},{"rt":51824,"stimulus":77,"slider_start":100,"sprites":"bears","response":111,"absDeviation":24,"callibration":"test","block":4,"seed":77,"numerosity":135,"matchType":"paired","which":"first","trial_type":"numerosity-estimation","trial_index":91,"time_elapsed":585721,"subject_id":"76175"},{"rt":4971,"stimulus":77,"slider_start":100,"sprites":"bears","response":107,"absDeviation":28,"callibration":"test","block":4,"seed":77,"numerosity":135,"matchType":"paired","which":"second","trial_type":"numerosity-estimation","trial_index":92,"time_elapsed":590696,"subject_id":"76175"},{"rt":5570,"stimulus":79,"slider_start":100,"sprites":"jellyBeans","response":75,"absDeviation":25,"callibration":"test","block":4,"seed":79,"numerosity":50,"matchType":"unpaired","which":"first","trial_type":"numerosity-estimation","trial_index":93,"time_elapsed":596269,"subject_id":"76175"},{"rt":8745,"stimulus":80,"slider_start":100,"sprites":"marbles","response":112,"absDeviation":9,"callibration":"test","block":4,"seed":80,"numerosity":121,"matchType":"unpaired","which":"first","trial_type":"numerosity-estimation","trial_index":94,"time_elapsed":605017,"subject_id":"76175"},{"rt":2328,"stimulus":"<p> For the last block of trials, the average deviation of your guesses from correct answers was 23.</p>\n     <p>The smaller the deviation the better.  Your deviation was <b> VERY good</b>.</p><br>\n       <p>Press any key to continue to the next block of trials</p>","response":" ","trial_type":"html-keyboard-response","trial_index":95,"time_elapsed":607346,"subject_id":"76175"},{"rt":10260,"stimulus":81,"slider_start":100,"sprites":"mints","response":141,"absDeviation":20,"callibration":"test","block":5,"seed":81,"numerosity":121,"matchType":"paired","which":"first","trial_type":"numerosity-estimation","trial_index":96,"time_elapsed":617610,"subject_id":"76175"},{"rt":4465,"stimulus":81,"slider_start":100,"sprites":"mints","response":136,"absDeviation":15,"callibration":"test","block":5,"seed":81,"numerosity":121,"matchType":"paired","which":"second","trial_type":"numerosity-estimation","trial_index":97,"time_elapsed":622078,"subject_id":"76175"},{"rt":6322,"stimulus":83,"slider_start":100,"sprites":"buttons","response":141,"absDeviation":20,"callibration":"test","block":5,"seed":83,"numerosity":121,"matchType":"unpaired","which":"first","trial_type":"numerosity-estimation","trial_index":98,"time_elapsed":628404,"subject_id":"76175"},{"rt":5874,"stimulus":84,"slider_start":100,"sprites":"animalCrackers","response":94,"absDeviation":44,"callibration":"test","block":5,"seed":84,"numerosity":50,"matchType":"unpaired","which":"first","trial_type":"numerosity-estimation","trial_index":99,"time_elapsed":634282,"subject_id":"76175"},{"rt":7470,"stimulus":85,"slider_start":100,"sprites":"letters","response":112,"absDeviation":48,"callibration":"test","block":5,"seed":85,"numerosity":64,"matchType":"paired","which":"first","trial_type":"numerosity-estimation","trial_index":100,"time_elapsed":641761,"subject_id":"76175"},{"rt":5154,"stimulus":85,"slider_start":100,"sprites":"letters","response":108,"absDeviation":44,"callibration":"test","block":5,"seed":85,"numerosity":64,"matchType":"paired","which":"second","trial_type":"numerosity-estimation","trial_index":101,"time_elapsed":646903,"subject_id":"76175"},{"rt":5779,"stimulus":87,"slider_start":100,"sprites":"hearts","response":96,"absDeviation":46,"callibration":"test","block":5,"seed":87,"numerosity":50,"matchType":"unpaired","which":"first","trial_type":"numerosity-estimation","trial_index":102,"time_elapsed":652685,"subject_id":"76175"},{"rt":4114,"stimulus":88,"slider_start":100,"sprites":"crackers","response":151,"absDeviation":16,"callibration":"test","block":5,"seed":88,"numerosity":135,"matchType":"unpaired","which":"first","trial_type":"numerosity-estimation","trial_index":103,"time_elapsed":656804,"subject_id":"76175"},{"rt":4432,"stimulus":89,"slider_start":100,"sprites":"bears","response":93,"absDeviation":43,"callibration":"test","block":5,"seed":89,"numerosity":50,"matchType":"paired","which":"first","trial_type":"numerosity-estimation","trial_index":104,"time_elapsed":661238,"subject_id":"76175"},{"rt":12567,"stimulus":89,"slider_start":100,"sprites":"bears","response":83,"absDeviation":33,"callibration":"test","block":5,"seed":89,"numerosity":50,"matchType":"paired","which":"second","trial_type":"numerosity-estimation","trial_index":105,"time_elapsed":673808,"subject_id":"76175"},{"rt":6677,"stimulus":91,"slider_start":100,"sprites":"jellyBeans","response":94,"absDeviation":2,"callibration":"test","block":5,"seed":91,"numerosity":92,"matchType":"unpaired","which":"first","trial_type":"numerosity-estimation","trial_index":106,"time_elapsed":680488,"subject_id":"76175"},{"rt":7991,"stimulus":92,"slider_start":100,"sprites":"marbles","response":120,"absDeviation":1,"callibration":"test","block":5,"seed":92,"numerosity":121,"matchType":"unpaired","which":"first","trial_type":"numerosity-estimation","trial_index":107,"time_elapsed":688483,"subject_id":"76175"},{"rt":3918,"stimulus":93,"slider_start":100,"sprites":"mints","response":129,"absDeviation":51,"callibration":"test","block":5,"seed":93,"numerosity":78,"matchType":"paired","which":"first","trial_type":"numerosity-estimation","trial_index":108,"time_elapsed":692403,"subject_id":"76175"},{"rt":4255,"stimulus":93,"slider_start":100,"sprites":"mints","response":127,"absDeviation":49,"callibration":"test","block":5,"seed":93,"numerosity":78,"matchType":"paired","which":"second","trial_type":"numerosity-estimation","trial_index":109,"time_elapsed":696660,"subject_id":"76175"},{"rt":7783,"stimulus":95,"slider_start":100,"sprites":"buttons","response":112,"absDeviation":48,"callibration":"test","block":5,"seed":95,"numerosity":64,"matchType":"unpaired","which":"first","trial_type":"numerosity-estimation","trial_index":110,"time_elapsed":704447,"subject_id":"76175"},{"rt":4762,"stimulus":96,"slider_start":100,"sprites":"animalCrackers","response":133,"absDeviation":41,"callibration":"test","block":5,"seed":96,"numerosity":92,"matchType":"unpaired","which":"first","trial_type":"numerosity-estimation","trial_index":111,"time_elapsed":709211,"subject_id":"76175"},{"rt":47325,"stimulus":"<p> For the last block of trials, the average deviation of your guesses from correct answers was 33.</p>\n     <p>The smaller the deviation the better.  Your deviation was <b> good</b>.</p><br>\n       <p>Press any key to continue to the next block of trials</p>","response":" ","trial_type":"html-keyboard-response","trial_index":112,"time_elapsed":756537,"subject_id":"76175"},{"rt":4895,"stimulus":2,"slider_start":100,"sprites":"butterflies","response":119,"absDeviation":16,"callibration":"test","block":6,"seed":2,"numerosity":135,"matchType":"paired","which":"first","trial_type":"numerosity-estimation","trial_index":113,"time_elapsed":761435,"subject_id":"76175"},{"rt":3254,"stimulus":2,"slider_start":100,"sprites":"butterflies","response":125,"absDeviation":10,"callibration":"test","block":6,"seed":2,"numerosity":135,"matchType":"paired","which":"second","trial_type":"numerosity-estimation","trial_index":114,"time_elapsed":764696,"subject_id":"76175"},{"rt":3287,"stimulus":3,"slider_start":100,"sprites":"hearts","response":89,"absDeviation":39,"callibration":"test","block":6,"seed":3,"numerosity":50,"matchType":"unpaired","which":"second","trial_type":"numerosity-estimation","trial_index":115,"time_elapsed":767985,"subject_id":"76175"},{"rt":3091,"stimulus":4,"slider_start":100,"sprites":"crackers","response":118,"absDeviation":11,"callibration":"test","block":6,"seed":4,"numerosity":107,"matchType":"unpaired","which":"second","trial_type":"numerosity-estimation","trial_index":116,"time_elapsed":771079,"subject_id":"76175"},{"rt":5525,"stimulus":6,"slider_start":100,"sprites":"fruits","response":108,"absDeviation":30,"callibration":"test","block":6,"seed":6,"numerosity":78,"matchType":"paired","which":"first","trial_type":"numerosity-estimation","trial_index":117,"time_elapsed":776607,"subject_id":"76175"},{"rt":5610,"stimulus":6,"slider_start":100,"sprites":"fruits","response":117,"absDeviation":39,"callibration":"test","block":6,"seed":6,"numerosity":78,"matchType":"paired","which":"second","trial_type":"numerosity-estimation","trial_index":118,"time_elapsed":782221,"subject_id":"76175"},{"rt":3658,"stimulus":7,"slider_start":100,"sprites":"jellyBeans","response":93,"absDeviation":43,"callibration":"test","block":6,"seed":7,"numerosity":50,"matchType":"unpaired","which":"second","trial_type":"numerosity-estimation","trial_index":119,"time_elapsed":785881,"subject_id":"76175"},{"rt":3864,"stimulus":8,"slider_start":100,"sprites":"marbles","response":107,"absDeviation":15,"callibration":"test","block":6,"seed":8,"numerosity":92,"matchType":"unpaired","which":"second","trial_type":"numerosity-estimation","trial_index":120,"time_elapsed":789747,"subject_id":"76175"},{"rt":9035,"stimulus":10,"slider_start":100,"sprites":"rocks","response":89,"absDeviation":39,"callibration":"test","block":6,"seed":10,"numerosity":50,"matchType":"paired","which":"first","trial_type":"numerosity-estimation","trial_index":121,"time_elapsed":798783,"subject_id":"76175"},{"rt":7290,"stimulus":10,"slider_start":100,"sprites":"rocks","response":82,"absDeviation":32,"callibration":"test","block":6,"seed":10,"numerosity":50,"matchType":"paired","which":"second","trial_type":"numerosity-estimation","trial_index":122,"time_elapsed":806077,"subject_id":"76175"},{"rt":12953,"stimulus":11,"slider_start":100,"sprites":"buttons","response":121,"absDeviation":14,"callibration":"test","block":6,"seed":11,"numerosity":107,"matchType":"unpaired","which":"second","trial_type":"numerosity-estimation","trial_index":123,"time_elapsed":819033,"subject_id":"76175"},{"rt":6331,"stimulus":12,"slider_start":100,"sprites":"animalCrackers","response":130,"absDeviation":38,"callibration":"test","block":6,"seed":12,"numerosity":92,"matchType":"unpaired","which":"second","trial_type":"numerosity-estimation","trial_index":124,"time_elapsed":825369,"subject_id":"76175"},{"rt":9464,"stimulus":14,"slider_start":100,"sprites":"butterflies","response":133,"absDeviation":17,"callibration":"test","block":6,"seed":14,"numerosity":150,"matchType":"paired","which":"first","trial_type":"numerosity-estimation","trial_index":125,"time_elapsed":834837,"subject_id":"76175"},{"rt":7891,"stimulus":14,"slider_start":100,"sprites":"butterflies","response":141,"absDeviation":9,"callibration":"test","block":6,"seed":14,"numerosity":150,"matchType":"paired","which":"second","trial_type":"numerosity-estimation","trial_index":126,"time_elapsed":842731,"subject_id":"76175"},{"rt":22056,"stimulus":15,"slider_start":100,"sprites":"hearts","response":144,"absDeviation":23,"callibration":"test","block":6,"seed":15,"numerosity":121,"matchType":"unpaired","which":"second","trial_type":"numerosity-estimation","trial_index":127,"time_elapsed":864790,"subject_id":"76175"},{"rt":4123,"stimulus":16,"slider_start":100,"sprites":"crackers","response":93,"absDeviation":29,"callibration":"test","block":6,"seed":16,"numerosity":64,"matchType":"unpaired","which":"second","trial_type":"numerosity-estimation","trial_index":128,"time_elapsed":868915,"subject_id":"76175"},{"rt":133875,"stimulus":"<p> For the last block of trials, the average deviation of your guesses from correct answers was 25.</p>\n     <p>The smaller the deviation the better.  Your deviation was <b> good</b>.</p><br>\n       <p>Press any key to continue to the next block of trials</p>","response":"enter","trial_type":"html-keyboard-response","trial_index":129,"time_elapsed":1002788,"subject_id":"76175"},{"rt":13149,"stimulus":18,"slider_start":100,"sprites":"fruits","response":121,"absDeviation":14,"callibration":"test","block":7,"seed":18,"numerosity":107,"matchType":"paired","which":"first","trial_type":"numerosity-estimation","trial_index":130,"time_elapsed":1015939,"subject_id":"76175"},{"rt":5610,"stimulus":18,"slider_start":100,"sprites":"fruits","response":128,"absDeviation":21,"callibration":"test","block":7,"seed":18,"numerosity":107,"matchType":"paired","which":"second","trial_type":"numerosity-estimation","trial_index":131,"time_elapsed":1021553,"subject_id":"76175"},{"rt":4572,"stimulus":19,"slider_start":100,"sprites":"jellyBeans","response":132,"absDeviation":3,"callibration":"test","block":7,"seed":19,"numerosity":135,"matchType":"unpaired","which":"second","trial_type":"numerosity-estimation","trial_index":132,"time_elapsed":1026127,"subject_id":"76175"},{"rt":3810,"stimulus":20,"slider_start":100,"sprites":"marbles","response":78,"absDeviation":0,"callibration":"test","block":7,"seed":20,"numerosity":78,"matchType":"unpaired","which":"second","trial_type":"numerosity-estimation","trial_index":133,"time_elapsed":1029941,"subject_id":"76175"},{"rt":8166,"stimulus":22,"slider_start":100,"sprites":"rocks","response":128,"absDeviation":36,"callibration":"test","block":7,"seed":22,"numerosity":92,"matchType":"paired","which":"first","trial_type":"numerosity-estimation","trial_index":134,"time_elapsed":1038110,"subject_id":"76175"},{"rt":3720,"stimulus":22,"slider_start":100,"sprites":"rocks","response":130,"absDeviation":38,"callibration":"test","block":7,"seed":22,"numerosity":92,"matchType":"paired","which":"second","trial_type":"numerosity-estimation","trial_index":135,"time_elapsed":1041834,"subject_id":"76175"},{"rt":5605,"stimulus":23,"slider_start":100,"sprites":"buttons","response":151,"absDeviation":1,"callibration":"test","block":7,"seed":23,"numerosity":150,"matchType":"unpaired","which":"second","trial_type":"numerosity-estimation","trial_index":136,"time_elapsed":1047440,"subject_id":"76175"},{"rt":5103,"stimulus":24,"slider_start":100,"sprites":"animalCrackers","response":145,"absDeviation":38,"callibration":"test","block":7,"seed":24,"numerosity":107,"matchType":"unpaired","which":"second","trial_type":"numerosity-estimation","trial_index":137,"time_elapsed":1052544,"subject_id":"76175"},{"rt":16033,"stimulus":26,"slider_start":100,"sprites":"butterflies","response":113,"absDeviation":21,"callibration":"test","block":7,"seed":26,"numerosity":92,"matchType":"paired","which":"first","trial_type":"numerosity-estimation","trial_index":138,"time_elapsed":1068589,"subject_id":"76175"},{"rt":6009,"stimulus":26,"slider_start":100,"sprites":"butterflies","response":116,"absDeviation":24,"callibration":"test","block":7,"seed":26,"numerosity":92,"matchType":"paired","which":"second","trial_type":"numerosity-estimation","trial_index":139,"time_elapsed":1074601,"subject_id":"76175"},{"rt":5356,"stimulus":27,"slider_start":100,"sprites":"hearts","response":139,"absDeviation":18,"callibration":"test","block":7,"seed":27,"numerosity":121,"matchType":"unpaired","which":"second","trial_type":"numerosity-estimation","trial_index":140,"time_elapsed":1079958,"subject_id":"76175"},{"rt":4443,"stimulus":28,"slider_start":100,"sprites":"crackers","response":149,"absDeviation":1,"callibration":"test","block":7,"seed":28,"numerosity":150,"matchType":"unpaired","which":"second","trial_type":"numerosity-estimation","trial_index":141,"time_elapsed":1084402,"subject_id":"76175"},{"rt":5102,"stimulus":30,"slider_start":100,"sprites":"fruits","response":127,"absDeviation":20,"callibration":"test","block":7,"seed":30,"numerosity":107,"matchType":"paired","which":"first","trial_type":"numerosity-estimation","trial_index":142,"time_elapsed":1089506,"subject_id":"76175"},{"rt":5236,"stimulus":30,"slider_start":100,"sprites":"fruits","response":133,"absDeviation":26,"callibration":"test","block":7,"seed":30,"numerosity":107,"matchType":"paired","which":"second","trial_type":"numerosity-estimation","trial_index":143,"time_elapsed":1094744,"subject_id":"76175"},{"rt":7915,"stimulus":31,"slider_start":100,"sprites":"jellyBeans","response":141,"absDeviation":9,"callibration":"test","block":7,"seed":31,"numerosity":150,"matchType":"unpaired","which":"second","trial_type":"numerosity-estimation","trial_index":144,"time_elapsed":1102661,"subject_id":"76175"},{"rt":5382,"stimulus":32,"slider_start":100,"sprites":"marbles","response":124,"absDeviation":11,"callibration":"test","block":7,"seed":32,"numerosity":135,"matchType":"unpaired","which":"second","trial_type":"numerosity-estimation","trial_index":145,"time_elapsed":1108045,"subject_id":"76175"},{"rt":2513,"stimulus":"<p> For the last block of trials, the average deviation of your guesses from correct answers was 18.</p>\n     <p>The smaller the deviation the better.  Your deviation was <b> VERY good</b>.</p><br>\n       <p>Press any key to continue to the next block of trials</p>","response":"enter","trial_type":"html-keyboard-response","trial_index":146,"time_elapsed":1110558,"subject_id":"76175"},{"rt":5013,"stimulus":34,"slider_start":100,"sprites":"rocks","response":91,"absDeviation":41,"callibration":"test","block":8,"seed":34,"numerosity":50,"matchType":"paired","which":"first","trial_type":"numerosity-estimation","trial_index":147,"time_elapsed":1115573,"subject_id":"76175"},{"rt":3989,"stimulus":34,"slider_start":100,"sprites":"rocks","response":93,"absDeviation":43,"callibration":"test","block":8,"seed":34,"numerosity":50,"matchType":"paired","which":"second","trial_type":"numerosity-estimation","trial_index":148,"time_elapsed":1119565,"subject_id":"76175"},{"rt":2982,"stimulus":35,"slider_start":100,"sprites":"buttons","response":113,"absDeviation":35,"callibration":"test","block":8,"seed":35,"numerosity":78,"matchType":"unpaired","which":"second","trial_type":"numerosity-estimation","trial_index":149,"time_elapsed":1122550,"subject_id":"76175"},{"rt":5410,"stimulus":36,"slider_start":100,"sprites":"animalCrackers","response":91,"absDeviation":41,"callibration":"test","block":8,"seed":36,"numerosity":50,"matchType":"unpaired","which":"second","trial_type":"numerosity-estimation","trial_index":150,"time_elapsed":1127961,"subject_id":"76175"},{"rt":8525,"stimulus":38,"slider_start":100,"sprites":"butterflies","response":108,"absDeviation":30,"callibration":"test","block":8,"seed":38,"numerosity":78,"matchType":"paired","which":"first","trial_type":"numerosity-estimation","trial_index":151,"time_elapsed":1136489,"subject_id":"76175"},{"rt":6200,"stimulus":38,"slider_start":100,"sprites":"butterflies","response":106,"absDeviation":28,"callibration":"test","block":8,"seed":38,"numerosity":78,"matchType":"paired","which":"second","trial_type":"numerosity-estimation","trial_index":152,"time_elapsed":1142693,"subject_id":"76175"},{"rt":6184,"stimulus":39,"slider_start":100,"sprites":"hearts","response":115,"absDeviation":37,"callibration":"test","block":8,"seed":39,"numerosity":78,"matchType":"unpaired","which":"second","trial_type":"numerosity-estimation","trial_index":153,"time_elapsed":1148879,"subject_id":"76175"},{"rt":5240,"stimulus":40,"slider_start":100,"sprites":"crackers","response":129,"absDeviation":8,"callibration":"test","block":8,"seed":40,"numerosity":121,"matchType":"unpaired","which":"second","trial_type":"numerosity-estimation","trial_index":154,"time_elapsed":1154122,"subject_id":"76175"},{"rt":4063,"stimulus":42,"slider_start":100,"sprites":"fruits","response":122,"absDeviation":44,"callibration":"test","block":8,"seed":42,"numerosity":78,"matchType":"paired","which":"first","trial_type":"numerosity-estimation","trial_index":155,"time_elapsed":1158187,"subject_id":"76175"},{"rt":5479,"stimulus":42,"slider_start":100,"sprites":"fruits","response":121,"absDeviation":43,"callibration":"test","block":8,"seed":42,"numerosity":78,"matchType":"paired","which":"second","trial_type":"numerosity-estimation","trial_index":156,"time_elapsed":1163669,"subject_id":"76175"},{"rt":4231,"stimulus":43,"slider_start":100,"sprites":"jellyBeans","response":106,"absDeviation":42,"callibration":"test","block":8,"seed":43,"numerosity":64,"matchType":"unpaired","which":"second","trial_type":"numerosity-estimation","trial_index":157,"time_elapsed":1167904,"subject_id":"76175"},{"rt":9338,"stimulus":44,"slider_start":100,"sprites":"marbles","response":109,"absDeviation":12,"callibration":"test","block":8,"seed":44,"numerosity":121,"matchType":"unpaired","which":"second","trial_type":"numerosity-estimation","trial_index":158,"time_elapsed":1177246,"subject_id":"76175"},{"rt":4950,"stimulus":46,"slider_start":100,"sprites":"rocks","response":130,"absDeviation":23,"callibration":"test","block":8,"seed":46,"numerosity":107,"matchType":"paired","which":"first","trial_type":"numerosity-estimation","trial_index":159,"time_elapsed":1182199,"subject_id":"76175"},{"rt":4584,"stimulus":46,"slider_start":100,"sprites":"rocks","response":144,"absDeviation":37,"callibration":"test","block":8,"seed":46,"numerosity":107,"matchType":"paired","which":"second","trial_type":"numerosity-estimation","trial_index":160,"time_elapsed":1186784,"subject_id":"76175"},{"rt":4258,"stimulus":47,"slider_start":100,"sprites":"buttons","response":141,"absDeviation":20,"callibration":"test","block":8,"seed":47,"numerosity":121,"matchType":"unpaired","which":"second","trial_type":"numerosity-estimation","trial_index":161,"time_elapsed":1191045,"subject_id":"76175"},{"rt":4069,"stimulus":48,"slider_start":100,"sprites":"animalCrackers","response":147,"absDeviation":12,"callibration":"test","block":8,"seed":48,"numerosity":135,"matchType":"unpaired","which":"second","trial_type":"numerosity-estimation","trial_index":162,"time_elapsed":1195118,"subject_id":"76175"},{"rt":2583,"stimulus":"<p> For the last block of trials, the average deviation of your guesses from correct answers was 31.</p>\n     <p>The smaller the deviation the better.  Your deviation was <b> good</b>.</p><br>\n       <p>Press any key to continue to the next block of trials</p>","response":"enter","trial_type":"html-keyboard-response","trial_index":163,"time_elapsed":1197703,"subject_id":"76175"},{"rt":5677,"stimulus":50,"slider_start":100,"sprites":"butterflies","response":149,"absDeviation":1,"callibration":"test","block":9,"seed":50,"numerosity":150,"matchType":"paired","which":"first","trial_type":"numerosity-estimation","trial_index":164,"time_elapsed":1203384,"subject_id":"76175"},{"rt":10838,"stimulus":50,"slider_start":100,"sprites":"butterflies","response":139,"absDeviation":11,"callibration":"test","block":9,"seed":50,"numerosity":150,"matchType":"paired","which":"second","trial_type":"numerosity-estimation","trial_index":165,"time_elapsed":1214226,"subject_id":"76175"},{"rt":3639,"stimulus":51,"slider_start":100,"sprites":"hearts","response":148,"absDeviation":2,"callibration":"test","block":9,"seed":51,"numerosity":150,"matchType":"unpaired","which":"second","trial_type":"numerosity-estimation","trial_index":166,"time_elapsed":1217869,"subject_id":"76175"},{"rt":3451,"stimulus":52,"slider_start":100,"sprites":"crackers","response":127,"absDeviation":49,"callibration":"test","block":9,"seed":52,"numerosity":78,"matchType":"unpaired","which":"second","trial_type":"numerosity-estimation","trial_index":167,"time_elapsed":1221323,"subject_id":"76175"},{"rt":3554,"stimulus":54,"slider_start":100,"sprites":"fruits","response":118,"absDeviation":26,"callibration":"test","block":9,"seed":54,"numerosity":92,"matchType":"paired","which":"first","trial_type":"numerosity-estimation","trial_index":168,"time_elapsed":1224880,"subject_id":"76175"},{"rt":7949,"stimulus":54,"slider_start":100,"sprites":"fruits","response":123,"absDeviation":31,"callibration":"test","block":9,"seed":54,"numerosity":92,"matchType":"paired","which":"second","trial_type":"numerosity-estimation","trial_index":169,"time_elapsed":1232832,"subject_id":"76175"},{"rt":4551,"stimulus":55,"slider_start":100,"sprites":"jellyBeans","response":131,"absDeviation":10,"callibration":"test","block":9,"seed":55,"numerosity":121,"matchType":"unpaired","which":"second","trial_type":"numerosity-estimation","trial_index":170,"time_elapsed":1237385,"subject_id":"76175"},{"rt":5166,"stimulus":56,"slider_start":100,"sprites":"marbles","response":91,"absDeviation":27,"callibration":"test","block":9,"seed":56,"numerosity":64,"matchType":"unpaired","which":"second","trial_type":"numerosity-estimation","trial_index":171,"time_elapsed":1242555,"subject_id":"76175"},{"rt":65009,"stimulus":58,"slider_start":100,"sprites":"rocks","response":112,"absDeviation":9,"callibration":"test","block":9,"seed":58,"numerosity":121,"matchType":"paired","which":"first","trial_type":"numerosity-estimation","trial_index":172,"time_elapsed":1307563,"subject_id":"76175"},{"rt":3795,"stimulus":58,"slider_start":100,"sprites":"rocks","response":148,"absDeviation":27,"callibration":"test","block":9,"seed":58,"numerosity":121,"matchType":"paired","which":"second","trial_type":"numerosity-estimation","trial_index":173,"time_elapsed":1311361,"subject_id":"76175"},{"rt":5722,"stimulus":59,"slider_start":100,"sprites":"buttons","response":148,"absDeviation":13,"callibration":"test","block":9,"seed":59,"numerosity":135,"matchType":"unpaired","which":"second","trial_type":"numerosity-estimation","trial_index":174,"time_elapsed":1317087,"subject_id":"76175"},{"rt":6551,"stimulus":60,"slider_start":100,"sprites":"animalCrackers","response":141,"absDeviation":9,"callibration":"test","block":9,"seed":60,"numerosity":150,"matchType":"unpaired","which":"second","trial_type":"numerosity-estimation","trial_index":175,"time_elapsed":1323641,"subject_id":"76175"},{"rt":7090,"stimulus":62,"slider_start":100,"sprites":"butterflies","response":125,"absDeviation":10,"callibration":"test","block":9,"seed":62,"numerosity":135,"matchType":"paired","which":"first","trial_type":"numerosity-estimation","trial_index":176,"time_elapsed":1330734,"subject_id":"76175"},{"rt":4008,"stimulus":62,"slider_start":100,"sprites":"butterflies","response":137,"absDeviation":2,"callibration":"test","block":9,"seed":62,"numerosity":135,"matchType":"paired","which":"second","trial_type":"numerosity-estimation","trial_index":177,"time_elapsed":1334746,"subject_id":"76175"},{"rt":3854,"stimulus":63,"slider_start":100,"sprites":"hearts","response":90,"absDeviation":26,"callibration":"test","block":9,"seed":63,"numerosity":64,"matchType":"unpaired","which":"second","trial_type":"numerosity-estimation","trial_index":178,"time_elapsed":1338603,"subject_id":"76175"},{"rt":3554,"stimulus":64,"slider_start":100,"sprites":"crackers","response":133,"absDeviation":2,"callibration":"test","block":9,"seed":64,"numerosity":135,"matchType":"unpaired","which":"second","trial_type":"numerosity-estimation","trial_index":179,"time_elapsed":1342160,"subject_id":"76175"},{"rt":2185,"stimulus":"<p> For the last block of trials, the average deviation of your guesses from correct answers was 16.</p>\n     <p>The smaller the deviation the better.  Your deviation was <b> VERY good</b>.</p><br>\n       <p>Press any key to continue to the next block of trials</p>","response":"enter","trial_type":"html-keyboard-response","trial_index":180,"time_elapsed":1344347,"subject_id":"76175"},{"rt":7729,"stimulus":66,"slider_start":100,"sprites":"fruits","response":86,"absDeviation":22,"callibration":"test","block":10,"seed":66,"numerosity":64,"matchType":"paired","which":"first","trial_type":"numerosity-estimation","trial_index":181,"time_elapsed":1352079,"subject_id":"76175"},{"rt":113345,"stimulus":66,"slider_start":100,"sprites":"fruits","response":93,"absDeviation":29,"callibration":"test","block":10,"seed":66,"numerosity":64,"matchType":"paired","which":"second","trial_type":"numerosity-estimation","trial_index":182,"time_elapsed":1465438,"subject_id":"76175"},{"rt":6760,"stimulus":67,"slider_start":100,"sprites":"jellyBeans","response":108,"absDeviation":1,"callibration":"test","block":10,"seed":67,"numerosity":107,"matchType":"unpaired","which":"second","trial_type":"numerosity-estimation","trial_index":183,"time_elapsed":1472201,"subject_id":"76175"},{"rt":3344,"stimulus":68,"slider_start":100,"sprites":"marbles","response":121,"absDeviation":29,"callibration":"test","block":10,"seed":68,"numerosity":150,"matchType":"unpaired","which":"second","trial_type":"numerosity-estimation","trial_index":184,"time_elapsed":1475548,"subject_id":"76175"},{"rt":3195,"stimulus":70,"slider_start":100,"sprites":"rocks","response":125,"absDeviation":33,"callibration":"test","block":10,"seed":70,"numerosity":92,"matchType":"paired","which":"first","trial_type":"numerosity-estimation","trial_index":185,"time_elapsed":1478746,"subject_id":"76175"},{"rt":3130,"stimulus":70,"slider_start":100,"sprites":"rocks","response":128,"absDeviation":36,"callibration":"test","block":10,"seed":70,"numerosity":92,"matchType":"paired","which":"second","trial_type":"numerosity-estimation","trial_index":186,"time_elapsed":1481880,"subject_id":"76175"},{"rt":5105,"stimulus":71,"slider_start":100,"sprites":"buttons","response":136,"absDeviation":29,"callibration":"test","block":10,"seed":71,"numerosity":107,"matchType":"unpaired","which":"second","trial_type":"numerosity-estimation","trial_index":187,"time_elapsed":1486987,"subject_id":"76175"},{"rt":3985,"stimulus":72,"slider_start":100,"sprites":"animalCrackers","response":88,"absDeviation":38,"callibration":"test","block":10,"seed":72,"numerosity":50,"matchType":"unpaired","which":"second","trial_type":"numerosity-estimation","trial_index":188,"time_elapsed":1490976,"subject_id":"76175"},{"rt":3840,"stimulus":74,"slider_start":100,"sprites":"butterflies","response":92,"absDeviation":28,"callibration":"test","block":10,"seed":74,"numerosity":64,"matchType":"paired","which":"first","trial_type":"numerosity-estimation","trial_index":189,"time_elapsed":1494820,"subject_id":"76175"},{"rt":2913,"stimulus":74,"slider_start":100,"sprites":"butterflies","response":86,"absDeviation":22,"callibration":"test","block":10,"seed":74,"numerosity":64,"matchType":"paired","which":"second","trial_type":"numerosity-estimation","trial_index":190,"time_elapsed":1497736,"subject_id":"76175"},{"rt":3511,"stimulus":75,"slider_start":100,"sprites":"hearts","response":119,"absDeviation":27,"callibration":"test","block":10,"seed":75,"numerosity":92,"matchType":"unpaired","which":"second","trial_type":"numerosity-estimation","trial_index":191,"time_elapsed":1501252,"subject_id":"76175"},{"rt":5932,"stimulus":76,"slider_start":100,"sprites":"crackers","response":112,"absDeviation":48,"callibration":"test","block":10,"seed":76,"numerosity":64,"matchType":"unpaired","which":"second","trial_type":"numerosity-estimation","trial_index":192,"time_elapsed":1507188,"subject_id":"76175"},{"rt":4819,"stimulus":78,"slider_start":100,"sprites":"fruits","response":97,"absDeviation":33,"callibration":"test","block":10,"seed":78,"numerosity":64,"matchType":"paired","which":"first","trial_type":"numerosity-estimation","trial_index":193,"time_elapsed":1512010,"subject_id":"76175"},{"rt":5068,"stimulus":78,"slider_start":100,"sprites":"fruits","response":108,"absDeviation":44,"callibration":"test","block":10,"seed":78,"numerosity":64,"matchType":"paired","which":"second","trial_type":"numerosity-estimation","trial_index":194,"time_elapsed":1517082,"subject_id":"76175"},{"rt":5844,"stimulus":79,"slider_start":100,"sprites":"jellyBeans","response":86,"absDeviation":36,"callibration":"test","block":10,"seed":79,"numerosity":50,"matchType":"unpaired","which":"second","trial_type":"numerosity-estimation","trial_index":195,"time_elapsed":1522929,"subject_id":"76175"},{"rt":6179,"stimulus":80,"slider_start":100,"sprites":"marbles","response":114,"absDeviation":7,"callibration":"test","block":10,"seed":80,"numerosity":121,"matchType":"unpaired","which":"second","trial_type":"numerosity-estimation","trial_index":196,"time_elapsed":1529111,"subject_id":"76175"},{"rt":3597,"stimulus":"<p> For the last block of trials, the average deviation of your guesses from correct answers was 29.</p>\n     <p>The smaller the deviation the better.  Your deviation was <b> good</b>.</p><br>\n       <p>Press any key to continue to the next block of trials</p>","response":"enter","trial_type":"html-keyboard-response","trial_index":197,"time_elapsed":1532710,"subject_id":"76175"},{"rt":4774,"stimulus":82,"slider_start":100,"sprites":"rocks","response":120,"absDeviation":56,"callibration":"test","block":11,"seed":82,"numerosity":64,"matchType":"paired","which":"first","trial_type":"numerosity-estimation","trial_index":198,"time_elapsed":1537487,"subject_id":"76175"},{"rt":2688,"stimulus":82,"slider_start":100,"sprites":"rocks","response":126,"absDeviation":62,"callibration":"test","block":11,"seed":82,"numerosity":64,"matchType":"paired","which":"second","trial_type":"numerosity-estimation","trial_index":199,"time_elapsed":1540177,"subject_id":"76175"},{"rt":2857,"stimulus":83,"slider_start":100,"sprites":"buttons","response":152,"absDeviation":31,"callibration":"test","block":11,"seed":83,"numerosity":121,"matchType":"unpaired","which":"second","trial_type":"numerosity-estimation","trial_index":200,"time_elapsed":1543038,"subject_id":"76175"},{"rt":4218,"stimulus":84,"slider_start":100,"sprites":"animalCrackers","response":126,"absDeviation":76,"callibration":"test","block":11,"seed":84,"numerosity":50,"matchType":"unpaired","which":"second","trial_type":"numerosity-estimation","trial_index":201,"time_elapsed":1547260,"subject_id":"76175"},{"rt":5001,"stimulus":86,"slider_start":100,"sprites":"butterflies","response":143,"absDeviation":22,"callibration":"test","block":11,"seed":86,"numerosity":121,"matchType":"paired","which":"first","trial_type":"numerosity-estimation","trial_index":202,"time_elapsed":1552265,"subject_id":"76175"},{"rt":8328,"stimulus":86,"slider_start":100,"sprites":"butterflies","response":123,"absDeviation":2,"callibration":"test","block":11,"seed":86,"numerosity":121,"matchType":"paired","which":"second","trial_type":"numerosity-estimation","trial_index":203,"time_elapsed":1560596,"subject_id":"76175"},{"rt":2795,"stimulus":87,"slider_start":100,"sprites":"hearts","response":91,"absDeviation":41,"callibration":"test","block":11,"seed":87,"numerosity":50,"matchType":"unpaired","which":"second","trial_type":"numerosity-estimation","trial_index":204,"time_elapsed":1563393,"subject_id":"76175"},{"rt":3017,"stimulus":88,"slider_start":100,"sprites":"crackers","response":155,"absDeviation":20,"callibration":"test","block":11,"seed":88,"numerosity":135,"matchType":"unpaired","which":"second","trial_type":"numerosity-estimation","trial_index":205,"time_elapsed":1566414,"subject_id":"76175"},{"rt":4973,"stimulus":90,"slider_start":100,"sprites":"fruits","response":153,"absDeviation":3,"callibration":"test","block":11,"seed":90,"numerosity":150,"matchType":"paired","which":"first","trial_type":"numerosity-estimation","trial_index":206,"time_elapsed":1571390,"subject_id":"76175"},{"rt":3481,"stimulus":90,"slider_start":100,"sprites":"fruits","response":153,"absDeviation":3,"callibration":"test","block":11,"seed":90,"numerosity":150,"matchType":"paired","which":"second","trial_type":"numerosity-estimation","trial_index":207,"time_elapsed":1574875,"subject_id":"76175"},{"rt":3801,"stimulus":91,"slider_start":100,"sprites":"jellyBeans","response":125,"absDeviation":33,"callibration":"test","block":11,"seed":91,"numerosity":92,"matchType":"unpaired","which":"second","trial_type":"numerosity-estimation","trial_index":208,"time_elapsed":1578679,"subject_id":"76175"},{"rt":3178,"stimulus":92,"slider_start":100,"sprites":"marbles","response":132,"absDeviation":11,"callibration":"test","block":11,"seed":92,"numerosity":121,"matchType":"unpaired","which":"second","trial_type":"numerosity-estimation","trial_index":209,"time_elapsed":1581862,"subject_id":"76175"},{"rt":3443,"stimulus":94,"slider_start":100,"sprites":"rocks","response":115,"absDeviation":37,"callibration":"test","block":11,"seed":94,"numerosity":78,"matchType":"paired","which":"first","trial_type":"numerosity-estimation","trial_index":210,"time_elapsed":1585307,"subject_id":"76175"},{"rt":3195,"stimulus":94,"slider_start":100,"sprites":"rocks","response":123,"absDeviation":45,"callibration":"test","block":11,"seed":94,"numerosity":78,"matchType":"paired","which":"second","trial_type":"numerosity-estimation","trial_index":211,"time_elapsed":1588506,"subject_id":"76175"},{"rt":5116,"stimulus":95,"slider_start":100,"sprites":"buttons","response":109,"absDeviation":45,"callibration":"test","block":11,"seed":95,"numerosity":64,"matchType":"unpaired","which":"second","trial_type":"numerosity-estimation","trial_index":212,"time_elapsed":1593624,"subject_id":"76175"},{"rt":5109,"stimulus":96,"slider_start":100,"sprites":"animalCrackers","response":110,"absDeviation":18,"callibration":"test","block":11,"seed":96,"numerosity":92,"matchType":"unpaired","which":"second","trial_type":"numerosity-estimation","trial_index":213,"time_elapsed":1598737,"subject_id":"76175"},{"rt":3073,"stimulus":"<p> For the last block of trials, the average deviation of your guesses from correct answers was 32.</p>\n     <p>The smaller the deviation the better.  Your deviation was <b> good</b>.</p><br>\n       <p>Press any key to continue to the next block of trials</p>","response":" ","trial_type":"html-keyboard-response","trial_index":214,"time_elapsed":1601811,"subject_id":"76175"},{"rt":16899,"response":{"averageEstimates":"When the two displays occured back-to-back, in immediate succession.","firstOrSecond":"The second time the objects were shown"},"question_order":[0,1],"trial_type":"survey-multi-choice","trial_index":215,"time_elapsed":1618715,"subject_id":"76175"}]