[{"rt":13531,"url":"consent.html","trial_type":"external-html","trial_index":0,"time_elapsed":13560,"subject_id":"78060"},{"view_history":[{"page_index":0,"viewing_time":11705}],"rt":11706,"trial_type":"instructions","trial_index":1,"time_elapsed":25268,"subject_id":"78060"},{"rt":11154,"stimulus":0,"slider_start":100,"sprites":"animalCrackers","response":101,"absDeviation":51,"callibration":"callibration","block":-1,"seed":0,"numerosity":50,"matchType":"callibration","which":"first","trial_type":"numerosity-estimation","trial_index":2,"time_elapsed":36429,"subject_id":"78060"},{"rt":7842,"stimulus":1,"slider_start":100,"sprites":"letters","response":80,"absDeviation":16,"callibration":"callibration","block":-1,"seed":1,"numerosity":64,"matchType":"callibration","which":"first","trial_type":"numerosity-estimation","trial_index":3,"time_elapsed":44276,"subject_id":"78060"},{"rt":2222,"stimulus":2,"slider_start":100,"sprites":"butterflies","response":100,"absDeviation":22,"callibration":"callibration","block":-1,"seed":2,"numerosity":78,"matchType":"callibration","which":"first","trial_type":"numerosity-estimation","trial_index":4,"time_elapsed":46503,"subject_id":"78060"},{"rt":1884,"stimulus":3,"slider_start":100,"sprites":"hearts","response":100,"absDeviation":8,"callibration":"callibration","block":-1,"seed":3,"numerosity":92,"matchType":"callibration","which":"first","trial_type":"numerosity-estimation","trial_index":5,"time_elapsed":48391,"subject_id":"78060"},{"rt":2116,"stimulus":4,"slider_start":100,"sprites":"crackers","response":100,"absDeviation":7,"callibration":"callibration","block":-1,"seed":4,"numerosity":107,"matchType":"callibration","which":"first","trial_type":"numerosity-estimation","trial_index":6,"time_elapsed":50511,"subject_id":"78060"},{"rt":4013,"stimulus":5,"slider_start":100,"sprites":"bears","response":77,"absDeviation":44,"callibration":"callibration","block":-1,"seed":5,"numerosity":121,"matchType":"callibration","which":"first","trial_type":"numerosity-estimation","trial_index":7,"time_elapsed":54528,"subject_id":"78060"},{"rt":4024,"stimulus":6,"slider_start":100,"sprites":"fruits","response":100,"absDeviation":35,"callibration":"callibration","block":-1,"seed":6,"numerosity":135,"matchType":"callibration","which":"first","trial_type":"numerosity-estimation","trial_index":8,"time_elapsed":58557,"subject_id":"78060"},{"rt":5887,"stimulus":7,"slider_start":100,"sprites":"jellyBeans","response":129,"absDeviation":21,"callibration":"callibration","block":-1,"seed":7,"numerosity":150,"matchType":"callibration","which":"first","trial_type":"numerosity-estimation","trial_index":9,"time_elapsed":64446,"subject_id":"78060"},{"view_history":[{"page_index":0,"viewing_time":1687}],"rt":1688,"trial_type":"instructions","trial_index":10,"time_elapsed":66135,"subject_id":"78060"},{"rt":6871,"stimulus":1,"slider_start":100,"sprites":"letters","response":79,"absDeviation":13,"callibration":"test","block":0,"seed":1,"numerosity":92,"matchType":"paired","which":"first","trial_type":"numerosity-estimation","trial_index":11,"time_elapsed":73009,"subject_id":"78060"},{"rt":7173,"stimulus":1,"slider_start":100,"sprites":"letters","response":113,"absDeviation":21,"callibration":"test","block":0,"seed":1,"numerosity":92,"matchType":"paired","which":"second","trial_type":"numerosity-estimation","trial_index":12,"time_elapsed":80185,"subject_id":"78060"},{"rt":6873,"stimulus":3,"slider_start":100,"sprites":"hearts","response":75,"absDeviation":25,"callibration":"test","block":0,"seed":3,"numerosity":50,"matchType":"unpaired","which":"first","trial_type":"numerosity-estimation","trial_index":13,"time_elapsed":87060,"subject_id":"78060"},{"rt":7074,"stimulus":4,"slider_start":100,"sprites":"crackers","response":113,"absDeviation":6,"callibration":"test","block":0,"seed":4,"numerosity":107,"matchType":"unpaired","which":"first","trial_type":"numerosity-estimation","trial_index":14,"time_elapsed":94137,"subject_id":"78060"},{"rt":8920,"stimulus":5,"slider_start":100,"sprites":"bears","response":49,"absDeviation":1,"callibration":"test","block":0,"seed":5,"numerosity":50,"matchType":"paired","which":"first","trial_type":"numerosity-estimation","trial_index":15,"time_elapsed":103059,"subject_id":"78060"},{"rt":8852,"stimulus":5,"slider_start":100,"sprites":"bears","response":58,"absDeviation":8,"callibration":"test","block":0,"seed":5,"numerosity":50,"matchType":"paired","which":"second","trial_type":"numerosity-estimation","trial_index":16,"time_elapsed":111914,"subject_id":"78060"},{"rt":6907,"stimulus":7,"slider_start":100,"sprites":"jellyBeans","response":43,"absDeviation":7,"callibration":"test","block":0,"seed":7,"numerosity":50,"matchType":"unpaired","which":"first","trial_type":"numerosity-estimation","trial_index":17,"time_elapsed":118824,"subject_id":"78060"},{"rt":5727,"stimulus":8,"slider_start":100,"sprites":"marbles","response":68,"absDeviation":24,"callibration":"test","block":0,"seed":8,"numerosity":92,"matchType":"unpaired","which":"first","trial_type":"numerosity-estimation","trial_index":18,"time_elapsed":124554,"subject_id":"78060"},{"rt":3044,"stimulus":9,"slider_start":100,"sprites":"mints","response":150,"absDeviation":15,"callibration":"test","block":0,"seed":9,"numerosity":135,"matchType":"paired","which":"first","trial_type":"numerosity-estimation","trial_index":19,"time_elapsed":127602,"subject_id":"78060"},{"rt":2836,"stimulus":9,"slider_start":100,"sprites":"mints","response":167,"absDeviation":32,"callibration":"test","block":0,"seed":9,"numerosity":135,"matchType":"paired","which":"second","trial_type":"numerosity-estimation","trial_index":20,"time_elapsed":130442,"subject_id":"78060"},{"rt":2855,"stimulus":11,"slider_start":100,"sprites":"buttons","response":129,"absDeviation":22,"callibration":"test","block":0,"seed":11,"numerosity":107,"matchType":"unpaired","which":"first","trial_type":"numerosity-estimation","trial_index":21,"time_elapsed":133301,"subject_id":"78060"},{"rt":2509,"stimulus":12,"slider_start":100,"sprites":"animalCrackers","response":175,"absDeviation":83,"callibration":"test","block":0,"seed":12,"numerosity":92,"matchType":"unpaired","which":"first","trial_type":"numerosity-estimation","trial_index":22,"time_elapsed":135813,"subject_id":"78060"},{"rt":2927,"stimulus":13,"slider_start":100,"sprites":"letters","response":120,"absDeviation":13,"callibration":"test","block":0,"seed":13,"numerosity":107,"matchType":"paired","which":"first","trial_type":"numerosity-estimation","trial_index":23,"time_elapsed":138743,"subject_id":"78060"},{"rt":4578,"stimulus":13,"slider_start":100,"sprites":"letters","response":140,"absDeviation":33,"callibration":"test","block":0,"seed":13,"numerosity":107,"matchType":"paired","which":"second","trial_type":"numerosity-estimation","trial_index":24,"time_elapsed":143325,"subject_id":"78060"},{"rt":3903,"stimulus":15,"slider_start":100,"sprites":"hearts","response":139,"absDeviation":18,"callibration":"test","block":0,"seed":15,"numerosity":121,"matchType":"unpaired","which":"first","trial_type":"numerosity-estimation","trial_index":25,"time_elapsed":147231,"subject_id":"78060"},{"rt":3979,"stimulus":16,"slider_start":100,"sprites":"crackers","response":108,"absDeviation":44,"callibration":"test","block":0,"seed":16,"numerosity":64,"matchType":"unpaired","which":"first","trial_type":"numerosity-estimation","trial_index":26,"time_elapsed":151213,"subject_id":"78060"},{"rt":23374,"stimulus":"<p> For the last block of trials, the average deviation of your guesses from correct answers was 23.</p>\n     <p>The smaller the deviation the better.  Your deviation was <b> VERY good</b>.</p><br>\n       <p>Press any key to continue to the next block of trials</p>","response":" ","trial_type":"html-keyboard-response","trial_index":27,"time_elapsed":174591,"subject_id":"78060"},{"rt":5039,"stimulus":17,"slider_start":100,"sprites":"bears","response":118,"absDeviation":26,"callibration":"test","block":1,"seed":17,"numerosity":92,"matchType":"paired","which":"first","trial_type":"numerosity-estimation","trial_index":28,"time_elapsed":179633,"subject_id":"78060"},{"rt":2661,"stimulus":17,"slider_start":100,"sprites":"bears","response":131,"absDeviation":39,"callibration":"test","block":1,"seed":17,"numerosity":92,"matchType":"paired","which":"second","trial_type":"numerosity-estimation","trial_index":29,"time_elapsed":182298,"subject_id":"78060"},{"rt":2396,"stimulus":19,"slider_start":100,"sprites":"jellyBeans","response":139,"absDeviation":4,"callibration":"test","block":1,"seed":19,"numerosity":135,"matchType":"unpaired","which":"first","trial_type":"numerosity-estimation","trial_index":30,"time_elapsed":184697,"subject_id":"78060"},{"rt":3004,"stimulus":20,"slider_start":100,"sprites":"marbles","response":125,"absDeviation":47,"callibration":"test","block":1,"seed":20,"numerosity":78,"matchType":"unpaired","which":"first","trial_type":"numerosity-estimation","trial_index":31,"time_elapsed":187705,"subject_id":"78060"},{"rt":2355,"stimulus":21,"slider_start":100,"sprites":"mints","response":134,"absDeviation":42,"callibration":"test","block":1,"seed":21,"numerosity":92,"matchType":"paired","which":"first","trial_type":"numerosity-estimation","trial_index":32,"time_elapsed":190063,"subject_id":"78060"},{"rt":2377,"stimulus":21,"slider_start":100,"sprites":"mints","response":151,"absDeviation":59,"callibration":"test","block":1,"seed":21,"numerosity":92,"matchType":"paired","which":"second","trial_type":"numerosity-estimation","trial_index":33,"time_elapsed":192444,"subject_id":"78060"},{"rt":2604,"stimulus":23,"slider_start":100,"sprites":"buttons","response":175,"absDeviation":25,"callibration":"test","block":1,"seed":23,"numerosity":150,"matchType":"unpaired","which":"first","trial_type":"numerosity-estimation","trial_index":34,"time_elapsed":195051,"subject_id":"78060"},{"rt":1973,"stimulus":24,"slider_start":100,"sprites":"animalCrackers","response":175,"absDeviation":68,"callibration":"test","block":1,"seed":24,"numerosity":107,"matchType":"unpaired","which":"first","trial_type":"numerosity-estimation","trial_index":35,"time_elapsed":197028,"subject_id":"78060"},{"rt":2780,"stimulus":25,"slider_start":100,"sprites":"letters","response":135,"absDeviation":28,"callibration":"test","block":1,"seed":25,"numerosity":107,"matchType":"paired","which":"first","trial_type":"numerosity-estimation","trial_index":36,"time_elapsed":199811,"subject_id":"78060"},{"rt":2738,"stimulus":25,"slider_start":100,"sprites":"letters","response":149,"absDeviation":42,"callibration":"test","block":1,"seed":25,"numerosity":107,"matchType":"paired","which":"second","trial_type":"numerosity-estimation","trial_index":37,"time_elapsed":202552,"subject_id":"78060"},{"rt":1983,"stimulus":27,"slider_start":100,"sprites":"hearts","response":159,"absDeviation":38,"callibration":"test","block":1,"seed":27,"numerosity":121,"matchType":"unpaired","which":"first","trial_type":"numerosity-estimation","trial_index":38,"time_elapsed":204539,"subject_id":"78060"},{"rt":1974,"stimulus":28,"slider_start":100,"sprites":"crackers","response":175,"absDeviation":25,"callibration":"test","block":1,"seed":28,"numerosity":150,"matchType":"unpaired","which":"first","trial_type":"numerosity-estimation","trial_index":39,"time_elapsed":206517,"subject_id":"78060"},{"rt":3115,"stimulus":29,"slider_start":100,"sprites":"bears","response":144,"absDeviation":80,"callibration":"test","block":1,"seed":29,"numerosity":64,"matchType":"paired","which":"first","trial_type":"numerosity-estimation","trial_index":40,"time_elapsed":209634,"subject_id":"78060"},{"rt":2162,"stimulus":29,"slider_start":100,"sprites":"bears","response":147,"absDeviation":83,"callibration":"test","block":1,"seed":29,"numerosity":64,"matchType":"paired","which":"second","trial_type":"numerosity-estimation","trial_index":41,"time_elapsed":211801,"subject_id":"78060"},{"rt":2173,"stimulus":31,"slider_start":100,"sprites":"jellyBeans","response":159,"absDeviation":9,"callibration":"test","block":1,"seed":31,"numerosity":150,"matchType":"unpaired","which":"first","trial_type":"numerosity-estimation","trial_index":42,"time_elapsed":213978,"subject_id":"78060"},{"rt":2175,"stimulus":32,"slider_start":100,"sprites":"marbles","response":140,"absDeviation":5,"callibration":"test","block":1,"seed":32,"numerosity":135,"matchType":"unpaired","which":"first","trial_type":"numerosity-estimation","trial_index":43,"time_elapsed":216156,"subject_id":"78060"},{"rt":4034,"stimulus":"<p> For the last block of trials, the average deviation of your guesses from correct answers was 39.</p>\n     <p>The smaller the deviation the better.  Your deviation was <b> good</b>.</p><br>\n       <p>Press any key to continue to the next block of trials</p>","response":" ","trial_type":"html-keyboard-response","trial_index":44,"time_elapsed":220194,"subject_id":"78060"},{"rt":4296,"stimulus":33,"slider_start":100,"sprites":"mints","response":137,"absDeviation":16,"callibration":"test","block":2,"seed":33,"numerosity":121,"matchType":"paired","which":"first","trial_type":"numerosity-estimation","trial_index":45,"time_elapsed":224492,"subject_id":"78060"},{"rt":2947,"stimulus":33,"slider_start":100,"sprites":"mints","response":147,"absDeviation":26,"callibration":"test","block":2,"seed":33,"numerosity":121,"matchType":"paired","which":"second","trial_type":"numerosity-estimation","trial_index":46,"time_elapsed":227442,"subject_id":"78060"},{"rt":2335,"stimulus":35,"slider_start":100,"sprites":"buttons","response":65,"absDeviation":13,"callibration":"test","block":2,"seed":35,"numerosity":78,"matchType":"unpaired","which":"first","trial_type":"numerosity-estimation","trial_index":47,"time_elapsed":229781,"subject_id":"78060"},{"rt":3123,"stimulus":36,"slider_start":100,"sprites":"animalCrackers","response":79,"absDeviation":29,"callibration":"test","block":2,"seed":36,"numerosity":50,"matchType":"unpaired","which":"first","trial_type":"numerosity-estimation","trial_index":48,"time_elapsed":232907,"subject_id":"78060"},{"rt":2083,"stimulus":37,"slider_start":100,"sprites":"letters","response":114,"absDeviation":21,"callibration":"test","block":2,"seed":37,"numerosity":135,"matchType":"paired","which":"first","trial_type":"numerosity-estimation","trial_index":49,"time_elapsed":234993,"subject_id":"78060"},{"rt":2641,"stimulus":37,"slider_start":100,"sprites":"letters","response":135,"absDeviation":0,"callibration":"test","block":2,"seed":37,"numerosity":135,"matchType":"paired","which":"second","trial_type":"numerosity-estimation","trial_index":50,"time_elapsed":237637,"subject_id":"78060"},{"rt":1910,"stimulus":39,"slider_start":100,"sprites":"hearts","response":123,"absDeviation":45,"callibration":"test","block":2,"seed":39,"numerosity":78,"matchType":"unpaired","which":"first","trial_type":"numerosity-estimation","trial_index":51,"time_elapsed":239549,"subject_id":"78060"},{"rt":2128,"stimulus":40,"slider_start":100,"sprites":"crackers","response":148,"absDeviation":27,"callibration":"test","block":2,"seed":40,"numerosity":121,"matchType":"unpaired","which":"first","trial_type":"numerosity-estimation","trial_index":52,"time_elapsed":241681,"subject_id":"78060"},{"rt":2355,"stimulus":41,"slider_start":100,"sprites":"bears","response":60,"absDeviation":10,"callibration":"test","block":2,"seed":41,"numerosity":50,"matchType":"paired","which":"first","trial_type":"numerosity-estimation","trial_index":53,"time_elapsed":244039,"subject_id":"78060"},{"rt":2214,"stimulus":41,"slider_start":100,"sprites":"bears","response":86,"absDeviation":36,"callibration":"test","block":2,"seed":41,"numerosity":50,"matchType":"paired","which":"second","trial_type":"numerosity-estimation","trial_index":54,"time_elapsed":246256,"subject_id":"78060"},{"rt":4084,"stimulus":43,"slider_start":100,"sprites":"jellyBeans","response":76,"absDeviation":12,"callibration":"test","block":2,"seed":43,"numerosity":64,"matchType":"unpaired","which":"first","trial_type":"numerosity-estimation","trial_index":55,"time_elapsed":250343,"subject_id":"78060"},{"rt":1777,"stimulus":44,"slider_start":100,"sprites":"marbles","response":112,"absDeviation":9,"callibration":"test","block":2,"seed":44,"numerosity":121,"matchType":"unpaired","which":"first","trial_type":"numerosity-estimation","trial_index":56,"time_elapsed":252123,"subject_id":"78060"},{"rt":1826,"stimulus":45,"slider_start":100,"sprites":"mints","response":137,"absDeviation":16,"callibration":"test","block":2,"seed":45,"numerosity":121,"matchType":"paired","which":"first","trial_type":"numerosity-estimation","trial_index":57,"time_elapsed":253954,"subject_id":"78060"},{"rt":1904,"stimulus":45,"slider_start":100,"sprites":"mints","response":151,"absDeviation":30,"callibration":"test","block":2,"seed":45,"numerosity":121,"matchType":"paired","which":"second","trial_type":"numerosity-estimation","trial_index":58,"time_elapsed":255861,"subject_id":"78060"},{"rt":1772,"stimulus":47,"slider_start":100,"sprites":"buttons","response":146,"absDeviation":25,"callibration":"test","block":2,"seed":47,"numerosity":121,"matchType":"unpaired","which":"first","trial_type":"numerosity-estimation","trial_index":59,"time_elapsed":257636,"subject_id":"78060"},{"rt":2016,"stimulus":48,"slider_start":100,"sprites":"animalCrackers","response":162,"absDeviation":27,"callibration":"test","block":2,"seed":48,"numerosity":135,"matchType":"unpaired","which":"first","trial_type":"numerosity-estimation","trial_index":60,"time_elapsed":259655,"subject_id":"78060"},{"rt":33862,"stimulus":"<p> For the last block of trials, the average deviation of your guesses from correct answers was 21.</p>\n     <p>The smaller the deviation the better.  Your deviation was <b> VERY good</b>.</p><br>\n       <p>Press any key to continue to the next block of trials</p>","response":" ","trial_type":"html-keyboard-response","trial_index":61,"time_elapsed":293521,"subject_id":"78060"},{"rt":5709,"stimulus":49,"slider_start":100,"sprites":"letters","response":82,"absDeviation":4,"callibration":"test","block":3,"seed":49,"numerosity":78,"matchType":"paired","which":"first","trial_type":"numerosity-estimation","trial_index":62,"time_elapsed":299232,"subject_id":"78060"},{"rt":2979,"stimulus":49,"slider_start":100,"sprites":"letters","response":89,"absDeviation":11,"callibration":"test","block":3,"seed":49,"numerosity":78,"matchType":"paired","which":"second","trial_type":"numerosity-estimation","trial_index":63,"time_elapsed":302215,"subject_id":"78060"},{"rt":1937,"stimulus":51,"slider_start":100,"sprites":"hearts","response":130,"absDeviation":20,"callibration":"test","block":3,"seed":51,"numerosity":150,"matchType":"unpaired","which":"first","trial_type":"numerosity-estimation","trial_index":64,"time_elapsed":304154,"subject_id":"78060"},{"rt":2116,"stimulus":52,"slider_start":100,"sprites":"crackers","response":83,"absDeviation":5,"callibration":"test","block":3,"seed":52,"numerosity":78,"matchType":"unpaired","which":"first","trial_type":"numerosity-estimation","trial_index":65,"time_elapsed":306273,"subject_id":"78060"},{"rt":2125,"stimulus":53,"slider_start":100,"sprites":"bears","response":118,"absDeviation":68,"callibration":"test","block":3,"seed":53,"numerosity":50,"matchType":"paired","which":"first","trial_type":"numerosity-estimation","trial_index":66,"time_elapsed":308402,"subject_id":"78060"},{"rt":2413,"stimulus":53,"slider_start":100,"sprites":"bears","response":118,"absDeviation":68,"callibration":"test","block":3,"seed":53,"numerosity":50,"matchType":"paired","which":"second","trial_type":"numerosity-estimation","trial_index":67,"time_elapsed":310819,"subject_id":"78060"},{"rt":1827,"stimulus":55,"slider_start":100,"sprites":"jellyBeans","response":145,"absDeviation":24,"callibration":"test","block":3,"seed":55,"numerosity":121,"matchType":"unpaired","which":"first","trial_type":"numerosity-estimation","trial_index":68,"time_elapsed":312650,"subject_id":"78060"},{"rt":4387,"stimulus":56,"slider_start":100,"sprites":"marbles","response":48,"absDeviation":16,"callibration":"test","block":3,"seed":56,"numerosity":64,"matchType":"unpaired","which":"first","trial_type":"numerosity-estimation","trial_index":69,"time_elapsed":317040,"subject_id":"78060"},{"rt":2276,"stimulus":57,"slider_start":100,"sprites":"mints","response":74,"absDeviation":10,"callibration":"test","block":3,"seed":57,"numerosity":64,"matchType":"paired","which":"first","trial_type":"numerosity-estimation","trial_index":70,"time_elapsed":319320,"subject_id":"78060"},{"rt":2057,"stimulus":57,"slider_start":100,"sprites":"mints","response":89,"absDeviation":25,"callibration":"test","block":3,"seed":57,"numerosity":64,"matchType":"paired","which":"second","trial_type":"numerosity-estimation","trial_index":71,"time_elapsed":321380,"subject_id":"78060"},{"rt":1814,"stimulus":59,"slider_start":100,"sprites":"buttons","response":169,"absDeviation":34,"callibration":"test","block":3,"seed":59,"numerosity":135,"matchType":"unpaired","which":"first","trial_type":"numerosity-estimation","trial_index":72,"time_elapsed":323198,"subject_id":"78060"},{"rt":6208,"stimulus":60,"slider_start":100,"sprites":"animalCrackers","response":175,"absDeviation":25,"callibration":"test","block":3,"seed":60,"numerosity":150,"matchType":"unpaired","which":"first","trial_type":"numerosity-estimation","trial_index":73,"time_elapsed":329409,"subject_id":"78060"},{"rt":2366,"stimulus":61,"slider_start":100,"sprites":"letters","response":49,"absDeviation":1,"callibration":"test","block":3,"seed":61,"numerosity":50,"matchType":"paired","which":"first","trial_type":"numerosity-estimation","trial_index":74,"time_elapsed":331779,"subject_id":"78060"},{"rt":4257,"stimulus":61,"slider_start":100,"sprites":"letters","response":55,"absDeviation":5,"callibration":"test","block":3,"seed":61,"numerosity":50,"matchType":"paired","which":"second","trial_type":"numerosity-estimation","trial_index":75,"time_elapsed":336039,"subject_id":"78060"},{"rt":2753,"stimulus":63,"slider_start":100,"sprites":"hearts","response":115,"absDeviation":51,"callibration":"test","block":3,"seed":63,"numerosity":64,"matchType":"unpaired","which":"first","trial_type":"numerosity-estimation","trial_index":76,"time_elapsed":338798,"subject_id":"78060"},{"rt":2305,"stimulus":64,"slider_start":100,"sprites":"crackers","response":152,"absDeviation":17,"callibration":"test","block":3,"seed":64,"numerosity":135,"matchType":"unpaired","which":"first","trial_type":"numerosity-estimation","trial_index":77,"time_elapsed":341106,"subject_id":"78060"},{"rt":2050,"stimulus":"<p> For the last block of trials, the average deviation of your guesses from correct answers was 24.</p>\n     <p>The smaller the deviation the better.  Your deviation was <b> VERY good</b>.</p><br>\n       <p>Press any key to continue to the next block of trials</p>","response":" ","trial_type":"html-keyboard-response","trial_index":78,"time_elapsed":343159,"subject_id":"78060"},{"rt":3675,"stimulus":65,"slider_start":100,"sprites":"bears","response":145,"absDeviation":38,"callibration":"test","block":4,"seed":65,"numerosity":107,"matchType":"paired","which":"first","trial_type":"numerosity-estimation","trial_index":79,"time_elapsed":346837,"subject_id":"78060"},{"rt":1805,"stimulus":65,"slider_start":100,"sprites":"bears","response":165,"absDeviation":58,"callibration":"test","block":4,"seed":65,"numerosity":107,"matchType":"paired","which":"second","trial_type":"numerosity-estimation","trial_index":80,"time_elapsed":348645,"subject_id":"78060"},{"rt":1825,"stimulus":67,"slider_start":100,"sprites":"jellyBeans","response":110,"absDeviation":3,"callibration":"test","block":4,"seed":67,"numerosity":107,"matchType":"unpaired","which":"first","trial_type":"numerosity-estimation","trial_index":81,"time_elapsed":350474,"subject_id":"78060"},{"rt":2072,"stimulus":68,"slider_start":100,"sprites":"marbles","response":69,"absDeviation":81,"callibration":"test","block":4,"seed":68,"numerosity":150,"matchType":"unpaired","which":"first","trial_type":"numerosity-estimation","trial_index":82,"time_elapsed":352548,"subject_id":"78060"},{"rt":1936,"stimulus":69,"slider_start":100,"sprites":"mints","response":139,"absDeviation":18,"callibration":"test","block":4,"seed":69,"numerosity":121,"matchType":"paired","which":"first","trial_type":"numerosity-estimation","trial_index":83,"time_elapsed":354487,"subject_id":"78060"},{"rt":1953,"stimulus":69,"slider_start":100,"sprites":"mints","response":163,"absDeviation":42,"callibration":"test","block":4,"seed":69,"numerosity":121,"matchType":"paired","which":"second","trial_type":"numerosity-estimation","trial_index":84,"time_elapsed":356443,"subject_id":"78060"},{"rt":2786,"stimulus":71,"slider_start":100,"sprites":"buttons","response":154,"absDeviation":47,"callibration":"test","block":4,"seed":71,"numerosity":107,"matchType":"unpaired","which":"first","trial_type":"numerosity-estimation","trial_index":85,"time_elapsed":359232,"subject_id":"78060"},{"rt":4304,"stimulus":72,"slider_start":100,"sprites":"animalCrackers","response":77,"absDeviation":27,"callibration":"test","block":4,"seed":72,"numerosity":50,"matchType":"unpaired","which":"first","trial_type":"numerosity-estimation","trial_index":86,"time_elapsed":363540,"subject_id":"78060"},{"rt":2174,"stimulus":73,"slider_start":100,"sprites":"letters","response":88,"absDeviation":10,"callibration":"test","block":4,"seed":73,"numerosity":78,"matchType":"paired","which":"first","trial_type":"numerosity-estimation","trial_index":87,"time_elapsed":365717,"subject_id":"78060"},{"rt":1965,"stimulus":73,"slider_start":100,"sprites":"letters","response":98,"absDeviation":20,"callibration":"test","block":4,"seed":73,"numerosity":78,"matchType":"paired","which":"second","trial_type":"numerosity-estimation","trial_index":88,"time_elapsed":367686,"subject_id":"78060"},{"rt":1915,"stimulus":75,"slider_start":100,"sprites":"hearts","response":126,"absDeviation":34,"callibration":"test","block":4,"seed":75,"numerosity":92,"matchType":"unpaired","which":"first","trial_type":"numerosity-estimation","trial_index":89,"time_elapsed":369604,"subject_id":"78060"},{"rt":1668,"stimulus":76,"slider_start":100,"sprites":"crackers","response":126,"absDeviation":62,"callibration":"test","block":4,"seed":76,"numerosity":64,"matchType":"unpaired","which":"first","trial_type":"numerosity-estimation","trial_index":90,"time_elapsed":371276,"subject_id":"78060"},{"rt":1924,"stimulus":77,"slider_start":100,"sprites":"bears","response":161,"absDeviation":26,"callibration":"test","block":4,"seed":77,"numerosity":135,"matchType":"paired","which":"first","trial_type":"numerosity-estimation","trial_index":91,"time_elapsed":373203,"subject_id":"78060"},{"rt":2302,"stimulus":77,"slider_start":100,"sprites":"bears","response":175,"absDeviation":40,"callibration":"test","block":4,"seed":77,"numerosity":135,"matchType":"paired","which":"second","trial_type":"numerosity-estimation","trial_index":92,"time_elapsed":375509,"subject_id":"78060"},{"rt":2218,"stimulus":79,"slider_start":100,"sprites":"jellyBeans","response":89,"absDeviation":39,"callibration":"test","block":4,"seed":79,"numerosity":50,"matchType":"unpaired","which":"first","trial_type":"numerosity-estimation","trial_index":93,"time_elapsed":377730,"subject_id":"78060"},{"rt":2182,"stimulus":80,"slider_start":100,"sprites":"marbles","response":72,"absDeviation":49,"callibration":"test","block":4,"seed":80,"numerosity":121,"matchType":"unpaired","which":"first","trial_type":"numerosity-estimation","trial_index":94,"time_elapsed":379915,"subject_id":"78060"},{"rt":1407,"stimulus":"<p> For the last block of trials, the average deviation of your guesses from correct answers was 37.</p>\n     <p>The smaller the deviation the better.  Your deviation was <b> good</b>.</p><br>\n       <p>Press any key to continue to the next block of trials</p>","response":" ","trial_type":"html-keyboard-response","trial_index":95,"time_elapsed":381324,"subject_id":"78060"},{"rt":2804,"stimulus":81,"slider_start":100,"sprites":"mints","response":146,"absDeviation":25,"callibration":"test","block":5,"seed":81,"numerosity":121,"matchType":"paired","which":"first","trial_type":"numerosity-estimation","trial_index":96,"time_elapsed":384131,"subject_id":"78060"},{"rt":2924,"stimulus":81,"slider_start":100,"sprites":"mints","response":155,"absDeviation":34,"callibration":"test","block":5,"seed":81,"numerosity":121,"matchType":"paired","which":"second","trial_type":"numerosity-estimation","trial_index":97,"time_elapsed":387060,"subject_id":"78060"},{"rt":1874,"stimulus":83,"slider_start":100,"sprites":"buttons","response":171,"absDeviation":50,"callibration":"test","block":5,"seed":83,"numerosity":121,"matchType":"unpaired","which":"first","trial_type":"numerosity-estimation","trial_index":98,"time_elapsed":388937,"subject_id":"78060"},{"rt":1986,"stimulus":84,"slider_start":100,"sprites":"animalCrackers","response":61,"absDeviation":11,"callibration":"test","block":5,"seed":84,"numerosity":50,"matchType":"unpaired","which":"first","trial_type":"numerosity-estimation","trial_index":99,"time_elapsed":390926,"subject_id":"78060"},{"rt":2890,"stimulus":85,"slider_start":100,"sprites":"letters","response":119,"absDeviation":55,"callibration":"test","block":5,"seed":85,"numerosity":64,"matchType":"paired","which":"first","trial_type":"numerosity-estimation","trial_index":100,"time_elapsed":393820,"subject_id":"78060"},{"rt":3940,"stimulus":85,"slider_start":100,"sprites":"letters","response":125,"absDeviation":61,"callibration":"test","block":5,"seed":85,"numerosity":64,"matchType":"paired","which":"second","trial_type":"numerosity-estimation","trial_index":101,"time_elapsed":397763,"subject_id":"78060"},{"rt":2144,"stimulus":87,"slider_start":100,"sprites":"hearts","response":86,"absDeviation":36,"callibration":"test","block":5,"seed":87,"numerosity":50,"matchType":"unpaired","which":"first","trial_type":"numerosity-estimation","trial_index":102,"time_elapsed":399909,"subject_id":"78060"},{"rt":1826,"stimulus":88,"slider_start":100,"sprites":"crackers","response":155,"absDeviation":20,"callibration":"test","block":5,"seed":88,"numerosity":135,"matchType":"unpaired","which":"first","trial_type":"numerosity-estimation","trial_index":103,"time_elapsed":401740,"subject_id":"78060"},{"rt":4532,"stimulus":89,"slider_start":100,"sprites":"bears","response":69,"absDeviation":19,"callibration":"test","block":5,"seed":89,"numerosity":50,"matchType":"paired","which":"first","trial_type":"numerosity-estimation","trial_index":104,"time_elapsed":406274,"subject_id":"78060"},{"rt":1825,"stimulus":89,"slider_start":100,"sprites":"bears","response":93,"absDeviation":43,"callibration":"test","block":5,"seed":89,"numerosity":50,"matchType":"paired","which":"second","trial_type":"numerosity-estimation","trial_index":105,"time_elapsed":408102,"subject_id":"78060"},{"rt":2098,"stimulus":91,"slider_start":100,"sprites":"jellyBeans","response":127,"absDeviation":35,"callibration":"test","block":5,"seed":91,"numerosity":92,"matchType":"unpaired","which":"first","trial_type":"numerosity-estimation","trial_index":106,"time_elapsed":410203,"subject_id":"78060"},{"rt":1835,"stimulus":92,"slider_start":100,"sprites":"marbles","response":135,"absDeviation":14,"callibration":"test","block":5,"seed":92,"numerosity":121,"matchType":"unpaired","which":"first","trial_type":"numerosity-estimation","trial_index":107,"time_elapsed":412041,"subject_id":"78060"},{"rt":1794,"stimulus":93,"slider_start":100,"sprites":"mints","response":144,"absDeviation":66,"callibration":"test","block":5,"seed":93,"numerosity":78,"matchType":"paired","which":"first","trial_type":"numerosity-estimation","trial_index":108,"time_elapsed":413838,"subject_id":"78060"},{"rt":1834,"stimulus":93,"slider_start":100,"sprites":"mints","response":155,"absDeviation":77,"callibration":"test","block":5,"seed":93,"numerosity":78,"matchType":"paired","which":"second","trial_type":"numerosity-estimation","trial_index":109,"time_elapsed":415677,"subject_id":"78060"},{"rt":2634,"stimulus":95,"slider_start":100,"sprites":"buttons","response":134,"absDeviation":70,"callibration":"test","block":5,"seed":95,"numerosity":64,"matchType":"unpaired","which":"first","trial_type":"numerosity-estimation","trial_index":110,"time_elapsed":418314,"subject_id":"78060"},{"rt":2325,"stimulus":96,"slider_start":100,"sprites":"animalCrackers","response":121,"absDeviation":29,"callibration":"test","block":5,"seed":96,"numerosity":92,"matchType":"unpaired","which":"first","trial_type":"numerosity-estimation","trial_index":111,"time_elapsed":420643,"subject_id":"78060"},{"rt":1482,"stimulus":"<p> For the last block of trials, the average deviation of your guesses from correct answers was 40.</p>\n     <p>The smaller the deviation the better.  Your deviation was <b> good</b>.</p><br>\n       <p>Press any key to continue to the next block of trials</p>","response":" ","trial_type":"html-keyboard-response","trial_index":112,"time_elapsed":422128,"subject_id":"78060"},{"rt":2435,"stimulus":2,"slider_start":100,"sprites":"butterflies","response":154,"absDeviation":19,"callibration":"test","block":6,"seed":2,"numerosity":135,"matchType":"paired","which":"first","trial_type":"numerosity-estimation","trial_index":113,"time_elapsed":424565,"subject_id":"78060"},{"rt":1747,"stimulus":2,"slider_start":100,"sprites":"butterflies","response":172,"absDeviation":37,"callibration":"test","block":6,"seed":2,"numerosity":135,"matchType":"paired","which":"second","trial_type":"numerosity-estimation","trial_index":114,"time_elapsed":426314,"subject_id":"78060"},{"rt":3426,"stimulus":3,"slider_start":100,"sprites":"hearts","response":73,"absDeviation":23,"callibration":"test","block":6,"seed":3,"numerosity":50,"matchType":"unpaired","which":"second","trial_type":"numerosity-estimation","trial_index":115,"time_elapsed":429743,"subject_id":"78060"},{"rt":2652,"stimulus":4,"slider_start":100,"sprites":"crackers","response":122,"absDeviation":15,"callibration":"test","block":6,"seed":4,"numerosity":107,"matchType":"unpaired","which":"second","trial_type":"numerosity-estimation","trial_index":116,"time_elapsed":432398,"subject_id":"78060"},{"rt":2456,"stimulus":6,"slider_start":100,"sprites":"fruits","response":142,"absDeviation":64,"callibration":"test","block":6,"seed":6,"numerosity":78,"matchType":"paired","which":"first","trial_type":"numerosity-estimation","trial_index":117,"time_elapsed":434857,"subject_id":"78060"},{"rt":1774,"stimulus":6,"slider_start":100,"sprites":"fruits","response":136,"absDeviation":58,"callibration":"test","block":6,"seed":6,"numerosity":78,"matchType":"paired","which":"second","trial_type":"numerosity-estimation","trial_index":118,"time_elapsed":436634,"subject_id":"78060"},{"rt":2965,"stimulus":7,"slider_start":100,"sprites":"jellyBeans","response":117,"absDeviation":67,"callibration":"test","block":6,"seed":7,"numerosity":50,"matchType":"unpaired","which":"second","trial_type":"numerosity-estimation","trial_index":119,"time_elapsed":439602,"subject_id":"78060"},{"rt":2304,"stimulus":8,"slider_start":100,"sprites":"marbles","response":118,"absDeviation":26,"callibration":"test","block":6,"seed":8,"numerosity":92,"matchType":"unpaired","which":"second","trial_type":"numerosity-estimation","trial_index":120,"time_elapsed":441910,"subject_id":"78060"},{"rt":2410,"stimulus":10,"slider_start":100,"sprites":"rocks","response":61,"absDeviation":11,"callibration":"test","block":6,"seed":10,"numerosity":50,"matchType":"paired","which":"first","trial_type":"numerosity-estimation","trial_index":121,"time_elapsed":444323,"subject_id":"78060"},{"rt":1922,"stimulus":10,"slider_start":100,"sprites":"rocks","response":73,"absDeviation":23,"callibration":"test","block":6,"seed":10,"numerosity":50,"matchType":"paired","which":"second","trial_type":"numerosity-estimation","trial_index":122,"time_elapsed":446247,"subject_id":"78060"},{"rt":1871,"stimulus":11,"slider_start":100,"sprites":"buttons","response":154,"absDeviation":47,"callibration":"test","block":6,"seed":11,"numerosity":107,"matchType":"unpaired","which":"second","trial_type":"numerosity-estimation","trial_index":123,"time_elapsed":448123,"subject_id":"78060"},{"rt":1833,"stimulus":12,"slider_start":100,"sprites":"animalCrackers","response":174,"absDeviation":82,"callibration":"test","block":6,"seed":12,"numerosity":92,"matchType":"unpaired","which":"second","trial_type":"numerosity-estimation","trial_index":124,"time_elapsed":449960,"subject_id":"78060"},{"rt":2423,"stimulus":14,"slider_start":100,"sprites":"butterflies","response":175,"absDeviation":25,"callibration":"test","block":6,"seed":14,"numerosity":150,"matchType":"paired","which":"first","trial_type":"numerosity-estimation","trial_index":125,"time_elapsed":452387,"subject_id":"78060"},{"rt":1865,"stimulus":14,"slider_start":100,"sprites":"butterflies","response":175,"absDeviation":25,"callibration":"test","block":6,"seed":14,"numerosity":150,"matchType":"paired","which":"second","trial_type":"numerosity-estimation","trial_index":126,"time_elapsed":454257,"subject_id":"78060"},{"rt":3041,"stimulus":15,"slider_start":100,"sprites":"hearts","response":175,"absDeviation":54,"callibration":"test","block":6,"seed":15,"numerosity":121,"matchType":"unpaired","which":"second","trial_type":"numerosity-estimation","trial_index":127,"time_elapsed":457302,"subject_id":"78060"},{"rt":2396,"stimulus":16,"slider_start":100,"sprites":"crackers","response":65,"absDeviation":1,"callibration":"test","block":6,"seed":16,"numerosity":64,"matchType":"unpaired","which":"second","trial_type":"numerosity-estimation","trial_index":128,"time_elapsed":459701,"subject_id":"78060"},{"rt":1178,"stimulus":"<p> For the last block of trials, the average deviation of your guesses from correct answers was 36.</p>\n     <p>The smaller the deviation the better.  Your deviation was <b> good</b>.</p><br>\n       <p>Press any key to continue to the next block of trials</p>","response":" ","trial_type":"html-keyboard-response","trial_index":129,"time_elapsed":460882,"subject_id":"78060"},{"rt":4428,"stimulus":18,"slider_start":100,"sprites":"fruits","response":141,"absDeviation":34,"callibration":"test","block":7,"seed":18,"numerosity":107,"matchType":"paired","which":"first","trial_type":"numerosity-estimation","trial_index":130,"time_elapsed":465313,"subject_id":"78060"},{"rt":1797,"stimulus":18,"slider_start":100,"sprites":"fruits","response":143,"absDeviation":36,"callibration":"test","block":7,"seed":18,"numerosity":107,"matchType":"paired","which":"second","trial_type":"numerosity-estimation","trial_index":131,"time_elapsed":467112,"subject_id":"78060"},{"rt":1815,"stimulus":19,"slider_start":100,"sprites":"jellyBeans","response":175,"absDeviation":40,"callibration":"test","block":7,"seed":19,"numerosity":135,"matchType":"unpaired","which":"second","trial_type":"numerosity-estimation","trial_index":132,"time_elapsed":468930,"subject_id":"78060"},{"rt":2213,"stimulus":20,"slider_start":100,"sprites":"marbles","response":67,"absDeviation":11,"callibration":"test","block":7,"seed":20,"numerosity":78,"matchType":"unpaired","which":"second","trial_type":"numerosity-estimation","trial_index":133,"time_elapsed":471146,"subject_id":"78060"},{"rt":3166,"stimulus":22,"slider_start":100,"sprites":"rocks","response":97,"absDeviation":5,"callibration":"test","block":7,"seed":22,"numerosity":92,"matchType":"paired","which":"first","trial_type":"numerosity-estimation","trial_index":134,"time_elapsed":474315,"subject_id":"78060"},{"rt":1775,"stimulus":22,"slider_start":100,"sprites":"rocks","response":125,"absDeviation":33,"callibration":"test","block":7,"seed":22,"numerosity":92,"matchType":"paired","which":"second","trial_type":"numerosity-estimation","trial_index":135,"time_elapsed":476094,"subject_id":"78060"},{"rt":1802,"stimulus":23,"slider_start":100,"sprites":"buttons","response":159,"absDeviation":9,"callibration":"test","block":7,"seed":23,"numerosity":150,"matchType":"unpaired","which":"second","trial_type":"numerosity-estimation","trial_index":136,"time_elapsed":477899,"subject_id":"78060"},{"rt":1937,"stimulus":24,"slider_start":100,"sprites":"animalCrackers","response":175,"absDeviation":68,"callibration":"test","block":7,"seed":24,"numerosity":107,"matchType":"unpaired","which":"second","trial_type":"numerosity-estimation","trial_index":137,"time_elapsed":479839,"subject_id":"78060"},{"rt":2014,"stimulus":26,"slider_start":100,"sprites":"butterflies","response":110,"absDeviation":18,"callibration":"test","block":7,"seed":26,"numerosity":92,"matchType":"paired","which":"first","trial_type":"numerosity-estimation","trial_index":138,"time_elapsed":481852,"subject_id":"78060"},{"rt":2015,"stimulus":26,"slider_start":100,"sprites":"butterflies","response":122,"absDeviation":30,"callibration":"test","block":7,"seed":26,"numerosity":92,"matchType":"paired","which":"second","trial_type":"numerosity-estimation","trial_index":139,"time_elapsed":483870,"subject_id":"78060"},{"rt":2083,"stimulus":27,"slider_start":100,"sprites":"hearts","response":144,"absDeviation":23,"callibration":"test","block":7,"seed":27,"numerosity":121,"matchType":"unpaired","which":"second","trial_type":"numerosity-estimation","trial_index":140,"time_elapsed":485956,"subject_id":"78060"},{"rt":1790,"stimulus":28,"slider_start":100,"sprites":"crackers","response":162,"absDeviation":12,"callibration":"test","block":7,"seed":28,"numerosity":150,"matchType":"unpaired","which":"second","trial_type":"numerosity-estimation","trial_index":141,"time_elapsed":487750,"subject_id":"78060"},{"rt":1857,"stimulus":30,"slider_start":100,"sprites":"fruits","response":159,"absDeviation":52,"callibration":"test","block":7,"seed":30,"numerosity":107,"matchType":"paired","which":"first","trial_type":"numerosity-estimation","trial_index":142,"time_elapsed":489610,"subject_id":"78060"},{"rt":1774,"stimulus":30,"slider_start":100,"sprites":"fruits","response":175,"absDeviation":68,"callibration":"test","block":7,"seed":30,"numerosity":107,"matchType":"paired","which":"second","trial_type":"numerosity-estimation","trial_index":143,"time_elapsed":491387,"subject_id":"78060"},{"rt":1923,"stimulus":31,"slider_start":100,"sprites":"jellyBeans","response":175,"absDeviation":25,"callibration":"test","block":7,"seed":31,"numerosity":150,"matchType":"unpaired","which":"second","trial_type":"numerosity-estimation","trial_index":144,"time_elapsed":493313,"subject_id":"78060"},{"rt":2204,"stimulus":32,"slider_start":100,"sprites":"marbles","response":87,"absDeviation":48,"callibration":"test","block":7,"seed":32,"numerosity":135,"matchType":"unpaired","which":"second","trial_type":"numerosity-estimation","trial_index":145,"time_elapsed":495519,"subject_id":"78060"},{"rt":1841,"stimulus":"<p> For the last block of trials, the average deviation of your guesses from correct answers was 32.</p>\n     <p>The smaller the deviation the better.  Your deviation was <b> good</b>.</p><br>\n       <p>Press any key to continue to the next block of trials</p>","response":" ","trial_type":"html-keyboard-response","trial_index":146,"time_elapsed":497364,"subject_id":"78060"},{"rt":2615,"stimulus":34,"slider_start":100,"sprites":"rocks","response":52,"absDeviation":2,"callibration":"test","block":8,"seed":34,"numerosity":50,"matchType":"paired","which":"first","trial_type":"numerosity-estimation","trial_index":147,"time_elapsed":499981,"subject_id":"78060"},{"rt":1936,"stimulus":34,"slider_start":100,"sprites":"rocks","response":65,"absDeviation":15,"callibration":"test","block":8,"seed":34,"numerosity":50,"matchType":"paired","which":"second","trial_type":"numerosity-estimation","trial_index":148,"time_elapsed":501920,"subject_id":"78060"},{"rt":1959,"stimulus":35,"slider_start":100,"sprites":"buttons","response":115,"absDeviation":37,"callibration":"test","block":8,"seed":35,"numerosity":78,"matchType":"unpaired","which":"second","trial_type":"numerosity-estimation","trial_index":149,"time_elapsed":503882,"subject_id":"78060"},{"rt":1888,"stimulus":36,"slider_start":100,"sprites":"animalCrackers","response":129,"absDeviation":79,"callibration":"test","block":8,"seed":36,"numerosity":50,"matchType":"unpaired","which":"second","trial_type":"numerosity-estimation","trial_index":150,"time_elapsed":505773,"subject_id":"78060"},{"rt":1715,"stimulus":38,"slider_start":100,"sprites":"butterflies","response":134,"absDeviation":56,"callibration":"test","block":8,"seed":38,"numerosity":78,"matchType":"paired","which":"first","trial_type":"numerosity-estimation","trial_index":151,"time_elapsed":507491,"subject_id":"78060"},{"rt":1683,"stimulus":38,"slider_start":100,"sprites":"butterflies","response":130,"absDeviation":52,"callibration":"test","block":8,"seed":38,"numerosity":78,"matchType":"paired","which":"second","trial_type":"numerosity-estimation","trial_index":152,"time_elapsed":509178,"subject_id":"78060"},{"rt":1636,"stimulus":39,"slider_start":100,"sprites":"hearts","response":134,"absDeviation":56,"callibration":"test","block":8,"seed":39,"numerosity":78,"matchType":"unpaired","which":"second","trial_type":"numerosity-estimation","trial_index":153,"time_elapsed":510818,"subject_id":"78060"},{"rt":1908,"stimulus":40,"slider_start":100,"sprites":"crackers","response":164,"absDeviation":43,"callibration":"test","block":8,"seed":40,"numerosity":121,"matchType":"unpaired","which":"second","trial_type":"numerosity-estimation","trial_index":154,"time_elapsed":512729,"subject_id":"78060"},{"rt":1831,"stimulus":42,"slider_start":100,"sprites":"fruits","response":129,"absDeviation":51,"callibration":"test","block":8,"seed":42,"numerosity":78,"matchType":"paired","which":"first","trial_type":"numerosity-estimation","trial_index":155,"time_elapsed":514564,"subject_id":"78060"},{"rt":1747,"stimulus":42,"slider_start":100,"sprites":"fruits","response":148,"absDeviation":70,"callibration":"test","block":8,"seed":42,"numerosity":78,"matchType":"paired","which":"second","trial_type":"numerosity-estimation","trial_index":156,"time_elapsed":516314,"subject_id":"78060"},{"rt":1592,"stimulus":43,"slider_start":100,"sprites":"jellyBeans","response":130,"absDeviation":66,"callibration":"test","block":8,"seed":43,"numerosity":64,"matchType":"unpaired","which":"second","trial_type":"numerosity-estimation","trial_index":157,"time_elapsed":517907,"subject_id":"78060"},{"rt":1634,"stimulus":44,"slider_start":100,"sprites":"marbles","response":143,"absDeviation":22,"callibration":"test","block":8,"seed":44,"numerosity":121,"matchType":"unpaired","which":"second","trial_type":"numerosity-estimation","trial_index":158,"time_elapsed":519544,"subject_id":"78060"},{"rt":2067,"stimulus":46,"slider_start":100,"sprites":"rocks","response":175,"absDeviation":68,"callibration":"test","block":8,"seed":46,"numerosity":107,"matchType":"paired","which":"first","trial_type":"numerosity-estimation","trial_index":159,"time_elapsed":521615,"subject_id":"78060"},{"rt":3047,"stimulus":46,"slider_start":100,"sprites":"rocks","response":174,"absDeviation":67,"callibration":"test","block":8,"seed":46,"numerosity":107,"matchType":"paired","which":"second","trial_type":"numerosity-estimation","trial_index":160,"time_elapsed":524665,"subject_id":"78060"},{"rt":1926,"stimulus":47,"slider_start":100,"sprites":"buttons","response":175,"absDeviation":54,"callibration":"test","block":8,"seed":47,"numerosity":121,"matchType":"unpaired","which":"second","trial_type":"numerosity-estimation","trial_index":161,"time_elapsed":526594,"subject_id":"78060"},{"rt":2345,"stimulus":48,"slider_start":100,"sprites":"animalCrackers","response":175,"absDeviation":40,"callibration":"test","block":8,"seed":48,"numerosity":135,"matchType":"unpaired","which":"second","trial_type":"numerosity-estimation","trial_index":162,"time_elapsed":528942,"subject_id":"78060"},{"rt":28847,"stimulus":"<p> For the last block of trials, the average deviation of your guesses from correct answers was 49.</p>\n     <p>The smaller the deviation the better.  Your deviation was <b> good</b>.</p><br>\n       <p>Press any key to continue to the next block of trials</p>","response":" ","trial_type":"html-keyboard-response","trial_index":163,"time_elapsed":557796,"subject_id":"78060"},{"rt":8158,"stimulus":50,"slider_start":100,"sprites":"butterflies","response":146,"absDeviation":4,"callibration":"test","block":9,"seed":50,"numerosity":150,"matchType":"paired","which":"first","trial_type":"numerosity-estimation","trial_index":164,"time_elapsed":565958,"subject_id":"78060"},{"rt":2397,"stimulus":50,"slider_start":100,"sprites":"butterflies","response":139,"absDeviation":11,"callibration":"test","block":9,"seed":50,"numerosity":150,"matchType":"paired","which":"second","trial_type":"numerosity-estimation","trial_index":165,"time_elapsed":568368,"subject_id":"78060"},{"rt":1843,"stimulus":51,"slider_start":100,"sprites":"hearts","response":167,"absDeviation":17,"callibration":"test","block":9,"seed":51,"numerosity":150,"matchType":"unpaired","which":"second","trial_type":"numerosity-estimation","trial_index":166,"time_elapsed":570214,"subject_id":"78060"},{"rt":2609,"stimulus":52,"slider_start":100,"sprites":"crackers","response":105,"absDeviation":27,"callibration":"test","block":9,"seed":52,"numerosity":78,"matchType":"unpaired","which":"second","trial_type":"numerosity-estimation","trial_index":167,"time_elapsed":572826,"subject_id":"78060"},{"rt":4207,"stimulus":54,"slider_start":100,"sprites":"fruits","response":122,"absDeviation":30,"callibration":"test","block":9,"seed":54,"numerosity":92,"matchType":"paired","which":"first","trial_type":"numerosity-estimation","trial_index":168,"time_elapsed":577036,"subject_id":"78060"},{"rt":1761,"stimulus":54,"slider_start":100,"sprites":"fruits","response":122,"absDeviation":30,"callibration":"test","block":9,"seed":54,"numerosity":92,"matchType":"paired","which":"second","trial_type":"numerosity-estimation","trial_index":169,"time_elapsed":578801,"subject_id":"78060"},{"rt":1867,"stimulus":55,"slider_start":100,"sprites":"jellyBeans","response":174,"absDeviation":53,"callibration":"test","block":9,"seed":55,"numerosity":121,"matchType":"unpaired","which":"second","trial_type":"numerosity-estimation","trial_index":170,"time_elapsed":580671,"subject_id":"78060"},{"rt":2346,"stimulus":56,"slider_start":100,"sprites":"marbles","response":61,"absDeviation":3,"callibration":"test","block":9,"seed":56,"numerosity":64,"matchType":"unpaired","which":"second","trial_type":"numerosity-estimation","trial_index":171,"time_elapsed":583021,"subject_id":"78060"},{"rt":1708,"stimulus":58,"slider_start":100,"sprites":"rocks","response":126,"absDeviation":5,"callibration":"test","block":9,"seed":58,"numerosity":121,"matchType":"paired","which":"first","trial_type":"numerosity-estimation","trial_index":172,"time_elapsed":584732,"subject_id":"78060"},{"rt":1790,"stimulus":58,"slider_start":100,"sprites":"rocks","response":151,"absDeviation":30,"callibration":"test","block":9,"seed":58,"numerosity":121,"matchType":"paired","which":"second","trial_type":"numerosity-estimation","trial_index":173,"time_elapsed":586525,"subject_id":"78060"},{"rt":1786,"stimulus":59,"slider_start":100,"sprites":"buttons","response":146,"absDeviation":11,"callibration":"test","block":9,"seed":59,"numerosity":135,"matchType":"unpaired","which":"second","trial_type":"numerosity-estimation","trial_index":174,"time_elapsed":588314,"subject_id":"78060"},{"rt":1741,"stimulus":60,"slider_start":100,"sprites":"animalCrackers","response":175,"absDeviation":25,"callibration":"test","block":9,"seed":60,"numerosity":150,"matchType":"unpaired","which":"second","trial_type":"numerosity-estimation","trial_index":175,"time_elapsed":590058,"subject_id":"78060"},{"rt":1758,"stimulus":62,"slider_start":100,"sprites":"butterflies","response":175,"absDeviation":40,"callibration":"test","block":9,"seed":62,"numerosity":135,"matchType":"paired","which":"first","trial_type":"numerosity-estimation","trial_index":176,"time_elapsed":591818,"subject_id":"78060"},{"rt":3728,"stimulus":62,"slider_start":100,"sprites":"butterflies","response":175,"absDeviation":40,"callibration":"test","block":9,"seed":62,"numerosity":135,"matchType":"paired","which":"second","trial_type":"numerosity-estimation","trial_index":177,"time_elapsed":595549,"subject_id":"78060"},{"rt":1835,"stimulus":63,"slider_start":100,"sprites":"hearts","response":71,"absDeviation":7,"callibration":"test","block":9,"seed":63,"numerosity":64,"matchType":"unpaired","which":"second","trial_type":"numerosity-estimation","trial_index":178,"time_elapsed":597387,"subject_id":"78060"},{"rt":1766,"stimulus":64,"slider_start":100,"sprites":"crackers","response":139,"absDeviation":4,"callibration":"test","block":9,"seed":64,"numerosity":135,"matchType":"unpaired","which":"second","trial_type":"numerosity-estimation","trial_index":179,"time_elapsed":599156,"subject_id":"78060"},{"rt":2578,"stimulus":"<p> For the last block of trials, the average deviation of your guesses from correct answers was 21.</p>\n     <p>The smaller the deviation the better.  Your deviation was <b> VERY good</b>.</p><br>\n       <p>Press any key to continue to the next block of trials</p>","response":" ","trial_type":"html-keyboard-response","trial_index":180,"time_elapsed":601735,"subject_id":"78060"},{"rt":2779,"stimulus":66,"slider_start":100,"sprites":"fruits","response":137,"absDeviation":73,"callibration":"test","block":10,"seed":66,"numerosity":64,"matchType":"paired","which":"first","trial_type":"numerosity-estimation","trial_index":181,"time_elapsed":604516,"subject_id":"78060"},{"rt":1427,"stimulus":66,"slider_start":100,"sprites":"fruits","response":141,"absDeviation":77,"callibration":"test","block":10,"seed":66,"numerosity":64,"matchType":"paired","which":"second","trial_type":"numerosity-estimation","trial_index":182,"time_elapsed":605945,"subject_id":"78060"},{"rt":1563,"stimulus":67,"slider_start":100,"sprites":"jellyBeans","response":149,"absDeviation":42,"callibration":"test","block":10,"seed":67,"numerosity":107,"matchType":"unpaired","which":"second","trial_type":"numerosity-estimation","trial_index":183,"time_elapsed":607512,"subject_id":"78060"},{"rt":1636,"stimulus":68,"slider_start":100,"sprites":"marbles","response":75,"absDeviation":75,"callibration":"test","block":10,"seed":68,"numerosity":150,"matchType":"unpaired","which":"second","trial_type":"numerosity-estimation","trial_index":184,"time_elapsed":609151,"subject_id":"78060"},{"rt":2451,"stimulus":70,"slider_start":100,"sprites":"rocks","response":129,"absDeviation":37,"callibration":"test","block":10,"seed":70,"numerosity":92,"matchType":"paired","which":"first","trial_type":"numerosity-estimation","trial_index":185,"time_elapsed":611605,"subject_id":"78060"},{"rt":1940,"stimulus":70,"slider_start":100,"sprites":"rocks","response":130,"absDeviation":38,"callibration":"test","block":10,"seed":70,"numerosity":92,"matchType":"paired","which":"second","trial_type":"numerosity-estimation","trial_index":186,"time_elapsed":613547,"subject_id":"78060"},{"rt":1686,"stimulus":71,"slider_start":100,"sprites":"buttons","response":167,"absDeviation":60,"callibration":"test","block":10,"seed":71,"numerosity":107,"matchType":"unpaired","which":"second","trial_type":"numerosity-estimation","trial_index":187,"time_elapsed":615236,"subject_id":"78060"},{"rt":2442,"stimulus":72,"slider_start":100,"sprites":"animalCrackers","response":110,"absDeviation":60,"callibration":"test","block":10,"seed":72,"numerosity":50,"matchType":"unpaired","which":"second","trial_type":"numerosity-estimation","trial_index":188,"time_elapsed":617681,"subject_id":"78060"},{"rt":4825,"stimulus":74,"slider_start":100,"sprites":"butterflies","response":66,"absDeviation":2,"callibration":"test","block":10,"seed":74,"numerosity":64,"matchType":"paired","which":"first","trial_type":"numerosity-estimation","trial_index":189,"time_elapsed":622509,"subject_id":"78060"},{"rt":1775,"stimulus":74,"slider_start":100,"sprites":"butterflies","response":74,"absDeviation":10,"callibration":"test","block":10,"seed":74,"numerosity":64,"matchType":"paired","which":"second","trial_type":"numerosity-estimation","trial_index":190,"time_elapsed":624288,"subject_id":"78060"},{"rt":1753,"stimulus":75,"slider_start":100,"sprites":"hearts","response":161,"absDeviation":69,"callibration":"test","block":10,"seed":75,"numerosity":92,"matchType":"unpaired","which":"second","trial_type":"numerosity-estimation","trial_index":191,"time_elapsed":626043,"subject_id":"78060"},{"rt":1777,"stimulus":76,"slider_start":100,"sprites":"crackers","response":115,"absDeviation":51,"callibration":"test","block":10,"seed":76,"numerosity":64,"matchType":"unpaired","which":"second","trial_type":"numerosity-estimation","trial_index":192,"time_elapsed":627822,"subject_id":"78060"},{"rt":1896,"stimulus":78,"slider_start":100,"sprites":"fruits","response":117,"absDeviation":53,"callibration":"test","block":10,"seed":78,"numerosity":64,"matchType":"paired","which":"first","trial_type":"numerosity-estimation","trial_index":193,"time_elapsed":629722,"subject_id":"78060"},{"rt":1627,"stimulus":78,"slider_start":100,"sprites":"fruits","response":122,"absDeviation":58,"callibration":"test","block":10,"seed":78,"numerosity":64,"matchType":"paired","which":"second","trial_type":"numerosity-estimation","trial_index":194,"time_elapsed":631352,"subject_id":"78060"},{"rt":1862,"stimulus":79,"slider_start":100,"sprites":"jellyBeans","response":74,"absDeviation":24,"callibration":"test","block":10,"seed":79,"numerosity":50,"matchType":"unpaired","which":"second","trial_type":"numerosity-estimation","trial_index":195,"time_elapsed":633217,"subject_id":"78060"},{"rt":1779,"stimulus":80,"slider_start":100,"sprites":"marbles","response":134,"absDeviation":13,"callibration":"test","block":10,"seed":80,"numerosity":121,"matchType":"unpaired","which":"second","trial_type":"numerosity-estimation","trial_index":196,"time_elapsed":634998,"subject_id":"78060"},{"rt":1106,"stimulus":"<p> For the last block of trials, the average deviation of your guesses from correct answers was 46.</p>\n     <p>The smaller the deviation the better.  Your deviation was <b> good</b>.</p><br>\n       <p>Press any key to continue to the next block of trials</p>","response":" ","trial_type":"html-keyboard-response","trial_index":197,"time_elapsed":636107,"subject_id":"78060"},{"rt":3813,"stimulus":82,"slider_start":100,"sprites":"rocks","response":139,"absDeviation":75,"callibration":"test","block":11,"seed":82,"numerosity":64,"matchType":"paired","which":"first","trial_type":"numerosity-estimation","trial_index":198,"time_elapsed":639923,"subject_id":"78060"},{"rt":1624,"stimulus":82,"slider_start":100,"sprites":"rocks","response":137,"absDeviation":73,"callibration":"test","block":11,"seed":82,"numerosity":64,"matchType":"paired","which":"second","trial_type":"numerosity-estimation","trial_index":199,"time_elapsed":641550,"subject_id":"78060"},{"rt":2286,"stimulus":83,"slider_start":100,"sprites":"buttons","response":159,"absDeviation":38,"callibration":"test","block":11,"seed":83,"numerosity":121,"matchType":"unpaired","which":"second","trial_type":"numerosity-estimation","trial_index":200,"time_elapsed":643839,"subject_id":"78060"},{"rt":1683,"stimulus":84,"slider_start":100,"sprites":"animalCrackers","response":55,"absDeviation":5,"callibration":"test","block":11,"seed":84,"numerosity":50,"matchType":"unpaired","which":"second","trial_type":"numerosity-estimation","trial_index":201,"time_elapsed":645526,"subject_id":"78060"},{"rt":1770,"stimulus":86,"slider_start":100,"sprites":"butterflies","response":138,"absDeviation":17,"callibration":"test","block":11,"seed":86,"numerosity":121,"matchType":"paired","which":"first","trial_type":"numerosity-estimation","trial_index":202,"time_elapsed":647298,"subject_id":"78060"},{"rt":2149,"stimulus":86,"slider_start":100,"sprites":"butterflies","response":131,"absDeviation":10,"callibration":"test","block":11,"seed":86,"numerosity":121,"matchType":"paired","which":"second","trial_type":"numerosity-estimation","trial_index":203,"time_elapsed":649451,"subject_id":"78060"},{"rt":1503,"stimulus":87,"slider_start":100,"sprites":"hearts","response":63,"absDeviation":13,"callibration":"test","block":11,"seed":87,"numerosity":50,"matchType":"unpaired","which":"second","trial_type":"numerosity-estimation","trial_index":204,"time_elapsed":650957,"subject_id":"78060"},{"rt":1977,"stimulus":88,"slider_start":100,"sprites":"crackers","response":173,"absDeviation":38,"callibration":"test","block":11,"seed":88,"numerosity":135,"matchType":"unpaired","which":"second","trial_type":"numerosity-estimation","trial_index":205,"time_elapsed":652937,"subject_id":"78060"},{"rt":3785,"stimulus":90,"slider_start":100,"sprites":"fruits","response":159,"absDeviation":9,"callibration":"test","block":11,"seed":90,"numerosity":150,"matchType":"paired","which":"first","trial_type":"numerosity-estimation","trial_index":206,"time_elapsed":656725,"subject_id":"78060"},{"rt":2105,"stimulus":90,"slider_start":100,"sprites":"fruits","response":160,"absDeviation":10,"callibration":"test","block":11,"seed":90,"numerosity":150,"matchType":"paired","which":"second","trial_type":"numerosity-estimation","trial_index":207,"time_elapsed":658833,"subject_id":"78060"},{"rt":1944,"stimulus":91,"slider_start":100,"sprites":"jellyBeans","response":132,"absDeviation":40,"callibration":"test","block":11,"seed":91,"numerosity":92,"matchType":"unpaired","which":"second","trial_type":"numerosity-estimation","trial_index":208,"time_elapsed":660781,"subject_id":"78060"},{"rt":1621,"stimulus":92,"slider_start":100,"sprites":"marbles","response":77,"absDeviation":44,"callibration":"test","block":11,"seed":92,"numerosity":121,"matchType":"unpaired","which":"second","trial_type":"numerosity-estimation","trial_index":209,"time_elapsed":662404,"subject_id":"78060"},{"rt":1960,"stimulus":94,"slider_start":100,"sprites":"rocks","response":92,"absDeviation":14,"callibration":"test","block":11,"seed":94,"numerosity":78,"matchType":"paired","which":"first","trial_type":"numerosity-estimation","trial_index":210,"time_elapsed":664366,"subject_id":"78060"},{"rt":1734,"stimulus":94,"slider_start":100,"sprites":"rocks","response":93,"absDeviation":15,"callibration":"test","block":11,"seed":94,"numerosity":78,"matchType":"paired","which":"second","trial_type":"numerosity-estimation","trial_index":211,"time_elapsed":666104,"subject_id":"78060"},{"rt":1825,"stimulus":95,"slider_start":100,"sprites":"buttons","response":128,"absDeviation":64,"callibration":"test","block":11,"seed":95,"numerosity":64,"matchType":"unpaired","which":"second","trial_type":"numerosity-estimation","trial_index":212,"time_elapsed":667934,"subject_id":"78060"},{"rt":1614,"stimulus":96,"slider_start":100,"sprites":"animalCrackers","response":127,"absDeviation":35,"callibration":"test","block":11,"seed":96,"numerosity":92,"matchType":"unpaired","which":"second","trial_type":"numerosity-estimation","trial_index":213,"time_elapsed":669552,"subject_id":"78060"},{"rt":1081,"stimulus":"<p> For the last block of trials, the average deviation of your guesses from correct answers was 31.</p>\n     <p>The smaller the deviation the better.  Your deviation was <b> good</b>.</p><br>\n       <p>Press any key to continue to the next block of trials</p>","response":" ","trial_type":"html-keyboard-response","trial_index":214,"time_elapsed":670635,"subject_id":"78060"},{"rt":16540,"response":{"averageEstimates":"When the two displays occured back-to-back, in immediate succession.","firstOrSecond":"The first time the objects were shown"},"question_order":[0,1],"trial_type":"survey-multi-choice","trial_index":215,"time_elapsed":687179,"subject_id":"78060"}]