[{"rt":8402,"url":"consent.html","trial_type":"external-html","trial_index":0,"time_elapsed":8573,"subject_id":"78823"},{"view_history":[{"page_index":0,"viewing_time":3184}],"rt":3184,"trial_type":"instructions","trial_index":1,"time_elapsed":11766,"subject_id":"78823"},{"rt":4910,"stimulus":0,"slider_start":100,"sprites":"animalCrackers","response":100,"absDeviation":50,"callibration":"callibration","block":-1,"seed":0,"numerosity":50,"matchType":"callibration","which":"first","trial_type":"numerosity-estimation","trial_index":2,"time_elapsed":16688,"subject_id":"78823"},{"rt":1597,"stimulus":1,"slider_start":100,"sprites":"letters","response":100,"absDeviation":36,"callibration":"callibration","block":-1,"seed":1,"numerosity":64,"matchType":"callibration","which":"first","trial_type":"numerosity-estimation","trial_index":3,"time_elapsed":18294,"subject_id":"78823"},{"rt":1212,"stimulus":2,"slider_start":100,"sprites":"butterflies","response":100,"absDeviation":22,"callibration":"callibration","block":-1,"seed":2,"numerosity":78,"matchType":"callibration","which":"first","trial_type":"numerosity-estimation","trial_index":4,"time_elapsed":19513,"subject_id":"78823"},{"rt":1191,"stimulus":3,"slider_start":100,"sprites":"hearts","response":100,"absDeviation":8,"callibration":"callibration","block":-1,"seed":3,"numerosity":92,"matchType":"callibration","which":"first","trial_type":"numerosity-estimation","trial_index":5,"time_elapsed":20710,"subject_id":"78823"},{"rt":1057,"stimulus":4,"slider_start":100,"sprites":"crackers","response":100,"absDeviation":7,"callibration":"callibration","block":-1,"seed":4,"numerosity":107,"matchType":"callibration","which":"first","trial_type":"numerosity-estimation","trial_index":6,"time_elapsed":21776,"subject_id":"78823"},{"rt":1040,"stimulus":5,"slider_start":100,"sprites":"bears","response":100,"absDeviation":21,"callibration":"callibration","block":-1,"seed":5,"numerosity":121,"matchType":"callibration","which":"first","trial_type":"numerosity-estimation","trial_index":7,"time_elapsed":22820,"subject_id":"78823"},{"rt":1628,"stimulus":6,"slider_start":100,"sprites":"fruits","response":100,"absDeviation":35,"callibration":"callibration","block":-1,"seed":6,"numerosity":135,"matchType":"callibration","which":"first","trial_type":"numerosity-estimation","trial_index":8,"time_elapsed":24458,"subject_id":"78823"},{"rt":1005,"stimulus":7,"slider_start":100,"sprites":"jellyBeans","response":100,"absDeviation":50,"callibration":"callibration","block":-1,"seed":7,"numerosity":150,"matchType":"callibration","which":"first","trial_type":"numerosity-estimation","trial_index":9,"time_elapsed":25470,"subject_id":"78823"},{"view_history":[{"page_index":0,"viewing_time":1491}],"rt":1493,"trial_type":"instructions","trial_index":10,"time_elapsed":26965,"subject_id":"78823"},{"rt":3764,"stimulus":1,"slider_start":100,"sprites":"letters","response":100,"absDeviation":8,"callibration":"test","block":0,"seed":1,"numerosity":92,"matchType":"paired","which":"first","trial_type":"numerosity-estimation","trial_index":11,"time_elapsed":30735,"subject_id":"78823"},{"rt":1885,"stimulus":1,"slider_start":100,"sprites":"letters","response":100,"absDeviation":8,"callibration":"test","block":0,"seed":1,"numerosity":92,"matchType":"paired","which":"second","trial_type":"numerosity-estimation","trial_index":12,"time_elapsed":32630,"subject_id":"78823"},{"rt":2714,"stimulus":3,"slider_start":100,"sprites":"hearts","response":100,"absDeviation":50,"callibration":"test","block":0,"seed":3,"numerosity":50,"matchType":"unpaired","which":"first","trial_type":"numerosity-estimation","trial_index":13,"time_elapsed":35351,"subject_id":"78823"},{"rt":1942,"stimulus":4,"slider_start":100,"sprites":"crackers","response":100,"absDeviation":7,"callibration":"test","block":0,"seed":4,"numerosity":107,"matchType":"unpaired","which":"first","trial_type":"numerosity-estimation","trial_index":14,"time_elapsed":37301,"subject_id":"78823"},{"rt":1794,"stimulus":5,"slider_start":100,"sprites":"bears","response":100,"absDeviation":50,"callibration":"test","block":0,"seed":5,"numerosity":50,"matchType":"paired","which":"first","trial_type":"numerosity-estimation","trial_index":15,"time_elapsed":39099,"subject_id":"78823"},{"rt":1928,"stimulus":5,"slider_start":100,"sprites":"bears","response":100,"absDeviation":50,"callibration":"test","block":0,"seed":5,"numerosity":50,"matchType":"paired","which":"second","trial_type":"numerosity-estimation","trial_index":16,"time_elapsed":41034,"subject_id":"78823"},{"rt":1976,"stimulus":7,"slider_start":100,"sprites":"jellyBeans","response":100,"absDeviation":50,"callibration":"test","block":0,"seed":7,"numerosity":50,"matchType":"unpaired","which":"first","trial_type":"numerosity-estimation","trial_index":17,"time_elapsed":43019,"subject_id":"78823"},{"rt":1722,"stimulus":8,"slider_start":100,"sprites":"marbles","response":100,"absDeviation":8,"callibration":"test","block":0,"seed":8,"numerosity":92,"matchType":"unpaired","which":"first","trial_type":"numerosity-estimation","trial_index":18,"time_elapsed":44749,"subject_id":"78823"},{"rt":1871,"stimulus":9,"slider_start":100,"sprites":"mints","response":100,"absDeviation":35,"callibration":"test","block":0,"seed":9,"numerosity":135,"matchType":"paired","which":"first","trial_type":"numerosity-estimation","trial_index":19,"time_elapsed":46627,"subject_id":"78823"},{"rt":1971,"stimulus":9,"slider_start":100,"sprites":"mints","response":100,"absDeviation":35,"callibration":"test","block":0,"seed":9,"numerosity":135,"matchType":"paired","which":"second","trial_type":"numerosity-estimation","trial_index":20,"time_elapsed":48603,"subject_id":"78823"},{"rt":2088,"stimulus":11,"slider_start":100,"sprites":"buttons","response":100,"absDeviation":7,"callibration":"test","block":0,"seed":11,"numerosity":107,"matchType":"unpaired","which":"first","trial_type":"numerosity-estimation","trial_index":21,"time_elapsed":50698,"subject_id":"78823"},{"rt":1974,"stimulus":12,"slider_start":100,"sprites":"animalCrackers","response":101,"absDeviation":9,"callibration":"test","block":0,"seed":12,"numerosity":92,"matchType":"unpaired","which":"first","trial_type":"numerosity-estimation","trial_index":22,"time_elapsed":52679,"subject_id":"78823"},{"rt":2121,"stimulus":13,"slider_start":100,"sprites":"letters","response":100,"absDeviation":7,"callibration":"test","block":0,"seed":13,"numerosity":107,"matchType":"paired","which":"first","trial_type":"numerosity-estimation","trial_index":23,"time_elapsed":54807,"subject_id":"78823"},{"rt":2404,"stimulus":13,"slider_start":100,"sprites":"letters","response":100,"absDeviation":7,"callibration":"test","block":0,"seed":13,"numerosity":107,"matchType":"paired","which":"second","trial_type":"numerosity-estimation","trial_index":24,"time_elapsed":57226,"subject_id":"78823"},{"rt":2064,"stimulus":15,"slider_start":100,"sprites":"hearts","response":101,"absDeviation":20,"callibration":"test","block":0,"seed":15,"numerosity":121,"matchType":"unpaired","which":"first","trial_type":"numerosity-estimation","trial_index":25,"time_elapsed":59296,"subject_id":"78823"},{"rt":2485,"stimulus":16,"slider_start":100,"sprites":"crackers","response":100,"absDeviation":36,"callibration":"test","block":0,"seed":16,"numerosity":64,"matchType":"unpaired","which":"first","trial_type":"numerosity-estimation","trial_index":26,"time_elapsed":61791,"subject_id":"78823"},{"rt":5132,"stimulus":"<p> For the last block of trials, the average deviation of your guesses from correct answers was 24.</p>\n     <p>The smaller the deviation the better.  Your deviation was <b> VERY good</b>.</p><br>\n       <p>Press any key to continue to the next block of trials</p>","response":" ","trial_type":"html-keyboard-response","trial_index":27,"time_elapsed":66931,"subject_id":"78823"},{"rt":2242,"stimulus":17,"slider_start":100,"sprites":"bears","response":100,"absDeviation":8,"callibration":"test","block":1,"seed":17,"numerosity":92,"matchType":"paired","which":"first","trial_type":"numerosity-estimation","trial_index":28,"time_elapsed":69180,"subject_id":"78823"},{"rt":1783,"stimulus":17,"slider_start":100,"sprites":"bears","response":100,"absDeviation":8,"callibration":"test","block":1,"seed":17,"numerosity":92,"matchType":"paired","which":"second","trial_type":"numerosity-estimation","trial_index":29,"time_elapsed":70971,"subject_id":"78823"},{"rt":2265,"stimulus":19,"slider_start":100,"sprites":"jellyBeans","response":100,"absDeviation":35,"callibration":"test","block":1,"seed":19,"numerosity":135,"matchType":"unpaired","which":"first","trial_type":"numerosity-estimation","trial_index":30,"time_elapsed":73244,"subject_id":"78823"},{"rt":2106,"stimulus":20,"slider_start":100,"sprites":"marbles","response":101,"absDeviation":23,"callibration":"test","block":1,"seed":20,"numerosity":78,"matchType":"unpaired","which":"first","trial_type":"numerosity-estimation","trial_index":31,"time_elapsed":75362,"subject_id":"78823"},{"rt":1722,"stimulus":21,"slider_start":100,"sprites":"mints","response":100,"absDeviation":8,"callibration":"test","block":1,"seed":21,"numerosity":92,"matchType":"paired","which":"first","trial_type":"numerosity-estimation","trial_index":32,"time_elapsed":77096,"subject_id":"78823"},{"rt":1993,"stimulus":21,"slider_start":100,"sprites":"mints","response":100,"absDeviation":8,"callibration":"test","block":1,"seed":21,"numerosity":92,"matchType":"paired","which":"second","trial_type":"numerosity-estimation","trial_index":33,"time_elapsed":79095,"subject_id":"78823"},{"rt":2786,"stimulus":23,"slider_start":100,"sprites":"buttons","response":100,"absDeviation":50,"callibration":"test","block":1,"seed":23,"numerosity":150,"matchType":"unpaired","which":"first","trial_type":"numerosity-estimation","trial_index":34,"time_elapsed":81889,"subject_id":"78823"},{"rt":1964,"stimulus":24,"slider_start":100,"sprites":"animalCrackers","response":100,"absDeviation":7,"callibration":"test","block":1,"seed":24,"numerosity":107,"matchType":"unpaired","which":"first","trial_type":"numerosity-estimation","trial_index":35,"time_elapsed":83863,"subject_id":"78823"},{"rt":2106,"stimulus":25,"slider_start":100,"sprites":"letters","response":100,"absDeviation":7,"callibration":"test","block":1,"seed":25,"numerosity":107,"matchType":"paired","which":"first","trial_type":"numerosity-estimation","trial_index":36,"time_elapsed":85974,"subject_id":"78823"},{"rt":2065,"stimulus":25,"slider_start":100,"sprites":"letters","response":100,"absDeviation":7,"callibration":"test","block":1,"seed":25,"numerosity":107,"matchType":"paired","which":"second","trial_type":"numerosity-estimation","trial_index":37,"time_elapsed":88044,"subject_id":"78823"},{"rt":1912,"stimulus":27,"slider_start":100,"sprites":"hearts","response":100,"absDeviation":21,"callibration":"test","block":1,"seed":27,"numerosity":121,"matchType":"unpaired","which":"first","trial_type":"numerosity-estimation","trial_index":38,"time_elapsed":89963,"subject_id":"78823"},{"rt":2230,"stimulus":28,"slider_start":100,"sprites":"crackers","response":100,"absDeviation":50,"callibration":"test","block":1,"seed":28,"numerosity":150,"matchType":"unpaired","which":"first","trial_type":"numerosity-estimation","trial_index":39,"time_elapsed":92202,"subject_id":"78823"},{"rt":2371,"stimulus":29,"slider_start":100,"sprites":"bears","response":100,"absDeviation":36,"callibration":"test","block":1,"seed":29,"numerosity":64,"matchType":"paired","which":"first","trial_type":"numerosity-estimation","trial_index":40,"time_elapsed":94578,"subject_id":"78823"},{"rt":2318,"stimulus":29,"slider_start":100,"sprites":"bears","response":101,"absDeviation":37,"callibration":"test","block":1,"seed":29,"numerosity":64,"matchType":"paired","which":"second","trial_type":"numerosity-estimation","trial_index":41,"time_elapsed":96906,"subject_id":"78823"},{"rt":1829,"stimulus":31,"slider_start":100,"sprites":"jellyBeans","response":100,"absDeviation":50,"callibration":"test","block":1,"seed":31,"numerosity":150,"matchType":"unpaired","which":"first","trial_type":"numerosity-estimation","trial_index":42,"time_elapsed":98744,"subject_id":"78823"},{"rt":2371,"stimulus":32,"slider_start":100,"sprites":"marbles","response":101,"absDeviation":34,"callibration":"test","block":1,"seed":32,"numerosity":135,"matchType":"unpaired","which":"first","trial_type":"numerosity-estimation","trial_index":43,"time_elapsed":101120,"subject_id":"78823"},{"rt":1126,"stimulus":"<p> For the last block of trials, the average deviation of your guesses from correct answers was 24.</p>\n     <p>The smaller the deviation the better.  Your deviation was <b> VERY good</b>.</p><br>\n       <p>Press any key to continue to the next block of trials</p>","response":" ","trial_type":"html-keyboard-response","trial_index":44,"time_elapsed":102253,"subject_id":"78823"},{"rt":2584,"stimulus":33,"slider_start":100,"sprites":"mints","response":100,"absDeviation":21,"callibration":"test","block":2,"seed":33,"numerosity":121,"matchType":"paired","which":"first","trial_type":"numerosity-estimation","trial_index":45,"time_elapsed":104845,"subject_id":"78823"},{"rt":2161,"stimulus":33,"slider_start":100,"sprites":"mints","response":100,"absDeviation":21,"callibration":"test","block":2,"seed":33,"numerosity":121,"matchType":"paired","which":"second","trial_type":"numerosity-estimation","trial_index":46,"time_elapsed":107012,"subject_id":"78823"},{"rt":2279,"stimulus":35,"slider_start":100,"sprites":"buttons","response":100,"absDeviation":22,"callibration":"test","block":2,"seed":35,"numerosity":78,"matchType":"unpaired","which":"first","trial_type":"numerosity-estimation","trial_index":47,"time_elapsed":109298,"subject_id":"78823"},{"rt":2562,"stimulus":36,"slider_start":100,"sprites":"animalCrackers","response":100,"absDeviation":50,"callibration":"test","block":2,"seed":36,"numerosity":50,"matchType":"unpaired","which":"first","trial_type":"numerosity-estimation","trial_index":48,"time_elapsed":111869,"subject_id":"78823"},{"rt":2541,"stimulus":37,"slider_start":100,"sprites":"letters","response":100,"absDeviation":35,"callibration":"test","block":2,"seed":37,"numerosity":135,"matchType":"paired","which":"first","trial_type":"numerosity-estimation","trial_index":49,"time_elapsed":114420,"subject_id":"78823"},{"rt":8145,"stimulus":37,"slider_start":100,"sprites":"letters","response":100,"absDeviation":35,"callibration":"test","block":2,"seed":37,"numerosity":135,"matchType":"paired","which":"second","trial_type":"numerosity-estimation","trial_index":50,"time_elapsed":122575,"subject_id":"78823"},{"rt":2736,"stimulus":39,"slider_start":100,"sprites":"hearts","response":101,"absDeviation":23,"callibration":"test","block":2,"seed":39,"numerosity":78,"matchType":"unpaired","which":"first","trial_type":"numerosity-estimation","trial_index":51,"time_elapsed":125322,"subject_id":"78823"},{"rt":2089,"stimulus":40,"slider_start":100,"sprites":"crackers","response":99,"absDeviation":22,"callibration":"test","block":2,"seed":40,"numerosity":121,"matchType":"unpaired","which":"first","trial_type":"numerosity-estimation","trial_index":52,"time_elapsed":127419,"subject_id":"78823"},{"rt":2532,"stimulus":41,"slider_start":100,"sprites":"bears","response":100,"absDeviation":50,"callibration":"test","block":2,"seed":41,"numerosity":50,"matchType":"paired","which":"first","trial_type":"numerosity-estimation","trial_index":53,"time_elapsed":129960,"subject_id":"78823"},{"rt":2190,"stimulus":41,"slider_start":100,"sprites":"bears","response":100,"absDeviation":50,"callibration":"test","block":2,"seed":41,"numerosity":50,"matchType":"paired","which":"second","trial_type":"numerosity-estimation","trial_index":54,"time_elapsed":132159,"subject_id":"78823"},{"rt":1880,"stimulus":43,"slider_start":100,"sprites":"jellyBeans","response":100,"absDeviation":36,"callibration":"test","block":2,"seed":43,"numerosity":64,"matchType":"unpaired","which":"first","trial_type":"numerosity-estimation","trial_index":55,"time_elapsed":134046,"subject_id":"78823"},{"rt":1856,"stimulus":44,"slider_start":100,"sprites":"marbles","response":100,"absDeviation":21,"callibration":"test","block":2,"seed":44,"numerosity":121,"matchType":"unpaired","which":"first","trial_type":"numerosity-estimation","trial_index":56,"time_elapsed":135907,"subject_id":"78823"},{"rt":1977,"stimulus":45,"slider_start":100,"sprites":"mints","response":101,"absDeviation":20,"callibration":"test","block":2,"seed":45,"numerosity":121,"matchType":"paired","which":"first","trial_type":"numerosity-estimation","trial_index":57,"time_elapsed":137891,"subject_id":"78823"},{"rt":2251,"stimulus":45,"slider_start":100,"sprites":"mints","response":100,"absDeviation":21,"callibration":"test","block":2,"seed":45,"numerosity":121,"matchType":"paired","which":"second","trial_type":"numerosity-estimation","trial_index":58,"time_elapsed":140147,"subject_id":"78823"},{"rt":1910,"stimulus":47,"slider_start":100,"sprites":"buttons","response":100,"absDeviation":21,"callibration":"test","block":2,"seed":47,"numerosity":121,"matchType":"unpaired","which":"first","trial_type":"numerosity-estimation","trial_index":59,"time_elapsed":142065,"subject_id":"78823"},{"rt":2412,"stimulus":48,"slider_start":100,"sprites":"animalCrackers","response":100,"absDeviation":35,"callibration":"test","block":2,"seed":48,"numerosity":135,"matchType":"unpaired","which":"first","trial_type":"numerosity-estimation","trial_index":60,"time_elapsed":144482,"subject_id":"78823"},{"rt":829,"stimulus":"<p> For the last block of trials, the average deviation of your guesses from correct answers was 30.</p>\n     <p>The smaller the deviation the better.  Your deviation was <b> good</b>.</p><br>\n       <p>Press any key to continue to the next block of trials</p>","response":" ","trial_type":"html-keyboard-response","trial_index":61,"time_elapsed":145315,"subject_id":"78823"},{"rt":2538,"stimulus":49,"slider_start":100,"sprites":"letters","response":100,"absDeviation":22,"callibration":"test","block":3,"seed":49,"numerosity":78,"matchType":"paired","which":"first","trial_type":"numerosity-estimation","trial_index":62,"time_elapsed":147860,"subject_id":"78823"},{"rt":1893,"stimulus":49,"slider_start":100,"sprites":"letters","response":100,"absDeviation":22,"callibration":"test","block":3,"seed":49,"numerosity":78,"matchType":"paired","which":"second","trial_type":"numerosity-estimation","trial_index":63,"time_elapsed":149763,"subject_id":"78823"},{"rt":1726,"stimulus":51,"slider_start":100,"sprites":"hearts","response":100,"absDeviation":50,"callibration":"test","block":3,"seed":51,"numerosity":150,"matchType":"unpaired","which":"first","trial_type":"numerosity-estimation","trial_index":64,"time_elapsed":151497,"subject_id":"78823"},{"rt":1961,"stimulus":52,"slider_start":100,"sprites":"crackers","response":101,"absDeviation":23,"callibration":"test","block":3,"seed":52,"numerosity":78,"matchType":"unpaired","which":"first","trial_type":"numerosity-estimation","trial_index":65,"time_elapsed":153463,"subject_id":"78823"},{"rt":1912,"stimulus":53,"slider_start":100,"sprites":"bears","response":100,"absDeviation":50,"callibration":"test","block":3,"seed":53,"numerosity":50,"matchType":"paired","which":"first","trial_type":"numerosity-estimation","trial_index":66,"time_elapsed":155381,"subject_id":"78823"},{"rt":1905,"stimulus":53,"slider_start":100,"sprites":"bears","response":100,"absDeviation":50,"callibration":"test","block":3,"seed":53,"numerosity":50,"matchType":"paired","which":"second","trial_type":"numerosity-estimation","trial_index":67,"time_elapsed":157293,"subject_id":"78823"},{"rt":1766,"stimulus":55,"slider_start":100,"sprites":"jellyBeans","response":100,"absDeviation":21,"callibration":"test","block":3,"seed":55,"numerosity":121,"matchType":"unpaired","which":"first","trial_type":"numerosity-estimation","trial_index":68,"time_elapsed":159066,"subject_id":"78823"},{"rt":1643,"stimulus":56,"slider_start":100,"sprites":"marbles","response":100,"absDeviation":36,"callibration":"test","block":3,"seed":56,"numerosity":64,"matchType":"unpaired","which":"first","trial_type":"numerosity-estimation","trial_index":69,"time_elapsed":160719,"subject_id":"78823"},{"rt":1743,"stimulus":57,"slider_start":100,"sprites":"mints","response":101,"absDeviation":37,"callibration":"test","block":3,"seed":57,"numerosity":64,"matchType":"paired","which":"first","trial_type":"numerosity-estimation","trial_index":70,"time_elapsed":162469,"subject_id":"78823"},{"rt":2106,"stimulus":57,"slider_start":100,"sprites":"mints","response":100,"absDeviation":36,"callibration":"test","block":3,"seed":57,"numerosity":64,"matchType":"paired","which":"second","trial_type":"numerosity-estimation","trial_index":71,"time_elapsed":164580,"subject_id":"78823"},{"rt":1759,"stimulus":59,"slider_start":100,"sprites":"buttons","response":100,"absDeviation":35,"callibration":"test","block":3,"seed":59,"numerosity":135,"matchType":"unpaired","which":"first","trial_type":"numerosity-estimation","trial_index":72,"time_elapsed":166346,"subject_id":"78823"},{"rt":2594,"stimulus":60,"slider_start":100,"sprites":"animalCrackers","response":101,"absDeviation":49,"callibration":"test","block":3,"seed":60,"numerosity":150,"matchType":"unpaired","which":"first","trial_type":"numerosity-estimation","trial_index":73,"time_elapsed":168947,"subject_id":"78823"},{"rt":1939,"stimulus":61,"slider_start":100,"sprites":"letters","response":101,"absDeviation":51,"callibration":"test","block":3,"seed":61,"numerosity":50,"matchType":"paired","which":"first","trial_type":"numerosity-estimation","trial_index":74,"time_elapsed":170891,"subject_id":"78823"},{"rt":2109,"stimulus":61,"slider_start":100,"sprites":"letters","response":100,"absDeviation":50,"callibration":"test","block":3,"seed":61,"numerosity":50,"matchType":"paired","which":"second","trial_type":"numerosity-estimation","trial_index":75,"time_elapsed":173009,"subject_id":"78823"},{"rt":1599,"stimulus":63,"slider_start":100,"sprites":"hearts","response":100,"absDeviation":36,"callibration":"test","block":3,"seed":63,"numerosity":64,"matchType":"unpaired","which":"first","trial_type":"numerosity-estimation","trial_index":76,"time_elapsed":174614,"subject_id":"78823"},{"rt":1759,"stimulus":64,"slider_start":100,"sprites":"crackers","response":100,"absDeviation":35,"callibration":"test","block":3,"seed":64,"numerosity":135,"matchType":"unpaired","which":"first","trial_type":"numerosity-estimation","trial_index":77,"time_elapsed":176380,"subject_id":"78823"},{"rt":923,"stimulus":"<p> For the last block of trials, the average deviation of your guesses from correct answers was 38.</p>\n     <p>The smaller the deviation the better.  Your deviation was <b> good</b>.</p><br>\n       <p>Press any key to continue to the next block of trials</p>","response":" ","trial_type":"html-keyboard-response","trial_index":78,"time_elapsed":177305,"subject_id":"78823"},{"rt":3394,"stimulus":65,"slider_start":100,"sprites":"bears","response":102,"absDeviation":5,"callibration":"test","block":4,"seed":65,"numerosity":107,"matchType":"paired","which":"first","trial_type":"numerosity-estimation","trial_index":79,"time_elapsed":180709,"subject_id":"78823"},{"rt":2704,"stimulus":65,"slider_start":100,"sprites":"bears","response":100,"absDeviation":7,"callibration":"test","block":4,"seed":65,"numerosity":107,"matchType":"paired","which":"second","trial_type":"numerosity-estimation","trial_index":80,"time_elapsed":183420,"subject_id":"78823"},{"rt":1804,"stimulus":67,"slider_start":100,"sprites":"jellyBeans","response":100,"absDeviation":7,"callibration":"test","block":4,"seed":67,"numerosity":107,"matchType":"unpaired","which":"first","trial_type":"numerosity-estimation","trial_index":81,"time_elapsed":185233,"subject_id":"78823"},{"rt":2604,"stimulus":68,"slider_start":100,"sprites":"marbles","response":100,"absDeviation":50,"callibration":"test","block":4,"seed":68,"numerosity":150,"matchType":"unpaired","which":"first","trial_type":"numerosity-estimation","trial_index":82,"time_elapsed":187842,"subject_id":"78823"},{"rt":1983,"stimulus":69,"slider_start":100,"sprites":"mints","response":100,"absDeviation":21,"callibration":"test","block":4,"seed":69,"numerosity":121,"matchType":"paired","which":"first","trial_type":"numerosity-estimation","trial_index":83,"time_elapsed":189832,"subject_id":"78823"},{"rt":2056,"stimulus":69,"slider_start":100,"sprites":"mints","response":100,"absDeviation":21,"callibration":"test","block":4,"seed":69,"numerosity":121,"matchType":"paired","which":"second","trial_type":"numerosity-estimation","trial_index":84,"time_elapsed":191895,"subject_id":"78823"},{"rt":2224,"stimulus":71,"slider_start":100,"sprites":"buttons","response":100,"absDeviation":7,"callibration":"test","block":4,"seed":71,"numerosity":107,"matchType":"unpaired","which":"first","trial_type":"numerosity-estimation","trial_index":85,"time_elapsed":194127,"subject_id":"78823"},{"rt":1993,"stimulus":72,"slider_start":100,"sprites":"animalCrackers","response":100,"absDeviation":50,"callibration":"test","block":4,"seed":72,"numerosity":50,"matchType":"unpaired","which":"first","trial_type":"numerosity-estimation","trial_index":86,"time_elapsed":196134,"subject_id":"78823"},{"rt":1951,"stimulus":73,"slider_start":100,"sprites":"letters","response":100,"absDeviation":22,"callibration":"test","block":4,"seed":73,"numerosity":78,"matchType":"paired","which":"first","trial_type":"numerosity-estimation","trial_index":87,"time_elapsed":198092,"subject_id":"78823"},{"rt":1913,"stimulus":73,"slider_start":100,"sprites":"letters","response":100,"absDeviation":22,"callibration":"test","block":4,"seed":73,"numerosity":78,"matchType":"paired","which":"second","trial_type":"numerosity-estimation","trial_index":88,"time_elapsed":200011,"subject_id":"78823"},{"rt":1762,"stimulus":75,"slider_start":100,"sprites":"hearts","response":100,"absDeviation":8,"callibration":"test","block":4,"seed":75,"numerosity":92,"matchType":"unpaired","which":"first","trial_type":"numerosity-estimation","trial_index":89,"time_elapsed":201776,"subject_id":"78823"},{"rt":2183,"stimulus":76,"slider_start":100,"sprites":"crackers","response":100,"absDeviation":36,"callibration":"test","block":4,"seed":76,"numerosity":64,"matchType":"unpaired","which":"first","trial_type":"numerosity-estimation","trial_index":90,"time_elapsed":203967,"subject_id":"78823"},{"rt":1907,"stimulus":77,"slider_start":100,"sprites":"bears","response":99,"absDeviation":36,"callibration":"test","block":4,"seed":77,"numerosity":135,"matchType":"paired","which":"first","trial_type":"numerosity-estimation","trial_index":91,"time_elapsed":205886,"subject_id":"78823"},{"rt":2520,"stimulus":77,"slider_start":100,"sprites":"bears","response":100,"absDeviation":35,"callibration":"test","block":4,"seed":77,"numerosity":135,"matchType":"paired","which":"second","trial_type":"numerosity-estimation","trial_index":92,"time_elapsed":208413,"subject_id":"78823"},{"rt":2177,"stimulus":79,"slider_start":100,"sprites":"jellyBeans","response":100,"absDeviation":50,"callibration":"test","block":4,"seed":79,"numerosity":50,"matchType":"unpaired","which":"first","trial_type":"numerosity-estimation","trial_index":93,"time_elapsed":210597,"subject_id":"78823"},{"rt":2225,"stimulus":80,"slider_start":100,"sprites":"marbles","response":100,"absDeviation":21,"callibration":"test","block":4,"seed":80,"numerosity":121,"matchType":"unpaired","which":"first","trial_type":"numerosity-estimation","trial_index":94,"time_elapsed":212827,"subject_id":"78823"},{"rt":808,"stimulus":"<p> For the last block of trials, the average deviation of your guesses from correct answers was 25.</p>\n     <p>The smaller the deviation the better.  Your deviation was <b> good</b>.</p><br>\n       <p>Press any key to continue to the next block of trials</p>","response":" ","trial_type":"html-keyboard-response","trial_index":95,"time_elapsed":213641,"subject_id":"78823"},{"rt":2045,"stimulus":81,"slider_start":100,"sprites":"mints","response":100,"absDeviation":21,"callibration":"test","block":5,"seed":81,"numerosity":121,"matchType":"paired","which":"first","trial_type":"numerosity-estimation","trial_index":96,"time_elapsed":215694,"subject_id":"78823"},{"rt":2162,"stimulus":81,"slider_start":100,"sprites":"mints","response":100,"absDeviation":21,"callibration":"test","block":5,"seed":81,"numerosity":121,"matchType":"paired","which":"second","trial_type":"numerosity-estimation","trial_index":97,"time_elapsed":217862,"subject_id":"78823"},{"rt":2292,"stimulus":83,"slider_start":100,"sprites":"buttons","response":100,"absDeviation":21,"callibration":"test","block":5,"seed":83,"numerosity":121,"matchType":"unpaired","which":"first","trial_type":"numerosity-estimation","trial_index":98,"time_elapsed":220165,"subject_id":"78823"},{"rt":1984,"stimulus":84,"slider_start":100,"sprites":"animalCrackers","response":101,"absDeviation":51,"callibration":"test","block":5,"seed":84,"numerosity":50,"matchType":"unpaired","which":"first","trial_type":"numerosity-estimation","trial_index":99,"time_elapsed":222155,"subject_id":"78823"},{"rt":1753,"stimulus":85,"slider_start":100,"sprites":"letters","response":101,"absDeviation":37,"callibration":"test","block":5,"seed":85,"numerosity":64,"matchType":"paired","which":"first","trial_type":"numerosity-estimation","trial_index":100,"time_elapsed":223913,"subject_id":"78823"},{"rt":2034,"stimulus":85,"slider_start":100,"sprites":"letters","response":100,"absDeviation":36,"callibration":"test","block":5,"seed":85,"numerosity":64,"matchType":"paired","which":"second","trial_type":"numerosity-estimation","trial_index":101,"time_elapsed":225951,"subject_id":"78823"},{"rt":1824,"stimulus":87,"slider_start":100,"sprites":"hearts","response":100,"absDeviation":50,"callibration":"test","block":5,"seed":87,"numerosity":50,"matchType":"unpaired","which":"first","trial_type":"numerosity-estimation","trial_index":102,"time_elapsed":227780,"subject_id":"78823"},{"rt":1768,"stimulus":88,"slider_start":100,"sprites":"crackers","response":100,"absDeviation":35,"callibration":"test","block":5,"seed":88,"numerosity":135,"matchType":"unpaired","which":"first","trial_type":"numerosity-estimation","trial_index":103,"time_elapsed":229555,"subject_id":"78823"},{"rt":1846,"stimulus":89,"slider_start":100,"sprites":"bears","response":100,"absDeviation":50,"callibration":"test","block":5,"seed":89,"numerosity":50,"matchType":"paired","which":"first","trial_type":"numerosity-estimation","trial_index":104,"time_elapsed":231409,"subject_id":"78823"},{"rt":1693,"stimulus":89,"slider_start":100,"sprites":"bears","response":99,"absDeviation":49,"callibration":"test","block":5,"seed":89,"numerosity":50,"matchType":"paired","which":"second","trial_type":"numerosity-estimation","trial_index":105,"time_elapsed":233110,"subject_id":"78823"},{"rt":1908,"stimulus":91,"slider_start":100,"sprites":"jellyBeans","response":100,"absDeviation":8,"callibration":"test","block":5,"seed":91,"numerosity":92,"matchType":"unpaired","which":"first","trial_type":"numerosity-estimation","trial_index":106,"time_elapsed":235021,"subject_id":"78823"},{"rt":2347,"stimulus":92,"slider_start":100,"sprites":"marbles","response":100,"absDeviation":21,"callibration":"test","block":5,"seed":92,"numerosity":121,"matchType":"unpaired","which":"first","trial_type":"numerosity-estimation","trial_index":107,"time_elapsed":237381,"subject_id":"78823"},{"rt":2170,"stimulus":93,"slider_start":100,"sprites":"mints","response":100,"absDeviation":22,"callibration":"test","block":5,"seed":93,"numerosity":78,"matchType":"paired","which":"first","trial_type":"numerosity-estimation","trial_index":108,"time_elapsed":239556,"subject_id":"78823"},{"rt":1797,"stimulus":93,"slider_start":100,"sprites":"mints","response":100,"absDeviation":22,"callibration":"test","block":5,"seed":93,"numerosity":78,"matchType":"paired","which":"second","trial_type":"numerosity-estimation","trial_index":109,"time_elapsed":241361,"subject_id":"78823"},{"rt":1607,"stimulus":95,"slider_start":100,"sprites":"buttons","response":100,"absDeviation":36,"callibration":"test","block":5,"seed":95,"numerosity":64,"matchType":"unpaired","which":"first","trial_type":"numerosity-estimation","trial_index":110,"time_elapsed":242975,"subject_id":"78823"},{"rt":2088,"stimulus":96,"slider_start":100,"sprites":"animalCrackers","response":101,"absDeviation":9,"callibration":"test","block":5,"seed":96,"numerosity":92,"matchType":"unpaired","which":"first","trial_type":"numerosity-estimation","trial_index":111,"time_elapsed":245070,"subject_id":"78823"},{"rt":780,"stimulus":"<p> For the last block of trials, the average deviation of your guesses from correct answers was 31.</p>\n     <p>The smaller the deviation the better.  Your deviation was <b> good</b>.</p><br>\n       <p>Press any key to continue to the next block of trials</p>","response":" ","trial_type":"html-keyboard-response","trial_index":112,"time_elapsed":245856,"subject_id":"78823"},{"rt":2690,"stimulus":2,"slider_start":100,"sprites":"butterflies","response":100,"absDeviation":35,"callibration":"test","block":6,"seed":2,"numerosity":135,"matchType":"paired","which":"first","trial_type":"numerosity-estimation","trial_index":113,"time_elapsed":248554,"subject_id":"78823"},{"rt":5476,"stimulus":2,"slider_start":100,"sprites":"butterflies","response":100,"absDeviation":35,"callibration":"test","block":6,"seed":2,"numerosity":135,"matchType":"paired","which":"second","trial_type":"numerosity-estimation","trial_index":114,"time_elapsed":254040,"subject_id":"78823"},{"rt":1949,"stimulus":3,"slider_start":100,"sprites":"hearts","response":100,"absDeviation":50,"callibration":"test","block":6,"seed":3,"numerosity":50,"matchType":"unpaired","which":"second","trial_type":"numerosity-estimation","trial_index":115,"time_elapsed":255995,"subject_id":"78823"},{"rt":2102,"stimulus":4,"slider_start":100,"sprites":"crackers","response":100,"absDeviation":7,"callibration":"test","block":6,"seed":4,"numerosity":107,"matchType":"unpaired","which":"second","trial_type":"numerosity-estimation","trial_index":116,"time_elapsed":258105,"subject_id":"78823"},{"rt":1960,"stimulus":6,"slider_start":100,"sprites":"fruits","response":100,"absDeviation":22,"callibration":"test","block":6,"seed":6,"numerosity":78,"matchType":"paired","which":"first","trial_type":"numerosity-estimation","trial_index":117,"time_elapsed":260072,"subject_id":"78823"},{"rt":1905,"stimulus":6,"slider_start":100,"sprites":"fruits","response":101,"absDeviation":23,"callibration":"test","block":6,"seed":6,"numerosity":78,"matchType":"paired","which":"second","trial_type":"numerosity-estimation","trial_index":118,"time_elapsed":261984,"subject_id":"78823"},{"rt":1868,"stimulus":7,"slider_start":100,"sprites":"jellyBeans","response":100,"absDeviation":50,"callibration":"test","block":6,"seed":7,"numerosity":50,"matchType":"unpaired","which":"second","trial_type":"numerosity-estimation","trial_index":119,"time_elapsed":263859,"subject_id":"78823"},{"rt":1641,"stimulus":8,"slider_start":100,"sprites":"marbles","response":100,"absDeviation":8,"callibration":"test","block":6,"seed":8,"numerosity":92,"matchType":"unpaired","which":"second","trial_type":"numerosity-estimation","trial_index":120,"time_elapsed":265505,"subject_id":"78823"},{"rt":2092,"stimulus":10,"slider_start":100,"sprites":"rocks","response":100,"absDeviation":50,"callibration":"test","block":6,"seed":10,"numerosity":50,"matchType":"paired","which":"first","trial_type":"numerosity-estimation","trial_index":121,"time_elapsed":267606,"subject_id":"78823"},{"rt":2237,"stimulus":10,"slider_start":100,"sprites":"rocks","response":100,"absDeviation":50,"callibration":"test","block":6,"seed":10,"numerosity":50,"matchType":"paired","which":"second","trial_type":"numerosity-estimation","trial_index":122,"time_elapsed":269848,"subject_id":"78823"},{"rt":1718,"stimulus":11,"slider_start":100,"sprites":"buttons","response":100,"absDeviation":7,"callibration":"test","block":6,"seed":11,"numerosity":107,"matchType":"unpaired","which":"second","trial_type":"numerosity-estimation","trial_index":123,"time_elapsed":271574,"subject_id":"78823"},{"rt":1887,"stimulus":12,"slider_start":100,"sprites":"animalCrackers","response":100,"absDeviation":8,"callibration":"test","block":6,"seed":12,"numerosity":92,"matchType":"unpaired","which":"second","trial_type":"numerosity-estimation","trial_index":124,"time_elapsed":273467,"subject_id":"78823"},{"rt":1928,"stimulus":14,"slider_start":100,"sprites":"butterflies","response":100,"absDeviation":50,"callibration":"test","block":6,"seed":14,"numerosity":150,"matchType":"paired","which":"first","trial_type":"numerosity-estimation","trial_index":125,"time_elapsed":275402,"subject_id":"78823"},{"rt":1745,"stimulus":14,"slider_start":100,"sprites":"butterflies","response":100,"absDeviation":50,"callibration":"test","block":6,"seed":14,"numerosity":150,"matchType":"paired","which":"second","trial_type":"numerosity-estimation","trial_index":126,"time_elapsed":277152,"subject_id":"78823"},{"rt":1784,"stimulus":15,"slider_start":100,"sprites":"hearts","response":100,"absDeviation":21,"callibration":"test","block":6,"seed":15,"numerosity":121,"matchType":"unpaired","which":"second","trial_type":"numerosity-estimation","trial_index":127,"time_elapsed":278942,"subject_id":"78823"},{"rt":1811,"stimulus":16,"slider_start":100,"sprites":"crackers","response":100,"absDeviation":36,"callibration":"test","block":6,"seed":16,"numerosity":64,"matchType":"unpaired","which":"second","trial_type":"numerosity-estimation","trial_index":128,"time_elapsed":280757,"subject_id":"78823"},{"rt":762,"stimulus":"<p> For the last block of trials, the average deviation of your guesses from correct answers was 31.</p>\n     <p>The smaller the deviation the better.  Your deviation was <b> good</b>.</p><br>\n       <p>Press any key to continue to the next block of trials</p>","response":" ","trial_type":"html-keyboard-response","trial_index":129,"time_elapsed":281521,"subject_id":"78823"},{"rt":2487,"stimulus":18,"slider_start":100,"sprites":"fruits","response":100,"absDeviation":7,"callibration":"test","block":7,"seed":18,"numerosity":107,"matchType":"paired","which":"first","trial_type":"numerosity-estimation","trial_index":130,"time_elapsed":284015,"subject_id":"78823"},{"rt":2363,"stimulus":18,"slider_start":100,"sprites":"fruits","response":100,"absDeviation":7,"callibration":"test","block":7,"seed":18,"numerosity":107,"matchType":"paired","which":"second","trial_type":"numerosity-estimation","trial_index":131,"time_elapsed":286390,"subject_id":"78823"},{"rt":2209,"stimulus":19,"slider_start":100,"sprites":"jellyBeans","response":100,"absDeviation":35,"callibration":"test","block":7,"seed":19,"numerosity":135,"matchType":"unpaired","which":"second","trial_type":"numerosity-estimation","trial_index":132,"time_elapsed":288606,"subject_id":"78823"},{"rt":1952,"stimulus":20,"slider_start":100,"sprites":"marbles","response":100,"absDeviation":22,"callibration":"test","block":7,"seed":20,"numerosity":78,"matchType":"unpaired","which":"second","trial_type":"numerosity-estimation","trial_index":133,"time_elapsed":290562,"subject_id":"78823"},{"rt":2753,"stimulus":22,"slider_start":100,"sprites":"rocks","response":100,"absDeviation":8,"callibration":"test","block":7,"seed":22,"numerosity":92,"matchType":"paired","which":"first","trial_type":"numerosity-estimation","trial_index":134,"time_elapsed":293318,"subject_id":"78823"},{"rt":2390,"stimulus":22,"slider_start":100,"sprites":"rocks","response":100,"absDeviation":8,"callibration":"test","block":7,"seed":22,"numerosity":92,"matchType":"paired","which":"second","trial_type":"numerosity-estimation","trial_index":135,"time_elapsed":295718,"subject_id":"78823"},{"rt":1667,"stimulus":23,"slider_start":100,"sprites":"buttons","response":100,"absDeviation":50,"callibration":"test","block":7,"seed":23,"numerosity":150,"matchType":"unpaired","which":"second","trial_type":"numerosity-estimation","trial_index":136,"time_elapsed":297397,"subject_id":"78823"},{"rt":2125,"stimulus":24,"slider_start":100,"sprites":"animalCrackers","response":100,"absDeviation":7,"callibration":"test","block":7,"seed":24,"numerosity":107,"matchType":"unpaired","which":"second","trial_type":"numerosity-estimation","trial_index":137,"time_elapsed":299530,"subject_id":"78823"},{"rt":2402,"stimulus":26,"slider_start":100,"sprites":"butterflies","response":100,"absDeviation":8,"callibration":"test","block":7,"seed":26,"numerosity":92,"matchType":"paired","which":"first","trial_type":"numerosity-estimation","trial_index":138,"time_elapsed":301937,"subject_id":"78823"},{"rt":1771,"stimulus":26,"slider_start":100,"sprites":"butterflies","response":100,"absDeviation":8,"callibration":"test","block":7,"seed":26,"numerosity":92,"matchType":"paired","which":"second","trial_type":"numerosity-estimation","trial_index":139,"time_elapsed":303711,"subject_id":"78823"},{"rt":1583,"stimulus":27,"slider_start":100,"sprites":"hearts","response":100,"absDeviation":21,"callibration":"test","block":7,"seed":27,"numerosity":121,"matchType":"unpaired","which":"second","trial_type":"numerosity-estimation","trial_index":140,"time_elapsed":305301,"subject_id":"78823"},{"rt":2819,"stimulus":28,"slider_start":100,"sprites":"crackers","response":99,"absDeviation":51,"callibration":"test","block":7,"seed":28,"numerosity":150,"matchType":"unpaired","which":"second","trial_type":"numerosity-estimation","trial_index":141,"time_elapsed":308126,"subject_id":"78823"},{"rt":1926,"stimulus":30,"slider_start":100,"sprites":"fruits","response":100,"absDeviation":7,"callibration":"test","block":7,"seed":30,"numerosity":107,"matchType":"paired","which":"first","trial_type":"numerosity-estimation","trial_index":142,"time_elapsed":310061,"subject_id":"78823"},{"rt":1675,"stimulus":30,"slider_start":100,"sprites":"fruits","response":100,"absDeviation":7,"callibration":"test","block":7,"seed":30,"numerosity":107,"matchType":"paired","which":"second","trial_type":"numerosity-estimation","trial_index":143,"time_elapsed":311740,"subject_id":"78823"},{"rt":2240,"stimulus":31,"slider_start":100,"sprites":"jellyBeans","response":101,"absDeviation":49,"callibration":"test","block":7,"seed":31,"numerosity":150,"matchType":"unpaired","which":"second","trial_type":"numerosity-estimation","trial_index":144,"time_elapsed":313987,"subject_id":"78823"},{"rt":1719,"stimulus":32,"slider_start":100,"sprites":"marbles","response":100,"absDeviation":35,"callibration":"test","block":7,"seed":32,"numerosity":135,"matchType":"unpaired","which":"second","trial_type":"numerosity-estimation","trial_index":145,"time_elapsed":315712,"subject_id":"78823"},{"rt":802,"stimulus":"<p> For the last block of trials, the average deviation of your guesses from correct answers was 21.</p>\n     <p>The smaller the deviation the better.  Your deviation was <b> VERY good</b>.</p><br>\n       <p>Press any key to continue to the next block of trials</p>","response":" ","trial_type":"html-keyboard-response","trial_index":146,"time_elapsed":316516,"subject_id":"78823"},{"rt":2135,"stimulus":34,"slider_start":100,"sprites":"rocks","response":100,"absDeviation":50,"callibration":"test","block":8,"seed":34,"numerosity":50,"matchType":"paired","which":"first","trial_type":"numerosity-estimation","trial_index":147,"time_elapsed":318658,"subject_id":"78823"},{"rt":1688,"stimulus":34,"slider_start":100,"sprites":"rocks","response":100,"absDeviation":50,"callibration":"test","block":8,"seed":34,"numerosity":50,"matchType":"paired","which":"second","trial_type":"numerosity-estimation","trial_index":148,"time_elapsed":320352,"subject_id":"78823"},{"rt":1703,"stimulus":35,"slider_start":100,"sprites":"buttons","response":100,"absDeviation":22,"callibration":"test","block":8,"seed":35,"numerosity":78,"matchType":"unpaired","which":"second","trial_type":"numerosity-estimation","trial_index":149,"time_elapsed":322062,"subject_id":"78823"},{"rt":2506,"stimulus":36,"slider_start":100,"sprites":"animalCrackers","response":100,"absDeviation":50,"callibration":"test","block":8,"seed":36,"numerosity":50,"matchType":"unpaired","which":"second","trial_type":"numerosity-estimation","trial_index":150,"time_elapsed":324575,"subject_id":"78823"},{"rt":1709,"stimulus":38,"slider_start":100,"sprites":"butterflies","response":100,"absDeviation":22,"callibration":"test","block":8,"seed":38,"numerosity":78,"matchType":"paired","which":"first","trial_type":"numerosity-estimation","trial_index":151,"time_elapsed":326292,"subject_id":"78823"},{"rt":3063,"stimulus":38,"slider_start":100,"sprites":"butterflies","response":100,"absDeviation":22,"callibration":"test","block":8,"seed":38,"numerosity":78,"matchType":"paired","which":"second","trial_type":"numerosity-estimation","trial_index":152,"time_elapsed":329359,"subject_id":"78823"},{"rt":2034,"stimulus":39,"slider_start":100,"sprites":"hearts","response":100,"absDeviation":22,"callibration":"test","block":8,"seed":39,"numerosity":78,"matchType":"unpaired","which":"second","trial_type":"numerosity-estimation","trial_index":153,"time_elapsed":331404,"subject_id":"78823"},{"rt":1721,"stimulus":40,"slider_start":100,"sprites":"crackers","response":100,"absDeviation":21,"callibration":"test","block":8,"seed":40,"numerosity":121,"matchType":"unpaired","which":"second","trial_type":"numerosity-estimation","trial_index":154,"time_elapsed":333130,"subject_id":"78823"},{"rt":1871,"stimulus":42,"slider_start":100,"sprites":"fruits","response":101,"absDeviation":23,"callibration":"test","block":8,"seed":42,"numerosity":78,"matchType":"paired","which":"first","trial_type":"numerosity-estimation","trial_index":155,"time_elapsed":335008,"subject_id":"78823"},{"rt":1868,"stimulus":42,"slider_start":100,"sprites":"fruits","response":100,"absDeviation":22,"callibration":"test","block":8,"seed":42,"numerosity":78,"matchType":"paired","which":"second","trial_type":"numerosity-estimation","trial_index":156,"time_elapsed":336879,"subject_id":"78823"},{"rt":2384,"stimulus":43,"slider_start":100,"sprites":"jellyBeans","response":100,"absDeviation":36,"callibration":"test","block":8,"seed":43,"numerosity":64,"matchType":"unpaired","which":"second","trial_type":"numerosity-estimation","trial_index":157,"time_elapsed":339271,"subject_id":"78823"},{"rt":2238,"stimulus":44,"slider_start":100,"sprites":"marbles","response":100,"absDeviation":21,"callibration":"test","block":8,"seed":44,"numerosity":121,"matchType":"unpaired","which":"second","trial_type":"numerosity-estimation","trial_index":158,"time_elapsed":341518,"subject_id":"78823"},{"rt":1782,"stimulus":46,"slider_start":100,"sprites":"rocks","response":100,"absDeviation":7,"callibration":"test","block":8,"seed":46,"numerosity":107,"matchType":"paired","which":"first","trial_type":"numerosity-estimation","trial_index":159,"time_elapsed":343308,"subject_id":"78823"},{"rt":1663,"stimulus":46,"slider_start":100,"sprites":"rocks","response":100,"absDeviation":7,"callibration":"test","block":8,"seed":46,"numerosity":107,"matchType":"paired","which":"second","trial_type":"numerosity-estimation","trial_index":160,"time_elapsed":344978,"subject_id":"78823"},{"rt":2053,"stimulus":47,"slider_start":100,"sprites":"buttons","response":100,"absDeviation":21,"callibration":"test","block":8,"seed":47,"numerosity":121,"matchType":"unpaired","which":"second","trial_type":"numerosity-estimation","trial_index":161,"time_elapsed":347041,"subject_id":"78823"},{"rt":2118,"stimulus":48,"slider_start":100,"sprites":"animalCrackers","response":100,"absDeviation":35,"callibration":"test","block":8,"seed":48,"numerosity":135,"matchType":"unpaired","which":"second","trial_type":"numerosity-estimation","trial_index":162,"time_elapsed":349167,"subject_id":"78823"},{"rt":773,"stimulus":"<p> For the last block of trials, the average deviation of your guesses from correct answers was 27.</p>\n     <p>The smaller the deviation the better.  Your deviation was <b> good</b>.</p><br>\n       <p>Press any key to continue to the next block of trials</p>","response":" ","trial_type":"html-keyboard-response","trial_index":163,"time_elapsed":349943,"subject_id":"78823"},{"rt":2668,"stimulus":50,"slider_start":100,"sprites":"butterflies","response":100,"absDeviation":50,"callibration":"test","block":9,"seed":50,"numerosity":150,"matchType":"paired","which":"first","trial_type":"numerosity-estimation","trial_index":164,"time_elapsed":352619,"subject_id":"78823"},{"rt":1774,"stimulus":50,"slider_start":100,"sprites":"butterflies","response":100,"absDeviation":50,"callibration":"test","block":9,"seed":50,"numerosity":150,"matchType":"paired","which":"second","trial_type":"numerosity-estimation","trial_index":165,"time_elapsed":354401,"subject_id":"78823"},{"rt":1935,"stimulus":51,"slider_start":100,"sprites":"hearts","response":100,"absDeviation":50,"callibration":"test","block":9,"seed":51,"numerosity":150,"matchType":"unpaired","which":"second","trial_type":"numerosity-estimation","trial_index":166,"time_elapsed":356343,"subject_id":"78823"},{"rt":2055,"stimulus":52,"slider_start":100,"sprites":"crackers","response":99,"absDeviation":21,"callibration":"test","block":9,"seed":52,"numerosity":78,"matchType":"unpaired","which":"second","trial_type":"numerosity-estimation","trial_index":167,"time_elapsed":358407,"subject_id":"78823"},{"rt":1766,"stimulus":54,"slider_start":100,"sprites":"fruits","response":100,"absDeviation":8,"callibration":"test","block":9,"seed":54,"numerosity":92,"matchType":"paired","which":"first","trial_type":"numerosity-estimation","trial_index":168,"time_elapsed":360180,"subject_id":"78823"},{"rt":1639,"stimulus":54,"slider_start":100,"sprites":"fruits","response":100,"absDeviation":8,"callibration":"test","block":9,"seed":54,"numerosity":92,"matchType":"paired","which":"second","trial_type":"numerosity-estimation","trial_index":169,"time_elapsed":361826,"subject_id":"78823"},{"rt":2441,"stimulus":55,"slider_start":100,"sprites":"jellyBeans","response":99,"absDeviation":22,"callibration":"test","block":9,"seed":55,"numerosity":121,"matchType":"unpaired","which":"second","trial_type":"numerosity-estimation","trial_index":170,"time_elapsed":364273,"subject_id":"78823"},{"rt":1834,"stimulus":56,"slider_start":100,"sprites":"marbles","response":101,"absDeviation":37,"callibration":"test","block":9,"seed":56,"numerosity":64,"matchType":"unpaired","which":"second","trial_type":"numerosity-estimation","trial_index":171,"time_elapsed":366111,"subject_id":"78823"},{"rt":2251,"stimulus":58,"slider_start":100,"sprites":"rocks","response":100,"absDeviation":21,"callibration":"test","block":9,"seed":58,"numerosity":121,"matchType":"paired","which":"first","trial_type":"numerosity-estimation","trial_index":172,"time_elapsed":368367,"subject_id":"78823"},{"rt":1648,"stimulus":58,"slider_start":100,"sprites":"rocks","response":100,"absDeviation":21,"callibration":"test","block":9,"seed":58,"numerosity":121,"matchType":"paired","which":"second","trial_type":"numerosity-estimation","trial_index":173,"time_elapsed":370021,"subject_id":"78823"},{"rt":1735,"stimulus":59,"slider_start":100,"sprites":"buttons","response":101,"absDeviation":34,"callibration":"test","block":9,"seed":59,"numerosity":135,"matchType":"unpaired","which":"second","trial_type":"numerosity-estimation","trial_index":174,"time_elapsed":371766,"subject_id":"78823"},{"rt":2395,"stimulus":60,"slider_start":100,"sprites":"animalCrackers","response":100,"absDeviation":50,"callibration":"test","block":9,"seed":60,"numerosity":150,"matchType":"unpaired","which":"second","trial_type":"numerosity-estimation","trial_index":175,"time_elapsed":374170,"subject_id":"78823"},{"rt":2179,"stimulus":62,"slider_start":100,"sprites":"butterflies","response":100,"absDeviation":35,"callibration":"test","block":9,"seed":62,"numerosity":135,"matchType":"paired","which":"first","trial_type":"numerosity-estimation","trial_index":176,"time_elapsed":376353,"subject_id":"78823"},{"rt":1926,"stimulus":62,"slider_start":100,"sprites":"butterflies","response":100,"absDeviation":35,"callibration":"test","block":9,"seed":62,"numerosity":135,"matchType":"paired","which":"second","trial_type":"numerosity-estimation","trial_index":177,"time_elapsed":378288,"subject_id":"78823"},{"rt":1708,"stimulus":63,"slider_start":100,"sprites":"hearts","response":100,"absDeviation":36,"callibration":"test","block":9,"seed":63,"numerosity":64,"matchType":"unpaired","which":"second","trial_type":"numerosity-estimation","trial_index":178,"time_elapsed":380000,"subject_id":"78823"},{"rt":2112,"stimulus":64,"slider_start":100,"sprites":"crackers","response":100,"absDeviation":35,"callibration":"test","block":9,"seed":64,"numerosity":135,"matchType":"unpaired","which":"second","trial_type":"numerosity-estimation","trial_index":179,"time_elapsed":382118,"subject_id":"78823"},{"rt":714,"stimulus":"<p> For the last block of trials, the average deviation of your guesses from correct answers was 32.</p>\n     <p>The smaller the deviation the better.  Your deviation was <b> good</b>.</p><br>\n       <p>Press any key to continue to the next block of trials</p>","response":" ","trial_type":"html-keyboard-response","trial_index":180,"time_elapsed":382838,"subject_id":"78823"},{"rt":2868,"stimulus":66,"slider_start":100,"sprites":"fruits","response":100,"absDeviation":36,"callibration":"test","block":10,"seed":66,"numerosity":64,"matchType":"paired","which":"first","trial_type":"numerosity-estimation","trial_index":181,"time_elapsed":385714,"subject_id":"78823"},{"rt":1975,"stimulus":66,"slider_start":100,"sprites":"fruits","response":100,"absDeviation":36,"callibration":"test","block":10,"seed":66,"numerosity":64,"matchType":"paired","which":"second","trial_type":"numerosity-estimation","trial_index":182,"time_elapsed":387696,"subject_id":"78823"},{"rt":1685,"stimulus":67,"slider_start":100,"sprites":"jellyBeans","response":99,"absDeviation":8,"callibration":"test","block":10,"seed":67,"numerosity":107,"matchType":"unpaired","which":"second","trial_type":"numerosity-estimation","trial_index":183,"time_elapsed":389390,"subject_id":"78823"},{"rt":2385,"stimulus":68,"slider_start":100,"sprites":"marbles","response":100,"absDeviation":50,"callibration":"test","block":10,"seed":68,"numerosity":150,"matchType":"unpaired","which":"second","trial_type":"numerosity-estimation","trial_index":184,"time_elapsed":391782,"subject_id":"78823"},{"rt":2043,"stimulus":70,"slider_start":100,"sprites":"rocks","response":100,"absDeviation":8,"callibration":"test","block":10,"seed":70,"numerosity":92,"matchType":"paired","which":"first","trial_type":"numerosity-estimation","trial_index":185,"time_elapsed":393835,"subject_id":"78823"},{"rt":1836,"stimulus":70,"slider_start":100,"sprites":"rocks","response":100,"absDeviation":8,"callibration":"test","block":10,"seed":70,"numerosity":92,"matchType":"paired","which":"second","trial_type":"numerosity-estimation","trial_index":186,"time_elapsed":395675,"subject_id":"78823"},{"rt":1729,"stimulus":71,"slider_start":100,"sprites":"buttons","response":100,"absDeviation":7,"callibration":"test","block":10,"seed":71,"numerosity":107,"matchType":"unpaired","which":"second","trial_type":"numerosity-estimation","trial_index":187,"time_elapsed":397409,"subject_id":"78823"},{"rt":1815,"stimulus":72,"slider_start":100,"sprites":"animalCrackers","response":100,"absDeviation":50,"callibration":"test","block":10,"seed":72,"numerosity":50,"matchType":"unpaired","which":"second","trial_type":"numerosity-estimation","trial_index":188,"time_elapsed":399231,"subject_id":"78823"},{"rt":2017,"stimulus":74,"slider_start":100,"sprites":"butterflies","response":100,"absDeviation":36,"callibration":"test","block":10,"seed":74,"numerosity":64,"matchType":"paired","which":"first","trial_type":"numerosity-estimation","trial_index":189,"time_elapsed":401254,"subject_id":"78823"},{"rt":1706,"stimulus":74,"slider_start":100,"sprites":"butterflies","response":99,"absDeviation":35,"callibration":"test","block":10,"seed":74,"numerosity":64,"matchType":"paired","which":"second","trial_type":"numerosity-estimation","trial_index":190,"time_elapsed":402972,"subject_id":"78823"},{"rt":2145,"stimulus":75,"slider_start":100,"sprites":"hearts","response":100,"absDeviation":8,"callibration":"test","block":10,"seed":75,"numerosity":92,"matchType":"unpaired","which":"second","trial_type":"numerosity-estimation","trial_index":191,"time_elapsed":405124,"subject_id":"78823"},{"rt":2989,"stimulus":76,"slider_start":100,"sprites":"crackers","response":100,"absDeviation":36,"callibration":"test","block":10,"seed":76,"numerosity":64,"matchType":"unpaired","which":"second","trial_type":"numerosity-estimation","trial_index":192,"time_elapsed":408117,"subject_id":"78823"},{"rt":1736,"stimulus":78,"slider_start":100,"sprites":"fruits","response":100,"absDeviation":36,"callibration":"test","block":10,"seed":78,"numerosity":64,"matchType":"paired","which":"first","trial_type":"numerosity-estimation","trial_index":193,"time_elapsed":409859,"subject_id":"78823"},{"rt":1735,"stimulus":78,"slider_start":100,"sprites":"fruits","response":100,"absDeviation":36,"callibration":"test","block":10,"seed":78,"numerosity":64,"matchType":"paired","which":"second","trial_type":"numerosity-estimation","trial_index":194,"time_elapsed":411602,"subject_id":"78823"},{"rt":2456,"stimulus":79,"slider_start":100,"sprites":"jellyBeans","response":100,"absDeviation":50,"callibration":"test","block":10,"seed":79,"numerosity":50,"matchType":"unpaired","which":"second","trial_type":"numerosity-estimation","trial_index":195,"time_elapsed":414065,"subject_id":"78823"},{"rt":2805,"stimulus":80,"slider_start":100,"sprites":"marbles","response":101,"absDeviation":20,"callibration":"test","block":10,"seed":80,"numerosity":121,"matchType":"unpaired","which":"second","trial_type":"numerosity-estimation","trial_index":196,"time_elapsed":416874,"subject_id":"78823"},{"rt":828,"stimulus":"<p> For the last block of trials, the average deviation of your guesses from correct answers was 29.</p>\n     <p>The smaller the deviation the better.  Your deviation was <b> good</b>.</p><br>\n       <p>Press any key to continue to the next block of trials</p>","response":" ","trial_type":"html-keyboard-response","trial_index":197,"time_elapsed":417706,"subject_id":"78823"},{"rt":223633,"stimulus":82,"slider_start":100,"sprites":"rocks","response":100,"absDeviation":36,"callibration":"test","block":11,"seed":82,"numerosity":64,"matchType":"paired","which":"first","trial_type":"numerosity-estimation","trial_index":198,"time_elapsed":666462,"subject_id":"78823"},{"rt":2149,"stimulus":82,"slider_start":100,"sprites":"rocks","response":100,"absDeviation":36,"callibration":"test","block":11,"seed":82,"numerosity":64,"matchType":"paired","which":"second","trial_type":"numerosity-estimation","trial_index":199,"time_elapsed":668622,"subject_id":"78823"},{"rt":2409,"stimulus":83,"slider_start":100,"sprites":"buttons","response":100,"absDeviation":21,"callibration":"test","block":11,"seed":83,"numerosity":121,"matchType":"unpaired","which":"second","trial_type":"numerosity-estimation","trial_index":200,"time_elapsed":671040,"subject_id":"78823"},{"rt":1988,"stimulus":84,"slider_start":100,"sprites":"animalCrackers","response":100,"absDeviation":50,"callibration":"test","block":11,"seed":84,"numerosity":50,"matchType":"unpaired","which":"second","trial_type":"numerosity-estimation","trial_index":201,"time_elapsed":673033,"subject_id":"78823"},{"rt":1802,"stimulus":86,"slider_start":100,"sprites":"butterflies","response":100,"absDeviation":21,"callibration":"test","block":11,"seed":86,"numerosity":121,"matchType":"paired","which":"first","trial_type":"numerosity-estimation","trial_index":202,"time_elapsed":674844,"subject_id":"78823"},{"rt":1792,"stimulus":86,"slider_start":100,"sprites":"butterflies","response":100,"absDeviation":21,"callibration":"test","block":11,"seed":86,"numerosity":121,"matchType":"paired","which":"second","trial_type":"numerosity-estimation","trial_index":203,"time_elapsed":676644,"subject_id":"78823"},{"rt":1992,"stimulus":87,"slider_start":100,"sprites":"hearts","response":101,"absDeviation":51,"callibration":"test","block":11,"seed":87,"numerosity":50,"matchType":"unpaired","which":"second","trial_type":"numerosity-estimation","trial_index":204,"time_elapsed":678644,"subject_id":"78823"},{"rt":1929,"stimulus":88,"slider_start":100,"sprites":"crackers","response":100,"absDeviation":35,"callibration":"test","block":11,"seed":88,"numerosity":135,"matchType":"unpaired","which":"second","trial_type":"numerosity-estimation","trial_index":205,"time_elapsed":680578,"subject_id":"78823"},{"rt":1992,"stimulus":90,"slider_start":100,"sprites":"fruits","response":101,"absDeviation":49,"callibration":"test","block":11,"seed":90,"numerosity":150,"matchType":"paired","which":"first","trial_type":"numerosity-estimation","trial_index":206,"time_elapsed":682578,"subject_id":"78823"},{"rt":2146,"stimulus":90,"slider_start":100,"sprites":"fruits","response":100,"absDeviation":50,"callibration":"test","block":11,"seed":90,"numerosity":150,"matchType":"paired","which":"second","trial_type":"numerosity-estimation","trial_index":207,"time_elapsed":684730,"subject_id":"78823"},{"rt":2093,"stimulus":91,"slider_start":100,"sprites":"jellyBeans","response":100,"absDeviation":8,"callibration":"test","block":11,"seed":91,"numerosity":92,"matchType":"unpaired","which":"second","trial_type":"numerosity-estimation","trial_index":208,"time_elapsed":686833,"subject_id":"78823"},{"rt":2141,"stimulus":92,"slider_start":100,"sprites":"marbles","response":100,"absDeviation":21,"callibration":"test","block":11,"seed":92,"numerosity":121,"matchType":"unpaired","which":"second","trial_type":"numerosity-estimation","trial_index":209,"time_elapsed":688984,"subject_id":"78823"},{"rt":1636,"stimulus":94,"slider_start":100,"sprites":"rocks","response":100,"absDeviation":22,"callibration":"test","block":11,"seed":94,"numerosity":78,"matchType":"paired","which":"first","trial_type":"numerosity-estimation","trial_index":210,"time_elapsed":690624,"subject_id":"78823"},{"rt":2274,"stimulus":94,"slider_start":100,"sprites":"rocks","response":100,"absDeviation":22,"callibration":"test","block":11,"seed":94,"numerosity":78,"matchType":"paired","which":"second","trial_type":"numerosity-estimation","trial_index":211,"time_elapsed":692903,"subject_id":"78823"},{"rt":1838,"stimulus":95,"slider_start":100,"sprites":"buttons","response":100,"absDeviation":36,"callibration":"test","block":11,"seed":95,"numerosity":64,"matchType":"unpaired","which":"second","trial_type":"numerosity-estimation","trial_index":212,"time_elapsed":694749,"subject_id":"78823"},{"rt":2338,"stimulus":96,"slider_start":100,"sprites":"animalCrackers","response":100,"absDeviation":8,"callibration":"test","block":11,"seed":96,"numerosity":92,"matchType":"unpaired","which":"second","trial_type":"numerosity-estimation","trial_index":213,"time_elapsed":697095,"subject_id":"78823"},{"rt":892,"stimulus":"<p> For the last block of trials, the average deviation of your guesses from correct answers was 30.</p>\n     <p>The smaller the deviation the better.  Your deviation was <b> good</b>.</p><br>\n       <p>Press any key to continue to the next block of trials</p>","response":" ","trial_type":"html-keyboard-response","trial_index":214,"time_elapsed":697991,"subject_id":"78823"},{"rt":8626,"response":{"averageEstimates":"When the two displays occured back-to-back, in immediate succession.","firstOrSecond":"The first time the objects were shown"},"question_order":[0,1],"trial_type":"survey-multi-choice","trial_index":215,"time_elapsed":706622,"subject_id":"78823"}]