[{"rt":32220,"url":"consent.html","trial_type":"external-html","trial_index":0,"time_elapsed":32261,"subject_id":"76083"},{"view_history":[{"page_index":0,"viewing_time":2474}],"rt":2474,"trial_type":"instructions","trial_index":1,"time_elapsed":34736,"subject_id":"76083"},{"rt":26415,"stimulus":0,"slider_start":100,"sprites":"animalCrackers","response":58,"absDeviation":8,"callibration":"callibration","block":-1,"seed":0,"numerosity":50,"matchType":"callibration","which":"first","trial_type":"numerosity-estimation","trial_index":2,"time_elapsed":61154,"subject_id":"76083"},{"rt":13577,"stimulus":1,"slider_start":100,"sprites":"letters","response":64,"absDeviation":0,"callibration":"callibration","block":-1,"seed":1,"numerosity":64,"matchType":"callibration","which":"first","trial_type":"numerosity-estimation","trial_index":3,"time_elapsed":74733,"subject_id":"76083"},{"rt":12033,"stimulus":2,"slider_start":100,"sprites":"butterflies","response":78,"absDeviation":0,"callibration":"callibration","block":-1,"seed":2,"numerosity":78,"matchType":"callibration","which":"first","trial_type":"numerosity-estimation","trial_index":4,"time_elapsed":86767,"subject_id":"76083"},{"rt":8749,"stimulus":3,"slider_start":100,"sprites":"hearts","response":92,"absDeviation":0,"callibration":"callibration","block":-1,"seed":3,"numerosity":92,"matchType":"callibration","which":"first","trial_type":"numerosity-estimation","trial_index":5,"time_elapsed":95517,"subject_id":"76083"},{"rt":9534,"stimulus":4,"slider_start":100,"sprites":"crackers","response":107,"absDeviation":0,"callibration":"callibration","block":-1,"seed":4,"numerosity":107,"matchType":"callibration","which":"first","trial_type":"numerosity-estimation","trial_index":6,"time_elapsed":105053,"subject_id":"76083"},{"rt":11598,"stimulus":5,"slider_start":100,"sprites":"bears","response":121,"absDeviation":0,"callibration":"callibration","block":-1,"seed":5,"numerosity":121,"matchType":"callibration","which":"first","trial_type":"numerosity-estimation","trial_index":7,"time_elapsed":116652,"subject_id":"76083"},{"rt":10066,"stimulus":6,"slider_start":100,"sprites":"fruits","response":135,"absDeviation":0,"callibration":"callibration","block":-1,"seed":6,"numerosity":135,"matchType":"callibration","which":"first","trial_type":"numerosity-estimation","trial_index":8,"time_elapsed":126720,"subject_id":"76083"},{"rt":5013,"stimulus":7,"slider_start":100,"sprites":"jellyBeans","response":150,"absDeviation":0,"callibration":"callibration","block":-1,"seed":7,"numerosity":150,"matchType":"callibration","which":"first","trial_type":"numerosity-estimation","trial_index":9,"time_elapsed":131734,"subject_id":"76083"},{"view_history":[{"page_index":0,"viewing_time":16878}],"rt":16879,"trial_type":"instructions","trial_index":10,"time_elapsed":148613,"subject_id":"76083"},{"rt":10249,"stimulus":1,"slider_start":100,"sprites":"letters","response":76,"absDeviation":16,"callibration":"test","block":0,"seed":1,"numerosity":92,"matchType":"paired","which":"first","trial_type":"numerosity-estimation","trial_index":11,"time_elapsed":158864,"subject_id":"76083"},{"rt":12034,"stimulus":1,"slider_start":100,"sprites":"letters","response":66,"absDeviation":26,"callibration":"test","block":0,"seed":1,"numerosity":92,"matchType":"paired","which":"second","trial_type":"numerosity-estimation","trial_index":12,"time_elapsed":170900,"subject_id":"76083"},{"rt":10867,"stimulus":3,"slider_start":100,"sprites":"hearts","response":37,"absDeviation":13,"callibration":"test","block":0,"seed":3,"numerosity":50,"matchType":"unpaired","which":"first","trial_type":"numerosity-estimation","trial_index":13,"time_elapsed":181768,"subject_id":"76083"},{"rt":10842,"stimulus":4,"slider_start":100,"sprites":"crackers","response":92,"absDeviation":15,"callibration":"test","block":0,"seed":4,"numerosity":107,"matchType":"unpaired","which":"first","trial_type":"numerosity-estimation","trial_index":14,"time_elapsed":192611,"subject_id":"76083"},{"rt":29839,"stimulus":5,"slider_start":100,"sprites":"bears","response":40,"absDeviation":10,"callibration":"test","block":0,"seed":5,"numerosity":50,"matchType":"paired","which":"first","trial_type":"numerosity-estimation","trial_index":15,"time_elapsed":222452,"subject_id":"76083"},{"rt":9279,"stimulus":5,"slider_start":100,"sprites":"bears","response":55,"absDeviation":5,"callibration":"test","block":0,"seed":5,"numerosity":50,"matchType":"paired","which":"second","trial_type":"numerosity-estimation","trial_index":16,"time_elapsed":231733,"subject_id":"76083"},{"rt":10065,"stimulus":7,"slider_start":100,"sprites":"jellyBeans","response":63,"absDeviation":13,"callibration":"test","block":0,"seed":7,"numerosity":50,"matchType":"unpaired","which":"first","trial_type":"numerosity-estimation","trial_index":17,"time_elapsed":241799,"subject_id":"76083"},{"rt":10663,"stimulus":8,"slider_start":100,"sprites":"marbles","response":80,"absDeviation":12,"callibration":"test","block":0,"seed":8,"numerosity":92,"matchType":"unpaired","which":"first","trial_type":"numerosity-estimation","trial_index":18,"time_elapsed":252463,"subject_id":"76083"},{"rt":11337,"stimulus":9,"slider_start":100,"sprites":"mints","response":109,"absDeviation":26,"callibration":"test","block":0,"seed":9,"numerosity":135,"matchType":"paired","which":"first","trial_type":"numerosity-estimation","trial_index":19,"time_elapsed":263801,"subject_id":"76083"},{"rt":8160,"stimulus":9,"slider_start":100,"sprites":"mints","response":113,"absDeviation":22,"callibration":"test","block":0,"seed":9,"numerosity":135,"matchType":"paired","which":"second","trial_type":"numerosity-estimation","trial_index":20,"time_elapsed":271962,"subject_id":"76083"},{"rt":8627,"stimulus":11,"slider_start":100,"sprites":"buttons","response":120,"absDeviation":13,"callibration":"test","block":0,"seed":11,"numerosity":107,"matchType":"unpaired","which":"first","trial_type":"numerosity-estimation","trial_index":21,"time_elapsed":280589,"subject_id":"76083"},{"rt":9301,"stimulus":12,"slider_start":100,"sprites":"animalCrackers","response":100,"absDeviation":8,"callibration":"test","block":0,"seed":12,"numerosity":92,"matchType":"unpaired","which":"first","trial_type":"numerosity-estimation","trial_index":22,"time_elapsed":289891,"subject_id":"76083"},{"rt":9563,"stimulus":13,"slider_start":100,"sprites":"letters","response":113,"absDeviation":6,"callibration":"test","block":0,"seed":13,"numerosity":107,"matchType":"paired","which":"first","trial_type":"numerosity-estimation","trial_index":23,"time_elapsed":299456,"subject_id":"76083"},{"rt":3252,"stimulus":13,"slider_start":100,"sprites":"letters","response":110,"absDeviation":3,"callibration":"test","block":0,"seed":13,"numerosity":107,"matchType":"paired","which":"second","trial_type":"numerosity-estimation","trial_index":24,"time_elapsed":302708,"subject_id":"76083"},{"rt":5211,"stimulus":15,"slider_start":100,"sprites":"hearts","response":128,"absDeviation":7,"callibration":"test","block":0,"seed":15,"numerosity":121,"matchType":"unpaired","which":"first","trial_type":"numerosity-estimation","trial_index":25,"time_elapsed":307921,"subject_id":"76083"},{"rt":9035,"stimulus":16,"slider_start":100,"sprites":"crackers","response":60,"absDeviation":4,"callibration":"test","block":0,"seed":16,"numerosity":64,"matchType":"unpaired","which":"first","trial_type":"numerosity-estimation","trial_index":26,"time_elapsed":316957,"subject_id":"76083"},{"rt":9693,"stimulus":"<p> For the last block of trials, the average deviation of your guesses from correct answers was 12.</p>\n     <p>The smaller the deviation the better.  Your deviation was <b> AMAZINGLY good</b>.</p><br>\n       <p>Press any key to continue to the next block of trials</p>","response":" ","trial_type":"html-keyboard-response","trial_index":27,"time_elapsed":326652,"subject_id":"76083"},{"rt":9898,"stimulus":17,"slider_start":100,"sprites":"bears","response":103,"absDeviation":11,"callibration":"test","block":1,"seed":17,"numerosity":92,"matchType":"paired","which":"first","trial_type":"numerosity-estimation","trial_index":28,"time_elapsed":336552,"subject_id":"76083"},{"rt":5877,"stimulus":17,"slider_start":100,"sprites":"bears","response":96,"absDeviation":4,"callibration":"test","block":1,"seed":17,"numerosity":92,"matchType":"paired","which":"second","trial_type":"numerosity-estimation","trial_index":29,"time_elapsed":342430,"subject_id":"76083"},{"rt":14399,"stimulus":19,"slider_start":100,"sprites":"jellyBeans","response":145,"absDeviation":10,"callibration":"test","block":1,"seed":19,"numerosity":135,"matchType":"unpaired","which":"first","trial_type":"numerosity-estimation","trial_index":30,"time_elapsed":356830,"subject_id":"76083"},{"rt":8741,"stimulus":20,"slider_start":100,"sprites":"marbles","response":49,"absDeviation":29,"callibration":"test","block":1,"seed":20,"numerosity":78,"matchType":"unpaired","which":"first","trial_type":"numerosity-estimation","trial_index":31,"time_elapsed":365572,"subject_id":"76083"},{"rt":6752,"stimulus":21,"slider_start":100,"sprites":"mints","response":77,"absDeviation":15,"callibration":"test","block":1,"seed":21,"numerosity":92,"matchType":"paired","which":"first","trial_type":"numerosity-estimation","trial_index":32,"time_elapsed":372325,"subject_id":"76083"},{"rt":8479,"stimulus":21,"slider_start":100,"sprites":"mints","response":79,"absDeviation":13,"callibration":"test","block":1,"seed":21,"numerosity":92,"matchType":"paired","which":"second","trial_type":"numerosity-estimation","trial_index":33,"time_elapsed":380805,"subject_id":"76083"},{"rt":8366,"stimulus":23,"slider_start":100,"sprites":"buttons","response":155,"absDeviation":5,"callibration":"test","block":1,"seed":23,"numerosity":150,"matchType":"unpaired","which":"first","trial_type":"numerosity-estimation","trial_index":34,"time_elapsed":389173,"subject_id":"76083"},{"rt":15892,"stimulus":24,"slider_start":100,"sprites":"animalCrackers","response":87,"absDeviation":20,"callibration":"test","block":1,"seed":24,"numerosity":107,"matchType":"unpaired","which":"first","trial_type":"numerosity-estimation","trial_index":35,"time_elapsed":405065,"subject_id":"76083"},{"rt":11416,"stimulus":25,"slider_start":100,"sprites":"letters","response":90,"absDeviation":17,"callibration":"test","block":1,"seed":25,"numerosity":107,"matchType":"paired","which":"first","trial_type":"numerosity-estimation","trial_index":36,"time_elapsed":416482,"subject_id":"76083"},{"rt":8707,"stimulus":25,"slider_start":100,"sprites":"letters","response":91,"absDeviation":16,"callibration":"test","block":1,"seed":25,"numerosity":107,"matchType":"paired","which":"second","trial_type":"numerosity-estimation","trial_index":37,"time_elapsed":425190,"subject_id":"76083"},{"rt":8798,"stimulus":27,"slider_start":100,"sprites":"hearts","response":118,"absDeviation":3,"callibration":"test","block":1,"seed":27,"numerosity":121,"matchType":"unpaired","which":"first","trial_type":"numerosity-estimation","trial_index":38,"time_elapsed":433989,"subject_id":"76083"},{"rt":5998,"stimulus":28,"slider_start":100,"sprites":"crackers","response":143,"absDeviation":7,"callibration":"test","block":1,"seed":28,"numerosity":150,"matchType":"unpaired","which":"first","trial_type":"numerosity-estimation","trial_index":39,"time_elapsed":439987,"subject_id":"76083"},{"rt":5235,"stimulus":29,"slider_start":100,"sprites":"bears","response":55,"absDeviation":9,"callibration":"test","block":1,"seed":29,"numerosity":64,"matchType":"paired","which":"first","trial_type":"numerosity-estimation","trial_index":40,"time_elapsed":445224,"subject_id":"76083"},{"rt":3744,"stimulus":29,"slider_start":100,"sprites":"bears","response":52,"absDeviation":12,"callibration":"test","block":1,"seed":29,"numerosity":64,"matchType":"paired","which":"second","trial_type":"numerosity-estimation","trial_index":41,"time_elapsed":448969,"subject_id":"76083"},{"rt":7211,"stimulus":31,"slider_start":100,"sprites":"jellyBeans","response":130,"absDeviation":20,"callibration":"test","block":1,"seed":31,"numerosity":150,"matchType":"unpaired","which":"first","trial_type":"numerosity-estimation","trial_index":42,"time_elapsed":456181,"subject_id":"76083"},{"rt":7259,"stimulus":32,"slider_start":100,"sprites":"marbles","response":120,"absDeviation":15,"callibration":"test","block":1,"seed":32,"numerosity":135,"matchType":"unpaired","which":"first","trial_type":"numerosity-estimation","trial_index":43,"time_elapsed":463441,"subject_id":"76083"},{"rt":3602,"stimulus":"<p> For the last block of trials, the average deviation of your guesses from correct answers was 13.</p>\n     <p>The smaller the deviation the better.  Your deviation was <b> AMAZINGLY good</b>.</p><br>\n       <p>Press any key to continue to the next block of trials</p>","response":" ","trial_type":"html-keyboard-response","trial_index":44,"time_elapsed":467043,"subject_id":"76083"},{"rt":3552,"stimulus":33,"slider_start":100,"sprites":"mints","response":121,"absDeviation":0,"callibration":"test","block":2,"seed":33,"numerosity":121,"matchType":"paired","which":"first","trial_type":"numerosity-estimation","trial_index":45,"time_elapsed":470597,"subject_id":"76083"},{"rt":7226,"stimulus":33,"slider_start":100,"sprites":"mints","response":114,"absDeviation":7,"callibration":"test","block":2,"seed":33,"numerosity":121,"matchType":"paired","which":"second","trial_type":"numerosity-estimation","trial_index":46,"time_elapsed":477824,"subject_id":"76083"},{"rt":8821,"stimulus":35,"slider_start":100,"sprites":"buttons","response":60,"absDeviation":18,"callibration":"test","block":2,"seed":35,"numerosity":78,"matchType":"unpaired","which":"first","trial_type":"numerosity-estimation","trial_index":47,"time_elapsed":486646,"subject_id":"76083"},{"rt":10345,"stimulus":36,"slider_start":100,"sprites":"animalCrackers","response":40,"absDeviation":10,"callibration":"test","block":2,"seed":36,"numerosity":50,"matchType":"unpaired","which":"first","trial_type":"numerosity-estimation","trial_index":48,"time_elapsed":496993,"subject_id":"76083"},{"rt":10821,"stimulus":37,"slider_start":100,"sprites":"letters","response":100,"absDeviation":35,"callibration":"test","block":2,"seed":37,"numerosity":135,"matchType":"paired","which":"first","trial_type":"numerosity-estimation","trial_index":49,"time_elapsed":507815,"subject_id":"76083"},{"rt":3624,"stimulus":37,"slider_start":100,"sprites":"letters","response":97,"absDeviation":38,"callibration":"test","block":2,"seed":37,"numerosity":135,"matchType":"paired","which":"second","trial_type":"numerosity-estimation","trial_index":50,"time_elapsed":511441,"subject_id":"76083"},{"rt":8687,"stimulus":39,"slider_start":100,"sprites":"hearts","response":85,"absDeviation":7,"callibration":"test","block":2,"seed":39,"numerosity":78,"matchType":"unpaired","which":"first","trial_type":"numerosity-estimation","trial_index":51,"time_elapsed":520129,"subject_id":"76083"},{"rt":7999,"stimulus":40,"slider_start":100,"sprites":"crackers","response":104,"absDeviation":17,"callibration":"test","block":2,"seed":40,"numerosity":121,"matchType":"unpaired","which":"first","trial_type":"numerosity-estimation","trial_index":52,"time_elapsed":528129,"subject_id":"76083"},{"rt":7878,"stimulus":41,"slider_start":100,"sprites":"bears","response":48,"absDeviation":2,"callibration":"test","block":2,"seed":41,"numerosity":50,"matchType":"paired","which":"first","trial_type":"numerosity-estimation","trial_index":53,"time_elapsed":536008,"subject_id":"76083"},{"rt":4393,"stimulus":41,"slider_start":100,"sprites":"bears","response":40,"absDeviation":10,"callibration":"test","block":2,"seed":41,"numerosity":50,"matchType":"paired","which":"second","trial_type":"numerosity-estimation","trial_index":54,"time_elapsed":540401,"subject_id":"76083"},{"rt":4125,"stimulus":43,"slider_start":100,"sprites":"jellyBeans","response":56,"absDeviation":8,"callibration":"test","block":2,"seed":43,"numerosity":64,"matchType":"unpaired","which":"first","trial_type":"numerosity-estimation","trial_index":55,"time_elapsed":544527,"subject_id":"76083"},{"rt":8131,"stimulus":44,"slider_start":100,"sprites":"marbles","response":79,"absDeviation":42,"callibration":"test","block":2,"seed":44,"numerosity":121,"matchType":"unpaired","which":"first","trial_type":"numerosity-estimation","trial_index":56,"time_elapsed":552659,"subject_id":"76083"},{"rt":6829,"stimulus":45,"slider_start":100,"sprites":"mints","response":95,"absDeviation":26,"callibration":"test","block":2,"seed":45,"numerosity":121,"matchType":"paired","which":"first","trial_type":"numerosity-estimation","trial_index":57,"time_elapsed":559489,"subject_id":"76083"},{"rt":4941,"stimulus":45,"slider_start":100,"sprites":"mints","response":98,"absDeviation":23,"callibration":"test","block":2,"seed":45,"numerosity":121,"matchType":"paired","which":"second","trial_type":"numerosity-estimation","trial_index":58,"time_elapsed":564431,"subject_id":"76083"},{"rt":8148,"stimulus":47,"slider_start":100,"sprites":"buttons","response":108,"absDeviation":13,"callibration":"test","block":2,"seed":47,"numerosity":121,"matchType":"unpaired","which":"first","trial_type":"numerosity-estimation","trial_index":59,"time_elapsed":572579,"subject_id":"76083"},{"rt":4703,"stimulus":48,"slider_start":100,"sprites":"animalCrackers","response":118,"absDeviation":17,"callibration":"test","block":2,"seed":48,"numerosity":135,"matchType":"unpaired","which":"first","trial_type":"numerosity-estimation","trial_index":60,"time_elapsed":577283,"subject_id":"76083"},{"rt":2798,"stimulus":"<p> For the last block of trials, the average deviation of your guesses from correct answers was 17.</p>\n     <p>The smaller the deviation the better.  Your deviation was <b> VERY good</b>.</p><br>\n       <p>Press any key to continue to the next block of trials</p>","response":" ","trial_type":"html-keyboard-response","trial_index":61,"time_elapsed":580082,"subject_id":"76083"},{"rt":8111,"stimulus":49,"slider_start":100,"sprites":"letters","response":76,"absDeviation":2,"callibration":"test","block":3,"seed":49,"numerosity":78,"matchType":"paired","which":"first","trial_type":"numerosity-estimation","trial_index":62,"time_elapsed":588195,"subject_id":"76083"},{"rt":8583,"stimulus":49,"slider_start":100,"sprites":"letters","response":66,"absDeviation":12,"callibration":"test","block":3,"seed":49,"numerosity":78,"matchType":"paired","which":"second","trial_type":"numerosity-estimation","trial_index":63,"time_elapsed":596779,"subject_id":"76083"},{"rt":5472,"stimulus":51,"slider_start":100,"sprites":"hearts","response":120,"absDeviation":30,"callibration":"test","block":3,"seed":51,"numerosity":150,"matchType":"unpaired","which":"first","trial_type":"numerosity-estimation","trial_index":64,"time_elapsed":602253,"subject_id":"76083"},{"rt":6633,"stimulus":52,"slider_start":100,"sprites":"crackers","response":66,"absDeviation":12,"callibration":"test","block":3,"seed":52,"numerosity":78,"matchType":"unpaired","which":"first","trial_type":"numerosity-estimation","trial_index":65,"time_elapsed":608887,"subject_id":"76083"},{"rt":9337,"stimulus":53,"slider_start":100,"sprites":"bears","response":55,"absDeviation":5,"callibration":"test","block":3,"seed":53,"numerosity":50,"matchType":"paired","which":"first","trial_type":"numerosity-estimation","trial_index":66,"time_elapsed":618225,"subject_id":"76083"},{"rt":5965,"stimulus":53,"slider_start":100,"sprites":"bears","response":38,"absDeviation":12,"callibration":"test","block":3,"seed":53,"numerosity":50,"matchType":"paired","which":"second","trial_type":"numerosity-estimation","trial_index":67,"time_elapsed":624191,"subject_id":"76083"},{"rt":6314,"stimulus":55,"slider_start":100,"sprites":"jellyBeans","response":82,"absDeviation":39,"callibration":"test","block":3,"seed":55,"numerosity":121,"matchType":"unpaired","which":"first","trial_type":"numerosity-estimation","trial_index":68,"time_elapsed":630506,"subject_id":"76083"},{"rt":6497,"stimulus":56,"slider_start":100,"sprites":"marbles","response":55,"absDeviation":9,"callibration":"test","block":3,"seed":56,"numerosity":64,"matchType":"unpaired","which":"first","trial_type":"numerosity-estimation","trial_index":69,"time_elapsed":637004,"subject_id":"76083"},{"rt":9599,"stimulus":57,"slider_start":100,"sprites":"mints","response":54,"absDeviation":10,"callibration":"test","block":3,"seed":57,"numerosity":64,"matchType":"paired","which":"first","trial_type":"numerosity-estimation","trial_index":70,"time_elapsed":646604,"subject_id":"76083"},{"rt":9388,"stimulus":57,"slider_start":100,"sprites":"mints","response":42,"absDeviation":22,"callibration":"test","block":3,"seed":57,"numerosity":64,"matchType":"paired","which":"second","trial_type":"numerosity-estimation","trial_index":71,"time_elapsed":655993,"subject_id":"76083"},{"rt":5798,"stimulus":59,"slider_start":100,"sprites":"buttons","response":125,"absDeviation":10,"callibration":"test","block":3,"seed":59,"numerosity":135,"matchType":"unpaired","which":"first","trial_type":"numerosity-estimation","trial_index":72,"time_elapsed":661792,"subject_id":"76083"},{"rt":9035,"stimulus":60,"slider_start":100,"sprites":"animalCrackers","response":130,"absDeviation":20,"callibration":"test","block":3,"seed":60,"numerosity":150,"matchType":"unpaired","which":"first","trial_type":"numerosity-estimation","trial_index":73,"time_elapsed":670829,"subject_id":"76083"},{"rt":12964,"stimulus":61,"slider_start":100,"sprites":"letters","response":79,"absDeviation":29,"callibration":"test","block":3,"seed":61,"numerosity":50,"matchType":"paired","which":"first","trial_type":"numerosity-estimation","trial_index":74,"time_elapsed":683793,"subject_id":"76083"},{"rt":5441,"stimulus":61,"slider_start":100,"sprites":"letters","response":30,"absDeviation":20,"callibration":"test","block":3,"seed":61,"numerosity":50,"matchType":"paired","which":"second","trial_type":"numerosity-estimation","trial_index":75,"time_elapsed":689235,"subject_id":"76083"},{"rt":8297,"stimulus":63,"slider_start":100,"sprites":"hearts","response":41,"absDeviation":23,"callibration":"test","block":3,"seed":63,"numerosity":64,"matchType":"unpaired","which":"first","trial_type":"numerosity-estimation","trial_index":76,"time_elapsed":697534,"subject_id":"76083"},{"rt":5496,"stimulus":64,"slider_start":100,"sprites":"crackers","response":126,"absDeviation":9,"callibration":"test","block":3,"seed":64,"numerosity":135,"matchType":"unpaired","which":"first","trial_type":"numerosity-estimation","trial_index":77,"time_elapsed":703031,"subject_id":"76083"},{"rt":1928,"stimulus":"<p> For the last block of trials, the average deviation of your guesses from correct answers was 17.</p>\n     <p>The smaller the deviation the better.  Your deviation was <b> VERY good</b>.</p><br>\n       <p>Press any key to continue to the next block of trials</p>","response":" ","trial_type":"html-keyboard-response","trial_index":78,"time_elapsed":704960,"subject_id":"76083"},{"rt":6081,"stimulus":65,"slider_start":100,"sprites":"bears","response":71,"absDeviation":36,"callibration":"test","block":4,"seed":65,"numerosity":107,"matchType":"paired","which":"first","trial_type":"numerosity-estimation","trial_index":79,"time_elapsed":711044,"subject_id":"76083"},{"rt":4862,"stimulus":65,"slider_start":100,"sprites":"bears","response":62,"absDeviation":45,"callibration":"test","block":4,"seed":65,"numerosity":107,"matchType":"paired","which":"second","trial_type":"numerosity-estimation","trial_index":80,"time_elapsed":715907,"subject_id":"76083"},{"rt":8813,"stimulus":67,"slider_start":100,"sprites":"jellyBeans","response":66,"absDeviation":41,"callibration":"test","block":4,"seed":67,"numerosity":107,"matchType":"unpaired","which":"first","trial_type":"numerosity-estimation","trial_index":81,"time_elapsed":724721,"subject_id":"76083"},{"rt":9393,"stimulus":68,"slider_start":100,"sprites":"marbles","response":73,"absDeviation":77,"callibration":"test","block":4,"seed":68,"numerosity":150,"matchType":"unpaired","which":"first","trial_type":"numerosity-estimation","trial_index":82,"time_elapsed":734115,"subject_id":"76083"},{"rt":6274,"stimulus":69,"slider_start":100,"sprites":"mints","response":67,"absDeviation":54,"callibration":"test","block":4,"seed":69,"numerosity":121,"matchType":"paired","which":"first","trial_type":"numerosity-estimation","trial_index":83,"time_elapsed":740391,"subject_id":"76083"},{"rt":7559,"stimulus":69,"slider_start":100,"sprites":"mints","response":80,"absDeviation":41,"callibration":"test","block":4,"seed":69,"numerosity":121,"matchType":"paired","which":"second","trial_type":"numerosity-estimation","trial_index":84,"time_elapsed":747951,"subject_id":"76083"},{"rt":8729,"stimulus":71,"slider_start":100,"sprites":"buttons","response":89,"absDeviation":18,"callibration":"test","block":4,"seed":71,"numerosity":107,"matchType":"unpaired","which":"first","trial_type":"numerosity-estimation","trial_index":85,"time_elapsed":756682,"subject_id":"76083"},{"rt":5608,"stimulus":72,"slider_start":100,"sprites":"animalCrackers","response":37,"absDeviation":13,"callibration":"test","block":4,"seed":72,"numerosity":50,"matchType":"unpaired","which":"first","trial_type":"numerosity-estimation","trial_index":86,"time_elapsed":762291,"subject_id":"76083"},{"rt":8886,"stimulus":73,"slider_start":100,"sprites":"letters","response":55,"absDeviation":23,"callibration":"test","block":4,"seed":73,"numerosity":78,"matchType":"paired","which":"first","trial_type":"numerosity-estimation","trial_index":87,"time_elapsed":771179,"subject_id":"76083"},{"rt":3128,"stimulus":73,"slider_start":100,"sprites":"letters","response":54,"absDeviation":24,"callibration":"test","block":4,"seed":73,"numerosity":78,"matchType":"paired","which":"second","trial_type":"numerosity-estimation","trial_index":88,"time_elapsed":774308,"subject_id":"76083"},{"rt":4676,"stimulus":75,"slider_start":100,"sprites":"hearts","response":63,"absDeviation":29,"callibration":"test","block":4,"seed":75,"numerosity":92,"matchType":"unpaired","which":"first","trial_type":"numerosity-estimation","trial_index":89,"time_elapsed":778984,"subject_id":"76083"},{"rt":9058,"stimulus":76,"slider_start":100,"sprites":"crackers","response":56,"absDeviation":8,"callibration":"test","block":4,"seed":76,"numerosity":64,"matchType":"unpaired","which":"first","trial_type":"numerosity-estimation","trial_index":90,"time_elapsed":788043,"subject_id":"76083"},{"rt":7281,"stimulus":77,"slider_start":100,"sprites":"bears","response":91,"absDeviation":44,"callibration":"test","block":4,"seed":77,"numerosity":135,"matchType":"paired","which":"first","trial_type":"numerosity-estimation","trial_index":91,"time_elapsed":795325,"subject_id":"76083"},{"rt":4552,"stimulus":77,"slider_start":100,"sprites":"bears","response":88,"absDeviation":47,"callibration":"test","block":4,"seed":77,"numerosity":135,"matchType":"paired","which":"second","trial_type":"numerosity-estimation","trial_index":92,"time_elapsed":799879,"subject_id":"76083"},{"rt":6536,"stimulus":79,"slider_start":100,"sprites":"jellyBeans","response":43,"absDeviation":7,"callibration":"test","block":4,"seed":79,"numerosity":50,"matchType":"unpaired","which":"first","trial_type":"numerosity-estimation","trial_index":93,"time_elapsed":806415,"subject_id":"76083"},{"rt":7748,"stimulus":80,"slider_start":100,"sprites":"marbles","response":63,"absDeviation":58,"callibration":"test","block":4,"seed":80,"numerosity":121,"matchType":"unpaired","which":"first","trial_type":"numerosity-estimation","trial_index":94,"time_elapsed":814165,"subject_id":"76083"},{"rt":4475,"stimulus":"<p> For the last block of trials, the average deviation of your guesses from correct answers was 35.</p>\n     <p>The smaller the deviation the better.  Your deviation was <b> good</b>.</p><br>\n       <p>Press any key to continue to the next block of trials</p>","response":" ","trial_type":"html-keyboard-response","trial_index":95,"time_elapsed":818640,"subject_id":"76083"},{"rt":9360,"stimulus":81,"slider_start":100,"sprites":"mints","response":96,"absDeviation":25,"callibration":"test","block":5,"seed":81,"numerosity":121,"matchType":"paired","which":"first","trial_type":"numerosity-estimation","trial_index":96,"time_elapsed":828002,"subject_id":"76083"},{"rt":3813,"stimulus":81,"slider_start":100,"sprites":"mints","response":91,"absDeviation":30,"callibration":"test","block":5,"seed":81,"numerosity":121,"matchType":"paired","which":"second","trial_type":"numerosity-estimation","trial_index":97,"time_elapsed":831816,"subject_id":"76083"},{"rt":6800,"stimulus":83,"slider_start":100,"sprites":"buttons","response":104,"absDeviation":17,"callibration":"test","block":5,"seed":83,"numerosity":121,"matchType":"unpaired","which":"first","trial_type":"numerosity-estimation","trial_index":98,"time_elapsed":838617,"subject_id":"76083"},{"rt":8086,"stimulus":84,"slider_start":100,"sprites":"animalCrackers","response":42,"absDeviation":8,"callibration":"test","block":5,"seed":84,"numerosity":50,"matchType":"unpaired","which":"first","trial_type":"numerosity-estimation","trial_index":99,"time_elapsed":846704,"subject_id":"76083"},{"rt":8635,"stimulus":85,"slider_start":100,"sprites":"letters","response":43,"absDeviation":21,"callibration":"test","block":5,"seed":85,"numerosity":64,"matchType":"paired","which":"first","trial_type":"numerosity-estimation","trial_index":100,"time_elapsed":855341,"subject_id":"76083"},{"rt":7607,"stimulus":85,"slider_start":100,"sprites":"letters","response":49,"absDeviation":15,"callibration":"test","block":5,"seed":85,"numerosity":64,"matchType":"paired","which":"second","trial_type":"numerosity-estimation","trial_index":101,"time_elapsed":862948,"subject_id":"76083"},{"rt":12969,"stimulus":87,"slider_start":100,"sprites":"hearts","response":56,"absDeviation":6,"callibration":"test","block":5,"seed":87,"numerosity":50,"matchType":"unpaired","which":"first","trial_type":"numerosity-estimation","trial_index":102,"time_elapsed":875918,"subject_id":"76083"},{"rt":6044,"stimulus":88,"slider_start":100,"sprites":"crackers","response":120,"absDeviation":15,"callibration":"test","block":5,"seed":88,"numerosity":135,"matchType":"unpaired","which":"first","trial_type":"numerosity-estimation","trial_index":103,"time_elapsed":881963,"subject_id":"76083"},{"rt":5235,"stimulus":89,"slider_start":100,"sprites":"bears","response":57,"absDeviation":7,"callibration":"test","block":5,"seed":89,"numerosity":50,"matchType":"paired","which":"first","trial_type":"numerosity-estimation","trial_index":104,"time_elapsed":887200,"subject_id":"76083"},{"rt":8417,"stimulus":89,"slider_start":100,"sprites":"bears","response":60,"absDeviation":10,"callibration":"test","block":5,"seed":89,"numerosity":50,"matchType":"paired","which":"second","trial_type":"numerosity-estimation","trial_index":105,"time_elapsed":895618,"subject_id":"76083"},{"rt":7838,"stimulus":91,"slider_start":100,"sprites":"jellyBeans","response":74,"absDeviation":18,"callibration":"test","block":5,"seed":91,"numerosity":92,"matchType":"unpaired","which":"first","trial_type":"numerosity-estimation","trial_index":106,"time_elapsed":903456,"subject_id":"76083"},{"rt":8089,"stimulus":92,"slider_start":100,"sprites":"marbles","response":67,"absDeviation":54,"callibration":"test","block":5,"seed":92,"numerosity":121,"matchType":"unpaired","which":"first","trial_type":"numerosity-estimation","trial_index":107,"time_elapsed":911546,"subject_id":"76083"},{"rt":9652,"stimulus":93,"slider_start":100,"sprites":"mints","response":95,"absDeviation":17,"callibration":"test","block":5,"seed":93,"numerosity":78,"matchType":"paired","which":"first","trial_type":"numerosity-estimation","trial_index":108,"time_elapsed":921199,"subject_id":"76083"},{"rt":4036,"stimulus":93,"slider_start":100,"sprites":"mints","response":82,"absDeviation":4,"callibration":"test","block":5,"seed":93,"numerosity":78,"matchType":"paired","which":"second","trial_type":"numerosity-estimation","trial_index":109,"time_elapsed":925237,"subject_id":"76083"},{"rt":11279,"stimulus":95,"slider_start":100,"sprites":"buttons","response":70,"absDeviation":6,"callibration":"test","block":5,"seed":95,"numerosity":64,"matchType":"unpaired","which":"first","trial_type":"numerosity-estimation","trial_index":110,"time_elapsed":936517,"subject_id":"76083"},{"rt":6369,"stimulus":96,"slider_start":100,"sprites":"animalCrackers","response":95,"absDeviation":3,"callibration":"test","block":5,"seed":96,"numerosity":92,"matchType":"unpaired","which":"first","trial_type":"numerosity-estimation","trial_index":111,"time_elapsed":942887,"subject_id":"76083"},{"rt":1802,"stimulus":"<p> For the last block of trials, the average deviation of your guesses from correct answers was 16.</p>\n     <p>The smaller the deviation the better.  Your deviation was <b> VERY good</b>.</p><br>\n       <p>Press any key to continue to the next block of trials</p>","response":" ","trial_type":"html-keyboard-response","trial_index":112,"time_elapsed":944689,"subject_id":"76083"},{"rt":8223,"stimulus":2,"slider_start":100,"sprites":"butterflies","response":75,"absDeviation":60,"callibration":"test","block":6,"seed":2,"numerosity":135,"matchType":"paired","which":"first","trial_type":"numerosity-estimation","trial_index":113,"time_elapsed":952913,"subject_id":"76083"},{"rt":10043,"stimulus":2,"slider_start":100,"sprites":"butterflies","response":83,"absDeviation":52,"callibration":"test","block":6,"seed":2,"numerosity":135,"matchType":"paired","which":"second","trial_type":"numerosity-estimation","trial_index":114,"time_elapsed":962957,"subject_id":"76083"},{"rt":8805,"stimulus":3,"slider_start":100,"sprites":"hearts","response":60,"absDeviation":10,"callibration":"test","block":6,"seed":3,"numerosity":50,"matchType":"unpaired","which":"second","trial_type":"numerosity-estimation","trial_index":115,"time_elapsed":971763,"subject_id":"76083"},{"rt":4093,"stimulus":4,"slider_start":100,"sprites":"crackers","response":95,"absDeviation":12,"callibration":"test","block":6,"seed":4,"numerosity":107,"matchType":"unpaired","which":"second","trial_type":"numerosity-estimation","trial_index":116,"time_elapsed":975858,"subject_id":"76083"},{"rt":8233,"stimulus":6,"slider_start":100,"sprites":"fruits","response":62,"absDeviation":16,"callibration":"test","block":6,"seed":6,"numerosity":78,"matchType":"paired","which":"first","trial_type":"numerosity-estimation","trial_index":117,"time_elapsed":984092,"subject_id":"76083"},{"rt":8186,"stimulus":6,"slider_start":100,"sprites":"fruits","response":69,"absDeviation":9,"callibration":"test","block":6,"seed":6,"numerosity":78,"matchType":"paired","which":"second","trial_type":"numerosity-estimation","trial_index":118,"time_elapsed":992279,"subject_id":"76083"},{"rt":7274,"stimulus":7,"slider_start":100,"sprites":"jellyBeans","response":40,"absDeviation":10,"callibration":"test","block":6,"seed":7,"numerosity":50,"matchType":"unpaired","which":"second","trial_type":"numerosity-estimation","trial_index":119,"time_elapsed":999554,"subject_id":"76083"},{"rt":5274,"stimulus":8,"slider_start":100,"sprites":"marbles","response":64,"absDeviation":28,"callibration":"test","block":6,"seed":8,"numerosity":92,"matchType":"unpaired","which":"second","trial_type":"numerosity-estimation","trial_index":120,"time_elapsed":1004830,"subject_id":"76083"},{"rt":8524,"stimulus":10,"slider_start":100,"sprites":"rocks","response":43,"absDeviation":7,"callibration":"test","block":6,"seed":10,"numerosity":50,"matchType":"paired","which":"first","trial_type":"numerosity-estimation","trial_index":121,"time_elapsed":1013355,"subject_id":"76083"},{"rt":7472,"stimulus":10,"slider_start":100,"sprites":"rocks","response":53,"absDeviation":3,"callibration":"test","block":6,"seed":10,"numerosity":50,"matchType":"paired","which":"second","trial_type":"numerosity-estimation","trial_index":122,"time_elapsed":1020828,"subject_id":"76083"},{"rt":7876,"stimulus":11,"slider_start":100,"sprites":"buttons","response":100,"absDeviation":7,"callibration":"test","block":6,"seed":11,"numerosity":107,"matchType":"unpaired","which":"second","trial_type":"numerosity-estimation","trial_index":123,"time_elapsed":1028705,"subject_id":"76083"},{"rt":6663,"stimulus":12,"slider_start":100,"sprites":"animalCrackers","response":87,"absDeviation":5,"callibration":"test","block":6,"seed":12,"numerosity":92,"matchType":"unpaired","which":"second","trial_type":"numerosity-estimation","trial_index":124,"time_elapsed":1035369,"subject_id":"76083"},{"rt":6797,"stimulus":14,"slider_start":100,"sprites":"butterflies","response":92,"absDeviation":58,"callibration":"test","block":6,"seed":14,"numerosity":150,"matchType":"paired","which":"first","trial_type":"numerosity-estimation","trial_index":125,"time_elapsed":1042168,"subject_id":"76083"},{"rt":3839,"stimulus":14,"slider_start":100,"sprites":"butterflies","response":82,"absDeviation":68,"callibration":"test","block":6,"seed":14,"numerosity":150,"matchType":"paired","which":"second","trial_type":"numerosity-estimation","trial_index":126,"time_elapsed":1046008,"subject_id":"76083"},{"rt":4220,"stimulus":15,"slider_start":100,"sprites":"hearts","response":109,"absDeviation":12,"callibration":"test","block":6,"seed":15,"numerosity":121,"matchType":"unpaired","which":"second","trial_type":"numerosity-estimation","trial_index":127,"time_elapsed":1050228,"subject_id":"76083"},{"rt":10231,"stimulus":16,"slider_start":100,"sprites":"crackers","response":65,"absDeviation":1,"callibration":"test","block":6,"seed":16,"numerosity":64,"matchType":"unpaired","which":"second","trial_type":"numerosity-estimation","trial_index":128,"time_elapsed":1060460,"subject_id":"76083"},{"rt":1451,"stimulus":"<p> For the last block of trials, the average deviation of your guesses from correct answers was 22.</p>\n     <p>The smaller the deviation the better.  Your deviation was <b> VERY good</b>.</p><br>\n       <p>Press any key to continue to the next block of trials</p>","response":" ","trial_type":"html-keyboard-response","trial_index":129,"time_elapsed":1061912,"subject_id":"76083"},{"rt":8828,"stimulus":18,"slider_start":100,"sprites":"fruits","response":76,"absDeviation":31,"callibration":"test","block":7,"seed":18,"numerosity":107,"matchType":"paired","which":"first","trial_type":"numerosity-estimation","trial_index":130,"time_elapsed":1070743,"subject_id":"76083"},{"rt":8956,"stimulus":18,"slider_start":100,"sprites":"fruits","response":82,"absDeviation":25,"callibration":"test","block":7,"seed":18,"numerosity":107,"matchType":"paired","which":"second","trial_type":"numerosity-estimation","trial_index":131,"time_elapsed":1079701,"subject_id":"76083"},{"rt":10725,"stimulus":19,"slider_start":100,"sprites":"jellyBeans","response":109,"absDeviation":26,"callibration":"test","block":7,"seed":19,"numerosity":135,"matchType":"unpaired","which":"second","trial_type":"numerosity-estimation","trial_index":132,"time_elapsed":1090427,"subject_id":"76083"},{"rt":9144,"stimulus":20,"slider_start":100,"sprites":"marbles","response":74,"absDeviation":4,"callibration":"test","block":7,"seed":20,"numerosity":78,"matchType":"unpaired","which":"second","trial_type":"numerosity-estimation","trial_index":133,"time_elapsed":1099571,"subject_id":"76083"},{"rt":7769,"stimulus":22,"slider_start":100,"sprites":"rocks","response":81,"absDeviation":11,"callibration":"test","block":7,"seed":22,"numerosity":92,"matchType":"paired","which":"first","trial_type":"numerosity-estimation","trial_index":134,"time_elapsed":1107342,"subject_id":"76083"},{"rt":6552,"stimulus":22,"slider_start":100,"sprites":"rocks","response":71,"absDeviation":21,"callibration":"test","block":7,"seed":22,"numerosity":92,"matchType":"paired","which":"second","trial_type":"numerosity-estimation","trial_index":135,"time_elapsed":1113895,"subject_id":"76083"},{"rt":5315,"stimulus":23,"slider_start":100,"sprites":"buttons","response":135,"absDeviation":15,"callibration":"test","block":7,"seed":23,"numerosity":150,"matchType":"unpaired","which":"second","trial_type":"numerosity-estimation","trial_index":136,"time_elapsed":1119211,"subject_id":"76083"},{"rt":4854,"stimulus":24,"slider_start":100,"sprites":"animalCrackers","response":113,"absDeviation":6,"callibration":"test","block":7,"seed":24,"numerosity":107,"matchType":"unpaired","which":"second","trial_type":"numerosity-estimation","trial_index":137,"time_elapsed":1124066,"subject_id":"76083"},{"rt":8020,"stimulus":26,"slider_start":100,"sprites":"butterflies","response":66,"absDeviation":26,"callibration":"test","block":7,"seed":26,"numerosity":92,"matchType":"paired","which":"first","trial_type":"numerosity-estimation","trial_index":138,"time_elapsed":1132087,"subject_id":"76083"},{"rt":4973,"stimulus":26,"slider_start":100,"sprites":"butterflies","response":56,"absDeviation":36,"callibration":"test","block":7,"seed":26,"numerosity":92,"matchType":"paired","which":"second","trial_type":"numerosity-estimation","trial_index":139,"time_elapsed":1137061,"subject_id":"76083"},{"rt":3149,"stimulus":27,"slider_start":100,"sprites":"hearts","response":110,"absDeviation":11,"callibration":"test","block":7,"seed":27,"numerosity":121,"matchType":"unpaired","which":"second","trial_type":"numerosity-estimation","trial_index":140,"time_elapsed":1140211,"subject_id":"76083"},{"rt":4910,"stimulus":28,"slider_start":100,"sprites":"crackers","response":147,"absDeviation":3,"callibration":"test","block":7,"seed":28,"numerosity":150,"matchType":"unpaired","which":"second","trial_type":"numerosity-estimation","trial_index":141,"time_elapsed":1145123,"subject_id":"76083"},{"rt":9498,"stimulus":30,"slider_start":100,"sprites":"fruits","response":71,"absDeviation":36,"callibration":"test","block":7,"seed":30,"numerosity":107,"matchType":"paired","which":"first","trial_type":"numerosity-estimation","trial_index":142,"time_elapsed":1154622,"subject_id":"76083"},{"rt":6271,"stimulus":30,"slider_start":100,"sprites":"fruits","response":78,"absDeviation":29,"callibration":"test","block":7,"seed":30,"numerosity":107,"matchType":"paired","which":"second","trial_type":"numerosity-estimation","trial_index":143,"time_elapsed":1160894,"subject_id":"76083"},{"rt":4996,"stimulus":31,"slider_start":100,"sprites":"jellyBeans","response":103,"absDeviation":47,"callibration":"test","block":7,"seed":31,"numerosity":150,"matchType":"unpaired","which":"second","trial_type":"numerosity-estimation","trial_index":144,"time_elapsed":1165891,"subject_id":"76083"},{"rt":8533,"stimulus":32,"slider_start":100,"sprites":"marbles","response":88,"absDeviation":47,"callibration":"test","block":7,"seed":32,"numerosity":135,"matchType":"unpaired","which":"second","trial_type":"numerosity-estimation","trial_index":145,"time_elapsed":1174425,"subject_id":"76083"},{"rt":1471,"stimulus":"<p> For the last block of trials, the average deviation of your guesses from correct answers was 23.</p>\n     <p>The smaller the deviation the better.  Your deviation was <b> VERY good</b>.</p><br>\n       <p>Press any key to continue to the next block of trials</p>","response":" ","trial_type":"html-keyboard-response","trial_index":146,"time_elapsed":1175896,"subject_id":"76083"},{"rt":8146,"stimulus":34,"slider_start":100,"sprites":"rocks","response":60,"absDeviation":10,"callibration":"test","block":8,"seed":34,"numerosity":50,"matchType":"paired","which":"first","trial_type":"numerosity-estimation","trial_index":147,"time_elapsed":1184046,"subject_id":"76083"},{"rt":4783,"stimulus":34,"slider_start":100,"sprites":"rocks","response":42,"absDeviation":8,"callibration":"test","block":8,"seed":34,"numerosity":50,"matchType":"paired","which":"second","trial_type":"numerosity-estimation","trial_index":148,"time_elapsed":1188830,"subject_id":"76083"},{"rt":8480,"stimulus":35,"slider_start":100,"sprites":"buttons","response":65,"absDeviation":13,"callibration":"test","block":8,"seed":35,"numerosity":78,"matchType":"unpaired","which":"second","trial_type":"numerosity-estimation","trial_index":149,"time_elapsed":1197311,"subject_id":"76083"},{"rt":3308,"stimulus":36,"slider_start":100,"sprites":"animalCrackers","response":44,"absDeviation":6,"callibration":"test","block":8,"seed":36,"numerosity":50,"matchType":"unpaired","which":"second","trial_type":"numerosity-estimation","trial_index":150,"time_elapsed":1200620,"subject_id":"76083"},{"rt":4775,"stimulus":38,"slider_start":100,"sprites":"butterflies","response":56,"absDeviation":22,"callibration":"test","block":8,"seed":38,"numerosity":78,"matchType":"paired","which":"first","trial_type":"numerosity-estimation","trial_index":151,"time_elapsed":1205397,"subject_id":"76083"},{"rt":7473,"stimulus":38,"slider_start":100,"sprites":"butterflies","response":56,"absDeviation":22,"callibration":"test","block":8,"seed":38,"numerosity":78,"matchType":"paired","which":"second","trial_type":"numerosity-estimation","trial_index":152,"time_elapsed":1212871,"subject_id":"76083"},{"rt":6068,"stimulus":39,"slider_start":100,"sprites":"hearts","response":79,"absDeviation":1,"callibration":"test","block":8,"seed":39,"numerosity":78,"matchType":"unpaired","which":"second","trial_type":"numerosity-estimation","trial_index":153,"time_elapsed":1218940,"subject_id":"76083"},{"rt":4109,"stimulus":40,"slider_start":100,"sprites":"crackers","response":120,"absDeviation":1,"callibration":"test","block":8,"seed":40,"numerosity":121,"matchType":"unpaired","which":"second","trial_type":"numerosity-estimation","trial_index":154,"time_elapsed":1223050,"subject_id":"76083"},{"rt":10969,"stimulus":42,"slider_start":100,"sprites":"fruits","response":78,"absDeviation":0,"callibration":"test","block":8,"seed":42,"numerosity":78,"matchType":"paired","which":"first","trial_type":"numerosity-estimation","trial_index":155,"time_elapsed":1234020,"subject_id":"76083"},{"rt":4458,"stimulus":42,"slider_start":100,"sprites":"fruits","response":75,"absDeviation":3,"callibration":"test","block":8,"seed":42,"numerosity":78,"matchType":"paired","which":"second","trial_type":"numerosity-estimation","trial_index":156,"time_elapsed":1238479,"subject_id":"76083"},{"rt":7457,"stimulus":43,"slider_start":100,"sprites":"jellyBeans","response":54,"absDeviation":10,"callibration":"test","block":8,"seed":43,"numerosity":64,"matchType":"unpaired","which":"second","trial_type":"numerosity-estimation","trial_index":157,"time_elapsed":1245938,"subject_id":"76083"},{"rt":13084,"stimulus":44,"slider_start":100,"sprites":"marbles","response":71,"absDeviation":50,"callibration":"test","block":8,"seed":44,"numerosity":121,"matchType":"unpaired","which":"second","trial_type":"numerosity-estimation","trial_index":158,"time_elapsed":1259022,"subject_id":"76083"},{"rt":4829,"stimulus":46,"slider_start":100,"sprites":"rocks","response":87,"absDeviation":20,"callibration":"test","block":8,"seed":46,"numerosity":107,"matchType":"paired","which":"first","trial_type":"numerosity-estimation","trial_index":159,"time_elapsed":1263852,"subject_id":"76083"},{"rt":4560,"stimulus":46,"slider_start":100,"sprites":"rocks","response":81,"absDeviation":26,"callibration":"test","block":8,"seed":46,"numerosity":107,"matchType":"paired","which":"second","trial_type":"numerosity-estimation","trial_index":160,"time_elapsed":1268414,"subject_id":"76083"},{"rt":4290,"stimulus":47,"slider_start":100,"sprites":"buttons","response":110,"absDeviation":11,"callibration":"test","block":8,"seed":47,"numerosity":121,"matchType":"unpaired","which":"second","trial_type":"numerosity-estimation","trial_index":161,"time_elapsed":1272705,"subject_id":"76083"},{"rt":6124,"stimulus":48,"slider_start":100,"sprites":"animalCrackers","response":97,"absDeviation":38,"callibration":"test","block":8,"seed":48,"numerosity":135,"matchType":"unpaired","which":"second","trial_type":"numerosity-estimation","trial_index":162,"time_elapsed":1278831,"subject_id":"76083"},{"rt":1051,"stimulus":"<p> For the last block of trials, the average deviation of your guesses from correct answers was 15.</p>\n     <p>The smaller the deviation the better.  Your deviation was <b> VERY good</b>.</p><br>\n       <p>Press any key to continue to the next block of trials</p>","response":" ","trial_type":"html-keyboard-response","trial_index":163,"time_elapsed":1279883,"subject_id":"76083"},{"rt":8371,"stimulus":50,"slider_start":100,"sprites":"butterflies","response":81,"absDeviation":69,"callibration":"test","block":9,"seed":50,"numerosity":150,"matchType":"paired","which":"first","trial_type":"numerosity-estimation","trial_index":164,"time_elapsed":1288257,"subject_id":"76083"},{"rt":3220,"stimulus":50,"slider_start":100,"sprites":"butterflies","response":93,"absDeviation":57,"callibration":"test","block":9,"seed":50,"numerosity":150,"matchType":"paired","which":"second","trial_type":"numerosity-estimation","trial_index":165,"time_elapsed":1291478,"subject_id":"76083"},{"rt":3919,"stimulus":51,"slider_start":100,"sprites":"hearts","response":115,"absDeviation":35,"callibration":"test","block":9,"seed":51,"numerosity":150,"matchType":"unpaired","which":"second","trial_type":"numerosity-estimation","trial_index":166,"time_elapsed":1295398,"subject_id":"76083"},{"rt":6798,"stimulus":52,"slider_start":100,"sprites":"crackers","response":66,"absDeviation":12,"callibration":"test","block":9,"seed":52,"numerosity":78,"matchType":"unpaired","which":"second","trial_type":"numerosity-estimation","trial_index":167,"time_elapsed":1302197,"subject_id":"76083"},{"rt":3513,"stimulus":54,"slider_start":100,"sprites":"fruits","response":80,"absDeviation":12,"callibration":"test","block":9,"seed":54,"numerosity":92,"matchType":"paired","which":"first","trial_type":"numerosity-estimation","trial_index":168,"time_elapsed":1305711,"subject_id":"76083"},{"rt":6393,"stimulus":54,"slider_start":100,"sprites":"fruits","response":75,"absDeviation":17,"callibration":"test","block":9,"seed":54,"numerosity":92,"matchType":"paired","which":"second","trial_type":"numerosity-estimation","trial_index":169,"time_elapsed":1312105,"subject_id":"76083"},{"rt":10069,"stimulus":55,"slider_start":100,"sprites":"jellyBeans","response":90,"absDeviation":31,"callibration":"test","block":9,"seed":55,"numerosity":121,"matchType":"unpaired","which":"second","trial_type":"numerosity-estimation","trial_index":170,"time_elapsed":1322175,"subject_id":"76083"},{"rt":5275,"stimulus":56,"slider_start":100,"sprites":"marbles","response":54,"absDeviation":10,"callibration":"test","block":9,"seed":56,"numerosity":64,"matchType":"unpaired","which":"second","trial_type":"numerosity-estimation","trial_index":171,"time_elapsed":1327451,"subject_id":"76083"},{"rt":2896,"stimulus":58,"slider_start":100,"sprites":"rocks","response":91,"absDeviation":30,"callibration":"test","block":9,"seed":58,"numerosity":121,"matchType":"paired","which":"first","trial_type":"numerosity-estimation","trial_index":172,"time_elapsed":1330347,"subject_id":"76083"},{"rt":4085,"stimulus":58,"slider_start":100,"sprites":"rocks","response":86,"absDeviation":35,"callibration":"test","block":9,"seed":58,"numerosity":121,"matchType":"paired","which":"second","trial_type":"numerosity-estimation","trial_index":173,"time_elapsed":1334433,"subject_id":"76083"},{"rt":5186,"stimulus":59,"slider_start":100,"sprites":"buttons","response":118,"absDeviation":17,"callibration":"test","block":9,"seed":59,"numerosity":135,"matchType":"unpaired","which":"second","trial_type":"numerosity-estimation","trial_index":174,"time_elapsed":1339620,"subject_id":"76083"},{"rt":2927,"stimulus":60,"slider_start":100,"sprites":"animalCrackers","response":127,"absDeviation":23,"callibration":"test","block":9,"seed":60,"numerosity":150,"matchType":"unpaired","which":"second","trial_type":"numerosity-estimation","trial_index":175,"time_elapsed":1342549,"subject_id":"76083"},{"rt":6930,"stimulus":62,"slider_start":100,"sprites":"butterflies","response":97,"absDeviation":38,"callibration":"test","block":9,"seed":62,"numerosity":135,"matchType":"paired","which":"first","trial_type":"numerosity-estimation","trial_index":176,"time_elapsed":1349480,"subject_id":"76083"},{"rt":4663,"stimulus":62,"slider_start":100,"sprites":"butterflies","response":89,"absDeviation":46,"callibration":"test","block":9,"seed":62,"numerosity":135,"matchType":"paired","which":"second","trial_type":"numerosity-estimation","trial_index":177,"time_elapsed":1354145,"subject_id":"76083"},{"rt":8473,"stimulus":63,"slider_start":100,"sprites":"hearts","response":72,"absDeviation":8,"callibration":"test","block":9,"seed":63,"numerosity":64,"matchType":"unpaired","which":"second","trial_type":"numerosity-estimation","trial_index":178,"time_elapsed":1362620,"subject_id":"76083"},{"rt":4902,"stimulus":64,"slider_start":100,"sprites":"crackers","response":120,"absDeviation":15,"callibration":"test","block":9,"seed":64,"numerosity":135,"matchType":"unpaired","which":"second","trial_type":"numerosity-estimation","trial_index":179,"time_elapsed":1367523,"subject_id":"76083"},{"rt":1182,"stimulus":"<p> For the last block of trials, the average deviation of your guesses from correct answers was 28.</p>\n     <p>The smaller the deviation the better.  Your deviation was <b> good</b>.</p><br>\n       <p>Press any key to continue to the next block of trials</p>","response":" ","trial_type":"html-keyboard-response","trial_index":180,"time_elapsed":1368706,"subject_id":"76083"},{"rt":4605,"stimulus":66,"slider_start":100,"sprites":"fruits","response":56,"absDeviation":8,"callibration":"test","block":10,"seed":66,"numerosity":64,"matchType":"paired","which":"first","trial_type":"numerosity-estimation","trial_index":181,"time_elapsed":1373313,"subject_id":"76083"},{"rt":6203,"stimulus":66,"slider_start":100,"sprites":"fruits","response":64,"absDeviation":0,"callibration":"test","block":10,"seed":66,"numerosity":64,"matchType":"paired","which":"second","trial_type":"numerosity-estimation","trial_index":182,"time_elapsed":1379517,"subject_id":"76083"},{"rt":3680,"stimulus":67,"slider_start":100,"sprites":"jellyBeans","response":78,"absDeviation":29,"callibration":"test","block":10,"seed":67,"numerosity":107,"matchType":"unpaired","which":"second","trial_type":"numerosity-estimation","trial_index":183,"time_elapsed":1383199,"subject_id":"76083"},{"rt":3592,"stimulus":68,"slider_start":100,"sprites":"marbles","response":87,"absDeviation":63,"callibration":"test","block":10,"seed":68,"numerosity":150,"matchType":"unpaired","which":"second","trial_type":"numerosity-estimation","trial_index":184,"time_elapsed":1386792,"subject_id":"76083"},{"rt":7852,"stimulus":70,"slider_start":100,"sprites":"rocks","response":78,"absDeviation":14,"callibration":"test","block":10,"seed":70,"numerosity":92,"matchType":"paired","which":"first","trial_type":"numerosity-estimation","trial_index":185,"time_elapsed":1394646,"subject_id":"76083"},{"rt":5719,"stimulus":70,"slider_start":100,"sprites":"rocks","response":87,"absDeviation":5,"callibration":"test","block":10,"seed":70,"numerosity":92,"matchType":"paired","which":"second","trial_type":"numerosity-estimation","trial_index":186,"time_elapsed":1400366,"subject_id":"76083"},{"rt":2695,"stimulus":71,"slider_start":100,"sprites":"buttons","response":105,"absDeviation":2,"callibration":"test","block":10,"seed":71,"numerosity":107,"matchType":"unpaired","which":"second","trial_type":"numerosity-estimation","trial_index":187,"time_elapsed":1403062,"subject_id":"76083"},{"rt":6243,"stimulus":72,"slider_start":100,"sprites":"animalCrackers","response":48,"absDeviation":2,"callibration":"test","block":10,"seed":72,"numerosity":50,"matchType":"unpaired","which":"second","trial_type":"numerosity-estimation","trial_index":188,"time_elapsed":1409306,"subject_id":"76083"},{"rt":6782,"stimulus":74,"slider_start":100,"sprites":"butterflies","response":45,"absDeviation":19,"callibration":"test","block":10,"seed":74,"numerosity":64,"matchType":"paired","which":"first","trial_type":"numerosity-estimation","trial_index":189,"time_elapsed":1416089,"subject_id":"76083"},{"rt":6171,"stimulus":74,"slider_start":100,"sprites":"butterflies","response":48,"absDeviation":16,"callibration":"test","block":10,"seed":74,"numerosity":64,"matchType":"paired","which":"second","trial_type":"numerosity-estimation","trial_index":190,"time_elapsed":1422262,"subject_id":"76083"},{"rt":12153,"stimulus":75,"slider_start":100,"sprites":"hearts","response":67,"absDeviation":25,"callibration":"test","block":10,"seed":75,"numerosity":92,"matchType":"unpaired","which":"second","trial_type":"numerosity-estimation","trial_index":191,"time_elapsed":1434416,"subject_id":"76083"},{"rt":4393,"stimulus":76,"slider_start":100,"sprites":"crackers","response":67,"absDeviation":3,"callibration":"test","block":10,"seed":76,"numerosity":64,"matchType":"unpaired","which":"second","trial_type":"numerosity-estimation","trial_index":192,"time_elapsed":1438810,"subject_id":"76083"},{"rt":6212,"stimulus":78,"slider_start":100,"sprites":"fruits","response":80,"absDeviation":16,"callibration":"test","block":10,"seed":78,"numerosity":64,"matchType":"paired","which":"first","trial_type":"numerosity-estimation","trial_index":193,"time_elapsed":1445022,"subject_id":"76083"},{"rt":8765,"stimulus":78,"slider_start":100,"sprites":"fruits","response":72,"absDeviation":8,"callibration":"test","block":10,"seed":78,"numerosity":64,"matchType":"paired","which":"second","trial_type":"numerosity-estimation","trial_index":194,"time_elapsed":1453789,"subject_id":"76083"},{"rt":6393,"stimulus":79,"slider_start":100,"sprites":"jellyBeans","response":46,"absDeviation":4,"callibration":"test","block":10,"seed":79,"numerosity":50,"matchType":"unpaired","which":"second","trial_type":"numerosity-estimation","trial_index":195,"time_elapsed":1460183,"subject_id":"76083"},{"rt":5187,"stimulus":80,"slider_start":100,"sprites":"marbles","response":66,"absDeviation":55,"callibration":"test","block":10,"seed":80,"numerosity":121,"matchType":"unpaired","which":"second","trial_type":"numerosity-estimation","trial_index":196,"time_elapsed":1465372,"subject_id":"76083"},{"rt":1344,"stimulus":"<p> For the last block of trials, the average deviation of your guesses from correct answers was 17.</p>\n     <p>The smaller the deviation the better.  Your deviation was <b> VERY good</b>.</p><br>\n       <p>Press any key to continue to the next block of trials</p>","response":" ","trial_type":"html-keyboard-response","trial_index":197,"time_elapsed":1466716,"subject_id":"76083"},{"rt":10401,"stimulus":82,"slider_start":100,"sprites":"rocks","response":65,"absDeviation":1,"callibration":"test","block":11,"seed":82,"numerosity":64,"matchType":"paired","which":"first","trial_type":"numerosity-estimation","trial_index":198,"time_elapsed":1477120,"subject_id":"76083"},{"rt":4243,"stimulus":82,"slider_start":100,"sprites":"rocks","response":72,"absDeviation":8,"callibration":"test","block":11,"seed":82,"numerosity":64,"matchType":"paired","which":"second","trial_type":"numerosity-estimation","trial_index":199,"time_elapsed":1481364,"subject_id":"76083"},{"rt":4600,"stimulus":83,"slider_start":100,"sprites":"buttons","response":122,"absDeviation":1,"callibration":"test","block":11,"seed":83,"numerosity":121,"matchType":"unpaired","which":"second","trial_type":"numerosity-estimation","trial_index":200,"time_elapsed":1485965,"subject_id":"76083"},{"rt":7504,"stimulus":84,"slider_start":100,"sprites":"animalCrackers","response":71,"absDeviation":21,"callibration":"test","block":11,"seed":84,"numerosity":50,"matchType":"unpaired","which":"second","trial_type":"numerosity-estimation","trial_index":201,"time_elapsed":1493470,"subject_id":"76083"},{"rt":5408,"stimulus":86,"slider_start":100,"sprites":"butterflies","response":79,"absDeviation":42,"callibration":"test","block":11,"seed":86,"numerosity":121,"matchType":"paired","which":"first","trial_type":"numerosity-estimation","trial_index":202,"time_elapsed":1498879,"subject_id":"76083"},{"rt":4465,"stimulus":86,"slider_start":100,"sprites":"butterflies","response":71,"absDeviation":50,"callibration":"test","block":11,"seed":86,"numerosity":121,"matchType":"paired","which":"second","trial_type":"numerosity-estimation","trial_index":203,"time_elapsed":1503345,"subject_id":"76083"},{"rt":7868,"stimulus":87,"slider_start":100,"sprites":"hearts","response":58,"absDeviation":8,"callibration":"test","block":11,"seed":87,"numerosity":50,"matchType":"unpaired","which":"second","trial_type":"numerosity-estimation","trial_index":204,"time_elapsed":1511214,"subject_id":"76083"},{"rt":4640,"stimulus":88,"slider_start":100,"sprites":"crackers","response":126,"absDeviation":9,"callibration":"test","block":11,"seed":88,"numerosity":135,"matchType":"unpaired","which":"second","trial_type":"numerosity-estimation","trial_index":205,"time_elapsed":1515856,"subject_id":"76083"},{"rt":6106,"stimulus":90,"slider_start":100,"sprites":"fruits","response":140,"absDeviation":10,"callibration":"test","block":11,"seed":90,"numerosity":150,"matchType":"paired","which":"first","trial_type":"numerosity-estimation","trial_index":206,"time_elapsed":1521964,"subject_id":"76083"},{"rt":2751,"stimulus":90,"slider_start":100,"sprites":"fruits","response":140,"absDeviation":10,"callibration":"test","block":11,"seed":90,"numerosity":150,"matchType":"paired","which":"second","trial_type":"numerosity-estimation","trial_index":207,"time_elapsed":1524716,"subject_id":"76083"},{"rt":8282,"stimulus":91,"slider_start":100,"sprites":"jellyBeans","response":70,"absDeviation":22,"callibration":"test","block":11,"seed":91,"numerosity":92,"matchType":"unpaired","which":"second","trial_type":"numerosity-estimation","trial_index":208,"time_elapsed":1532998,"subject_id":"76083"},{"rt":10019,"stimulus":92,"slider_start":100,"sprites":"marbles","response":74,"absDeviation":47,"callibration":"test","block":11,"seed":92,"numerosity":121,"matchType":"unpaired","which":"second","trial_type":"numerosity-estimation","trial_index":209,"time_elapsed":1543019,"subject_id":"76083"},{"rt":4918,"stimulus":94,"slider_start":100,"sprites":"rocks","response":59,"absDeviation":19,"callibration":"test","block":11,"seed":94,"numerosity":78,"matchType":"paired","which":"first","trial_type":"numerosity-estimation","trial_index":210,"time_elapsed":1547938,"subject_id":"76083"},{"rt":2836,"stimulus":94,"slider_start":100,"sprites":"rocks","response":62,"absDeviation":16,"callibration":"test","block":11,"seed":94,"numerosity":78,"matchType":"paired","which":"second","trial_type":"numerosity-estimation","trial_index":211,"time_elapsed":1550775,"subject_id":"76083"},{"rt":6662,"stimulus":95,"slider_start":100,"sprites":"buttons","response":55,"absDeviation":9,"callibration":"test","block":11,"seed":95,"numerosity":64,"matchType":"unpaired","which":"second","trial_type":"numerosity-estimation","trial_index":212,"time_elapsed":1557439,"subject_id":"76083"},{"rt":6805,"stimulus":96,"slider_start":100,"sprites":"animalCrackers","response":81,"absDeviation":11,"callibration":"test","block":11,"seed":96,"numerosity":92,"matchType":"unpaired","which":"second","trial_type":"numerosity-estimation","trial_index":213,"time_elapsed":1564245,"subject_id":"76083"},{"rt":1312,"stimulus":"<p> For the last block of trials, the average deviation of your guesses from correct answers was 18.</p>\n     <p>The smaller the deviation the better.  Your deviation was <b> VERY good</b>.</p><br>\n       <p>Press any key to continue to the next block of trials</p>","response":" ","trial_type":"html-keyboard-response","trial_index":214,"time_elapsed":1565557,"subject_id":"76083"},{"rt":23056,"response":{"averageEstimates":"When the two displays occured back-to-back, in immediate succession.","firstOrSecond":"The second time the objects were shown"},"question_order":[0,1],"trial_type":"survey-multi-choice","trial_index":215,"time_elapsed":1588616,"subject_id":"76083"}]