[{"rt":17665,"url":"consent.html","trial_type":"external-html","trial_index":0,"time_elapsed":17689,"subject_id":"76001"},{"view_history":[{"page_index":0,"viewing_time":3269}],"rt":3269,"trial_type":"instructions","trial_index":1,"time_elapsed":20960,"subject_id":"76001"},{"rt":11251,"stimulus":0,"slider_start":100,"sprites":"animalCrackers","response":50,"absDeviation":0,"callibration":"callibration","block":-1,"seed":0,"numerosity":50,"matchType":"callibration","which":"first","trial_type":"numerosity-estimation","trial_index":2,"time_elapsed":32217,"subject_id":"76001"},{"rt":8982,"stimulus":1,"slider_start":100,"sprites":"letters","response":64,"absDeviation":0,"callibration":"callibration","block":-1,"seed":1,"numerosity":64,"matchType":"callibration","which":"first","trial_type":"numerosity-estimation","trial_index":3,"time_elapsed":41202,"subject_id":"76001"},{"rt":10492,"stimulus":2,"slider_start":100,"sprites":"butterflies","response":78,"absDeviation":0,"callibration":"callibration","block":-1,"seed":2,"numerosity":78,"matchType":"callibration","which":"first","trial_type":"numerosity-estimation","trial_index":4,"time_elapsed":51697,"subject_id":"76001"},{"rt":5241,"stimulus":3,"slider_start":100,"sprites":"hearts","response":92,"absDeviation":0,"callibration":"callibration","block":-1,"seed":3,"numerosity":92,"matchType":"callibration","which":"first","trial_type":"numerosity-estimation","trial_index":5,"time_elapsed":56941,"subject_id":"76001"},{"rt":11404,"stimulus":4,"slider_start":100,"sprites":"crackers","response":107,"absDeviation":0,"callibration":"callibration","block":-1,"seed":4,"numerosity":107,"matchType":"callibration","which":"first","trial_type":"numerosity-estimation","trial_index":6,"time_elapsed":68347,"subject_id":"76001"},{"rt":13333,"stimulus":5,"slider_start":100,"sprites":"bears","response":121,"absDeviation":0,"callibration":"callibration","block":-1,"seed":5,"numerosity":121,"matchType":"callibration","which":"first","trial_type":"numerosity-estimation","trial_index":7,"time_elapsed":81684,"subject_id":"76001"},{"rt":6204,"stimulus":6,"slider_start":100,"sprites":"fruits","response":135,"absDeviation":0,"callibration":"callibration","block":-1,"seed":6,"numerosity":135,"matchType":"callibration","which":"first","trial_type":"numerosity-estimation","trial_index":8,"time_elapsed":87891,"subject_id":"76001"},{"rt":6034,"stimulus":7,"slider_start":100,"sprites":"jellyBeans","response":150,"absDeviation":0,"callibration":"callibration","block":-1,"seed":7,"numerosity":150,"matchType":"callibration","which":"first","trial_type":"numerosity-estimation","trial_index":9,"time_elapsed":93928,"subject_id":"76001"},{"view_history":[{"page_index":0,"viewing_time":24603}],"rt":24603,"trial_type":"instructions","trial_index":10,"time_elapsed":118532,"subject_id":"76001"},{"rt":10636,"stimulus":1,"slider_start":100,"sprites":"letters","response":76,"absDeviation":16,"callibration":"test","block":0,"seed":1,"numerosity":92,"matchType":"paired","which":"first","trial_type":"numerosity-estimation","trial_index":11,"time_elapsed":129171,"subject_id":"76001"},{"rt":12697,"stimulus":1,"slider_start":100,"sprites":"letters","response":72,"absDeviation":20,"callibration":"test","block":0,"seed":1,"numerosity":92,"matchType":"paired","which":"second","trial_type":"numerosity-estimation","trial_index":12,"time_elapsed":141872,"subject_id":"76001"},{"rt":10684,"stimulus":3,"slider_start":100,"sprites":"hearts","response":49,"absDeviation":1,"callibration":"test","block":0,"seed":3,"numerosity":50,"matchType":"unpaired","which":"first","trial_type":"numerosity-estimation","trial_index":13,"time_elapsed":152558,"subject_id":"76001"},{"rt":9109,"stimulus":4,"slider_start":100,"sprites":"crackers","response":93,"absDeviation":14,"callibration":"test","block":0,"seed":4,"numerosity":107,"matchType":"unpaired","which":"first","trial_type":"numerosity-estimation","trial_index":14,"time_elapsed":161670,"subject_id":"76001"},{"rt":9298,"stimulus":5,"slider_start":100,"sprites":"bears","response":39,"absDeviation":11,"callibration":"test","block":0,"seed":5,"numerosity":50,"matchType":"paired","which":"first","trial_type":"numerosity-estimation","trial_index":15,"time_elapsed":170971,"subject_id":"76001"},{"rt":10941,"stimulus":5,"slider_start":100,"sprites":"bears","response":39,"absDeviation":11,"callibration":"test","block":0,"seed":5,"numerosity":50,"matchType":"paired","which":"second","trial_type":"numerosity-estimation","trial_index":16,"time_elapsed":181916,"subject_id":"76001"},{"rt":8760,"stimulus":7,"slider_start":100,"sprites":"jellyBeans","response":64,"absDeviation":14,"callibration":"test","block":0,"seed":7,"numerosity":50,"matchType":"unpaired","which":"first","trial_type":"numerosity-estimation","trial_index":17,"time_elapsed":190679,"subject_id":"76001"},{"rt":8514,"stimulus":8,"slider_start":100,"sprites":"marbles","response":75,"absDeviation":17,"callibration":"test","block":0,"seed":8,"numerosity":92,"matchType":"unpaired","which":"first","trial_type":"numerosity-estimation","trial_index":18,"time_elapsed":199197,"subject_id":"76001"},{"rt":7336,"stimulus":9,"slider_start":100,"sprites":"mints","response":137,"absDeviation":2,"callibration":"test","block":0,"seed":9,"numerosity":135,"matchType":"paired","which":"first","trial_type":"numerosity-estimation","trial_index":19,"time_elapsed":206535,"subject_id":"76001"},{"rt":2749,"stimulus":9,"slider_start":100,"sprites":"mints","response":134,"absDeviation":1,"callibration":"test","block":0,"seed":9,"numerosity":135,"matchType":"paired","which":"second","trial_type":"numerosity-estimation","trial_index":20,"time_elapsed":209288,"subject_id":"76001"},{"rt":2750,"stimulus":11,"slider_start":100,"sprites":"buttons","response":122,"absDeviation":15,"callibration":"test","block":0,"seed":11,"numerosity":107,"matchType":"unpaired","which":"first","trial_type":"numerosity-estimation","trial_index":21,"time_elapsed":212041,"subject_id":"76001"},{"rt":6111,"stimulus":12,"slider_start":100,"sprites":"animalCrackers","response":109,"absDeviation":17,"callibration":"test","block":0,"seed":12,"numerosity":92,"matchType":"unpaired","which":"first","trial_type":"numerosity-estimation","trial_index":22,"time_elapsed":218155,"subject_id":"76001"},{"rt":3397,"stimulus":13,"slider_start":100,"sprites":"letters","response":83,"absDeviation":24,"callibration":"test","block":0,"seed":13,"numerosity":107,"matchType":"paired","which":"first","trial_type":"numerosity-estimation","trial_index":23,"time_elapsed":221555,"subject_id":"76001"},{"rt":2536,"stimulus":13,"slider_start":100,"sprites":"letters","response":83,"absDeviation":24,"callibration":"test","block":0,"seed":13,"numerosity":107,"matchType":"paired","which":"second","trial_type":"numerosity-estimation","trial_index":24,"time_elapsed":224094,"subject_id":"76001"},{"rt":4109,"stimulus":15,"slider_start":100,"sprites":"hearts","response":156,"absDeviation":35,"callibration":"test","block":0,"seed":15,"numerosity":121,"matchType":"unpaired","which":"first","trial_type":"numerosity-estimation","trial_index":25,"time_elapsed":228207,"subject_id":"76001"},{"rt":2655,"stimulus":16,"slider_start":100,"sprites":"crackers","response":80,"absDeviation":16,"callibration":"test","block":0,"seed":16,"numerosity":64,"matchType":"unpaired","which":"first","trial_type":"numerosity-estimation","trial_index":26,"time_elapsed":230865,"subject_id":"76001"},{"rt":12819,"stimulus":"<p> For the last block of trials, the average deviation of your guesses from correct answers was 15.</p>\n     <p>The smaller the deviation the better.  Your deviation was <b> VERY good</b>.</p><br>\n       <p>Press any key to continue to the next block of trials</p>","response":"arrowright","trial_type":"html-keyboard-response","trial_index":27,"time_elapsed":243686,"subject_id":"76001"},{"rt":7563,"stimulus":17,"slider_start":100,"sprites":"bears","response":88,"absDeviation":4,"callibration":"test","block":1,"seed":17,"numerosity":92,"matchType":"paired","which":"first","trial_type":"numerosity-estimation","trial_index":28,"time_elapsed":251251,"subject_id":"76001"},{"rt":7036,"stimulus":17,"slider_start":100,"sprites":"bears","response":70,"absDeviation":22,"callibration":"test","block":1,"seed":17,"numerosity":92,"matchType":"paired","which":"second","trial_type":"numerosity-estimation","trial_index":29,"time_elapsed":258291,"subject_id":"76001"},{"rt":4007,"stimulus":19,"slider_start":100,"sprites":"jellyBeans","response":111,"absDeviation":24,"callibration":"test","block":1,"seed":19,"numerosity":135,"matchType":"unpaired","which":"first","trial_type":"numerosity-estimation","trial_index":30,"time_elapsed":262301,"subject_id":"76001"},{"rt":4204,"stimulus":20,"slider_start":100,"sprites":"marbles","response":64,"absDeviation":14,"callibration":"test","block":1,"seed":20,"numerosity":78,"matchType":"unpaired","which":"first","trial_type":"numerosity-estimation","trial_index":31,"time_elapsed":266508,"subject_id":"76001"},{"rt":8476,"stimulus":21,"slider_start":100,"sprites":"mints","response":122,"absDeviation":30,"callibration":"test","block":1,"seed":21,"numerosity":92,"matchType":"paired","which":"first","trial_type":"numerosity-estimation","trial_index":32,"time_elapsed":274988,"subject_id":"76001"},{"rt":3262,"stimulus":21,"slider_start":100,"sprites":"mints","response":119,"absDeviation":27,"callibration":"test","block":1,"seed":21,"numerosity":92,"matchType":"paired","which":"second","trial_type":"numerosity-estimation","trial_index":33,"time_elapsed":278253,"subject_id":"76001"},{"rt":2799,"stimulus":23,"slider_start":100,"sprites":"buttons","response":150,"absDeviation":0,"callibration":"test","block":1,"seed":23,"numerosity":150,"matchType":"unpaired","which":"first","trial_type":"numerosity-estimation","trial_index":34,"time_elapsed":281055,"subject_id":"76001"},{"rt":3373,"stimulus":24,"slider_start":100,"sprites":"animalCrackers","response":129,"absDeviation":22,"callibration":"test","block":1,"seed":24,"numerosity":107,"matchType":"unpaired","which":"first","trial_type":"numerosity-estimation","trial_index":35,"time_elapsed":284431,"subject_id":"76001"},{"rt":4300,"stimulus":25,"slider_start":100,"sprites":"letters","response":62,"absDeviation":45,"callibration":"test","block":1,"seed":25,"numerosity":107,"matchType":"paired","which":"first","trial_type":"numerosity-estimation","trial_index":36,"time_elapsed":288734,"subject_id":"76001"},{"rt":6552,"stimulus":25,"slider_start":100,"sprites":"letters","response":79,"absDeviation":28,"callibration":"test","block":1,"seed":25,"numerosity":107,"matchType":"paired","which":"second","trial_type":"numerosity-estimation","trial_index":37,"time_elapsed":295288,"subject_id":"76001"},{"rt":4122,"stimulus":27,"slider_start":100,"sprites":"hearts","response":134,"absDeviation":13,"callibration":"test","block":1,"seed":27,"numerosity":121,"matchType":"unpaired","which":"first","trial_type":"numerosity-estimation","trial_index":38,"time_elapsed":299411,"subject_id":"76001"},{"rt":5808,"stimulus":28,"slider_start":100,"sprites":"crackers","response":124,"absDeviation":26,"callibration":"test","block":1,"seed":28,"numerosity":150,"matchType":"unpaired","which":"first","trial_type":"numerosity-estimation","trial_index":39,"time_elapsed":305222,"subject_id":"76001"},{"rt":3598,"stimulus":29,"slider_start":100,"sprites":"bears","response":53,"absDeviation":11,"callibration":"test","block":1,"seed":29,"numerosity":64,"matchType":"paired","which":"first","trial_type":"numerosity-estimation","trial_index":40,"time_elapsed":308823,"subject_id":"76001"},{"rt":4749,"stimulus":29,"slider_start":100,"sprites":"bears","response":57,"absDeviation":7,"callibration":"test","block":1,"seed":29,"numerosity":64,"matchType":"paired","which":"second","trial_type":"numerosity-estimation","trial_index":41,"time_elapsed":313575,"subject_id":"76001"},{"rt":3865,"stimulus":31,"slider_start":100,"sprites":"jellyBeans","response":89,"absDeviation":61,"callibration":"test","block":1,"seed":31,"numerosity":150,"matchType":"unpaired","which":"first","trial_type":"numerosity-estimation","trial_index":42,"time_elapsed":317443,"subject_id":"76001"},{"rt":3818,"stimulus":32,"slider_start":100,"sprites":"marbles","response":87,"absDeviation":48,"callibration":"test","block":1,"seed":32,"numerosity":135,"matchType":"unpaired","which":"first","trial_type":"numerosity-estimation","trial_index":43,"time_elapsed":321264,"subject_id":"76001"},{"rt":5739,"stimulus":"<p> For the last block of trials, the average deviation of your guesses from correct answers was 24.</p>\n     <p>The smaller the deviation the better.  Your deviation was <b> VERY good</b>.</p><br>\n       <p>Press any key to continue to the next block of trials</p>","response":"arrowright","trial_type":"html-keyboard-response","trial_index":44,"time_elapsed":327005,"subject_id":"76001"},{"rt":6505,"stimulus":33,"slider_start":100,"sprites":"mints","response":76,"absDeviation":45,"callibration":"test","block":2,"seed":33,"numerosity":121,"matchType":"paired","which":"first","trial_type":"numerosity-estimation","trial_index":45,"time_elapsed":333513,"subject_id":"76001"},{"rt":7455,"stimulus":33,"slider_start":100,"sprites":"mints","response":70,"absDeviation":51,"callibration":"test","block":2,"seed":33,"numerosity":121,"matchType":"paired","which":"second","trial_type":"numerosity-estimation","trial_index":46,"time_elapsed":340971,"subject_id":"76001"},{"rt":6633,"stimulus":35,"slider_start":100,"sprites":"buttons","response":57,"absDeviation":21,"callibration":"test","block":2,"seed":35,"numerosity":78,"matchType":"unpaired","which":"first","trial_type":"numerosity-estimation","trial_index":47,"time_elapsed":347608,"subject_id":"76001"},{"rt":5414,"stimulus":36,"slider_start":100,"sprites":"animalCrackers","response":34,"absDeviation":16,"callibration":"test","block":2,"seed":36,"numerosity":50,"matchType":"unpaired","which":"first","trial_type":"numerosity-estimation","trial_index":48,"time_elapsed":353025,"subject_id":"76001"},{"rt":6458,"stimulus":37,"slider_start":100,"sprites":"letters","response":81,"absDeviation":54,"callibration":"test","block":2,"seed":37,"numerosity":135,"matchType":"paired","which":"first","trial_type":"numerosity-estimation","trial_index":49,"time_elapsed":359486,"subject_id":"76001"},{"rt":3856,"stimulus":37,"slider_start":100,"sprites":"letters","response":82,"absDeviation":53,"callibration":"test","block":2,"seed":37,"numerosity":135,"matchType":"paired","which":"second","trial_type":"numerosity-estimation","trial_index":50,"time_elapsed":363345,"subject_id":"76001"},{"rt":5875,"stimulus":39,"slider_start":100,"sprites":"hearts","response":62,"absDeviation":16,"callibration":"test","block":2,"seed":39,"numerosity":78,"matchType":"unpaired","which":"first","trial_type":"numerosity-estimation","trial_index":51,"time_elapsed":369223,"subject_id":"76001"},{"rt":4758,"stimulus":40,"slider_start":100,"sprites":"crackers","response":107,"absDeviation":14,"callibration":"test","block":2,"seed":40,"numerosity":121,"matchType":"unpaired","which":"first","trial_type":"numerosity-estimation","trial_index":52,"time_elapsed":373984,"subject_id":"76001"},{"rt":5611,"stimulus":41,"slider_start":100,"sprites":"bears","response":42,"absDeviation":8,"callibration":"test","block":2,"seed":41,"numerosity":50,"matchType":"paired","which":"first","trial_type":"numerosity-estimation","trial_index":53,"time_elapsed":379599,"subject_id":"76001"},{"rt":4062,"stimulus":41,"slider_start":100,"sprites":"bears","response":40,"absDeviation":10,"callibration":"test","block":2,"seed":41,"numerosity":50,"matchType":"paired","which":"second","trial_type":"numerosity-estimation","trial_index":54,"time_elapsed":383665,"subject_id":"76001"},{"rt":3106,"stimulus":43,"slider_start":100,"sprites":"jellyBeans","response":40,"absDeviation":24,"callibration":"test","block":2,"seed":43,"numerosity":64,"matchType":"unpaired","which":"first","trial_type":"numerosity-estimation","trial_index":55,"time_elapsed":386773,"subject_id":"76001"},{"rt":8262,"stimulus":44,"slider_start":100,"sprites":"marbles","response":93,"absDeviation":28,"callibration":"test","block":2,"seed":44,"numerosity":121,"matchType":"unpaired","which":"first","trial_type":"numerosity-estimation","trial_index":56,"time_elapsed":395038,"subject_id":"76001"},{"rt":5146,"stimulus":45,"slider_start":100,"sprites":"mints","response":74,"absDeviation":47,"callibration":"test","block":2,"seed":45,"numerosity":121,"matchType":"paired","which":"first","trial_type":"numerosity-estimation","trial_index":57,"time_elapsed":400188,"subject_id":"76001"},{"rt":5026,"stimulus":45,"slider_start":100,"sprites":"mints","response":93,"absDeviation":28,"callibration":"test","block":2,"seed":45,"numerosity":121,"matchType":"paired","which":"second","trial_type":"numerosity-estimation","trial_index":58,"time_elapsed":405217,"subject_id":"76001"},{"rt":4237,"stimulus":47,"slider_start":100,"sprites":"buttons","response":83,"absDeviation":38,"callibration":"test","block":2,"seed":47,"numerosity":121,"matchType":"unpaired","which":"first","trial_type":"numerosity-estimation","trial_index":59,"time_elapsed":409457,"subject_id":"76001"},{"rt":2922,"stimulus":48,"slider_start":100,"sprites":"animalCrackers","response":121,"absDeviation":14,"callibration":"test","block":2,"seed":48,"numerosity":135,"matchType":"unpaired","which":"first","trial_type":"numerosity-estimation","trial_index":60,"time_elapsed":412382,"subject_id":"76001"},{"rt":4106,"stimulus":"<p> For the last block of trials, the average deviation of your guesses from correct answers was 29.</p>\n     <p>The smaller the deviation the better.  Your deviation was <b> good</b>.</p><br>\n       <p>Press any key to continue to the next block of trials</p>","response":" ","trial_type":"html-keyboard-response","trial_index":61,"time_elapsed":416490,"subject_id":"76001"},{"rt":8255,"stimulus":49,"slider_start":100,"sprites":"letters","response":35,"absDeviation":43,"callibration":"test","block":3,"seed":49,"numerosity":78,"matchType":"paired","which":"first","trial_type":"numerosity-estimation","trial_index":62,"time_elapsed":424748,"subject_id":"76001"},{"rt":7662,"stimulus":49,"slider_start":100,"sprites":"letters","response":50,"absDeviation":28,"callibration":"test","block":3,"seed":49,"numerosity":78,"matchType":"paired","which":"second","trial_type":"numerosity-estimation","trial_index":63,"time_elapsed":432413,"subject_id":"76001"},{"rt":8285,"stimulus":51,"slider_start":100,"sprites":"hearts","response":153,"absDeviation":3,"callibration":"test","block":3,"seed":51,"numerosity":150,"matchType":"unpaired","which":"first","trial_type":"numerosity-estimation","trial_index":64,"time_elapsed":440702,"subject_id":"76001"},{"rt":7130,"stimulus":52,"slider_start":100,"sprites":"crackers","response":82,"absDeviation":4,"callibration":"test","block":3,"seed":52,"numerosity":78,"matchType":"unpaired","which":"first","trial_type":"numerosity-estimation","trial_index":65,"time_elapsed":447835,"subject_id":"76001"},{"rt":7092,"stimulus":53,"slider_start":100,"sprites":"bears","response":35,"absDeviation":15,"callibration":"test","block":3,"seed":53,"numerosity":50,"matchType":"paired","which":"first","trial_type":"numerosity-estimation","trial_index":66,"time_elapsed":454929,"subject_id":"76001"},{"rt":6569,"stimulus":53,"slider_start":100,"sprites":"bears","response":45,"absDeviation":5,"callibration":"test","block":3,"seed":53,"numerosity":50,"matchType":"paired","which":"second","trial_type":"numerosity-estimation","trial_index":67,"time_elapsed":461502,"subject_id":"76001"},{"rt":7438,"stimulus":55,"slider_start":100,"sprites":"jellyBeans","response":89,"absDeviation":32,"callibration":"test","block":3,"seed":55,"numerosity":121,"matchType":"unpaired","which":"first","trial_type":"numerosity-estimation","trial_index":68,"time_elapsed":468943,"subject_id":"76001"},{"rt":8516,"stimulus":56,"slider_start":100,"sprites":"marbles","response":46,"absDeviation":18,"callibration":"test","block":3,"seed":56,"numerosity":64,"matchType":"unpaired","which":"first","trial_type":"numerosity-estimation","trial_index":69,"time_elapsed":477463,"subject_id":"76001"},{"rt":5424,"stimulus":57,"slider_start":100,"sprites":"mints","response":34,"absDeviation":30,"callibration":"test","block":3,"seed":57,"numerosity":64,"matchType":"paired","which":"first","trial_type":"numerosity-estimation","trial_index":70,"time_elapsed":482890,"subject_id":"76001"},{"rt":4843,"stimulus":57,"slider_start":100,"sprites":"mints","response":36,"absDeviation":28,"callibration":"test","block":3,"seed":57,"numerosity":64,"matchType":"paired","which":"second","trial_type":"numerosity-estimation","trial_index":71,"time_elapsed":487736,"subject_id":"76001"},{"rt":17200,"stimulus":59,"slider_start":100,"sprites":"buttons","response":90,"absDeviation":45,"callibration":"test","block":3,"seed":59,"numerosity":135,"matchType":"unpaired","which":"first","trial_type":"numerosity-estimation","trial_index":72,"time_elapsed":504939,"subject_id":"76001"},{"rt":4844,"stimulus":60,"slider_start":100,"sprites":"animalCrackers","response":105,"absDeviation":45,"callibration":"test","block":3,"seed":60,"numerosity":150,"matchType":"unpaired","which":"first","trial_type":"numerosity-estimation","trial_index":73,"time_elapsed":509786,"subject_id":"76001"},{"rt":2868,"stimulus":61,"slider_start":100,"sprites":"letters","response":27,"absDeviation":23,"callibration":"test","block":3,"seed":61,"numerosity":50,"matchType":"paired","which":"first","trial_type":"numerosity-estimation","trial_index":74,"time_elapsed":512657,"subject_id":"76001"},{"rt":3784,"stimulus":61,"slider_start":100,"sprites":"letters","response":27,"absDeviation":23,"callibration":"test","block":3,"seed":61,"numerosity":50,"matchType":"paired","which":"second","trial_type":"numerosity-estimation","trial_index":75,"time_elapsed":516444,"subject_id":"76001"},{"rt":3137,"stimulus":63,"slider_start":100,"sprites":"hearts","response":35,"absDeviation":29,"callibration":"test","block":3,"seed":63,"numerosity":64,"matchType":"unpaired","which":"first","trial_type":"numerosity-estimation","trial_index":76,"time_elapsed":519584,"subject_id":"76001"},{"rt":3770,"stimulus":64,"slider_start":100,"sprites":"crackers","response":91,"absDeviation":44,"callibration":"test","block":3,"seed":64,"numerosity":135,"matchType":"unpaired","which":"first","trial_type":"numerosity-estimation","trial_index":77,"time_elapsed":523357,"subject_id":"76001"},{"rt":84522,"stimulus":"<p> For the last block of trials, the average deviation of your guesses from correct answers was 26.</p>\n     <p>The smaller the deviation the better.  Your deviation was <b> good</b>.</p><br>\n       <p>Press any key to continue to the next block of trials</p>","response":" ","trial_type":"html-keyboard-response","trial_index":78,"time_elapsed":607880,"subject_id":"76001"},{"rt":9508,"stimulus":65,"slider_start":100,"sprites":"bears","response":72,"absDeviation":35,"callibration":"test","block":4,"seed":65,"numerosity":107,"matchType":"paired","which":"first","trial_type":"numerosity-estimation","trial_index":79,"time_elapsed":617392,"subject_id":"76001"},{"rt":10612,"stimulus":65,"slider_start":100,"sprites":"bears","response":68,"absDeviation":39,"callibration":"test","block":4,"seed":65,"numerosity":107,"matchType":"paired","which":"second","trial_type":"numerosity-estimation","trial_index":80,"time_elapsed":628007,"subject_id":"76001"},{"rt":3617,"stimulus":67,"slider_start":100,"sprites":"jellyBeans","response":67,"absDeviation":40,"callibration":"test","block":4,"seed":67,"numerosity":107,"matchType":"unpaired","which":"first","trial_type":"numerosity-estimation","trial_index":81,"time_elapsed":631628,"subject_id":"76001"},{"rt":3106,"stimulus":68,"slider_start":100,"sprites":"marbles","response":84,"absDeviation":66,"callibration":"test","block":4,"seed":68,"numerosity":150,"matchType":"unpaired","which":"first","trial_type":"numerosity-estimation","trial_index":82,"time_elapsed":634737,"subject_id":"76001"},{"rt":3445,"stimulus":69,"slider_start":100,"sprites":"mints","response":108,"absDeviation":13,"callibration":"test","block":4,"seed":69,"numerosity":121,"matchType":"paired","which":"first","trial_type":"numerosity-estimation","trial_index":83,"time_elapsed":638185,"subject_id":"76001"},{"rt":3889,"stimulus":69,"slider_start":100,"sprites":"mints","response":113,"absDeviation":8,"callibration":"test","block":4,"seed":69,"numerosity":121,"matchType":"paired","which":"second","trial_type":"numerosity-estimation","trial_index":84,"time_elapsed":642077,"subject_id":"76001"},{"rt":2828,"stimulus":71,"slider_start":100,"sprites":"buttons","response":76,"absDeviation":31,"callibration":"test","block":4,"seed":71,"numerosity":107,"matchType":"unpaired","which":"first","trial_type":"numerosity-estimation","trial_index":85,"time_elapsed":644908,"subject_id":"76001"},{"rt":3958,"stimulus":72,"slider_start":100,"sprites":"animalCrackers","response":42,"absDeviation":8,"callibration":"test","block":4,"seed":72,"numerosity":50,"matchType":"unpaired","which":"first","trial_type":"numerosity-estimation","trial_index":86,"time_elapsed":648868,"subject_id":"76001"},{"rt":4719,"stimulus":73,"slider_start":100,"sprites":"letters","response":85,"absDeviation":7,"callibration":"test","block":4,"seed":73,"numerosity":78,"matchType":"paired","which":"first","trial_type":"numerosity-estimation","trial_index":87,"time_elapsed":653591,"subject_id":"76001"},{"rt":2899,"stimulus":73,"slider_start":100,"sprites":"letters","response":80,"absDeviation":2,"callibration":"test","block":4,"seed":73,"numerosity":78,"matchType":"paired","which":"second","trial_type":"numerosity-estimation","trial_index":88,"time_elapsed":656493,"subject_id":"76001"},{"rt":3659,"stimulus":75,"slider_start":100,"sprites":"hearts","response":71,"absDeviation":21,"callibration":"test","block":4,"seed":75,"numerosity":92,"matchType":"unpaired","which":"first","trial_type":"numerosity-estimation","trial_index":89,"time_elapsed":660155,"subject_id":"76001"},{"rt":6458,"stimulus":76,"slider_start":100,"sprites":"crackers","response":48,"absDeviation":16,"callibration":"test","block":4,"seed":76,"numerosity":64,"matchType":"unpaired","which":"first","trial_type":"numerosity-estimation","trial_index":90,"time_elapsed":666616,"subject_id":"76001"},{"rt":6458,"stimulus":77,"slider_start":100,"sprites":"bears","response":136,"absDeviation":1,"callibration":"test","block":4,"seed":77,"numerosity":135,"matchType":"paired","which":"first","trial_type":"numerosity-estimation","trial_index":91,"time_elapsed":673077,"subject_id":"76001"},{"rt":2907,"stimulus":77,"slider_start":100,"sprites":"bears","response":140,"absDeviation":5,"callibration":"test","block":4,"seed":77,"numerosity":135,"matchType":"paired","which":"second","trial_type":"numerosity-estimation","trial_index":92,"time_elapsed":675987,"subject_id":"76001"},{"rt":6379,"stimulus":79,"slider_start":100,"sprites":"jellyBeans","response":30,"absDeviation":20,"callibration":"test","block":4,"seed":79,"numerosity":50,"matchType":"unpaired","which":"first","trial_type":"numerosity-estimation","trial_index":93,"time_elapsed":682369,"subject_id":"76001"},{"rt":8309,"stimulus":80,"slider_start":100,"sprites":"marbles","response":50,"absDeviation":71,"callibration":"test","block":4,"seed":80,"numerosity":121,"matchType":"unpaired","which":"first","trial_type":"numerosity-estimation","trial_index":94,"time_elapsed":690681,"subject_id":"76001"},{"rt":5218,"stimulus":"<p> For the last block of trials, the average deviation of your guesses from correct answers was 24.</p>\n     <p>The smaller the deviation the better.  Your deviation was <b> VERY good</b>.</p><br>\n       <p>Press any key to continue to the next block of trials</p>","response":" ","trial_type":"html-keyboard-response","trial_index":95,"time_elapsed":695901,"subject_id":"76001"},{"rt":5521,"stimulus":81,"slider_start":100,"sprites":"mints","response":79,"absDeviation":42,"callibration":"test","block":5,"seed":81,"numerosity":121,"matchType":"paired","which":"first","trial_type":"numerosity-estimation","trial_index":96,"time_elapsed":701425,"subject_id":"76001"},{"rt":3041,"stimulus":81,"slider_start":100,"sprites":"mints","response":78,"absDeviation":43,"callibration":"test","block":5,"seed":81,"numerosity":121,"matchType":"paired","which":"second","trial_type":"numerosity-estimation","trial_index":97,"time_elapsed":704469,"subject_id":"76001"},{"rt":2182,"stimulus":83,"slider_start":100,"sprites":"buttons","response":91,"absDeviation":30,"callibration":"test","block":5,"seed":83,"numerosity":121,"matchType":"unpaired","which":"first","trial_type":"numerosity-estimation","trial_index":98,"time_elapsed":706654,"subject_id":"76001"},{"rt":2646,"stimulus":84,"slider_start":100,"sprites":"animalCrackers","response":33,"absDeviation":17,"callibration":"test","block":5,"seed":84,"numerosity":50,"matchType":"unpaired","which":"first","trial_type":"numerosity-estimation","trial_index":99,"time_elapsed":709303,"subject_id":"76001"},{"rt":5098,"stimulus":85,"slider_start":100,"sprites":"letters","response":42,"absDeviation":22,"callibration":"test","block":5,"seed":85,"numerosity":64,"matchType":"paired","which":"first","trial_type":"numerosity-estimation","trial_index":100,"time_elapsed":714404,"subject_id":"76001"},{"rt":4283,"stimulus":85,"slider_start":100,"sprites":"letters","response":33,"absDeviation":31,"callibration":"test","block":5,"seed":85,"numerosity":64,"matchType":"paired","which":"second","trial_type":"numerosity-estimation","trial_index":101,"time_elapsed":718690,"subject_id":"76001"},{"rt":3452,"stimulus":87,"slider_start":100,"sprites":"hearts","response":53,"absDeviation":3,"callibration":"test","block":5,"seed":87,"numerosity":50,"matchType":"unpaired","which":"first","trial_type":"numerosity-estimation","trial_index":102,"time_elapsed":722145,"subject_id":"76001"},{"rt":3286,"stimulus":88,"slider_start":100,"sprites":"crackers","response":143,"absDeviation":8,"callibration":"test","block":5,"seed":88,"numerosity":135,"matchType":"unpaired","which":"first","trial_type":"numerosity-estimation","trial_index":103,"time_elapsed":725435,"subject_id":"76001"},{"rt":6242,"stimulus":89,"slider_start":100,"sprites":"bears","response":40,"absDeviation":10,"callibration":"test","block":5,"seed":89,"numerosity":50,"matchType":"paired","which":"first","trial_type":"numerosity-estimation","trial_index":104,"time_elapsed":731681,"subject_id":"76001"},{"rt":7257,"stimulus":89,"slider_start":100,"sprites":"bears","response":34,"absDeviation":16,"callibration":"test","block":5,"seed":89,"numerosity":50,"matchType":"paired","which":"second","trial_type":"numerosity-estimation","trial_index":105,"time_elapsed":738940,"subject_id":"76001"},{"rt":4012,"stimulus":91,"slider_start":100,"sprites":"jellyBeans","response":71,"absDeviation":21,"callibration":"test","block":5,"seed":91,"numerosity":92,"matchType":"unpaired","which":"first","trial_type":"numerosity-estimation","trial_index":106,"time_elapsed":742956,"subject_id":"76001"},{"rt":3740,"stimulus":92,"slider_start":100,"sprites":"marbles","response":84,"absDeviation":37,"callibration":"test","block":5,"seed":92,"numerosity":121,"matchType":"unpaired","which":"first","trial_type":"numerosity-estimation","trial_index":107,"time_elapsed":746698,"subject_id":"76001"},{"rt":5651,"stimulus":93,"slider_start":100,"sprites":"mints","response":68,"absDeviation":10,"callibration":"test","block":5,"seed":93,"numerosity":78,"matchType":"paired","which":"first","trial_type":"numerosity-estimation","trial_index":108,"time_elapsed":752353,"subject_id":"76001"},{"rt":3958,"stimulus":93,"slider_start":100,"sprites":"mints","response":66,"absDeviation":12,"callibration":"test","block":5,"seed":93,"numerosity":78,"matchType":"paired","which":"second","trial_type":"numerosity-estimation","trial_index":109,"time_elapsed":756315,"subject_id":"76001"},{"rt":3193,"stimulus":95,"slider_start":100,"sprites":"buttons","response":74,"absDeviation":10,"callibration":"test","block":5,"seed":95,"numerosity":64,"matchType":"unpaired","which":"first","trial_type":"numerosity-estimation","trial_index":110,"time_elapsed":759510,"subject_id":"76001"},{"rt":3271,"stimulus":96,"slider_start":100,"sprites":"animalCrackers","response":112,"absDeviation":20,"callibration":"test","block":5,"seed":96,"numerosity":92,"matchType":"unpaired","which":"first","trial_type":"numerosity-estimation","trial_index":111,"time_elapsed":762784,"subject_id":"76001"},{"rt":53095,"stimulus":"<p> For the last block of trials, the average deviation of your guesses from correct answers was 21.</p>\n     <p>The smaller the deviation the better.  Your deviation was <b> VERY good</b>.</p><br>\n       <p>Press any key to continue to the next block of trials</p>","response":" ","trial_type":"html-keyboard-response","trial_index":112,"time_elapsed":815880,"subject_id":"76001"},{"rt":5807,"stimulus":2,"slider_start":100,"sprites":"butterflies","response":91,"absDeviation":44,"callibration":"test","block":6,"seed":2,"numerosity":135,"matchType":"paired","which":"first","trial_type":"numerosity-estimation","trial_index":113,"time_elapsed":821690,"subject_id":"76001"},{"rt":5486,"stimulus":2,"slider_start":100,"sprites":"butterflies","response":80,"absDeviation":55,"callibration":"test","block":6,"seed":2,"numerosity":135,"matchType":"paired","which":"second","trial_type":"numerosity-estimation","trial_index":114,"time_elapsed":827179,"subject_id":"76001"},{"rt":3769,"stimulus":3,"slider_start":100,"sprites":"hearts","response":32,"absDeviation":18,"callibration":"test","block":6,"seed":3,"numerosity":50,"matchType":"unpaired","which":"second","trial_type":"numerosity-estimation","trial_index":115,"time_elapsed":830951,"subject_id":"76001"},{"rt":7210,"stimulus":4,"slider_start":100,"sprites":"crackers","response":106,"absDeviation":1,"callibration":"test","block":6,"seed":4,"numerosity":107,"matchType":"unpaired","which":"second","trial_type":"numerosity-estimation","trial_index":116,"time_elapsed":838164,"subject_id":"76001"},{"rt":4300,"stimulus":6,"slider_start":100,"sprites":"fruits","response":50,"absDeviation":28,"callibration":"test","block":6,"seed":6,"numerosity":78,"matchType":"paired","which":"first","trial_type":"numerosity-estimation","trial_index":117,"time_elapsed":842466,"subject_id":"76001"},{"rt":3011,"stimulus":6,"slider_start":100,"sprites":"fruits","response":66,"absDeviation":12,"callibration":"test","block":6,"seed":6,"numerosity":78,"matchType":"paired","which":"second","trial_type":"numerosity-estimation","trial_index":118,"time_elapsed":845480,"subject_id":"76001"},{"rt":3737,"stimulus":7,"slider_start":100,"sprites":"jellyBeans","response":44,"absDeviation":6,"callibration":"test","block":6,"seed":7,"numerosity":50,"matchType":"unpaired","which":"second","trial_type":"numerosity-estimation","trial_index":119,"time_elapsed":849220,"subject_id":"76001"},{"rt":3397,"stimulus":8,"slider_start":100,"sprites":"marbles","response":83,"absDeviation":9,"callibration":"test","block":6,"seed":8,"numerosity":92,"matchType":"unpaired","which":"second","trial_type":"numerosity-estimation","trial_index":120,"time_elapsed":852620,"subject_id":"76001"},{"rt":5043,"stimulus":10,"slider_start":100,"sprites":"rocks","response":59,"absDeviation":9,"callibration":"test","block":6,"seed":10,"numerosity":50,"matchType":"paired","which":"first","trial_type":"numerosity-estimation","trial_index":121,"time_elapsed":857667,"subject_id":"76001"},{"rt":5670,"stimulus":10,"slider_start":100,"sprites":"rocks","response":48,"absDeviation":2,"callibration":"test","block":6,"seed":10,"numerosity":50,"matchType":"paired","which":"second","trial_type":"numerosity-estimation","trial_index":122,"time_elapsed":863338,"subject_id":"76001"},{"rt":10232,"stimulus":11,"slider_start":100,"sprites":"buttons","response":110,"absDeviation":3,"callibration":"test","block":6,"seed":11,"numerosity":107,"matchType":"unpaired","which":"second","trial_type":"numerosity-estimation","trial_index":123,"time_elapsed":873573,"subject_id":"76001"},{"rt":6585,"stimulus":12,"slider_start":100,"sprites":"animalCrackers","response":95,"absDeviation":3,"callibration":"test","block":6,"seed":12,"numerosity":92,"matchType":"unpaired","which":"second","trial_type":"numerosity-estimation","trial_index":124,"time_elapsed":880161,"subject_id":"76001"},{"rt":3802,"stimulus":14,"slider_start":100,"sprites":"butterflies","response":106,"absDeviation":44,"callibration":"test","block":6,"seed":14,"numerosity":150,"matchType":"paired","which":"first","trial_type":"numerosity-estimation","trial_index":125,"time_elapsed":883966,"subject_id":"76001"},{"rt":3705,"stimulus":14,"slider_start":100,"sprites":"butterflies","response":116,"absDeviation":34,"callibration":"test","block":6,"seed":14,"numerosity":150,"matchType":"paired","which":"second","trial_type":"numerosity-estimation","trial_index":126,"time_elapsed":887674,"subject_id":"76001"},{"rt":3151,"stimulus":15,"slider_start":100,"sprites":"hearts","response":135,"absDeviation":14,"callibration":"test","block":6,"seed":15,"numerosity":121,"matchType":"unpaired","which":"second","trial_type":"numerosity-estimation","trial_index":127,"time_elapsed":890828,"subject_id":"76001"},{"rt":4649,"stimulus":16,"slider_start":100,"sprites":"crackers","response":73,"absDeviation":9,"callibration":"test","block":6,"seed":16,"numerosity":64,"matchType":"unpaired","which":"second","trial_type":"numerosity-estimation","trial_index":128,"time_elapsed":895480,"subject_id":"76001"},{"rt":177241,"stimulus":"<p> For the last block of trials, the average deviation of your guesses from correct answers was 18.</p>\n     <p>The smaller the deviation the better.  Your deviation was <b> VERY good</b>.</p><br>\n       <p>Press any key to continue to the next block of trials</p>","response":" ","trial_type":"html-keyboard-response","trial_index":129,"time_elapsed":1072721,"subject_id":"76001"},{"rt":4424,"stimulus":18,"slider_start":100,"sprites":"fruits","response":80,"absDeviation":27,"callibration":"test","block":7,"seed":18,"numerosity":107,"matchType":"paired","which":"first","trial_type":"numerosity-estimation","trial_index":130,"time_elapsed":1077148,"subject_id":"76001"},{"rt":7321,"stimulus":18,"slider_start":100,"sprites":"fruits","response":89,"absDeviation":18,"callibration":"test","block":7,"seed":18,"numerosity":107,"matchType":"paired","which":"second","trial_type":"numerosity-estimation","trial_index":131,"time_elapsed":1084472,"subject_id":"76001"},{"rt":21328,"stimulus":19,"slider_start":100,"sprites":"jellyBeans","response":62,"absDeviation":73,"callibration":"test","block":7,"seed":19,"numerosity":135,"matchType":"unpaired","which":"second","trial_type":"numerosity-estimation","trial_index":132,"time_elapsed":1105804,"subject_id":"76001"},{"rt":4719,"stimulus":20,"slider_start":100,"sprites":"marbles","response":28,"absDeviation":50,"callibration":"test","block":7,"seed":20,"numerosity":78,"matchType":"unpaired","which":"second","trial_type":"numerosity-estimation","trial_index":133,"time_elapsed":1110525,"subject_id":"76001"},{"rt":11565,"stimulus":22,"slider_start":100,"sprites":"rocks","response":84,"absDeviation":8,"callibration":"test","block":7,"seed":22,"numerosity":92,"matchType":"paired","which":"first","trial_type":"numerosity-estimation","trial_index":134,"time_elapsed":1122094,"subject_id":"76001"},{"rt":7044,"stimulus":22,"slider_start":100,"sprites":"rocks","response":75,"absDeviation":17,"callibration":"test","block":7,"seed":22,"numerosity":92,"matchType":"paired","which":"second","trial_type":"numerosity-estimation","trial_index":135,"time_elapsed":1129141,"subject_id":"76001"},{"rt":9638,"stimulus":23,"slider_start":100,"sprites":"buttons","response":111,"absDeviation":39,"callibration":"test","block":7,"seed":23,"numerosity":150,"matchType":"unpaired","which":"second","trial_type":"numerosity-estimation","trial_index":136,"time_elapsed":1138782,"subject_id":"76001"},{"rt":5033,"stimulus":24,"slider_start":100,"sprites":"animalCrackers","response":94,"absDeviation":13,"callibration":"test","block":7,"seed":24,"numerosity":107,"matchType":"unpaired","which":"second","trial_type":"numerosity-estimation","trial_index":137,"time_elapsed":1143818,"subject_id":"76001"},{"rt":4442,"stimulus":26,"slider_start":100,"sprites":"butterflies","response":70,"absDeviation":22,"callibration":"test","block":7,"seed":26,"numerosity":92,"matchType":"paired","which":"first","trial_type":"numerosity-estimation","trial_index":138,"time_elapsed":1148263,"subject_id":"76001"},{"rt":4537,"stimulus":26,"slider_start":100,"sprites":"butterflies","response":73,"absDeviation":19,"callibration":"test","block":7,"seed":26,"numerosity":92,"matchType":"paired","which":"second","trial_type":"numerosity-estimation","trial_index":139,"time_elapsed":1152803,"subject_id":"76001"},{"rt":6205,"stimulus":27,"slider_start":100,"sprites":"hearts","response":131,"absDeviation":10,"callibration":"test","block":7,"seed":27,"numerosity":121,"matchType":"unpaired","which":"second","trial_type":"numerosity-estimation","trial_index":140,"time_elapsed":1159011,"subject_id":"76001"},{"rt":4939,"stimulus":28,"slider_start":100,"sprites":"crackers","response":142,"absDeviation":8,"callibration":"test","block":7,"seed":28,"numerosity":150,"matchType":"unpaired","which":"second","trial_type":"numerosity-estimation","trial_index":141,"time_elapsed":1163953,"subject_id":"76001"},{"rt":2837,"stimulus":30,"slider_start":100,"sprites":"fruits","response":122,"absDeviation":15,"callibration":"test","block":7,"seed":30,"numerosity":107,"matchType":"paired","which":"first","trial_type":"numerosity-estimation","trial_index":142,"time_elapsed":1166793,"subject_id":"76001"},{"rt":3374,"stimulus":30,"slider_start":100,"sprites":"fruits","response":128,"absDeviation":21,"callibration":"test","block":7,"seed":30,"numerosity":107,"matchType":"paired","which":"second","trial_type":"numerosity-estimation","trial_index":143,"time_elapsed":1170170,"subject_id":"76001"},{"rt":4259,"stimulus":31,"slider_start":100,"sprites":"jellyBeans","response":156,"absDeviation":6,"callibration":"test","block":7,"seed":31,"numerosity":150,"matchType":"unpaired","which":"second","trial_type":"numerosity-estimation","trial_index":144,"time_elapsed":1174433,"subject_id":"76001"},{"rt":3388,"stimulus":32,"slider_start":100,"sprites":"marbles","response":127,"absDeviation":8,"callibration":"test","block":7,"seed":32,"numerosity":135,"matchType":"unpaired","which":"second","trial_type":"numerosity-estimation","trial_index":145,"time_elapsed":1177824,"subject_id":"76001"},{"rt":102694,"stimulus":"<p> For the last block of trials, the average deviation of your guesses from correct answers was 22.</p>\n     <p>The smaller the deviation the better.  Your deviation was <b> VERY good</b>.</p><br>\n       <p>Press any key to continue to the next block of trials</p>","response":" ","trial_type":"html-keyboard-response","trial_index":146,"time_elapsed":1280519,"subject_id":"76001"},{"rt":5121,"stimulus":34,"slider_start":100,"sprites":"rocks","response":39,"absDeviation":11,"callibration":"test","block":8,"seed":34,"numerosity":50,"matchType":"paired","which":"first","trial_type":"numerosity-estimation","trial_index":147,"time_elapsed":1285644,"subject_id":"76001"},{"rt":8257,"stimulus":34,"slider_start":100,"sprites":"rocks","response":42,"absDeviation":8,"callibration":"test","block":8,"seed":34,"numerosity":50,"matchType":"paired","which":"second","trial_type":"numerosity-estimation","trial_index":148,"time_elapsed":1293904,"subject_id":"76001"},{"rt":4489,"stimulus":35,"slider_start":100,"sprites":"buttons","response":75,"absDeviation":3,"callibration":"test","block":8,"seed":35,"numerosity":78,"matchType":"unpaired","which":"second","trial_type":"numerosity-estimation","trial_index":149,"time_elapsed":1298396,"subject_id":"76001"},{"rt":4552,"stimulus":36,"slider_start":100,"sprites":"animalCrackers","response":40,"absDeviation":10,"callibration":"test","block":8,"seed":36,"numerosity":50,"matchType":"unpaired","which":"second","trial_type":"numerosity-estimation","trial_index":150,"time_elapsed":1302951,"subject_id":"76001"},{"rt":3257,"stimulus":38,"slider_start":100,"sprites":"butterflies","response":49,"absDeviation":29,"callibration":"test","block":8,"seed":38,"numerosity":78,"matchType":"paired","which":"first","trial_type":"numerosity-estimation","trial_index":151,"time_elapsed":1306211,"subject_id":"76001"},{"rt":2461,"stimulus":38,"slider_start":100,"sprites":"butterflies","response":60,"absDeviation":18,"callibration":"test","block":8,"seed":38,"numerosity":78,"matchType":"paired","which":"second","trial_type":"numerosity-estimation","trial_index":152,"time_elapsed":1308675,"subject_id":"76001"},{"rt":3833,"stimulus":39,"slider_start":100,"sprites":"hearts","response":96,"absDeviation":18,"callibration":"test","block":8,"seed":39,"numerosity":78,"matchType":"unpaired","which":"second","trial_type":"numerosity-estimation","trial_index":153,"time_elapsed":1312512,"subject_id":"76001"},{"rt":4853,"stimulus":40,"slider_start":100,"sprites":"crackers","response":157,"absDeviation":36,"callibration":"test","block":8,"seed":40,"numerosity":121,"matchType":"unpaired","which":"second","trial_type":"numerosity-estimation","trial_index":154,"time_elapsed":1317367,"subject_id":"76001"},{"rt":4561,"stimulus":42,"slider_start":100,"sprites":"fruits","response":105,"absDeviation":27,"callibration":"test","block":8,"seed":42,"numerosity":78,"matchType":"paired","which":"first","trial_type":"numerosity-estimation","trial_index":155,"time_elapsed":1321931,"subject_id":"76001"},{"rt":4781,"stimulus":42,"slider_start":100,"sprites":"fruits","response":93,"absDeviation":15,"callibration":"test","block":8,"seed":42,"numerosity":78,"matchType":"paired","which":"second","trial_type":"numerosity-estimation","trial_index":156,"time_elapsed":1326715,"subject_id":"76001"},{"rt":5952,"stimulus":43,"slider_start":100,"sprites":"jellyBeans","response":74,"absDeviation":10,"callibration":"test","block":8,"seed":43,"numerosity":64,"matchType":"unpaired","which":"second","trial_type":"numerosity-estimation","trial_index":157,"time_elapsed":1332670,"subject_id":"76001"},{"rt":5769,"stimulus":44,"slider_start":100,"sprites":"marbles","response":132,"absDeviation":11,"callibration":"test","block":8,"seed":44,"numerosity":121,"matchType":"unpaired","which":"second","trial_type":"numerosity-estimation","trial_index":158,"time_elapsed":1338443,"subject_id":"76001"},{"rt":5074,"stimulus":46,"slider_start":100,"sprites":"rocks","response":141,"absDeviation":34,"callibration":"test","block":8,"seed":46,"numerosity":107,"matchType":"paired","which":"first","trial_type":"numerosity-estimation","trial_index":159,"time_elapsed":1343520,"subject_id":"76001"},{"rt":3950,"stimulus":46,"slider_start":100,"sprites":"rocks","response":153,"absDeviation":46,"callibration":"test","block":8,"seed":46,"numerosity":107,"matchType":"paired","which":"second","trial_type":"numerosity-estimation","trial_index":160,"time_elapsed":1347473,"subject_id":"76001"},{"rt":4892,"stimulus":47,"slider_start":100,"sprites":"buttons","response":164,"absDeviation":43,"callibration":"test","block":8,"seed":47,"numerosity":121,"matchType":"unpaired","which":"second","trial_type":"numerosity-estimation","trial_index":161,"time_elapsed":1352368,"subject_id":"76001"},{"rt":4870,"stimulus":48,"slider_start":100,"sprites":"animalCrackers","response":167,"absDeviation":32,"callibration":"test","block":8,"seed":48,"numerosity":135,"matchType":"unpaired","which":"second","trial_type":"numerosity-estimation","trial_index":162,"time_elapsed":1357241,"subject_id":"76001"},{"rt":88144,"stimulus":"<p> For the last block of trials, the average deviation of your guesses from correct answers was 22.</p>\n     <p>The smaller the deviation the better.  Your deviation was <b> VERY good</b>.</p><br>\n       <p>Press any key to continue to the next block of trials</p>","response":" ","trial_type":"html-keyboard-response","trial_index":163,"time_elapsed":1445386,"subject_id":"76001"},{"rt":6846,"stimulus":50,"slider_start":100,"sprites":"butterflies","response":108,"absDeviation":42,"callibration":"test","block":9,"seed":50,"numerosity":150,"matchType":"paired","which":"first","trial_type":"numerosity-estimation","trial_index":164,"time_elapsed":1452235,"subject_id":"76001"},{"rt":2582,"stimulus":50,"slider_start":100,"sprites":"butterflies","response":116,"absDeviation":34,"callibration":"test","block":9,"seed":50,"numerosity":150,"matchType":"paired","which":"second","trial_type":"numerosity-estimation","trial_index":165,"time_elapsed":1454821,"subject_id":"76001"},{"rt":3337,"stimulus":51,"slider_start":100,"sprites":"hearts","response":130,"absDeviation":20,"callibration":"test","block":9,"seed":51,"numerosity":150,"matchType":"unpaired","which":"second","trial_type":"numerosity-estimation","trial_index":166,"time_elapsed":1458161,"subject_id":"76001"},{"rt":4148,"stimulus":52,"slider_start":100,"sprites":"crackers","response":78,"absDeviation":0,"callibration":"test","block":9,"seed":52,"numerosity":78,"matchType":"unpaired","which":"second","trial_type":"numerosity-estimation","trial_index":167,"time_elapsed":1462313,"subject_id":"76001"},{"rt":3704,"stimulus":54,"slider_start":100,"sprites":"fruits","response":92,"absDeviation":0,"callibration":"test","block":9,"seed":54,"numerosity":92,"matchType":"paired","which":"first","trial_type":"numerosity-estimation","trial_index":168,"time_elapsed":1466020,"subject_id":"76001"},{"rt":4569,"stimulus":54,"slider_start":100,"sprites":"fruits","response":83,"absDeviation":9,"callibration":"test","block":9,"seed":54,"numerosity":92,"matchType":"paired","which":"second","trial_type":"numerosity-estimation","trial_index":169,"time_elapsed":1470592,"subject_id":"76001"},{"rt":5430,"stimulus":55,"slider_start":100,"sprites":"jellyBeans","response":119,"absDeviation":2,"callibration":"test","block":9,"seed":55,"numerosity":121,"matchType":"unpaired","which":"second","trial_type":"numerosity-estimation","trial_index":170,"time_elapsed":1476024,"subject_id":"76001"},{"rt":6315,"stimulus":56,"slider_start":100,"sprites":"marbles","response":43,"absDeviation":21,"callibration":"test","block":9,"seed":56,"numerosity":64,"matchType":"unpaired","which":"second","trial_type":"numerosity-estimation","trial_index":171,"time_elapsed":1482343,"subject_id":"76001"},{"rt":17628,"stimulus":58,"slider_start":100,"sprites":"rocks","response":72,"absDeviation":49,"callibration":"test","block":9,"seed":58,"numerosity":121,"matchType":"paired","which":"first","trial_type":"numerosity-estimation","trial_index":172,"time_elapsed":1499974,"subject_id":"76001"},{"rt":5383,"stimulus":58,"slider_start":100,"sprites":"rocks","response":136,"absDeviation":15,"callibration":"test","block":9,"seed":58,"numerosity":121,"matchType":"paired","which":"second","trial_type":"numerosity-estimation","trial_index":173,"time_elapsed":1505361,"subject_id":"76001"},{"rt":4850,"stimulus":59,"slider_start":100,"sprites":"buttons","response":150,"absDeviation":15,"callibration":"test","block":9,"seed":59,"numerosity":135,"matchType":"unpaired","which":"second","trial_type":"numerosity-estimation","trial_index":174,"time_elapsed":1510213,"subject_id":"76001"},{"rt":3708,"stimulus":60,"slider_start":100,"sprites":"animalCrackers","response":167,"absDeviation":17,"callibration":"test","block":9,"seed":60,"numerosity":150,"matchType":"unpaired","which":"second","trial_type":"numerosity-estimation","trial_index":175,"time_elapsed":1513925,"subject_id":"76001"},{"rt":4764,"stimulus":62,"slider_start":100,"sprites":"butterflies","response":107,"absDeviation":28,"callibration":"test","block":9,"seed":62,"numerosity":135,"matchType":"paired","which":"first","trial_type":"numerosity-estimation","trial_index":176,"time_elapsed":1518693,"subject_id":"76001"},{"rt":5067,"stimulus":62,"slider_start":100,"sprites":"butterflies","response":99,"absDeviation":36,"callibration":"test","block":9,"seed":62,"numerosity":135,"matchType":"paired","which":"second","trial_type":"numerosity-estimation","trial_index":177,"time_elapsed":1523762,"subject_id":"76001"},{"rt":7402,"stimulus":63,"slider_start":100,"sprites":"hearts","response":64,"absDeviation":0,"callibration":"test","block":9,"seed":63,"numerosity":64,"matchType":"unpaired","which":"second","trial_type":"numerosity-estimation","trial_index":178,"time_elapsed":1531166,"subject_id":"76001"},{"rt":5026,"stimulus":64,"slider_start":100,"sprites":"crackers","response":144,"absDeviation":9,"callibration":"test","block":9,"seed":64,"numerosity":135,"matchType":"unpaired","which":"second","trial_type":"numerosity-estimation","trial_index":179,"time_elapsed":1536195,"subject_id":"76001"},{"rt":3573,"stimulus":"<p> For the last block of trials, the average deviation of your guesses from correct answers was 19.</p>\n     <p>The smaller the deviation the better.  Your deviation was <b> VERY good</b>.</p><br>\n       <p>Press any key to continue to the next block of trials</p>","response":" ","trial_type":"html-keyboard-response","trial_index":180,"time_elapsed":1539770,"subject_id":"76001"},{"rt":8756,"stimulus":66,"slider_start":100,"sprites":"fruits","response":52,"absDeviation":12,"callibration":"test","block":10,"seed":66,"numerosity":64,"matchType":"paired","which":"first","trial_type":"numerosity-estimation","trial_index":181,"time_elapsed":1548529,"subject_id":"76001"},{"rt":9637,"stimulus":66,"slider_start":100,"sprites":"fruits","response":54,"absDeviation":10,"callibration":"test","block":10,"seed":66,"numerosity":64,"matchType":"paired","which":"second","trial_type":"numerosity-estimation","trial_index":182,"time_elapsed":1558247,"subject_id":"76001"},{"rt":6544,"stimulus":67,"slider_start":100,"sprites":"jellyBeans","response":91,"absDeviation":16,"callibration":"test","block":10,"seed":67,"numerosity":107,"matchType":"unpaired","which":"second","trial_type":"numerosity-estimation","trial_index":183,"time_elapsed":1564794,"subject_id":"76001"},{"rt":4862,"stimulus":68,"slider_start":100,"sprites":"marbles","response":113,"absDeviation":37,"callibration":"test","block":10,"seed":68,"numerosity":150,"matchType":"unpaired","which":"second","trial_type":"numerosity-estimation","trial_index":184,"time_elapsed":1569659,"subject_id":"76001"},{"rt":4204,"stimulus":70,"slider_start":100,"sprites":"rocks","response":106,"absDeviation":14,"callibration":"test","block":10,"seed":70,"numerosity":92,"matchType":"paired","which":"first","trial_type":"numerosity-estimation","trial_index":185,"time_elapsed":1573866,"subject_id":"76001"},{"rt":3151,"stimulus":70,"slider_start":100,"sprites":"rocks","response":97,"absDeviation":5,"callibration":"test","block":10,"seed":70,"numerosity":92,"matchType":"paired","which":"second","trial_type":"numerosity-estimation","trial_index":186,"time_elapsed":1577020,"subject_id":"76001"},{"rt":3840,"stimulus":71,"slider_start":100,"sprites":"buttons","response":91,"absDeviation":16,"callibration":"test","block":10,"seed":71,"numerosity":107,"matchType":"unpaired","which":"second","trial_type":"numerosity-estimation","trial_index":187,"time_elapsed":1580864,"subject_id":"76001"},{"rt":8246,"stimulus":72,"slider_start":100,"sprites":"animalCrackers","response":27,"absDeviation":23,"callibration":"test","block":10,"seed":72,"numerosity":50,"matchType":"unpaired","which":"second","trial_type":"numerosity-estimation","trial_index":188,"time_elapsed":1589112,"subject_id":"76001"},{"rt":4514,"stimulus":74,"slider_start":100,"sprites":"butterflies","response":33,"absDeviation":31,"callibration":"test","block":10,"seed":74,"numerosity":64,"matchType":"paired","which":"first","trial_type":"numerosity-estimation","trial_index":189,"time_elapsed":1593629,"subject_id":"76001"},{"rt":2875,"stimulus":74,"slider_start":100,"sprites":"butterflies","response":36,"absDeviation":28,"callibration":"test","block":10,"seed":74,"numerosity":64,"matchType":"paired","which":"second","trial_type":"numerosity-estimation","trial_index":190,"time_elapsed":1596507,"subject_id":"76001"},{"rt":5865,"stimulus":75,"slider_start":100,"sprites":"hearts","response":110,"absDeviation":18,"callibration":"test","block":10,"seed":75,"numerosity":92,"matchType":"unpaired","which":"second","trial_type":"numerosity-estimation","trial_index":191,"time_elapsed":1602376,"subject_id":"76001"},{"rt":6616,"stimulus":76,"slider_start":100,"sprites":"crackers","response":106,"absDeviation":42,"callibration":"test","block":10,"seed":76,"numerosity":64,"matchType":"unpaired","which":"second","trial_type":"numerosity-estimation","trial_index":192,"time_elapsed":1608996,"subject_id":"76001"},{"rt":3887,"stimulus":78,"slider_start":100,"sprites":"fruits","response":92,"absDeviation":28,"callibration":"test","block":10,"seed":78,"numerosity":64,"matchType":"paired","which":"first","trial_type":"numerosity-estimation","trial_index":193,"time_elapsed":1612886,"subject_id":"76001"},{"rt":3227,"stimulus":78,"slider_start":100,"sprites":"fruits","response":84,"absDeviation":20,"callibration":"test","block":10,"seed":78,"numerosity":64,"matchType":"paired","which":"second","trial_type":"numerosity-estimation","trial_index":194,"time_elapsed":1616116,"subject_id":"76001"},{"rt":4304,"stimulus":79,"slider_start":100,"sprites":"jellyBeans","response":66,"absDeviation":16,"callibration":"test","block":10,"seed":79,"numerosity":50,"matchType":"unpaired","which":"second","trial_type":"numerosity-estimation","trial_index":195,"time_elapsed":1620423,"subject_id":"76001"},{"rt":9911,"stimulus":80,"slider_start":100,"sprites":"marbles","response":90,"absDeviation":31,"callibration":"test","block":10,"seed":80,"numerosity":121,"matchType":"unpaired","which":"second","trial_type":"numerosity-estimation","trial_index":196,"time_elapsed":1630337,"subject_id":"76001"},{"rt":2915,"stimulus":"<p> For the last block of trials, the average deviation of your guesses from correct answers was 22.</p>\n     <p>The smaller the deviation the better.  Your deviation was <b> VERY good</b>.</p><br>\n       <p>Press any key to continue to the next block of trials</p>","response":" ","trial_type":"html-keyboard-response","trial_index":197,"time_elapsed":1633254,"subject_id":"76001"},{"rt":3945,"stimulus":82,"slider_start":100,"sprites":"rocks","response":56,"absDeviation":8,"callibration":"test","block":11,"seed":82,"numerosity":64,"matchType":"paired","which":"first","trial_type":"numerosity-estimation","trial_index":198,"time_elapsed":1637203,"subject_id":"76001"},{"rt":6640,"stimulus":82,"slider_start":100,"sprites":"rocks","response":69,"absDeviation":5,"callibration":"test","block":11,"seed":82,"numerosity":64,"matchType":"paired","which":"second","trial_type":"numerosity-estimation","trial_index":199,"time_elapsed":1643847,"subject_id":"76001"},{"rt":4196,"stimulus":83,"slider_start":100,"sprites":"buttons","response":116,"absDeviation":5,"callibration":"test","block":11,"seed":83,"numerosity":121,"matchType":"unpaired","which":"second","trial_type":"numerosity-estimation","trial_index":200,"time_elapsed":1648045,"subject_id":"76001"},{"rt":2955,"stimulus":84,"slider_start":100,"sprites":"animalCrackers","response":38,"absDeviation":12,"callibration":"test","block":11,"seed":84,"numerosity":50,"matchType":"unpaired","which":"second","trial_type":"numerosity-estimation","trial_index":201,"time_elapsed":1651003,"subject_id":"76001"},{"rt":2720,"stimulus":86,"slider_start":100,"sprites":"butterflies","response":91,"absDeviation":30,"callibration":"test","block":11,"seed":86,"numerosity":121,"matchType":"paired","which":"first","trial_type":"numerosity-estimation","trial_index":202,"time_elapsed":1653724,"subject_id":"76001"},{"rt":6450,"stimulus":86,"slider_start":100,"sprites":"butterflies","response":85,"absDeviation":36,"callibration":"test","block":11,"seed":86,"numerosity":121,"matchType":"paired","which":"second","trial_type":"numerosity-estimation","trial_index":203,"time_elapsed":1660178,"subject_id":"76001"},{"rt":5738,"stimulus":87,"slider_start":100,"sprites":"hearts","response":40,"absDeviation":10,"callibration":"test","block":11,"seed":87,"numerosity":50,"matchType":"unpaired","which":"second","trial_type":"numerosity-estimation","trial_index":204,"time_elapsed":1665919,"subject_id":"76001"},{"rt":4869,"stimulus":88,"slider_start":100,"sprites":"crackers","response":164,"absDeviation":29,"callibration":"test","block":11,"seed":88,"numerosity":135,"matchType":"unpaired","which":"second","trial_type":"numerosity-estimation","trial_index":205,"time_elapsed":1670791,"subject_id":"76001"},{"rt":2978,"stimulus":90,"slider_start":100,"sprites":"fruits","response":170,"absDeviation":20,"callibration":"test","block":11,"seed":90,"numerosity":150,"matchType":"paired","which":"first","trial_type":"numerosity-estimation","trial_index":206,"time_elapsed":1673772,"subject_id":"76001"},{"rt":3745,"stimulus":90,"slider_start":100,"sprites":"fruits","response":175,"absDeviation":25,"callibration":"test","block":11,"seed":90,"numerosity":150,"matchType":"paired","which":"second","trial_type":"numerosity-estimation","trial_index":207,"time_elapsed":1677519,"subject_id":"76001"},{"rt":3795,"stimulus":91,"slider_start":100,"sprites":"jellyBeans","response":121,"absDeviation":29,"callibration":"test","block":11,"seed":91,"numerosity":92,"matchType":"unpaired","which":"second","trial_type":"numerosity-estimation","trial_index":208,"time_elapsed":1681316,"subject_id":"76001"},{"rt":3564,"stimulus":92,"slider_start":100,"sprites":"marbles","response":127,"absDeviation":6,"callibration":"test","block":11,"seed":92,"numerosity":121,"matchType":"unpaired","which":"second","trial_type":"numerosity-estimation","trial_index":209,"time_elapsed":1684883,"subject_id":"76001"},{"rt":3841,"stimulus":94,"slider_start":100,"sprites":"rocks","response":97,"absDeviation":19,"callibration":"test","block":11,"seed":94,"numerosity":78,"matchType":"paired","which":"first","trial_type":"numerosity-estimation","trial_index":210,"time_elapsed":1688728,"subject_id":"76001"},{"rt":2131,"stimulus":94,"slider_start":100,"sprites":"rocks","response":91,"absDeviation":13,"callibration":"test","block":11,"seed":94,"numerosity":78,"matchType":"paired","which":"second","trial_type":"numerosity-estimation","trial_index":211,"time_elapsed":1690863,"subject_id":"76001"},{"rt":4022,"stimulus":95,"slider_start":100,"sprites":"buttons","response":85,"absDeviation":21,"callibration":"test","block":11,"seed":95,"numerosity":64,"matchType":"unpaired","which":"second","trial_type":"numerosity-estimation","trial_index":212,"time_elapsed":1694888,"subject_id":"76001"},{"rt":3508,"stimulus":96,"slider_start":100,"sprites":"animalCrackers","response":120,"absDeviation":28,"callibration":"test","block":11,"seed":96,"numerosity":92,"matchType":"unpaired","which":"second","trial_type":"numerosity-estimation","trial_index":213,"time_elapsed":1698399,"subject_id":"76001"},{"rt":1334,"stimulus":"<p> For the last block of trials, the average deviation of your guesses from correct answers was 19.</p>\n     <p>The smaller the deviation the better.  Your deviation was <b> VERY good</b>.</p><br>\n       <p>Press any key to continue to the next block of trials</p>","response":" ","trial_type":"html-keyboard-response","trial_index":214,"time_elapsed":1699735,"subject_id":"76001"},{"rt":21674,"response":{"averageEstimates":"When the two displays occured back-to-back, in immediate succession.","firstOrSecond":"The second time the objects were shown"},"question_order":[0,1],"trial_type":"survey-multi-choice","trial_index":215,"time_elapsed":1721413,"subject_id":"76001"}]