[{"rt":72334,"url":"consent.html","trial_type":"external-html","trial_index":0,"time_elapsed":72361,"subject_id":"78665"},{"view_history":[{"page_index":0,"viewing_time":15666}],"rt":15668,"trial_type":"instructions","trial_index":1,"time_elapsed":88031,"subject_id":"78665"},{"rt":17554,"stimulus":0,"slider_start":100,"sprites":"animalCrackers","response":61,"absDeviation":11,"callibration":"callibration","block":-1,"seed":0,"numerosity":50,"matchType":"callibration","which":"first","trial_type":"numerosity-estimation","trial_index":2,"time_elapsed":105596,"subject_id":"78665"},{"rt":21168,"stimulus":1,"slider_start":100,"sprites":"letters","response":100,"absDeviation":36,"callibration":"callibration","block":-1,"seed":1,"numerosity":64,"matchType":"callibration","which":"first","trial_type":"numerosity-estimation","trial_index":3,"time_elapsed":126765,"subject_id":"78665"},{"rt":6482,"stimulus":2,"slider_start":100,"sprites":"butterflies","response":100,"absDeviation":22,"callibration":"callibration","block":-1,"seed":2,"numerosity":78,"matchType":"callibration","which":"first","trial_type":"numerosity-estimation","trial_index":4,"time_elapsed":133249,"subject_id":"78665"},{"rt":8375,"stimulus":3,"slider_start":100,"sprites":"hearts","response":100,"absDeviation":8,"callibration":"callibration","block":-1,"seed":3,"numerosity":92,"matchType":"callibration","which":"first","trial_type":"numerosity-estimation","trial_index":5,"time_elapsed":141627,"subject_id":"78665"},{"rt":8092,"stimulus":4,"slider_start":100,"sprites":"crackers","response":108,"absDeviation":1,"callibration":"callibration","block":-1,"seed":4,"numerosity":107,"matchType":"callibration","which":"first","trial_type":"numerosity-estimation","trial_index":6,"time_elapsed":149721,"subject_id":"78665"},{"rt":9691,"stimulus":5,"slider_start":100,"sprites":"bears","response":118,"absDeviation":3,"callibration":"callibration","block":-1,"seed":5,"numerosity":121,"matchType":"callibration","which":"first","trial_type":"numerosity-estimation","trial_index":7,"time_elapsed":159414,"subject_id":"78665"},{"rt":7107,"stimulus":6,"slider_start":100,"sprites":"fruits","response":130,"absDeviation":5,"callibration":"callibration","block":-1,"seed":6,"numerosity":135,"matchType":"callibration","which":"first","trial_type":"numerosity-estimation","trial_index":8,"time_elapsed":166523,"subject_id":"78665"},{"rt":8161,"stimulus":7,"slider_start":100,"sprites":"jellyBeans","response":140,"absDeviation":10,"callibration":"callibration","block":-1,"seed":7,"numerosity":150,"matchType":"callibration","which":"first","trial_type":"numerosity-estimation","trial_index":9,"time_elapsed":174686,"subject_id":"78665"},{"view_history":[{"page_index":0,"viewing_time":15358}],"rt":15358,"trial_type":"instructions","trial_index":10,"time_elapsed":190040,"subject_id":"78665"},{"rt":11415,"stimulus":1,"slider_start":100,"sprites":"letters","response":68,"absDeviation":24,"callibration":"test","block":0,"seed":1,"numerosity":92,"matchType":"paired","which":"first","trial_type":"numerosity-estimation","trial_index":11,"time_elapsed":201458,"subject_id":"78665"},{"rt":8258,"stimulus":1,"slider_start":100,"sprites":"letters","response":69,"absDeviation":23,"callibration":"test","block":0,"seed":1,"numerosity":92,"matchType":"paired","which":"second","trial_type":"numerosity-estimation","trial_index":12,"time_elapsed":209719,"subject_id":"78665"},{"rt":7438,"stimulus":3,"slider_start":100,"sprites":"hearts","response":51,"absDeviation":1,"callibration":"test","block":0,"seed":3,"numerosity":50,"matchType":"unpaired","which":"first","trial_type":"numerosity-estimation","trial_index":13,"time_elapsed":217159,"subject_id":"78665"},{"rt":8147,"stimulus":4,"slider_start":100,"sprites":"crackers","response":76,"absDeviation":31,"callibration":"test","block":0,"seed":4,"numerosity":107,"matchType":"unpaired","which":"first","trial_type":"numerosity-estimation","trial_index":14,"time_elapsed":225308,"subject_id":"78665"},{"rt":9207,"stimulus":5,"slider_start":100,"sprites":"bears","response":43,"absDeviation":7,"callibration":"test","block":0,"seed":5,"numerosity":50,"matchType":"paired","which":"first","trial_type":"numerosity-estimation","trial_index":15,"time_elapsed":234517,"subject_id":"78665"},{"rt":9149,"stimulus":5,"slider_start":100,"sprites":"bears","response":39,"absDeviation":11,"callibration":"test","block":0,"seed":5,"numerosity":50,"matchType":"paired","which":"second","trial_type":"numerosity-estimation","trial_index":16,"time_elapsed":243669,"subject_id":"78665"},{"rt":11780,"stimulus":7,"slider_start":100,"sprites":"jellyBeans","response":47,"absDeviation":3,"callibration":"test","block":0,"seed":7,"numerosity":50,"matchType":"unpaired","which":"first","trial_type":"numerosity-estimation","trial_index":17,"time_elapsed":255458,"subject_id":"78665"},{"rt":8413,"stimulus":8,"slider_start":100,"sprites":"marbles","response":53,"absDeviation":39,"callibration":"test","block":0,"seed":8,"numerosity":92,"matchType":"unpaired","which":"first","trial_type":"numerosity-estimation","trial_index":18,"time_elapsed":263873,"subject_id":"78665"},{"rt":9405,"stimulus":9,"slider_start":100,"sprites":"mints","response":95,"absDeviation":40,"callibration":"test","block":0,"seed":9,"numerosity":135,"matchType":"paired","which":"first","trial_type":"numerosity-estimation","trial_index":19,"time_elapsed":273280,"subject_id":"78665"},{"rt":9354,"stimulus":9,"slider_start":100,"sprites":"mints","response":98,"absDeviation":37,"callibration":"test","block":0,"seed":9,"numerosity":135,"matchType":"paired","which":"second","trial_type":"numerosity-estimation","trial_index":20,"time_elapsed":282637,"subject_id":"78665"},{"rt":7052,"stimulus":11,"slider_start":100,"sprites":"buttons","response":82,"absDeviation":25,"callibration":"test","block":0,"seed":11,"numerosity":107,"matchType":"unpaired","which":"first","trial_type":"numerosity-estimation","trial_index":21,"time_elapsed":289691,"subject_id":"78665"},{"rt":8383,"stimulus":12,"slider_start":100,"sprites":"animalCrackers","response":71,"absDeviation":21,"callibration":"test","block":0,"seed":12,"numerosity":92,"matchType":"unpaired","which":"first","trial_type":"numerosity-estimation","trial_index":22,"time_elapsed":298077,"subject_id":"78665"},{"rt":6646,"stimulus":13,"slider_start":100,"sprites":"letters","response":86,"absDeviation":21,"callibration":"test","block":0,"seed":13,"numerosity":107,"matchType":"paired","which":"first","trial_type":"numerosity-estimation","trial_index":23,"time_elapsed":304725,"subject_id":"78665"},{"rt":8463,"stimulus":13,"slider_start":100,"sprites":"letters","response":85,"absDeviation":22,"callibration":"test","block":0,"seed":13,"numerosity":107,"matchType":"paired","which":"second","trial_type":"numerosity-estimation","trial_index":24,"time_elapsed":313190,"subject_id":"78665"},{"rt":9204,"stimulus":15,"slider_start":100,"sprites":"hearts","response":93,"absDeviation":28,"callibration":"test","block":0,"seed":15,"numerosity":121,"matchType":"unpaired","which":"first","trial_type":"numerosity-estimation","trial_index":25,"time_elapsed":322396,"subject_id":"78665"},{"rt":9281,"stimulus":16,"slider_start":100,"sprites":"crackers","response":62,"absDeviation":2,"callibration":"test","block":0,"seed":16,"numerosity":64,"matchType":"unpaired","which":"first","trial_type":"numerosity-estimation","trial_index":26,"time_elapsed":331679,"subject_id":"78665"},{"rt":15165,"stimulus":"<p> For the last block of trials, the average deviation of your guesses from correct answers was 21.</p>\n     <p>The smaller the deviation the better.  Your deviation was <b> VERY good</b>.</p><br>\n       <p>Press any key to continue to the next block of trials</p>","response":"m","trial_type":"html-keyboard-response","trial_index":27,"time_elapsed":346847,"subject_id":"78665"},{"rt":7899,"stimulus":17,"slider_start":100,"sprites":"bears","response":67,"absDeviation":25,"callibration":"test","block":1,"seed":17,"numerosity":92,"matchType":"paired","which":"first","trial_type":"numerosity-estimation","trial_index":28,"time_elapsed":354747,"subject_id":"78665"},{"rt":5850,"stimulus":17,"slider_start":100,"sprites":"bears","response":74,"absDeviation":18,"callibration":"test","block":1,"seed":17,"numerosity":92,"matchType":"paired","which":"second","trial_type":"numerosity-estimation","trial_index":29,"time_elapsed":360599,"subject_id":"78665"},{"rt":6843,"stimulus":19,"slider_start":100,"sprites":"jellyBeans","response":79,"absDeviation":56,"callibration":"test","block":1,"seed":19,"numerosity":135,"matchType":"unpaired","which":"first","trial_type":"numerosity-estimation","trial_index":30,"time_elapsed":367445,"subject_id":"78665"},{"rt":8042,"stimulus":20,"slider_start":100,"sprites":"marbles","response":56,"absDeviation":22,"callibration":"test","block":1,"seed":20,"numerosity":78,"matchType":"unpaired","which":"first","trial_type":"numerosity-estimation","trial_index":31,"time_elapsed":375489,"subject_id":"78665"},{"rt":6922,"stimulus":21,"slider_start":100,"sprites":"mints","response":72,"absDeviation":20,"callibration":"test","block":1,"seed":21,"numerosity":92,"matchType":"paired","which":"first","trial_type":"numerosity-estimation","trial_index":32,"time_elapsed":382412,"subject_id":"78665"},{"rt":6793,"stimulus":21,"slider_start":100,"sprites":"mints","response":88,"absDeviation":4,"callibration":"test","block":1,"seed":21,"numerosity":92,"matchType":"paired","which":"second","trial_type":"numerosity-estimation","trial_index":33,"time_elapsed":389207,"subject_id":"78665"},{"rt":6036,"stimulus":23,"slider_start":100,"sprites":"buttons","response":115,"absDeviation":35,"callibration":"test","block":1,"seed":23,"numerosity":150,"matchType":"unpaired","which":"first","trial_type":"numerosity-estimation","trial_index":34,"time_elapsed":395246,"subject_id":"78665"},{"rt":3955,"stimulus":24,"slider_start":100,"sprites":"animalCrackers","response":104,"absDeviation":3,"callibration":"test","block":1,"seed":24,"numerosity":107,"matchType":"unpaired","which":"first","trial_type":"numerosity-estimation","trial_index":35,"time_elapsed":399203,"subject_id":"78665"},{"rt":6067,"stimulus":25,"slider_start":100,"sprites":"letters","response":93,"absDeviation":14,"callibration":"test","block":1,"seed":25,"numerosity":107,"matchType":"paired","which":"first","trial_type":"numerosity-estimation","trial_index":36,"time_elapsed":405272,"subject_id":"78665"},{"rt":5633,"stimulus":25,"slider_start":100,"sprites":"letters","response":85,"absDeviation":22,"callibration":"test","block":1,"seed":25,"numerosity":107,"matchType":"paired","which":"second","trial_type":"numerosity-estimation","trial_index":37,"time_elapsed":410907,"subject_id":"78665"},{"rt":8074,"stimulus":27,"slider_start":100,"sprites":"hearts","response":83,"absDeviation":38,"callibration":"test","block":1,"seed":27,"numerosity":121,"matchType":"unpaired","which":"first","trial_type":"numerosity-estimation","trial_index":38,"time_elapsed":418983,"subject_id":"78665"},{"rt":6264,"stimulus":28,"slider_start":100,"sprites":"crackers","response":120,"absDeviation":30,"callibration":"test","block":1,"seed":28,"numerosity":150,"matchType":"unpaired","which":"first","trial_type":"numerosity-estimation","trial_index":39,"time_elapsed":425249,"subject_id":"78665"},{"rt":7729,"stimulus":29,"slider_start":100,"sprites":"bears","response":67,"absDeviation":3,"callibration":"test","block":1,"seed":29,"numerosity":64,"matchType":"paired","which":"first","trial_type":"numerosity-estimation","trial_index":40,"time_elapsed":432981,"subject_id":"78665"},{"rt":4070,"stimulus":29,"slider_start":100,"sprites":"bears","response":63,"absDeviation":1,"callibration":"test","block":1,"seed":29,"numerosity":64,"matchType":"paired","which":"second","trial_type":"numerosity-estimation","trial_index":41,"time_elapsed":437053,"subject_id":"78665"},{"rt":8565,"stimulus":31,"slider_start":100,"sprites":"jellyBeans","response":115,"absDeviation":35,"callibration":"test","block":1,"seed":31,"numerosity":150,"matchType":"unpaired","which":"first","trial_type":"numerosity-estimation","trial_index":42,"time_elapsed":445620,"subject_id":"78665"},{"rt":6054,"stimulus":32,"slider_start":100,"sprites":"marbles","response":78,"absDeviation":57,"callibration":"test","block":1,"seed":32,"numerosity":135,"matchType":"unpaired","which":"first","trial_type":"numerosity-estimation","trial_index":43,"time_elapsed":451677,"subject_id":"78665"},{"rt":15471,"stimulus":"<p> For the last block of trials, the average deviation of your guesses from correct answers was 24.</p>\n     <p>The smaller the deviation the better.  Your deviation was <b> VERY good</b>.</p><br>\n       <p>Press any key to continue to the next block of trials</p>","response":" ","trial_type":"html-keyboard-response","trial_index":44,"time_elapsed":467149,"subject_id":"78665"},{"rt":6976,"stimulus":33,"slider_start":100,"sprites":"mints","response":107,"absDeviation":14,"callibration":"test","block":2,"seed":33,"numerosity":121,"matchType":"paired","which":"first","trial_type":"numerosity-estimation","trial_index":45,"time_elapsed":474127,"subject_id":"78665"},{"rt":4317,"stimulus":33,"slider_start":100,"sprites":"mints","response":114,"absDeviation":7,"callibration":"test","block":2,"seed":33,"numerosity":121,"matchType":"paired","which":"second","trial_type":"numerosity-estimation","trial_index":46,"time_elapsed":478447,"subject_id":"78665"},{"rt":3715,"stimulus":35,"slider_start":100,"sprites":"buttons","response":96,"absDeviation":18,"callibration":"test","block":2,"seed":35,"numerosity":78,"matchType":"unpaired","which":"first","trial_type":"numerosity-estimation","trial_index":47,"time_elapsed":482165,"subject_id":"78665"},{"rt":5429,"stimulus":36,"slider_start":100,"sprites":"animalCrackers","response":80,"absDeviation":30,"callibration":"test","block":2,"seed":36,"numerosity":50,"matchType":"unpaired","which":"first","trial_type":"numerosity-estimation","trial_index":48,"time_elapsed":487597,"subject_id":"78665"},{"rt":7427,"stimulus":37,"slider_start":100,"sprites":"letters","response":96,"absDeviation":39,"callibration":"test","block":2,"seed":37,"numerosity":135,"matchType":"paired","which":"first","trial_type":"numerosity-estimation","trial_index":49,"time_elapsed":495026,"subject_id":"78665"},{"rt":5919,"stimulus":37,"slider_start":100,"sprites":"letters","response":108,"absDeviation":27,"callibration":"test","block":2,"seed":37,"numerosity":135,"matchType":"paired","which":"second","trial_type":"numerosity-estimation","trial_index":50,"time_elapsed":500947,"subject_id":"78665"},{"rt":7102,"stimulus":39,"slider_start":100,"sprites":"hearts","response":81,"absDeviation":3,"callibration":"test","block":2,"seed":39,"numerosity":78,"matchType":"unpaired","which":"first","trial_type":"numerosity-estimation","trial_index":51,"time_elapsed":508052,"subject_id":"78665"},{"rt":7214,"stimulus":40,"slider_start":100,"sprites":"crackers","response":119,"absDeviation":2,"callibration":"test","block":2,"seed":40,"numerosity":121,"matchType":"unpaired","which":"first","trial_type":"numerosity-estimation","trial_index":52,"time_elapsed":515268,"subject_id":"78665"},{"rt":7188,"stimulus":41,"slider_start":100,"sprites":"bears","response":65,"absDeviation":15,"callibration":"test","block":2,"seed":41,"numerosity":50,"matchType":"paired","which":"first","trial_type":"numerosity-estimation","trial_index":53,"time_elapsed":522457,"subject_id":"78665"},{"rt":3755,"stimulus":41,"slider_start":100,"sprites":"bears","response":67,"absDeviation":17,"callibration":"test","block":2,"seed":41,"numerosity":50,"matchType":"paired","which":"second","trial_type":"numerosity-estimation","trial_index":54,"time_elapsed":526214,"subject_id":"78665"},{"rt":5619,"stimulus":43,"slider_start":100,"sprites":"jellyBeans","response":63,"absDeviation":1,"callibration":"test","block":2,"seed":43,"numerosity":64,"matchType":"unpaired","which":"first","trial_type":"numerosity-estimation","trial_index":55,"time_elapsed":531836,"subject_id":"78665"},{"rt":6255,"stimulus":44,"slider_start":100,"sprites":"marbles","response":85,"absDeviation":36,"callibration":"test","block":2,"seed":44,"numerosity":121,"matchType":"unpaired","which":"first","trial_type":"numerosity-estimation","trial_index":56,"time_elapsed":538094,"subject_id":"78665"},{"rt":3414,"stimulus":45,"slider_start":100,"sprites":"mints","response":106,"absDeviation":15,"callibration":"test","block":2,"seed":45,"numerosity":121,"matchType":"paired","which":"first","trial_type":"numerosity-estimation","trial_index":57,"time_elapsed":541510,"subject_id":"78665"},{"rt":4412,"stimulus":45,"slider_start":100,"sprites":"mints","response":119,"absDeviation":2,"callibration":"test","block":2,"seed":45,"numerosity":121,"matchType":"paired","which":"second","trial_type":"numerosity-estimation","trial_index":58,"time_elapsed":545924,"subject_id":"78665"},{"rt":6886,"stimulus":47,"slider_start":100,"sprites":"buttons","response":119,"absDeviation":2,"callibration":"test","block":2,"seed":47,"numerosity":121,"matchType":"unpaired","which":"first","trial_type":"numerosity-estimation","trial_index":59,"time_elapsed":552812,"subject_id":"78665"},{"rt":4486,"stimulus":48,"slider_start":100,"sprites":"animalCrackers","response":129,"absDeviation":6,"callibration":"test","block":2,"seed":48,"numerosity":135,"matchType":"unpaired","which":"first","trial_type":"numerosity-estimation","trial_index":60,"time_elapsed":557301,"subject_id":"78665"},{"rt":4920,"stimulus":"<p> For the last block of trials, the average deviation of your guesses from correct answers was 15.</p>\n     <p>The smaller the deviation the better.  Your deviation was <b> VERY good</b>.</p><br>\n       <p>Press any key to continue to the next block of trials</p>","response":" ","trial_type":"html-keyboard-response","trial_index":61,"time_elapsed":562222,"subject_id":"78665"},{"rt":4575,"stimulus":49,"slider_start":100,"sprites":"letters","response":84,"absDeviation":6,"callibration":"test","block":3,"seed":49,"numerosity":78,"matchType":"paired","which":"first","trial_type":"numerosity-estimation","trial_index":62,"time_elapsed":566799,"subject_id":"78665"},{"rt":3832,"stimulus":49,"slider_start":100,"sprites":"letters","response":79,"absDeviation":1,"callibration":"test","block":3,"seed":49,"numerosity":78,"matchType":"paired","which":"second","trial_type":"numerosity-estimation","trial_index":63,"time_elapsed":570634,"subject_id":"78665"},{"rt":5023,"stimulus":51,"slider_start":100,"sprites":"hearts","response":108,"absDeviation":42,"callibration":"test","block":3,"seed":51,"numerosity":150,"matchType":"unpaired","which":"first","trial_type":"numerosity-estimation","trial_index":64,"time_elapsed":575659,"subject_id":"78665"},{"rt":6062,"stimulus":52,"slider_start":100,"sprites":"crackers","response":80,"absDeviation":2,"callibration":"test","block":3,"seed":52,"numerosity":78,"matchType":"unpaired","which":"first","trial_type":"numerosity-estimation","trial_index":65,"time_elapsed":581724,"subject_id":"78665"},{"rt":6766,"stimulus":53,"slider_start":100,"sprites":"bears","response":65,"absDeviation":15,"callibration":"test","block":3,"seed":53,"numerosity":50,"matchType":"paired","which":"first","trial_type":"numerosity-estimation","trial_index":66,"time_elapsed":588492,"subject_id":"78665"},{"rt":5877,"stimulus":53,"slider_start":100,"sprites":"bears","response":71,"absDeviation":21,"callibration":"test","block":3,"seed":53,"numerosity":50,"matchType":"paired","which":"second","trial_type":"numerosity-estimation","trial_index":67,"time_elapsed":594371,"subject_id":"78665"},{"rt":4467,"stimulus":55,"slider_start":100,"sprites":"jellyBeans","response":89,"absDeviation":32,"callibration":"test","block":3,"seed":55,"numerosity":121,"matchType":"unpaired","which":"first","trial_type":"numerosity-estimation","trial_index":68,"time_elapsed":598840,"subject_id":"78665"},{"rt":7155,"stimulus":56,"slider_start":100,"sprites":"marbles","response":58,"absDeviation":6,"callibration":"test","block":3,"seed":56,"numerosity":64,"matchType":"unpaired","which":"first","trial_type":"numerosity-estimation","trial_index":69,"time_elapsed":605998,"subject_id":"78665"},{"rt":5770,"stimulus":57,"slider_start":100,"sprites":"mints","response":73,"absDeviation":9,"callibration":"test","block":3,"seed":57,"numerosity":64,"matchType":"paired","which":"first","trial_type":"numerosity-estimation","trial_index":70,"time_elapsed":611770,"subject_id":"78665"},{"rt":4251,"stimulus":57,"slider_start":100,"sprites":"mints","response":75,"absDeviation":11,"callibration":"test","block":3,"seed":57,"numerosity":64,"matchType":"paired","which":"second","trial_type":"numerosity-estimation","trial_index":71,"time_elapsed":616023,"subject_id":"78665"},{"rt":5397,"stimulus":59,"slider_start":100,"sprites":"buttons","response":110,"absDeviation":25,"callibration":"test","block":3,"seed":59,"numerosity":135,"matchType":"unpaired","which":"first","trial_type":"numerosity-estimation","trial_index":72,"time_elapsed":621423,"subject_id":"78665"},{"rt":5167,"stimulus":60,"slider_start":100,"sprites":"animalCrackers","response":127,"absDeviation":23,"callibration":"test","block":3,"seed":60,"numerosity":150,"matchType":"unpaired","which":"first","trial_type":"numerosity-estimation","trial_index":73,"time_elapsed":626592,"subject_id":"78665"},{"rt":6684,"stimulus":61,"slider_start":100,"sprites":"letters","response":54,"absDeviation":4,"callibration":"test","block":3,"seed":61,"numerosity":50,"matchType":"paired","which":"first","trial_type":"numerosity-estimation","trial_index":74,"time_elapsed":633278,"subject_id":"78665"},{"rt":6441,"stimulus":61,"slider_start":100,"sprites":"letters","response":61,"absDeviation":11,"callibration":"test","block":3,"seed":61,"numerosity":50,"matchType":"paired","which":"second","trial_type":"numerosity-estimation","trial_index":75,"time_elapsed":639722,"subject_id":"78665"},{"rt":7160,"stimulus":63,"slider_start":100,"sprites":"hearts","response":78,"absDeviation":14,"callibration":"test","block":3,"seed":63,"numerosity":64,"matchType":"unpaired","which":"first","trial_type":"numerosity-estimation","trial_index":76,"time_elapsed":646883,"subject_id":"78665"},{"rt":6947,"stimulus":64,"slider_start":100,"sprites":"crackers","response":118,"absDeviation":17,"callibration":"test","block":3,"seed":64,"numerosity":135,"matchType":"unpaired","which":"first","trial_type":"numerosity-estimation","trial_index":77,"time_elapsed":653832,"subject_id":"78665"},{"rt":5674,"stimulus":"<p> For the last block of trials, the average deviation of your guesses from correct answers was 15.</p>\n     <p>The smaller the deviation the better.  Your deviation was <b> VERY good</b>.</p><br>\n       <p>Press any key to continue to the next block of trials</p>","response":" ","trial_type":"html-keyboard-response","trial_index":78,"time_elapsed":659507,"subject_id":"78665"},{"rt":5694,"stimulus":65,"slider_start":100,"sprites":"bears","response":107,"absDeviation":0,"callibration":"test","block":4,"seed":65,"numerosity":107,"matchType":"paired","which":"first","trial_type":"numerosity-estimation","trial_index":79,"time_elapsed":665203,"subject_id":"78665"},{"rt":5738,"stimulus":65,"slider_start":100,"sprites":"bears","response":115,"absDeviation":8,"callibration":"test","block":4,"seed":65,"numerosity":107,"matchType":"paired","which":"second","trial_type":"numerosity-estimation","trial_index":80,"time_elapsed":670938,"subject_id":"78665"},{"rt":6100,"stimulus":67,"slider_start":100,"sprites":"jellyBeans","response":87,"absDeviation":20,"callibration":"test","block":4,"seed":67,"numerosity":107,"matchType":"unpaired","which":"first","trial_type":"numerosity-estimation","trial_index":81,"time_elapsed":677041,"subject_id":"78665"},{"rt":5825,"stimulus":68,"slider_start":100,"sprites":"marbles","response":88,"absDeviation":62,"callibration":"test","block":4,"seed":68,"numerosity":150,"matchType":"unpaired","which":"first","trial_type":"numerosity-estimation","trial_index":82,"time_elapsed":682867,"subject_id":"78665"},{"rt":3313,"stimulus":69,"slider_start":100,"sprites":"mints","response":103,"absDeviation":18,"callibration":"test","block":4,"seed":69,"numerosity":121,"matchType":"paired","which":"first","trial_type":"numerosity-estimation","trial_index":83,"time_elapsed":686184,"subject_id":"78665"},{"rt":3221,"stimulus":69,"slider_start":100,"sprites":"mints","response":111,"absDeviation":10,"callibration":"test","block":4,"seed":69,"numerosity":121,"matchType":"paired","which":"second","trial_type":"numerosity-estimation","trial_index":84,"time_elapsed":689408,"subject_id":"78665"},{"rt":4085,"stimulus":71,"slider_start":100,"sprites":"buttons","response":94,"absDeviation":13,"callibration":"test","block":4,"seed":71,"numerosity":107,"matchType":"unpaired","which":"first","trial_type":"numerosity-estimation","trial_index":85,"time_elapsed":693495,"subject_id":"78665"},{"rt":6743,"stimulus":72,"slider_start":100,"sprites":"animalCrackers","response":68,"absDeviation":18,"callibration":"test","block":4,"seed":72,"numerosity":50,"matchType":"unpaired","which":"first","trial_type":"numerosity-estimation","trial_index":86,"time_elapsed":700240,"subject_id":"78665"},{"rt":6415,"stimulus":73,"slider_start":100,"sprites":"letters","response":77,"absDeviation":1,"callibration":"test","block":4,"seed":73,"numerosity":78,"matchType":"paired","which":"first","trial_type":"numerosity-estimation","trial_index":87,"time_elapsed":706656,"subject_id":"78665"},{"rt":6955,"stimulus":73,"slider_start":100,"sprites":"letters","response":69,"absDeviation":9,"callibration":"test","block":4,"seed":73,"numerosity":78,"matchType":"paired","which":"second","trial_type":"numerosity-estimation","trial_index":88,"time_elapsed":713613,"subject_id":"78665"},{"rt":5256,"stimulus":75,"slider_start":100,"sprites":"hearts","response":82,"absDeviation":10,"callibration":"test","block":4,"seed":75,"numerosity":92,"matchType":"unpaired","which":"first","trial_type":"numerosity-estimation","trial_index":89,"time_elapsed":718871,"subject_id":"78665"},{"rt":7137,"stimulus":76,"slider_start":100,"sprites":"crackers","response":76,"absDeviation":12,"callibration":"test","block":4,"seed":76,"numerosity":64,"matchType":"unpaired","which":"first","trial_type":"numerosity-estimation","trial_index":90,"time_elapsed":726011,"subject_id":"78665"},{"rt":6542,"stimulus":77,"slider_start":100,"sprites":"bears","response":117,"absDeviation":18,"callibration":"test","block":4,"seed":77,"numerosity":135,"matchType":"paired","which":"first","trial_type":"numerosity-estimation","trial_index":91,"time_elapsed":732560,"subject_id":"78665"},{"rt":4813,"stimulus":77,"slider_start":100,"sprites":"bears","response":118,"absDeviation":17,"callibration":"test","block":4,"seed":77,"numerosity":135,"matchType":"paired","which":"second","trial_type":"numerosity-estimation","trial_index":92,"time_elapsed":737375,"subject_id":"78665"},{"rt":5494,"stimulus":79,"slider_start":100,"sprites":"jellyBeans","response":56,"absDeviation":6,"callibration":"test","block":4,"seed":79,"numerosity":50,"matchType":"unpaired","which":"first","trial_type":"numerosity-estimation","trial_index":93,"time_elapsed":742871,"subject_id":"78665"},{"rt":8977,"stimulus":80,"slider_start":100,"sprites":"marbles","response":73,"absDeviation":48,"callibration":"test","block":4,"seed":80,"numerosity":121,"matchType":"unpaired","which":"first","trial_type":"numerosity-estimation","trial_index":94,"time_elapsed":751850,"subject_id":"78665"},{"rt":4448,"stimulus":"<p> For the last block of trials, the average deviation of your guesses from correct answers was 17.</p>\n     <p>The smaller the deviation the better.  Your deviation was <b> VERY good</b>.</p><br>\n       <p>Press any key to continue to the next block of trials</p>","response":" ","trial_type":"html-keyboard-response","trial_index":95,"time_elapsed":756300,"subject_id":"78665"},{"rt":5179,"stimulus":81,"slider_start":100,"sprites":"mints","response":111,"absDeviation":10,"callibration":"test","block":5,"seed":81,"numerosity":121,"matchType":"paired","which":"first","trial_type":"numerosity-estimation","trial_index":96,"time_elapsed":761481,"subject_id":"78665"},{"rt":5083,"stimulus":81,"slider_start":100,"sprites":"mints","response":116,"absDeviation":5,"callibration":"test","block":5,"seed":81,"numerosity":121,"matchType":"paired","which":"second","trial_type":"numerosity-estimation","trial_index":97,"time_elapsed":766566,"subject_id":"78665"},{"rt":6847,"stimulus":83,"slider_start":100,"sprites":"buttons","response":111,"absDeviation":10,"callibration":"test","block":5,"seed":83,"numerosity":121,"matchType":"unpaired","which":"first","trial_type":"numerosity-estimation","trial_index":98,"time_elapsed":773415,"subject_id":"78665"},{"rt":5283,"stimulus":84,"slider_start":100,"sprites":"animalCrackers","response":74,"absDeviation":24,"callibration":"test","block":5,"seed":84,"numerosity":50,"matchType":"unpaired","which":"first","trial_type":"numerosity-estimation","trial_index":99,"time_elapsed":778700,"subject_id":"78665"},{"rt":5782,"stimulus":85,"slider_start":100,"sprites":"letters","response":66,"absDeviation":2,"callibration":"test","block":5,"seed":85,"numerosity":64,"matchType":"paired","which":"first","trial_type":"numerosity-estimation","trial_index":100,"time_elapsed":784484,"subject_id":"78665"},{"rt":4907,"stimulus":85,"slider_start":100,"sprites":"letters","response":68,"absDeviation":4,"callibration":"test","block":5,"seed":85,"numerosity":64,"matchType":"paired","which":"second","trial_type":"numerosity-estimation","trial_index":101,"time_elapsed":789393,"subject_id":"78665"},{"rt":4483,"stimulus":87,"slider_start":100,"sprites":"hearts","response":68,"absDeviation":18,"callibration":"test","block":5,"seed":87,"numerosity":50,"matchType":"unpaired","which":"first","trial_type":"numerosity-estimation","trial_index":102,"time_elapsed":793879,"subject_id":"78665"},{"rt":6547,"stimulus":88,"slider_start":100,"sprites":"crackers","response":124,"absDeviation":11,"callibration":"test","block":5,"seed":88,"numerosity":135,"matchType":"unpaired","which":"first","trial_type":"numerosity-estimation","trial_index":103,"time_elapsed":800428,"subject_id":"78665"},{"rt":5675,"stimulus":89,"slider_start":100,"sprites":"bears","response":68,"absDeviation":18,"callibration":"test","block":5,"seed":89,"numerosity":50,"matchType":"paired","which":"first","trial_type":"numerosity-estimation","trial_index":104,"time_elapsed":806106,"subject_id":"78665"},{"rt":4243,"stimulus":89,"slider_start":100,"sprites":"bears","response":65,"absDeviation":15,"callibration":"test","block":5,"seed":89,"numerosity":50,"matchType":"paired","which":"second","trial_type":"numerosity-estimation","trial_index":105,"time_elapsed":810351,"subject_id":"78665"},{"rt":6454,"stimulus":91,"slider_start":100,"sprites":"jellyBeans","response":94,"absDeviation":2,"callibration":"test","block":5,"seed":91,"numerosity":92,"matchType":"unpaired","which":"first","trial_type":"numerosity-estimation","trial_index":106,"time_elapsed":816807,"subject_id":"78665"},{"rt":6466,"stimulus":92,"slider_start":100,"sprites":"marbles","response":110,"absDeviation":11,"callibration":"test","block":5,"seed":92,"numerosity":121,"matchType":"unpaired","which":"first","trial_type":"numerosity-estimation","trial_index":107,"time_elapsed":823275,"subject_id":"78665"},{"rt":4150,"stimulus":93,"slider_start":100,"sprites":"mints","response":102,"absDeviation":24,"callibration":"test","block":5,"seed":93,"numerosity":78,"matchType":"paired","which":"first","trial_type":"numerosity-estimation","trial_index":108,"time_elapsed":827427,"subject_id":"78665"},{"rt":3211,"stimulus":93,"slider_start":100,"sprites":"mints","response":107,"absDeviation":29,"callibration":"test","block":5,"seed":93,"numerosity":78,"matchType":"paired","which":"second","trial_type":"numerosity-estimation","trial_index":109,"time_elapsed":830640,"subject_id":"78665"},{"rt":6104,"stimulus":95,"slider_start":100,"sprites":"buttons","response":78,"absDeviation":14,"callibration":"test","block":5,"seed":95,"numerosity":64,"matchType":"unpaired","which":"first","trial_type":"numerosity-estimation","trial_index":110,"time_elapsed":836746,"subject_id":"78665"},{"rt":6153,"stimulus":96,"slider_start":100,"sprites":"animalCrackers","response":118,"absDeviation":26,"callibration":"test","block":5,"seed":96,"numerosity":92,"matchType":"unpaired","which":"first","trial_type":"numerosity-estimation","trial_index":111,"time_elapsed":842901,"subject_id":"78665"},{"rt":5636,"stimulus":"<p> For the last block of trials, the average deviation of your guesses from correct answers was 14.</p>\n     <p>The smaller the deviation the better.  Your deviation was <b> AMAZINGLY good</b>.</p><br>\n       <p>Press any key to continue to the next block of trials</p>","response":" ","trial_type":"html-keyboard-response","trial_index":112,"time_elapsed":848538,"subject_id":"78665"},{"rt":7618,"stimulus":2,"slider_start":100,"sprites":"butterflies","response":109,"absDeviation":26,"callibration":"test","block":6,"seed":2,"numerosity":135,"matchType":"paired","which":"first","trial_type":"numerosity-estimation","trial_index":113,"time_elapsed":856157,"subject_id":"78665"},{"rt":3877,"stimulus":2,"slider_start":100,"sprites":"butterflies","response":114,"absDeviation":21,"callibration":"test","block":6,"seed":2,"numerosity":135,"matchType":"paired","which":"second","trial_type":"numerosity-estimation","trial_index":114,"time_elapsed":860036,"subject_id":"78665"},{"rt":7608,"stimulus":3,"slider_start":100,"sprites":"hearts","response":78,"absDeviation":28,"callibration":"test","block":6,"seed":3,"numerosity":50,"matchType":"unpaired","which":"second","trial_type":"numerosity-estimation","trial_index":115,"time_elapsed":867646,"subject_id":"78665"},{"rt":7474,"stimulus":4,"slider_start":100,"sprites":"crackers","response":118,"absDeviation":11,"callibration":"test","block":6,"seed":4,"numerosity":107,"matchType":"unpaired","which":"second","trial_type":"numerosity-estimation","trial_index":116,"time_elapsed":875122,"subject_id":"78665"},{"rt":7581,"stimulus":6,"slider_start":100,"sprites":"fruits","response":97,"absDeviation":19,"callibration":"test","block":6,"seed":6,"numerosity":78,"matchType":"paired","which":"first","trial_type":"numerosity-estimation","trial_index":117,"time_elapsed":882705,"subject_id":"78665"},{"rt":3749,"stimulus":6,"slider_start":100,"sprites":"fruits","response":105,"absDeviation":27,"callibration":"test","block":6,"seed":6,"numerosity":78,"matchType":"paired","which":"second","trial_type":"numerosity-estimation","trial_index":118,"time_elapsed":886456,"subject_id":"78665"},{"rt":7748,"stimulus":7,"slider_start":100,"sprites":"jellyBeans","response":78,"absDeviation":28,"callibration":"test","block":6,"seed":7,"numerosity":50,"matchType":"unpaired","which":"second","trial_type":"numerosity-estimation","trial_index":119,"time_elapsed":894206,"subject_id":"78665"},{"rt":6389,"stimulus":8,"slider_start":100,"sprites":"marbles","response":86,"absDeviation":6,"callibration":"test","block":6,"seed":8,"numerosity":92,"matchType":"unpaired","which":"second","trial_type":"numerosity-estimation","trial_index":120,"time_elapsed":900597,"subject_id":"78665"},{"rt":6256,"stimulus":10,"slider_start":100,"sprites":"rocks","response":81,"absDeviation":31,"callibration":"test","block":6,"seed":10,"numerosity":50,"matchType":"paired","which":"first","trial_type":"numerosity-estimation","trial_index":121,"time_elapsed":906855,"subject_id":"78665"},{"rt":6443,"stimulus":10,"slider_start":100,"sprites":"rocks","response":70,"absDeviation":20,"callibration":"test","block":6,"seed":10,"numerosity":50,"matchType":"paired","which":"second","trial_type":"numerosity-estimation","trial_index":122,"time_elapsed":913301,"subject_id":"78665"},{"rt":7280,"stimulus":11,"slider_start":100,"sprites":"buttons","response":115,"absDeviation":8,"callibration":"test","block":6,"seed":11,"numerosity":107,"matchType":"unpaired","which":"second","trial_type":"numerosity-estimation","trial_index":123,"time_elapsed":920582,"subject_id":"78665"},{"rt":5551,"stimulus":12,"slider_start":100,"sprites":"animalCrackers","response":114,"absDeviation":22,"callibration":"test","block":6,"seed":12,"numerosity":92,"matchType":"unpaired","which":"second","trial_type":"numerosity-estimation","trial_index":124,"time_elapsed":926136,"subject_id":"78665"},{"rt":5670,"stimulus":14,"slider_start":100,"sprites":"butterflies","response":122,"absDeviation":28,"callibration":"test","block":6,"seed":14,"numerosity":150,"matchType":"paired","which":"first","trial_type":"numerosity-estimation","trial_index":125,"time_elapsed":931808,"subject_id":"78665"},{"rt":5027,"stimulus":14,"slider_start":100,"sprites":"butterflies","response":122,"absDeviation":28,"callibration":"test","block":6,"seed":14,"numerosity":150,"matchType":"paired","which":"second","trial_type":"numerosity-estimation","trial_index":126,"time_elapsed":936837,"subject_id":"78665"},{"rt":6586,"stimulus":15,"slider_start":100,"sprites":"hearts","response":109,"absDeviation":12,"callibration":"test","block":6,"seed":15,"numerosity":121,"matchType":"unpaired","which":"second","trial_type":"numerosity-estimation","trial_index":127,"time_elapsed":943425,"subject_id":"78665"},{"rt":6050,"stimulus":16,"slider_start":100,"sprites":"crackers","response":81,"absDeviation":17,"callibration":"test","block":6,"seed":16,"numerosity":64,"matchType":"unpaired","which":"second","trial_type":"numerosity-estimation","trial_index":128,"time_elapsed":949477,"subject_id":"78665"},{"rt":3172,"stimulus":"<p> For the last block of trials, the average deviation of your guesses from correct answers was 21.</p>\n     <p>The smaller the deviation the better.  Your deviation was <b> VERY good</b>.</p><br>\n       <p>Press any key to continue to the next block of trials</p>","response":" ","trial_type":"html-keyboard-response","trial_index":129,"time_elapsed":952650,"subject_id":"78665"},{"rt":6839,"stimulus":18,"slider_start":100,"sprites":"fruits","response":108,"absDeviation":1,"callibration":"test","block":7,"seed":18,"numerosity":107,"matchType":"paired","which":"first","trial_type":"numerosity-estimation","trial_index":130,"time_elapsed":959492,"subject_id":"78665"},{"rt":5295,"stimulus":18,"slider_start":100,"sprites":"fruits","response":114,"absDeviation":7,"callibration":"test","block":7,"seed":18,"numerosity":107,"matchType":"paired","which":"second","trial_type":"numerosity-estimation","trial_index":131,"time_elapsed":964789,"subject_id":"78665"},{"rt":8049,"stimulus":19,"slider_start":100,"sprites":"jellyBeans","response":115,"absDeviation":20,"callibration":"test","block":7,"seed":19,"numerosity":135,"matchType":"unpaired","which":"second","trial_type":"numerosity-estimation","trial_index":132,"time_elapsed":972840,"subject_id":"78665"},{"rt":6626,"stimulus":20,"slider_start":100,"sprites":"marbles","response":82,"absDeviation":4,"callibration":"test","block":7,"seed":20,"numerosity":78,"matchType":"unpaired","which":"second","trial_type":"numerosity-estimation","trial_index":133,"time_elapsed":979468,"subject_id":"78665"},{"rt":5641,"stimulus":22,"slider_start":100,"sprites":"rocks","response":105,"absDeviation":13,"callibration":"test","block":7,"seed":22,"numerosity":92,"matchType":"paired","which":"first","trial_type":"numerosity-estimation","trial_index":134,"time_elapsed":985111,"subject_id":"78665"},{"rt":6192,"stimulus":22,"slider_start":100,"sprites":"rocks","response":95,"absDeviation":3,"callibration":"test","block":7,"seed":22,"numerosity":92,"matchType":"paired","which":"second","trial_type":"numerosity-estimation","trial_index":135,"time_elapsed":991305,"subject_id":"78665"},{"rt":11127,"stimulus":23,"slider_start":100,"sprites":"buttons","response":89,"absDeviation":61,"callibration":"test","block":7,"seed":23,"numerosity":150,"matchType":"unpaired","which":"second","trial_type":"numerosity-estimation","trial_index":136,"time_elapsed":1002435,"subject_id":"78665"},{"rt":5609,"stimulus":24,"slider_start":100,"sprites":"animalCrackers","response":104,"absDeviation":3,"callibration":"test","block":7,"seed":24,"numerosity":107,"matchType":"unpaired","which":"second","trial_type":"numerosity-estimation","trial_index":137,"time_elapsed":1008050,"subject_id":"78665"},{"rt":5906,"stimulus":26,"slider_start":100,"sprites":"butterflies","response":91,"absDeviation":1,"callibration":"test","block":7,"seed":26,"numerosity":92,"matchType":"paired","which":"first","trial_type":"numerosity-estimation","trial_index":138,"time_elapsed":1013959,"subject_id":"78665"},{"rt":2734,"stimulus":26,"slider_start":100,"sprites":"butterflies","response":87,"absDeviation":5,"callibration":"test","block":7,"seed":26,"numerosity":92,"matchType":"paired","which":"second","trial_type":"numerosity-estimation","trial_index":139,"time_elapsed":1016696,"subject_id":"78665"},{"rt":5839,"stimulus":27,"slider_start":100,"sprites":"hearts","response":112,"absDeviation":9,"callibration":"test","block":7,"seed":27,"numerosity":121,"matchType":"unpaired","which":"second","trial_type":"numerosity-estimation","trial_index":140,"time_elapsed":1022538,"subject_id":"78665"},{"rt":3700,"stimulus":28,"slider_start":100,"sprites":"crackers","response":112,"absDeviation":38,"callibration":"test","block":7,"seed":28,"numerosity":150,"matchType":"unpaired","which":"second","trial_type":"numerosity-estimation","trial_index":141,"time_elapsed":1026239,"subject_id":"78665"},{"rt":5058,"stimulus":30,"slider_start":100,"sprites":"fruits","response":114,"absDeviation":7,"callibration":"test","block":7,"seed":30,"numerosity":107,"matchType":"paired","which":"first","trial_type":"numerosity-estimation","trial_index":142,"time_elapsed":1031300,"subject_id":"78665"},{"rt":4770,"stimulus":30,"slider_start":100,"sprites":"fruits","response":109,"absDeviation":2,"callibration":"test","block":7,"seed":30,"numerosity":107,"matchType":"paired","which":"second","trial_type":"numerosity-estimation","trial_index":143,"time_elapsed":1036072,"subject_id":"78665"},{"rt":4423,"stimulus":31,"slider_start":100,"sprites":"jellyBeans","response":112,"absDeviation":38,"callibration":"test","block":7,"seed":31,"numerosity":150,"matchType":"unpaired","which":"second","trial_type":"numerosity-estimation","trial_index":144,"time_elapsed":1040497,"subject_id":"78665"},{"rt":4411,"stimulus":32,"slider_start":100,"sprites":"marbles","response":96,"absDeviation":39,"callibration":"test","block":7,"seed":32,"numerosity":135,"matchType":"unpaired","which":"second","trial_type":"numerosity-estimation","trial_index":145,"time_elapsed":1044910,"subject_id":"78665"},{"rt":2667,"stimulus":"<p> For the last block of trials, the average deviation of your guesses from correct answers was 16.</p>\n     <p>The smaller the deviation the better.  Your deviation was <b> VERY good</b>.</p><br>\n       <p>Press any key to continue to the next block of trials</p>","response":" ","trial_type":"html-keyboard-response","trial_index":146,"time_elapsed":1047578,"subject_id":"78665"},{"rt":5980,"stimulus":34,"slider_start":100,"sprites":"rocks","response":73,"absDeviation":23,"callibration":"test","block":8,"seed":34,"numerosity":50,"matchType":"paired","which":"first","trial_type":"numerosity-estimation","trial_index":147,"time_elapsed":1053560,"subject_id":"78665"},{"rt":3531,"stimulus":34,"slider_start":100,"sprites":"rocks","response":80,"absDeviation":30,"callibration":"test","block":8,"seed":34,"numerosity":50,"matchType":"paired","which":"second","trial_type":"numerosity-estimation","trial_index":148,"time_elapsed":1057093,"subject_id":"78665"},{"rt":4750,"stimulus":35,"slider_start":100,"sprites":"buttons","response":93,"absDeviation":15,"callibration":"test","block":8,"seed":35,"numerosity":78,"matchType":"unpaired","which":"second","trial_type":"numerosity-estimation","trial_index":149,"time_elapsed":1061845,"subject_id":"78665"},{"rt":6197,"stimulus":36,"slider_start":100,"sprites":"animalCrackers","response":83,"absDeviation":33,"callibration":"test","block":8,"seed":36,"numerosity":50,"matchType":"unpaired","which":"second","trial_type":"numerosity-estimation","trial_index":150,"time_elapsed":1068044,"subject_id":"78665"},{"rt":4239,"stimulus":38,"slider_start":100,"sprites":"butterflies","response":95,"absDeviation":17,"callibration":"test","block":8,"seed":38,"numerosity":78,"matchType":"paired","which":"first","trial_type":"numerosity-estimation","trial_index":151,"time_elapsed":1072285,"subject_id":"78665"},{"rt":5074,"stimulus":38,"slider_start":100,"sprites":"butterflies","response":90,"absDeviation":12,"callibration":"test","block":8,"seed":38,"numerosity":78,"matchType":"paired","which":"second","trial_type":"numerosity-estimation","trial_index":152,"time_elapsed":1077362,"subject_id":"78665"},{"rt":4544,"stimulus":39,"slider_start":100,"sprites":"hearts","response":94,"absDeviation":16,"callibration":"test","block":8,"seed":39,"numerosity":78,"matchType":"unpaired","which":"second","trial_type":"numerosity-estimation","trial_index":153,"time_elapsed":1081908,"subject_id":"78665"},{"rt":4806,"stimulus":40,"slider_start":100,"sprites":"crackers","response":106,"absDeviation":15,"callibration":"test","block":8,"seed":40,"numerosity":121,"matchType":"unpaired","which":"second","trial_type":"numerosity-estimation","trial_index":154,"time_elapsed":1086717,"subject_id":"78665"},{"rt":5572,"stimulus":42,"slider_start":100,"sprites":"fruits","response":95,"absDeviation":17,"callibration":"test","block":8,"seed":42,"numerosity":78,"matchType":"paired","which":"first","trial_type":"numerosity-estimation","trial_index":155,"time_elapsed":1092289,"subject_id":"78665"},{"rt":4258,"stimulus":42,"slider_start":100,"sprites":"fruits","response":94,"absDeviation":16,"callibration":"test","block":8,"seed":42,"numerosity":78,"matchType":"paired","which":"second","trial_type":"numerosity-estimation","trial_index":156,"time_elapsed":1096549,"subject_id":"78665"},{"rt":7576,"stimulus":43,"slider_start":100,"sprites":"jellyBeans","response":74,"absDeviation":10,"callibration":"test","block":8,"seed":43,"numerosity":64,"matchType":"unpaired","which":"second","trial_type":"numerosity-estimation","trial_index":157,"time_elapsed":1104127,"subject_id":"78665"},{"rt":6509,"stimulus":44,"slider_start":100,"sprites":"marbles","response":80,"absDeviation":41,"callibration":"test","block":8,"seed":44,"numerosity":121,"matchType":"unpaired","which":"second","trial_type":"numerosity-estimation","trial_index":158,"time_elapsed":1110637,"subject_id":"78665"},{"rt":6452,"stimulus":46,"slider_start":100,"sprites":"rocks","response":95,"absDeviation":12,"callibration":"test","block":8,"seed":46,"numerosity":107,"matchType":"paired","which":"first","trial_type":"numerosity-estimation","trial_index":159,"time_elapsed":1117091,"subject_id":"78665"},{"rt":5061,"stimulus":46,"slider_start":100,"sprites":"rocks","response":106,"absDeviation":1,"callibration":"test","block":8,"seed":46,"numerosity":107,"matchType":"paired","which":"second","trial_type":"numerosity-estimation","trial_index":160,"time_elapsed":1122155,"subject_id":"78665"},{"rt":9099,"stimulus":47,"slider_start":100,"sprites":"buttons","response":109,"absDeviation":12,"callibration":"test","block":8,"seed":47,"numerosity":121,"matchType":"unpaired","which":"second","trial_type":"numerosity-estimation","trial_index":161,"time_elapsed":1131257,"subject_id":"78665"},{"rt":6936,"stimulus":48,"slider_start":100,"sprites":"animalCrackers","response":125,"absDeviation":10,"callibration":"test","block":8,"seed":48,"numerosity":135,"matchType":"unpaired","which":"second","trial_type":"numerosity-estimation","trial_index":162,"time_elapsed":1138196,"subject_id":"78665"},{"rt":2455,"stimulus":"<p> For the last block of trials, the average deviation of your guesses from correct answers was 18.</p>\n     <p>The smaller the deviation the better.  Your deviation was <b> VERY good</b>.</p><br>\n       <p>Press any key to continue to the next block of trials</p>","response":" ","trial_type":"html-keyboard-response","trial_index":163,"time_elapsed":1140652,"subject_id":"78665"},{"rt":4612,"stimulus":50,"slider_start":100,"sprites":"butterflies","response":110,"absDeviation":40,"callibration":"test","block":9,"seed":50,"numerosity":150,"matchType":"paired","which":"first","trial_type":"numerosity-estimation","trial_index":164,"time_elapsed":1145266,"subject_id":"78665"},{"rt":4899,"stimulus":50,"slider_start":100,"sprites":"butterflies","response":112,"absDeviation":38,"callibration":"test","block":9,"seed":50,"numerosity":150,"matchType":"paired","which":"second","trial_type":"numerosity-estimation","trial_index":165,"time_elapsed":1150167,"subject_id":"78665"},{"rt":3601,"stimulus":51,"slider_start":100,"sprites":"hearts","response":111,"absDeviation":39,"callibration":"test","block":9,"seed":51,"numerosity":150,"matchType":"unpaired","which":"second","trial_type":"numerosity-estimation","trial_index":166,"time_elapsed":1153776,"subject_id":"78665"},{"rt":3767,"stimulus":52,"slider_start":100,"sprites":"crackers","response":93,"absDeviation":15,"callibration":"test","block":9,"seed":52,"numerosity":78,"matchType":"unpaired","which":"second","trial_type":"numerosity-estimation","trial_index":167,"time_elapsed":1157544,"subject_id":"78665"},{"rt":8035,"stimulus":54,"slider_start":100,"sprites":"fruits","response":96,"absDeviation":4,"callibration":"test","block":9,"seed":54,"numerosity":92,"matchType":"paired","which":"first","trial_type":"numerosity-estimation","trial_index":168,"time_elapsed":1165581,"subject_id":"78665"},{"rt":3756,"stimulus":54,"slider_start":100,"sprites":"fruits","response":97,"absDeviation":5,"callibration":"test","block":9,"seed":54,"numerosity":92,"matchType":"paired","which":"second","trial_type":"numerosity-estimation","trial_index":169,"time_elapsed":1169339,"subject_id":"78665"},{"rt":3400,"stimulus":55,"slider_start":100,"sprites":"jellyBeans","response":98,"absDeviation":23,"callibration":"test","block":9,"seed":55,"numerosity":121,"matchType":"unpaired","which":"second","trial_type":"numerosity-estimation","trial_index":170,"time_elapsed":1172741,"subject_id":"78665"},{"rt":7738,"stimulus":56,"slider_start":100,"sprites":"marbles","response":71,"absDeviation":7,"callibration":"test","block":9,"seed":56,"numerosity":64,"matchType":"unpaired","which":"second","trial_type":"numerosity-estimation","trial_index":171,"time_elapsed":1180481,"subject_id":"78665"},{"rt":5435,"stimulus":58,"slider_start":100,"sprites":"rocks","response":106,"absDeviation":15,"callibration":"test","block":9,"seed":58,"numerosity":121,"matchType":"paired","which":"first","trial_type":"numerosity-estimation","trial_index":172,"time_elapsed":1185917,"subject_id":"78665"},{"rt":4773,"stimulus":58,"slider_start":100,"sprites":"rocks","response":105,"absDeviation":16,"callibration":"test","block":9,"seed":58,"numerosity":121,"matchType":"paired","which":"second","trial_type":"numerosity-estimation","trial_index":173,"time_elapsed":1190692,"subject_id":"78665"},{"rt":4128,"stimulus":59,"slider_start":100,"sprites":"buttons","response":110,"absDeviation":25,"callibration":"test","block":9,"seed":59,"numerosity":135,"matchType":"unpaired","which":"second","trial_type":"numerosity-estimation","trial_index":174,"time_elapsed":1194823,"subject_id":"78665"},{"rt":3475,"stimulus":60,"slider_start":100,"sprites":"animalCrackers","response":120,"absDeviation":30,"callibration":"test","block":9,"seed":60,"numerosity":150,"matchType":"unpaired","which":"second","trial_type":"numerosity-estimation","trial_index":175,"time_elapsed":1198300,"subject_id":"78665"},{"rt":4897,"stimulus":62,"slider_start":100,"sprites":"butterflies","response":104,"absDeviation":31,"callibration":"test","block":9,"seed":62,"numerosity":135,"matchType":"paired","which":"first","trial_type":"numerosity-estimation","trial_index":176,"time_elapsed":1203200,"subject_id":"78665"},{"rt":2699,"stimulus":62,"slider_start":100,"sprites":"butterflies","response":105,"absDeviation":30,"callibration":"test","block":9,"seed":62,"numerosity":135,"matchType":"paired","which":"second","trial_type":"numerosity-estimation","trial_index":177,"time_elapsed":1205901,"subject_id":"78665"},{"rt":4317,"stimulus":63,"slider_start":100,"sprites":"hearts","response":86,"absDeviation":22,"callibration":"test","block":9,"seed":63,"numerosity":64,"matchType":"unpaired","which":"second","trial_type":"numerosity-estimation","trial_index":178,"time_elapsed":1210221,"subject_id":"78665"},{"rt":3188,"stimulus":64,"slider_start":100,"sprites":"crackers","response":106,"absDeviation":29,"callibration":"test","block":9,"seed":64,"numerosity":135,"matchType":"unpaired","which":"second","trial_type":"numerosity-estimation","trial_index":179,"time_elapsed":1213411,"subject_id":"78665"},{"rt":2826,"stimulus":"<p> For the last block of trials, the average deviation of your guesses from correct answers was 23.</p>\n     <p>The smaller the deviation the better.  Your deviation was <b> VERY good</b>.</p><br>\n       <p>Press any key to continue to the next block of trials</p>","response":" ","trial_type":"html-keyboard-response","trial_index":180,"time_elapsed":1216238,"subject_id":"78665"},{"rt":7737,"stimulus":66,"slider_start":100,"sprites":"fruits","response":82,"absDeviation":18,"callibration":"test","block":10,"seed":66,"numerosity":64,"matchType":"paired","which":"first","trial_type":"numerosity-estimation","trial_index":181,"time_elapsed":1223978,"subject_id":"78665"},{"rt":6625,"stimulus":66,"slider_start":100,"sprites":"fruits","response":85,"absDeviation":21,"callibration":"test","block":10,"seed":66,"numerosity":64,"matchType":"paired","which":"second","trial_type":"numerosity-estimation","trial_index":182,"time_elapsed":1230605,"subject_id":"78665"},{"rt":5975,"stimulus":67,"slider_start":100,"sprites":"jellyBeans","response":95,"absDeviation":12,"callibration":"test","block":10,"seed":67,"numerosity":107,"matchType":"unpaired","which":"second","trial_type":"numerosity-estimation","trial_index":183,"time_elapsed":1236583,"subject_id":"78665"},{"rt":6333,"stimulus":68,"slider_start":100,"sprites":"marbles","response":97,"absDeviation":53,"callibration":"test","block":10,"seed":68,"numerosity":150,"matchType":"unpaired","which":"second","trial_type":"numerosity-estimation","trial_index":184,"time_elapsed":1242918,"subject_id":"78665"},{"rt":9143,"stimulus":70,"slider_start":100,"sprites":"rocks","response":101,"absDeviation":9,"callibration":"test","block":10,"seed":70,"numerosity":92,"matchType":"paired","which":"first","trial_type":"numerosity-estimation","trial_index":185,"time_elapsed":1252063,"subject_id":"78665"},{"rt":4098,"stimulus":70,"slider_start":100,"sprites":"rocks","response":109,"absDeviation":17,"callibration":"test","block":10,"seed":70,"numerosity":92,"matchType":"paired","which":"second","trial_type":"numerosity-estimation","trial_index":186,"time_elapsed":1256164,"subject_id":"78665"},{"rt":5339,"stimulus":71,"slider_start":100,"sprites":"buttons","response":106,"absDeviation":1,"callibration":"test","block":10,"seed":71,"numerosity":107,"matchType":"unpaired","which":"second","trial_type":"numerosity-estimation","trial_index":187,"time_elapsed":1261505,"subject_id":"78665"},{"rt":4177,"stimulus":72,"slider_start":100,"sprites":"animalCrackers","response":86,"absDeviation":36,"callibration":"test","block":10,"seed":72,"numerosity":50,"matchType":"unpaired","which":"second","trial_type":"numerosity-estimation","trial_index":188,"time_elapsed":1265684,"subject_id":"78665"},{"rt":6525,"stimulus":74,"slider_start":100,"sprites":"butterflies","response":77,"absDeviation":13,"callibration":"test","block":10,"seed":74,"numerosity":64,"matchType":"paired","which":"first","trial_type":"numerosity-estimation","trial_index":189,"time_elapsed":1272212,"subject_id":"78665"},{"rt":5222,"stimulus":74,"slider_start":100,"sprites":"butterflies","response":75,"absDeviation":11,"callibration":"test","block":10,"seed":74,"numerosity":64,"matchType":"paired","which":"second","trial_type":"numerosity-estimation","trial_index":190,"time_elapsed":1277435,"subject_id":"78665"},{"rt":4790,"stimulus":75,"slider_start":100,"sprites":"hearts","response":86,"absDeviation":6,"callibration":"test","block":10,"seed":75,"numerosity":92,"matchType":"unpaired","which":"second","trial_type":"numerosity-estimation","trial_index":191,"time_elapsed":1282228,"subject_id":"78665"},{"rt":4193,"stimulus":76,"slider_start":100,"sprites":"crackers","response":93,"absDeviation":29,"callibration":"test","block":10,"seed":76,"numerosity":64,"matchType":"unpaired","which":"second","trial_type":"numerosity-estimation","trial_index":192,"time_elapsed":1286422,"subject_id":"78665"},{"rt":4055,"stimulus":78,"slider_start":100,"sprites":"fruits","response":89,"absDeviation":25,"callibration":"test","block":10,"seed":78,"numerosity":64,"matchType":"paired","which":"first","trial_type":"numerosity-estimation","trial_index":193,"time_elapsed":1290480,"subject_id":"78665"},{"rt":4083,"stimulus":78,"slider_start":100,"sprites":"fruits","response":90,"absDeviation":26,"callibration":"test","block":10,"seed":78,"numerosity":64,"matchType":"paired","which":"second","trial_type":"numerosity-estimation","trial_index":194,"time_elapsed":1294565,"subject_id":"78665"},{"rt":8715,"stimulus":79,"slider_start":100,"sprites":"jellyBeans","response":76,"absDeviation":26,"callibration":"test","block":10,"seed":79,"numerosity":50,"matchType":"unpaired","which":"second","trial_type":"numerosity-estimation","trial_index":195,"time_elapsed":1303282,"subject_id":"78665"},{"rt":6722,"stimulus":80,"slider_start":100,"sprites":"marbles","response":90,"absDeviation":31,"callibration":"test","block":10,"seed":80,"numerosity":121,"matchType":"unpaired","which":"second","trial_type":"numerosity-estimation","trial_index":196,"time_elapsed":1310006,"subject_id":"78665"},{"rt":2009,"stimulus":"<p> For the last block of trials, the average deviation of your guesses from correct answers was 21.</p>\n     <p>The smaller the deviation the better.  Your deviation was <b> VERY good</b>.</p><br>\n       <p>Press any key to continue to the next block of trials</p>","response":" ","trial_type":"html-keyboard-response","trial_index":197,"time_elapsed":1312017,"subject_id":"78665"},{"rt":8007,"stimulus":82,"slider_start":100,"sprites":"rocks","response":83,"absDeviation":19,"callibration":"test","block":11,"seed":82,"numerosity":64,"matchType":"paired","which":"first","trial_type":"numerosity-estimation","trial_index":198,"time_elapsed":1320026,"subject_id":"78665"},{"rt":6859,"stimulus":82,"slider_start":100,"sprites":"rocks","response":91,"absDeviation":27,"callibration":"test","block":11,"seed":82,"numerosity":64,"matchType":"paired","which":"second","trial_type":"numerosity-estimation","trial_index":199,"time_elapsed":1326886,"subject_id":"78665"},{"rt":4258,"stimulus":83,"slider_start":100,"sprites":"buttons","response":106,"absDeviation":15,"callibration":"test","block":11,"seed":83,"numerosity":121,"matchType":"unpaired","which":"second","trial_type":"numerosity-estimation","trial_index":200,"time_elapsed":1331147,"subject_id":"78665"},{"rt":5077,"stimulus":84,"slider_start":100,"sprites":"animalCrackers","response":80,"absDeviation":30,"callibration":"test","block":11,"seed":84,"numerosity":50,"matchType":"unpaired","which":"second","trial_type":"numerosity-estimation","trial_index":201,"time_elapsed":1336226,"subject_id":"78665"},{"rt":4059,"stimulus":86,"slider_start":100,"sprites":"butterflies","response":90,"absDeviation":31,"callibration":"test","block":11,"seed":86,"numerosity":121,"matchType":"paired","which":"first","trial_type":"numerosity-estimation","trial_index":202,"time_elapsed":1340287,"subject_id":"78665"},{"rt":4174,"stimulus":86,"slider_start":100,"sprites":"butterflies","response":96,"absDeviation":25,"callibration":"test","block":11,"seed":86,"numerosity":121,"matchType":"paired","which":"second","trial_type":"numerosity-estimation","trial_index":203,"time_elapsed":1344467,"subject_id":"78665"},{"rt":7423,"stimulus":87,"slider_start":100,"sprites":"hearts","response":77,"absDeviation":27,"callibration":"test","block":11,"seed":87,"numerosity":50,"matchType":"unpaired","which":"second","trial_type":"numerosity-estimation","trial_index":204,"time_elapsed":1351892,"subject_id":"78665"},{"rt":6401,"stimulus":88,"slider_start":100,"sprites":"crackers","response":112,"absDeviation":23,"callibration":"test","block":11,"seed":88,"numerosity":135,"matchType":"unpaired","which":"second","trial_type":"numerosity-estimation","trial_index":205,"time_elapsed":1358295,"subject_id":"78665"},{"rt":4050,"stimulus":90,"slider_start":100,"sprites":"fruits","response":114,"absDeviation":36,"callibration":"test","block":11,"seed":90,"numerosity":150,"matchType":"paired","which":"first","trial_type":"numerosity-estimation","trial_index":206,"time_elapsed":1362346,"subject_id":"78665"},{"rt":3128,"stimulus":90,"slider_start":100,"sprites":"fruits","response":120,"absDeviation":30,"callibration":"test","block":11,"seed":90,"numerosity":150,"matchType":"paired","which":"second","trial_type":"numerosity-estimation","trial_index":207,"time_elapsed":1365476,"subject_id":"78665"},{"rt":4063,"stimulus":91,"slider_start":100,"sprites":"jellyBeans","response":94,"absDeviation":2,"callibration":"test","block":11,"seed":91,"numerosity":92,"matchType":"unpaired","which":"second","trial_type":"numerosity-estimation","trial_index":208,"time_elapsed":1369541,"subject_id":"78665"},{"rt":4426,"stimulus":92,"slider_start":100,"sprites":"marbles","response":94,"absDeviation":27,"callibration":"test","block":11,"seed":92,"numerosity":121,"matchType":"unpaired","which":"second","trial_type":"numerosity-estimation","trial_index":209,"time_elapsed":1373970,"subject_id":"78665"},{"rt":5583,"stimulus":94,"slider_start":100,"sprites":"rocks","response":85,"absDeviation":7,"callibration":"test","block":11,"seed":94,"numerosity":78,"matchType":"paired","which":"first","trial_type":"numerosity-estimation","trial_index":210,"time_elapsed":1379555,"subject_id":"78665"},{"rt":6269,"stimulus":94,"slider_start":100,"sprites":"rocks","response":94,"absDeviation":16,"callibration":"test","block":11,"seed":94,"numerosity":78,"matchType":"paired","which":"second","trial_type":"numerosity-estimation","trial_index":211,"time_elapsed":1385825,"subject_id":"78665"},{"rt":7799,"stimulus":95,"slider_start":100,"sprites":"buttons","response":91,"absDeviation":27,"callibration":"test","block":11,"seed":95,"numerosity":64,"matchType":"unpaired","which":"second","trial_type":"numerosity-estimation","trial_index":212,"time_elapsed":1393626,"subject_id":"78665"},{"rt":6305,"stimulus":96,"slider_start":100,"sprites":"animalCrackers","response":95,"absDeviation":3,"callibration":"test","block":11,"seed":96,"numerosity":92,"matchType":"unpaired","which":"second","trial_type":"numerosity-estimation","trial_index":213,"time_elapsed":1399933,"subject_id":"78665"},{"rt":2530,"stimulus":"<p> For the last block of trials, the average deviation of your guesses from correct answers was 22.</p>\n     <p>The smaller the deviation the better.  Your deviation was <b> VERY good</b>.</p><br>\n       <p>Press any key to continue to the next block of trials</p>","response":" ","trial_type":"html-keyboard-response","trial_index":214,"time_elapsed":1402464,"subject_id":"78665"},{"rt":26506,"response":{"averageEstimates":"When the two displays were separated in time.","firstOrSecond":"The second time the objects were shown"},"question_order":[0,1],"trial_type":"survey-multi-choice","trial_index":215,"time_elapsed":1428974,"subject_id":"78665"}]