[{"rt":3895,"url":"consent.html","trial_type":"external-html","trial_index":0,"time_elapsed":3992,"subject_id":"78091"},{"view_history":[{"page_index":0,"viewing_time":3829}],"rt":3830,"trial_type":"instructions","trial_index":1,"time_elapsed":7823,"subject_id":"78091"},{"rt":9600,"stimulus":0,"slider_start":100,"sprites":"animalCrackers","response":100,"absDeviation":50,"callibration":"callibration","block":-1,"seed":0,"numerosity":50,"matchType":"callibration","which":"first","trial_type":"numerosity-estimation","trial_index":2,"time_elapsed":17432,"subject_id":"78091"},{"rt":6728,"stimulus":1,"slider_start":100,"sprites":"letters","response":100,"absDeviation":36,"callibration":"callibration","block":-1,"seed":1,"numerosity":64,"matchType":"callibration","which":"first","trial_type":"numerosity-estimation","trial_index":3,"time_elapsed":24163,"subject_id":"78091"},{"rt":3014,"stimulus":2,"slider_start":100,"sprites":"butterflies","response":100,"absDeviation":22,"callibration":"callibration","block":-1,"seed":2,"numerosity":78,"matchType":"callibration","which":"first","trial_type":"numerosity-estimation","trial_index":4,"time_elapsed":27179,"subject_id":"78091"},{"rt":8985,"stimulus":3,"slider_start":100,"sprites":"hearts","response":84,"absDeviation":8,"callibration":"callibration","block":-1,"seed":3,"numerosity":92,"matchType":"callibration","which":"first","trial_type":"numerosity-estimation","trial_index":5,"time_elapsed":36167,"subject_id":"78091"},{"rt":9895,"stimulus":4,"slider_start":100,"sprites":"crackers","response":84,"absDeviation":23,"callibration":"callibration","block":-1,"seed":4,"numerosity":107,"matchType":"callibration","which":"first","trial_type":"numerosity-estimation","trial_index":6,"time_elapsed":46064,"subject_id":"78091"},{"rt":13994,"stimulus":5,"slider_start":100,"sprites":"bears","response":121,"absDeviation":0,"callibration":"callibration","block":-1,"seed":5,"numerosity":121,"matchType":"callibration","which":"first","trial_type":"numerosity-estimation","trial_index":7,"time_elapsed":60065,"subject_id":"78091"},{"rt":33363,"stimulus":6,"slider_start":100,"sprites":"fruits","response":135,"absDeviation":0,"callibration":"callibration","block":-1,"seed":6,"numerosity":135,"matchType":"callibration","which":"first","trial_type":"numerosity-estimation","trial_index":8,"time_elapsed":93432,"subject_id":"78091"},{"rt":13599,"stimulus":7,"slider_start":100,"sprites":"jellyBeans","response":150,"absDeviation":0,"callibration":"callibration","block":-1,"seed":7,"numerosity":150,"matchType":"callibration","which":"first","trial_type":"numerosity-estimation","trial_index":9,"time_elapsed":107034,"subject_id":"78091"},{"view_history":[{"page_index":0,"viewing_time":22851}],"rt":22852,"trial_type":"instructions","trial_index":10,"time_elapsed":129888,"subject_id":"78091"},{"rt":12892,"stimulus":1,"slider_start":100,"sprites":"letters","response":66,"absDeviation":26,"callibration":"test","block":0,"seed":1,"numerosity":92,"matchType":"paired","which":"first","trial_type":"numerosity-estimation","trial_index":11,"time_elapsed":142783,"subject_id":"78091"},{"rt":11404,"stimulus":1,"slider_start":100,"sprites":"letters","response":70,"absDeviation":22,"callibration":"test","block":0,"seed":1,"numerosity":92,"matchType":"paired","which":"second","trial_type":"numerosity-estimation","trial_index":12,"time_elapsed":154191,"subject_id":"78091"},{"rt":9696,"stimulus":3,"slider_start":100,"sprites":"hearts","response":53,"absDeviation":3,"callibration":"test","block":0,"seed":3,"numerosity":50,"matchType":"unpaired","which":"first","trial_type":"numerosity-estimation","trial_index":13,"time_elapsed":163891,"subject_id":"78091"},{"rt":7460,"stimulus":4,"slider_start":100,"sprites":"crackers","response":121,"absDeviation":14,"callibration":"test","block":0,"seed":4,"numerosity":107,"matchType":"unpaired","which":"first","trial_type":"numerosity-estimation","trial_index":14,"time_elapsed":171354,"subject_id":"78091"},{"rt":11580,"stimulus":5,"slider_start":100,"sprites":"bears","response":66,"absDeviation":16,"callibration":"test","block":0,"seed":5,"numerosity":50,"matchType":"paired","which":"first","trial_type":"numerosity-estimation","trial_index":15,"time_elapsed":182937,"subject_id":"78091"},{"rt":9896,"stimulus":5,"slider_start":100,"sprites":"bears","response":65,"absDeviation":15,"callibration":"test","block":0,"seed":5,"numerosity":50,"matchType":"paired","which":"second","trial_type":"numerosity-estimation","trial_index":16,"time_elapsed":192837,"subject_id":"78091"},{"rt":13476,"stimulus":7,"slider_start":100,"sprites":"jellyBeans","response":60,"absDeviation":10,"callibration":"test","block":0,"seed":7,"numerosity":50,"matchType":"unpaired","which":"first","trial_type":"numerosity-estimation","trial_index":17,"time_elapsed":206315,"subject_id":"78091"},{"rt":11379,"stimulus":8,"slider_start":100,"sprites":"marbles","response":71,"absDeviation":21,"callibration":"test","block":0,"seed":8,"numerosity":92,"matchType":"unpaired","which":"first","trial_type":"numerosity-estimation","trial_index":18,"time_elapsed":217699,"subject_id":"78091"},{"rt":8181,"stimulus":9,"slider_start":100,"sprites":"mints","response":111,"absDeviation":24,"callibration":"test","block":0,"seed":9,"numerosity":135,"matchType":"paired","which":"first","trial_type":"numerosity-estimation","trial_index":19,"time_elapsed":225883,"subject_id":"78091"},{"rt":6869,"stimulus":9,"slider_start":100,"sprites":"mints","response":118,"absDeviation":17,"callibration":"test","block":0,"seed":9,"numerosity":135,"matchType":"paired","which":"second","trial_type":"numerosity-estimation","trial_index":20,"time_elapsed":232757,"subject_id":"78091"},{"rt":6331,"stimulus":11,"slider_start":100,"sprites":"buttons","response":117,"absDeviation":10,"callibration":"test","block":0,"seed":11,"numerosity":107,"matchType":"unpaired","which":"first","trial_type":"numerosity-estimation","trial_index":21,"time_elapsed":239092,"subject_id":"78091"},{"rt":4726,"stimulus":12,"slider_start":100,"sprites":"animalCrackers","response":107,"absDeviation":15,"callibration":"test","block":0,"seed":12,"numerosity":92,"matchType":"unpaired","which":"first","trial_type":"numerosity-estimation","trial_index":22,"time_elapsed":243820,"subject_id":"78091"},{"rt":6097,"stimulus":13,"slider_start":100,"sprites":"letters","response":101,"absDeviation":6,"callibration":"test","block":0,"seed":13,"numerosity":107,"matchType":"paired","which":"first","trial_type":"numerosity-estimation","trial_index":23,"time_elapsed":249921,"subject_id":"78091"},{"rt":3179,"stimulus":13,"slider_start":100,"sprites":"letters","response":105,"absDeviation":2,"callibration":"test","block":0,"seed":13,"numerosity":107,"matchType":"paired","which":"second","trial_type":"numerosity-estimation","trial_index":24,"time_elapsed":253102,"subject_id":"78091"},{"rt":5912,"stimulus":15,"slider_start":100,"sprites":"hearts","response":126,"absDeviation":5,"callibration":"test","block":0,"seed":15,"numerosity":121,"matchType":"unpaired","which":"first","trial_type":"numerosity-estimation","trial_index":25,"time_elapsed":259017,"subject_id":"78091"},{"rt":8207,"stimulus":16,"slider_start":100,"sprites":"crackers","response":91,"absDeviation":27,"callibration":"test","block":0,"seed":16,"numerosity":64,"matchType":"unpaired","which":"first","trial_type":"numerosity-estimation","trial_index":26,"time_elapsed":267227,"subject_id":"78091"},{"rt":13335,"stimulus":"<p> For the last block of trials, the average deviation of your guesses from correct answers was 15.</p>\n     <p>The smaller the deviation the better.  Your deviation was <b> VERY good</b>.</p><br>\n       <p>Press any key to continue to the next block of trials</p>","response":" ","trial_type":"html-keyboard-response","trial_index":27,"time_elapsed":280566,"subject_id":"78091"},{"rt":10697,"stimulus":17,"slider_start":100,"sprites":"bears","response":84,"absDeviation":8,"callibration":"test","block":1,"seed":17,"numerosity":92,"matchType":"paired","which":"first","trial_type":"numerosity-estimation","trial_index":28,"time_elapsed":291266,"subject_id":"78091"},{"rt":8197,"stimulus":17,"slider_start":100,"sprites":"bears","response":89,"absDeviation":3,"callibration":"test","block":1,"seed":17,"numerosity":92,"matchType":"paired","which":"second","trial_type":"numerosity-estimation","trial_index":29,"time_elapsed":299467,"subject_id":"78091"},{"rt":6930,"stimulus":19,"slider_start":100,"sprites":"jellyBeans","response":110,"absDeviation":25,"callibration":"test","block":1,"seed":19,"numerosity":135,"matchType":"unpaired","which":"first","trial_type":"numerosity-estimation","trial_index":30,"time_elapsed":306400,"subject_id":"78091"},{"rt":10654,"stimulus":20,"slider_start":100,"sprites":"marbles","response":67,"absDeviation":11,"callibration":"test","block":1,"seed":20,"numerosity":78,"matchType":"unpaired","which":"first","trial_type":"numerosity-estimation","trial_index":31,"time_elapsed":317059,"subject_id":"78091"},{"rt":9903,"stimulus":21,"slider_start":100,"sprites":"mints","response":113,"absDeviation":21,"callibration":"test","block":1,"seed":21,"numerosity":92,"matchType":"paired","which":"first","trial_type":"numerosity-estimation","trial_index":32,"time_elapsed":326965,"subject_id":"78091"},{"rt":19324,"stimulus":21,"slider_start":100,"sprites":"mints","response":85,"absDeviation":7,"callibration":"test","block":1,"seed":21,"numerosity":92,"matchType":"paired","which":"second","trial_type":"numerosity-estimation","trial_index":33,"time_elapsed":346290,"subject_id":"78091"},{"rt":12326,"stimulus":23,"slider_start":100,"sprites":"buttons","response":157,"absDeviation":7,"callibration":"test","block":1,"seed":23,"numerosity":150,"matchType":"unpaired","which":"first","trial_type":"numerosity-estimation","trial_index":34,"time_elapsed":358619,"subject_id":"78091"},{"rt":17784,"stimulus":24,"slider_start":100,"sprites":"animalCrackers","response":112,"absDeviation":5,"callibration":"test","block":1,"seed":24,"numerosity":107,"matchType":"unpaired","which":"first","trial_type":"numerosity-estimation","trial_index":35,"time_elapsed":376409,"subject_id":"78091"},{"rt":10674,"stimulus":25,"slider_start":100,"sprites":"letters","response":102,"absDeviation":5,"callibration":"test","block":1,"seed":25,"numerosity":107,"matchType":"paired","which":"first","trial_type":"numerosity-estimation","trial_index":36,"time_elapsed":387086,"subject_id":"78091"},{"rt":11091,"stimulus":25,"slider_start":100,"sprites":"letters","response":120,"absDeviation":13,"callibration":"test","block":1,"seed":25,"numerosity":107,"matchType":"paired","which":"second","trial_type":"numerosity-estimation","trial_index":37,"time_elapsed":398178,"subject_id":"78091"},{"rt":12611,"stimulus":27,"slider_start":100,"sprites":"hearts","response":127,"absDeviation":6,"callibration":"test","block":1,"seed":27,"numerosity":121,"matchType":"unpaired","which":"first","trial_type":"numerosity-estimation","trial_index":38,"time_elapsed":410792,"subject_id":"78091"},{"rt":18881,"stimulus":28,"slider_start":100,"sprites":"crackers","response":150,"absDeviation":0,"callibration":"test","block":1,"seed":28,"numerosity":150,"matchType":"unpaired","which":"first","trial_type":"numerosity-estimation","trial_index":39,"time_elapsed":429663,"subject_id":"78091"},{"rt":10861,"stimulus":29,"slider_start":100,"sprites":"bears","response":65,"absDeviation":1,"callibration":"test","block":1,"seed":29,"numerosity":64,"matchType":"paired","which":"first","trial_type":"numerosity-estimation","trial_index":40,"time_elapsed":440518,"subject_id":"78091"},{"rt":9507,"stimulus":29,"slider_start":100,"sprites":"bears","response":75,"absDeviation":11,"callibration":"test","block":1,"seed":29,"numerosity":64,"matchType":"paired","which":"second","trial_type":"numerosity-estimation","trial_index":41,"time_elapsed":450023,"subject_id":"78091"},{"rt":14802,"stimulus":31,"slider_start":100,"sprites":"jellyBeans","response":133,"absDeviation":17,"callibration":"test","block":1,"seed":31,"numerosity":150,"matchType":"unpaired","which":"first","trial_type":"numerosity-estimation","trial_index":42,"time_elapsed":464823,"subject_id":"78091"},{"rt":16825,"stimulus":32,"slider_start":100,"sprites":"marbles","response":125,"absDeviation":10,"callibration":"test","block":1,"seed":32,"numerosity":135,"matchType":"unpaired","which":"first","trial_type":"numerosity-estimation","trial_index":43,"time_elapsed":481650,"subject_id":"78091"},{"rt":13314,"stimulus":"<p> For the last block of trials, the average deviation of your guesses from correct answers was 9.</p>\n     <p>The smaller the deviation the better.  Your deviation was <b> AMAZINGLY good</b>.</p><br>\n       <p>Press any key to continue to the next block of trials</p>","response":" ","trial_type":"html-keyboard-response","trial_index":44,"time_elapsed":494967,"subject_id":"78091"},{"rt":8224,"stimulus":33,"slider_start":100,"sprites":"mints","response":140,"absDeviation":19,"callibration":"test","block":2,"seed":33,"numerosity":121,"matchType":"paired","which":"first","trial_type":"numerosity-estimation","trial_index":45,"time_elapsed":503193,"subject_id":"78091"},{"rt":4230,"stimulus":33,"slider_start":100,"sprites":"mints","response":145,"absDeviation":24,"callibration":"test","block":2,"seed":33,"numerosity":121,"matchType":"paired","which":"second","trial_type":"numerosity-estimation","trial_index":46,"time_elapsed":507426,"subject_id":"78091"},{"rt":5850,"stimulus":35,"slider_start":100,"sprites":"buttons","response":112,"absDeviation":34,"callibration":"test","block":2,"seed":35,"numerosity":78,"matchType":"unpaired","which":"first","trial_type":"numerosity-estimation","trial_index":47,"time_elapsed":513278,"subject_id":"78091"},{"rt":5209,"stimulus":36,"slider_start":100,"sprites":"animalCrackers","response":65,"absDeviation":15,"callibration":"test","block":2,"seed":36,"numerosity":50,"matchType":"unpaired","which":"first","trial_type":"numerosity-estimation","trial_index":48,"time_elapsed":518492,"subject_id":"78091"},{"rt":7448,"stimulus":37,"slider_start":100,"sprites":"letters","response":130,"absDeviation":5,"callibration":"test","block":2,"seed":37,"numerosity":135,"matchType":"paired","which":"first","trial_type":"numerosity-estimation","trial_index":49,"time_elapsed":525943,"subject_id":"78091"},{"rt":5887,"stimulus":37,"slider_start":100,"sprites":"letters","response":150,"absDeviation":15,"callibration":"test","block":2,"seed":37,"numerosity":135,"matchType":"paired","which":"second","trial_type":"numerosity-estimation","trial_index":50,"time_elapsed":531832,"subject_id":"78091"},{"rt":4343,"stimulus":39,"slider_start":100,"sprites":"hearts","response":125,"absDeviation":47,"callibration":"test","block":2,"seed":39,"numerosity":78,"matchType":"unpaired","which":"first","trial_type":"numerosity-estimation","trial_index":51,"time_elapsed":536178,"subject_id":"78091"},{"rt":5026,"stimulus":40,"slider_start":100,"sprites":"crackers","response":153,"absDeviation":32,"callibration":"test","block":2,"seed":40,"numerosity":121,"matchType":"unpaired","which":"first","trial_type":"numerosity-estimation","trial_index":52,"time_elapsed":541206,"subject_id":"78091"},{"rt":6414,"stimulus":41,"slider_start":100,"sprites":"bears","response":58,"absDeviation":8,"callibration":"test","block":2,"seed":41,"numerosity":50,"matchType":"paired","which":"first","trial_type":"numerosity-estimation","trial_index":53,"time_elapsed":547624,"subject_id":"78091"},{"rt":3653,"stimulus":41,"slider_start":100,"sprites":"bears","response":58,"absDeviation":8,"callibration":"test","block":2,"seed":41,"numerosity":50,"matchType":"paired","which":"second","trial_type":"numerosity-estimation","trial_index":54,"time_elapsed":551279,"subject_id":"78091"},{"rt":7167,"stimulus":43,"slider_start":100,"sprites":"jellyBeans","response":68,"absDeviation":4,"callibration":"test","block":2,"seed":43,"numerosity":64,"matchType":"unpaired","which":"first","trial_type":"numerosity-estimation","trial_index":55,"time_elapsed":558449,"subject_id":"78091"},{"rt":5170,"stimulus":44,"slider_start":100,"sprites":"marbles","response":115,"absDeviation":6,"callibration":"test","block":2,"seed":44,"numerosity":121,"matchType":"unpaired","which":"first","trial_type":"numerosity-estimation","trial_index":56,"time_elapsed":563622,"subject_id":"78091"},{"rt":3968,"stimulus":45,"slider_start":100,"sprites":"mints","response":154,"absDeviation":33,"callibration":"test","block":2,"seed":45,"numerosity":121,"matchType":"paired","which":"first","trial_type":"numerosity-estimation","trial_index":57,"time_elapsed":567592,"subject_id":"78091"},{"rt":4895,"stimulus":45,"slider_start":100,"sprites":"mints","response":137,"absDeviation":16,"callibration":"test","block":2,"seed":45,"numerosity":121,"matchType":"paired","which":"second","trial_type":"numerosity-estimation","trial_index":58,"time_elapsed":572490,"subject_id":"78091"},{"rt":4876,"stimulus":47,"slider_start":100,"sprites":"buttons","response":141,"absDeviation":20,"callibration":"test","block":2,"seed":47,"numerosity":121,"matchType":"unpaired","which":"first","trial_type":"numerosity-estimation","trial_index":59,"time_elapsed":577370,"subject_id":"78091"},{"rt":5442,"stimulus":48,"slider_start":100,"sprites":"animalCrackers","response":150,"absDeviation":15,"callibration":"test","block":2,"seed":48,"numerosity":135,"matchType":"unpaired","which":"first","trial_type":"numerosity-estimation","trial_index":60,"time_elapsed":582815,"subject_id":"78091"},{"rt":2444,"stimulus":"<p> For the last block of trials, the average deviation of your guesses from correct answers was 19.</p>\n     <p>The smaller the deviation the better.  Your deviation was <b> VERY good</b>.</p><br>\n       <p>Press any key to continue to the next block of trials</p>","response":" ","trial_type":"html-keyboard-response","trial_index":61,"time_elapsed":585263,"subject_id":"78091"},{"rt":7570,"stimulus":49,"slider_start":100,"sprites":"letters","response":91,"absDeviation":13,"callibration":"test","block":3,"seed":49,"numerosity":78,"matchType":"paired","which":"first","trial_type":"numerosity-estimation","trial_index":62,"time_elapsed":592836,"subject_id":"78091"},{"rt":5109,"stimulus":49,"slider_start":100,"sprites":"letters","response":102,"absDeviation":24,"callibration":"test","block":3,"seed":49,"numerosity":78,"matchType":"paired","which":"second","trial_type":"numerosity-estimation","trial_index":63,"time_elapsed":597949,"subject_id":"78091"},{"rt":8013,"stimulus":51,"slider_start":100,"sprites":"hearts","response":151,"absDeviation":1,"callibration":"test","block":3,"seed":51,"numerosity":150,"matchType":"unpaired","which":"first","trial_type":"numerosity-estimation","trial_index":64,"time_elapsed":605966,"subject_id":"78091"},{"rt":6384,"stimulus":52,"slider_start":100,"sprites":"crackers","response":107,"absDeviation":29,"callibration":"test","block":3,"seed":52,"numerosity":78,"matchType":"unpaired","which":"first","trial_type":"numerosity-estimation","trial_index":65,"time_elapsed":612355,"subject_id":"78091"},{"rt":5702,"stimulus":53,"slider_start":100,"sprites":"bears","response":58,"absDeviation":8,"callibration":"test","block":3,"seed":53,"numerosity":50,"matchType":"paired","which":"first","trial_type":"numerosity-estimation","trial_index":66,"time_elapsed":618059,"subject_id":"78091"},{"rt":10684,"stimulus":53,"slider_start":100,"sprites":"bears","response":54,"absDeviation":4,"callibration":"test","block":3,"seed":53,"numerosity":50,"matchType":"paired","which":"second","trial_type":"numerosity-estimation","trial_index":67,"time_elapsed":628744,"subject_id":"78091"},{"rt":6292,"stimulus":55,"slider_start":100,"sprites":"jellyBeans","response":138,"absDeviation":17,"callibration":"test","block":3,"seed":55,"numerosity":121,"matchType":"unpaired","which":"first","trial_type":"numerosity-estimation","trial_index":68,"time_elapsed":635040,"subject_id":"78091"},{"rt":12859,"stimulus":56,"slider_start":100,"sprites":"marbles","response":93,"absDeviation":29,"callibration":"test","block":3,"seed":56,"numerosity":64,"matchType":"unpaired","which":"first","trial_type":"numerosity-estimation","trial_index":69,"time_elapsed":647902,"subject_id":"78091"},{"rt":8864,"stimulus":57,"slider_start":100,"sprites":"mints","response":110,"absDeviation":46,"callibration":"test","block":3,"seed":57,"numerosity":64,"matchType":"paired","which":"first","trial_type":"numerosity-estimation","trial_index":70,"time_elapsed":656771,"subject_id":"78091"},{"rt":6591,"stimulus":57,"slider_start":100,"sprites":"mints","response":110,"absDeviation":46,"callibration":"test","block":3,"seed":57,"numerosity":64,"matchType":"paired","which":"second","trial_type":"numerosity-estimation","trial_index":71,"time_elapsed":663365,"subject_id":"78091"},{"rt":3531,"stimulus":59,"slider_start":100,"sprites":"buttons","response":161,"absDeviation":26,"callibration":"test","block":3,"seed":59,"numerosity":135,"matchType":"unpaired","which":"first","trial_type":"numerosity-estimation","trial_index":72,"time_elapsed":666899,"subject_id":"78091"},{"rt":3599,"stimulus":60,"slider_start":100,"sprites":"animalCrackers","response":168,"absDeviation":18,"callibration":"test","block":3,"seed":60,"numerosity":150,"matchType":"unpaired","which":"first","trial_type":"numerosity-estimation","trial_index":73,"time_elapsed":670503,"subject_id":"78091"},{"rt":4743,"stimulus":61,"slider_start":100,"sprites":"letters","response":51,"absDeviation":1,"callibration":"test","block":3,"seed":61,"numerosity":50,"matchType":"paired","which":"first","trial_type":"numerosity-estimation","trial_index":74,"time_elapsed":675249,"subject_id":"78091"},{"rt":3593,"stimulus":61,"slider_start":100,"sprites":"letters","response":51,"absDeviation":1,"callibration":"test","block":3,"seed":61,"numerosity":50,"matchType":"paired","which":"second","trial_type":"numerosity-estimation","trial_index":75,"time_elapsed":678845,"subject_id":"78091"},{"rt":4447,"stimulus":63,"slider_start":100,"sprites":"hearts","response":66,"absDeviation":2,"callibration":"test","block":3,"seed":63,"numerosity":64,"matchType":"unpaired","which":"first","trial_type":"numerosity-estimation","trial_index":76,"time_elapsed":683295,"subject_id":"78091"},{"rt":4751,"stimulus":64,"slider_start":100,"sprites":"crackers","response":163,"absDeviation":28,"callibration":"test","block":3,"seed":64,"numerosity":135,"matchType":"unpaired","which":"first","trial_type":"numerosity-estimation","trial_index":77,"time_elapsed":688049,"subject_id":"78091"},{"rt":1418,"stimulus":"<p> For the last block of trials, the average deviation of your guesses from correct answers was 18.</p>\n     <p>The smaller the deviation the better.  Your deviation was <b> VERY good</b>.</p><br>\n       <p>Press any key to continue to the next block of trials</p>","response":" ","trial_type":"html-keyboard-response","trial_index":78,"time_elapsed":689470,"subject_id":"78091"},{"rt":3507,"stimulus":65,"slider_start":100,"sprites":"bears","response":135,"absDeviation":28,"callibration":"test","block":4,"seed":65,"numerosity":107,"matchType":"paired","which":"first","trial_type":"numerosity-estimation","trial_index":79,"time_elapsed":692979,"subject_id":"78091"},{"rt":3401,"stimulus":65,"slider_start":100,"sprites":"bears","response":148,"absDeviation":41,"callibration":"test","block":4,"seed":65,"numerosity":107,"matchType":"paired","which":"second","trial_type":"numerosity-estimation","trial_index":80,"time_elapsed":696382,"subject_id":"78091"},{"rt":4132,"stimulus":67,"slider_start":100,"sprites":"jellyBeans","response":139,"absDeviation":32,"callibration":"test","block":4,"seed":67,"numerosity":107,"matchType":"unpaired","which":"first","trial_type":"numerosity-estimation","trial_index":81,"time_elapsed":700519,"subject_id":"78091"},{"rt":2800,"stimulus":68,"slider_start":100,"sprites":"marbles","response":113,"absDeviation":37,"callibration":"test","block":4,"seed":68,"numerosity":150,"matchType":"unpaired","which":"first","trial_type":"numerosity-estimation","trial_index":82,"time_elapsed":703323,"subject_id":"78091"},{"rt":3063,"stimulus":69,"slider_start":100,"sprites":"mints","response":158,"absDeviation":37,"callibration":"test","block":4,"seed":69,"numerosity":121,"matchType":"paired","which":"first","trial_type":"numerosity-estimation","trial_index":83,"time_elapsed":706391,"subject_id":"78091"},{"rt":3004,"stimulus":69,"slider_start":100,"sprites":"mints","response":152,"absDeviation":31,"callibration":"test","block":4,"seed":69,"numerosity":121,"matchType":"paired","which":"second","trial_type":"numerosity-estimation","trial_index":84,"time_elapsed":709399,"subject_id":"78091"},{"rt":2763,"stimulus":71,"slider_start":100,"sprites":"buttons","response":119,"absDeviation":12,"callibration":"test","block":4,"seed":71,"numerosity":107,"matchType":"unpaired","which":"first","trial_type":"numerosity-estimation","trial_index":85,"time_elapsed":712165,"subject_id":"78091"},{"rt":4769,"stimulus":72,"slider_start":100,"sprites":"animalCrackers","response":53,"absDeviation":3,"callibration":"test","block":4,"seed":72,"numerosity":50,"matchType":"unpaired","which":"first","trial_type":"numerosity-estimation","trial_index":86,"time_elapsed":716937,"subject_id":"78091"},{"rt":3292,"stimulus":73,"slider_start":100,"sprites":"letters","response":92,"absDeviation":14,"callibration":"test","block":4,"seed":73,"numerosity":78,"matchType":"paired","which":"first","trial_type":"numerosity-estimation","trial_index":87,"time_elapsed":720232,"subject_id":"78091"},{"rt":2682,"stimulus":73,"slider_start":100,"sprites":"letters","response":91,"absDeviation":13,"callibration":"test","block":4,"seed":73,"numerosity":78,"matchType":"paired","which":"second","trial_type":"numerosity-estimation","trial_index":88,"time_elapsed":722918,"subject_id":"78091"},{"rt":2553,"stimulus":75,"slider_start":100,"sprites":"hearts","response":110,"absDeviation":18,"callibration":"test","block":4,"seed":75,"numerosity":92,"matchType":"unpaired","which":"first","trial_type":"numerosity-estimation","trial_index":89,"time_elapsed":725474,"subject_id":"78091"},{"rt":3872,"stimulus":76,"slider_start":100,"sprites":"crackers","response":78,"absDeviation":14,"callibration":"test","block":4,"seed":76,"numerosity":64,"matchType":"unpaired","which":"first","trial_type":"numerosity-estimation","trial_index":90,"time_elapsed":729349,"subject_id":"78091"},{"rt":3956,"stimulus":77,"slider_start":100,"sprites":"bears","response":171,"absDeviation":36,"callibration":"test","block":4,"seed":77,"numerosity":135,"matchType":"paired","which":"first","trial_type":"numerosity-estimation","trial_index":91,"time_elapsed":733307,"subject_id":"78091"},{"rt":2784,"stimulus":77,"slider_start":100,"sprites":"bears","response":171,"absDeviation":36,"callibration":"test","block":4,"seed":77,"numerosity":135,"matchType":"paired","which":"second","trial_type":"numerosity-estimation","trial_index":92,"time_elapsed":736094,"subject_id":"78091"},{"rt":4979,"stimulus":79,"slider_start":100,"sprites":"jellyBeans","response":43,"absDeviation":7,"callibration":"test","block":4,"seed":79,"numerosity":50,"matchType":"unpaired","which":"first","trial_type":"numerosity-estimation","trial_index":93,"time_elapsed":741075,"subject_id":"78091"},{"rt":4813,"stimulus":80,"slider_start":100,"sprites":"marbles","response":91,"absDeviation":30,"callibration":"test","block":4,"seed":80,"numerosity":121,"matchType":"unpaired","which":"first","trial_type":"numerosity-estimation","trial_index":94,"time_elapsed":745890,"subject_id":"78091"},{"rt":1920,"stimulus":"<p> For the last block of trials, the average deviation of your guesses from correct answers was 24.</p>\n     <p>The smaller the deviation the better.  Your deviation was <b> VERY good</b>.</p><br>\n       <p>Press any key to continue to the next block of trials</p>","response":" ","trial_type":"html-keyboard-response","trial_index":95,"time_elapsed":747812,"subject_id":"78091"},{"rt":5210,"stimulus":81,"slider_start":100,"sprites":"mints","response":164,"absDeviation":43,"callibration":"test","block":5,"seed":81,"numerosity":121,"matchType":"paired","which":"first","trial_type":"numerosity-estimation","trial_index":96,"time_elapsed":753025,"subject_id":"78091"},{"rt":3622,"stimulus":81,"slider_start":100,"sprites":"mints","response":157,"absDeviation":36,"callibration":"test","block":5,"seed":81,"numerosity":121,"matchType":"paired","which":"second","trial_type":"numerosity-estimation","trial_index":97,"time_elapsed":756648,"subject_id":"78091"},{"rt":3464,"stimulus":83,"slider_start":100,"sprites":"buttons","response":153,"absDeviation":32,"callibration":"test","block":5,"seed":83,"numerosity":121,"matchType":"unpaired","which":"first","trial_type":"numerosity-estimation","trial_index":98,"time_elapsed":760116,"subject_id":"78091"},{"rt":4947,"stimulus":84,"slider_start":100,"sprites":"animalCrackers","response":42,"absDeviation":8,"callibration":"test","block":5,"seed":84,"numerosity":50,"matchType":"unpaired","which":"first","trial_type":"numerosity-estimation","trial_index":99,"time_elapsed":765065,"subject_id":"78091"},{"rt":3932,"stimulus":85,"slider_start":100,"sprites":"letters","response":56,"absDeviation":8,"callibration":"test","block":5,"seed":85,"numerosity":64,"matchType":"paired","which":"first","trial_type":"numerosity-estimation","trial_index":100,"time_elapsed":769000,"subject_id":"78091"},{"rt":3695,"stimulus":85,"slider_start":100,"sprites":"letters","response":55,"absDeviation":9,"callibration":"test","block":5,"seed":85,"numerosity":64,"matchType":"paired","which":"second","trial_type":"numerosity-estimation","trial_index":101,"time_elapsed":772698,"subject_id":"78091"},{"rt":3913,"stimulus":87,"slider_start":100,"sprites":"hearts","response":62,"absDeviation":12,"callibration":"test","block":5,"seed":87,"numerosity":50,"matchType":"unpaired","which":"first","trial_type":"numerosity-estimation","trial_index":102,"time_elapsed":776615,"subject_id":"78091"},{"rt":3752,"stimulus":88,"slider_start":100,"sprites":"crackers","response":152,"absDeviation":17,"callibration":"test","block":5,"seed":88,"numerosity":135,"matchType":"unpaired","which":"first","trial_type":"numerosity-estimation","trial_index":103,"time_elapsed":780371,"subject_id":"78091"},{"rt":4299,"stimulus":89,"slider_start":100,"sprites":"bears","response":42,"absDeviation":8,"callibration":"test","block":5,"seed":89,"numerosity":50,"matchType":"paired","which":"first","trial_type":"numerosity-estimation","trial_index":104,"time_elapsed":784674,"subject_id":"78091"},{"rt":4412,"stimulus":89,"slider_start":100,"sprites":"bears","response":45,"absDeviation":5,"callibration":"test","block":5,"seed":89,"numerosity":50,"matchType":"paired","which":"second","trial_type":"numerosity-estimation","trial_index":105,"time_elapsed":789090,"subject_id":"78091"},{"rt":3793,"stimulus":91,"slider_start":100,"sprites":"jellyBeans","response":83,"absDeviation":9,"callibration":"test","block":5,"seed":91,"numerosity":92,"matchType":"unpaired","which":"first","trial_type":"numerosity-estimation","trial_index":106,"time_elapsed":792886,"subject_id":"78091"},{"rt":4053,"stimulus":92,"slider_start":100,"sprites":"marbles","response":105,"absDeviation":16,"callibration":"test","block":5,"seed":92,"numerosity":121,"matchType":"unpaired","which":"first","trial_type":"numerosity-estimation","trial_index":107,"time_elapsed":796942,"subject_id":"78091"},{"rt":4210,"stimulus":93,"slider_start":100,"sprites":"mints","response":103,"absDeviation":25,"callibration":"test","block":5,"seed":93,"numerosity":78,"matchType":"paired","which":"first","trial_type":"numerosity-estimation","trial_index":108,"time_elapsed":801155,"subject_id":"78091"},{"rt":5092,"stimulus":93,"slider_start":100,"sprites":"mints","response":92,"absDeviation":14,"callibration":"test","block":5,"seed":93,"numerosity":78,"matchType":"paired","which":"second","trial_type":"numerosity-estimation","trial_index":109,"time_elapsed":806249,"subject_id":"78091"},{"rt":6021,"stimulus":95,"slider_start":100,"sprites":"buttons","response":96,"absDeviation":32,"callibration":"test","block":5,"seed":95,"numerosity":64,"matchType":"unpaired","which":"first","trial_type":"numerosity-estimation","trial_index":110,"time_elapsed":812273,"subject_id":"78091"},{"rt":4508,"stimulus":96,"slider_start":100,"sprites":"animalCrackers","response":135,"absDeviation":43,"callibration":"test","block":5,"seed":96,"numerosity":92,"matchType":"unpaired","which":"first","trial_type":"numerosity-estimation","trial_index":111,"time_elapsed":816786,"subject_id":"78091"},{"rt":1327,"stimulus":"<p> For the last block of trials, the average deviation of your guesses from correct answers was 20.</p>\n     <p>The smaller the deviation the better.  Your deviation was <b> VERY good</b>.</p><br>\n       <p>Press any key to continue to the next block of trials</p>","response":" ","trial_type":"html-keyboard-response","trial_index":112,"time_elapsed":818118,"subject_id":"78091"},{"rt":6574,"stimulus":2,"slider_start":100,"sprites":"butterflies","response":138,"absDeviation":3,"callibration":"test","block":6,"seed":2,"numerosity":135,"matchType":"paired","which":"first","trial_type":"numerosity-estimation","trial_index":113,"time_elapsed":824694,"subject_id":"78091"},{"rt":4083,"stimulus":2,"slider_start":100,"sprites":"butterflies","response":138,"absDeviation":3,"callibration":"test","block":6,"seed":2,"numerosity":135,"matchType":"paired","which":"second","trial_type":"numerosity-estimation","trial_index":114,"time_elapsed":828779,"subject_id":"78091"},{"rt":4334,"stimulus":3,"slider_start":100,"sprites":"hearts","response":97,"absDeviation":47,"callibration":"test","block":6,"seed":3,"numerosity":50,"matchType":"unpaired","which":"second","trial_type":"numerosity-estimation","trial_index":115,"time_elapsed":833115,"subject_id":"78091"},{"rt":4148,"stimulus":4,"slider_start":100,"sprites":"crackers","response":150,"absDeviation":43,"callibration":"test","block":6,"seed":4,"numerosity":107,"matchType":"unpaired","which":"second","trial_type":"numerosity-estimation","trial_index":116,"time_elapsed":837266,"subject_id":"78091"},{"rt":3968,"stimulus":6,"slider_start":100,"sprites":"fruits","response":112,"absDeviation":34,"callibration":"test","block":6,"seed":6,"numerosity":78,"matchType":"paired","which":"first","trial_type":"numerosity-estimation","trial_index":117,"time_elapsed":841236,"subject_id":"78091"},{"rt":4296,"stimulus":6,"slider_start":100,"sprites":"fruits","response":121,"absDeviation":43,"callibration":"test","block":6,"seed":6,"numerosity":78,"matchType":"paired","which":"second","trial_type":"numerosity-estimation","trial_index":118,"time_elapsed":845536,"subject_id":"78091"},{"rt":4895,"stimulus":7,"slider_start":100,"sprites":"jellyBeans","response":120,"absDeviation":70,"callibration":"test","block":6,"seed":7,"numerosity":50,"matchType":"unpaired","which":"second","trial_type":"numerosity-estimation","trial_index":119,"time_elapsed":850433,"subject_id":"78091"},{"rt":2946,"stimulus":8,"slider_start":100,"sprites":"marbles","response":80,"absDeviation":12,"callibration":"test","block":6,"seed":8,"numerosity":92,"matchType":"unpaired","which":"second","trial_type":"numerosity-estimation","trial_index":120,"time_elapsed":853381,"subject_id":"78091"},{"rt":2802,"stimulus":10,"slider_start":100,"sprites":"rocks","response":113,"absDeviation":63,"callibration":"test","block":6,"seed":10,"numerosity":50,"matchType":"paired","which":"first","trial_type":"numerosity-estimation","trial_index":121,"time_elapsed":856186,"subject_id":"78091"},{"rt":4438,"stimulus":10,"slider_start":100,"sprites":"rocks","response":90,"absDeviation":40,"callibration":"test","block":6,"seed":10,"numerosity":50,"matchType":"paired","which":"second","trial_type":"numerosity-estimation","trial_index":122,"time_elapsed":860629,"subject_id":"78091"},{"rt":3239,"stimulus":11,"slider_start":100,"sprites":"buttons","response":128,"absDeviation":21,"callibration":"test","block":6,"seed":11,"numerosity":107,"matchType":"unpaired","which":"second","trial_type":"numerosity-estimation","trial_index":123,"time_elapsed":863871,"subject_id":"78091"},{"rt":5975,"stimulus":12,"slider_start":100,"sprites":"animalCrackers","response":157,"absDeviation":65,"callibration":"test","block":6,"seed":12,"numerosity":92,"matchType":"unpaired","which":"second","trial_type":"numerosity-estimation","trial_index":124,"time_elapsed":869848,"subject_id":"78091"},{"rt":6605,"stimulus":14,"slider_start":100,"sprites":"butterflies","response":161,"absDeviation":11,"callibration":"test","block":6,"seed":14,"numerosity":150,"matchType":"paired","which":"first","trial_type":"numerosity-estimation","trial_index":125,"time_elapsed":876457,"subject_id":"78091"},{"rt":3634,"stimulus":14,"slider_start":100,"sprites":"butterflies","response":159,"absDeviation":9,"callibration":"test","block":6,"seed":14,"numerosity":150,"matchType":"paired","which":"second","trial_type":"numerosity-estimation","trial_index":126,"time_elapsed":880095,"subject_id":"78091"},{"rt":3892,"stimulus":15,"slider_start":100,"sprites":"hearts","response":152,"absDeviation":31,"callibration":"test","block":6,"seed":15,"numerosity":121,"matchType":"unpaired","which":"second","trial_type":"numerosity-estimation","trial_index":127,"time_elapsed":883990,"subject_id":"78091"},{"rt":4166,"stimulus":16,"slider_start":100,"sprites":"crackers","response":107,"absDeviation":43,"callibration":"test","block":6,"seed":16,"numerosity":64,"matchType":"unpaired","which":"second","trial_type":"numerosity-estimation","trial_index":128,"time_elapsed":888158,"subject_id":"78091"},{"rt":1325,"stimulus":"<p> For the last block of trials, the average deviation of your guesses from correct answers was 34.</p>\n     <p>The smaller the deviation the better.  Your deviation was <b> good</b>.</p><br>\n       <p>Press any key to continue to the next block of trials</p>","response":" ","trial_type":"html-keyboard-response","trial_index":129,"time_elapsed":889485,"subject_id":"78091"},{"rt":4422,"stimulus":18,"slider_start":100,"sprites":"fruits","response":132,"absDeviation":25,"callibration":"test","block":7,"seed":18,"numerosity":107,"matchType":"paired","which":"first","trial_type":"numerosity-estimation","trial_index":130,"time_elapsed":893909,"subject_id":"78091"},{"rt":3152,"stimulus":18,"slider_start":100,"sprites":"fruits","response":146,"absDeviation":39,"callibration":"test","block":7,"seed":18,"numerosity":107,"matchType":"paired","which":"second","trial_type":"numerosity-estimation","trial_index":131,"time_elapsed":897064,"subject_id":"78091"},{"rt":3011,"stimulus":19,"slider_start":100,"sprites":"jellyBeans","response":168,"absDeviation":33,"callibration":"test","block":7,"seed":19,"numerosity":135,"matchType":"unpaired","which":"second","trial_type":"numerosity-estimation","trial_index":132,"time_elapsed":900077,"subject_id":"78091"},{"rt":4475,"stimulus":20,"slider_start":100,"sprites":"marbles","response":56,"absDeviation":22,"callibration":"test","block":7,"seed":20,"numerosity":78,"matchType":"unpaired","which":"second","trial_type":"numerosity-estimation","trial_index":133,"time_elapsed":904556,"subject_id":"78091"},{"rt":4530,"stimulus":22,"slider_start":100,"sprites":"rocks","response":94,"absDeviation":2,"callibration":"test","block":7,"seed":22,"numerosity":92,"matchType":"paired","which":"first","trial_type":"numerosity-estimation","trial_index":134,"time_elapsed":909090,"subject_id":"78091"},{"rt":3172,"stimulus":22,"slider_start":100,"sprites":"rocks","response":113,"absDeviation":21,"callibration":"test","block":7,"seed":22,"numerosity":92,"matchType":"paired","which":"second","trial_type":"numerosity-estimation","trial_index":135,"time_elapsed":912265,"subject_id":"78091"},{"rt":3338,"stimulus":23,"slider_start":100,"sprites":"buttons","response":149,"absDeviation":1,"callibration":"test","block":7,"seed":23,"numerosity":150,"matchType":"unpaired","which":"second","trial_type":"numerosity-estimation","trial_index":136,"time_elapsed":915607,"subject_id":"78091"},{"rt":3403,"stimulus":24,"slider_start":100,"sprites":"animalCrackers","response":159,"absDeviation":52,"callibration":"test","block":7,"seed":24,"numerosity":107,"matchType":"unpaired","which":"second","trial_type":"numerosity-estimation","trial_index":137,"time_elapsed":919014,"subject_id":"78091"},{"rt":2790,"stimulus":26,"slider_start":100,"sprites":"butterflies","response":109,"absDeviation":17,"callibration":"test","block":7,"seed":26,"numerosity":92,"matchType":"paired","which":"first","trial_type":"numerosity-estimation","trial_index":138,"time_elapsed":921807,"subject_id":"78091"},{"rt":5207,"stimulus":26,"slider_start":100,"sprites":"butterflies","response":112,"absDeviation":20,"callibration":"test","block":7,"seed":26,"numerosity":92,"matchType":"paired","which":"second","trial_type":"numerosity-estimation","trial_index":139,"time_elapsed":927016,"subject_id":"78091"},{"rt":3343,"stimulus":27,"slider_start":100,"sprites":"hearts","response":138,"absDeviation":17,"callibration":"test","block":7,"seed":27,"numerosity":121,"matchType":"unpaired","which":"second","trial_type":"numerosity-estimation","trial_index":140,"time_elapsed":930361,"subject_id":"78091"},{"rt":5054,"stimulus":28,"slider_start":100,"sprites":"crackers","response":175,"absDeviation":25,"callibration":"test","block":7,"seed":28,"numerosity":150,"matchType":"unpaired","which":"second","trial_type":"numerosity-estimation","trial_index":141,"time_elapsed":935419,"subject_id":"78091"},{"rt":5064,"stimulus":30,"slider_start":100,"sprites":"fruits","response":155,"absDeviation":48,"callibration":"test","block":7,"seed":30,"numerosity":107,"matchType":"paired","which":"first","trial_type":"numerosity-estimation","trial_index":142,"time_elapsed":940486,"subject_id":"78091"},{"rt":3301,"stimulus":30,"slider_start":100,"sprites":"fruits","response":145,"absDeviation":38,"callibration":"test","block":7,"seed":30,"numerosity":107,"matchType":"paired","which":"second","trial_type":"numerosity-estimation","trial_index":143,"time_elapsed":943790,"subject_id":"78091"},{"rt":3620,"stimulus":31,"slider_start":100,"sprites":"jellyBeans","response":150,"absDeviation":0,"callibration":"test","block":7,"seed":31,"numerosity":150,"matchType":"unpaired","which":"second","trial_type":"numerosity-estimation","trial_index":144,"time_elapsed":947413,"subject_id":"78091"},{"rt":3687,"stimulus":32,"slider_start":100,"sprites":"marbles","response":109,"absDeviation":26,"callibration":"test","block":7,"seed":32,"numerosity":135,"matchType":"unpaired","which":"second","trial_type":"numerosity-estimation","trial_index":145,"time_elapsed":951103,"subject_id":"78091"},{"rt":1328,"stimulus":"<p> For the last block of trials, the average deviation of your guesses from correct answers was 24.</p>\n     <p>The smaller the deviation the better.  Your deviation was <b> VERY good</b>.</p><br>\n       <p>Press any key to continue to the next block of trials</p>","response":" ","trial_type":"html-keyboard-response","trial_index":146,"time_elapsed":952435,"subject_id":"78091"},{"rt":3885,"stimulus":34,"slider_start":100,"sprites":"rocks","response":51,"absDeviation":1,"callibration":"test","block":8,"seed":34,"numerosity":50,"matchType":"paired","which":"first","trial_type":"numerosity-estimation","trial_index":147,"time_elapsed":956324,"subject_id":"78091"},{"rt":4007,"stimulus":34,"slider_start":100,"sprites":"rocks","response":46,"absDeviation":4,"callibration":"test","block":8,"seed":34,"numerosity":50,"matchType":"paired","which":"second","trial_type":"numerosity-estimation","trial_index":148,"time_elapsed":960336,"subject_id":"78091"},{"rt":3243,"stimulus":35,"slider_start":100,"sprites":"buttons","response":90,"absDeviation":12,"callibration":"test","block":8,"seed":35,"numerosity":78,"matchType":"unpaired","which":"second","trial_type":"numerosity-estimation","trial_index":149,"time_elapsed":963582,"subject_id":"78091"},{"rt":5312,"stimulus":36,"slider_start":100,"sprites":"animalCrackers","response":41,"absDeviation":9,"callibration":"test","block":8,"seed":36,"numerosity":50,"matchType":"unpaired","which":"second","trial_type":"numerosity-estimation","trial_index":150,"time_elapsed":968898,"subject_id":"78091"},{"rt":7298,"stimulus":38,"slider_start":100,"sprites":"butterflies","response":50,"absDeviation":28,"callibration":"test","block":8,"seed":38,"numerosity":78,"matchType":"paired","which":"first","trial_type":"numerosity-estimation","trial_index":151,"time_elapsed":976201,"subject_id":"78091"},{"rt":7232,"stimulus":38,"slider_start":100,"sprites":"butterflies","response":54,"absDeviation":24,"callibration":"test","block":8,"seed":38,"numerosity":78,"matchType":"paired","which":"second","trial_type":"numerosity-estimation","trial_index":152,"time_elapsed":983436,"subject_id":"78091"},{"rt":13075,"stimulus":39,"slider_start":100,"sprites":"hearts","response":94,"absDeviation":16,"callibration":"test","block":8,"seed":39,"numerosity":78,"matchType":"unpaired","which":"second","trial_type":"numerosity-estimation","trial_index":153,"time_elapsed":996514,"subject_id":"78091"},{"rt":4844,"stimulus":40,"slider_start":100,"sprites":"crackers","response":154,"absDeviation":33,"callibration":"test","block":8,"seed":40,"numerosity":121,"matchType":"unpaired","which":"second","trial_type":"numerosity-estimation","trial_index":154,"time_elapsed":1001361,"subject_id":"78091"},{"rt":5430,"stimulus":42,"slider_start":100,"sprites":"fruits","response":75,"absDeviation":3,"callibration":"test","block":8,"seed":42,"numerosity":78,"matchType":"paired","which":"first","trial_type":"numerosity-estimation","trial_index":155,"time_elapsed":1006794,"subject_id":"78091"},{"rt":6883,"stimulus":42,"slider_start":100,"sprites":"fruits","response":98,"absDeviation":20,"callibration":"test","block":8,"seed":42,"numerosity":78,"matchType":"paired","which":"second","trial_type":"numerosity-estimation","trial_index":156,"time_elapsed":1013680,"subject_id":"78091"},{"rt":3426,"stimulus":43,"slider_start":100,"sprites":"jellyBeans","response":63,"absDeviation":1,"callibration":"test","block":8,"seed":43,"numerosity":64,"matchType":"unpaired","which":"second","trial_type":"numerosity-estimation","trial_index":157,"time_elapsed":1017109,"subject_id":"78091"},{"rt":11400,"stimulus":44,"slider_start":100,"sprites":"marbles","response":90,"absDeviation":31,"callibration":"test","block":8,"seed":44,"numerosity":121,"matchType":"unpaired","which":"second","trial_type":"numerosity-estimation","trial_index":158,"time_elapsed":1028511,"subject_id":"78091"},{"rt":4168,"stimulus":46,"slider_start":100,"sprites":"rocks","response":139,"absDeviation":32,"callibration":"test","block":8,"seed":46,"numerosity":107,"matchType":"paired","which":"first","trial_type":"numerosity-estimation","trial_index":159,"time_elapsed":1032681,"subject_id":"78091"},{"rt":2720,"stimulus":46,"slider_start":100,"sprites":"rocks","response":153,"absDeviation":46,"callibration":"test","block":8,"seed":46,"numerosity":107,"matchType":"paired","which":"second","trial_type":"numerosity-estimation","trial_index":160,"time_elapsed":1035404,"subject_id":"78091"},{"rt":6082,"stimulus":47,"slider_start":100,"sprites":"buttons","response":161,"absDeviation":40,"callibration":"test","block":8,"seed":47,"numerosity":121,"matchType":"unpaired","which":"second","trial_type":"numerosity-estimation","trial_index":161,"time_elapsed":1041490,"subject_id":"78091"},{"rt":3847,"stimulus":48,"slider_start":100,"sprites":"animalCrackers","response":171,"absDeviation":36,"callibration":"test","block":8,"seed":48,"numerosity":135,"matchType":"unpaired","which":"second","trial_type":"numerosity-estimation","trial_index":162,"time_elapsed":1045339,"subject_id":"78091"},{"rt":1946,"stimulus":"<p> For the last block of trials, the average deviation of your guesses from correct answers was 21.</p>\n     <p>The smaller the deviation the better.  Your deviation was <b> VERY good</b>.</p><br>\n       <p>Press any key to continue to the next block of trials</p>","response":" ","trial_type":"html-keyboard-response","trial_index":163,"time_elapsed":1047289,"subject_id":"78091"},{"rt":4478,"stimulus":50,"slider_start":100,"sprites":"butterflies","response":121,"absDeviation":29,"callibration":"test","block":9,"seed":50,"numerosity":150,"matchType":"paired","which":"first","trial_type":"numerosity-estimation","trial_index":164,"time_elapsed":1051769,"subject_id":"78091"},{"rt":2998,"stimulus":50,"slider_start":100,"sprites":"butterflies","response":141,"absDeviation":9,"callibration":"test","block":9,"seed":50,"numerosity":150,"matchType":"paired","which":"second","trial_type":"numerosity-estimation","trial_index":165,"time_elapsed":1054770,"subject_id":"78091"},{"rt":3710,"stimulus":51,"slider_start":100,"sprites":"hearts","response":168,"absDeviation":18,"callibration":"test","block":9,"seed":51,"numerosity":150,"matchType":"unpaired","which":"second","trial_type":"numerosity-estimation","trial_index":166,"time_elapsed":1058482,"subject_id":"78091"},{"rt":7676,"stimulus":52,"slider_start":100,"sprites":"crackers","response":92,"absDeviation":14,"callibration":"test","block":9,"seed":52,"numerosity":78,"matchType":"unpaired","which":"second","trial_type":"numerosity-estimation","trial_index":167,"time_elapsed":1066161,"subject_id":"78091"},{"rt":2967,"stimulus":54,"slider_start":100,"sprites":"fruits","response":119,"absDeviation":27,"callibration":"test","block":9,"seed":54,"numerosity":92,"matchType":"paired","which":"first","trial_type":"numerosity-estimation","trial_index":168,"time_elapsed":1069131,"subject_id":"78091"},{"rt":3014,"stimulus":54,"slider_start":100,"sprites":"fruits","response":81,"absDeviation":11,"callibration":"test","block":9,"seed":54,"numerosity":92,"matchType":"paired","which":"second","trial_type":"numerosity-estimation","trial_index":169,"time_elapsed":1072149,"subject_id":"78091"},{"rt":4459,"stimulus":55,"slider_start":100,"sprites":"jellyBeans","response":124,"absDeviation":3,"callibration":"test","block":9,"seed":55,"numerosity":121,"matchType":"unpaired","which":"second","trial_type":"numerosity-estimation","trial_index":170,"time_elapsed":1076611,"subject_id":"78091"},{"rt":3804,"stimulus":56,"slider_start":100,"sprites":"marbles","response":116,"absDeviation":52,"callibration":"test","block":9,"seed":56,"numerosity":64,"matchType":"unpaired","which":"second","trial_type":"numerosity-estimation","trial_index":171,"time_elapsed":1080419,"subject_id":"78091"},{"rt":3291,"stimulus":58,"slider_start":100,"sprites":"rocks","response":152,"absDeviation":31,"callibration":"test","block":9,"seed":58,"numerosity":121,"matchType":"paired","which":"first","trial_type":"numerosity-estimation","trial_index":172,"time_elapsed":1083715,"subject_id":"78091"},{"rt":3096,"stimulus":58,"slider_start":100,"sprites":"rocks","response":153,"absDeviation":32,"callibration":"test","block":9,"seed":58,"numerosity":121,"matchType":"paired","which":"second","trial_type":"numerosity-estimation","trial_index":173,"time_elapsed":1086815,"subject_id":"78091"},{"rt":5252,"stimulus":59,"slider_start":100,"sprites":"buttons","response":155,"absDeviation":20,"callibration":"test","block":9,"seed":59,"numerosity":135,"matchType":"unpaired","which":"second","trial_type":"numerosity-estimation","trial_index":174,"time_elapsed":1092070,"subject_id":"78091"},{"rt":4241,"stimulus":60,"slider_start":100,"sprites":"animalCrackers","response":161,"absDeviation":11,"callibration":"test","block":9,"seed":60,"numerosity":150,"matchType":"unpaired","which":"second","trial_type":"numerosity-estimation","trial_index":175,"time_elapsed":1096314,"subject_id":"78091"},{"rt":4417,"stimulus":62,"slider_start":100,"sprites":"butterflies","response":140,"absDeviation":5,"callibration":"test","block":9,"seed":62,"numerosity":135,"matchType":"paired","which":"first","trial_type":"numerosity-estimation","trial_index":176,"time_elapsed":1100735,"subject_id":"78091"},{"rt":3213,"stimulus":62,"slider_start":100,"sprites":"butterflies","response":146,"absDeviation":11,"callibration":"test","block":9,"seed":62,"numerosity":135,"matchType":"paired","which":"second","trial_type":"numerosity-estimation","trial_index":177,"time_elapsed":1103953,"subject_id":"78091"},{"rt":3757,"stimulus":63,"slider_start":100,"sprites":"hearts","response":95,"absDeviation":31,"callibration":"test","block":9,"seed":63,"numerosity":64,"matchType":"unpaired","which":"second","trial_type":"numerosity-estimation","trial_index":178,"time_elapsed":1107712,"subject_id":"78091"},{"rt":5075,"stimulus":64,"slider_start":100,"sprites":"crackers","response":175,"absDeviation":40,"callibration":"test","block":9,"seed":64,"numerosity":135,"matchType":"unpaired","which":"second","trial_type":"numerosity-estimation","trial_index":179,"time_elapsed":1112789,"subject_id":"78091"},{"rt":1218,"stimulus":"<p> For the last block of trials, the average deviation of your guesses from correct answers was 22.</p>\n     <p>The smaller the deviation the better.  Your deviation was <b> VERY good</b>.</p><br>\n       <p>Press any key to continue to the next block of trials</p>","response":" ","trial_type":"html-keyboard-response","trial_index":180,"time_elapsed":1114012,"subject_id":"78091"},{"rt":5919,"stimulus":66,"slider_start":100,"sprites":"fruits","response":64,"absDeviation":0,"callibration":"test","block":10,"seed":66,"numerosity":64,"matchType":"paired","which":"first","trial_type":"numerosity-estimation","trial_index":181,"time_elapsed":1119934,"subject_id":"78091"},{"rt":5877,"stimulus":66,"slider_start":100,"sprites":"fruits","response":84,"absDeviation":20,"callibration":"test","block":10,"seed":66,"numerosity":64,"matchType":"paired","which":"second","trial_type":"numerosity-estimation","trial_index":182,"time_elapsed":1125814,"subject_id":"78091"},{"rt":7188,"stimulus":67,"slider_start":100,"sprites":"jellyBeans","response":86,"absDeviation":21,"callibration":"test","block":10,"seed":67,"numerosity":107,"matchType":"unpaired","which":"second","trial_type":"numerosity-estimation","trial_index":183,"time_elapsed":1133006,"subject_id":"78091"},{"rt":5309,"stimulus":68,"slider_start":100,"sprites":"marbles","response":113,"absDeviation":37,"callibration":"test","block":10,"seed":68,"numerosity":150,"matchType":"unpaired","which":"second","trial_type":"numerosity-estimation","trial_index":184,"time_elapsed":1138318,"subject_id":"78091"},{"rt":4816,"stimulus":70,"slider_start":100,"sprites":"rocks","response":127,"absDeviation":35,"callibration":"test","block":10,"seed":70,"numerosity":92,"matchType":"paired","which":"first","trial_type":"numerosity-estimation","trial_index":185,"time_elapsed":1143137,"subject_id":"78091"},{"rt":3474,"stimulus":70,"slider_start":100,"sprites":"rocks","response":138,"absDeviation":46,"callibration":"test","block":10,"seed":70,"numerosity":92,"matchType":"paired","which":"second","trial_type":"numerosity-estimation","trial_index":186,"time_elapsed":1146614,"subject_id":"78091"},{"rt":6196,"stimulus":71,"slider_start":100,"sprites":"buttons","response":131,"absDeviation":24,"callibration":"test","block":10,"seed":71,"numerosity":107,"matchType":"unpaired","which":"second","trial_type":"numerosity-estimation","trial_index":187,"time_elapsed":1152814,"subject_id":"78091"},{"rt":9101,"stimulus":72,"slider_start":100,"sprites":"animalCrackers","response":71,"absDeviation":21,"callibration":"test","block":10,"seed":72,"numerosity":50,"matchType":"unpaired","which":"second","trial_type":"numerosity-estimation","trial_index":188,"time_elapsed":1161918,"subject_id":"78091"},{"rt":7059,"stimulus":74,"slider_start":100,"sprites":"butterflies","response":60,"absDeviation":4,"callibration":"test","block":10,"seed":74,"numerosity":64,"matchType":"paired","which":"first","trial_type":"numerosity-estimation","trial_index":189,"time_elapsed":1168979,"subject_id":"78091"},{"rt":3663,"stimulus":74,"slider_start":100,"sprites":"butterflies","response":60,"absDeviation":4,"callibration":"test","block":10,"seed":74,"numerosity":64,"matchType":"paired","which":"second","trial_type":"numerosity-estimation","trial_index":190,"time_elapsed":1172644,"subject_id":"78091"},{"rt":4734,"stimulus":75,"slider_start":100,"sprites":"hearts","response":135,"absDeviation":43,"callibration":"test","block":10,"seed":75,"numerosity":92,"matchType":"unpaired","which":"second","trial_type":"numerosity-estimation","trial_index":191,"time_elapsed":1177381,"subject_id":"78091"},{"rt":3718,"stimulus":76,"slider_start":100,"sprites":"crackers","response":136,"absDeviation":72,"callibration":"test","block":10,"seed":76,"numerosity":64,"matchType":"unpaired","which":"second","trial_type":"numerosity-estimation","trial_index":192,"time_elapsed":1181102,"subject_id":"78091"},{"rt":10872,"stimulus":78,"slider_start":100,"sprites":"fruits","response":133,"absDeviation":69,"callibration":"test","block":10,"seed":78,"numerosity":64,"matchType":"paired","which":"first","trial_type":"numerosity-estimation","trial_index":193,"time_elapsed":1191977,"subject_id":"78091"},{"rt":3329,"stimulus":78,"slider_start":100,"sprites":"fruits","response":123,"absDeviation":59,"callibration":"test","block":10,"seed":78,"numerosity":64,"matchType":"paired","which":"second","trial_type":"numerosity-estimation","trial_index":194,"time_elapsed":1195308,"subject_id":"78091"},{"rt":13817,"stimulus":79,"slider_start":100,"sprites":"jellyBeans","response":79,"absDeviation":29,"callibration":"test","block":10,"seed":79,"numerosity":50,"matchType":"unpaired","which":"second","trial_type":"numerosity-estimation","trial_index":195,"time_elapsed":1209128,"subject_id":"78091"},{"rt":5263,"stimulus":80,"slider_start":100,"sprites":"marbles","response":124,"absDeviation":3,"callibration":"test","block":10,"seed":80,"numerosity":121,"matchType":"unpaired","which":"second","trial_type":"numerosity-estimation","trial_index":196,"time_elapsed":1214393,"subject_id":"78091"},{"rt":1292,"stimulus":"<p> For the last block of trials, the average deviation of your guesses from correct answers was 30.</p>\n     <p>The smaller the deviation the better.  Your deviation was <b> good</b>.</p><br>\n       <p>Press any key to continue to the next block of trials</p>","response":" ","trial_type":"html-keyboard-response","trial_index":197,"time_elapsed":1215690,"subject_id":"78091"},{"rt":6796,"stimulus":82,"slider_start":100,"sprites":"rocks","response":109,"absDeviation":45,"callibration":"test","block":11,"seed":82,"numerosity":64,"matchType":"paired","which":"first","trial_type":"numerosity-estimation","trial_index":198,"time_elapsed":1222489,"subject_id":"78091"},{"rt":3847,"stimulus":82,"slider_start":100,"sprites":"rocks","response":112,"absDeviation":48,"callibration":"test","block":11,"seed":82,"numerosity":64,"matchType":"paired","which":"second","trial_type":"numerosity-estimation","trial_index":199,"time_elapsed":1226339,"subject_id":"78091"},{"rt":5746,"stimulus":83,"slider_start":100,"sprites":"buttons","response":140,"absDeviation":19,"callibration":"test","block":11,"seed":83,"numerosity":121,"matchType":"unpaired","which":"second","trial_type":"numerosity-estimation","trial_index":200,"time_elapsed":1232087,"subject_id":"78091"},{"rt":4524,"stimulus":84,"slider_start":100,"sprites":"animalCrackers","response":67,"absDeviation":17,"callibration":"test","block":11,"seed":84,"numerosity":50,"matchType":"unpaired","which":"second","trial_type":"numerosity-estimation","trial_index":201,"time_elapsed":1236614,"subject_id":"78091"},{"rt":4312,"stimulus":86,"slider_start":100,"sprites":"butterflies","response":60,"absDeviation":61,"callibration":"test","block":11,"seed":86,"numerosity":121,"matchType":"paired","which":"first","trial_type":"numerosity-estimation","trial_index":202,"time_elapsed":1240929,"subject_id":"78091"},{"rt":7530,"stimulus":86,"slider_start":100,"sprites":"butterflies","response":94,"absDeviation":27,"callibration":"test","block":11,"seed":86,"numerosity":121,"matchType":"paired","which":"second","trial_type":"numerosity-estimation","trial_index":203,"time_elapsed":1248462,"subject_id":"78091"},{"rt":6887,"stimulus":87,"slider_start":100,"sprites":"hearts","response":118,"absDeviation":68,"callibration":"test","block":11,"seed":87,"numerosity":50,"matchType":"unpaired","which":"second","trial_type":"numerosity-estimation","trial_index":204,"time_elapsed":1255351,"subject_id":"78091"},{"rt":7800,"stimulus":88,"slider_start":100,"sprites":"crackers","response":127,"absDeviation":8,"callibration":"test","block":11,"seed":88,"numerosity":135,"matchType":"unpaired","which":"second","trial_type":"numerosity-estimation","trial_index":205,"time_elapsed":1263154,"subject_id":"78091"},{"rt":3341,"stimulus":90,"slider_start":100,"sprites":"fruits","response":164,"absDeviation":14,"callibration":"test","block":11,"seed":90,"numerosity":150,"matchType":"paired","which":"first","trial_type":"numerosity-estimation","trial_index":206,"time_elapsed":1266498,"subject_id":"78091"},{"rt":8230,"stimulus":90,"slider_start":100,"sprites":"fruits","response":165,"absDeviation":15,"callibration":"test","block":11,"seed":90,"numerosity":150,"matchType":"paired","which":"second","trial_type":"numerosity-estimation","trial_index":207,"time_elapsed":1274731,"subject_id":"78091"},{"rt":4157,"stimulus":91,"slider_start":100,"sprites":"jellyBeans","response":115,"absDeviation":23,"callibration":"test","block":11,"seed":91,"numerosity":92,"matchType":"unpaired","which":"second","trial_type":"numerosity-estimation","trial_index":208,"time_elapsed":1278890,"subject_id":"78091"},{"rt":3957,"stimulus":92,"slider_start":100,"sprites":"marbles","response":120,"absDeviation":1,"callibration":"test","block":11,"seed":92,"numerosity":121,"matchType":"unpaired","which":"second","trial_type":"numerosity-estimation","trial_index":209,"time_elapsed":1282848,"subject_id":"78091"},{"rt":11547,"stimulus":94,"slider_start":100,"sprites":"rocks","response":76,"absDeviation":2,"callibration":"test","block":11,"seed":94,"numerosity":78,"matchType":"paired","which":"first","trial_type":"numerosity-estimation","trial_index":210,"time_elapsed":1294398,"subject_id":"78091"},{"rt":5034,"stimulus":94,"slider_start":100,"sprites":"rocks","response":123,"absDeviation":45,"callibration":"test","block":11,"seed":94,"numerosity":78,"matchType":"paired","which":"second","trial_type":"numerosity-estimation","trial_index":211,"time_elapsed":1299435,"subject_id":"78091"},{"rt":7730,"stimulus":95,"slider_start":100,"sprites":"buttons","response":113,"absDeviation":49,"callibration":"test","block":11,"seed":95,"numerosity":64,"matchType":"unpaired","which":"second","trial_type":"numerosity-estimation","trial_index":212,"time_elapsed":1307168,"subject_id":"78091"},{"rt":10888,"stimulus":96,"slider_start":100,"sprites":"animalCrackers","response":119,"absDeviation":27,"callibration":"test","block":11,"seed":96,"numerosity":92,"matchType":"unpaired","which":"second","trial_type":"numerosity-estimation","trial_index":213,"time_elapsed":1318060,"subject_id":"78091"},{"rt":1126,"stimulus":"<p> For the last block of trials, the average deviation of your guesses from correct answers was 29.</p>\n     <p>The smaller the deviation the better.  Your deviation was <b> good</b>.</p><br>\n       <p>Press any key to continue to the next block of trials</p>","response":" ","trial_type":"html-keyboard-response","trial_index":214,"time_elapsed":1319190,"subject_id":"78091"},{"rt":26615,"response":{"averageEstimates":"When the two displays occured back-to-back, in immediate succession.","firstOrSecond":"The second time the objects were shown"},"question_order":[0,1],"trial_type":"survey-multi-choice","trial_index":215,"time_elapsed":1345808,"subject_id":"78091"}]