[{"rt":301928,"url":"consent.html","trial_type":"external-html","trial_index":0,"time_elapsed":301969,"subject_id":"76154"},{"view_history":[{"page_index":0,"viewing_time":4731}],"rt":4733,"trial_type":"instructions","trial_index":1,"time_elapsed":306703,"subject_id":"76154"},{"rt":23980,"stimulus":0,"slider_start":100,"sprites":"animalCrackers","response":80,"absDeviation":30,"callibration":"callibration","block":-1,"seed":0,"numerosity":50,"matchType":"callibration","which":"first","trial_type":"numerosity-estimation","trial_index":2,"time_elapsed":330692,"subject_id":"76154"},{"rt":11474,"stimulus":1,"slider_start":100,"sprites":"letters","response":64,"absDeviation":0,"callibration":"callibration","block":-1,"seed":1,"numerosity":64,"matchType":"callibration","which":"first","trial_type":"numerosity-estimation","trial_index":3,"time_elapsed":342169,"subject_id":"76154"},{"rt":10591,"stimulus":2,"slider_start":100,"sprites":"butterflies","response":79,"absDeviation":1,"callibration":"callibration","block":-1,"seed":2,"numerosity":78,"matchType":"callibration","which":"first","trial_type":"numerosity-estimation","trial_index":4,"time_elapsed":352763,"subject_id":"76154"},{"rt":9963,"stimulus":3,"slider_start":100,"sprites":"hearts","response":93,"absDeviation":1,"callibration":"callibration","block":-1,"seed":3,"numerosity":92,"matchType":"callibration","which":"first","trial_type":"numerosity-estimation","trial_index":5,"time_elapsed":362729,"subject_id":"76154"},{"rt":7217,"stimulus":4,"slider_start":100,"sprites":"crackers","response":106,"absDeviation":1,"callibration":"callibration","block":-1,"seed":4,"numerosity":107,"matchType":"callibration","which":"first","trial_type":"numerosity-estimation","trial_index":6,"time_elapsed":369948,"subject_id":"76154"},{"rt":8845,"stimulus":5,"slider_start":100,"sprites":"bears","response":121,"absDeviation":0,"callibration":"callibration","block":-1,"seed":5,"numerosity":121,"matchType":"callibration","which":"first","trial_type":"numerosity-estimation","trial_index":7,"time_elapsed":378796,"subject_id":"76154"},{"rt":8100,"stimulus":6,"slider_start":100,"sprites":"fruits","response":132,"absDeviation":3,"callibration":"callibration","block":-1,"seed":6,"numerosity":135,"matchType":"callibration","which":"first","trial_type":"numerosity-estimation","trial_index":8,"time_elapsed":386897,"subject_id":"76154"},{"rt":10230,"stimulus":7,"slider_start":100,"sprites":"jellyBeans","response":148,"absDeviation":2,"callibration":"callibration","block":-1,"seed":7,"numerosity":150,"matchType":"callibration","which":"first","trial_type":"numerosity-estimation","trial_index":9,"time_elapsed":397129,"subject_id":"76154"},{"view_history":[{"page_index":0,"viewing_time":22614}],"rt":22615,"trial_type":"instructions","trial_index":10,"time_elapsed":419744,"subject_id":"76154"},{"rt":12246,"stimulus":1,"slider_start":100,"sprites":"letters","response":87,"absDeviation":5,"callibration":"test","block":0,"seed":1,"numerosity":92,"matchType":"paired","which":"first","trial_type":"numerosity-estimation","trial_index":11,"time_elapsed":431995,"subject_id":"76154"},{"rt":6609,"stimulus":1,"slider_start":100,"sprites":"letters","response":90,"absDeviation":2,"callibration":"test","block":0,"seed":1,"numerosity":92,"matchType":"paired","which":"second","trial_type":"numerosity-estimation","trial_index":12,"time_elapsed":438608,"subject_id":"76154"},{"rt":9035,"stimulus":3,"slider_start":100,"sprites":"hearts","response":37,"absDeviation":13,"callibration":"test","block":0,"seed":3,"numerosity":50,"matchType":"unpaired","which":"first","trial_type":"numerosity-estimation","trial_index":13,"time_elapsed":447647,"subject_id":"76154"},{"rt":9027,"stimulus":4,"slider_start":100,"sprites":"crackers","response":77,"absDeviation":30,"callibration":"test","block":0,"seed":4,"numerosity":107,"matchType":"unpaired","which":"first","trial_type":"numerosity-estimation","trial_index":14,"time_elapsed":456676,"subject_id":"76154"},{"rt":8263,"stimulus":5,"slider_start":100,"sprites":"bears","response":45,"absDeviation":5,"callibration":"test","block":0,"seed":5,"numerosity":50,"matchType":"paired","which":"first","trial_type":"numerosity-estimation","trial_index":15,"time_elapsed":464941,"subject_id":"76154"},{"rt":4563,"stimulus":5,"slider_start":100,"sprites":"bears","response":35,"absDeviation":15,"callibration":"test","block":0,"seed":5,"numerosity":50,"matchType":"paired","which":"second","trial_type":"numerosity-estimation","trial_index":16,"time_elapsed":469507,"subject_id":"76154"},{"rt":6729,"stimulus":7,"slider_start":100,"sprites":"jellyBeans","response":39,"absDeviation":11,"callibration":"test","block":0,"seed":7,"numerosity":50,"matchType":"unpaired","which":"first","trial_type":"numerosity-estimation","trial_index":17,"time_elapsed":476239,"subject_id":"76154"},{"rt":5836,"stimulus":8,"slider_start":100,"sprites":"marbles","response":35,"absDeviation":57,"callibration":"test","block":0,"seed":8,"numerosity":92,"matchType":"unpaired","which":"first","trial_type":"numerosity-estimation","trial_index":18,"time_elapsed":482078,"subject_id":"76154"},{"rt":5546,"stimulus":9,"slider_start":100,"sprites":"mints","response":80,"absDeviation":55,"callibration":"test","block":0,"seed":9,"numerosity":135,"matchType":"paired","which":"first","trial_type":"numerosity-estimation","trial_index":19,"time_elapsed":487626,"subject_id":"76154"},{"rt":4515,"stimulus":9,"slider_start":100,"sprites":"mints","response":81,"absDeviation":54,"callibration":"test","block":0,"seed":9,"numerosity":135,"matchType":"paired","which":"second","trial_type":"numerosity-estimation","trial_index":20,"time_elapsed":492144,"subject_id":"76154"},{"rt":8556,"stimulus":11,"slider_start":100,"sprites":"buttons","response":85,"absDeviation":22,"callibration":"test","block":0,"seed":11,"numerosity":107,"matchType":"unpaired","which":"first","trial_type":"numerosity-estimation","trial_index":21,"time_elapsed":500701,"subject_id":"76154"},{"rt":8070,"stimulus":12,"slider_start":100,"sprites":"animalCrackers","response":84,"absDeviation":8,"callibration":"test","block":0,"seed":12,"numerosity":92,"matchType":"unpaired","which":"first","trial_type":"numerosity-estimation","trial_index":22,"time_elapsed":508773,"subject_id":"76154"},{"rt":10844,"stimulus":13,"slider_start":100,"sprites":"letters","response":75,"absDeviation":32,"callibration":"test","block":0,"seed":13,"numerosity":107,"matchType":"paired","which":"first","trial_type":"numerosity-estimation","trial_index":23,"time_elapsed":519618,"subject_id":"76154"},{"rt":5336,"stimulus":13,"slider_start":100,"sprites":"letters","response":80,"absDeviation":27,"callibration":"test","block":0,"seed":13,"numerosity":107,"matchType":"paired","which":"second","trial_type":"numerosity-estimation","trial_index":24,"time_elapsed":524956,"subject_id":"76154"},{"rt":5804,"stimulus":15,"slider_start":100,"sprites":"hearts","response":110,"absDeviation":11,"callibration":"test","block":0,"seed":15,"numerosity":121,"matchType":"unpaired","which":"first","trial_type":"numerosity-estimation","trial_index":25,"time_elapsed":530762,"subject_id":"76154"},{"rt":7608,"stimulus":16,"slider_start":100,"sprites":"crackers","response":45,"absDeviation":19,"callibration":"test","block":0,"seed":16,"numerosity":64,"matchType":"unpaired","which":"first","trial_type":"numerosity-estimation","trial_index":26,"time_elapsed":538372,"subject_id":"76154"},{"rt":14432,"stimulus":"<p> For the last block of trials, the average deviation of your guesses from correct answers was 23.</p>\n     <p>The smaller the deviation the better.  Your deviation was <b> VERY good</b>.</p><br>\n       <p>Press any key to continue to the next block of trials</p>","response":" ","trial_type":"html-keyboard-response","trial_index":27,"time_elapsed":552806,"subject_id":"76154"},{"rt":11130,"stimulus":17,"slider_start":100,"sprites":"bears","response":56,"absDeviation":36,"callibration":"test","block":1,"seed":17,"numerosity":92,"matchType":"paired","which":"first","trial_type":"numerosity-estimation","trial_index":28,"time_elapsed":563939,"subject_id":"76154"},{"rt":7378,"stimulus":17,"slider_start":100,"sprites":"bears","response":51,"absDeviation":41,"callibration":"test","block":1,"seed":17,"numerosity":92,"matchType":"paired","which":"second","trial_type":"numerosity-estimation","trial_index":29,"time_elapsed":571320,"subject_id":"76154"},{"rt":5398,"stimulus":19,"slider_start":100,"sprites":"jellyBeans","response":110,"absDeviation":25,"callibration":"test","block":1,"seed":19,"numerosity":135,"matchType":"unpaired","which":"first","trial_type":"numerosity-estimation","trial_index":30,"time_elapsed":576721,"subject_id":"76154"},{"rt":7671,"stimulus":20,"slider_start":100,"sprites":"marbles","response":47,"absDeviation":31,"callibration":"test","block":1,"seed":20,"numerosity":78,"matchType":"unpaired","which":"first","trial_type":"numerosity-estimation","trial_index":31,"time_elapsed":584395,"subject_id":"76154"},{"rt":4973,"stimulus":21,"slider_start":100,"sprites":"mints","response":70,"absDeviation":22,"callibration":"test","block":1,"seed":21,"numerosity":92,"matchType":"paired","which":"first","trial_type":"numerosity-estimation","trial_index":32,"time_elapsed":589370,"subject_id":"76154"},{"rt":5592,"stimulus":21,"slider_start":100,"sprites":"mints","response":81,"absDeviation":11,"callibration":"test","block":1,"seed":21,"numerosity":92,"matchType":"paired","which":"second","trial_type":"numerosity-estimation","trial_index":33,"time_elapsed":594964,"subject_id":"76154"},{"rt":5308,"stimulus":23,"slider_start":100,"sprites":"buttons","response":115,"absDeviation":35,"callibration":"test","block":1,"seed":23,"numerosity":150,"matchType":"unpaired","which":"first","trial_type":"numerosity-estimation","trial_index":34,"time_elapsed":600274,"subject_id":"76154"},{"rt":6002,"stimulus":24,"slider_start":100,"sprites":"animalCrackers","response":92,"absDeviation":15,"callibration":"test","block":1,"seed":24,"numerosity":107,"matchType":"unpaired","which":"first","trial_type":"numerosity-estimation","trial_index":35,"time_elapsed":606279,"subject_id":"76154"},{"rt":5592,"stimulus":25,"slider_start":100,"sprites":"letters","response":81,"absDeviation":26,"callibration":"test","block":1,"seed":25,"numerosity":107,"matchType":"paired","which":"first","trial_type":"numerosity-estimation","trial_index":36,"time_elapsed":611873,"subject_id":"76154"},{"rt":5286,"stimulus":25,"slider_start":100,"sprites":"letters","response":79,"absDeviation":28,"callibration":"test","block":1,"seed":25,"numerosity":107,"matchType":"paired","which":"second","trial_type":"numerosity-estimation","trial_index":37,"time_elapsed":617161,"subject_id":"76154"},{"rt":4504,"stimulus":27,"slider_start":100,"sprites":"hearts","response":111,"absDeviation":10,"callibration":"test","block":1,"seed":27,"numerosity":121,"matchType":"unpaired","which":"first","trial_type":"numerosity-estimation","trial_index":38,"time_elapsed":621666,"subject_id":"76154"},{"rt":5574,"stimulus":28,"slider_start":100,"sprites":"crackers","response":121,"absDeviation":29,"callibration":"test","block":1,"seed":28,"numerosity":150,"matchType":"unpaired","which":"first","trial_type":"numerosity-estimation","trial_index":39,"time_elapsed":627242,"subject_id":"76154"},{"rt":7520,"stimulus":29,"slider_start":100,"sprites":"bears","response":44,"absDeviation":20,"callibration":"test","block":1,"seed":29,"numerosity":64,"matchType":"paired","which":"first","trial_type":"numerosity-estimation","trial_index":40,"time_elapsed":634764,"subject_id":"76154"},{"rt":5491,"stimulus":29,"slider_start":100,"sprites":"bears","response":39,"absDeviation":25,"callibration":"test","block":1,"seed":29,"numerosity":64,"matchType":"paired","which":"second","trial_type":"numerosity-estimation","trial_index":41,"time_elapsed":640256,"subject_id":"76154"},{"rt":5399,"stimulus":31,"slider_start":100,"sprites":"jellyBeans","response":116,"absDeviation":34,"callibration":"test","block":1,"seed":31,"numerosity":150,"matchType":"unpaired","which":"first","trial_type":"numerosity-estimation","trial_index":42,"time_elapsed":645657,"subject_id":"76154"},{"rt":6895,"stimulus":32,"slider_start":100,"sprites":"marbles","response":75,"absDeviation":60,"callibration":"test","block":1,"seed":32,"numerosity":135,"matchType":"unpaired","which":"first","trial_type":"numerosity-estimation","trial_index":43,"time_elapsed":652554,"subject_id":"76154"},{"rt":4407,"stimulus":"<p> For the last block of trials, the average deviation of your guesses from correct answers was 28.</p>\n     <p>The smaller the deviation the better.  Your deviation was <b> good</b>.</p><br>\n       <p>Press any key to continue to the next block of trials</p>","response":" ","trial_type":"html-keyboard-response","trial_index":44,"time_elapsed":656964,"subject_id":"76154"},{"rt":5834,"stimulus":33,"slider_start":100,"sprites":"mints","response":105,"absDeviation":16,"callibration":"test","block":2,"seed":33,"numerosity":121,"matchType":"paired","which":"first","trial_type":"numerosity-estimation","trial_index":45,"time_elapsed":662800,"subject_id":"76154"},{"rt":5804,"stimulus":33,"slider_start":100,"sprites":"mints","response":90,"absDeviation":31,"callibration":"test","block":2,"seed":33,"numerosity":121,"matchType":"paired","which":"second","trial_type":"numerosity-estimation","trial_index":46,"time_elapsed":668606,"subject_id":"76154"},{"rt":9825,"stimulus":35,"slider_start":100,"sprites":"buttons","response":66,"absDeviation":12,"callibration":"test","block":2,"seed":35,"numerosity":78,"matchType":"unpaired","which":"first","trial_type":"numerosity-estimation","trial_index":47,"time_elapsed":678432,"subject_id":"76154"},{"rt":6045,"stimulus":36,"slider_start":100,"sprites":"animalCrackers","response":40,"absDeviation":10,"callibration":"test","block":2,"seed":36,"numerosity":50,"matchType":"unpaired","which":"first","trial_type":"numerosity-estimation","trial_index":48,"time_elapsed":684478,"subject_id":"76154"},{"rt":8555,"stimulus":37,"slider_start":100,"sprites":"letters","response":80,"absDeviation":55,"callibration":"test","block":2,"seed":37,"numerosity":135,"matchType":"paired","which":"first","trial_type":"numerosity-estimation","trial_index":49,"time_elapsed":693035,"subject_id":"76154"},{"rt":6410,"stimulus":37,"slider_start":100,"sprites":"letters","response":84,"absDeviation":51,"callibration":"test","block":2,"seed":37,"numerosity":135,"matchType":"paired","which":"second","trial_type":"numerosity-estimation","trial_index":50,"time_elapsed":699448,"subject_id":"76154"},{"rt":7632,"stimulus":39,"slider_start":100,"sprites":"hearts","response":64,"absDeviation":14,"callibration":"test","block":2,"seed":39,"numerosity":78,"matchType":"unpaired","which":"first","trial_type":"numerosity-estimation","trial_index":51,"time_elapsed":707082,"subject_id":"76154"},{"rt":6082,"stimulus":40,"slider_start":100,"sprites":"crackers","response":90,"absDeviation":31,"callibration":"test","block":2,"seed":40,"numerosity":121,"matchType":"unpaired","which":"first","trial_type":"numerosity-estimation","trial_index":52,"time_elapsed":713166,"subject_id":"76154"},{"rt":6880,"stimulus":41,"slider_start":100,"sprites":"bears","response":39,"absDeviation":11,"callibration":"test","block":2,"seed":41,"numerosity":50,"matchType":"paired","which":"first","trial_type":"numerosity-estimation","trial_index":53,"time_elapsed":720048,"subject_id":"76154"},{"rt":5928,"stimulus":41,"slider_start":100,"sprites":"bears","response":29,"absDeviation":21,"callibration":"test","block":2,"seed":41,"numerosity":50,"matchType":"paired","which":"second","trial_type":"numerosity-estimation","trial_index":54,"time_elapsed":725977,"subject_id":"76154"},{"rt":6284,"stimulus":43,"slider_start":100,"sprites":"jellyBeans","response":35,"absDeviation":29,"callibration":"test","block":2,"seed":43,"numerosity":64,"matchType":"unpaired","which":"first","trial_type":"numerosity-estimation","trial_index":55,"time_elapsed":732263,"subject_id":"76154"},{"rt":8508,"stimulus":44,"slider_start":100,"sprites":"marbles","response":71,"absDeviation":50,"callibration":"test","block":2,"seed":44,"numerosity":121,"matchType":"unpaired","which":"first","trial_type":"numerosity-estimation","trial_index":56,"time_elapsed":740771,"subject_id":"76154"},{"rt":5967,"stimulus":45,"slider_start":100,"sprites":"mints","response":96,"absDeviation":25,"callibration":"test","block":2,"seed":45,"numerosity":121,"matchType":"paired","which":"first","trial_type":"numerosity-estimation","trial_index":57,"time_elapsed":746741,"subject_id":"76154"},{"rt":4619,"stimulus":45,"slider_start":100,"sprites":"mints","response":94,"absDeviation":27,"callibration":"test","block":2,"seed":45,"numerosity":121,"matchType":"paired","which":"second","trial_type":"numerosity-estimation","trial_index":58,"time_elapsed":751363,"subject_id":"76154"},{"rt":8181,"stimulus":47,"slider_start":100,"sprites":"buttons","response":115,"absDeviation":6,"callibration":"test","block":2,"seed":47,"numerosity":121,"matchType":"unpaired","which":"first","trial_type":"numerosity-estimation","trial_index":59,"time_elapsed":759546,"subject_id":"76154"},{"rt":5634,"stimulus":48,"slider_start":100,"sprites":"animalCrackers","response":121,"absDeviation":14,"callibration":"test","block":2,"seed":48,"numerosity":135,"matchType":"unpaired","which":"first","trial_type":"numerosity-estimation","trial_index":60,"time_elapsed":765182,"subject_id":"76154"},{"rt":2441,"stimulus":"<p> For the last block of trials, the average deviation of your guesses from correct answers was 25.</p>\n     <p>The smaller the deviation the better.  Your deviation was <b> good</b>.</p><br>\n       <p>Press any key to continue to the next block of trials</p>","response":" ","trial_type":"html-keyboard-response","trial_index":61,"time_elapsed":767625,"subject_id":"76154"},{"rt":8322,"stimulus":49,"slider_start":100,"sprites":"letters","response":32,"absDeviation":46,"callibration":"test","block":3,"seed":49,"numerosity":78,"matchType":"paired","which":"first","trial_type":"numerosity-estimation","trial_index":62,"time_elapsed":775950,"subject_id":"76154"},{"rt":5554,"stimulus":49,"slider_start":100,"sprites":"letters","response":40,"absDeviation":38,"callibration":"test","block":3,"seed":49,"numerosity":78,"matchType":"paired","which":"second","trial_type":"numerosity-estimation","trial_index":63,"time_elapsed":781506,"subject_id":"76154"},{"rt":5676,"stimulus":51,"slider_start":100,"sprites":"hearts","response":111,"absDeviation":39,"callibration":"test","block":3,"seed":51,"numerosity":150,"matchType":"unpaired","which":"first","trial_type":"numerosity-estimation","trial_index":64,"time_elapsed":787184,"subject_id":"76154"},{"rt":5965,"stimulus":52,"slider_start":100,"sprites":"crackers","response":95,"absDeviation":17,"callibration":"test","block":3,"seed":52,"numerosity":78,"matchType":"unpaired","which":"first","trial_type":"numerosity-estimation","trial_index":65,"time_elapsed":793151,"subject_id":"76154"},{"rt":7200,"stimulus":53,"slider_start":100,"sprites":"bears","response":40,"absDeviation":10,"callibration":"test","block":3,"seed":53,"numerosity":50,"matchType":"paired","which":"first","trial_type":"numerosity-estimation","trial_index":66,"time_elapsed":800354,"subject_id":"76154"},{"rt":6212,"stimulus":53,"slider_start":100,"sprites":"bears","response":40,"absDeviation":10,"callibration":"test","block":3,"seed":53,"numerosity":50,"matchType":"paired","which":"second","trial_type":"numerosity-estimation","trial_index":67,"time_elapsed":806569,"subject_id":"76154"},{"rt":6345,"stimulus":55,"slider_start":100,"sprites":"jellyBeans","response":105,"absDeviation":16,"callibration":"test","block":3,"seed":55,"numerosity":121,"matchType":"unpaired","which":"first","trial_type":"numerosity-estimation","trial_index":68,"time_elapsed":812917,"subject_id":"76154"},{"rt":9146,"stimulus":56,"slider_start":100,"sprites":"marbles","response":45,"absDeviation":19,"callibration":"test","block":3,"seed":56,"numerosity":64,"matchType":"unpaired","which":"first","trial_type":"numerosity-estimation","trial_index":69,"time_elapsed":822065,"subject_id":"76154"},{"rt":7930,"stimulus":57,"slider_start":100,"sprites":"mints","response":51,"absDeviation":13,"callibration":"test","block":3,"seed":57,"numerosity":64,"matchType":"paired","which":"first","trial_type":"numerosity-estimation","trial_index":70,"time_elapsed":829996,"subject_id":"76154"},{"rt":4850,"stimulus":57,"slider_start":100,"sprites":"mints","response":49,"absDeviation":15,"callibration":"test","block":3,"seed":57,"numerosity":64,"matchType":"paired","which":"second","trial_type":"numerosity-estimation","trial_index":71,"time_elapsed":834848,"subject_id":"76154"},{"rt":5371,"stimulus":59,"slider_start":100,"sprites":"buttons","response":45,"absDeviation":90,"callibration":"test","block":3,"seed":59,"numerosity":135,"matchType":"unpaired","which":"first","trial_type":"numerosity-estimation","trial_index":72,"time_elapsed":840221,"subject_id":"76154"},{"rt":9197,"stimulus":60,"slider_start":100,"sprites":"animalCrackers","response":105,"absDeviation":45,"callibration":"test","block":3,"seed":60,"numerosity":150,"matchType":"unpaired","which":"first","trial_type":"numerosity-estimation","trial_index":73,"time_elapsed":849420,"subject_id":"76154"},{"rt":7039,"stimulus":61,"slider_start":100,"sprites":"letters","response":35,"absDeviation":15,"callibration":"test","block":3,"seed":61,"numerosity":50,"matchType":"paired","which":"first","trial_type":"numerosity-estimation","trial_index":74,"time_elapsed":856460,"subject_id":"76154"},{"rt":4415,"stimulus":61,"slider_start":100,"sprites":"letters","response":41,"absDeviation":9,"callibration":"test","block":3,"seed":61,"numerosity":50,"matchType":"paired","which":"second","trial_type":"numerosity-estimation","trial_index":75,"time_elapsed":860878,"subject_id":"76154"},{"rt":10382,"stimulus":63,"slider_start":100,"sprites":"hearts","response":61,"absDeviation":3,"callibration":"test","block":3,"seed":63,"numerosity":64,"matchType":"unpaired","which":"first","trial_type":"numerosity-estimation","trial_index":76,"time_elapsed":871261,"subject_id":"76154"},{"rt":5061,"stimulus":64,"slider_start":100,"sprites":"crackers","response":105,"absDeviation":30,"callibration":"test","block":3,"seed":64,"numerosity":135,"matchType":"unpaired","which":"first","trial_type":"numerosity-estimation","trial_index":77,"time_elapsed":876325,"subject_id":"76154"},{"rt":1350,"stimulus":"<p> For the last block of trials, the average deviation of your guesses from correct answers was 26.</p>\n     <p>The smaller the deviation the better.  Your deviation was <b> good</b>.</p><br>\n       <p>Press any key to continue to the next block of trials</p>","response":" ","trial_type":"html-keyboard-response","trial_index":78,"time_elapsed":877677,"subject_id":"76154"},{"rt":10139,"stimulus":65,"slider_start":100,"sprites":"bears","response":90,"absDeviation":17,"callibration":"test","block":4,"seed":65,"numerosity":107,"matchType":"paired","which":"first","trial_type":"numerosity-estimation","trial_index":79,"time_elapsed":887819,"subject_id":"76154"},{"rt":10368,"stimulus":65,"slider_start":100,"sprites":"bears","response":88,"absDeviation":19,"callibration":"test","block":4,"seed":65,"numerosity":107,"matchType":"paired","which":"second","trial_type":"numerosity-estimation","trial_index":80,"time_elapsed":898189,"subject_id":"76154"},{"rt":6295,"stimulus":67,"slider_start":100,"sprites":"jellyBeans","response":104,"absDeviation":3,"callibration":"test","block":4,"seed":67,"numerosity":107,"matchType":"unpaired","which":"first","trial_type":"numerosity-estimation","trial_index":81,"time_elapsed":904487,"subject_id":"76154"},{"rt":4015,"stimulus":68,"slider_start":100,"sprites":"marbles","response":95,"absDeviation":55,"callibration":"test","block":4,"seed":68,"numerosity":150,"matchType":"unpaired","which":"first","trial_type":"numerosity-estimation","trial_index":82,"time_elapsed":908504,"subject_id":"76154"},{"rt":4622,"stimulus":69,"slider_start":100,"sprites":"mints","response":87,"absDeviation":34,"callibration":"test","block":4,"seed":69,"numerosity":121,"matchType":"paired","which":"first","trial_type":"numerosity-estimation","trial_index":83,"time_elapsed":913129,"subject_id":"76154"},{"rt":3705,"stimulus":69,"slider_start":100,"sprites":"mints","response":87,"absDeviation":34,"callibration":"test","block":4,"seed":69,"numerosity":121,"matchType":"paired","which":"second","trial_type":"numerosity-estimation","trial_index":84,"time_elapsed":916835,"subject_id":"76154"},{"rt":4115,"stimulus":71,"slider_start":100,"sprites":"buttons","response":96,"absDeviation":11,"callibration":"test","block":4,"seed":71,"numerosity":107,"matchType":"unpaired","which":"first","trial_type":"numerosity-estimation","trial_index":85,"time_elapsed":920953,"subject_id":"76154"},{"rt":5135,"stimulus":72,"slider_start":100,"sprites":"animalCrackers","response":35,"absDeviation":15,"callibration":"test","block":4,"seed":72,"numerosity":50,"matchType":"unpaired","which":"first","trial_type":"numerosity-estimation","trial_index":86,"time_elapsed":926090,"subject_id":"76154"},{"rt":8251,"stimulus":73,"slider_start":100,"sprites":"letters","response":52,"absDeviation":26,"callibration":"test","block":4,"seed":73,"numerosity":78,"matchType":"paired","which":"first","trial_type":"numerosity-estimation","trial_index":87,"time_elapsed":934342,"subject_id":"76154"},{"rt":5464,"stimulus":73,"slider_start":100,"sprites":"letters","response":55,"absDeviation":23,"callibration":"test","block":4,"seed":73,"numerosity":78,"matchType":"paired","which":"second","trial_type":"numerosity-estimation","trial_index":88,"time_elapsed":939808,"subject_id":"76154"},{"rt":9518,"stimulus":75,"slider_start":100,"sprites":"hearts","response":75,"absDeviation":17,"callibration":"test","block":4,"seed":75,"numerosity":92,"matchType":"unpaired","which":"first","trial_type":"numerosity-estimation","trial_index":89,"time_elapsed":949327,"subject_id":"76154"},{"rt":6733,"stimulus":76,"slider_start":100,"sprites":"crackers","response":50,"absDeviation":14,"callibration":"test","block":4,"seed":76,"numerosity":64,"matchType":"unpaired","which":"first","trial_type":"numerosity-estimation","trial_index":90,"time_elapsed":956062,"subject_id":"76154"},{"rt":4991,"stimulus":77,"slider_start":100,"sprites":"bears","response":106,"absDeviation":29,"callibration":"test","block":4,"seed":77,"numerosity":135,"matchType":"paired","which":"first","trial_type":"numerosity-estimation","trial_index":91,"time_elapsed":961055,"subject_id":"76154"},{"rt":4800,"stimulus":77,"slider_start":100,"sprites":"bears","response":113,"absDeviation":22,"callibration":"test","block":4,"seed":77,"numerosity":135,"matchType":"paired","which":"second","trial_type":"numerosity-estimation","trial_index":92,"time_elapsed":965857,"subject_id":"76154"},{"rt":10452,"stimulus":79,"slider_start":100,"sprites":"jellyBeans","response":36,"absDeviation":14,"callibration":"test","block":4,"seed":79,"numerosity":50,"matchType":"unpaired","which":"first","trial_type":"numerosity-estimation","trial_index":93,"time_elapsed":976310,"subject_id":"76154"},{"rt":5102,"stimulus":80,"slider_start":100,"sprites":"marbles","response":45,"absDeviation":76,"callibration":"test","block":4,"seed":80,"numerosity":121,"matchType":"unpaired","which":"first","trial_type":"numerosity-estimation","trial_index":94,"time_elapsed":981413,"subject_id":"76154"},{"rt":59399,"stimulus":"<p> For the last block of trials, the average deviation of your guesses from correct answers was 26.</p>\n     <p>The smaller the deviation the better.  Your deviation was <b> good</b>.</p><br>\n       <p>Press any key to continue to the next block of trials</p>","response":" ","trial_type":"html-keyboard-response","trial_index":95,"time_elapsed":1040815,"subject_id":"76154"},{"rt":6672,"stimulus":81,"slider_start":100,"sprites":"mints","response":97,"absDeviation":24,"callibration":"test","block":5,"seed":81,"numerosity":121,"matchType":"paired","which":"first","trial_type":"numerosity-estimation","trial_index":96,"time_elapsed":1047490,"subject_id":"76154"},{"rt":3778,"stimulus":81,"slider_start":100,"sprites":"mints","response":98,"absDeviation":23,"callibration":"test","block":5,"seed":81,"numerosity":121,"matchType":"paired","which":"second","trial_type":"numerosity-estimation","trial_index":97,"time_elapsed":1051274,"subject_id":"76154"},{"rt":5612,"stimulus":83,"slider_start":100,"sprites":"buttons","response":105,"absDeviation":16,"callibration":"test","block":5,"seed":83,"numerosity":121,"matchType":"unpaired","which":"first","trial_type":"numerosity-estimation","trial_index":98,"time_elapsed":1056889,"subject_id":"76154"},{"rt":11487,"stimulus":84,"slider_start":100,"sprites":"animalCrackers","response":37,"absDeviation":13,"callibration":"test","block":5,"seed":84,"numerosity":50,"matchType":"unpaired","which":"first","trial_type":"numerosity-estimation","trial_index":99,"time_elapsed":1068379,"subject_id":"76154"},{"rt":7095,"stimulus":85,"slider_start":100,"sprites":"letters","response":36,"absDeviation":28,"callibration":"test","block":5,"seed":85,"numerosity":64,"matchType":"paired","which":"first","trial_type":"numerosity-estimation","trial_index":100,"time_elapsed":1075476,"subject_id":"76154"},{"rt":4937,"stimulus":85,"slider_start":100,"sprites":"letters","response":39,"absDeviation":25,"callibration":"test","block":5,"seed":85,"numerosity":64,"matchType":"paired","which":"second","trial_type":"numerosity-estimation","trial_index":101,"time_elapsed":1080415,"subject_id":"76154"},{"rt":5321,"stimulus":87,"slider_start":100,"sprites":"hearts","response":38,"absDeviation":12,"callibration":"test","block":5,"seed":87,"numerosity":50,"matchType":"unpaired","which":"first","trial_type":"numerosity-estimation","trial_index":102,"time_elapsed":1085737,"subject_id":"76154"},{"rt":5612,"stimulus":88,"slider_start":100,"sprites":"crackers","response":108,"absDeviation":27,"callibration":"test","block":5,"seed":88,"numerosity":135,"matchType":"unpaired","which":"first","trial_type":"numerosity-estimation","trial_index":103,"time_elapsed":1091351,"subject_id":"76154"},{"rt":6531,"stimulus":89,"slider_start":100,"sprites":"bears","response":30,"absDeviation":20,"callibration":"test","block":5,"seed":89,"numerosity":50,"matchType":"paired","which":"first","trial_type":"numerosity-estimation","trial_index":104,"time_elapsed":1097884,"subject_id":"76154"},{"rt":3283,"stimulus":89,"slider_start":100,"sprites":"bears","response":29,"absDeviation":21,"callibration":"test","block":5,"seed":89,"numerosity":50,"matchType":"paired","which":"second","trial_type":"numerosity-estimation","trial_index":105,"time_elapsed":1101168,"subject_id":"76154"},{"rt":5693,"stimulus":91,"slider_start":100,"sprites":"jellyBeans","response":94,"absDeviation":2,"callibration":"test","block":5,"seed":91,"numerosity":92,"matchType":"unpaired","which":"first","trial_type":"numerosity-estimation","trial_index":106,"time_elapsed":1106863,"subject_id":"76154"},{"rt":9802,"stimulus":92,"slider_start":100,"sprites":"marbles","response":106,"absDeviation":15,"callibration":"test","block":5,"seed":92,"numerosity":121,"matchType":"unpaired","which":"first","trial_type":"numerosity-estimation","trial_index":107,"time_elapsed":1116666,"subject_id":"76154"},{"rt":9290,"stimulus":93,"slider_start":100,"sprites":"mints","response":91,"absDeviation":13,"callibration":"test","block":5,"seed":93,"numerosity":78,"matchType":"paired","which":"first","trial_type":"numerosity-estimation","trial_index":108,"time_elapsed":1125958,"subject_id":"76154"},{"rt":3645,"stimulus":93,"slider_start":100,"sprites":"mints","response":92,"absDeviation":14,"callibration":"test","block":5,"seed":93,"numerosity":78,"matchType":"paired","which":"second","trial_type":"numerosity-estimation","trial_index":109,"time_elapsed":1129605,"subject_id":"76154"},{"rt":4743,"stimulus":95,"slider_start":100,"sprites":"buttons","response":35,"absDeviation":29,"callibration":"test","block":5,"seed":95,"numerosity":64,"matchType":"unpaired","which":"first","trial_type":"numerosity-estimation","trial_index":110,"time_elapsed":1134350,"subject_id":"76154"},{"rt":7846,"stimulus":96,"slider_start":100,"sprites":"animalCrackers","response":60,"absDeviation":32,"callibration":"test","block":5,"seed":96,"numerosity":92,"matchType":"unpaired","which":"first","trial_type":"numerosity-estimation","trial_index":111,"time_elapsed":1142197,"subject_id":"76154"},{"rt":5239,"stimulus":"<p> For the last block of trials, the average deviation of your guesses from correct answers was 20.</p>\n     <p>The smaller the deviation the better.  Your deviation was <b> VERY good</b>.</p><br>\n       <p>Press any key to continue to the next block of trials</p>","response":" ","trial_type":"html-keyboard-response","trial_index":112,"time_elapsed":1147438,"subject_id":"76154"},{"rt":8542,"stimulus":2,"slider_start":100,"sprites":"butterflies","response":90,"absDeviation":45,"callibration":"test","block":6,"seed":2,"numerosity":135,"matchType":"paired","which":"first","trial_type":"numerosity-estimation","trial_index":113,"time_elapsed":1155983,"subject_id":"76154"},{"rt":5359,"stimulus":2,"slider_start":100,"sprites":"butterflies","response":92,"absDeviation":43,"callibration":"test","block":6,"seed":2,"numerosity":135,"matchType":"paired","which":"second","trial_type":"numerosity-estimation","trial_index":114,"time_elapsed":1161345,"subject_id":"76154"},{"rt":9365,"stimulus":3,"slider_start":100,"sprites":"hearts","response":61,"absDeviation":11,"callibration":"test","block":6,"seed":3,"numerosity":50,"matchType":"unpaired","which":"second","trial_type":"numerosity-estimation","trial_index":115,"time_elapsed":1170712,"subject_id":"76154"},{"rt":10036,"stimulus":4,"slider_start":100,"sprites":"crackers","response":104,"absDeviation":3,"callibration":"test","block":6,"seed":4,"numerosity":107,"matchType":"unpaired","which":"second","trial_type":"numerosity-estimation","trial_index":116,"time_elapsed":1180750,"subject_id":"76154"},{"rt":6484,"stimulus":6,"slider_start":100,"sprites":"fruits","response":88,"absDeviation":10,"callibration":"test","block":6,"seed":6,"numerosity":78,"matchType":"paired","which":"first","trial_type":"numerosity-estimation","trial_index":117,"time_elapsed":1187235,"subject_id":"76154"},{"rt":3149,"stimulus":6,"slider_start":100,"sprites":"fruits","response":87,"absDeviation":9,"callibration":"test","block":6,"seed":6,"numerosity":78,"matchType":"paired","which":"second","trial_type":"numerosity-estimation","trial_index":118,"time_elapsed":1190387,"subject_id":"76154"},{"rt":4819,"stimulus":7,"slider_start":100,"sprites":"jellyBeans","response":43,"absDeviation":7,"callibration":"test","block":6,"seed":7,"numerosity":50,"matchType":"unpaired","which":"second","trial_type":"numerosity-estimation","trial_index":119,"time_elapsed":1195209,"subject_id":"76154"},{"rt":6917,"stimulus":8,"slider_start":100,"sprites":"marbles","response":50,"absDeviation":42,"callibration":"test","block":6,"seed":8,"numerosity":92,"matchType":"unpaired","which":"second","trial_type":"numerosity-estimation","trial_index":120,"time_elapsed":1202128,"subject_id":"76154"},{"rt":8250,"stimulus":10,"slider_start":100,"sprites":"rocks","response":39,"absDeviation":11,"callibration":"test","block":6,"seed":10,"numerosity":50,"matchType":"paired","which":"first","trial_type":"numerosity-estimation","trial_index":121,"time_elapsed":1210379,"subject_id":"76154"},{"rt":3938,"stimulus":10,"slider_start":100,"sprites":"rocks","response":42,"absDeviation":8,"callibration":"test","block":6,"seed":10,"numerosity":50,"matchType":"paired","which":"second","trial_type":"numerosity-estimation","trial_index":122,"time_elapsed":1214319,"subject_id":"76154"},{"rt":7532,"stimulus":11,"slider_start":100,"sprites":"buttons","response":110,"absDeviation":3,"callibration":"test","block":6,"seed":11,"numerosity":107,"matchType":"unpaired","which":"second","trial_type":"numerosity-estimation","trial_index":123,"time_elapsed":1221853,"subject_id":"76154"},{"rt":8947,"stimulus":12,"slider_start":100,"sprites":"animalCrackers","response":112,"absDeviation":20,"callibration":"test","block":6,"seed":12,"numerosity":92,"matchType":"unpaired","which":"second","trial_type":"numerosity-estimation","trial_index":124,"time_elapsed":1230802,"subject_id":"76154"},{"rt":8170,"stimulus":14,"slider_start":100,"sprites":"butterflies","response":116,"absDeviation":34,"callibration":"test","block":6,"seed":14,"numerosity":150,"matchType":"paired","which":"first","trial_type":"numerosity-estimation","trial_index":125,"time_elapsed":1238975,"subject_id":"76154"},{"rt":5846,"stimulus":14,"slider_start":100,"sprites":"butterflies","response":116,"absDeviation":34,"callibration":"test","block":6,"seed":14,"numerosity":150,"matchType":"paired","which":"second","trial_type":"numerosity-estimation","trial_index":126,"time_elapsed":1244824,"subject_id":"76154"},{"rt":6289,"stimulus":15,"slider_start":100,"sprites":"hearts","response":115,"absDeviation":6,"callibration":"test","block":6,"seed":15,"numerosity":121,"matchType":"unpaired","which":"second","trial_type":"numerosity-estimation","trial_index":127,"time_elapsed":1251115,"subject_id":"76154"},{"rt":6854,"stimulus":16,"slider_start":100,"sprites":"crackers","response":41,"absDeviation":23,"callibration":"test","block":6,"seed":16,"numerosity":64,"matchType":"unpaired","which":"second","trial_type":"numerosity-estimation","trial_index":128,"time_elapsed":1257970,"subject_id":"76154"},{"rt":4749,"stimulus":"<p> For the last block of trials, the average deviation of your guesses from correct answers was 19.</p>\n     <p>The smaller the deviation the better.  Your deviation was <b> VERY good</b>.</p><br>\n       <p>Press any key to continue to the next block of trials</p>","response":" ","trial_type":"html-keyboard-response","trial_index":129,"time_elapsed":1262722,"subject_id":"76154"},{"rt":8728,"stimulus":18,"slider_start":100,"sprites":"fruits","response":96,"absDeviation":11,"callibration":"test","block":7,"seed":18,"numerosity":107,"matchType":"paired","which":"first","trial_type":"numerosity-estimation","trial_index":130,"time_elapsed":1271452,"subject_id":"76154"},{"rt":4039,"stimulus":18,"slider_start":100,"sprites":"fruits","response":104,"absDeviation":3,"callibration":"test","block":7,"seed":18,"numerosity":107,"matchType":"paired","which":"second","trial_type":"numerosity-estimation","trial_index":131,"time_elapsed":1275492,"subject_id":"76154"},{"rt":5142,"stimulus":19,"slider_start":100,"sprites":"jellyBeans","response":116,"absDeviation":19,"callibration":"test","block":7,"seed":19,"numerosity":135,"matchType":"unpaired","which":"second","trial_type":"numerosity-estimation","trial_index":132,"time_elapsed":1280636,"subject_id":"76154"},{"rt":7788,"stimulus":20,"slider_start":100,"sprites":"marbles","response":47,"absDeviation":31,"callibration":"test","block":7,"seed":20,"numerosity":78,"matchType":"unpaired","which":"second","trial_type":"numerosity-estimation","trial_index":133,"time_elapsed":1288425,"subject_id":"76154"},{"rt":5449,"stimulus":22,"slider_start":100,"sprites":"rocks","response":105,"absDeviation":13,"callibration":"test","block":7,"seed":22,"numerosity":92,"matchType":"paired","which":"first","trial_type":"numerosity-estimation","trial_index":134,"time_elapsed":1293876,"subject_id":"76154"},{"rt":6888,"stimulus":22,"slider_start":100,"sprites":"rocks","response":111,"absDeviation":19,"callibration":"test","block":7,"seed":22,"numerosity":92,"matchType":"paired","which":"second","trial_type":"numerosity-estimation","trial_index":135,"time_elapsed":1300766,"subject_id":"76154"},{"rt":5883,"stimulus":23,"slider_start":100,"sprites":"buttons","response":131,"absDeviation":19,"callibration":"test","block":7,"seed":23,"numerosity":150,"matchType":"unpaired","which":"second","trial_type":"numerosity-estimation","trial_index":136,"time_elapsed":1306651,"subject_id":"76154"},{"rt":9226,"stimulus":24,"slider_start":100,"sprites":"animalCrackers","response":116,"absDeviation":9,"callibration":"test","block":7,"seed":24,"numerosity":107,"matchType":"unpaired","which":"second","trial_type":"numerosity-estimation","trial_index":137,"time_elapsed":1315878,"subject_id":"76154"},{"rt":10991,"stimulus":26,"slider_start":100,"sprites":"butterflies","response":39,"absDeviation":53,"callibration":"test","block":7,"seed":26,"numerosity":92,"matchType":"paired","which":"first","trial_type":"numerosity-estimation","trial_index":138,"time_elapsed":1326871,"subject_id":"76154"},{"rt":4781,"stimulus":26,"slider_start":100,"sprites":"butterflies","response":39,"absDeviation":53,"callibration":"test","block":7,"seed":26,"numerosity":92,"matchType":"paired","which":"second","trial_type":"numerosity-estimation","trial_index":139,"time_elapsed":1331655,"subject_id":"76154"},{"rt":4864,"stimulus":27,"slider_start":100,"sprites":"hearts","response":77,"absDeviation":44,"callibration":"test","block":7,"seed":27,"numerosity":121,"matchType":"unpaired","which":"second","trial_type":"numerosity-estimation","trial_index":140,"time_elapsed":1336520,"subject_id":"76154"},{"rt":5023,"stimulus":28,"slider_start":100,"sprites":"crackers","response":126,"absDeviation":24,"callibration":"test","block":7,"seed":28,"numerosity":150,"matchType":"unpaired","which":"second","trial_type":"numerosity-estimation","trial_index":141,"time_elapsed":1341544,"subject_id":"76154"},{"rt":6246,"stimulus":30,"slider_start":100,"sprites":"fruits","response":110,"absDeviation":3,"callibration":"test","block":7,"seed":30,"numerosity":107,"matchType":"paired","which":"first","trial_type":"numerosity-estimation","trial_index":142,"time_elapsed":1347792,"subject_id":"76154"},{"rt":4290,"stimulus":30,"slider_start":100,"sprites":"fruits","response":113,"absDeviation":6,"callibration":"test","block":7,"seed":30,"numerosity":107,"matchType":"paired","which":"second","trial_type":"numerosity-estimation","trial_index":143,"time_elapsed":1352083,"subject_id":"76154"},{"rt":4599,"stimulus":31,"slider_start":100,"sprites":"jellyBeans","response":131,"absDeviation":19,"callibration":"test","block":7,"seed":31,"numerosity":150,"matchType":"unpaired","which":"second","trial_type":"numerosity-estimation","trial_index":144,"time_elapsed":1356685,"subject_id":"76154"},{"rt":7216,"stimulus":32,"slider_start":100,"sprites":"marbles","response":110,"absDeviation":25,"callibration":"test","block":7,"seed":32,"numerosity":135,"matchType":"unpaired","which":"second","trial_type":"numerosity-estimation","trial_index":145,"time_elapsed":1363903,"subject_id":"76154"},{"rt":271299,"stimulus":"<p> For the last block of trials, the average deviation of your guesses from correct answers was 22.</p>\n     <p>The smaller the deviation the better.  Your deviation was <b> VERY good</b>.</p><br>\n       <p>Press any key to continue to the next block of trials</p>","response":" ","trial_type":"html-keyboard-response","trial_index":146,"time_elapsed":1635204,"subject_id":"76154"},{"rt":7947,"stimulus":34,"slider_start":100,"sprites":"rocks","response":51,"absDeviation":1,"callibration":"test","block":8,"seed":34,"numerosity":50,"matchType":"paired","which":"first","trial_type":"numerosity-estimation","trial_index":147,"time_elapsed":1643154,"subject_id":"76154"},{"rt":6495,"stimulus":34,"slider_start":100,"sprites":"rocks","response":44,"absDeviation":6,"callibration":"test","block":8,"seed":34,"numerosity":50,"matchType":"paired","which":"second","trial_type":"numerosity-estimation","trial_index":148,"time_elapsed":1649653,"subject_id":"76154"},{"rt":6758,"stimulus":35,"slider_start":100,"sprites":"buttons","response":76,"absDeviation":2,"callibration":"test","block":8,"seed":35,"numerosity":78,"matchType":"unpaired","which":"second","trial_type":"numerosity-estimation","trial_index":149,"time_elapsed":1656415,"subject_id":"76154"},{"rt":8062,"stimulus":36,"slider_start":100,"sprites":"animalCrackers","response":49,"absDeviation":1,"callibration":"test","block":8,"seed":36,"numerosity":50,"matchType":"unpaired","which":"second","trial_type":"numerosity-estimation","trial_index":150,"time_elapsed":1664480,"subject_id":"76154"},{"rt":6166,"stimulus":38,"slider_start":100,"sprites":"butterflies","response":82,"absDeviation":4,"callibration":"test","block":8,"seed":38,"numerosity":78,"matchType":"paired","which":"first","trial_type":"numerosity-estimation","trial_index":151,"time_elapsed":1670649,"subject_id":"76154"},{"rt":4515,"stimulus":38,"slider_start":100,"sprites":"butterflies","response":81,"absDeviation":3,"callibration":"test","block":8,"seed":38,"numerosity":78,"matchType":"paired","which":"second","trial_type":"numerosity-estimation","trial_index":152,"time_elapsed":1675166,"subject_id":"76154"},{"rt":5087,"stimulus":39,"slider_start":100,"sprites":"hearts","response":111,"absDeviation":33,"callibration":"test","block":8,"seed":39,"numerosity":78,"matchType":"unpaired","which":"second","trial_type":"numerosity-estimation","trial_index":153,"time_elapsed":1680254,"subject_id":"76154"},{"rt":6682,"stimulus":40,"slider_start":100,"sprites":"crackers","response":124,"absDeviation":3,"callibration":"test","block":8,"seed":40,"numerosity":121,"matchType":"unpaired","which":"second","trial_type":"numerosity-estimation","trial_index":154,"time_elapsed":1686938,"subject_id":"76154"},{"rt":6554,"stimulus":42,"slider_start":100,"sprites":"fruits","response":70,"absDeviation":8,"callibration":"test","block":8,"seed":42,"numerosity":78,"matchType":"paired","which":"first","trial_type":"numerosity-estimation","trial_index":155,"time_elapsed":1693494,"subject_id":"76154"},{"rt":3573,"stimulus":42,"slider_start":100,"sprites":"fruits","response":65,"absDeviation":13,"callibration":"test","block":8,"seed":42,"numerosity":78,"matchType":"paired","which":"second","trial_type":"numerosity-estimation","trial_index":156,"time_elapsed":1697070,"subject_id":"76154"},{"rt":9381,"stimulus":43,"slider_start":100,"sprites":"jellyBeans","response":42,"absDeviation":22,"callibration":"test","block":8,"seed":43,"numerosity":64,"matchType":"unpaired","which":"second","trial_type":"numerosity-estimation","trial_index":157,"time_elapsed":1706454,"subject_id":"76154"},{"rt":5676,"stimulus":44,"slider_start":100,"sprites":"marbles","response":70,"absDeviation":51,"callibration":"test","block":8,"seed":44,"numerosity":121,"matchType":"unpaired","which":"second","trial_type":"numerosity-estimation","trial_index":158,"time_elapsed":1712132,"subject_id":"76154"},{"rt":7031,"stimulus":46,"slider_start":100,"sprites":"rocks","response":109,"absDeviation":2,"callibration":"test","block":8,"seed":46,"numerosity":107,"matchType":"paired","which":"first","trial_type":"numerosity-estimation","trial_index":159,"time_elapsed":1719164,"subject_id":"76154"},{"rt":3341,"stimulus":46,"slider_start":100,"sprites":"rocks","response":109,"absDeviation":2,"callibration":"test","block":8,"seed":46,"numerosity":107,"matchType":"paired","which":"second","trial_type":"numerosity-estimation","trial_index":160,"time_elapsed":1722507,"subject_id":"76154"},{"rt":5820,"stimulus":47,"slider_start":100,"sprites":"buttons","response":126,"absDeviation":5,"callibration":"test","block":8,"seed":47,"numerosity":121,"matchType":"unpaired","which":"second","trial_type":"numerosity-estimation","trial_index":161,"time_elapsed":1728330,"subject_id":"76154"},{"rt":9031,"stimulus":48,"slider_start":100,"sprites":"animalCrackers","response":125,"absDeviation":10,"callibration":"test","block":8,"seed":48,"numerosity":135,"matchType":"unpaired","which":"second","trial_type":"numerosity-estimation","trial_index":162,"time_elapsed":1737364,"subject_id":"76154"},{"rt":10283,"stimulus":"<p> For the last block of trials, the average deviation of your guesses from correct answers was 10.</p>\n     <p>The smaller the deviation the better.  Your deviation was <b> AMAZINGLY good</b>.</p><br>\n       <p>Press any key to continue to the next block of trials</p>","response":" ","trial_type":"html-keyboard-response","trial_index":163,"time_elapsed":1747651,"subject_id":"76154"},{"rt":9767,"stimulus":50,"slider_start":100,"sprites":"butterflies","response":106,"absDeviation":44,"callibration":"test","block":9,"seed":50,"numerosity":150,"matchType":"paired","which":"first","trial_type":"numerosity-estimation","trial_index":164,"time_elapsed":1757421,"subject_id":"76154"},{"rt":4777,"stimulus":50,"slider_start":100,"sprites":"butterflies","response":116,"absDeviation":34,"callibration":"test","block":9,"seed":50,"numerosity":150,"matchType":"paired","which":"second","trial_type":"numerosity-estimation","trial_index":165,"time_elapsed":1762200,"subject_id":"76154"},{"rt":7414,"stimulus":51,"slider_start":100,"sprites":"hearts","response":124,"absDeviation":26,"callibration":"test","block":9,"seed":51,"numerosity":150,"matchType":"unpaired","which":"second","trial_type":"numerosity-estimation","trial_index":166,"time_elapsed":1769615,"subject_id":"76154"},{"rt":5896,"stimulus":52,"slider_start":100,"sprites":"crackers","response":59,"absDeviation":19,"callibration":"test","block":9,"seed":52,"numerosity":78,"matchType":"unpaired","which":"second","trial_type":"numerosity-estimation","trial_index":167,"time_elapsed":1775513,"subject_id":"76154"},{"rt":7313,"stimulus":54,"slider_start":100,"sprites":"fruits","response":86,"absDeviation":6,"callibration":"test","block":9,"seed":54,"numerosity":92,"matchType":"paired","which":"first","trial_type":"numerosity-estimation","trial_index":168,"time_elapsed":1782827,"subject_id":"76154"},{"rt":3334,"stimulus":54,"slider_start":100,"sprites":"fruits","response":78,"absDeviation":14,"callibration":"test","block":9,"seed":54,"numerosity":92,"matchType":"paired","which":"second","trial_type":"numerosity-estimation","trial_index":169,"time_elapsed":1786163,"subject_id":"76154"},{"rt":8663,"stimulus":55,"slider_start":100,"sprites":"jellyBeans","response":93,"absDeviation":28,"callibration":"test","block":9,"seed":55,"numerosity":121,"matchType":"unpaired","which":"second","trial_type":"numerosity-estimation","trial_index":170,"time_elapsed":1794828,"subject_id":"76154"},{"rt":6300,"stimulus":56,"slider_start":100,"sprites":"marbles","response":37,"absDeviation":27,"callibration":"test","block":9,"seed":56,"numerosity":64,"matchType":"unpaired","which":"second","trial_type":"numerosity-estimation","trial_index":171,"time_elapsed":1801130,"subject_id":"76154"},{"rt":9153,"stimulus":58,"slider_start":100,"sprites":"rocks","response":112,"absDeviation":9,"callibration":"test","block":9,"seed":58,"numerosity":121,"matchType":"paired","which":"first","trial_type":"numerosity-estimation","trial_index":172,"time_elapsed":1810284,"subject_id":"76154"},{"rt":3739,"stimulus":58,"slider_start":100,"sprites":"rocks","response":110,"absDeviation":11,"callibration":"test","block":9,"seed":58,"numerosity":121,"matchType":"paired","which":"second","trial_type":"numerosity-estimation","trial_index":173,"time_elapsed":1814024,"subject_id":"76154"},{"rt":6136,"stimulus":59,"slider_start":100,"sprites":"buttons","response":120,"absDeviation":15,"callibration":"test","block":9,"seed":59,"numerosity":135,"matchType":"unpaired","which":"second","trial_type":"numerosity-estimation","trial_index":174,"time_elapsed":1820163,"subject_id":"76154"},{"rt":5576,"stimulus":60,"slider_start":100,"sprites":"animalCrackers","response":130,"absDeviation":20,"callibration":"test","block":9,"seed":60,"numerosity":150,"matchType":"unpaired","which":"second","trial_type":"numerosity-estimation","trial_index":175,"time_elapsed":1825741,"subject_id":"76154"},{"rt":8959,"stimulus":62,"slider_start":100,"sprites":"butterflies","response":90,"absDeviation":45,"callibration":"test","block":9,"seed":62,"numerosity":135,"matchType":"paired","which":"first","trial_type":"numerosity-estimation","trial_index":176,"time_elapsed":1834702,"subject_id":"76154"},{"rt":5234,"stimulus":62,"slider_start":100,"sprites":"butterflies","response":110,"absDeviation":25,"callibration":"test","block":9,"seed":62,"numerosity":135,"matchType":"paired","which":"second","trial_type":"numerosity-estimation","trial_index":177,"time_elapsed":1839940,"subject_id":"76154"},{"rt":7734,"stimulus":63,"slider_start":100,"sprites":"hearts","response":50,"absDeviation":14,"callibration":"test","block":9,"seed":63,"numerosity":64,"matchType":"unpaired","which":"second","trial_type":"numerosity-estimation","trial_index":178,"time_elapsed":1847677,"subject_id":"76154"},{"rt":8695,"stimulus":64,"slider_start":100,"sprites":"crackers","response":114,"absDeviation":21,"callibration":"test","block":9,"seed":64,"numerosity":135,"matchType":"unpaired","which":"second","trial_type":"numerosity-estimation","trial_index":179,"time_elapsed":1856373,"subject_id":"76154"},{"rt":2563,"stimulus":"<p> For the last block of trials, the average deviation of your guesses from correct answers was 22.</p>\n     <p>The smaller the deviation the better.  Your deviation was <b> VERY good</b>.</p><br>\n       <p>Press any key to continue to the next block of trials</p>","response":" ","trial_type":"html-keyboard-response","trial_index":180,"time_elapsed":1858938,"subject_id":"76154"},{"rt":7549,"stimulus":66,"slider_start":100,"sprites":"fruits","response":37,"absDeviation":27,"callibration":"test","block":10,"seed":66,"numerosity":64,"matchType":"paired","which":"first","trial_type":"numerosity-estimation","trial_index":181,"time_elapsed":1866491,"subject_id":"76154"},{"rt":3735,"stimulus":66,"slider_start":100,"sprites":"fruits","response":35,"absDeviation":29,"callibration":"test","block":10,"seed":66,"numerosity":64,"matchType":"paired","which":"second","trial_type":"numerosity-estimation","trial_index":182,"time_elapsed":1870228,"subject_id":"76154"},{"rt":6301,"stimulus":67,"slider_start":100,"sprites":"jellyBeans","response":60,"absDeviation":47,"callibration":"test","block":10,"seed":67,"numerosity":107,"matchType":"unpaired","which":"second","trial_type":"numerosity-estimation","trial_index":183,"time_elapsed":1876532,"subject_id":"76154"},{"rt":7289,"stimulus":68,"slider_start":100,"sprites":"marbles","response":74,"absDeviation":76,"callibration":"test","block":10,"seed":68,"numerosity":150,"matchType":"unpaired","which":"second","trial_type":"numerosity-estimation","trial_index":184,"time_elapsed":1883823,"subject_id":"76154"},{"rt":3710,"stimulus":70,"slider_start":100,"sprites":"rocks","response":83,"absDeviation":9,"callibration":"test","block":10,"seed":70,"numerosity":92,"matchType":"paired","which":"first","trial_type":"numerosity-estimation","trial_index":185,"time_elapsed":1887536,"subject_id":"76154"},{"rt":2560,"stimulus":70,"slider_start":100,"sprites":"rocks","response":84,"absDeviation":8,"callibration":"test","block":10,"seed":70,"numerosity":92,"matchType":"paired","which":"second","trial_type":"numerosity-estimation","trial_index":186,"time_elapsed":1890099,"subject_id":"76154"},{"rt":3478,"stimulus":71,"slider_start":100,"sprites":"buttons","response":106,"absDeviation":1,"callibration":"test","block":10,"seed":71,"numerosity":107,"matchType":"unpaired","which":"second","trial_type":"numerosity-estimation","trial_index":187,"time_elapsed":1893580,"subject_id":"76154"},{"rt":4543,"stimulus":72,"slider_start":100,"sprites":"animalCrackers","response":35,"absDeviation":15,"callibration":"test","block":10,"seed":72,"numerosity":50,"matchType":"unpaired","which":"second","trial_type":"numerosity-estimation","trial_index":188,"time_elapsed":1898126,"subject_id":"76154"},{"rt":4848,"stimulus":74,"slider_start":100,"sprites":"butterflies","response":38,"absDeviation":26,"callibration":"test","block":10,"seed":74,"numerosity":64,"matchType":"paired","which":"first","trial_type":"numerosity-estimation","trial_index":189,"time_elapsed":1902976,"subject_id":"76154"},{"rt":3730,"stimulus":74,"slider_start":100,"sprites":"butterflies","response":36,"absDeviation":28,"callibration":"test","block":10,"seed":74,"numerosity":64,"matchType":"paired","which":"second","trial_type":"numerosity-estimation","trial_index":190,"time_elapsed":1906708,"subject_id":"76154"},{"rt":5968,"stimulus":75,"slider_start":100,"sprites":"hearts","response":97,"absDeviation":5,"callibration":"test","block":10,"seed":75,"numerosity":92,"matchType":"unpaired","which":"second","trial_type":"numerosity-estimation","trial_index":191,"time_elapsed":1912678,"subject_id":"76154"},{"rt":8479,"stimulus":76,"slider_start":100,"sprites":"crackers","response":93,"absDeviation":29,"callibration":"test","block":10,"seed":76,"numerosity":64,"matchType":"unpaired","which":"second","trial_type":"numerosity-estimation","trial_index":192,"time_elapsed":1921159,"subject_id":"76154"},{"rt":4976,"stimulus":78,"slider_start":100,"sprites":"fruits","response":87,"absDeviation":23,"callibration":"test","block":10,"seed":78,"numerosity":64,"matchType":"paired","which":"first","trial_type":"numerosity-estimation","trial_index":193,"time_elapsed":1926137,"subject_id":"76154"},{"rt":4113,"stimulus":78,"slider_start":100,"sprites":"fruits","response":83,"absDeviation":19,"callibration":"test","block":10,"seed":78,"numerosity":64,"matchType":"paired","which":"second","trial_type":"numerosity-estimation","trial_index":194,"time_elapsed":1930252,"subject_id":"76154"},{"rt":6322,"stimulus":79,"slider_start":100,"sprites":"jellyBeans","response":40,"absDeviation":10,"callibration":"test","block":10,"seed":79,"numerosity":50,"matchType":"unpaired","which":"second","trial_type":"numerosity-estimation","trial_index":195,"time_elapsed":1936574,"subject_id":"76154"},{"rt":5308,"stimulus":80,"slider_start":100,"sprites":"marbles","response":49,"absDeviation":72,"callibration":"test","block":10,"seed":80,"numerosity":121,"matchType":"unpaired","which":"second","trial_type":"numerosity-estimation","trial_index":196,"time_elapsed":1941884,"subject_id":"76154"},{"rt":36113,"stimulus":"<p> For the last block of trials, the average deviation of your guesses from correct answers was 27.</p>\n     <p>The smaller the deviation the better.  Your deviation was <b> good</b>.</p><br>\n       <p>Press any key to continue to the next block of trials</p>","response":" ","trial_type":"html-keyboard-response","trial_index":197,"time_elapsed":1977999,"subject_id":"76154"},{"rt":9196,"stimulus":82,"slider_start":100,"sprites":"rocks","response":85,"absDeviation":21,"callibration":"test","block":11,"seed":82,"numerosity":64,"matchType":"paired","which":"first","trial_type":"numerosity-estimation","trial_index":198,"time_elapsed":1987198,"subject_id":"76154"},{"rt":3820,"stimulus":82,"slider_start":100,"sprites":"rocks","response":87,"absDeviation":23,"callibration":"test","block":11,"seed":82,"numerosity":64,"matchType":"paired","which":"second","trial_type":"numerosity-estimation","trial_index":199,"time_elapsed":1991021,"subject_id":"76154"},{"rt":3630,"stimulus":83,"slider_start":100,"sprites":"buttons","response":110,"absDeviation":11,"callibration":"test","block":11,"seed":83,"numerosity":121,"matchType":"unpaired","which":"second","trial_type":"numerosity-estimation","trial_index":200,"time_elapsed":1994654,"subject_id":"76154"},{"rt":7247,"stimulus":84,"slider_start":100,"sprites":"animalCrackers","response":35,"absDeviation":15,"callibration":"test","block":11,"seed":84,"numerosity":50,"matchType":"unpaired","which":"second","trial_type":"numerosity-estimation","trial_index":201,"time_elapsed":2001905,"subject_id":"76154"},{"rt":6552,"stimulus":86,"slider_start":100,"sprites":"butterflies","response":91,"absDeviation":30,"callibration":"test","block":11,"seed":86,"numerosity":121,"matchType":"paired","which":"first","trial_type":"numerosity-estimation","trial_index":202,"time_elapsed":2008461,"subject_id":"76154"},{"rt":4485,"stimulus":86,"slider_start":100,"sprites":"butterflies","response":105,"absDeviation":16,"callibration":"test","block":11,"seed":86,"numerosity":121,"matchType":"paired","which":"second","trial_type":"numerosity-estimation","trial_index":203,"time_elapsed":2012950,"subject_id":"76154"},{"rt":6643,"stimulus":87,"slider_start":100,"sprites":"hearts","response":36,"absDeviation":14,"callibration":"test","block":11,"seed":87,"numerosity":50,"matchType":"unpaired","which":"second","trial_type":"numerosity-estimation","trial_index":204,"time_elapsed":2019595,"subject_id":"76154"},{"rt":3865,"stimulus":88,"slider_start":100,"sprites":"crackers","response":111,"absDeviation":24,"callibration":"test","block":11,"seed":88,"numerosity":135,"matchType":"unpaired","which":"second","trial_type":"numerosity-estimation","trial_index":205,"time_elapsed":2023468,"subject_id":"76154"},{"rt":6869,"stimulus":90,"slider_start":100,"sprites":"fruits","response":128,"absDeviation":22,"callibration":"test","block":11,"seed":90,"numerosity":150,"matchType":"paired","which":"first","trial_type":"numerosity-estimation","trial_index":206,"time_elapsed":2030340,"subject_id":"76154"},{"rt":3229,"stimulus":90,"slider_start":100,"sprites":"fruits","response":123,"absDeviation":27,"callibration":"test","block":11,"seed":90,"numerosity":150,"matchType":"paired","which":"second","trial_type":"numerosity-estimation","trial_index":207,"time_elapsed":2033570,"subject_id":"76154"},{"rt":7866,"stimulus":91,"slider_start":100,"sprites":"jellyBeans","response":68,"absDeviation":24,"callibration":"test","block":11,"seed":91,"numerosity":92,"matchType":"unpaired","which":"second","trial_type":"numerosity-estimation","trial_index":208,"time_elapsed":2041437,"subject_id":"76154"},{"rt":13139,"stimulus":92,"slider_start":100,"sprites":"marbles","response":69,"absDeviation":52,"callibration":"test","block":11,"seed":92,"numerosity":121,"matchType":"unpaired","which":"second","trial_type":"numerosity-estimation","trial_index":209,"time_elapsed":2054578,"subject_id":"76154"},{"rt":6030,"stimulus":94,"slider_start":100,"sprites":"rocks","response":75,"absDeviation":3,"callibration":"test","block":11,"seed":94,"numerosity":78,"matchType":"paired","which":"first","trial_type":"numerosity-estimation","trial_index":210,"time_elapsed":2060612,"subject_id":"76154"},{"rt":7409,"stimulus":94,"slider_start":100,"sprites":"rocks","response":75,"absDeviation":3,"callibration":"test","block":11,"seed":94,"numerosity":78,"matchType":"paired","which":"second","trial_type":"numerosity-estimation","trial_index":211,"time_elapsed":2068023,"subject_id":"76154"},{"rt":4950,"stimulus":95,"slider_start":100,"sprites":"buttons","response":61,"absDeviation":3,"callibration":"test","block":11,"seed":95,"numerosity":64,"matchType":"unpaired","which":"second","trial_type":"numerosity-estimation","trial_index":212,"time_elapsed":2072975,"subject_id":"76154"},{"rt":5759,"stimulus":96,"slider_start":100,"sprites":"animalCrackers","response":90,"absDeviation":2,"callibration":"test","block":11,"seed":96,"numerosity":92,"matchType":"unpaired","which":"second","trial_type":"numerosity-estimation","trial_index":213,"time_elapsed":2078737,"subject_id":"76154"},{"rt":5950,"stimulus":"<p> For the last block of trials, the average deviation of your guesses from correct answers was 18.</p>\n     <p>The smaller the deviation the better.  Your deviation was <b> VERY good</b>.</p><br>\n       <p>Press any key to continue to the next block of trials</p>","response":" ","trial_type":"html-keyboard-response","trial_index":214,"time_elapsed":2084689,"subject_id":"76154"},{"rt":11859,"response":{"averageEstimates":"When the two displays occured back-to-back, in immediate succession.","firstOrSecond":"The second time the objects were shown"},"question_order":[0,1],"trial_type":"survey-multi-choice","trial_index":215,"time_elapsed":2096550,"subject_id":"76154"}]