[{"rt":4361,"url":"consent.html","trial_type":"external-html","trial_index":0,"time_elapsed":4377,"subject_id":"76388"},{"view_history":[{"page_index":0,"viewing_time":2772}],"rt":2773,"trial_type":"instructions","trial_index":1,"time_elapsed":7151,"subject_id":"76388"},{"rt":8010,"stimulus":0,"slider_start":100,"sprites":"animalCrackers","response":50,"absDeviation":0,"callibration":"callibration","block":-1,"seed":0,"numerosity":50,"matchType":"callibration","which":"first","trial_type":"numerosity-estimation","trial_index":2,"time_elapsed":15168,"subject_id":"76388"},{"rt":6422,"stimulus":1,"slider_start":100,"sprites":"letters","response":64,"absDeviation":0,"callibration":"callibration","block":-1,"seed":1,"numerosity":64,"matchType":"callibration","which":"first","trial_type":"numerosity-estimation","trial_index":3,"time_elapsed":21593,"subject_id":"76388"},{"rt":7418,"stimulus":2,"slider_start":100,"sprites":"butterflies","response":78,"absDeviation":0,"callibration":"callibration","block":-1,"seed":2,"numerosity":78,"matchType":"callibration","which":"first","trial_type":"numerosity-estimation","trial_index":4,"time_elapsed":29014,"subject_id":"76388"},{"rt":7312,"stimulus":3,"slider_start":100,"sprites":"hearts","response":92,"absDeviation":0,"callibration":"callibration","block":-1,"seed":3,"numerosity":92,"matchType":"callibration","which":"first","trial_type":"numerosity-estimation","trial_index":5,"time_elapsed":36329,"subject_id":"76388"},{"rt":8246,"stimulus":4,"slider_start":100,"sprites":"crackers","response":107,"absDeviation":0,"callibration":"callibration","block":-1,"seed":4,"numerosity":107,"matchType":"callibration","which":"first","trial_type":"numerosity-estimation","trial_index":6,"time_elapsed":44578,"subject_id":"76388"},{"rt":7238,"stimulus":5,"slider_start":100,"sprites":"bears","response":121,"absDeviation":0,"callibration":"callibration","block":-1,"seed":5,"numerosity":121,"matchType":"callibration","which":"first","trial_type":"numerosity-estimation","trial_index":7,"time_elapsed":51820,"subject_id":"76388"},{"rt":10365,"stimulus":6,"slider_start":100,"sprites":"fruits","response":135,"absDeviation":0,"callibration":"callibration","block":-1,"seed":6,"numerosity":135,"matchType":"callibration","which":"first","trial_type":"numerosity-estimation","trial_index":8,"time_elapsed":62188,"subject_id":"76388"},{"rt":7516,"stimulus":7,"slider_start":100,"sprites":"jellyBeans","response":150,"absDeviation":0,"callibration":"callibration","block":-1,"seed":7,"numerosity":150,"matchType":"callibration","which":"first","trial_type":"numerosity-estimation","trial_index":9,"time_elapsed":69706,"subject_id":"76388"},{"view_history":[{"page_index":0,"viewing_time":1198}],"rt":1198,"trial_type":"instructions","trial_index":10,"time_elapsed":70905,"subject_id":"76388"},{"rt":4962,"stimulus":1,"slider_start":100,"sprites":"letters","response":91,"absDeviation":1,"callibration":"test","block":0,"seed":1,"numerosity":92,"matchType":"paired","which":"first","trial_type":"numerosity-estimation","trial_index":11,"time_elapsed":75871,"subject_id":"76388"},{"rt":3369,"stimulus":1,"slider_start":100,"sprites":"letters","response":83,"absDeviation":9,"callibration":"test","block":0,"seed":1,"numerosity":92,"matchType":"paired","which":"second","trial_type":"numerosity-estimation","trial_index":12,"time_elapsed":79242,"subject_id":"76388"},{"rt":4217,"stimulus":3,"slider_start":100,"sprites":"hearts","response":77,"absDeviation":27,"callibration":"test","block":0,"seed":3,"numerosity":50,"matchType":"unpaired","which":"first","trial_type":"numerosity-estimation","trial_index":13,"time_elapsed":83462,"subject_id":"76388"},{"rt":3203,"stimulus":4,"slider_start":100,"sprites":"crackers","response":117,"absDeviation":10,"callibration":"test","block":0,"seed":4,"numerosity":107,"matchType":"unpaired","which":"first","trial_type":"numerosity-estimation","trial_index":14,"time_elapsed":86671,"subject_id":"76388"},{"rt":3842,"stimulus":5,"slider_start":100,"sprites":"bears","response":60,"absDeviation":10,"callibration":"test","block":0,"seed":5,"numerosity":50,"matchType":"paired","which":"first","trial_type":"numerosity-estimation","trial_index":15,"time_elapsed":90516,"subject_id":"76388"},{"rt":3229,"stimulus":5,"slider_start":100,"sprites":"bears","response":64,"absDeviation":14,"callibration":"test","block":0,"seed":5,"numerosity":50,"matchType":"paired","which":"second","trial_type":"numerosity-estimation","trial_index":16,"time_elapsed":93749,"subject_id":"76388"},{"rt":4003,"stimulus":7,"slider_start":100,"sprites":"jellyBeans","response":63,"absDeviation":13,"callibration":"test","block":0,"seed":7,"numerosity":50,"matchType":"unpaired","which":"first","trial_type":"numerosity-estimation","trial_index":17,"time_elapsed":97755,"subject_id":"76388"},{"rt":2743,"stimulus":8,"slider_start":100,"sprites":"marbles","response":92,"absDeviation":0,"callibration":"test","block":0,"seed":8,"numerosity":92,"matchType":"unpaired","which":"first","trial_type":"numerosity-estimation","trial_index":18,"time_elapsed":100500,"subject_id":"76388"},{"rt":5107,"stimulus":9,"slider_start":100,"sprites":"mints","response":136,"absDeviation":1,"callibration":"test","block":0,"seed":9,"numerosity":135,"matchType":"paired","which":"first","trial_type":"numerosity-estimation","trial_index":19,"time_elapsed":105611,"subject_id":"76388"},{"rt":2984,"stimulus":9,"slider_start":100,"sprites":"mints","response":139,"absDeviation":4,"callibration":"test","block":0,"seed":9,"numerosity":135,"matchType":"paired","which":"second","trial_type":"numerosity-estimation","trial_index":20,"time_elapsed":108598,"subject_id":"76388"},{"rt":2691,"stimulus":11,"slider_start":100,"sprites":"buttons","response":123,"absDeviation":16,"callibration":"test","block":0,"seed":11,"numerosity":107,"matchType":"unpaired","which":"first","trial_type":"numerosity-estimation","trial_index":21,"time_elapsed":111292,"subject_id":"76388"},{"rt":3703,"stimulus":12,"slider_start":100,"sprites":"animalCrackers","response":90,"absDeviation":2,"callibration":"test","block":0,"seed":12,"numerosity":92,"matchType":"unpaired","which":"first","trial_type":"numerosity-estimation","trial_index":22,"time_elapsed":114998,"subject_id":"76388"},{"rt":2878,"stimulus":13,"slider_start":100,"sprites":"letters","response":106,"absDeviation":1,"callibration":"test","block":0,"seed":13,"numerosity":107,"matchType":"paired","which":"first","trial_type":"numerosity-estimation","trial_index":23,"time_elapsed":117880,"subject_id":"76388"},{"rt":2511,"stimulus":13,"slider_start":100,"sprites":"letters","response":94,"absDeviation":13,"callibration":"test","block":0,"seed":13,"numerosity":107,"matchType":"paired","which":"second","trial_type":"numerosity-estimation","trial_index":24,"time_elapsed":120395,"subject_id":"76388"},{"rt":2594,"stimulus":15,"slider_start":100,"sprites":"hearts","response":128,"absDeviation":7,"callibration":"test","block":0,"seed":15,"numerosity":121,"matchType":"unpaired","which":"first","trial_type":"numerosity-estimation","trial_index":25,"time_elapsed":122991,"subject_id":"76388"},{"rt":4461,"stimulus":16,"slider_start":100,"sprites":"crackers","response":93,"absDeviation":29,"callibration":"test","block":0,"seed":16,"numerosity":64,"matchType":"unpaired","which":"first","trial_type":"numerosity-estimation","trial_index":26,"time_elapsed":127456,"subject_id":"76388"},{"rt":3370,"stimulus":"<p> For the last block of trials, the average deviation of your guesses from correct answers was 10.</p>\n     <p>The smaller the deviation the better.  Your deviation was <b> AMAZINGLY good</b>.</p><br>\n       <p>Press any key to continue to the next block of trials</p>","response":" ","trial_type":"html-keyboard-response","trial_index":27,"time_elapsed":130828,"subject_id":"76388"},{"rt":3918,"stimulus":17,"slider_start":100,"sprites":"bears","response":92,"absDeviation":0,"callibration":"test","block":1,"seed":17,"numerosity":92,"matchType":"paired","which":"first","trial_type":"numerosity-estimation","trial_index":28,"time_elapsed":134749,"subject_id":"76388"},{"rt":4861,"stimulus":17,"slider_start":100,"sprites":"bears","response":90,"absDeviation":2,"callibration":"test","block":1,"seed":17,"numerosity":92,"matchType":"paired","which":"second","trial_type":"numerosity-estimation","trial_index":29,"time_elapsed":139614,"subject_id":"76388"},{"rt":2594,"stimulus":19,"slider_start":100,"sprites":"jellyBeans","response":110,"absDeviation":25,"callibration":"test","block":1,"seed":19,"numerosity":135,"matchType":"unpaired","which":"first","trial_type":"numerosity-estimation","trial_index":30,"time_elapsed":142211,"subject_id":"76388"},{"rt":3613,"stimulus":20,"slider_start":100,"sprites":"marbles","response":87,"absDeviation":9,"callibration":"test","block":1,"seed":20,"numerosity":78,"matchType":"unpaired","which":"first","trial_type":"numerosity-estimation","trial_index":31,"time_elapsed":145827,"subject_id":"76388"},{"rt":5695,"stimulus":21,"slider_start":100,"sprites":"mints","response":126,"absDeviation":34,"callibration":"test","block":1,"seed":21,"numerosity":92,"matchType":"paired","which":"first","trial_type":"numerosity-estimation","trial_index":32,"time_elapsed":151525,"subject_id":"76388"},{"rt":2845,"stimulus":21,"slider_start":100,"sprites":"mints","response":103,"absDeviation":11,"callibration":"test","block":1,"seed":21,"numerosity":92,"matchType":"paired","which":"second","trial_type":"numerosity-estimation","trial_index":33,"time_elapsed":154374,"subject_id":"76388"},{"rt":2447,"stimulus":23,"slider_start":100,"sprites":"buttons","response":124,"absDeviation":26,"callibration":"test","block":1,"seed":23,"numerosity":150,"matchType":"unpaired","which":"first","trial_type":"numerosity-estimation","trial_index":34,"time_elapsed":156824,"subject_id":"76388"},{"rt":2993,"stimulus":24,"slider_start":100,"sprites":"animalCrackers","response":108,"absDeviation":1,"callibration":"test","block":1,"seed":24,"numerosity":107,"matchType":"unpaired","which":"first","trial_type":"numerosity-estimation","trial_index":35,"time_elapsed":159820,"subject_id":"76388"},{"rt":3311,"stimulus":25,"slider_start":100,"sprites":"letters","response":93,"absDeviation":14,"callibration":"test","block":1,"seed":25,"numerosity":107,"matchType":"paired","which":"first","trial_type":"numerosity-estimation","trial_index":36,"time_elapsed":163134,"subject_id":"76388"},{"rt":2136,"stimulus":25,"slider_start":100,"sprites":"letters","response":96,"absDeviation":11,"callibration":"test","block":1,"seed":25,"numerosity":107,"matchType":"paired","which":"second","trial_type":"numerosity-estimation","trial_index":37,"time_elapsed":165273,"subject_id":"76388"},{"rt":2846,"stimulus":27,"slider_start":100,"sprites":"hearts","response":121,"absDeviation":0,"callibration":"test","block":1,"seed":27,"numerosity":121,"matchType":"unpaired","which":"first","trial_type":"numerosity-estimation","trial_index":38,"time_elapsed":168123,"subject_id":"76388"},{"rt":2634,"stimulus":28,"slider_start":100,"sprites":"crackers","response":130,"absDeviation":20,"callibration":"test","block":1,"seed":28,"numerosity":150,"matchType":"unpaired","which":"first","trial_type":"numerosity-estimation","trial_index":39,"time_elapsed":170760,"subject_id":"76388"},{"rt":2984,"stimulus":29,"slider_start":100,"sprites":"bears","response":85,"absDeviation":21,"callibration":"test","block":1,"seed":29,"numerosity":64,"matchType":"paired","which":"first","trial_type":"numerosity-estimation","trial_index":40,"time_elapsed":173747,"subject_id":"76388"},{"rt":3736,"stimulus":29,"slider_start":100,"sprites":"bears","response":79,"absDeviation":15,"callibration":"test","block":1,"seed":29,"numerosity":64,"matchType":"paired","which":"second","trial_type":"numerosity-estimation","trial_index":41,"time_elapsed":177487,"subject_id":"76388"},{"rt":2675,"stimulus":31,"slider_start":100,"sprites":"jellyBeans","response":106,"absDeviation":44,"callibration":"test","block":1,"seed":31,"numerosity":150,"matchType":"unpaired","which":"first","trial_type":"numerosity-estimation","trial_index":42,"time_elapsed":180165,"subject_id":"76388"},{"rt":2495,"stimulus":32,"slider_start":100,"sprites":"marbles","response":105,"absDeviation":30,"callibration":"test","block":1,"seed":32,"numerosity":135,"matchType":"unpaired","which":"first","trial_type":"numerosity-estimation","trial_index":43,"time_elapsed":182663,"subject_id":"76388"},{"rt":1451,"stimulus":"<p> For the last block of trials, the average deviation of your guesses from correct answers was 16.</p>\n     <p>The smaller the deviation the better.  Your deviation was <b> VERY good</b>.</p><br>\n       <p>Press any key to continue to the next block of trials</p>","response":" ","trial_type":"html-keyboard-response","trial_index":44,"time_elapsed":184116,"subject_id":"76388"},{"rt":2683,"stimulus":33,"slider_start":100,"sprites":"mints","response":120,"absDeviation":1,"callibration":"test","block":2,"seed":33,"numerosity":121,"matchType":"paired","which":"first","trial_type":"numerosity-estimation","trial_index":45,"time_elapsed":186802,"subject_id":"76388"},{"rt":2568,"stimulus":33,"slider_start":100,"sprites":"mints","response":116,"absDeviation":5,"callibration":"test","block":2,"seed":33,"numerosity":121,"matchType":"paired","which":"second","trial_type":"numerosity-estimation","trial_index":46,"time_elapsed":189374,"subject_id":"76388"},{"rt":2683,"stimulus":35,"slider_start":100,"sprites":"buttons","response":90,"absDeviation":12,"callibration":"test","block":2,"seed":35,"numerosity":78,"matchType":"unpaired","which":"first","trial_type":"numerosity-estimation","trial_index":47,"time_elapsed":192060,"subject_id":"76388"},{"rt":2650,"stimulus":36,"slider_start":100,"sprites":"animalCrackers","response":64,"absDeviation":14,"callibration":"test","block":2,"seed":36,"numerosity":50,"matchType":"unpaired","which":"first","trial_type":"numerosity-estimation","trial_index":48,"time_elapsed":194713,"subject_id":"76388"},{"rt":2707,"stimulus":37,"slider_start":100,"sprites":"letters","response":94,"absDeviation":41,"callibration":"test","block":2,"seed":37,"numerosity":135,"matchType":"paired","which":"first","trial_type":"numerosity-estimation","trial_index":49,"time_elapsed":197423,"subject_id":"76388"},{"rt":2961,"stimulus":37,"slider_start":100,"sprites":"letters","response":104,"absDeviation":31,"callibration":"test","block":2,"seed":37,"numerosity":135,"matchType":"paired","which":"second","trial_type":"numerosity-estimation","trial_index":50,"time_elapsed":200387,"subject_id":"76388"},{"rt":3940,"stimulus":39,"slider_start":100,"sprites":"hearts","response":83,"absDeviation":5,"callibration":"test","block":2,"seed":39,"numerosity":78,"matchType":"unpaired","which":"first","trial_type":"numerosity-estimation","trial_index":51,"time_elapsed":204330,"subject_id":"76388"},{"rt":2348,"stimulus":40,"slider_start":100,"sprites":"crackers","response":122,"absDeviation":1,"callibration":"test","block":2,"seed":40,"numerosity":121,"matchType":"unpaired","which":"first","trial_type":"numerosity-estimation","trial_index":52,"time_elapsed":206681,"subject_id":"76388"},{"rt":2838,"stimulus":41,"slider_start":100,"sprites":"bears","response":64,"absDeviation":14,"callibration":"test","block":2,"seed":41,"numerosity":50,"matchType":"paired","which":"first","trial_type":"numerosity-estimation","trial_index":53,"time_elapsed":209522,"subject_id":"76388"},{"rt":3212,"stimulus":41,"slider_start":100,"sprites":"bears","response":49,"absDeviation":1,"callibration":"test","block":2,"seed":41,"numerosity":50,"matchType":"paired","which":"second","trial_type":"numerosity-estimation","trial_index":54,"time_elapsed":212737,"subject_id":"76388"},{"rt":3736,"stimulus":43,"slider_start":100,"sprites":"jellyBeans","response":81,"absDeviation":17,"callibration":"test","block":2,"seed":43,"numerosity":64,"matchType":"unpaired","which":"first","trial_type":"numerosity-estimation","trial_index":55,"time_elapsed":216476,"subject_id":"76388"},{"rt":2618,"stimulus":44,"slider_start":100,"sprites":"marbles","response":104,"absDeviation":17,"callibration":"test","block":2,"seed":44,"numerosity":121,"matchType":"unpaired","which":"first","trial_type":"numerosity-estimation","trial_index":56,"time_elapsed":219097,"subject_id":"76388"},{"rt":2128,"stimulus":45,"slider_start":100,"sprites":"mints","response":116,"absDeviation":5,"callibration":"test","block":2,"seed":45,"numerosity":121,"matchType":"paired","which":"first","trial_type":"numerosity-estimation","trial_index":57,"time_elapsed":221228,"subject_id":"76388"},{"rt":2291,"stimulus":45,"slider_start":100,"sprites":"mints","response":118,"absDeviation":3,"callibration":"test","block":2,"seed":45,"numerosity":121,"matchType":"paired","which":"second","trial_type":"numerosity-estimation","trial_index":58,"time_elapsed":223522,"subject_id":"76388"},{"rt":3801,"stimulus":47,"slider_start":100,"sprites":"buttons","response":123,"absDeviation":2,"callibration":"test","block":2,"seed":47,"numerosity":121,"matchType":"unpaired","which":"first","trial_type":"numerosity-estimation","trial_index":59,"time_elapsed":227326,"subject_id":"76388"},{"rt":2675,"stimulus":48,"slider_start":100,"sprites":"animalCrackers","response":90,"absDeviation":45,"callibration":"test","block":2,"seed":48,"numerosity":135,"matchType":"unpaired","which":"first","trial_type":"numerosity-estimation","trial_index":60,"time_elapsed":230004,"subject_id":"76388"},{"rt":2160,"stimulus":"<p> For the last block of trials, the average deviation of your guesses from correct answers was 13.</p>\n     <p>The smaller the deviation the better.  Your deviation was <b> AMAZINGLY good</b>.</p><br>\n       <p>Press any key to continue to the next block of trials</p>","response":" ","trial_type":"html-keyboard-response","trial_index":61,"time_elapsed":232165,"subject_id":"76388"},{"rt":2847,"stimulus":49,"slider_start":100,"sprites":"letters","response":77,"absDeviation":1,"callibration":"test","block":3,"seed":49,"numerosity":78,"matchType":"paired","which":"first","trial_type":"numerosity-estimation","trial_index":62,"time_elapsed":235016,"subject_id":"76388"},{"rt":4291,"stimulus":49,"slider_start":100,"sprites":"letters","response":68,"absDeviation":10,"callibration":"test","block":3,"seed":49,"numerosity":78,"matchType":"paired","which":"second","trial_type":"numerosity-estimation","trial_index":63,"time_elapsed":239310,"subject_id":"76388"},{"rt":2651,"stimulus":51,"slider_start":100,"sprites":"hearts","response":114,"absDeviation":36,"callibration":"test","block":3,"seed":51,"numerosity":150,"matchType":"unpaired","which":"first","trial_type":"numerosity-estimation","trial_index":64,"time_elapsed":241964,"subject_id":"76388"},{"rt":4054,"stimulus":52,"slider_start":100,"sprites":"crackers","response":87,"absDeviation":9,"callibration":"test","block":3,"seed":52,"numerosity":78,"matchType":"unpaired","which":"first","trial_type":"numerosity-estimation","trial_index":65,"time_elapsed":246021,"subject_id":"76388"},{"rt":2593,"stimulus":53,"slider_start":100,"sprites":"bears","response":57,"absDeviation":7,"callibration":"test","block":3,"seed":53,"numerosity":50,"matchType":"paired","which":"first","trial_type":"numerosity-estimation","trial_index":66,"time_elapsed":248617,"subject_id":"76388"},{"rt":3246,"stimulus":53,"slider_start":100,"sprites":"bears","response":79,"absDeviation":29,"callibration":"test","block":3,"seed":53,"numerosity":50,"matchType":"paired","which":"second","trial_type":"numerosity-estimation","trial_index":67,"time_elapsed":251866,"subject_id":"76388"},{"rt":2789,"stimulus":55,"slider_start":100,"sprites":"jellyBeans","response":112,"absDeviation":9,"callibration":"test","block":3,"seed":55,"numerosity":121,"matchType":"unpaired","which":"first","trial_type":"numerosity-estimation","trial_index":68,"time_elapsed":254658,"subject_id":"76388"},{"rt":3238,"stimulus":56,"slider_start":100,"sprites":"marbles","response":92,"absDeviation":28,"callibration":"test","block":3,"seed":56,"numerosity":64,"matchType":"unpaired","which":"first","trial_type":"numerosity-estimation","trial_index":69,"time_elapsed":257898,"subject_id":"76388"},{"rt":2643,"stimulus":57,"slider_start":100,"sprites":"mints","response":66,"absDeviation":2,"callibration":"test","block":3,"seed":57,"numerosity":64,"matchType":"paired","which":"first","trial_type":"numerosity-estimation","trial_index":70,"time_elapsed":260544,"subject_id":"76388"},{"rt":3155,"stimulus":57,"slider_start":100,"sprites":"mints","response":88,"absDeviation":24,"callibration":"test","block":3,"seed":57,"numerosity":64,"matchType":"paired","which":"second","trial_type":"numerosity-estimation","trial_index":71,"time_elapsed":263702,"subject_id":"76388"},{"rt":2446,"stimulus":59,"slider_start":100,"sprites":"buttons","response":120,"absDeviation":15,"callibration":"test","block":3,"seed":59,"numerosity":135,"matchType":"unpaired","which":"first","trial_type":"numerosity-estimation","trial_index":72,"time_elapsed":266151,"subject_id":"76388"},{"rt":2855,"stimulus":60,"slider_start":100,"sprites":"animalCrackers","response":133,"absDeviation":17,"callibration":"test","block":3,"seed":60,"numerosity":150,"matchType":"unpaired","which":"first","trial_type":"numerosity-estimation","trial_index":73,"time_elapsed":269010,"subject_id":"76388"},{"rt":4111,"stimulus":61,"slider_start":100,"sprites":"letters","response":56,"absDeviation":6,"callibration":"test","block":3,"seed":61,"numerosity":50,"matchType":"paired","which":"first","trial_type":"numerosity-estimation","trial_index":74,"time_elapsed":273123,"subject_id":"76388"},{"rt":4544,"stimulus":61,"slider_start":100,"sprites":"letters","response":51,"absDeviation":1,"callibration":"test","block":3,"seed":61,"numerosity":50,"matchType":"paired","which":"second","trial_type":"numerosity-estimation","trial_index":75,"time_elapsed":277671,"subject_id":"76388"},{"rt":3285,"stimulus":63,"slider_start":100,"sprites":"hearts","response":68,"absDeviation":4,"callibration":"test","block":3,"seed":63,"numerosity":64,"matchType":"unpaired","which":"first","trial_type":"numerosity-estimation","trial_index":76,"time_elapsed":280959,"subject_id":"76388"},{"rt":3688,"stimulus":64,"slider_start":100,"sprites":"crackers","response":128,"absDeviation":7,"callibration":"test","block":3,"seed":64,"numerosity":135,"matchType":"unpaired","which":"first","trial_type":"numerosity-estimation","trial_index":77,"time_elapsed":284650,"subject_id":"76388"},{"rt":2165,"stimulus":"<p> For the last block of trials, the average deviation of your guesses from correct answers was 13.</p>\n     <p>The smaller the deviation the better.  Your deviation was <b> AMAZINGLY good</b>.</p><br>\n       <p>Press any key to continue to the next block of trials</p>","response":" ","trial_type":"html-keyboard-response","trial_index":78,"time_elapsed":286817,"subject_id":"76388"},{"rt":3816,"stimulus":65,"slider_start":100,"sprites":"bears","response":110,"absDeviation":3,"callibration":"test","block":4,"seed":65,"numerosity":107,"matchType":"paired","which":"first","trial_type":"numerosity-estimation","trial_index":79,"time_elapsed":290637,"subject_id":"76388"},{"rt":2339,"stimulus":65,"slider_start":100,"sprites":"bears","response":94,"absDeviation":13,"callibration":"test","block":4,"seed":65,"numerosity":107,"matchType":"paired","which":"second","trial_type":"numerosity-estimation","trial_index":80,"time_elapsed":292979,"subject_id":"76388"},{"rt":2511,"stimulus":67,"slider_start":100,"sprites":"jellyBeans","response":91,"absDeviation":16,"callibration":"test","block":4,"seed":67,"numerosity":107,"matchType":"unpaired","which":"first","trial_type":"numerosity-estimation","trial_index":81,"time_elapsed":295494,"subject_id":"76388"},{"rt":2454,"stimulus":68,"slider_start":100,"sprites":"marbles","response":119,"absDeviation":31,"callibration":"test","block":4,"seed":68,"numerosity":150,"matchType":"unpaired","which":"first","trial_type":"numerosity-estimation","trial_index":82,"time_elapsed":297951,"subject_id":"76388"},{"rt":3041,"stimulus":69,"slider_start":100,"sprites":"mints","response":116,"absDeviation":5,"callibration":"test","block":4,"seed":69,"numerosity":121,"matchType":"paired","which":"first","trial_type":"numerosity-estimation","trial_index":83,"time_elapsed":300995,"subject_id":"76388"},{"rt":2300,"stimulus":69,"slider_start":100,"sprites":"mints","response":118,"absDeviation":3,"callibration":"test","block":4,"seed":69,"numerosity":121,"matchType":"paired","which":"second","trial_type":"numerosity-estimation","trial_index":84,"time_elapsed":303299,"subject_id":"76388"},{"rt":2355,"stimulus":71,"slider_start":100,"sprites":"buttons","response":112,"absDeviation":5,"callibration":"test","block":4,"seed":71,"numerosity":107,"matchType":"unpaired","which":"first","trial_type":"numerosity-estimation","trial_index":85,"time_elapsed":305657,"subject_id":"76388"},{"rt":2666,"stimulus":72,"slider_start":100,"sprites":"animalCrackers","response":64,"absDeviation":14,"callibration":"test","block":4,"seed":72,"numerosity":50,"matchType":"unpaired","which":"first","trial_type":"numerosity-estimation","trial_index":86,"time_elapsed":308326,"subject_id":"76388"},{"rt":2716,"stimulus":73,"slider_start":100,"sprites":"letters","response":79,"absDeviation":1,"callibration":"test","block":4,"seed":73,"numerosity":78,"matchType":"paired","which":"first","trial_type":"numerosity-estimation","trial_index":87,"time_elapsed":311045,"subject_id":"76388"},{"rt":3149,"stimulus":73,"slider_start":100,"sprites":"letters","response":75,"absDeviation":3,"callibration":"test","block":4,"seed":73,"numerosity":78,"matchType":"paired","which":"second","trial_type":"numerosity-estimation","trial_index":88,"time_elapsed":314197,"subject_id":"76388"},{"rt":4120,"stimulus":75,"slider_start":100,"sprites":"hearts","response":82,"absDeviation":10,"callibration":"test","block":4,"seed":75,"numerosity":92,"matchType":"unpaired","which":"first","trial_type":"numerosity-estimation","trial_index":89,"time_elapsed":318320,"subject_id":"76388"},{"rt":4773,"stimulus":76,"slider_start":100,"sprites":"crackers","response":78,"absDeviation":14,"callibration":"test","block":4,"seed":76,"numerosity":64,"matchType":"unpaired","which":"first","trial_type":"numerosity-estimation","trial_index":90,"time_elapsed":323096,"subject_id":"76388"},{"rt":3083,"stimulus":77,"slider_start":100,"sprites":"bears","response":113,"absDeviation":22,"callibration":"test","block":4,"seed":77,"numerosity":135,"matchType":"paired","which":"first","trial_type":"numerosity-estimation","trial_index":91,"time_elapsed":326182,"subject_id":"76388"},{"rt":2503,"stimulus":77,"slider_start":100,"sprites":"bears","response":110,"absDeviation":25,"callibration":"test","block":4,"seed":77,"numerosity":135,"matchType":"paired","which":"second","trial_type":"numerosity-estimation","trial_index":92,"time_elapsed":328689,"subject_id":"76388"},{"rt":7648,"stimulus":79,"slider_start":100,"sprites":"jellyBeans","response":59,"absDeviation":9,"callibration":"test","block":4,"seed":79,"numerosity":50,"matchType":"unpaired","which":"first","trial_type":"numerosity-estimation","trial_index":93,"time_elapsed":336340,"subject_id":"76388"},{"rt":4316,"stimulus":80,"slider_start":100,"sprites":"marbles","response":118,"absDeviation":3,"callibration":"test","block":4,"seed":80,"numerosity":121,"matchType":"unpaired","which":"first","trial_type":"numerosity-estimation","trial_index":94,"time_elapsed":340659,"subject_id":"76388"},{"rt":1887,"stimulus":"<p> For the last block of trials, the average deviation of your guesses from correct answers was 11.</p>\n     <p>The smaller the deviation the better.  Your deviation was <b> AMAZINGLY good</b>.</p><br>\n       <p>Press any key to continue to the next block of trials</p>","response":" ","trial_type":"html-keyboard-response","trial_index":95,"time_elapsed":342547,"subject_id":"76388"},{"rt":3447,"stimulus":81,"slider_start":100,"sprites":"mints","response":127,"absDeviation":6,"callibration":"test","block":5,"seed":81,"numerosity":121,"matchType":"paired","which":"first","trial_type":"numerosity-estimation","trial_index":96,"time_elapsed":345998,"subject_id":"76388"},{"rt":2928,"stimulus":81,"slider_start":100,"sprites":"mints","response":119,"absDeviation":2,"callibration":"test","block":5,"seed":81,"numerosity":121,"matchType":"paired","which":"second","trial_type":"numerosity-estimation","trial_index":97,"time_elapsed":348929,"subject_id":"76388"},{"rt":2825,"stimulus":83,"slider_start":100,"sprites":"buttons","response":131,"absDeviation":10,"callibration":"test","block":5,"seed":83,"numerosity":121,"matchType":"unpaired","which":"first","trial_type":"numerosity-estimation","trial_index":98,"time_elapsed":351757,"subject_id":"76388"},{"rt":3072,"stimulus":84,"slider_start":100,"sprites":"animalCrackers","response":44,"absDeviation":6,"callibration":"test","block":5,"seed":84,"numerosity":50,"matchType":"unpaired","which":"first","trial_type":"numerosity-estimation","trial_index":99,"time_elapsed":354831,"subject_id":"76388"},{"rt":3753,"stimulus":85,"slider_start":100,"sprites":"letters","response":63,"absDeviation":1,"callibration":"test","block":5,"seed":85,"numerosity":64,"matchType":"paired","which":"first","trial_type":"numerosity-estimation","trial_index":100,"time_elapsed":358587,"subject_id":"76388"},{"rt":2666,"stimulus":85,"slider_start":100,"sprites":"letters","response":66,"absDeviation":2,"callibration":"test","block":5,"seed":85,"numerosity":64,"matchType":"paired","which":"second","trial_type":"numerosity-estimation","trial_index":101,"time_elapsed":361257,"subject_id":"76388"},{"rt":3508,"stimulus":87,"slider_start":100,"sprites":"hearts","response":67,"absDeviation":17,"callibration":"test","block":5,"seed":87,"numerosity":50,"matchType":"unpaired","which":"first","trial_type":"numerosity-estimation","trial_index":102,"time_elapsed":364768,"subject_id":"76388"},{"rt":3263,"stimulus":88,"slider_start":100,"sprites":"crackers","response":121,"absDeviation":14,"callibration":"test","block":5,"seed":88,"numerosity":135,"matchType":"unpaired","which":"first","trial_type":"numerosity-estimation","trial_index":103,"time_elapsed":368034,"subject_id":"76388"},{"rt":2389,"stimulus":89,"slider_start":100,"sprites":"bears","response":86,"absDeviation":36,"callibration":"test","block":5,"seed":89,"numerosity":50,"matchType":"paired","which":"first","trial_type":"numerosity-estimation","trial_index":104,"time_elapsed":370425,"subject_id":"76388"},{"rt":2772,"stimulus":89,"slider_start":100,"sprites":"bears","response":68,"absDeviation":18,"callibration":"test","block":5,"seed":89,"numerosity":50,"matchType":"paired","which":"second","trial_type":"numerosity-estimation","trial_index":105,"time_elapsed":373201,"subject_id":"76388"},{"rt":3051,"stimulus":91,"slider_start":100,"sprites":"jellyBeans","response":82,"absDeviation":10,"callibration":"test","block":5,"seed":91,"numerosity":92,"matchType":"unpaired","which":"first","trial_type":"numerosity-estimation","trial_index":106,"time_elapsed":376255,"subject_id":"76388"},{"rt":4748,"stimulus":92,"slider_start":100,"sprites":"marbles","response":119,"absDeviation":2,"callibration":"test","block":5,"seed":92,"numerosity":121,"matchType":"unpaired","which":"first","trial_type":"numerosity-estimation","trial_index":107,"time_elapsed":381006,"subject_id":"76388"},{"rt":6235,"stimulus":93,"slider_start":100,"sprites":"mints","response":88,"absDeviation":10,"callibration":"test","block":5,"seed":93,"numerosity":78,"matchType":"paired","which":"first","trial_type":"numerosity-estimation","trial_index":108,"time_elapsed":387243,"subject_id":"76388"},{"rt":2120,"stimulus":93,"slider_start":100,"sprites":"mints","response":96,"absDeviation":18,"callibration":"test","block":5,"seed":93,"numerosity":78,"matchType":"paired","which":"second","trial_type":"numerosity-estimation","trial_index":109,"time_elapsed":389367,"subject_id":"76388"},{"rt":9265,"stimulus":95,"slider_start":100,"sprites":"buttons","response":70,"absDeviation":6,"callibration":"test","block":5,"seed":95,"numerosity":64,"matchType":"unpaired","which":"first","trial_type":"numerosity-estimation","trial_index":110,"time_elapsed":398634,"subject_id":"76388"},{"rt":11229,"stimulus":96,"slider_start":100,"sprites":"animalCrackers","response":91,"absDeviation":1,"callibration":"test","block":5,"seed":96,"numerosity":92,"matchType":"unpaired","which":"first","trial_type":"numerosity-estimation","trial_index":111,"time_elapsed":409866,"subject_id":"76388"},{"rt":5446,"stimulus":"<p> For the last block of trials, the average deviation of your guesses from correct answers was 10.</p>\n     <p>The smaller the deviation the better.  Your deviation was <b> AMAZINGLY good</b>.</p><br>\n       <p>Press any key to continue to the next block of trials</p>","response":" ","trial_type":"html-keyboard-response","trial_index":112,"time_elapsed":415314,"subject_id":"76388"},{"rt":3756,"stimulus":2,"slider_start":100,"sprites":"butterflies","response":121,"absDeviation":14,"callibration":"test","block":6,"seed":2,"numerosity":135,"matchType":"paired","which":"first","trial_type":"numerosity-estimation","trial_index":113,"time_elapsed":419073,"subject_id":"76388"},{"rt":10541,"stimulus":2,"slider_start":100,"sprites":"butterflies","response":95,"absDeviation":40,"callibration":"test","block":6,"seed":2,"numerosity":135,"matchType":"paired","which":"second","trial_type":"numerosity-estimation","trial_index":114,"time_elapsed":429617,"subject_id":"76388"},{"rt":4226,"stimulus":3,"slider_start":100,"sprites":"hearts","response":54,"absDeviation":4,"callibration":"test","block":6,"seed":3,"numerosity":50,"matchType":"unpaired","which":"second","trial_type":"numerosity-estimation","trial_index":115,"time_elapsed":433846,"subject_id":"76388"},{"rt":4013,"stimulus":4,"slider_start":100,"sprites":"crackers","response":109,"absDeviation":2,"callibration":"test","block":6,"seed":4,"numerosity":107,"matchType":"unpaired","which":"second","trial_type":"numerosity-estimation","trial_index":116,"time_elapsed":437863,"subject_id":"76388"},{"rt":2374,"stimulus":6,"slider_start":100,"sprites":"fruits","response":87,"absDeviation":9,"callibration":"test","block":6,"seed":6,"numerosity":78,"matchType":"paired","which":"first","trial_type":"numerosity-estimation","trial_index":117,"time_elapsed":440239,"subject_id":"76388"},{"rt":4863,"stimulus":6,"slider_start":100,"sprites":"fruits","response":76,"absDeviation":2,"callibration":"test","block":6,"seed":6,"numerosity":78,"matchType":"paired","which":"second","trial_type":"numerosity-estimation","trial_index":118,"time_elapsed":445105,"subject_id":"76388"},{"rt":2617,"stimulus":7,"slider_start":100,"sprites":"jellyBeans","response":70,"absDeviation":20,"callibration":"test","block":6,"seed":7,"numerosity":50,"matchType":"unpaired","which":"second","trial_type":"numerosity-estimation","trial_index":119,"time_elapsed":447725,"subject_id":"76388"},{"rt":3345,"stimulus":8,"slider_start":100,"sprites":"marbles","response":90,"absDeviation":2,"callibration":"test","block":6,"seed":8,"numerosity":92,"matchType":"unpaired","which":"second","trial_type":"numerosity-estimation","trial_index":120,"time_elapsed":451073,"subject_id":"76388"},{"rt":4291,"stimulus":10,"slider_start":100,"sprites":"rocks","response":65,"absDeviation":15,"callibration":"test","block":6,"seed":10,"numerosity":50,"matchType":"paired","which":"first","trial_type":"numerosity-estimation","trial_index":121,"time_elapsed":455368,"subject_id":"76388"},{"rt":3712,"stimulus":10,"slider_start":100,"sprites":"rocks","response":54,"absDeviation":4,"callibration":"test","block":6,"seed":10,"numerosity":50,"matchType":"paired","which":"second","trial_type":"numerosity-estimation","trial_index":122,"time_elapsed":459083,"subject_id":"76388"},{"rt":2855,"stimulus":11,"slider_start":100,"sprites":"buttons","response":106,"absDeviation":1,"callibration":"test","block":6,"seed":11,"numerosity":107,"matchType":"unpaired","which":"second","trial_type":"numerosity-estimation","trial_index":123,"time_elapsed":461940,"subject_id":"76388"},{"rt":2756,"stimulus":12,"slider_start":100,"sprites":"animalCrackers","response":81,"absDeviation":11,"callibration":"test","block":6,"seed":12,"numerosity":92,"matchType":"unpaired","which":"second","trial_type":"numerosity-estimation","trial_index":124,"time_elapsed":464699,"subject_id":"76388"},{"rt":2495,"stimulus":14,"slider_start":100,"sprites":"butterflies","response":119,"absDeviation":31,"callibration":"test","block":6,"seed":14,"numerosity":150,"matchType":"paired","which":"first","trial_type":"numerosity-estimation","trial_index":125,"time_elapsed":467197,"subject_id":"76388"},{"rt":4381,"stimulus":14,"slider_start":100,"sprites":"butterflies","response":129,"absDeviation":21,"callibration":"test","block":6,"seed":14,"numerosity":150,"matchType":"paired","which":"second","trial_type":"numerosity-estimation","trial_index":126,"time_elapsed":471581,"subject_id":"76388"},{"rt":2184,"stimulus":15,"slider_start":100,"sprites":"hearts","response":112,"absDeviation":9,"callibration":"test","block":6,"seed":15,"numerosity":121,"matchType":"unpaired","which":"second","trial_type":"numerosity-estimation","trial_index":127,"time_elapsed":473768,"subject_id":"76388"},{"rt":5165,"stimulus":16,"slider_start":100,"sprites":"crackers","response":97,"absDeviation":33,"callibration":"test","block":6,"seed":16,"numerosity":64,"matchType":"unpaired","which":"second","trial_type":"numerosity-estimation","trial_index":128,"time_elapsed":478937,"subject_id":"76388"},{"rt":1479,"stimulus":"<p> For the last block of trials, the average deviation of your guesses from correct answers was 14.</p>\n     <p>The smaller the deviation the better.  Your deviation was <b> AMAZINGLY good</b>.</p><br>\n       <p>Press any key to continue to the next block of trials</p>","response":" ","trial_type":"html-keyboard-response","trial_index":129,"time_elapsed":480417,"subject_id":"76388"},{"rt":3634,"stimulus":18,"slider_start":100,"sprites":"fruits","response":93,"absDeviation":14,"callibration":"test","block":7,"seed":18,"numerosity":107,"matchType":"paired","which":"first","trial_type":"numerosity-estimation","trial_index":130,"time_elapsed":484054,"subject_id":"76388"},{"rt":2512,"stimulus":18,"slider_start":100,"sprites":"fruits","response":101,"absDeviation":6,"callibration":"test","block":7,"seed":18,"numerosity":107,"matchType":"paired","which":"second","trial_type":"numerosity-estimation","trial_index":131,"time_elapsed":486569,"subject_id":"76388"},{"rt":2087,"stimulus":19,"slider_start":100,"sprites":"jellyBeans","response":118,"absDeviation":17,"callibration":"test","block":7,"seed":19,"numerosity":135,"matchType":"unpaired","which":"second","trial_type":"numerosity-estimation","trial_index":132,"time_elapsed":488660,"subject_id":"76388"},{"rt":3524,"stimulus":20,"slider_start":100,"sprites":"marbles","response":89,"absDeviation":11,"callibration":"test","block":7,"seed":20,"numerosity":78,"matchType":"unpaired","which":"second","trial_type":"numerosity-estimation","trial_index":133,"time_elapsed":492187,"subject_id":"76388"},{"rt":2926,"stimulus":22,"slider_start":100,"sprites":"rocks","response":116,"absDeviation":24,"callibration":"test","block":7,"seed":22,"numerosity":92,"matchType":"paired","which":"first","trial_type":"numerosity-estimation","trial_index":134,"time_elapsed":495117,"subject_id":"76388"},{"rt":2258,"stimulus":22,"slider_start":100,"sprites":"rocks","response":116,"absDeviation":24,"callibration":"test","block":7,"seed":22,"numerosity":92,"matchType":"paired","which":"second","trial_type":"numerosity-estimation","trial_index":135,"time_elapsed":497378,"subject_id":"76388"},{"rt":3475,"stimulus":23,"slider_start":100,"sprites":"buttons","response":140,"absDeviation":10,"callibration":"test","block":7,"seed":23,"numerosity":150,"matchType":"unpaired","which":"second","trial_type":"numerosity-estimation","trial_index":136,"time_elapsed":500856,"subject_id":"76388"},{"rt":2275,"stimulus":24,"slider_start":100,"sprites":"animalCrackers","response":125,"absDeviation":18,"callibration":"test","block":7,"seed":24,"numerosity":107,"matchType":"unpaired","which":"second","trial_type":"numerosity-estimation","trial_index":137,"time_elapsed":503134,"subject_id":"76388"},{"rt":3899,"stimulus":26,"slider_start":100,"sprites":"butterflies","response":75,"absDeviation":17,"callibration":"test","block":7,"seed":26,"numerosity":92,"matchType":"paired","which":"first","trial_type":"numerosity-estimation","trial_index":138,"time_elapsed":507037,"subject_id":"76388"},{"rt":2960,"stimulus":26,"slider_start":100,"sprites":"butterflies","response":86,"absDeviation":6,"callibration":"test","block":7,"seed":26,"numerosity":92,"matchType":"paired","which":"second","trial_type":"numerosity-estimation","trial_index":139,"time_elapsed":510000,"subject_id":"76388"},{"rt":2789,"stimulus":27,"slider_start":100,"sprites":"hearts","response":113,"absDeviation":8,"callibration":"test","block":7,"seed":27,"numerosity":121,"matchType":"unpaired","which":"second","trial_type":"numerosity-estimation","trial_index":140,"time_elapsed":512792,"subject_id":"76388"},{"rt":2315,"stimulus":28,"slider_start":100,"sprites":"crackers","response":122,"absDeviation":28,"callibration":"test","block":7,"seed":28,"numerosity":150,"matchType":"unpaired","which":"second","trial_type":"numerosity-estimation","trial_index":141,"time_elapsed":515110,"subject_id":"76388"},{"rt":3703,"stimulus":30,"slider_start":100,"sprites":"fruits","response":96,"absDeviation":11,"callibration":"test","block":7,"seed":30,"numerosity":107,"matchType":"paired","which":"first","trial_type":"numerosity-estimation","trial_index":142,"time_elapsed":518816,"subject_id":"76388"},{"rt":2806,"stimulus":30,"slider_start":100,"sprites":"fruits","response":81,"absDeviation":26,"callibration":"test","block":7,"seed":30,"numerosity":107,"matchType":"paired","which":"second","trial_type":"numerosity-estimation","trial_index":143,"time_elapsed":521626,"subject_id":"76388"},{"rt":3728,"stimulus":31,"slider_start":100,"sprites":"jellyBeans","response":115,"absDeviation":35,"callibration":"test","block":7,"seed":31,"numerosity":150,"matchType":"unpaired","which":"second","trial_type":"numerosity-estimation","trial_index":144,"time_elapsed":525357,"subject_id":"76388"},{"rt":4176,"stimulus":32,"slider_start":100,"sprites":"marbles","response":93,"absDeviation":42,"callibration":"test","block":7,"seed":32,"numerosity":135,"matchType":"unpaired","which":"second","trial_type":"numerosity-estimation","trial_index":145,"time_elapsed":529536,"subject_id":"76388"},{"rt":1142,"stimulus":"<p> For the last block of trials, the average deviation of your guesses from correct answers was 19.</p>\n     <p>The smaller the deviation the better.  Your deviation was <b> VERY good</b>.</p><br>\n       <p>Press any key to continue to the next block of trials</p>","response":" ","trial_type":"html-keyboard-response","trial_index":146,"time_elapsed":530681,"subject_id":"76388"},{"rt":5253,"stimulus":34,"slider_start":100,"sprites":"rocks","response":69,"absDeviation":19,"callibration":"test","block":8,"seed":34,"numerosity":50,"matchType":"paired","which":"first","trial_type":"numerosity-estimation","trial_index":147,"time_elapsed":535936,"subject_id":"76388"},{"rt":3557,"stimulus":34,"slider_start":100,"sprites":"rocks","response":61,"absDeviation":11,"callibration":"test","block":8,"seed":34,"numerosity":50,"matchType":"paired","which":"second","trial_type":"numerosity-estimation","trial_index":148,"time_elapsed":539496,"subject_id":"76388"},{"rt":2863,"stimulus":35,"slider_start":100,"sprites":"buttons","response":84,"absDeviation":6,"callibration":"test","block":8,"seed":35,"numerosity":78,"matchType":"unpaired","which":"second","trial_type":"numerosity-estimation","trial_index":149,"time_elapsed":542362,"subject_id":"76388"},{"rt":3337,"stimulus":36,"slider_start":100,"sprites":"animalCrackers","response":61,"absDeviation":11,"callibration":"test","block":8,"seed":36,"numerosity":50,"matchType":"unpaired","which":"second","trial_type":"numerosity-estimation","trial_index":150,"time_elapsed":545702,"subject_id":"76388"},{"rt":2725,"stimulus":38,"slider_start":100,"sprites":"butterflies","response":74,"absDeviation":4,"callibration":"test","block":8,"seed":38,"numerosity":78,"matchType":"paired","which":"first","trial_type":"numerosity-estimation","trial_index":151,"time_elapsed":548429,"subject_id":"76388"},{"rt":4175,"stimulus":38,"slider_start":100,"sprites":"butterflies","response":58,"absDeviation":20,"callibration":"test","block":8,"seed":38,"numerosity":78,"matchType":"paired","which":"second","trial_type":"numerosity-estimation","trial_index":152,"time_elapsed":552608,"subject_id":"76388"},{"rt":2731,"stimulus":39,"slider_start":100,"sprites":"hearts","response":63,"absDeviation":15,"callibration":"test","block":8,"seed":39,"numerosity":78,"matchType":"unpaired","which":"second","trial_type":"numerosity-estimation","trial_index":153,"time_elapsed":555342,"subject_id":"76388"},{"rt":3639,"stimulus":40,"slider_start":100,"sprites":"crackers","response":103,"absDeviation":18,"callibration":"test","block":8,"seed":40,"numerosity":121,"matchType":"unpaired","which":"second","trial_type":"numerosity-estimation","trial_index":154,"time_elapsed":558984,"subject_id":"76388"},{"rt":7760,"stimulus":42,"slider_start":100,"sprites":"fruits","response":82,"absDeviation":4,"callibration":"test","block":8,"seed":42,"numerosity":78,"matchType":"paired","which":"first","trial_type":"numerosity-estimation","trial_index":155,"time_elapsed":566747,"subject_id":"76388"},{"rt":2635,"stimulus":42,"slider_start":100,"sprites":"fruits","response":77,"absDeviation":1,"callibration":"test","block":8,"seed":42,"numerosity":78,"matchType":"paired","which":"second","trial_type":"numerosity-estimation","trial_index":156,"time_elapsed":569385,"subject_id":"76388"},{"rt":2805,"stimulus":43,"slider_start":100,"sprites":"jellyBeans","response":72,"absDeviation":8,"callibration":"test","block":8,"seed":43,"numerosity":64,"matchType":"unpaired","which":"second","trial_type":"numerosity-estimation","trial_index":157,"time_elapsed":572193,"subject_id":"76388"},{"rt":3117,"stimulus":44,"slider_start":100,"sprites":"marbles","response":92,"absDeviation":29,"callibration":"test","block":8,"seed":44,"numerosity":121,"matchType":"unpaired","which":"second","trial_type":"numerosity-estimation","trial_index":158,"time_elapsed":575312,"subject_id":"76388"},{"rt":2307,"stimulus":46,"slider_start":100,"sprites":"rocks","response":113,"absDeviation":6,"callibration":"test","block":8,"seed":46,"numerosity":107,"matchType":"paired","which":"first","trial_type":"numerosity-estimation","trial_index":159,"time_elapsed":577622,"subject_id":"76388"},{"rt":2267,"stimulus":46,"slider_start":100,"sprites":"rocks","response":108,"absDeviation":1,"callibration":"test","block":8,"seed":46,"numerosity":107,"matchType":"paired","which":"second","trial_type":"numerosity-estimation","trial_index":160,"time_elapsed":579893,"subject_id":"76388"},{"rt":2731,"stimulus":47,"slider_start":100,"sprites":"buttons","response":96,"absDeviation":25,"callibration":"test","block":8,"seed":47,"numerosity":121,"matchType":"unpaired","which":"second","trial_type":"numerosity-estimation","trial_index":161,"time_elapsed":582627,"subject_id":"76388"},{"rt":2740,"stimulus":48,"slider_start":100,"sprites":"animalCrackers","response":108,"absDeviation":27,"callibration":"test","block":8,"seed":48,"numerosity":135,"matchType":"unpaired","which":"second","trial_type":"numerosity-estimation","trial_index":162,"time_elapsed":585371,"subject_id":"76388"},{"rt":1238,"stimulus":"<p> For the last block of trials, the average deviation of your guesses from correct answers was 13.</p>\n     <p>The smaller the deviation the better.  Your deviation was <b> AMAZINGLY good</b>.</p><br>\n       <p>Press any key to continue to the next block of trials</p>","response":" ","trial_type":"html-keyboard-response","trial_index":163,"time_elapsed":586611,"subject_id":"76388"},{"rt":3500,"stimulus":50,"slider_start":100,"sprites":"butterflies","response":112,"absDeviation":38,"callibration":"test","block":9,"seed":50,"numerosity":150,"matchType":"paired","which":"first","trial_type":"numerosity-estimation","trial_index":164,"time_elapsed":590114,"subject_id":"76388"},{"rt":3141,"stimulus":50,"slider_start":100,"sprites":"butterflies","response":115,"absDeviation":35,"callibration":"test","block":9,"seed":50,"numerosity":150,"matchType":"paired","which":"second","trial_type":"numerosity-estimation","trial_index":165,"time_elapsed":593258,"subject_id":"76388"},{"rt":2927,"stimulus":51,"slider_start":100,"sprites":"hearts","response":118,"absDeviation":32,"callibration":"test","block":9,"seed":51,"numerosity":150,"matchType":"unpaired","which":"second","trial_type":"numerosity-estimation","trial_index":166,"time_elapsed":596187,"subject_id":"76388"},{"rt":3615,"stimulus":52,"slider_start":100,"sprites":"crackers","response":78,"absDeviation":0,"callibration":"test","block":9,"seed":52,"numerosity":78,"matchType":"unpaired","which":"second","trial_type":"numerosity-estimation","trial_index":167,"time_elapsed":599805,"subject_id":"76388"},{"rt":7257,"stimulus":54,"slider_start":100,"sprites":"fruits","response":74,"absDeviation":18,"callibration":"test","block":9,"seed":54,"numerosity":92,"matchType":"paired","which":"first","trial_type":"numerosity-estimation","trial_index":168,"time_elapsed":607065,"subject_id":"76388"},{"rt":2568,"stimulus":54,"slider_start":100,"sprites":"fruits","response":73,"absDeviation":19,"callibration":"test","block":9,"seed":54,"numerosity":92,"matchType":"paired","which":"second","trial_type":"numerosity-estimation","trial_index":169,"time_elapsed":609637,"subject_id":"76388"},{"rt":4121,"stimulus":55,"slider_start":100,"sprites":"jellyBeans","response":96,"absDeviation":25,"callibration":"test","block":9,"seed":55,"numerosity":121,"matchType":"unpaired","which":"second","trial_type":"numerosity-estimation","trial_index":170,"time_elapsed":613760,"subject_id":"76388"},{"rt":3841,"stimulus":56,"slider_start":100,"sprites":"marbles","response":55,"absDeviation":9,"callibration":"test","block":9,"seed":56,"numerosity":64,"matchType":"unpaired","which":"second","trial_type":"numerosity-estimation","trial_index":171,"time_elapsed":617605,"subject_id":"76388"},{"rt":3132,"stimulus":58,"slider_start":100,"sprites":"rocks","response":109,"absDeviation":12,"callibration":"test","block":9,"seed":58,"numerosity":121,"matchType":"paired","which":"first","trial_type":"numerosity-estimation","trial_index":172,"time_elapsed":620740,"subject_id":"76388"},{"rt":3344,"stimulus":58,"slider_start":100,"sprites":"rocks","response":103,"absDeviation":18,"callibration":"test","block":9,"seed":58,"numerosity":121,"matchType":"paired","which":"second","trial_type":"numerosity-estimation","trial_index":173,"time_elapsed":624087,"subject_id":"76388"},{"rt":2388,"stimulus":59,"slider_start":100,"sprites":"buttons","response":113,"absDeviation":22,"callibration":"test","block":9,"seed":59,"numerosity":135,"matchType":"unpaired","which":"second","trial_type":"numerosity-estimation","trial_index":174,"time_elapsed":626479,"subject_id":"76388"},{"rt":2601,"stimulus":60,"slider_start":100,"sprites":"animalCrackers","response":119,"absDeviation":31,"callibration":"test","block":9,"seed":60,"numerosity":150,"matchType":"unpaired","which":"second","trial_type":"numerosity-estimation","trial_index":175,"time_elapsed":629084,"subject_id":"76388"},{"rt":3067,"stimulus":62,"slider_start":100,"sprites":"butterflies","response":91,"absDeviation":44,"callibration":"test","block":9,"seed":62,"numerosity":135,"matchType":"paired","which":"first","trial_type":"numerosity-estimation","trial_index":176,"time_elapsed":632154,"subject_id":"76388"},{"rt":2365,"stimulus":62,"slider_start":100,"sprites":"butterflies","response":103,"absDeviation":32,"callibration":"test","block":9,"seed":62,"numerosity":135,"matchType":"paired","which":"second","trial_type":"numerosity-estimation","trial_index":177,"time_elapsed":634522,"subject_id":"76388"},{"rt":2200,"stimulus":63,"slider_start":100,"sprites":"hearts","response":68,"absDeviation":4,"callibration":"test","block":9,"seed":63,"numerosity":64,"matchType":"unpaired","which":"second","trial_type":"numerosity-estimation","trial_index":178,"time_elapsed":636725,"subject_id":"76388"},{"rt":2299,"stimulus":64,"slider_start":100,"sprites":"crackers","response":112,"absDeviation":23,"callibration":"test","block":9,"seed":64,"numerosity":135,"matchType":"unpaired","which":"second","trial_type":"numerosity-estimation","trial_index":179,"time_elapsed":639027,"subject_id":"76388"},{"rt":1854,"stimulus":"<p> For the last block of trials, the average deviation of your guesses from correct answers was 23.</p>\n     <p>The smaller the deviation the better.  Your deviation was <b> VERY good</b>.</p><br>\n       <p>Press any key to continue to the next block of trials</p>","response":" ","trial_type":"html-keyboard-response","trial_index":180,"time_elapsed":640883,"subject_id":"76388"},{"rt":3415,"stimulus":66,"slider_start":100,"sprites":"fruits","response":57,"absDeviation":7,"callibration":"test","block":10,"seed":66,"numerosity":64,"matchType":"paired","which":"first","trial_type":"numerosity-estimation","trial_index":181,"time_elapsed":644301,"subject_id":"76388"},{"rt":2544,"stimulus":66,"slider_start":100,"sprites":"fruits","response":67,"absDeviation":3,"callibration":"test","block":10,"seed":66,"numerosity":64,"matchType":"paired","which":"second","trial_type":"numerosity-estimation","trial_index":182,"time_elapsed":646848,"subject_id":"76388"},{"rt":2038,"stimulus":67,"slider_start":100,"sprites":"jellyBeans","response":93,"absDeviation":14,"callibration":"test","block":10,"seed":67,"numerosity":107,"matchType":"unpaired","which":"second","trial_type":"numerosity-estimation","trial_index":183,"time_elapsed":648889,"subject_id":"76388"},{"rt":2976,"stimulus":68,"slider_start":100,"sprites":"marbles","response":105,"absDeviation":45,"callibration":"test","block":10,"seed":68,"numerosity":150,"matchType":"unpaired","which":"second","trial_type":"numerosity-estimation","trial_index":184,"time_elapsed":651869,"subject_id":"76388"},{"rt":3303,"stimulus":70,"slider_start":100,"sprites":"rocks","response":91,"absDeviation":1,"callibration":"test","block":10,"seed":70,"numerosity":92,"matchType":"paired","which":"first","trial_type":"numerosity-estimation","trial_index":185,"time_elapsed":655175,"subject_id":"76388"},{"rt":2927,"stimulus":70,"slider_start":100,"sprites":"rocks","response":90,"absDeviation":2,"callibration":"test","block":10,"seed":70,"numerosity":92,"matchType":"paired","which":"second","trial_type":"numerosity-estimation","trial_index":186,"time_elapsed":658106,"subject_id":"76388"},{"rt":3401,"stimulus":71,"slider_start":100,"sprites":"buttons","response":93,"absDeviation":14,"callibration":"test","block":10,"seed":71,"numerosity":107,"matchType":"unpaired","which":"second","trial_type":"numerosity-estimation","trial_index":187,"time_elapsed":661511,"subject_id":"76388"},{"rt":2274,"stimulus":72,"slider_start":100,"sprites":"animalCrackers","response":87,"absDeviation":37,"callibration":"test","block":10,"seed":72,"numerosity":50,"matchType":"unpaired","which":"second","trial_type":"numerosity-estimation","trial_index":188,"time_elapsed":663788,"subject_id":"76388"},{"rt":2161,"stimulus":74,"slider_start":100,"sprites":"butterflies","response":74,"absDeviation":10,"callibration":"test","block":10,"seed":74,"numerosity":64,"matchType":"paired","which":"first","trial_type":"numerosity-estimation","trial_index":189,"time_elapsed":665952,"subject_id":"76388"},{"rt":3084,"stimulus":74,"slider_start":100,"sprites":"butterflies","response":83,"absDeviation":19,"callibration":"test","block":10,"seed":74,"numerosity":64,"matchType":"paired","which":"second","trial_type":"numerosity-estimation","trial_index":190,"time_elapsed":669038,"subject_id":"76388"},{"rt":2772,"stimulus":75,"slider_start":100,"sprites":"hearts","response":92,"absDeviation":0,"callibration":"test","block":10,"seed":75,"numerosity":92,"matchType":"unpaired","which":"second","trial_type":"numerosity-estimation","trial_index":191,"time_elapsed":671813,"subject_id":"76388"},{"rt":2291,"stimulus":76,"slider_start":100,"sprites":"crackers","response":78,"absDeviation":14,"callibration":"test","block":10,"seed":76,"numerosity":64,"matchType":"unpaired","which":"second","trial_type":"numerosity-estimation","trial_index":192,"time_elapsed":674107,"subject_id":"76388"},{"rt":2699,"stimulus":78,"slider_start":100,"sprites":"fruits","response":82,"absDeviation":18,"callibration":"test","block":10,"seed":78,"numerosity":64,"matchType":"paired","which":"first","trial_type":"numerosity-estimation","trial_index":193,"time_elapsed":676810,"subject_id":"76388"},{"rt":2625,"stimulus":78,"slider_start":100,"sprites":"fruits","response":78,"absDeviation":14,"callibration":"test","block":10,"seed":78,"numerosity":64,"matchType":"paired","which":"second","trial_type":"numerosity-estimation","trial_index":194,"time_elapsed":679438,"subject_id":"76388"},{"rt":4577,"stimulus":79,"slider_start":100,"sprites":"jellyBeans","response":60,"absDeviation":10,"callibration":"test","block":10,"seed":79,"numerosity":50,"matchType":"unpaired","which":"second","trial_type":"numerosity-estimation","trial_index":195,"time_elapsed":684018,"subject_id":"76388"},{"rt":4029,"stimulus":80,"slider_start":100,"sprites":"marbles","response":96,"absDeviation":25,"callibration":"test","block":10,"seed":80,"numerosity":121,"matchType":"unpaired","which":"second","trial_type":"numerosity-estimation","trial_index":196,"time_elapsed":688051,"subject_id":"76388"},{"rt":1193,"stimulus":"<p> For the last block of trials, the average deviation of your guesses from correct answers was 15.</p>\n     <p>The smaller the deviation the better.  Your deviation was <b> VERY good</b>.</p><br>\n       <p>Press any key to continue to the next block of trials</p>","response":" ","trial_type":"html-keyboard-response","trial_index":197,"time_elapsed":689246,"subject_id":"76388"},{"rt":6239,"stimulus":82,"slider_start":100,"sprites":"rocks","response":79,"absDeviation":15,"callibration":"test","block":11,"seed":82,"numerosity":64,"matchType":"paired","which":"first","trial_type":"numerosity-estimation","trial_index":198,"time_elapsed":695488,"subject_id":"76388"},{"rt":3198,"stimulus":82,"slider_start":100,"sprites":"rocks","response":78,"absDeviation":14,"callibration":"test","block":11,"seed":82,"numerosity":64,"matchType":"paired","which":"second","trial_type":"numerosity-estimation","trial_index":199,"time_elapsed":698689,"subject_id":"76388"},{"rt":2862,"stimulus":83,"slider_start":100,"sprites":"buttons","response":120,"absDeviation":1,"callibration":"test","block":11,"seed":83,"numerosity":121,"matchType":"unpaired","which":"second","trial_type":"numerosity-estimation","trial_index":200,"time_elapsed":701554,"subject_id":"76388"},{"rt":3956,"stimulus":84,"slider_start":100,"sprites":"animalCrackers","response":57,"absDeviation":7,"callibration":"test","block":11,"seed":84,"numerosity":50,"matchType":"unpaired","which":"second","trial_type":"numerosity-estimation","trial_index":201,"time_elapsed":705514,"subject_id":"76388"},{"rt":4120,"stimulus":86,"slider_start":100,"sprites":"butterflies","response":83,"absDeviation":38,"callibration":"test","block":11,"seed":86,"numerosity":121,"matchType":"paired","which":"first","trial_type":"numerosity-estimation","trial_index":202,"time_elapsed":709637,"subject_id":"76388"},{"rt":3482,"stimulus":86,"slider_start":100,"sprites":"butterflies","response":84,"absDeviation":37,"callibration":"test","block":11,"seed":86,"numerosity":121,"matchType":"paired","which":"second","trial_type":"numerosity-estimation","trial_index":203,"time_elapsed":713122,"subject_id":"76388"},{"rt":3026,"stimulus":87,"slider_start":100,"sprites":"hearts","response":63,"absDeviation":13,"callibration":"test","block":11,"seed":87,"numerosity":50,"matchType":"unpaired","which":"second","trial_type":"numerosity-estimation","trial_index":204,"time_elapsed":716151,"subject_id":"76388"},{"rt":3066,"stimulus":88,"slider_start":100,"sprites":"crackers","response":129,"absDeviation":6,"callibration":"test","block":11,"seed":88,"numerosity":135,"matchType":"unpaired","which":"second","trial_type":"numerosity-estimation","trial_index":205,"time_elapsed":719221,"subject_id":"76388"},{"rt":2952,"stimulus":90,"slider_start":100,"sprites":"fruits","response":120,"absDeviation":30,"callibration":"test","block":11,"seed":90,"numerosity":150,"matchType":"paired","which":"first","trial_type":"numerosity-estimation","trial_index":206,"time_elapsed":722176,"subject_id":"76388"},{"rt":2519,"stimulus":90,"slider_start":100,"sprites":"fruits","response":135,"absDeviation":15,"callibration":"test","block":11,"seed":90,"numerosity":150,"matchType":"paired","which":"second","trial_type":"numerosity-estimation","trial_index":207,"time_elapsed":724698,"subject_id":"76388"},{"rt":2879,"stimulus":91,"slider_start":100,"sprites":"jellyBeans","response":91,"absDeviation":1,"callibration":"test","block":11,"seed":91,"numerosity":92,"matchType":"unpaired","which":"second","trial_type":"numerosity-estimation","trial_index":208,"time_elapsed":727579,"subject_id":"76388"},{"rt":2462,"stimulus":92,"slider_start":100,"sprites":"marbles","response":107,"absDeviation":14,"callibration":"test","block":11,"seed":92,"numerosity":121,"matchType":"unpaired","which":"second","trial_type":"numerosity-estimation","trial_index":209,"time_elapsed":730045,"subject_id":"76388"},{"rt":2184,"stimulus":94,"slider_start":100,"sprites":"rocks","response":110,"absDeviation":32,"callibration":"test","block":11,"seed":94,"numerosity":78,"matchType":"paired","which":"first","trial_type":"numerosity-estimation","trial_index":210,"time_elapsed":732232,"subject_id":"76388"},{"rt":3344,"stimulus":94,"slider_start":100,"sprites":"rocks","response":85,"absDeviation":7,"callibration":"test","block":11,"seed":94,"numerosity":78,"matchType":"paired","which":"second","trial_type":"numerosity-estimation","trial_index":211,"time_elapsed":735580,"subject_id":"76388"},{"rt":3997,"stimulus":95,"slider_start":100,"sprites":"buttons","response":89,"absDeviation":25,"callibration":"test","block":11,"seed":95,"numerosity":64,"matchType":"unpaired","which":"second","trial_type":"numerosity-estimation","trial_index":212,"time_elapsed":739580,"subject_id":"76388"},{"rt":3051,"stimulus":96,"slider_start":100,"sprites":"animalCrackers","response":86,"absDeviation":6,"callibration":"test","block":11,"seed":96,"numerosity":92,"matchType":"unpaired","which":"second","trial_type":"numerosity-estimation","trial_index":213,"time_elapsed":742634,"subject_id":"76388"},{"rt":1478,"stimulus":"<p> For the last block of trials, the average deviation of your guesses from correct answers was 16.</p>\n     <p>The smaller the deviation the better.  Your deviation was <b> VERY good</b>.</p><br>\n       <p>Press any key to continue to the next block of trials</p>","response":" ","trial_type":"html-keyboard-response","trial_index":214,"time_elapsed":744113,"subject_id":"76388"},{"rt":16840,"response":{"averageEstimates":"When the two displays occured back-to-back, in immediate succession.","firstOrSecond":"The second time the objects were shown"},"question_order":[0,1],"trial_type":"survey-multi-choice","trial_index":215,"time_elapsed":760957,"subject_id":"76388"}]