[{"rt":4475,"url":"consent.html","trial_type":"external-html","trial_index":0,"time_elapsed":4493,"subject_id":"75992"},{"view_history":[{"page_index":0,"viewing_time":23248}],"rt":23249,"trial_type":"instructions","trial_index":1,"time_elapsed":27743,"subject_id":"75992"},{"rt":8873,"stimulus":0,"slider_start":100,"sprites":"animalCrackers","response":100,"absDeviation":50,"callibration":"callibration","block":-1,"seed":0,"numerosity":50,"matchType":"callibration","which":"first","trial_type":"numerosity-estimation","trial_index":2,"time_elapsed":36625,"subject_id":"75992"},{"rt":11098,"stimulus":1,"slider_start":100,"sprites":"letters","response":71,"absDeviation":7,"callibration":"callibration","block":-1,"seed":1,"numerosity":64,"matchType":"callibration","which":"first","trial_type":"numerosity-estimation","trial_index":3,"time_elapsed":47726,"subject_id":"75992"},{"rt":9646,"stimulus":2,"slider_start":100,"sprites":"butterflies","response":85,"absDeviation":7,"callibration":"callibration","block":-1,"seed":2,"numerosity":78,"matchType":"callibration","which":"first","trial_type":"numerosity-estimation","trial_index":4,"time_elapsed":57375,"subject_id":"75992"},{"rt":9680,"stimulus":3,"slider_start":100,"sprites":"hearts","response":107,"absDeviation":15,"callibration":"callibration","block":-1,"seed":3,"numerosity":92,"matchType":"callibration","which":"first","trial_type":"numerosity-estimation","trial_index":5,"time_elapsed":67058,"subject_id":"75992"},{"rt":10014,"stimulus":4,"slider_start":100,"sprites":"crackers","response":120,"absDeviation":13,"callibration":"callibration","block":-1,"seed":4,"numerosity":107,"matchType":"callibration","which":"first","trial_type":"numerosity-estimation","trial_index":6,"time_elapsed":77074,"subject_id":"75992"},{"rt":11664,"stimulus":5,"slider_start":100,"sprites":"bears","response":110,"absDeviation":11,"callibration":"callibration","block":-1,"seed":5,"numerosity":121,"matchType":"callibration","which":"first","trial_type":"numerosity-estimation","trial_index":7,"time_elapsed":88741,"subject_id":"75992"},{"rt":9865,"stimulus":6,"slider_start":100,"sprites":"fruits","response":133,"absDeviation":2,"callibration":"callibration","block":-1,"seed":6,"numerosity":135,"matchType":"callibration","which":"first","trial_type":"numerosity-estimation","trial_index":8,"time_elapsed":98609,"subject_id":"75992"},{"rt":6380,"stimulus":7,"slider_start":100,"sprites":"jellyBeans","response":143,"absDeviation":7,"callibration":"callibration","block":-1,"seed":7,"numerosity":150,"matchType":"callibration","which":"first","trial_type":"numerosity-estimation","trial_index":9,"time_elapsed":104991,"subject_id":"75992"},{"view_history":[{"page_index":0,"viewing_time":1732}],"rt":1733,"trial_type":"instructions","trial_index":10,"time_elapsed":106725,"subject_id":"75992"},{"rt":9346,"stimulus":1,"slider_start":100,"sprites":"letters","response":110,"absDeviation":18,"callibration":"test","block":0,"seed":1,"numerosity":92,"matchType":"paired","which":"first","trial_type":"numerosity-estimation","trial_index":11,"time_elapsed":116075,"subject_id":"75992"},{"rt":8513,"stimulus":1,"slider_start":100,"sprites":"letters","response":118,"absDeviation":26,"callibration":"test","block":0,"seed":1,"numerosity":92,"matchType":"paired","which":"second","trial_type":"numerosity-estimation","trial_index":12,"time_elapsed":124590,"subject_id":"75992"},{"rt":5615,"stimulus":3,"slider_start":100,"sprites":"hearts","response":46,"absDeviation":4,"callibration":"test","block":0,"seed":3,"numerosity":50,"matchType":"unpaired","which":"first","trial_type":"numerosity-estimation","trial_index":13,"time_elapsed":130207,"subject_id":"75992"},{"rt":7233,"stimulus":4,"slider_start":100,"sprites":"crackers","response":145,"absDeviation":38,"callibration":"test","block":0,"seed":4,"numerosity":107,"matchType":"unpaired","which":"first","trial_type":"numerosity-estimation","trial_index":14,"time_elapsed":137442,"subject_id":"75992"},{"rt":6646,"stimulus":5,"slider_start":100,"sprites":"bears","response":39,"absDeviation":11,"callibration":"test","block":0,"seed":5,"numerosity":50,"matchType":"paired","which":"first","trial_type":"numerosity-estimation","trial_index":15,"time_elapsed":144090,"subject_id":"75992"},{"rt":4898,"stimulus":5,"slider_start":100,"sprites":"bears","response":45,"absDeviation":5,"callibration":"test","block":0,"seed":5,"numerosity":50,"matchType":"paired","which":"second","trial_type":"numerosity-estimation","trial_index":16,"time_elapsed":148990,"subject_id":"75992"},{"rt":8048,"stimulus":7,"slider_start":100,"sprites":"jellyBeans","response":49,"absDeviation":1,"callibration":"test","block":0,"seed":7,"numerosity":50,"matchType":"unpaired","which":"first","trial_type":"numerosity-estimation","trial_index":17,"time_elapsed":157041,"subject_id":"75992"},{"rt":5614,"stimulus":8,"slider_start":100,"sprites":"marbles","response":63,"absDeviation":29,"callibration":"test","block":0,"seed":8,"numerosity":92,"matchType":"unpaired","which":"first","trial_type":"numerosity-estimation","trial_index":18,"time_elapsed":162657,"subject_id":"75992"},{"rt":5630,"stimulus":9,"slider_start":100,"sprites":"mints","response":126,"absDeviation":9,"callibration":"test","block":0,"seed":9,"numerosity":135,"matchType":"paired","which":"first","trial_type":"numerosity-estimation","trial_index":19,"time_elapsed":168290,"subject_id":"75992"},{"rt":5099,"stimulus":9,"slider_start":100,"sprites":"mints","response":136,"absDeviation":1,"callibration":"test","block":0,"seed":9,"numerosity":135,"matchType":"paired","which":"second","trial_type":"numerosity-estimation","trial_index":20,"time_elapsed":173391,"subject_id":"75992"},{"rt":4831,"stimulus":11,"slider_start":100,"sprites":"buttons","response":121,"absDeviation":14,"callibration":"test","block":0,"seed":11,"numerosity":107,"matchType":"unpaired","which":"first","trial_type":"numerosity-estimation","trial_index":21,"time_elapsed":178224,"subject_id":"75992"},{"rt":10813,"stimulus":12,"slider_start":100,"sprites":"animalCrackers","response":80,"absDeviation":12,"callibration":"test","block":0,"seed":12,"numerosity":92,"matchType":"unpaired","which":"first","trial_type":"numerosity-estimation","trial_index":22,"time_elapsed":189040,"subject_id":"75992"},{"rt":5731,"stimulus":13,"slider_start":100,"sprites":"letters","response":72,"absDeviation":35,"callibration":"test","block":0,"seed":13,"numerosity":107,"matchType":"paired","which":"first","trial_type":"numerosity-estimation","trial_index":23,"time_elapsed":194774,"subject_id":"75992"},{"rt":4564,"stimulus":13,"slider_start":100,"sprites":"letters","response":85,"absDeviation":22,"callibration":"test","block":0,"seed":13,"numerosity":107,"matchType":"paired","which":"second","trial_type":"numerosity-estimation","trial_index":24,"time_elapsed":199341,"subject_id":"75992"},{"rt":6215,"stimulus":15,"slider_start":100,"sprites":"hearts","response":115,"absDeviation":6,"callibration":"test","block":0,"seed":15,"numerosity":121,"matchType":"unpaired","which":"first","trial_type":"numerosity-estimation","trial_index":25,"time_elapsed":205557,"subject_id":"75992"},{"rt":4865,"stimulus":16,"slider_start":100,"sprites":"crackers","response":52,"absDeviation":12,"callibration":"test","block":0,"seed":16,"numerosity":64,"matchType":"unpaired","which":"first","trial_type":"numerosity-estimation","trial_index":26,"time_elapsed":210424,"subject_id":"75992"},{"rt":16597,"stimulus":"<p> For the last block of trials, the average deviation of your guesses from correct answers was 15.</p>\n     <p>The smaller the deviation the better.  Your deviation was <b> VERY good</b>.</p><br>\n       <p>Press any key to continue to the next block of trials</p>","response":" ","trial_type":"html-keyboard-response","trial_index":27,"time_elapsed":227025,"subject_id":"75992"},{"rt":6464,"stimulus":17,"slider_start":100,"sprites":"bears","response":72,"absDeviation":20,"callibration":"test","block":1,"seed":17,"numerosity":92,"matchType":"paired","which":"first","trial_type":"numerosity-estimation","trial_index":28,"time_elapsed":233491,"subject_id":"75992"},{"rt":3930,"stimulus":17,"slider_start":100,"sprites":"bears","response":80,"absDeviation":12,"callibration":"test","block":1,"seed":17,"numerosity":92,"matchType":"paired","which":"second","trial_type":"numerosity-estimation","trial_index":29,"time_elapsed":237424,"subject_id":"75992"},{"rt":6231,"stimulus":19,"slider_start":100,"sprites":"jellyBeans","response":121,"absDeviation":14,"callibration":"test","block":1,"seed":19,"numerosity":135,"matchType":"unpaired","which":"first","trial_type":"numerosity-estimation","trial_index":30,"time_elapsed":243657,"subject_id":"75992"},{"rt":5198,"stimulus":20,"slider_start":100,"sprites":"marbles","response":40,"absDeviation":38,"callibration":"test","block":1,"seed":20,"numerosity":78,"matchType":"unpaired","which":"first","trial_type":"numerosity-estimation","trial_index":31,"time_elapsed":248857,"subject_id":"75992"},{"rt":4046,"stimulus":21,"slider_start":100,"sprites":"mints","response":82,"absDeviation":10,"callibration":"test","block":1,"seed":21,"numerosity":92,"matchType":"paired","which":"first","trial_type":"numerosity-estimation","trial_index":32,"time_elapsed":252906,"subject_id":"75992"},{"rt":3032,"stimulus":21,"slider_start":100,"sprites":"mints","response":96,"absDeviation":4,"callibration":"test","block":1,"seed":21,"numerosity":92,"matchType":"paired","which":"second","trial_type":"numerosity-estimation","trial_index":33,"time_elapsed":255940,"subject_id":"75992"},{"rt":5314,"stimulus":23,"slider_start":100,"sprites":"buttons","response":128,"absDeviation":22,"callibration":"test","block":1,"seed":23,"numerosity":150,"matchType":"unpaired","which":"first","trial_type":"numerosity-estimation","trial_index":34,"time_elapsed":261257,"subject_id":"75992"},{"rt":6647,"stimulus":24,"slider_start":100,"sprites":"animalCrackers","response":119,"absDeviation":12,"callibration":"test","block":1,"seed":24,"numerosity":107,"matchType":"unpaired","which":"first","trial_type":"numerosity-estimation","trial_index":35,"time_elapsed":267906,"subject_id":"75992"},{"rt":6000,"stimulus":25,"slider_start":100,"sprites":"letters","response":83,"absDeviation":24,"callibration":"test","block":1,"seed":25,"numerosity":107,"matchType":"paired","which":"first","trial_type":"numerosity-estimation","trial_index":36,"time_elapsed":273906,"subject_id":"75992"},{"rt":5580,"stimulus":25,"slider_start":100,"sprites":"letters","response":89,"absDeviation":18,"callibration":"test","block":1,"seed":25,"numerosity":107,"matchType":"paired","which":"second","trial_type":"numerosity-estimation","trial_index":37,"time_elapsed":279490,"subject_id":"75992"},{"rt":5533,"stimulus":27,"slider_start":100,"sprites":"hearts","response":115,"absDeviation":6,"callibration":"test","block":1,"seed":27,"numerosity":121,"matchType":"unpaired","which":"first","trial_type":"numerosity-estimation","trial_index":38,"time_elapsed":285024,"subject_id":"75992"},{"rt":5129,"stimulus":28,"slider_start":100,"sprites":"crackers","response":143,"absDeviation":7,"callibration":"test","block":1,"seed":28,"numerosity":150,"matchType":"unpaired","which":"first","trial_type":"numerosity-estimation","trial_index":39,"time_elapsed":290156,"subject_id":"75992"},{"rt":7099,"stimulus":29,"slider_start":100,"sprites":"bears","response":60,"absDeviation":4,"callibration":"test","block":1,"seed":29,"numerosity":64,"matchType":"paired","which":"first","trial_type":"numerosity-estimation","trial_index":40,"time_elapsed":297256,"subject_id":"75992"},{"rt":5698,"stimulus":29,"slider_start":100,"sprites":"bears","response":52,"absDeviation":12,"callibration":"test","block":1,"seed":29,"numerosity":64,"matchType":"paired","which":"second","trial_type":"numerosity-estimation","trial_index":41,"time_elapsed":302957,"subject_id":"75992"},{"rt":4931,"stimulus":31,"slider_start":100,"sprites":"jellyBeans","response":124,"absDeviation":26,"callibration":"test","block":1,"seed":31,"numerosity":150,"matchType":"unpaired","which":"first","trial_type":"numerosity-estimation","trial_index":42,"time_elapsed":307890,"subject_id":"75992"},{"rt":4932,"stimulus":32,"slider_start":100,"sprites":"marbles","response":110,"absDeviation":25,"callibration":"test","block":1,"seed":32,"numerosity":135,"matchType":"unpaired","which":"first","trial_type":"numerosity-estimation","trial_index":43,"time_elapsed":312823,"subject_id":"75992"},{"rt":2910,"stimulus":"<p> For the last block of trials, the average deviation of your guesses from correct answers was 16.</p>\n     <p>The smaller the deviation the better.  Your deviation was <b> VERY good</b>.</p><br>\n       <p>Press any key to continue to the next block of trials</p>","response":" ","trial_type":"html-keyboard-response","trial_index":44,"time_elapsed":315735,"subject_id":"75992"},{"rt":6070,"stimulus":33,"slider_start":100,"sprites":"mints","response":120,"absDeviation":1,"callibration":"test","block":2,"seed":33,"numerosity":121,"matchType":"paired","which":"first","trial_type":"numerosity-estimation","trial_index":45,"time_elapsed":321807,"subject_id":"75992"},{"rt":4379,"stimulus":33,"slider_start":100,"sprites":"mints","response":135,"absDeviation":14,"callibration":"test","block":2,"seed":33,"numerosity":121,"matchType":"paired","which":"second","trial_type":"numerosity-estimation","trial_index":46,"time_elapsed":326189,"subject_id":"75992"},{"rt":6416,"stimulus":35,"slider_start":100,"sprites":"buttons","response":74,"absDeviation":4,"callibration":"test","block":2,"seed":35,"numerosity":78,"matchType":"unpaired","which":"first","trial_type":"numerosity-estimation","trial_index":47,"time_elapsed":332606,"subject_id":"75992"},{"rt":3615,"stimulus":36,"slider_start":100,"sprites":"animalCrackers","response":65,"absDeviation":15,"callibration":"test","block":2,"seed":36,"numerosity":50,"matchType":"unpaired","which":"first","trial_type":"numerosity-estimation","trial_index":48,"time_elapsed":336224,"subject_id":"75992"},{"rt":5780,"stimulus":37,"slider_start":100,"sprites":"letters","response":108,"absDeviation":27,"callibration":"test","block":2,"seed":37,"numerosity":135,"matchType":"paired","which":"first","trial_type":"numerosity-estimation","trial_index":49,"time_elapsed":342007,"subject_id":"75992"},{"rt":3813,"stimulus":37,"slider_start":100,"sprites":"letters","response":119,"absDeviation":16,"callibration":"test","block":2,"seed":37,"numerosity":135,"matchType":"paired","which":"second","trial_type":"numerosity-estimation","trial_index":50,"time_elapsed":345823,"subject_id":"75992"},{"rt":4847,"stimulus":39,"slider_start":100,"sprites":"hearts","response":72,"absDeviation":6,"callibration":"test","block":2,"seed":39,"numerosity":78,"matchType":"unpaired","which":"first","trial_type":"numerosity-estimation","trial_index":51,"time_elapsed":350673,"subject_id":"75992"},{"rt":6948,"stimulus":40,"slider_start":100,"sprites":"crackers","response":133,"absDeviation":12,"callibration":"test","block":2,"seed":40,"numerosity":121,"matchType":"unpaired","which":"first","trial_type":"numerosity-estimation","trial_index":52,"time_elapsed":357623,"subject_id":"75992"},{"rt":7332,"stimulus":41,"slider_start":100,"sprites":"bears","response":47,"absDeviation":3,"callibration":"test","block":2,"seed":41,"numerosity":50,"matchType":"paired","which":"first","trial_type":"numerosity-estimation","trial_index":53,"time_elapsed":364957,"subject_id":"75992"},{"rt":4448,"stimulus":41,"slider_start":100,"sprites":"bears","response":34,"absDeviation":16,"callibration":"test","block":2,"seed":41,"numerosity":50,"matchType":"paired","which":"second","trial_type":"numerosity-estimation","trial_index":54,"time_elapsed":369407,"subject_id":"75992"},{"rt":7714,"stimulus":43,"slider_start":100,"sprites":"jellyBeans","response":42,"absDeviation":22,"callibration":"test","block":2,"seed":43,"numerosity":64,"matchType":"unpaired","which":"first","trial_type":"numerosity-estimation","trial_index":55,"time_elapsed":377123,"subject_id":"75992"},{"rt":3648,"stimulus":44,"slider_start":100,"sprites":"marbles","response":90,"absDeviation":31,"callibration":"test","block":2,"seed":44,"numerosity":121,"matchType":"unpaired","which":"first","trial_type":"numerosity-estimation","trial_index":56,"time_elapsed":380773,"subject_id":"75992"},{"rt":4464,"stimulus":45,"slider_start":100,"sprites":"mints","response":110,"absDeviation":11,"callibration":"test","block":2,"seed":45,"numerosity":121,"matchType":"paired","which":"first","trial_type":"numerosity-estimation","trial_index":57,"time_elapsed":385239,"subject_id":"75992"},{"rt":4349,"stimulus":45,"slider_start":100,"sprites":"mints","response":124,"absDeviation":3,"callibration":"test","block":2,"seed":45,"numerosity":121,"matchType":"paired","which":"second","trial_type":"numerosity-estimation","trial_index":58,"time_elapsed":389590,"subject_id":"75992"},{"rt":4115,"stimulus":47,"slider_start":100,"sprites":"buttons","response":132,"absDeviation":11,"callibration":"test","block":2,"seed":47,"numerosity":121,"matchType":"unpaired","which":"first","trial_type":"numerosity-estimation","trial_index":59,"time_elapsed":393706,"subject_id":"75992"},{"rt":3664,"stimulus":48,"slider_start":100,"sprites":"animalCrackers","response":131,"absDeviation":4,"callibration":"test","block":2,"seed":48,"numerosity":135,"matchType":"unpaired","which":"first","trial_type":"numerosity-estimation","trial_index":60,"time_elapsed":397373,"subject_id":"75992"},{"rt":3506,"stimulus":"<p> For the last block of trials, the average deviation of your guesses from correct answers was 12.</p>\n     <p>The smaller the deviation the better.  Your deviation was <b> AMAZINGLY good</b>.</p><br>\n       <p>Press any key to continue to the next block of trials</p>","response":" ","trial_type":"html-keyboard-response","trial_index":61,"time_elapsed":400879,"subject_id":"75992"},{"rt":4407,"stimulus":49,"slider_start":100,"sprites":"letters","response":68,"absDeviation":10,"callibration":"test","block":3,"seed":49,"numerosity":78,"matchType":"paired","which":"first","trial_type":"numerosity-estimation","trial_index":62,"time_elapsed":405289,"subject_id":"75992"},{"rt":5565,"stimulus":49,"slider_start":100,"sprites":"letters","response":65,"absDeviation":13,"callibration":"test","block":3,"seed":49,"numerosity":78,"matchType":"paired","which":"second","trial_type":"numerosity-estimation","trial_index":63,"time_elapsed":410857,"subject_id":"75992"},{"rt":6113,"stimulus":51,"slider_start":100,"sprites":"hearts","response":131,"absDeviation":19,"callibration":"test","block":3,"seed":51,"numerosity":150,"matchType":"unpaired","which":"first","trial_type":"numerosity-estimation","trial_index":64,"time_elapsed":416973,"subject_id":"75992"},{"rt":4131,"stimulus":52,"slider_start":100,"sprites":"crackers","response":93,"absDeviation":15,"callibration":"test","block":3,"seed":52,"numerosity":78,"matchType":"unpaired","which":"first","trial_type":"numerosity-estimation","trial_index":65,"time_elapsed":421106,"subject_id":"75992"},{"rt":5080,"stimulus":53,"slider_start":100,"sprites":"bears","response":46,"absDeviation":4,"callibration":"test","block":3,"seed":53,"numerosity":50,"matchType":"paired","which":"first","trial_type":"numerosity-estimation","trial_index":66,"time_elapsed":426190,"subject_id":"75992"},{"rt":4247,"stimulus":53,"slider_start":100,"sprites":"bears","response":46,"absDeviation":4,"callibration":"test","block":3,"seed":53,"numerosity":50,"matchType":"paired","which":"second","trial_type":"numerosity-estimation","trial_index":67,"time_elapsed":430440,"subject_id":"75992"},{"rt":4030,"stimulus":55,"slider_start":100,"sprites":"jellyBeans","response":115,"absDeviation":6,"callibration":"test","block":3,"seed":55,"numerosity":121,"matchType":"unpaired","which":"first","trial_type":"numerosity-estimation","trial_index":68,"time_elapsed":434473,"subject_id":"75992"},{"rt":7330,"stimulus":56,"slider_start":100,"sprites":"marbles","response":49,"absDeviation":15,"callibration":"test","block":3,"seed":56,"numerosity":64,"matchType":"unpaired","which":"first","trial_type":"numerosity-estimation","trial_index":69,"time_elapsed":441807,"subject_id":"75992"},{"rt":4463,"stimulus":57,"slider_start":100,"sprites":"mints","response":80,"absDeviation":16,"callibration":"test","block":3,"seed":57,"numerosity":64,"matchType":"paired","which":"first","trial_type":"numerosity-estimation","trial_index":70,"time_elapsed":446273,"subject_id":"75992"},{"rt":3814,"stimulus":57,"slider_start":100,"sprites":"mints","response":92,"absDeviation":28,"callibration":"test","block":3,"seed":57,"numerosity":64,"matchType":"paired","which":"second","trial_type":"numerosity-estimation","trial_index":71,"time_elapsed":450090,"subject_id":"75992"},{"rt":4764,"stimulus":59,"slider_start":100,"sprites":"buttons","response":120,"absDeviation":15,"callibration":"test","block":3,"seed":59,"numerosity":135,"matchType":"unpaired","which":"first","trial_type":"numerosity-estimation","trial_index":72,"time_elapsed":454856,"subject_id":"75992"},{"rt":5665,"stimulus":60,"slider_start":100,"sprites":"animalCrackers","response":133,"absDeviation":17,"callibration":"test","block":3,"seed":60,"numerosity":150,"matchType":"unpaired","which":"first","trial_type":"numerosity-estimation","trial_index":73,"time_elapsed":460523,"subject_id":"75992"},{"rt":6264,"stimulus":61,"slider_start":100,"sprites":"letters","response":54,"absDeviation":4,"callibration":"test","block":3,"seed":61,"numerosity":50,"matchType":"paired","which":"first","trial_type":"numerosity-estimation","trial_index":74,"time_elapsed":466789,"subject_id":"75992"},{"rt":3897,"stimulus":61,"slider_start":100,"sprites":"letters","response":45,"absDeviation":5,"callibration":"test","block":3,"seed":61,"numerosity":50,"matchType":"paired","which":"second","trial_type":"numerosity-estimation","trial_index":75,"time_elapsed":470689,"subject_id":"75992"},{"rt":5481,"stimulus":63,"slider_start":100,"sprites":"hearts","response":64,"absDeviation":0,"callibration":"test","block":3,"seed":63,"numerosity":64,"matchType":"unpaired","which":"first","trial_type":"numerosity-estimation","trial_index":76,"time_elapsed":476173,"subject_id":"75992"},{"rt":3897,"stimulus":64,"slider_start":100,"sprites":"crackers","response":140,"absDeviation":5,"callibration":"test","block":3,"seed":64,"numerosity":135,"matchType":"unpaired","which":"first","trial_type":"numerosity-estimation","trial_index":77,"time_elapsed":480072,"subject_id":"75992"},{"rt":3523,"stimulus":"<p> For the last block of trials, the average deviation of your guesses from correct answers was 11.</p>\n     <p>The smaller the deviation the better.  Your deviation was <b> AMAZINGLY good</b>.</p><br>\n       <p>Press any key to continue to the next block of trials</p>","response":" ","trial_type":"html-keyboard-response","trial_index":78,"time_elapsed":483597,"subject_id":"75992"},{"rt":7073,"stimulus":65,"slider_start":100,"sprites":"bears","response":86,"absDeviation":21,"callibration":"test","block":4,"seed":65,"numerosity":107,"matchType":"paired","which":"first","trial_type":"numerosity-estimation","trial_index":79,"time_elapsed":490673,"subject_id":"75992"},{"rt":3979,"stimulus":65,"slider_start":100,"sprites":"bears","response":91,"absDeviation":16,"callibration":"test","block":4,"seed":65,"numerosity":107,"matchType":"paired","which":"second","trial_type":"numerosity-estimation","trial_index":80,"time_elapsed":494655,"subject_id":"75992"},{"rt":3066,"stimulus":67,"slider_start":100,"sprites":"jellyBeans","response":104,"absDeviation":3,"callibration":"test","block":4,"seed":67,"numerosity":107,"matchType":"unpaired","which":"first","trial_type":"numerosity-estimation","trial_index":81,"time_elapsed":497723,"subject_id":"75992"},{"rt":3763,"stimulus":68,"slider_start":100,"sprites":"marbles","response":113,"absDeviation":37,"callibration":"test","block":4,"seed":68,"numerosity":150,"matchType":"unpaired","which":"first","trial_type":"numerosity-estimation","trial_index":82,"time_elapsed":501489,"subject_id":"75992"},{"rt":3944,"stimulus":69,"slider_start":100,"sprites":"mints","response":138,"absDeviation":17,"callibration":"test","block":4,"seed":69,"numerosity":121,"matchType":"paired","which":"first","trial_type":"numerosity-estimation","trial_index":83,"time_elapsed":505440,"subject_id":"75992"},{"rt":4280,"stimulus":69,"slider_start":100,"sprites":"mints","response":145,"absDeviation":24,"callibration":"test","block":4,"seed":69,"numerosity":121,"matchType":"paired","which":"second","trial_type":"numerosity-estimation","trial_index":84,"time_elapsed":509723,"subject_id":"75992"},{"rt":3964,"stimulus":71,"slider_start":100,"sprites":"buttons","response":121,"absDeviation":14,"callibration":"test","block":4,"seed":71,"numerosity":107,"matchType":"unpaired","which":"first","trial_type":"numerosity-estimation","trial_index":85,"time_elapsed":513689,"subject_id":"75992"},{"rt":6214,"stimulus":72,"slider_start":100,"sprites":"animalCrackers","response":42,"absDeviation":8,"callibration":"test","block":4,"seed":72,"numerosity":50,"matchType":"unpaired","which":"first","trial_type":"numerosity-estimation","trial_index":86,"time_elapsed":519906,"subject_id":"75992"},{"rt":4347,"stimulus":73,"slider_start":100,"sprites":"letters","response":65,"absDeviation":13,"callibration":"test","block":4,"seed":73,"numerosity":78,"matchType":"paired","which":"first","trial_type":"numerosity-estimation","trial_index":87,"time_elapsed":524256,"subject_id":"75992"},{"rt":3664,"stimulus":73,"slider_start":100,"sprites":"letters","response":73,"absDeviation":5,"callibration":"test","block":4,"seed":73,"numerosity":78,"matchType":"paired","which":"second","trial_type":"numerosity-estimation","trial_index":88,"time_elapsed":527923,"subject_id":"75992"},{"rt":4164,"stimulus":75,"slider_start":100,"sprites":"hearts","response":83,"absDeviation":9,"callibration":"test","block":4,"seed":75,"numerosity":92,"matchType":"unpaired","which":"first","trial_type":"numerosity-estimation","trial_index":89,"time_elapsed":532089,"subject_id":"75992"},{"rt":4330,"stimulus":76,"slider_start":100,"sprites":"crackers","response":68,"absDeviation":4,"callibration":"test","block":4,"seed":76,"numerosity":64,"matchType":"unpaired","which":"first","trial_type":"numerosity-estimation","trial_index":90,"time_elapsed":536422,"subject_id":"75992"},{"rt":2964,"stimulus":77,"slider_start":100,"sprites":"bears","response":107,"absDeviation":28,"callibration":"test","block":4,"seed":77,"numerosity":135,"matchType":"paired","which":"first","trial_type":"numerosity-estimation","trial_index":91,"time_elapsed":539389,"subject_id":"75992"},{"rt":4514,"stimulus":77,"slider_start":100,"sprites":"bears","response":114,"absDeviation":21,"callibration":"test","block":4,"seed":77,"numerosity":135,"matchType":"paired","which":"second","trial_type":"numerosity-estimation","trial_index":92,"time_elapsed":543906,"subject_id":"75992"},{"rt":4197,"stimulus":79,"slider_start":100,"sprites":"jellyBeans","response":61,"absDeviation":11,"callibration":"test","block":4,"seed":79,"numerosity":50,"matchType":"unpaired","which":"first","trial_type":"numerosity-estimation","trial_index":93,"time_elapsed":548105,"subject_id":"75992"},{"rt":6148,"stimulus":80,"slider_start":100,"sprites":"marbles","response":96,"absDeviation":25,"callibration":"test","block":4,"seed":80,"numerosity":121,"matchType":"unpaired","which":"first","trial_type":"numerosity-estimation","trial_index":94,"time_elapsed":554256,"subject_id":"75992"},{"rt":1734,"stimulus":"<p> For the last block of trials, the average deviation of your guesses from correct answers was 16.</p>\n     <p>The smaller the deviation the better.  Your deviation was <b> VERY good</b>.</p><br>\n       <p>Press any key to continue to the next block of trials</p>","response":" ","trial_type":"html-keyboard-response","trial_index":95,"time_elapsed":555991,"subject_id":"75992"},{"rt":6542,"stimulus":81,"slider_start":100,"sprites":"mints","response":110,"absDeviation":11,"callibration":"test","block":5,"seed":81,"numerosity":121,"matchType":"paired","which":"first","trial_type":"numerosity-estimation","trial_index":96,"time_elapsed":562539,"subject_id":"75992"},{"rt":3847,"stimulus":81,"slider_start":100,"sprites":"mints","response":124,"absDeviation":3,"callibration":"test","block":5,"seed":81,"numerosity":121,"matchType":"paired","which":"second","trial_type":"numerosity-estimation","trial_index":97,"time_elapsed":566389,"subject_id":"75992"},{"rt":3198,"stimulus":83,"slider_start":100,"sprites":"buttons","response":125,"absDeviation":4,"callibration":"test","block":5,"seed":83,"numerosity":121,"matchType":"unpaired","which":"first","trial_type":"numerosity-estimation","trial_index":98,"time_elapsed":569589,"subject_id":"75992"},{"rt":6764,"stimulus":84,"slider_start":100,"sprites":"animalCrackers","response":48,"absDeviation":2,"callibration":"test","block":5,"seed":84,"numerosity":50,"matchType":"unpaired","which":"first","trial_type":"numerosity-estimation","trial_index":99,"time_elapsed":576356,"subject_id":"75992"},{"rt":3963,"stimulus":85,"slider_start":100,"sprites":"letters","response":56,"absDeviation":8,"callibration":"test","block":5,"seed":85,"numerosity":64,"matchType":"paired","which":"first","trial_type":"numerosity-estimation","trial_index":100,"time_elapsed":580322,"subject_id":"75992"},{"rt":3814,"stimulus":85,"slider_start":100,"sprites":"letters","response":63,"absDeviation":1,"callibration":"test","block":5,"seed":85,"numerosity":64,"matchType":"paired","which":"second","trial_type":"numerosity-estimation","trial_index":101,"time_elapsed":584138,"subject_id":"75992"},{"rt":3949,"stimulus":87,"slider_start":100,"sprites":"hearts","response":72,"absDeviation":22,"callibration":"test","block":5,"seed":87,"numerosity":50,"matchType":"unpaired","which":"first","trial_type":"numerosity-estimation","trial_index":102,"time_elapsed":588089,"subject_id":"75992"},{"rt":5668,"stimulus":88,"slider_start":100,"sprites":"crackers","response":126,"absDeviation":9,"callibration":"test","block":5,"seed":88,"numerosity":135,"matchType":"unpaired","which":"first","trial_type":"numerosity-estimation","trial_index":103,"time_elapsed":593760,"subject_id":"75992"},{"rt":3927,"stimulus":89,"slider_start":100,"sprites":"bears","response":80,"absDeviation":30,"callibration":"test","block":5,"seed":89,"numerosity":50,"matchType":"paired","which":"first","trial_type":"numerosity-estimation","trial_index":104,"time_elapsed":597689,"subject_id":"75992"},{"rt":3414,"stimulus":89,"slider_start":100,"sprites":"bears","response":76,"absDeviation":26,"callibration":"test","block":5,"seed":89,"numerosity":50,"matchType":"paired","which":"second","trial_type":"numerosity-estimation","trial_index":105,"time_elapsed":601106,"subject_id":"75992"},{"rt":4730,"stimulus":91,"slider_start":100,"sprites":"jellyBeans","response":82,"absDeviation":10,"callibration":"test","block":5,"seed":91,"numerosity":92,"matchType":"unpaired","which":"first","trial_type":"numerosity-estimation","trial_index":106,"time_elapsed":605838,"subject_id":"75992"},{"rt":2599,"stimulus":92,"slider_start":100,"sprites":"marbles","response":103,"absDeviation":18,"callibration":"test","block":5,"seed":92,"numerosity":121,"matchType":"unpaired","which":"first","trial_type":"numerosity-estimation","trial_index":107,"time_elapsed":608439,"subject_id":"75992"},{"rt":3430,"stimulus":93,"slider_start":100,"sprites":"mints","response":96,"absDeviation":18,"callibration":"test","block":5,"seed":93,"numerosity":78,"matchType":"paired","which":"first","trial_type":"numerosity-estimation","trial_index":108,"time_elapsed":611872,"subject_id":"75992"},{"rt":4262,"stimulus":93,"slider_start":100,"sprites":"mints","response":88,"absDeviation":10,"callibration":"test","block":5,"seed":93,"numerosity":78,"matchType":"paired","which":"second","trial_type":"numerosity-estimation","trial_index":109,"time_elapsed":616138,"subject_id":"75992"},{"rt":5949,"stimulus":95,"slider_start":100,"sprites":"buttons","response":78,"absDeviation":14,"callibration":"test","block":5,"seed":95,"numerosity":64,"matchType":"unpaired","which":"first","trial_type":"numerosity-estimation","trial_index":110,"time_elapsed":622089,"subject_id":"75992"},{"rt":3064,"stimulus":96,"slider_start":100,"sprites":"animalCrackers","response":94,"absDeviation":2,"callibration":"test","block":5,"seed":96,"numerosity":92,"matchType":"unpaired","which":"first","trial_type":"numerosity-estimation","trial_index":111,"time_elapsed":625155,"subject_id":"75992"},{"rt":1970,"stimulus":"<p> For the last block of trials, the average deviation of your guesses from correct answers was 12.</p>\n     <p>The smaller the deviation the better.  Your deviation was <b> AMAZINGLY good</b>.</p><br>\n       <p>Press any key to continue to the next block of trials</p>","response":" ","trial_type":"html-keyboard-response","trial_index":112,"time_elapsed":627126,"subject_id":"75992"},{"rt":6525,"stimulus":2,"slider_start":100,"sprites":"butterflies","response":92,"absDeviation":43,"callibration":"test","block":6,"seed":2,"numerosity":135,"matchType":"paired","which":"first","trial_type":"numerosity-estimation","trial_index":113,"time_elapsed":633655,"subject_id":"75992"},{"rt":2714,"stimulus":2,"slider_start":100,"sprites":"butterflies","response":101,"absDeviation":34,"callibration":"test","block":6,"seed":2,"numerosity":135,"matchType":"paired","which":"second","trial_type":"numerosity-estimation","trial_index":114,"time_elapsed":636372,"subject_id":"75992"},{"rt":4664,"stimulus":3,"slider_start":100,"sprites":"hearts","response":71,"absDeviation":21,"callibration":"test","block":6,"seed":3,"numerosity":50,"matchType":"unpaired","which":"second","trial_type":"numerosity-estimation","trial_index":115,"time_elapsed":641039,"subject_id":"75992"},{"rt":4964,"stimulus":4,"slider_start":100,"sprites":"crackers","response":131,"absDeviation":24,"callibration":"test","block":6,"seed":4,"numerosity":107,"matchType":"unpaired","which":"second","trial_type":"numerosity-estimation","trial_index":116,"time_elapsed":646005,"subject_id":"75992"},{"rt":4519,"stimulus":6,"slider_start":100,"sprites":"fruits","response":109,"absDeviation":31,"callibration":"test","block":6,"seed":6,"numerosity":78,"matchType":"paired","which":"first","trial_type":"numerosity-estimation","trial_index":117,"time_elapsed":650527,"subject_id":"75992"},{"rt":3209,"stimulus":6,"slider_start":100,"sprites":"fruits","response":120,"absDeviation":42,"callibration":"test","block":6,"seed":6,"numerosity":78,"matchType":"paired","which":"second","trial_type":"numerosity-estimation","trial_index":118,"time_elapsed":653738,"subject_id":"75992"},{"rt":7331,"stimulus":7,"slider_start":100,"sprites":"jellyBeans","response":61,"absDeviation":11,"callibration":"test","block":6,"seed":7,"numerosity":50,"matchType":"unpaired","which":"second","trial_type":"numerosity-estimation","trial_index":119,"time_elapsed":661072,"subject_id":"75992"},{"rt":3947,"stimulus":8,"slider_start":100,"sprites":"marbles","response":81,"absDeviation":11,"callibration":"test","block":6,"seed":8,"numerosity":92,"matchType":"unpaired","which":"second","trial_type":"numerosity-estimation","trial_index":120,"time_elapsed":665022,"subject_id":"75992"},{"rt":4964,"stimulus":10,"slider_start":100,"sprites":"rocks","response":57,"absDeviation":7,"callibration":"test","block":6,"seed":10,"numerosity":50,"matchType":"paired","which":"first","trial_type":"numerosity-estimation","trial_index":121,"time_elapsed":669988,"subject_id":"75992"},{"rt":4433,"stimulus":10,"slider_start":100,"sprites":"rocks","response":65,"absDeviation":15,"callibration":"test","block":6,"seed":10,"numerosity":50,"matchType":"paired","which":"second","trial_type":"numerosity-estimation","trial_index":122,"time_elapsed":674422,"subject_id":"75992"},{"rt":3880,"stimulus":11,"slider_start":100,"sprites":"buttons","response":119,"absDeviation":12,"callibration":"test","block":6,"seed":11,"numerosity":107,"matchType":"unpaired","which":"second","trial_type":"numerosity-estimation","trial_index":123,"time_elapsed":678305,"subject_id":"75992"},{"rt":5678,"stimulus":12,"slider_start":100,"sprites":"animalCrackers","response":129,"absDeviation":37,"callibration":"test","block":6,"seed":12,"numerosity":92,"matchType":"unpaired","which":"second","trial_type":"numerosity-estimation","trial_index":124,"time_elapsed":683988,"subject_id":"75992"},{"rt":5830,"stimulus":14,"slider_start":100,"sprites":"butterflies","response":133,"absDeviation":17,"callibration":"test","block":6,"seed":14,"numerosity":150,"matchType":"paired","which":"first","trial_type":"numerosity-estimation","trial_index":125,"time_elapsed":689821,"subject_id":"75992"},{"rt":3682,"stimulus":14,"slider_start":100,"sprites":"butterflies","response":139,"absDeviation":11,"callibration":"test","block":6,"seed":14,"numerosity":150,"matchType":"paired","which":"second","trial_type":"numerosity-estimation","trial_index":126,"time_elapsed":693504,"subject_id":"75992"},{"rt":3316,"stimulus":15,"slider_start":100,"sprites":"hearts","response":127,"absDeviation":6,"callibration":"test","block":6,"seed":15,"numerosity":121,"matchType":"unpaired","which":"second","trial_type":"numerosity-estimation","trial_index":127,"time_elapsed":696822,"subject_id":"75992"},{"rt":6414,"stimulus":16,"slider_start":100,"sprites":"crackers","response":71,"absDeviation":7,"callibration":"test","block":6,"seed":16,"numerosity":64,"matchType":"unpaired","which":"second","trial_type":"numerosity-estimation","trial_index":128,"time_elapsed":703239,"subject_id":"75992"},{"rt":3225,"stimulus":"<p> For the last block of trials, the average deviation of your guesses from correct answers was 21.</p>\n     <p>The smaller the deviation the better.  Your deviation was <b> VERY good</b>.</p><br>\n       <p>Press any key to continue to the next block of trials</p>","response":" ","trial_type":"html-keyboard-response","trial_index":129,"time_elapsed":706465,"subject_id":"75992"},{"rt":7221,"stimulus":18,"slider_start":100,"sprites":"fruits","response":104,"absDeviation":3,"callibration":"test","block":7,"seed":18,"numerosity":107,"matchType":"paired","which":"first","trial_type":"numerosity-estimation","trial_index":130,"time_elapsed":713689,"subject_id":"75992"},{"rt":3397,"stimulus":18,"slider_start":100,"sprites":"fruits","response":113,"absDeviation":6,"callibration":"test","block":7,"seed":18,"numerosity":107,"matchType":"paired","which":"second","trial_type":"numerosity-estimation","trial_index":131,"time_elapsed":717088,"subject_id":"75992"},{"rt":4548,"stimulus":19,"slider_start":100,"sprites":"jellyBeans","response":118,"absDeviation":17,"callibration":"test","block":7,"seed":19,"numerosity":135,"matchType":"unpaired","which":"second","trial_type":"numerosity-estimation","trial_index":132,"time_elapsed":721639,"subject_id":"75992"},{"rt":3064,"stimulus":20,"slider_start":100,"sprites":"marbles","response":89,"absDeviation":11,"callibration":"test","block":7,"seed":20,"numerosity":78,"matchType":"unpaired","which":"second","trial_type":"numerosity-estimation","trial_index":133,"time_elapsed":724705,"subject_id":"75992"},{"rt":3514,"stimulus":22,"slider_start":100,"sprites":"rocks","response":116,"absDeviation":24,"callibration":"test","block":7,"seed":22,"numerosity":92,"matchType":"paired","which":"first","trial_type":"numerosity-estimation","trial_index":134,"time_elapsed":728222,"subject_id":"75992"},{"rt":3064,"stimulus":22,"slider_start":100,"sprites":"rocks","response":127,"absDeviation":35,"callibration":"test","block":7,"seed":22,"numerosity":92,"matchType":"paired","which":"second","trial_type":"numerosity-estimation","trial_index":135,"time_elapsed":731288,"subject_id":"75992"},{"rt":4580,"stimulus":23,"slider_start":100,"sprites":"buttons","response":137,"absDeviation":13,"callibration":"test","block":7,"seed":23,"numerosity":150,"matchType":"unpaired","which":"second","trial_type":"numerosity-estimation","trial_index":136,"time_elapsed":735871,"subject_id":"75992"},{"rt":3897,"stimulus":24,"slider_start":100,"sprites":"animalCrackers","response":125,"absDeviation":18,"callibration":"test","block":7,"seed":24,"numerosity":107,"matchType":"unpaired","which":"second","trial_type":"numerosity-estimation","trial_index":137,"time_elapsed":739772,"subject_id":"75992"},{"rt":6031,"stimulus":26,"slider_start":100,"sprites":"butterflies","response":88,"absDeviation":4,"callibration":"test","block":7,"seed":26,"numerosity":92,"matchType":"paired","which":"first","trial_type":"numerosity-estimation","trial_index":138,"time_elapsed":745805,"subject_id":"75992"},{"rt":4380,"stimulus":26,"slider_start":100,"sprites":"butterflies","response":77,"absDeviation":15,"callibration":"test","block":7,"seed":26,"numerosity":92,"matchType":"paired","which":"second","trial_type":"numerosity-estimation","trial_index":139,"time_elapsed":750188,"subject_id":"75992"},{"rt":8380,"stimulus":27,"slider_start":100,"sprites":"hearts","response":108,"absDeviation":13,"callibration":"test","block":7,"seed":27,"numerosity":121,"matchType":"unpaired","which":"second","trial_type":"numerosity-estimation","trial_index":140,"time_elapsed":758571,"subject_id":"75992"},{"rt":4031,"stimulus":28,"slider_start":100,"sprites":"crackers","response":137,"absDeviation":13,"callibration":"test","block":7,"seed":28,"numerosity":150,"matchType":"unpaired","which":"second","trial_type":"numerosity-estimation","trial_index":141,"time_elapsed":762605,"subject_id":"75992"},{"rt":3714,"stimulus":30,"slider_start":100,"sprites":"fruits","response":117,"absDeviation":10,"callibration":"test","block":7,"seed":30,"numerosity":107,"matchType":"paired","which":"first","trial_type":"numerosity-estimation","trial_index":142,"time_elapsed":766322,"subject_id":"75992"},{"rt":4064,"stimulus":30,"slider_start":100,"sprites":"fruits","response":132,"absDeviation":25,"callibration":"test","block":7,"seed":30,"numerosity":107,"matchType":"paired","which":"second","trial_type":"numerosity-estimation","trial_index":143,"time_elapsed":770388,"subject_id":"75992"},{"rt":3863,"stimulus":31,"slider_start":100,"sprites":"jellyBeans","response":119,"absDeviation":31,"callibration":"test","block":7,"seed":31,"numerosity":150,"matchType":"unpaired","which":"second","trial_type":"numerosity-estimation","trial_index":144,"time_elapsed":774255,"subject_id":"75992"},{"rt":3964,"stimulus":32,"slider_start":100,"sprites":"marbles","response":107,"absDeviation":28,"callibration":"test","block":7,"seed":32,"numerosity":135,"matchType":"unpaired","which":"second","trial_type":"numerosity-estimation","trial_index":145,"time_elapsed":778221,"subject_id":"75992"},{"rt":998,"stimulus":"<p> For the last block of trials, the average deviation of your guesses from correct answers was 17.</p>\n     <p>The smaller the deviation the better.  Your deviation was <b> VERY good</b>.</p><br>\n       <p>Press any key to continue to the next block of trials</p>","response":" ","trial_type":"html-keyboard-response","trial_index":146,"time_elapsed":779221,"subject_id":"75992"},{"rt":7565,"stimulus":34,"slider_start":100,"sprites":"rocks","response":45,"absDeviation":5,"callibration":"test","block":8,"seed":34,"numerosity":50,"matchType":"paired","which":"first","trial_type":"numerosity-estimation","trial_index":147,"time_elapsed":786788,"subject_id":"75992"},{"rt":4629,"stimulus":34,"slider_start":100,"sprites":"rocks","response":39,"absDeviation":11,"callibration":"test","block":8,"seed":34,"numerosity":50,"matchType":"paired","which":"second","trial_type":"numerosity-estimation","trial_index":148,"time_elapsed":791421,"subject_id":"75992"},{"rt":4382,"stimulus":35,"slider_start":100,"sprites":"buttons","response":72,"absDeviation":6,"callibration":"test","block":8,"seed":35,"numerosity":78,"matchType":"unpaired","which":"second","trial_type":"numerosity-estimation","trial_index":149,"time_elapsed":795805,"subject_id":"75992"},{"rt":4480,"stimulus":36,"slider_start":100,"sprites":"animalCrackers","response":45,"absDeviation":5,"callibration":"test","block":8,"seed":36,"numerosity":50,"matchType":"unpaired","which":"second","trial_type":"numerosity-estimation","trial_index":150,"time_elapsed":800287,"subject_id":"75992"},{"rt":4264,"stimulus":38,"slider_start":100,"sprites":"butterflies","response":53,"absDeviation":25,"callibration":"test","block":8,"seed":38,"numerosity":78,"matchType":"paired","which":"first","trial_type":"numerosity-estimation","trial_index":151,"time_elapsed":804554,"subject_id":"75992"},{"rt":4214,"stimulus":38,"slider_start":100,"sprites":"butterflies","response":55,"absDeviation":23,"callibration":"test","block":8,"seed":38,"numerosity":78,"matchType":"paired","which":"second","trial_type":"numerosity-estimation","trial_index":152,"time_elapsed":808771,"subject_id":"75992"},{"rt":5580,"stimulus":39,"slider_start":100,"sprites":"hearts","response":71,"absDeviation":7,"callibration":"test","block":8,"seed":39,"numerosity":78,"matchType":"unpaired","which":"second","trial_type":"numerosity-estimation","trial_index":153,"time_elapsed":814353,"subject_id":"75992"},{"rt":3633,"stimulus":40,"slider_start":100,"sprites":"crackers","response":123,"absDeviation":2,"callibration":"test","block":8,"seed":40,"numerosity":121,"matchType":"unpaired","which":"second","trial_type":"numerosity-estimation","trial_index":154,"time_elapsed":817988,"subject_id":"75992"},{"rt":4064,"stimulus":42,"slider_start":100,"sprites":"fruits","response":105,"absDeviation":27,"callibration":"test","block":8,"seed":42,"numerosity":78,"matchType":"paired","which":"first","trial_type":"numerosity-estimation","trial_index":155,"time_elapsed":822055,"subject_id":"75992"},{"rt":19597,"stimulus":42,"slider_start":100,"sprites":"fruits","response":110,"absDeviation":32,"callibration":"test","block":8,"seed":42,"numerosity":78,"matchType":"paired","which":"second","trial_type":"numerosity-estimation","trial_index":156,"time_elapsed":841654,"subject_id":"75992"},{"rt":5547,"stimulus":43,"slider_start":100,"sprites":"jellyBeans","response":66,"absDeviation":2,"callibration":"test","block":8,"seed":43,"numerosity":64,"matchType":"unpaired","which":"second","trial_type":"numerosity-estimation","trial_index":157,"time_elapsed":847204,"subject_id":"75992"},{"rt":4464,"stimulus":44,"slider_start":100,"sprites":"marbles","response":95,"absDeviation":26,"callibration":"test","block":8,"seed":44,"numerosity":121,"matchType":"unpaired","which":"second","trial_type":"numerosity-estimation","trial_index":158,"time_elapsed":851671,"subject_id":"75992"},{"rt":4997,"stimulus":46,"slider_start":100,"sprites":"rocks","response":116,"absDeviation":9,"callibration":"test","block":8,"seed":46,"numerosity":107,"matchType":"paired","which":"first","trial_type":"numerosity-estimation","trial_index":159,"time_elapsed":856670,"subject_id":"75992"},{"rt":3365,"stimulus":46,"slider_start":100,"sprites":"rocks","response":127,"absDeviation":20,"callibration":"test","block":8,"seed":46,"numerosity":107,"matchType":"paired","which":"second","trial_type":"numerosity-estimation","trial_index":160,"time_elapsed":860037,"subject_id":"75992"},{"rt":3614,"stimulus":47,"slider_start":100,"sprites":"buttons","response":121,"absDeviation":0,"callibration":"test","block":8,"seed":47,"numerosity":121,"matchType":"unpaired","which":"second","trial_type":"numerosity-estimation","trial_index":161,"time_elapsed":863654,"subject_id":"75992"},{"rt":3965,"stimulus":48,"slider_start":100,"sprites":"animalCrackers","response":130,"absDeviation":5,"callibration":"test","block":8,"seed":48,"numerosity":135,"matchType":"unpaired","which":"second","trial_type":"numerosity-estimation","trial_index":162,"time_elapsed":867621,"subject_id":"75992"},{"rt":2610,"stimulus":"<p> For the last block of trials, the average deviation of your guesses from correct answers was 13.</p>\n     <p>The smaller the deviation the better.  Your deviation was <b> AMAZINGLY good</b>.</p><br>\n       <p>Press any key to continue to the next block of trials</p>","response":" ","trial_type":"html-keyboard-response","trial_index":163,"time_elapsed":870233,"subject_id":"75992"},{"rt":34286,"stimulus":50,"slider_start":100,"sprites":"butterflies","response":105,"absDeviation":45,"callibration":"test","block":9,"seed":50,"numerosity":150,"matchType":"paired","which":"first","trial_type":"numerosity-estimation","trial_index":164,"time_elapsed":904522,"subject_id":"75992"},{"rt":10779,"stimulus":50,"slider_start":100,"sprites":"butterflies","response":80,"absDeviation":70,"callibration":"test","block":9,"seed":50,"numerosity":150,"matchType":"paired","which":"second","trial_type":"numerosity-estimation","trial_index":165,"time_elapsed":915304,"subject_id":"75992"},{"rt":9847,"stimulus":51,"slider_start":100,"sprites":"hearts","response":122,"absDeviation":28,"callibration":"test","block":9,"seed":51,"numerosity":150,"matchType":"unpaired","which":"second","trial_type":"numerosity-estimation","trial_index":166,"time_elapsed":925154,"subject_id":"75992"},{"rt":7981,"stimulus":52,"slider_start":100,"sprites":"crackers","response":89,"absDeviation":11,"callibration":"test","block":9,"seed":52,"numerosity":78,"matchType":"unpaired","which":"second","trial_type":"numerosity-estimation","trial_index":167,"time_elapsed":933137,"subject_id":"75992"},{"rt":10814,"stimulus":54,"slider_start":100,"sprites":"fruits","response":105,"absDeviation":13,"callibration":"test","block":9,"seed":54,"numerosity":92,"matchType":"paired","which":"first","trial_type":"numerosity-estimation","trial_index":168,"time_elapsed":943954,"subject_id":"75992"},{"rt":7481,"stimulus":54,"slider_start":100,"sprites":"fruits","response":100,"absDeviation":8,"callibration":"test","block":9,"seed":54,"numerosity":92,"matchType":"paired","which":"second","trial_type":"numerosity-estimation","trial_index":169,"time_elapsed":951437,"subject_id":"75992"},{"rt":9415,"stimulus":55,"slider_start":100,"sprites":"jellyBeans","response":118,"absDeviation":3,"callibration":"test","block":9,"seed":55,"numerosity":121,"matchType":"unpaired","which":"second","trial_type":"numerosity-estimation","trial_index":170,"time_elapsed":960854,"subject_id":"75992"},{"rt":12764,"stimulus":56,"slider_start":100,"sprites":"marbles","response":38,"absDeviation":26,"callibration":"test","block":9,"seed":56,"numerosity":64,"matchType":"unpaired","which":"second","trial_type":"numerosity-estimation","trial_index":171,"time_elapsed":973621,"subject_id":"75992"},{"rt":10448,"stimulus":58,"slider_start":100,"sprites":"rocks","response":90,"absDeviation":31,"callibration":"test","block":9,"seed":58,"numerosity":121,"matchType":"paired","which":"first","trial_type":"numerosity-estimation","trial_index":172,"time_elapsed":984070,"subject_id":"75992"},{"rt":12198,"stimulus":58,"slider_start":100,"sprites":"rocks","response":124,"absDeviation":3,"callibration":"test","block":9,"seed":58,"numerosity":121,"matchType":"paired","which":"second","trial_type":"numerosity-estimation","trial_index":173,"time_elapsed":996271,"subject_id":"75992"},{"rt":11247,"stimulus":59,"slider_start":100,"sprites":"buttons","response":129,"absDeviation":6,"callibration":"test","block":9,"seed":59,"numerosity":135,"matchType":"unpaired","which":"second","trial_type":"numerosity-estimation","trial_index":174,"time_elapsed":1007520,"subject_id":"75992"},{"rt":7914,"stimulus":60,"slider_start":100,"sprites":"animalCrackers","response":140,"absDeviation":10,"callibration":"test","block":9,"seed":60,"numerosity":150,"matchType":"unpaired","which":"second","trial_type":"numerosity-estimation","trial_index":175,"time_elapsed":1015437,"subject_id":"75992"},{"rt":9565,"stimulus":62,"slider_start":100,"sprites":"butterflies","response":105,"absDeviation":30,"callibration":"test","block":9,"seed":62,"numerosity":135,"matchType":"paired","which":"first","trial_type":"numerosity-estimation","trial_index":176,"time_elapsed":1025003,"subject_id":"75992"},{"rt":9547,"stimulus":62,"slider_start":100,"sprites":"butterflies","response":110,"absDeviation":25,"callibration":"test","block":9,"seed":62,"numerosity":135,"matchType":"paired","which":"second","trial_type":"numerosity-estimation","trial_index":177,"time_elapsed":1034553,"subject_id":"75992"},{"rt":11882,"stimulus":63,"slider_start":100,"sprites":"hearts","response":45,"absDeviation":19,"callibration":"test","block":9,"seed":63,"numerosity":64,"matchType":"unpaired","which":"second","trial_type":"numerosity-estimation","trial_index":178,"time_elapsed":1046436,"subject_id":"75992"},{"rt":9316,"stimulus":64,"slider_start":100,"sprites":"crackers","response":115,"absDeviation":20,"callibration":"test","block":9,"seed":64,"numerosity":135,"matchType":"unpaired","which":"second","trial_type":"numerosity-estimation","trial_index":179,"time_elapsed":1055756,"subject_id":"75992"},{"rt":11703,"stimulus":"<p> For the last block of trials, the average deviation of your guesses from correct answers was 22.</p>\n     <p>The smaller the deviation the better.  Your deviation was <b> VERY good</b>.</p><br>\n       <p>Press any key to continue to the next block of trials</p>","response":" ","trial_type":"html-keyboard-response","trial_index":180,"time_elapsed":1067461,"subject_id":"75992"},{"rt":17660,"stimulus":66,"slider_start":100,"sprites":"fruits","response":71,"absDeviation":7,"callibration":"test","block":10,"seed":66,"numerosity":64,"matchType":"paired","which":"first","trial_type":"numerosity-estimation","trial_index":181,"time_elapsed":1085124,"subject_id":"75992"},{"rt":3316,"stimulus":66,"slider_start":100,"sprites":"fruits","response":82,"absDeviation":18,"callibration":"test","block":10,"seed":66,"numerosity":64,"matchType":"paired","which":"second","trial_type":"numerosity-estimation","trial_index":182,"time_elapsed":1088442,"subject_id":"75992"},{"rt":3330,"stimulus":67,"slider_start":100,"sprites":"jellyBeans","response":98,"absDeviation":9,"callibration":"test","block":10,"seed":67,"numerosity":107,"matchType":"unpaired","which":"second","trial_type":"numerosity-estimation","trial_index":183,"time_elapsed":1091775,"subject_id":"75992"},{"rt":2714,"stimulus":68,"slider_start":100,"sprites":"marbles","response":109,"absDeviation":41,"callibration":"test","block":10,"seed":68,"numerosity":150,"matchType":"unpaired","which":"second","trial_type":"numerosity-estimation","trial_index":184,"time_elapsed":1094492,"subject_id":"75992"},{"rt":3714,"stimulus":70,"slider_start":100,"sprites":"rocks","response":122,"absDeviation":30,"callibration":"test","block":10,"seed":70,"numerosity":92,"matchType":"paired","which":"first","trial_type":"numerosity-estimation","trial_index":185,"time_elapsed":1098209,"subject_id":"75992"},{"rt":3231,"stimulus":70,"slider_start":100,"sprites":"rocks","response":113,"absDeviation":21,"callibration":"test","block":10,"seed":70,"numerosity":92,"matchType":"paired","which":"second","trial_type":"numerosity-estimation","trial_index":186,"time_elapsed":1101442,"subject_id":"75992"},{"rt":2815,"stimulus":71,"slider_start":100,"sprites":"buttons","response":115,"absDeviation":8,"callibration":"test","block":10,"seed":71,"numerosity":107,"matchType":"unpaired","which":"second","trial_type":"numerosity-estimation","trial_index":187,"time_elapsed":1104259,"subject_id":"75992"},{"rt":3379,"stimulus":72,"slider_start":100,"sprites":"animalCrackers","response":58,"absDeviation":8,"callibration":"test","block":10,"seed":72,"numerosity":50,"matchType":"unpaired","which":"second","trial_type":"numerosity-estimation","trial_index":188,"time_elapsed":1107642,"subject_id":"75992"},{"rt":3514,"stimulus":74,"slider_start":100,"sprites":"butterflies","response":43,"absDeviation":21,"callibration":"test","block":10,"seed":74,"numerosity":64,"matchType":"paired","which":"first","trial_type":"numerosity-estimation","trial_index":189,"time_elapsed":1111158,"subject_id":"75992"},{"rt":4082,"stimulus":74,"slider_start":100,"sprites":"butterflies","response":35,"absDeviation":29,"callibration":"test","block":10,"seed":74,"numerosity":64,"matchType":"paired","which":"second","trial_type":"numerosity-estimation","trial_index":190,"time_elapsed":1115241,"subject_id":"75992"},{"rt":5216,"stimulus":75,"slider_start":100,"sprites":"hearts","response":62,"absDeviation":30,"callibration":"test","block":10,"seed":75,"numerosity":92,"matchType":"unpaired","which":"second","trial_type":"numerosity-estimation","trial_index":191,"time_elapsed":1120460,"subject_id":"75992"},{"rt":5429,"stimulus":76,"slider_start":100,"sprites":"crackers","response":68,"absDeviation":4,"callibration":"test","block":10,"seed":76,"numerosity":64,"matchType":"unpaired","which":"second","trial_type":"numerosity-estimation","trial_index":192,"time_elapsed":1125892,"subject_id":"75992"},{"rt":4931,"stimulus":78,"slider_start":100,"sprites":"fruits","response":72,"absDeviation":8,"callibration":"test","block":10,"seed":78,"numerosity":64,"matchType":"paired","which":"first","trial_type":"numerosity-estimation","trial_index":193,"time_elapsed":1130825,"subject_id":"75992"},{"rt":3281,"stimulus":78,"slider_start":100,"sprites":"fruits","response":67,"absDeviation":3,"callibration":"test","block":10,"seed":78,"numerosity":64,"matchType":"paired","which":"second","trial_type":"numerosity-estimation","trial_index":194,"time_elapsed":1134109,"subject_id":"75992"},{"rt":5515,"stimulus":79,"slider_start":100,"sprites":"jellyBeans","response":56,"absDeviation":6,"callibration":"test","block":10,"seed":79,"numerosity":50,"matchType":"unpaired","which":"second","trial_type":"numerosity-estimation","trial_index":195,"time_elapsed":1139626,"subject_id":"75992"},{"rt":5496,"stimulus":80,"slider_start":100,"sprites":"marbles","response":82,"absDeviation":39,"callibration":"test","block":10,"seed":80,"numerosity":121,"matchType":"unpaired","which":"second","trial_type":"numerosity-estimation","trial_index":196,"time_elapsed":1145125,"subject_id":"75992"},{"rt":1054,"stimulus":"<p> For the last block of trials, the average deviation of your guesses from correct answers was 18.</p>\n     <p>The smaller the deviation the better.  Your deviation was <b> VERY good</b>.</p><br>\n       <p>Press any key to continue to the next block of trials</p>","response":" ","trial_type":"html-keyboard-response","trial_index":197,"time_elapsed":1146181,"subject_id":"75992"},{"rt":6492,"stimulus":82,"slider_start":100,"sprites":"rocks","response":74,"absDeviation":10,"callibration":"test","block":11,"seed":82,"numerosity":64,"matchType":"paired","which":"first","trial_type":"numerosity-estimation","trial_index":198,"time_elapsed":1152676,"subject_id":"75992"},{"rt":3031,"stimulus":82,"slider_start":100,"sprites":"rocks","response":73,"absDeviation":9,"callibration":"test","block":11,"seed":82,"numerosity":64,"matchType":"paired","which":"second","trial_type":"numerosity-estimation","trial_index":199,"time_elapsed":1155709,"subject_id":"75992"},{"rt":3064,"stimulus":83,"slider_start":100,"sprites":"buttons","response":111,"absDeviation":10,"callibration":"test","block":11,"seed":83,"numerosity":121,"matchType":"unpaired","which":"second","trial_type":"numerosity-estimation","trial_index":200,"time_elapsed":1158775,"subject_id":"75992"},{"rt":3997,"stimulus":84,"slider_start":100,"sprites":"animalCrackers","response":64,"absDeviation":14,"callibration":"test","block":11,"seed":84,"numerosity":50,"matchType":"unpaired","which":"second","trial_type":"numerosity-estimation","trial_index":201,"time_elapsed":1162775,"subject_id":"75992"},{"rt":3514,"stimulus":86,"slider_start":100,"sprites":"butterflies","response":67,"absDeviation":54,"callibration":"test","block":11,"seed":86,"numerosity":121,"matchType":"paired","which":"first","trial_type":"numerosity-estimation","trial_index":202,"time_elapsed":1166292,"subject_id":"75992"},{"rt":3414,"stimulus":86,"slider_start":100,"sprites":"butterflies","response":72,"absDeviation":49,"callibration":"test","block":11,"seed":86,"numerosity":121,"matchType":"paired","which":"second","trial_type":"numerosity-estimation","trial_index":203,"time_elapsed":1169709,"subject_id":"75992"},{"rt":5714,"stimulus":87,"slider_start":100,"sprites":"hearts","response":46,"absDeviation":4,"callibration":"test","block":11,"seed":87,"numerosity":50,"matchType":"unpaired","which":"second","trial_type":"numerosity-estimation","trial_index":204,"time_elapsed":1175425,"subject_id":"75992"},{"rt":3330,"stimulus":88,"slider_start":100,"sprites":"crackers","response":124,"absDeviation":11,"callibration":"test","block":11,"seed":88,"numerosity":135,"matchType":"unpaired","which":"second","trial_type":"numerosity-estimation","trial_index":205,"time_elapsed":1178758,"subject_id":"75992"},{"rt":3081,"stimulus":90,"slider_start":100,"sprites":"fruits","response":138,"absDeviation":12,"callibration":"test","block":11,"seed":90,"numerosity":150,"matchType":"paired","which":"first","trial_type":"numerosity-estimation","trial_index":206,"time_elapsed":1181842,"subject_id":"75992"},{"rt":4447,"stimulus":90,"slider_start":100,"sprites":"fruits","response":150,"absDeviation":0,"callibration":"test","block":11,"seed":90,"numerosity":150,"matchType":"paired","which":"second","trial_type":"numerosity-estimation","trial_index":207,"time_elapsed":1186292,"subject_id":"75992"},{"rt":3163,"stimulus":91,"slider_start":100,"sprites":"jellyBeans","response":116,"absDeviation":24,"callibration":"test","block":11,"seed":91,"numerosity":92,"matchType":"unpaired","which":"second","trial_type":"numerosity-estimation","trial_index":208,"time_elapsed":1189459,"subject_id":"75992"},{"rt":4546,"stimulus":92,"slider_start":100,"sprites":"marbles","response":106,"absDeviation":15,"callibration":"test","block":11,"seed":92,"numerosity":121,"matchType":"unpaired","which":"second","trial_type":"numerosity-estimation","trial_index":209,"time_elapsed":1194008,"subject_id":"75992"},{"rt":4699,"stimulus":94,"slider_start":100,"sprites":"rocks","response":89,"absDeviation":11,"callibration":"test","block":11,"seed":94,"numerosity":78,"matchType":"paired","which":"first","trial_type":"numerosity-estimation","trial_index":210,"time_elapsed":1198709,"subject_id":"75992"},{"rt":2446,"stimulus":94,"slider_start":100,"sprites":"rocks","response":96,"absDeviation":18,"callibration":"test","block":11,"seed":94,"numerosity":78,"matchType":"paired","which":"second","trial_type":"numerosity-estimation","trial_index":211,"time_elapsed":1201158,"subject_id":"75992"},{"rt":4231,"stimulus":95,"slider_start":100,"sprites":"buttons","response":73,"absDeviation":9,"callibration":"test","block":11,"seed":95,"numerosity":64,"matchType":"unpaired","which":"second","trial_type":"numerosity-estimation","trial_index":212,"time_elapsed":1205392,"subject_id":"75992"},{"rt":3413,"stimulus":96,"slider_start":100,"sprites":"animalCrackers","response":85,"absDeviation":7,"callibration":"test","block":11,"seed":96,"numerosity":92,"matchType":"unpaired","which":"second","trial_type":"numerosity-estimation","trial_index":213,"time_elapsed":1208808,"subject_id":"75992"},{"rt":919,"stimulus":"<p> For the last block of trials, the average deviation of your guesses from correct answers was 16.</p>\n     <p>The smaller the deviation the better.  Your deviation was <b> VERY good</b>.</p><br>\n       <p>Press any key to continue to the next block of trials</p>","response":" ","trial_type":"html-keyboard-response","trial_index":214,"time_elapsed":1209729,"subject_id":"75992"},{"rt":18678,"response":{"averageEstimates":"When the two displays were separated in time.","firstOrSecond":"The second time the objects were shown"},"question_order":[0,1],"trial_type":"survey-multi-choice","trial_index":215,"time_elapsed":1228411,"subject_id":"75992"}]