[{"rt":3858,"url":"consent.html","trial_type":"external-html","trial_index":0,"time_elapsed":3894,"subject_id":"77664"},{"view_history":[{"page_index":0,"viewing_time":17445}],"rt":17445,"trial_type":"instructions","trial_index":1,"time_elapsed":21341,"subject_id":"77664"},{"rt":13528,"stimulus":0,"slider_start":100,"sprites":"animalCrackers","response":98,"absDeviation":48,"callibration":"callibration","block":-1,"seed":0,"numerosity":50,"matchType":"callibration","which":"first","trial_type":"numerosity-estimation","trial_index":2,"time_elapsed":34876,"subject_id":"77664"},{"rt":5293,"stimulus":1,"slider_start":100,"sprites":"letters","response":100,"absDeviation":36,"callibration":"callibration","block":-1,"seed":1,"numerosity":64,"matchType":"callibration","which":"first","trial_type":"numerosity-estimation","trial_index":3,"time_elapsed":40171,"subject_id":"77664"},{"rt":8713,"stimulus":2,"slider_start":100,"sprites":"butterflies","response":100,"absDeviation":22,"callibration":"callibration","block":-1,"seed":2,"numerosity":78,"matchType":"callibration","which":"first","trial_type":"numerosity-estimation","trial_index":4,"time_elapsed":48887,"subject_id":"77664"},{"rt":4034,"stimulus":3,"slider_start":100,"sprites":"hearts","response":100,"absDeviation":8,"callibration":"callibration","block":-1,"seed":3,"numerosity":92,"matchType":"callibration","which":"first","trial_type":"numerosity-estimation","trial_index":5,"time_elapsed":52924,"subject_id":"77664"},{"rt":3674,"stimulus":4,"slider_start":100,"sprites":"crackers","response":100,"absDeviation":7,"callibration":"callibration","block":-1,"seed":4,"numerosity":107,"matchType":"callibration","which":"first","trial_type":"numerosity-estimation","trial_index":6,"time_elapsed":56601,"subject_id":"77664"},{"rt":2988,"stimulus":5,"slider_start":100,"sprites":"bears","response":100,"absDeviation":21,"callibration":"callibration","block":-1,"seed":5,"numerosity":121,"matchType":"callibration","which":"first","trial_type":"numerosity-estimation","trial_index":7,"time_elapsed":59592,"subject_id":"77664"},{"rt":5222,"stimulus":6,"slider_start":100,"sprites":"fruits","response":100,"absDeviation":35,"callibration":"callibration","block":-1,"seed":6,"numerosity":135,"matchType":"callibration","which":"first","trial_type":"numerosity-estimation","trial_index":8,"time_elapsed":64816,"subject_id":"77664"},{"rt":2840,"stimulus":7,"slider_start":100,"sprites":"jellyBeans","response":100,"absDeviation":50,"callibration":"callibration","block":-1,"seed":7,"numerosity":150,"matchType":"callibration","which":"first","trial_type":"numerosity-estimation","trial_index":9,"time_elapsed":67659,"subject_id":"77664"},{"view_history":[{"page_index":0,"viewing_time":1024}],"rt":1025,"trial_type":"instructions","trial_index":10,"time_elapsed":68685,"subject_id":"77664"},{"rt":11160,"stimulus":1,"slider_start":100,"sprites":"letters","response":55,"absDeviation":37,"callibration":"test","block":0,"seed":1,"numerosity":92,"matchType":"paired","which":"first","trial_type":"numerosity-estimation","trial_index":11,"time_elapsed":79848,"subject_id":"77664"},{"rt":6113,"stimulus":1,"slider_start":100,"sprites":"letters","response":65,"absDeviation":27,"callibration":"test","block":0,"seed":1,"numerosity":92,"matchType":"paired","which":"second","trial_type":"numerosity-estimation","trial_index":12,"time_elapsed":85964,"subject_id":"77664"},{"rt":9225,"stimulus":3,"slider_start":100,"sprites":"hearts","response":37,"absDeviation":13,"callibration":"test","block":0,"seed":3,"numerosity":50,"matchType":"unpaired","which":"first","trial_type":"numerosity-estimation","trial_index":13,"time_elapsed":95192,"subject_id":"77664"},{"rt":5690,"stimulus":4,"slider_start":100,"sprites":"crackers","response":75,"absDeviation":32,"callibration":"test","block":0,"seed":4,"numerosity":107,"matchType":"unpaired","which":"first","trial_type":"numerosity-estimation","trial_index":14,"time_elapsed":100885,"subject_id":"77664"},{"rt":5588,"stimulus":5,"slider_start":100,"sprites":"bears","response":35,"absDeviation":15,"callibration":"test","block":0,"seed":5,"numerosity":50,"matchType":"paired","which":"first","trial_type":"numerosity-estimation","trial_index":15,"time_elapsed":106475,"subject_id":"77664"},{"rt":4680,"stimulus":5,"slider_start":100,"sprites":"bears","response":37,"absDeviation":13,"callibration":"test","block":0,"seed":5,"numerosity":50,"matchType":"paired","which":"second","trial_type":"numerosity-estimation","trial_index":16,"time_elapsed":111158,"subject_id":"77664"},{"rt":5887,"stimulus":7,"slider_start":100,"sprites":"jellyBeans","response":30,"absDeviation":20,"callibration":"test","block":0,"seed":7,"numerosity":50,"matchType":"unpaired","which":"first","trial_type":"numerosity-estimation","trial_index":17,"time_elapsed":117047,"subject_id":"77664"},{"rt":6169,"stimulus":8,"slider_start":100,"sprites":"marbles","response":50,"absDeviation":42,"callibration":"test","block":0,"seed":8,"numerosity":92,"matchType":"unpaired","which":"first","trial_type":"numerosity-estimation","trial_index":18,"time_elapsed":123219,"subject_id":"77664"},{"rt":7554,"stimulus":9,"slider_start":100,"sprites":"mints","response":100,"absDeviation":35,"callibration":"test","block":0,"seed":9,"numerosity":135,"matchType":"paired","which":"first","trial_type":"numerosity-estimation","trial_index":19,"time_elapsed":130776,"subject_id":"77664"},{"rt":6282,"stimulus":9,"slider_start":100,"sprites":"mints","response":120,"absDeviation":15,"callibration":"test","block":0,"seed":9,"numerosity":135,"matchType":"paired","which":"second","trial_type":"numerosity-estimation","trial_index":20,"time_elapsed":137061,"subject_id":"77664"},{"rt":6217,"stimulus":11,"slider_start":100,"sprites":"buttons","response":110,"absDeviation":3,"callibration":"test","block":0,"seed":11,"numerosity":107,"matchType":"unpaired","which":"first","trial_type":"numerosity-estimation","trial_index":21,"time_elapsed":143281,"subject_id":"77664"},{"rt":3874,"stimulus":12,"slider_start":100,"sprites":"animalCrackers","response":100,"absDeviation":8,"callibration":"test","block":0,"seed":12,"numerosity":92,"matchType":"unpaired","which":"first","trial_type":"numerosity-estimation","trial_index":22,"time_elapsed":147158,"subject_id":"77664"},{"rt":7174,"stimulus":13,"slider_start":100,"sprites":"letters","response":120,"absDeviation":13,"callibration":"test","block":0,"seed":13,"numerosity":107,"matchType":"paired","which":"first","trial_type":"numerosity-estimation","trial_index":23,"time_elapsed":154335,"subject_id":"77664"},{"rt":5457,"stimulus":13,"slider_start":100,"sprites":"letters","response":110,"absDeviation":3,"callibration":"test","block":0,"seed":13,"numerosity":107,"matchType":"paired","which":"second","trial_type":"numerosity-estimation","trial_index":24,"time_elapsed":159794,"subject_id":"77664"},{"rt":4230,"stimulus":15,"slider_start":100,"sprites":"hearts","response":130,"absDeviation":9,"callibration":"test","block":0,"seed":15,"numerosity":121,"matchType":"unpaired","which":"first","trial_type":"numerosity-estimation","trial_index":25,"time_elapsed":164027,"subject_id":"77664"},{"rt":4742,"stimulus":16,"slider_start":100,"sprites":"crackers","response":60,"absDeviation":4,"callibration":"test","block":0,"seed":16,"numerosity":64,"matchType":"unpaired","which":"first","trial_type":"numerosity-estimation","trial_index":26,"time_elapsed":168771,"subject_id":"77664"},{"rt":7171,"stimulus":"<p> For the last block of trials, the average deviation of your guesses from correct answers was 18.</p>\n     <p>The smaller the deviation the better.  Your deviation was <b> VERY good</b>.</p><br>\n       <p>Press any key to continue to the next block of trials</p>","response":" ","trial_type":"html-keyboard-response","trial_index":27,"time_elapsed":175946,"subject_id":"77664"},{"rt":8328,"stimulus":17,"slider_start":100,"sprites":"bears","response":59,"absDeviation":33,"callibration":"test","block":1,"seed":17,"numerosity":92,"matchType":"paired","which":"first","trial_type":"numerosity-estimation","trial_index":28,"time_elapsed":184276,"subject_id":"77664"},{"rt":3598,"stimulus":17,"slider_start":100,"sprites":"bears","response":61,"absDeviation":31,"callibration":"test","block":1,"seed":17,"numerosity":92,"matchType":"paired","which":"second","trial_type":"numerosity-estimation","trial_index":29,"time_elapsed":187877,"subject_id":"77664"},{"rt":3503,"stimulus":19,"slider_start":100,"sprites":"jellyBeans","response":92,"absDeviation":43,"callibration":"test","block":1,"seed":19,"numerosity":135,"matchType":"unpaired","which":"first","trial_type":"numerosity-estimation","trial_index":30,"time_elapsed":191383,"subject_id":"77664"},{"rt":6237,"stimulus":20,"slider_start":100,"sprites":"marbles","response":42,"absDeviation":36,"callibration":"test","block":1,"seed":20,"numerosity":78,"matchType":"unpaired","which":"first","trial_type":"numerosity-estimation","trial_index":31,"time_elapsed":197623,"subject_id":"77664"},{"rt":5347,"stimulus":21,"slider_start":100,"sprites":"mints","response":60,"absDeviation":32,"callibration":"test","block":1,"seed":21,"numerosity":92,"matchType":"paired","which":"first","trial_type":"numerosity-estimation","trial_index":32,"time_elapsed":202973,"subject_id":"77664"},{"rt":3528,"stimulus":21,"slider_start":100,"sprites":"mints","response":75,"absDeviation":17,"callibration":"test","block":1,"seed":21,"numerosity":92,"matchType":"paired","which":"second","trial_type":"numerosity-estimation","trial_index":33,"time_elapsed":206503,"subject_id":"77664"},{"rt":4257,"stimulus":23,"slider_start":100,"sprites":"buttons","response":122,"absDeviation":28,"callibration":"test","block":1,"seed":23,"numerosity":150,"matchType":"unpaired","which":"first","trial_type":"numerosity-estimation","trial_index":34,"time_elapsed":210763,"subject_id":"77664"},{"rt":3357,"stimulus":24,"slider_start":100,"sprites":"animalCrackers","response":113,"absDeviation":6,"callibration":"test","block":1,"seed":24,"numerosity":107,"matchType":"unpaired","which":"first","trial_type":"numerosity-estimation","trial_index":35,"time_elapsed":214122,"subject_id":"77664"},{"rt":3222,"stimulus":25,"slider_start":100,"sprites":"letters","response":115,"absDeviation":8,"callibration":"test","block":1,"seed":25,"numerosity":107,"matchType":"paired","which":"first","trial_type":"numerosity-estimation","trial_index":36,"time_elapsed":217347,"subject_id":"77664"},{"rt":4995,"stimulus":25,"slider_start":100,"sprites":"letters","response":125,"absDeviation":18,"callibration":"test","block":1,"seed":25,"numerosity":107,"matchType":"paired","which":"second","trial_type":"numerosity-estimation","trial_index":37,"time_elapsed":222345,"subject_id":"77664"},{"rt":3471,"stimulus":27,"slider_start":100,"sprites":"hearts","response":133,"absDeviation":12,"callibration":"test","block":1,"seed":27,"numerosity":121,"matchType":"unpaired","which":"first","trial_type":"numerosity-estimation","trial_index":38,"time_elapsed":225819,"subject_id":"77664"},{"rt":4334,"stimulus":28,"slider_start":100,"sprites":"crackers","response":150,"absDeviation":0,"callibration":"test","block":1,"seed":28,"numerosity":150,"matchType":"unpaired","which":"first","trial_type":"numerosity-estimation","trial_index":39,"time_elapsed":230155,"subject_id":"77664"},{"rt":5833,"stimulus":29,"slider_start":100,"sprites":"bears","response":45,"absDeviation":19,"callibration":"test","block":1,"seed":29,"numerosity":64,"matchType":"paired","which":"first","trial_type":"numerosity-estimation","trial_index":40,"time_elapsed":235991,"subject_id":"77664"},{"rt":6877,"stimulus":29,"slider_start":100,"sprites":"bears","response":45,"absDeviation":19,"callibration":"test","block":1,"seed":29,"numerosity":64,"matchType":"paired","which":"second","trial_type":"numerosity-estimation","trial_index":41,"time_elapsed":242871,"subject_id":"77664"},{"rt":4788,"stimulus":31,"slider_start":100,"sprites":"jellyBeans","response":111,"absDeviation":39,"callibration":"test","block":1,"seed":31,"numerosity":150,"matchType":"unpaired","which":"first","trial_type":"numerosity-estimation","trial_index":42,"time_elapsed":247662,"subject_id":"77664"},{"rt":1968,"stimulus":32,"slider_start":100,"sprites":"marbles","response":100,"absDeviation":35,"callibration":"test","block":1,"seed":32,"numerosity":135,"matchType":"unpaired","which":"first","trial_type":"numerosity-estimation","trial_index":43,"time_elapsed":249633,"subject_id":"77664"},{"rt":4585,"stimulus":"<p> For the last block of trials, the average deviation of your guesses from correct answers was 24.</p>\n     <p>The smaller the deviation the better.  Your deviation was <b> VERY good</b>.</p><br>\n       <p>Press any key to continue to the next block of trials</p>","response":" ","trial_type":"html-keyboard-response","trial_index":44,"time_elapsed":254219,"subject_id":"77664"},{"rt":3561,"stimulus":33,"slider_start":100,"sprites":"mints","response":109,"absDeviation":12,"callibration":"test","block":2,"seed":33,"numerosity":121,"matchType":"paired","which":"first","trial_type":"numerosity-estimation","trial_index":45,"time_elapsed":257783,"subject_id":"77664"},{"rt":3115,"stimulus":33,"slider_start":100,"sprites":"mints","response":114,"absDeviation":7,"callibration":"test","block":2,"seed":33,"numerosity":121,"matchType":"paired","which":"second","trial_type":"numerosity-estimation","trial_index":46,"time_elapsed":260900,"subject_id":"77664"},{"rt":2231,"stimulus":35,"slider_start":100,"sprites":"buttons","response":93,"absDeviation":15,"callibration":"test","block":2,"seed":35,"numerosity":78,"matchType":"unpaired","which":"first","trial_type":"numerosity-estimation","trial_index":47,"time_elapsed":263134,"subject_id":"77664"},{"rt":2120,"stimulus":36,"slider_start":100,"sprites":"animalCrackers","response":72,"absDeviation":22,"callibration":"test","block":2,"seed":36,"numerosity":50,"matchType":"unpaired","which":"first","trial_type":"numerosity-estimation","trial_index":48,"time_elapsed":265257,"subject_id":"77664"},{"rt":3438,"stimulus":37,"slider_start":100,"sprites":"letters","response":122,"absDeviation":13,"callibration":"test","block":2,"seed":37,"numerosity":135,"matchType":"paired","which":"first","trial_type":"numerosity-estimation","trial_index":49,"time_elapsed":268697,"subject_id":"77664"},{"rt":2936,"stimulus":37,"slider_start":100,"sprites":"letters","response":142,"absDeviation":7,"callibration":"test","block":2,"seed":37,"numerosity":135,"matchType":"paired","which":"second","trial_type":"numerosity-estimation","trial_index":50,"time_elapsed":271636,"subject_id":"77664"},{"rt":2781,"stimulus":39,"slider_start":100,"sprites":"hearts","response":97,"absDeviation":19,"callibration":"test","block":2,"seed":39,"numerosity":78,"matchType":"unpaired","which":"first","trial_type":"numerosity-estimation","trial_index":51,"time_elapsed":274420,"subject_id":"77664"},{"rt":2412,"stimulus":40,"slider_start":100,"sprites":"crackers","response":160,"absDeviation":39,"callibration":"test","block":2,"seed":40,"numerosity":121,"matchType":"unpaired","which":"first","trial_type":"numerosity-estimation","trial_index":52,"time_elapsed":276835,"subject_id":"77664"},{"rt":2826,"stimulus":41,"slider_start":100,"sprites":"bears","response":50,"absDeviation":0,"callibration":"test","block":2,"seed":41,"numerosity":50,"matchType":"paired","which":"first","trial_type":"numerosity-estimation","trial_index":53,"time_elapsed":279663,"subject_id":"77664"},{"rt":2773,"stimulus":41,"slider_start":100,"sprites":"bears","response":50,"absDeviation":0,"callibration":"test","block":2,"seed":41,"numerosity":50,"matchType":"paired","which":"second","trial_type":"numerosity-estimation","trial_index":54,"time_elapsed":282439,"subject_id":"77664"},{"rt":2885,"stimulus":43,"slider_start":100,"sprites":"jellyBeans","response":73,"absDeviation":9,"callibration":"test","block":2,"seed":43,"numerosity":64,"matchType":"unpaired","which":"first","trial_type":"numerosity-estimation","trial_index":55,"time_elapsed":285327,"subject_id":"77664"},{"rt":2228,"stimulus":44,"slider_start":100,"sprites":"marbles","response":100,"absDeviation":21,"callibration":"test","block":2,"seed":44,"numerosity":121,"matchType":"unpaired","which":"first","trial_type":"numerosity-estimation","trial_index":56,"time_elapsed":287558,"subject_id":"77664"},{"rt":2292,"stimulus":45,"slider_start":100,"sprites":"mints","response":112,"absDeviation":9,"callibration":"test","block":2,"seed":45,"numerosity":121,"matchType":"paired","which":"first","trial_type":"numerosity-estimation","trial_index":57,"time_elapsed":289853,"subject_id":"77664"},{"rt":3950,"stimulus":45,"slider_start":100,"sprites":"mints","response":126,"absDeviation":5,"callibration":"test","block":2,"seed":45,"numerosity":121,"matchType":"paired","which":"second","trial_type":"numerosity-estimation","trial_index":58,"time_elapsed":293805,"subject_id":"77664"},{"rt":3502,"stimulus":47,"slider_start":100,"sprites":"buttons","response":141,"absDeviation":20,"callibration":"test","block":2,"seed":47,"numerosity":121,"matchType":"unpaired","which":"first","trial_type":"numerosity-estimation","trial_index":59,"time_elapsed":297310,"subject_id":"77664"},{"rt":3037,"stimulus":48,"slider_start":100,"sprites":"animalCrackers","response":152,"absDeviation":17,"callibration":"test","block":2,"seed":48,"numerosity":135,"matchType":"unpaired","which":"first","trial_type":"numerosity-estimation","trial_index":60,"time_elapsed":300350,"subject_id":"77664"},{"rt":6635,"stimulus":"<p> For the last block of trials, the average deviation of your guesses from correct answers was 13.</p>\n     <p>The smaller the deviation the better.  Your deviation was <b> AMAZINGLY good</b>.</p><br>\n       <p>Press any key to continue to the next block of trials</p>","response":" ","trial_type":"html-keyboard-response","trial_index":61,"time_elapsed":306987,"subject_id":"77664"},{"rt":4647,"stimulus":49,"slider_start":100,"sprites":"letters","response":62,"absDeviation":16,"callibration":"test","block":3,"seed":49,"numerosity":78,"matchType":"paired","which":"first","trial_type":"numerosity-estimation","trial_index":62,"time_elapsed":311636,"subject_id":"77664"},{"rt":4086,"stimulus":49,"slider_start":100,"sprites":"letters","response":68,"absDeviation":10,"callibration":"test","block":3,"seed":49,"numerosity":78,"matchType":"paired","which":"second","trial_type":"numerosity-estimation","trial_index":63,"time_elapsed":315725,"subject_id":"77664"},{"rt":2468,"stimulus":51,"slider_start":100,"sprites":"hearts","response":124,"absDeviation":26,"callibration":"test","block":3,"seed":51,"numerosity":150,"matchType":"unpaired","which":"first","trial_type":"numerosity-estimation","trial_index":64,"time_elapsed":318196,"subject_id":"77664"},{"rt":2653,"stimulus":52,"slider_start":100,"sprites":"crackers","response":100,"absDeviation":22,"callibration":"test","block":3,"seed":52,"numerosity":78,"matchType":"unpaired","which":"first","trial_type":"numerosity-estimation","trial_index":65,"time_elapsed":320851,"subject_id":"77664"},{"rt":2773,"stimulus":53,"slider_start":100,"sprites":"bears","response":63,"absDeviation":13,"callibration":"test","block":3,"seed":53,"numerosity":50,"matchType":"paired","which":"first","trial_type":"numerosity-estimation","trial_index":66,"time_elapsed":323627,"subject_id":"77664"},{"rt":3998,"stimulus":53,"slider_start":100,"sprites":"bears","response":66,"absDeviation":16,"callibration":"test","block":3,"seed":53,"numerosity":50,"matchType":"paired","which":"second","trial_type":"numerosity-estimation","trial_index":67,"time_elapsed":327628,"subject_id":"77664"},{"rt":2197,"stimulus":55,"slider_start":100,"sprites":"jellyBeans","response":118,"absDeviation":3,"callibration":"test","block":3,"seed":55,"numerosity":121,"matchType":"unpaired","which":"first","trial_type":"numerosity-estimation","trial_index":68,"time_elapsed":329827,"subject_id":"77664"},{"rt":2420,"stimulus":56,"slider_start":100,"sprites":"marbles","response":78,"absDeviation":14,"callibration":"test","block":3,"seed":56,"numerosity":64,"matchType":"unpaired","which":"first","trial_type":"numerosity-estimation","trial_index":69,"time_elapsed":332250,"subject_id":"77664"},{"rt":2522,"stimulus":57,"slider_start":100,"sprites":"mints","response":83,"absDeviation":19,"callibration":"test","block":3,"seed":57,"numerosity":64,"matchType":"paired","which":"first","trial_type":"numerosity-estimation","trial_index":70,"time_elapsed":334774,"subject_id":"77664"},{"rt":3053,"stimulus":57,"slider_start":100,"sprites":"mints","response":90,"absDeviation":26,"callibration":"test","block":3,"seed":57,"numerosity":64,"matchType":"paired","which":"second","trial_type":"numerosity-estimation","trial_index":71,"time_elapsed":337829,"subject_id":"77664"},{"rt":3073,"stimulus":59,"slider_start":100,"sprites":"buttons","response":129,"absDeviation":6,"callibration":"test","block":3,"seed":59,"numerosity":135,"matchType":"unpaired","which":"first","trial_type":"numerosity-estimation","trial_index":72,"time_elapsed":340905,"subject_id":"77664"},{"rt":2969,"stimulus":60,"slider_start":100,"sprites":"animalCrackers","response":152,"absDeviation":2,"callibration":"test","block":3,"seed":60,"numerosity":150,"matchType":"unpaired","which":"first","trial_type":"numerosity-estimation","trial_index":73,"time_elapsed":343876,"subject_id":"77664"},{"rt":3081,"stimulus":61,"slider_start":100,"sprites":"letters","response":48,"absDeviation":2,"callibration":"test","block":3,"seed":61,"numerosity":50,"matchType":"paired","which":"first","trial_type":"numerosity-estimation","trial_index":74,"time_elapsed":346961,"subject_id":"77664"},{"rt":2882,"stimulus":61,"slider_start":100,"sprites":"letters","response":47,"absDeviation":3,"callibration":"test","block":3,"seed":61,"numerosity":50,"matchType":"paired","which":"second","trial_type":"numerosity-estimation","trial_index":75,"time_elapsed":349846,"subject_id":"77664"},{"rt":2731,"stimulus":63,"slider_start":100,"sprites":"hearts","response":64,"absDeviation":0,"callibration":"test","block":3,"seed":63,"numerosity":64,"matchType":"unpaired","which":"first","trial_type":"numerosity-estimation","trial_index":76,"time_elapsed":352580,"subject_id":"77664"},{"rt":2317,"stimulus":64,"slider_start":100,"sprites":"crackers","response":154,"absDeviation":19,"callibration":"test","block":3,"seed":64,"numerosity":135,"matchType":"unpaired","which":"first","trial_type":"numerosity-estimation","trial_index":77,"time_elapsed":354899,"subject_id":"77664"},{"rt":37029,"stimulus":"<p> For the last block of trials, the average deviation of your guesses from correct answers was 12.</p>\n     <p>The smaller the deviation the better.  Your deviation was <b> AMAZINGLY good</b>.</p><br>\n       <p>Press any key to continue to the next block of trials</p>","response":" ","trial_type":"html-keyboard-response","trial_index":78,"time_elapsed":391931,"subject_id":"77664"},{"rt":3903,"stimulus":65,"slider_start":100,"sprites":"bears","response":87,"absDeviation":20,"callibration":"test","block":4,"seed":65,"numerosity":107,"matchType":"paired","which":"first","trial_type":"numerosity-estimation","trial_index":79,"time_elapsed":395839,"subject_id":"77664"},{"rt":4063,"stimulus":65,"slider_start":100,"sprites":"bears","response":88,"absDeviation":19,"callibration":"test","block":4,"seed":65,"numerosity":107,"matchType":"paired","which":"second","trial_type":"numerosity-estimation","trial_index":80,"time_elapsed":399905,"subject_id":"77664"},{"rt":3498,"stimulus":67,"slider_start":100,"sprites":"jellyBeans","response":78,"absDeviation":29,"callibration":"test","block":4,"seed":67,"numerosity":107,"matchType":"unpaired","which":"first","trial_type":"numerosity-estimation","trial_index":81,"time_elapsed":403405,"subject_id":"77664"},{"rt":4579,"stimulus":68,"slider_start":100,"sprites":"marbles","response":83,"absDeviation":67,"callibration":"test","block":4,"seed":68,"numerosity":150,"matchType":"unpaired","which":"first","trial_type":"numerosity-estimation","trial_index":82,"time_elapsed":407988,"subject_id":"77664"},{"rt":2111,"stimulus":69,"slider_start":100,"sprites":"mints","response":100,"absDeviation":21,"callibration":"test","block":4,"seed":69,"numerosity":121,"matchType":"paired","which":"first","trial_type":"numerosity-estimation","trial_index":83,"time_elapsed":410102,"subject_id":"77664"},{"rt":2276,"stimulus":69,"slider_start":100,"sprites":"mints","response":123,"absDeviation":2,"callibration":"test","block":4,"seed":69,"numerosity":121,"matchType":"paired","which":"second","trial_type":"numerosity-estimation","trial_index":84,"time_elapsed":412381,"subject_id":"77664"},{"rt":2439,"stimulus":71,"slider_start":100,"sprites":"buttons","response":116,"absDeviation":9,"callibration":"test","block":4,"seed":71,"numerosity":107,"matchType":"unpaired","which":"first","trial_type":"numerosity-estimation","trial_index":85,"time_elapsed":414823,"subject_id":"77664"},{"rt":3607,"stimulus":72,"slider_start":100,"sprites":"animalCrackers","response":41,"absDeviation":9,"callibration":"test","block":4,"seed":72,"numerosity":50,"matchType":"unpaired","which":"first","trial_type":"numerosity-estimation","trial_index":86,"time_elapsed":418433,"subject_id":"77664"},{"rt":2856,"stimulus":73,"slider_start":100,"sprites":"letters","response":72,"absDeviation":6,"callibration":"test","block":4,"seed":73,"numerosity":78,"matchType":"paired","which":"first","trial_type":"numerosity-estimation","trial_index":87,"time_elapsed":421291,"subject_id":"77664"},{"rt":2829,"stimulus":73,"slider_start":100,"sprites":"letters","response":81,"absDeviation":3,"callibration":"test","block":4,"seed":73,"numerosity":78,"matchType":"paired","which":"second","trial_type":"numerosity-estimation","trial_index":88,"time_elapsed":424123,"subject_id":"77664"},{"rt":2637,"stimulus":75,"slider_start":100,"sprites":"hearts","response":90,"absDeviation":2,"callibration":"test","block":4,"seed":75,"numerosity":92,"matchType":"unpaired","which":"first","trial_type":"numerosity-estimation","trial_index":89,"time_elapsed":426762,"subject_id":"77664"},{"rt":3330,"stimulus":76,"slider_start":100,"sprites":"crackers","response":88,"absDeviation":24,"callibration":"test","block":4,"seed":76,"numerosity":64,"matchType":"unpaired","which":"first","trial_type":"numerosity-estimation","trial_index":90,"time_elapsed":430094,"subject_id":"77664"},{"rt":2110,"stimulus":77,"slider_start":100,"sprites":"bears","response":140,"absDeviation":5,"callibration":"test","block":4,"seed":77,"numerosity":135,"matchType":"paired","which":"first","trial_type":"numerosity-estimation","trial_index":91,"time_elapsed":432207,"subject_id":"77664"},{"rt":3005,"stimulus":77,"slider_start":100,"sprites":"bears","response":126,"absDeviation":9,"callibration":"test","block":4,"seed":77,"numerosity":135,"matchType":"paired","which":"second","trial_type":"numerosity-estimation","trial_index":92,"time_elapsed":435214,"subject_id":"77664"},{"rt":3194,"stimulus":79,"slider_start":100,"sprites":"jellyBeans","response":46,"absDeviation":4,"callibration":"test","block":4,"seed":79,"numerosity":50,"matchType":"unpaired","which":"first","trial_type":"numerosity-estimation","trial_index":93,"time_elapsed":438411,"subject_id":"77664"},{"rt":2756,"stimulus":80,"slider_start":100,"sprites":"marbles","response":100,"absDeviation":21,"callibration":"test","block":4,"seed":80,"numerosity":121,"matchType":"unpaired","which":"first","trial_type":"numerosity-estimation","trial_index":94,"time_elapsed":441170,"subject_id":"77664"},{"rt":55704,"stimulus":"<p> For the last block of trials, the average deviation of your guesses from correct answers was 16.</p>\n     <p>The smaller the deviation the better.  Your deviation was <b> VERY good</b>.</p><br>\n       <p>Press any key to continue to the next block of trials</p>","response":" ","trial_type":"html-keyboard-response","trial_index":95,"time_elapsed":496874,"subject_id":"77664"},{"rt":1998,"stimulus":81,"slider_start":100,"sprites":"mints","response":100,"absDeviation":21,"callibration":"test","block":5,"seed":81,"numerosity":121,"matchType":"paired","which":"first","trial_type":"numerosity-estimation","trial_index":96,"time_elapsed":498875,"subject_id":"77664"},{"rt":3148,"stimulus":81,"slider_start":100,"sprites":"mints","response":124,"absDeviation":3,"callibration":"test","block":5,"seed":81,"numerosity":121,"matchType":"paired","which":"second","trial_type":"numerosity-estimation","trial_index":97,"time_elapsed":502026,"subject_id":"77664"},{"rt":2614,"stimulus":83,"slider_start":100,"sprites":"buttons","response":123,"absDeviation":2,"callibration":"test","block":5,"seed":83,"numerosity":121,"matchType":"unpaired","which":"first","trial_type":"numerosity-estimation","trial_index":98,"time_elapsed":504643,"subject_id":"77664"},{"rt":2528,"stimulus":84,"slider_start":100,"sprites":"animalCrackers","response":45,"absDeviation":5,"callibration":"test","block":5,"seed":84,"numerosity":50,"matchType":"unpaired","which":"first","trial_type":"numerosity-estimation","trial_index":99,"time_elapsed":507174,"subject_id":"77664"},{"rt":3381,"stimulus":85,"slider_start":100,"sprites":"letters","response":59,"absDeviation":5,"callibration":"test","block":5,"seed":85,"numerosity":64,"matchType":"paired","which":"first","trial_type":"numerosity-estimation","trial_index":100,"time_elapsed":510558,"subject_id":"77664"},{"rt":2874,"stimulus":85,"slider_start":100,"sprites":"letters","response":70,"absDeviation":6,"callibration":"test","block":5,"seed":85,"numerosity":64,"matchType":"paired","which":"second","trial_type":"numerosity-estimation","trial_index":101,"time_elapsed":513435,"subject_id":"77664"},{"rt":2709,"stimulus":87,"slider_start":100,"sprites":"hearts","response":63,"absDeviation":13,"callibration":"test","block":5,"seed":87,"numerosity":50,"matchType":"unpaired","which":"first","trial_type":"numerosity-estimation","trial_index":102,"time_elapsed":516146,"subject_id":"77664"},{"rt":2405,"stimulus":88,"slider_start":100,"sprites":"crackers","response":124,"absDeviation":11,"callibration":"test","block":5,"seed":88,"numerosity":135,"matchType":"unpaired","which":"first","trial_type":"numerosity-estimation","trial_index":103,"time_elapsed":518554,"subject_id":"77664"},{"rt":2933,"stimulus":89,"slider_start":100,"sprites":"bears","response":50,"absDeviation":0,"callibration":"test","block":5,"seed":89,"numerosity":50,"matchType":"paired","which":"first","trial_type":"numerosity-estimation","trial_index":104,"time_elapsed":521489,"subject_id":"77664"},{"rt":3268,"stimulus":89,"slider_start":100,"sprites":"bears","response":50,"absDeviation":0,"callibration":"test","block":5,"seed":89,"numerosity":50,"matchType":"paired","which":"second","trial_type":"numerosity-estimation","trial_index":105,"time_elapsed":524758,"subject_id":"77664"},{"rt":2189,"stimulus":91,"slider_start":100,"sprites":"jellyBeans","response":100,"absDeviation":8,"callibration":"test","block":5,"seed":91,"numerosity":92,"matchType":"unpaired","which":"first","trial_type":"numerosity-estimation","trial_index":106,"time_elapsed":526950,"subject_id":"77664"},{"rt":1704,"stimulus":92,"slider_start":100,"sprites":"marbles","response":100,"absDeviation":21,"callibration":"test","block":5,"seed":92,"numerosity":121,"matchType":"unpaired","which":"first","trial_type":"numerosity-estimation","trial_index":107,"time_elapsed":528657,"subject_id":"77664"},{"rt":1808,"stimulus":93,"slider_start":100,"sprites":"mints","response":100,"absDeviation":22,"callibration":"test","block":5,"seed":93,"numerosity":78,"matchType":"paired","which":"first","trial_type":"numerosity-estimation","trial_index":108,"time_elapsed":530467,"subject_id":"77664"},{"rt":1875,"stimulus":93,"slider_start":100,"sprites":"mints","response":105,"absDeviation":27,"callibration":"test","block":5,"seed":93,"numerosity":78,"matchType":"paired","which":"second","trial_type":"numerosity-estimation","trial_index":109,"time_elapsed":532345,"subject_id":"77664"},{"rt":1592,"stimulus":95,"slider_start":100,"sprites":"buttons","response":100,"absDeviation":36,"callibration":"test","block":5,"seed":95,"numerosity":64,"matchType":"unpaired","which":"first","trial_type":"numerosity-estimation","trial_index":110,"time_elapsed":533939,"subject_id":"77664"},{"rt":2564,"stimulus":96,"slider_start":100,"sprites":"animalCrackers","response":122,"absDeviation":30,"callibration":"test","block":5,"seed":96,"numerosity":92,"matchType":"unpaired","which":"first","trial_type":"numerosity-estimation","trial_index":111,"time_elapsed":536506,"subject_id":"77664"},{"rt":1508,"stimulus":"<p> For the last block of trials, the average deviation of your guesses from correct answers was 13.</p>\n     <p>The smaller the deviation the better.  Your deviation was <b> AMAZINGLY good</b>.</p><br>\n       <p>Press any key to continue to the next block of trials</p>","response":" ","trial_type":"html-keyboard-response","trial_index":112,"time_elapsed":538015,"subject_id":"77664"},{"rt":6498,"stimulus":2,"slider_start":100,"sprites":"butterflies","response":126,"absDeviation":9,"callibration":"test","block":6,"seed":2,"numerosity":135,"matchType":"paired","which":"first","trial_type":"numerosity-estimation","trial_index":113,"time_elapsed":544516,"subject_id":"77664"},{"rt":3126,"stimulus":2,"slider_start":100,"sprites":"butterflies","response":126,"absDeviation":9,"callibration":"test","block":6,"seed":2,"numerosity":135,"matchType":"paired","which":"second","trial_type":"numerosity-estimation","trial_index":114,"time_elapsed":547644,"subject_id":"77664"},{"rt":2941,"stimulus":3,"slider_start":100,"sprites":"hearts","response":68,"absDeviation":18,"callibration":"test","block":6,"seed":3,"numerosity":50,"matchType":"unpaired","which":"second","trial_type":"numerosity-estimation","trial_index":115,"time_elapsed":550588,"subject_id":"77664"},{"rt":2157,"stimulus":4,"slider_start":100,"sprites":"crackers","response":129,"absDeviation":22,"callibration":"test","block":6,"seed":4,"numerosity":107,"matchType":"unpaired","which":"second","trial_type":"numerosity-estimation","trial_index":116,"time_elapsed":552747,"subject_id":"77664"},{"rt":3261,"stimulus":6,"slider_start":100,"sprites":"fruits","response":114,"absDeviation":36,"callibration":"test","block":6,"seed":6,"numerosity":78,"matchType":"paired","which":"first","trial_type":"numerosity-estimation","trial_index":117,"time_elapsed":556010,"subject_id":"77664"},{"rt":3125,"stimulus":6,"slider_start":100,"sprites":"fruits","response":121,"absDeviation":43,"callibration":"test","block":6,"seed":6,"numerosity":78,"matchType":"paired","which":"second","trial_type":"numerosity-estimation","trial_index":118,"time_elapsed":559138,"subject_id":"77664"},{"rt":2204,"stimulus":7,"slider_start":100,"sprites":"jellyBeans","response":72,"absDeviation":22,"callibration":"test","block":6,"seed":7,"numerosity":50,"matchType":"unpaired","which":"second","trial_type":"numerosity-estimation","trial_index":119,"time_elapsed":561345,"subject_id":"77664"},{"rt":2309,"stimulus":8,"slider_start":100,"sprites":"marbles","response":100,"absDeviation":8,"callibration":"test","block":6,"seed":8,"numerosity":92,"matchType":"unpaired","which":"second","trial_type":"numerosity-estimation","trial_index":120,"time_elapsed":563657,"subject_id":"77664"},{"rt":2465,"stimulus":10,"slider_start":100,"sprites":"rocks","response":89,"absDeviation":39,"callibration":"test","block":6,"seed":10,"numerosity":50,"matchType":"paired","which":"first","trial_type":"numerosity-estimation","trial_index":121,"time_elapsed":566124,"subject_id":"77664"},{"rt":3865,"stimulus":10,"slider_start":100,"sprites":"rocks","response":93,"absDeviation":43,"callibration":"test","block":6,"seed":10,"numerosity":50,"matchType":"paired","which":"second","trial_type":"numerosity-estimation","trial_index":122,"time_elapsed":569992,"subject_id":"77664"},{"rt":3014,"stimulus":11,"slider_start":100,"sprites":"buttons","response":122,"absDeviation":15,"callibration":"test","block":6,"seed":11,"numerosity":107,"matchType":"unpaired","which":"second","trial_type":"numerosity-estimation","trial_index":123,"time_elapsed":573009,"subject_id":"77664"},{"rt":2877,"stimulus":12,"slider_start":100,"sprites":"animalCrackers","response":134,"absDeviation":42,"callibration":"test","block":6,"seed":12,"numerosity":92,"matchType":"unpaired","which":"second","trial_type":"numerosity-estimation","trial_index":124,"time_elapsed":575889,"subject_id":"77664"},{"rt":5501,"stimulus":14,"slider_start":100,"sprites":"butterflies","response":136,"absDeviation":14,"callibration":"test","block":6,"seed":14,"numerosity":150,"matchType":"paired","which":"first","trial_type":"numerosity-estimation","trial_index":125,"time_elapsed":581392,"subject_id":"77664"},{"rt":3201,"stimulus":14,"slider_start":100,"sprites":"butterflies","response":128,"absDeviation":22,"callibration":"test","block":6,"seed":14,"numerosity":150,"matchType":"paired","which":"second","trial_type":"numerosity-estimation","trial_index":126,"time_elapsed":584596,"subject_id":"77664"},{"rt":2833,"stimulus":15,"slider_start":100,"sprites":"hearts","response":141,"absDeviation":20,"callibration":"test","block":6,"seed":15,"numerosity":121,"matchType":"unpaired","which":"second","trial_type":"numerosity-estimation","trial_index":127,"time_elapsed":587431,"subject_id":"77664"},{"rt":2637,"stimulus":16,"slider_start":100,"sprites":"crackers","response":82,"absDeviation":18,"callibration":"test","block":6,"seed":16,"numerosity":64,"matchType":"unpaired","which":"second","trial_type":"numerosity-estimation","trial_index":128,"time_elapsed":590071,"subject_id":"77664"},{"rt":1563,"stimulus":"<p> For the last block of trials, the average deviation of your guesses from correct answers was 24.</p>\n     <p>The smaller the deviation the better.  Your deviation was <b> VERY good</b>.</p><br>\n       <p>Press any key to continue to the next block of trials</p>","response":" ","trial_type":"html-keyboard-response","trial_index":129,"time_elapsed":591636,"subject_id":"77664"},{"rt":3126,"stimulus":18,"slider_start":100,"sprites":"fruits","response":121,"absDeviation":14,"callibration":"test","block":7,"seed":18,"numerosity":107,"matchType":"paired","which":"first","trial_type":"numerosity-estimation","trial_index":130,"time_elapsed":594765,"subject_id":"77664"},{"rt":4319,"stimulus":18,"slider_start":100,"sprites":"fruits","response":131,"absDeviation":24,"callibration":"test","block":7,"seed":18,"numerosity":107,"matchType":"paired","which":"second","trial_type":"numerosity-estimation","trial_index":131,"time_elapsed":599086,"subject_id":"77664"},{"rt":3399,"stimulus":19,"slider_start":100,"sprites":"jellyBeans","response":141,"absDeviation":6,"callibration":"test","block":7,"seed":19,"numerosity":135,"matchType":"unpaired","which":"second","trial_type":"numerosity-estimation","trial_index":132,"time_elapsed":602488,"subject_id":"77664"},{"rt":2500,"stimulus":20,"slider_start":100,"sprites":"marbles","response":69,"absDeviation":9,"callibration":"test","block":7,"seed":20,"numerosity":78,"matchType":"unpaired","which":"second","trial_type":"numerosity-estimation","trial_index":133,"time_elapsed":604990,"subject_id":"77664"},{"rt":3286,"stimulus":22,"slider_start":100,"sprites":"rocks","response":107,"absDeviation":15,"callibration":"test","block":7,"seed":22,"numerosity":92,"matchType":"paired","which":"first","trial_type":"numerosity-estimation","trial_index":134,"time_elapsed":608279,"subject_id":"77664"},{"rt":3341,"stimulus":22,"slider_start":100,"sprites":"rocks","response":119,"absDeviation":27,"callibration":"test","block":7,"seed":22,"numerosity":92,"matchType":"paired","which":"second","trial_type":"numerosity-estimation","trial_index":135,"time_elapsed":611622,"subject_id":"77664"},{"rt":3490,"stimulus":23,"slider_start":100,"sprites":"buttons","response":145,"absDeviation":5,"callibration":"test","block":7,"seed":23,"numerosity":150,"matchType":"unpaired","which":"second","trial_type":"numerosity-estimation","trial_index":136,"time_elapsed":615115,"subject_id":"77664"},{"rt":3277,"stimulus":24,"slider_start":100,"sprites":"animalCrackers","response":137,"absDeviation":30,"callibration":"test","block":7,"seed":24,"numerosity":107,"matchType":"unpaired","which":"second","trial_type":"numerosity-estimation","trial_index":137,"time_elapsed":618395,"subject_id":"77664"},{"rt":3414,"stimulus":26,"slider_start":100,"sprites":"butterflies","response":86,"absDeviation":6,"callibration":"test","block":7,"seed":26,"numerosity":92,"matchType":"paired","which":"first","trial_type":"numerosity-estimation","trial_index":138,"time_elapsed":621812,"subject_id":"77664"},{"rt":2364,"stimulus":26,"slider_start":100,"sprites":"butterflies","response":90,"absDeviation":2,"callibration":"test","block":7,"seed":26,"numerosity":92,"matchType":"paired","which":"second","trial_type":"numerosity-estimation","trial_index":139,"time_elapsed":624178,"subject_id":"77664"},{"rt":2481,"stimulus":27,"slider_start":100,"sprites":"hearts","response":117,"absDeviation":4,"callibration":"test","block":7,"seed":27,"numerosity":121,"matchType":"unpaired","which":"second","trial_type":"numerosity-estimation","trial_index":140,"time_elapsed":626662,"subject_id":"77664"},{"rt":3767,"stimulus":28,"slider_start":100,"sprites":"crackers","response":165,"absDeviation":15,"callibration":"test","block":7,"seed":28,"numerosity":150,"matchType":"unpaired","which":"second","trial_type":"numerosity-estimation","trial_index":141,"time_elapsed":630431,"subject_id":"77664"},{"rt":3934,"stimulus":30,"slider_start":100,"sprites":"fruits","response":147,"absDeviation":40,"callibration":"test","block":7,"seed":30,"numerosity":107,"matchType":"paired","which":"first","trial_type":"numerosity-estimation","trial_index":142,"time_elapsed":634368,"subject_id":"77664"},{"rt":2300,"stimulus":30,"slider_start":100,"sprites":"fruits","response":155,"absDeviation":48,"callibration":"test","block":7,"seed":30,"numerosity":107,"matchType":"paired","which":"second","trial_type":"numerosity-estimation","trial_index":143,"time_elapsed":636671,"subject_id":"77664"},{"rt":3391,"stimulus":31,"slider_start":100,"sprites":"jellyBeans","response":160,"absDeviation":10,"callibration":"test","block":7,"seed":31,"numerosity":150,"matchType":"unpaired","which":"second","trial_type":"numerosity-estimation","trial_index":144,"time_elapsed":640064,"subject_id":"77664"},{"rt":2816,"stimulus":32,"slider_start":100,"sprites":"marbles","response":114,"absDeviation":21,"callibration":"test","block":7,"seed":32,"numerosity":135,"matchType":"unpaired","which":"second","trial_type":"numerosity-estimation","trial_index":145,"time_elapsed":642883,"subject_id":"77664"},{"rt":29361,"stimulus":"<p> For the last block of trials, the average deviation of your guesses from correct answers was 17.</p>\n     <p>The smaller the deviation the better.  Your deviation was <b> VERY good</b>.</p><br>\n       <p>Press any key to continue to the next block of trials</p>","response":" ","trial_type":"html-keyboard-response","trial_index":146,"time_elapsed":672245,"subject_id":"77664"},{"rt":4551,"stimulus":34,"slider_start":100,"sprites":"rocks","response":49,"absDeviation":1,"callibration":"test","block":8,"seed":34,"numerosity":50,"matchType":"paired","which":"first","trial_type":"numerosity-estimation","trial_index":147,"time_elapsed":676799,"subject_id":"77664"},{"rt":2756,"stimulus":34,"slider_start":100,"sprites":"rocks","response":61,"absDeviation":11,"callibration":"test","block":8,"seed":34,"numerosity":50,"matchType":"paired","which":"second","trial_type":"numerosity-estimation","trial_index":148,"time_elapsed":679558,"subject_id":"77664"},{"rt":2944,"stimulus":35,"slider_start":100,"sprites":"buttons","response":87,"absDeviation":9,"callibration":"test","block":8,"seed":35,"numerosity":78,"matchType":"unpaired","which":"second","trial_type":"numerosity-estimation","trial_index":149,"time_elapsed":682505,"subject_id":"77664"},{"rt":2617,"stimulus":36,"slider_start":100,"sprites":"animalCrackers","response":69,"absDeviation":19,"callibration":"test","block":8,"seed":36,"numerosity":50,"matchType":"unpaired","which":"second","trial_type":"numerosity-estimation","trial_index":150,"time_elapsed":685125,"subject_id":"77664"},{"rt":2473,"stimulus":38,"slider_start":100,"sprites":"butterflies","response":72,"absDeviation":6,"callibration":"test","block":8,"seed":38,"numerosity":78,"matchType":"paired","which":"first","trial_type":"numerosity-estimation","trial_index":151,"time_elapsed":687601,"subject_id":"77664"},{"rt":2821,"stimulus":38,"slider_start":100,"sprites":"butterflies","response":79,"absDeviation":1,"callibration":"test","block":8,"seed":38,"numerosity":78,"matchType":"paired","which":"second","trial_type":"numerosity-estimation","trial_index":152,"time_elapsed":690425,"subject_id":"77664"},{"rt":1943,"stimulus":39,"slider_start":100,"sprites":"hearts","response":93,"absDeviation":15,"callibration":"test","block":8,"seed":39,"numerosity":78,"matchType":"unpaired","which":"second","trial_type":"numerosity-estimation","trial_index":153,"time_elapsed":692371,"subject_id":"77664"},{"rt":2720,"stimulus":40,"slider_start":100,"sprites":"crackers","response":117,"absDeviation":4,"callibration":"test","block":8,"seed":40,"numerosity":121,"matchType":"unpaired","which":"second","trial_type":"numerosity-estimation","trial_index":154,"time_elapsed":695094,"subject_id":"77664"},{"rt":2425,"stimulus":42,"slider_start":100,"sprites":"fruits","response":106,"absDeviation":28,"callibration":"test","block":8,"seed":42,"numerosity":78,"matchType":"paired","which":"first","trial_type":"numerosity-estimation","trial_index":155,"time_elapsed":697522,"subject_id":"77664"},{"rt":3761,"stimulus":42,"slider_start":100,"sprites":"fruits","response":113,"absDeviation":35,"callibration":"test","block":8,"seed":42,"numerosity":78,"matchType":"paired","which":"second","trial_type":"numerosity-estimation","trial_index":156,"time_elapsed":701286,"subject_id":"77664"},{"rt":2245,"stimulus":43,"slider_start":100,"sprites":"jellyBeans","response":93,"absDeviation":29,"callibration":"test","block":8,"seed":43,"numerosity":64,"matchType":"unpaired","which":"second","trial_type":"numerosity-estimation","trial_index":157,"time_elapsed":703534,"subject_id":"77664"},{"rt":2512,"stimulus":44,"slider_start":100,"sprites":"marbles","response":112,"absDeviation":9,"callibration":"test","block":8,"seed":44,"numerosity":121,"matchType":"unpaired","which":"second","trial_type":"numerosity-estimation","trial_index":158,"time_elapsed":706049,"subject_id":"77664"},{"rt":3314,"stimulus":46,"slider_start":100,"sprites":"rocks","response":128,"absDeviation":21,"callibration":"test","block":8,"seed":46,"numerosity":107,"matchType":"paired","which":"first","trial_type":"numerosity-estimation","trial_index":159,"time_elapsed":709365,"subject_id":"77664"},{"rt":3697,"stimulus":46,"slider_start":100,"sprites":"rocks","response":136,"absDeviation":29,"callibration":"test","block":8,"seed":46,"numerosity":107,"matchType":"paired","which":"second","trial_type":"numerosity-estimation","trial_index":160,"time_elapsed":713066,"subject_id":"77664"},{"rt":2668,"stimulus":47,"slider_start":100,"sprites":"buttons","response":140,"absDeviation":19,"callibration":"test","block":8,"seed":47,"numerosity":121,"matchType":"unpaired","which":"second","trial_type":"numerosity-estimation","trial_index":161,"time_elapsed":715736,"subject_id":"77664"},{"rt":3083,"stimulus":48,"slider_start":100,"sprites":"animalCrackers","response":161,"absDeviation":26,"callibration":"test","block":8,"seed":48,"numerosity":135,"matchType":"unpaired","which":"second","trial_type":"numerosity-estimation","trial_index":162,"time_elapsed":718822,"subject_id":"77664"},{"rt":1616,"stimulus":"<p> For the last block of trials, the average deviation of your guesses from correct answers was 16.</p>\n     <p>The smaller the deviation the better.  Your deviation was <b> VERY good</b>.</p><br>\n       <p>Press any key to continue to the next block of trials</p>","response":" ","trial_type":"html-keyboard-response","trial_index":163,"time_elapsed":720440,"subject_id":"77664"},{"rt":2563,"stimulus":50,"slider_start":100,"sprites":"butterflies","response":121,"absDeviation":29,"callibration":"test","block":9,"seed":50,"numerosity":150,"matchType":"paired","which":"first","trial_type":"numerosity-estimation","trial_index":164,"time_elapsed":723006,"subject_id":"77664"},{"rt":2260,"stimulus":50,"slider_start":100,"sprites":"butterflies","response":124,"absDeviation":26,"callibration":"test","block":9,"seed":50,"numerosity":150,"matchType":"paired","which":"second","trial_type":"numerosity-estimation","trial_index":165,"time_elapsed":725270,"subject_id":"77664"},{"rt":2327,"stimulus":51,"slider_start":100,"sprites":"hearts","response":144,"absDeviation":6,"callibration":"test","block":9,"seed":51,"numerosity":150,"matchType":"unpaired","which":"second","trial_type":"numerosity-estimation","trial_index":166,"time_elapsed":727600,"subject_id":"77664"},{"rt":2461,"stimulus":52,"slider_start":100,"sprites":"crackers","response":100,"absDeviation":22,"callibration":"test","block":9,"seed":52,"numerosity":78,"matchType":"unpaired","which":"second","trial_type":"numerosity-estimation","trial_index":167,"time_elapsed":730064,"subject_id":"77664"},{"rt":1904,"stimulus":54,"slider_start":100,"sprites":"fruits","response":102,"absDeviation":10,"callibration":"test","block":9,"seed":54,"numerosity":92,"matchType":"paired","which":"first","trial_type":"numerosity-estimation","trial_index":168,"time_elapsed":731970,"subject_id":"77664"},{"rt":3317,"stimulus":54,"slider_start":100,"sprites":"fruits","response":109,"absDeviation":17,"callibration":"test","block":9,"seed":54,"numerosity":92,"matchType":"paired","which":"second","trial_type":"numerosity-estimation","trial_index":169,"time_elapsed":735290,"subject_id":"77664"},{"rt":7063,"stimulus":55,"slider_start":100,"sprites":"jellyBeans","response":108,"absDeviation":13,"callibration":"test","block":9,"seed":55,"numerosity":121,"matchType":"unpaired","which":"second","trial_type":"numerosity-estimation","trial_index":170,"time_elapsed":742356,"subject_id":"77664"},{"rt":2167,"stimulus":56,"slider_start":100,"sprites":"marbles","response":51,"absDeviation":13,"callibration":"test","block":9,"seed":56,"numerosity":64,"matchType":"unpaired","which":"second","trial_type":"numerosity-estimation","trial_index":171,"time_elapsed":744526,"subject_id":"77664"},{"rt":4697,"stimulus":58,"slider_start":100,"sprites":"rocks","response":113,"absDeviation":8,"callibration":"test","block":9,"seed":58,"numerosity":121,"matchType":"paired","which":"first","trial_type":"numerosity-estimation","trial_index":172,"time_elapsed":749225,"subject_id":"77664"},{"rt":3926,"stimulus":58,"slider_start":100,"sprites":"rocks","response":126,"absDeviation":5,"callibration":"test","block":9,"seed":58,"numerosity":121,"matchType":"paired","which":"second","trial_type":"numerosity-estimation","trial_index":173,"time_elapsed":753155,"subject_id":"77664"},{"rt":2532,"stimulus":59,"slider_start":100,"sprites":"buttons","response":140,"absDeviation":5,"callibration":"test","block":9,"seed":59,"numerosity":135,"matchType":"unpaired","which":"second","trial_type":"numerosity-estimation","trial_index":174,"time_elapsed":755690,"subject_id":"77664"},{"rt":8874,"stimulus":60,"slider_start":100,"sprites":"animalCrackers","response":100,"absDeviation":50,"callibration":"test","block":9,"seed":60,"numerosity":150,"matchType":"unpaired","which":"second","trial_type":"numerosity-estimation","trial_index":175,"time_elapsed":764566,"subject_id":"77664"},{"rt":1879,"stimulus":62,"slider_start":100,"sprites":"butterflies","response":106,"absDeviation":29,"callibration":"test","block":9,"seed":62,"numerosity":135,"matchType":"paired","which":"first","trial_type":"numerosity-estimation","trial_index":176,"time_elapsed":766448,"subject_id":"77664"},{"rt":2028,"stimulus":62,"slider_start":100,"sprites":"butterflies","response":117,"absDeviation":18,"callibration":"test","block":9,"seed":62,"numerosity":135,"matchType":"paired","which":"second","trial_type":"numerosity-estimation","trial_index":177,"time_elapsed":768479,"subject_id":"77664"},{"rt":2248,"stimulus":63,"slider_start":100,"sprites":"hearts","response":89,"absDeviation":25,"callibration":"test","block":9,"seed":63,"numerosity":64,"matchType":"unpaired","which":"second","trial_type":"numerosity-estimation","trial_index":178,"time_elapsed":770730,"subject_id":"77664"},{"rt":1675,"stimulus":64,"slider_start":100,"sprites":"crackers","response":151,"absDeviation":16,"callibration":"test","block":9,"seed":64,"numerosity":135,"matchType":"unpaired","which":"second","trial_type":"numerosity-estimation","trial_index":179,"time_elapsed":772408,"subject_id":"77664"},{"rt":994,"stimulus":"<p> For the last block of trials, the average deviation of your guesses from correct answers was 18.</p>\n     <p>The smaller the deviation the better.  Your deviation was <b> VERY good</b>.</p><br>\n       <p>Press any key to continue to the next block of trials</p>","response":" ","trial_type":"html-keyboard-response","trial_index":180,"time_elapsed":773404,"subject_id":"77664"},{"rt":2850,"stimulus":66,"slider_start":100,"sprites":"fruits","response":93,"absDeviation":29,"callibration":"test","block":10,"seed":66,"numerosity":64,"matchType":"paired","which":"first","trial_type":"numerosity-estimation","trial_index":181,"time_elapsed":776257,"subject_id":"77664"},{"rt":2072,"stimulus":66,"slider_start":100,"sprites":"fruits","response":98,"absDeviation":34,"callibration":"test","block":10,"seed":66,"numerosity":64,"matchType":"paired","which":"second","trial_type":"numerosity-estimation","trial_index":182,"time_elapsed":778331,"subject_id":"77664"},{"rt":2229,"stimulus":67,"slider_start":100,"sprites":"jellyBeans","response":109,"absDeviation":2,"callibration":"test","block":10,"seed":67,"numerosity":107,"matchType":"unpaired","which":"second","trial_type":"numerosity-estimation","trial_index":183,"time_elapsed":780563,"subject_id":"77664"},{"rt":2062,"stimulus":68,"slider_start":100,"sprites":"marbles","response":108,"absDeviation":42,"callibration":"test","block":10,"seed":68,"numerosity":150,"matchType":"unpaired","which":"second","trial_type":"numerosity-estimation","trial_index":184,"time_elapsed":782627,"subject_id":"77664"},{"rt":2103,"stimulus":70,"slider_start":100,"sprites":"rocks","response":115,"absDeviation":23,"callibration":"test","block":10,"seed":70,"numerosity":92,"matchType":"paired","which":"first","trial_type":"numerosity-estimation","trial_index":185,"time_elapsed":784732,"subject_id":"77664"},{"rt":2199,"stimulus":70,"slider_start":100,"sprites":"rocks","response":115,"absDeviation":23,"callibration":"test","block":10,"seed":70,"numerosity":92,"matchType":"paired","which":"second","trial_type":"numerosity-estimation","trial_index":186,"time_elapsed":786934,"subject_id":"77664"},{"rt":2196,"stimulus":71,"slider_start":100,"sprites":"buttons","response":133,"absDeviation":26,"callibration":"test","block":10,"seed":71,"numerosity":107,"matchType":"unpaired","which":"second","trial_type":"numerosity-estimation","trial_index":187,"time_elapsed":789132,"subject_id":"77664"},{"rt":1856,"stimulus":72,"slider_start":100,"sprites":"animalCrackers","response":86,"absDeviation":36,"callibration":"test","block":10,"seed":72,"numerosity":50,"matchType":"unpaired","which":"second","trial_type":"numerosity-estimation","trial_index":188,"time_elapsed":790991,"subject_id":"77664"},{"rt":3786,"stimulus":74,"slider_start":100,"sprites":"butterflies","response":73,"absDeviation":9,"callibration":"test","block":10,"seed":74,"numerosity":64,"matchType":"paired","which":"first","trial_type":"numerosity-estimation","trial_index":189,"time_elapsed":794780,"subject_id":"77664"},{"rt":2569,"stimulus":74,"slider_start":100,"sprites":"butterflies","response":84,"absDeviation":20,"callibration":"test","block":10,"seed":74,"numerosity":64,"matchType":"paired","which":"second","trial_type":"numerosity-estimation","trial_index":190,"time_elapsed":797351,"subject_id":"77664"},{"rt":2309,"stimulus":75,"slider_start":100,"sprites":"hearts","response":105,"absDeviation":13,"callibration":"test","block":10,"seed":75,"numerosity":92,"matchType":"unpaired","which":"second","trial_type":"numerosity-estimation","trial_index":191,"time_elapsed":799662,"subject_id":"77664"},{"rt":1715,"stimulus":76,"slider_start":100,"sprites":"crackers","response":100,"absDeviation":36,"callibration":"test","block":10,"seed":76,"numerosity":64,"matchType":"unpaired","which":"second","trial_type":"numerosity-estimation","trial_index":192,"time_elapsed":801380,"subject_id":"77664"},{"rt":2653,"stimulus":78,"slider_start":100,"sprites":"fruits","response":104,"absDeviation":40,"callibration":"test","block":10,"seed":78,"numerosity":64,"matchType":"paired","which":"first","trial_type":"numerosity-estimation","trial_index":193,"time_elapsed":804036,"subject_id":"77664"},{"rt":2120,"stimulus":78,"slider_start":100,"sprites":"fruits","response":104,"absDeviation":40,"callibration":"test","block":10,"seed":78,"numerosity":64,"matchType":"paired","which":"second","trial_type":"numerosity-estimation","trial_index":194,"time_elapsed":806159,"subject_id":"77664"},{"rt":3278,"stimulus":79,"slider_start":100,"sprites":"jellyBeans","response":76,"absDeviation":26,"callibration":"test","block":10,"seed":79,"numerosity":50,"matchType":"unpaired","which":"second","trial_type":"numerosity-estimation","trial_index":195,"time_elapsed":809439,"subject_id":"77664"},{"rt":2204,"stimulus":80,"slider_start":100,"sprites":"marbles","response":114,"absDeviation":7,"callibration":"test","block":10,"seed":80,"numerosity":121,"matchType":"unpaired","which":"second","trial_type":"numerosity-estimation","trial_index":196,"time_elapsed":811646,"subject_id":"77664"},{"rt":3757,"stimulus":"<p> For the last block of trials, the average deviation of your guesses from correct answers was 25.</p>\n     <p>The smaller the deviation the better.  Your deviation was <b> good</b>.</p><br>\n       <p>Press any key to continue to the next block of trials</p>","response":" ","trial_type":"html-keyboard-response","trial_index":197,"time_elapsed":815404,"subject_id":"77664"},{"rt":3515,"stimulus":82,"slider_start":100,"sprites":"rocks","response":100,"absDeviation":36,"callibration":"test","block":11,"seed":82,"numerosity":64,"matchType":"paired","which":"first","trial_type":"numerosity-estimation","trial_index":198,"time_elapsed":818922,"subject_id":"77664"},{"rt":1720,"stimulus":82,"slider_start":100,"sprites":"rocks","response":99,"absDeviation":35,"callibration":"test","block":11,"seed":82,"numerosity":64,"matchType":"paired","which":"second","trial_type":"numerosity-estimation","trial_index":199,"time_elapsed":820644,"subject_id":"77664"},{"rt":2227,"stimulus":83,"slider_start":100,"sprites":"buttons","response":128,"absDeviation":7,"callibration":"test","block":11,"seed":83,"numerosity":121,"matchType":"unpaired","which":"second","trial_type":"numerosity-estimation","trial_index":200,"time_elapsed":822875,"subject_id":"77664"},{"rt":2404,"stimulus":84,"slider_start":100,"sprites":"animalCrackers","response":79,"absDeviation":29,"callibration":"test","block":11,"seed":84,"numerosity":50,"matchType":"unpaired","which":"second","trial_type":"numerosity-estimation","trial_index":201,"time_elapsed":825282,"subject_id":"77664"},{"rt":2424,"stimulus":86,"slider_start":100,"sprites":"butterflies","response":109,"absDeviation":12,"callibration":"test","block":11,"seed":86,"numerosity":121,"matchType":"paired","which":"first","trial_type":"numerosity-estimation","trial_index":202,"time_elapsed":827709,"subject_id":"77664"},{"rt":2108,"stimulus":86,"slider_start":100,"sprites":"butterflies","response":108,"absDeviation":13,"callibration":"test","block":11,"seed":86,"numerosity":121,"matchType":"paired","which":"second","trial_type":"numerosity-estimation","trial_index":203,"time_elapsed":829819,"subject_id":"77664"},{"rt":1980,"stimulus":87,"slider_start":100,"sprites":"hearts","response":69,"absDeviation":19,"callibration":"test","block":11,"seed":87,"numerosity":50,"matchType":"unpaired","which":"second","trial_type":"numerosity-estimation","trial_index":204,"time_elapsed":831801,"subject_id":"77664"},{"rt":2566,"stimulus":88,"slider_start":100,"sprites":"crackers","response":155,"absDeviation":20,"callibration":"test","block":11,"seed":88,"numerosity":135,"matchType":"unpaired","which":"second","trial_type":"numerosity-estimation","trial_index":205,"time_elapsed":834370,"subject_id":"77664"},{"rt":2407,"stimulus":90,"slider_start":100,"sprites":"fruits","response":160,"absDeviation":10,"callibration":"test","block":11,"seed":90,"numerosity":150,"matchType":"paired","which":"first","trial_type":"numerosity-estimation","trial_index":206,"time_elapsed":836780,"subject_id":"77664"},{"rt":2509,"stimulus":90,"slider_start":100,"sprites":"fruits","response":175,"absDeviation":25,"callibration":"test","block":11,"seed":90,"numerosity":150,"matchType":"paired","which":"second","trial_type":"numerosity-estimation","trial_index":207,"time_elapsed":839292,"subject_id":"77664"},{"rt":3420,"stimulus":91,"slider_start":100,"sprites":"jellyBeans","response":120,"absDeviation":28,"callibration":"test","block":11,"seed":91,"numerosity":92,"matchType":"unpaired","which":"second","trial_type":"numerosity-estimation","trial_index":208,"time_elapsed":842715,"subject_id":"77664"},{"rt":2517,"stimulus":92,"slider_start":100,"sprites":"marbles","response":113,"absDeviation":8,"callibration":"test","block":11,"seed":92,"numerosity":121,"matchType":"unpaired","which":"second","trial_type":"numerosity-estimation","trial_index":209,"time_elapsed":845235,"subject_id":"77664"},{"rt":2180,"stimulus":94,"slider_start":100,"sprites":"rocks","response":129,"absDeviation":51,"callibration":"test","block":11,"seed":94,"numerosity":78,"matchType":"paired","which":"first","trial_type":"numerosity-estimation","trial_index":210,"time_elapsed":847417,"subject_id":"77664"},{"rt":2131,"stimulus":94,"slider_start":100,"sprites":"rocks","response":128,"absDeviation":50,"callibration":"test","block":11,"seed":94,"numerosity":78,"matchType":"paired","which":"second","trial_type":"numerosity-estimation","trial_index":211,"time_elapsed":849552,"subject_id":"77664"},{"rt":2295,"stimulus":95,"slider_start":100,"sprites":"buttons","response":102,"absDeviation":38,"callibration":"test","block":11,"seed":95,"numerosity":64,"matchType":"unpaired","which":"second","trial_type":"numerosity-estimation","trial_index":212,"time_elapsed":851849,"subject_id":"77664"},{"rt":2349,"stimulus":96,"slider_start":100,"sprites":"animalCrackers","response":129,"absDeviation":37,"callibration":"test","block":11,"seed":96,"numerosity":92,"matchType":"unpaired","which":"second","trial_type":"numerosity-estimation","trial_index":213,"time_elapsed":854202,"subject_id":"77664"},{"rt":975,"stimulus":"<p> For the last block of trials, the average deviation of your guesses from correct answers was 26.</p>\n     <p>The smaller the deviation the better.  Your deviation was <b> good</b>.</p><br>\n       <p>Press any key to continue to the next block of trials</p>","response":" ","trial_type":"html-keyboard-response","trial_index":214,"time_elapsed":855178,"subject_id":"77664"},{"rt":13319,"response":{"averageEstimates":"When the two displays were separated in time.","firstOrSecond":"The first time the objects were shown"},"question_order":[0,1],"trial_type":"survey-multi-choice","trial_index":215,"time_elapsed":868499,"subject_id":"77664"}]