[{"rt":32452,"url":"consent.html","trial_type":"external-html","trial_index":0,"time_elapsed":32496,"subject_id":"78325"},{"view_history":[{"page_index":0,"viewing_time":20880}],"rt":20881,"trial_type":"instructions","trial_index":1,"time_elapsed":53378,"subject_id":"78325"},{"rt":6942,"stimulus":0,"slider_start":100,"sprites":"animalCrackers","response":100,"absDeviation":50,"callibration":"callibration","block":-1,"seed":0,"numerosity":50,"matchType":"callibration","which":"first","trial_type":"numerosity-estimation","trial_index":2,"time_elapsed":60328,"subject_id":"78325"},{"rt":10513,"stimulus":1,"slider_start":100,"sprites":"letters","response":100,"absDeviation":36,"callibration":"callibration","block":-1,"seed":1,"numerosity":64,"matchType":"callibration","which":"first","trial_type":"numerosity-estimation","trial_index":3,"time_elapsed":70845,"subject_id":"78325"},{"rt":2880,"stimulus":2,"slider_start":100,"sprites":"butterflies","response":100,"absDeviation":22,"callibration":"callibration","block":-1,"seed":2,"numerosity":78,"matchType":"callibration","which":"first","trial_type":"numerosity-estimation","trial_index":4,"time_elapsed":73728,"subject_id":"78325"},{"rt":2130,"stimulus":3,"slider_start":100,"sprites":"hearts","response":100,"absDeviation":8,"callibration":"callibration","block":-1,"seed":3,"numerosity":92,"matchType":"callibration","which":"first","trial_type":"numerosity-estimation","trial_index":5,"time_elapsed":75862,"subject_id":"78325"},{"rt":2013,"stimulus":4,"slider_start":100,"sprites":"crackers","response":100,"absDeviation":7,"callibration":"callibration","block":-1,"seed":4,"numerosity":107,"matchType":"callibration","which":"first","trial_type":"numerosity-estimation","trial_index":6,"time_elapsed":77878,"subject_id":"78325"},{"rt":1980,"stimulus":5,"slider_start":100,"sprites":"bears","response":100,"absDeviation":21,"callibration":"callibration","block":-1,"seed":5,"numerosity":121,"matchType":"callibration","which":"first","trial_type":"numerosity-estimation","trial_index":7,"time_elapsed":79862,"subject_id":"78325"},{"rt":2313,"stimulus":6,"slider_start":100,"sprites":"fruits","response":100,"absDeviation":35,"callibration":"callibration","block":-1,"seed":6,"numerosity":135,"matchType":"callibration","which":"first","trial_type":"numerosity-estimation","trial_index":8,"time_elapsed":82178,"subject_id":"78325"},{"rt":2464,"stimulus":7,"slider_start":100,"sprites":"jellyBeans","response":100,"absDeviation":50,"callibration":"callibration","block":-1,"seed":7,"numerosity":150,"matchType":"callibration","which":"first","trial_type":"numerosity-estimation","trial_index":9,"time_elapsed":84645,"subject_id":"78325"},{"view_history":[{"page_index":0,"viewing_time":5548}],"rt":5548,"trial_type":"instructions","trial_index":10,"time_elapsed":90195,"subject_id":"78325"},{"rt":6197,"stimulus":1,"slider_start":100,"sprites":"letters","response":106,"absDeviation":14,"callibration":"test","block":0,"seed":1,"numerosity":92,"matchType":"paired","which":"first","trial_type":"numerosity-estimation","trial_index":11,"time_elapsed":96395,"subject_id":"78325"},{"rt":5880,"stimulus":1,"slider_start":100,"sprites":"letters","response":107,"absDeviation":15,"callibration":"test","block":0,"seed":1,"numerosity":92,"matchType":"paired","which":"second","trial_type":"numerosity-estimation","trial_index":12,"time_elapsed":102278,"subject_id":"78325"},{"rt":7914,"stimulus":3,"slider_start":100,"sprites":"hearts","response":76,"absDeviation":26,"callibration":"test","block":0,"seed":3,"numerosity":50,"matchType":"unpaired","which":"first","trial_type":"numerosity-estimation","trial_index":13,"time_elapsed":110195,"subject_id":"78325"},{"rt":5730,"stimulus":4,"slider_start":100,"sprites":"crackers","response":94,"absDeviation":13,"callibration":"test","block":0,"seed":4,"numerosity":107,"matchType":"unpaired","which":"first","trial_type":"numerosity-estimation","trial_index":14,"time_elapsed":115928,"subject_id":"78325"},{"rt":9448,"stimulus":5,"slider_start":100,"sprites":"bears","response":55,"absDeviation":5,"callibration":"test","block":0,"seed":5,"numerosity":50,"matchType":"paired","which":"first","trial_type":"numerosity-estimation","trial_index":15,"time_elapsed":125378,"subject_id":"78325"},{"rt":5946,"stimulus":5,"slider_start":100,"sprites":"bears","response":67,"absDeviation":17,"callibration":"test","block":0,"seed":5,"numerosity":50,"matchType":"paired","which":"second","trial_type":"numerosity-estimation","trial_index":16,"time_elapsed":131328,"subject_id":"78325"},{"rt":9864,"stimulus":7,"slider_start":100,"sprites":"jellyBeans","response":80,"absDeviation":30,"callibration":"test","block":0,"seed":7,"numerosity":50,"matchType":"unpaired","which":"first","trial_type":"numerosity-estimation","trial_index":17,"time_elapsed":141194,"subject_id":"78325"},{"rt":6197,"stimulus":8,"slider_start":100,"sprites":"marbles","response":105,"absDeviation":13,"callibration":"test","block":0,"seed":8,"numerosity":92,"matchType":"unpaired","which":"first","trial_type":"numerosity-estimation","trial_index":18,"time_elapsed":147395,"subject_id":"78325"},{"rt":8680,"stimulus":9,"slider_start":100,"sprites":"mints","response":130,"absDeviation":5,"callibration":"test","block":0,"seed":9,"numerosity":135,"matchType":"paired","which":"first","trial_type":"numerosity-estimation","trial_index":19,"time_elapsed":156078,"subject_id":"78325"},{"rt":4164,"stimulus":9,"slider_start":100,"sprites":"mints","response":151,"absDeviation":16,"callibration":"test","block":0,"seed":9,"numerosity":135,"matchType":"paired","which":"second","trial_type":"numerosity-estimation","trial_index":20,"time_elapsed":160244,"subject_id":"78325"},{"rt":3947,"stimulus":11,"slider_start":100,"sprites":"buttons","response":110,"absDeviation":3,"callibration":"test","block":0,"seed":11,"numerosity":107,"matchType":"unpaired","which":"first","trial_type":"numerosity-estimation","trial_index":21,"time_elapsed":164194,"subject_id":"78325"},{"rt":5531,"stimulus":12,"slider_start":100,"sprites":"animalCrackers","response":114,"absDeviation":22,"callibration":"test","block":0,"seed":12,"numerosity":92,"matchType":"unpaired","which":"first","trial_type":"numerosity-estimation","trial_index":22,"time_elapsed":169728,"subject_id":"78325"},{"rt":3331,"stimulus":13,"slider_start":100,"sprites":"letters","response":88,"absDeviation":19,"callibration":"test","block":0,"seed":13,"numerosity":107,"matchType":"paired","which":"first","trial_type":"numerosity-estimation","trial_index":23,"time_elapsed":173061,"subject_id":"78325"},{"rt":3430,"stimulus":13,"slider_start":100,"sprites":"letters","response":105,"absDeviation":2,"callibration":"test","block":0,"seed":13,"numerosity":107,"matchType":"paired","which":"second","trial_type":"numerosity-estimation","trial_index":24,"time_elapsed":176494,"subject_id":"78325"},{"rt":3531,"stimulus":15,"slider_start":100,"sprites":"hearts","response":120,"absDeviation":1,"callibration":"test","block":0,"seed":15,"numerosity":121,"matchType":"unpaired","which":"first","trial_type":"numerosity-estimation","trial_index":25,"time_elapsed":180028,"subject_id":"78325"},{"rt":2930,"stimulus":16,"slider_start":100,"sprites":"crackers","response":89,"absDeviation":25,"callibration":"test","block":0,"seed":16,"numerosity":64,"matchType":"unpaired","which":"first","trial_type":"numerosity-estimation","trial_index":26,"time_elapsed":182961,"subject_id":"78325"},{"rt":10690,"stimulus":"<p> For the last block of trials, the average deviation of your guesses from correct answers was 14.</p>\n     <p>The smaller the deviation the better.  Your deviation was <b> AMAZINGLY good</b>.</p><br>\n       <p>Press any key to continue to the next block of trials</p>","response":"j","trial_type":"html-keyboard-response","trial_index":27,"time_elapsed":193655,"subject_id":"78325"},{"rt":5236,"stimulus":17,"slider_start":100,"sprites":"bears","response":106,"absDeviation":14,"callibration":"test","block":1,"seed":17,"numerosity":92,"matchType":"paired","which":"first","trial_type":"numerosity-estimation","trial_index":28,"time_elapsed":198894,"subject_id":"78325"},{"rt":4798,"stimulus":17,"slider_start":100,"sprites":"bears","response":110,"absDeviation":18,"callibration":"test","block":1,"seed":17,"numerosity":92,"matchType":"paired","which":"second","trial_type":"numerosity-estimation","trial_index":29,"time_elapsed":203695,"subject_id":"78325"},{"rt":4046,"stimulus":19,"slider_start":100,"sprites":"jellyBeans","response":120,"absDeviation":15,"callibration":"test","block":1,"seed":19,"numerosity":135,"matchType":"unpaired","which":"first","trial_type":"numerosity-estimation","trial_index":30,"time_elapsed":207744,"subject_id":"78325"},{"rt":5697,"stimulus":20,"slider_start":100,"sprites":"marbles","response":73,"absDeviation":5,"callibration":"test","block":1,"seed":20,"numerosity":78,"matchType":"unpaired","which":"first","trial_type":"numerosity-estimation","trial_index":31,"time_elapsed":213444,"subject_id":"78325"},{"rt":4097,"stimulus":21,"slider_start":100,"sprites":"mints","response":86,"absDeviation":6,"callibration":"test","block":1,"seed":21,"numerosity":92,"matchType":"paired","which":"first","trial_type":"numerosity-estimation","trial_index":32,"time_elapsed":217544,"subject_id":"78325"},{"rt":3464,"stimulus":21,"slider_start":100,"sprites":"mints","response":89,"absDeviation":3,"callibration":"test","block":1,"seed":21,"numerosity":92,"matchType":"paired","which":"second","trial_type":"numerosity-estimation","trial_index":33,"time_elapsed":221011,"subject_id":"78325"},{"rt":7380,"stimulus":23,"slider_start":100,"sprites":"buttons","response":142,"absDeviation":8,"callibration":"test","block":1,"seed":23,"numerosity":150,"matchType":"unpaired","which":"first","trial_type":"numerosity-estimation","trial_index":34,"time_elapsed":228394,"subject_id":"78325"},{"rt":4081,"stimulus":24,"slider_start":100,"sprites":"animalCrackers","response":105,"absDeviation":2,"callibration":"test","block":1,"seed":24,"numerosity":107,"matchType":"unpaired","which":"first","trial_type":"numerosity-estimation","trial_index":35,"time_elapsed":232477,"subject_id":"78325"},{"rt":3214,"stimulus":25,"slider_start":100,"sprites":"letters","response":123,"absDeviation":16,"callibration":"test","block":1,"seed":25,"numerosity":107,"matchType":"paired","which":"first","trial_type":"numerosity-estimation","trial_index":36,"time_elapsed":235694,"subject_id":"78325"},{"rt":4430,"stimulus":25,"slider_start":100,"sprites":"letters","response":127,"absDeviation":20,"callibration":"test","block":1,"seed":25,"numerosity":107,"matchType":"paired","which":"second","trial_type":"numerosity-estimation","trial_index":37,"time_elapsed":240127,"subject_id":"78325"},{"rt":6614,"stimulus":27,"slider_start":100,"sprites":"hearts","response":112,"absDeviation":9,"callibration":"test","block":1,"seed":27,"numerosity":121,"matchType":"unpaired","which":"first","trial_type":"numerosity-estimation","trial_index":38,"time_elapsed":246744,"subject_id":"78325"},{"rt":3413,"stimulus":28,"slider_start":100,"sprites":"crackers","response":138,"absDeviation":12,"callibration":"test","block":1,"seed":28,"numerosity":150,"matchType":"unpaired","which":"first","trial_type":"numerosity-estimation","trial_index":39,"time_elapsed":250161,"subject_id":"78325"},{"rt":3447,"stimulus":29,"slider_start":100,"sprites":"bears","response":81,"absDeviation":17,"callibration":"test","block":1,"seed":29,"numerosity":64,"matchType":"paired","which":"first","trial_type":"numerosity-estimation","trial_index":40,"time_elapsed":253611,"subject_id":"78325"},{"rt":3047,"stimulus":29,"slider_start":100,"sprites":"bears","response":83,"absDeviation":19,"callibration":"test","block":1,"seed":29,"numerosity":64,"matchType":"paired","which":"second","trial_type":"numerosity-estimation","trial_index":41,"time_elapsed":256661,"subject_id":"78325"},{"rt":3197,"stimulus":31,"slider_start":100,"sprites":"jellyBeans","response":110,"absDeviation":40,"callibration":"test","block":1,"seed":31,"numerosity":150,"matchType":"unpaired","which":"first","trial_type":"numerosity-estimation","trial_index":42,"time_elapsed":259861,"subject_id":"78325"},{"rt":3230,"stimulus":32,"slider_start":100,"sprites":"marbles","response":111,"absDeviation":24,"callibration":"test","block":1,"seed":32,"numerosity":135,"matchType":"unpaired","which":"first","trial_type":"numerosity-estimation","trial_index":43,"time_elapsed":263094,"subject_id":"78325"},{"rt":2436,"stimulus":"<p> For the last block of trials, the average deviation of your guesses from correct answers was 14.</p>\n     <p>The smaller the deviation the better.  Your deviation was <b> AMAZINGLY good</b>.</p><br>\n       <p>Press any key to continue to the next block of trials</p>","response":"j","trial_type":"html-keyboard-response","trial_index":44,"time_elapsed":265532,"subject_id":"78325"},{"rt":3193,"stimulus":33,"slider_start":100,"sprites":"mints","response":113,"absDeviation":8,"callibration":"test","block":2,"seed":33,"numerosity":121,"matchType":"paired","which":"first","trial_type":"numerosity-estimation","trial_index":45,"time_elapsed":268728,"subject_id":"78325"},{"rt":2847,"stimulus":33,"slider_start":100,"sprites":"mints","response":114,"absDeviation":7,"callibration":"test","block":2,"seed":33,"numerosity":121,"matchType":"paired","which":"second","trial_type":"numerosity-estimation","trial_index":46,"time_elapsed":271577,"subject_id":"78325"},{"rt":4464,"stimulus":35,"slider_start":100,"sprites":"buttons","response":90,"absDeviation":12,"callibration":"test","block":2,"seed":35,"numerosity":78,"matchType":"unpaired","which":"first","trial_type":"numerosity-estimation","trial_index":47,"time_elapsed":276044,"subject_id":"78325"},{"rt":4063,"stimulus":36,"slider_start":100,"sprites":"animalCrackers","response":81,"absDeviation":31,"callibration":"test","block":2,"seed":36,"numerosity":50,"matchType":"unpaired","which":"first","trial_type":"numerosity-estimation","trial_index":48,"time_elapsed":280109,"subject_id":"78325"},{"rt":3551,"stimulus":37,"slider_start":100,"sprites":"letters","response":118,"absDeviation":17,"callibration":"test","block":2,"seed":37,"numerosity":135,"matchType":"paired","which":"first","trial_type":"numerosity-estimation","trial_index":49,"time_elapsed":283661,"subject_id":"78325"},{"rt":3181,"stimulus":37,"slider_start":100,"sprites":"letters","response":120,"absDeviation":15,"callibration":"test","block":2,"seed":37,"numerosity":135,"matchType":"paired","which":"second","trial_type":"numerosity-estimation","trial_index":50,"time_elapsed":286845,"subject_id":"78325"},{"rt":4846,"stimulus":39,"slider_start":100,"sprites":"hearts","response":98,"absDeviation":20,"callibration":"test","block":2,"seed":39,"numerosity":78,"matchType":"unpaired","which":"first","trial_type":"numerosity-estimation","trial_index":51,"time_elapsed":291694,"subject_id":"78325"},{"rt":3281,"stimulus":40,"slider_start":100,"sprites":"crackers","response":108,"absDeviation":13,"callibration":"test","block":2,"seed":40,"numerosity":121,"matchType":"unpaired","which":"first","trial_type":"numerosity-estimation","trial_index":52,"time_elapsed":294978,"subject_id":"78325"},{"rt":3713,"stimulus":41,"slider_start":100,"sprites":"bears","response":63,"absDeviation":13,"callibration":"test","block":2,"seed":41,"numerosity":50,"matchType":"paired","which":"first","trial_type":"numerosity-estimation","trial_index":53,"time_elapsed":298694,"subject_id":"78325"},{"rt":3047,"stimulus":41,"slider_start":100,"sprites":"bears","response":59,"absDeviation":9,"callibration":"test","block":2,"seed":41,"numerosity":50,"matchType":"paired","which":"second","trial_type":"numerosity-estimation","trial_index":54,"time_elapsed":301744,"subject_id":"78325"},{"rt":2964,"stimulus":43,"slider_start":100,"sprites":"jellyBeans","response":88,"absDeviation":24,"callibration":"test","block":2,"seed":43,"numerosity":64,"matchType":"unpaired","which":"first","trial_type":"numerosity-estimation","trial_index":55,"time_elapsed":304711,"subject_id":"78325"},{"rt":3297,"stimulus":44,"slider_start":100,"sprites":"marbles","response":115,"absDeviation":6,"callibration":"test","block":2,"seed":44,"numerosity":121,"matchType":"unpaired","which":"first","trial_type":"numerosity-estimation","trial_index":56,"time_elapsed":308011,"subject_id":"78325"},{"rt":3664,"stimulus":45,"slider_start":100,"sprites":"mints","response":124,"absDeviation":3,"callibration":"test","block":2,"seed":45,"numerosity":121,"matchType":"paired","which":"first","trial_type":"numerosity-estimation","trial_index":57,"time_elapsed":311677,"subject_id":"78325"},{"rt":3047,"stimulus":45,"slider_start":100,"sprites":"mints","response":129,"absDeviation":8,"callibration":"test","block":2,"seed":45,"numerosity":121,"matchType":"paired","which":"second","trial_type":"numerosity-estimation","trial_index":58,"time_elapsed":314728,"subject_id":"78325"},{"rt":3797,"stimulus":47,"slider_start":100,"sprites":"buttons","response":125,"absDeviation":4,"callibration":"test","block":2,"seed":47,"numerosity":121,"matchType":"unpaired","which":"first","trial_type":"numerosity-estimation","trial_index":59,"time_elapsed":318527,"subject_id":"78325"},{"rt":3047,"stimulus":48,"slider_start":100,"sprites":"animalCrackers","response":134,"absDeviation":1,"callibration":"test","block":2,"seed":48,"numerosity":135,"matchType":"unpaired","which":"first","trial_type":"numerosity-estimation","trial_index":60,"time_elapsed":321577,"subject_id":"78325"},{"rt":2401,"stimulus":"<p> For the last block of trials, the average deviation of your guesses from correct answers was 12.</p>\n     <p>The smaller the deviation the better.  Your deviation was <b> AMAZINGLY good</b>.</p><br>\n       <p>Press any key to continue to the next block of trials</p>","response":"j","trial_type":"html-keyboard-response","trial_index":61,"time_elapsed":323980,"subject_id":"78325"},{"rt":3795,"stimulus":49,"slider_start":100,"sprites":"letters","response":90,"absDeviation":12,"callibration":"test","block":3,"seed":49,"numerosity":78,"matchType":"paired","which":"first","trial_type":"numerosity-estimation","trial_index":62,"time_elapsed":327777,"subject_id":"78325"},{"rt":4347,"stimulus":49,"slider_start":100,"sprites":"letters","response":98,"absDeviation":20,"callibration":"test","block":3,"seed":49,"numerosity":78,"matchType":"paired","which":"second","trial_type":"numerosity-estimation","trial_index":63,"time_elapsed":332127,"subject_id":"78325"},{"rt":4264,"stimulus":51,"slider_start":100,"sprites":"hearts","response":113,"absDeviation":37,"callibration":"test","block":3,"seed":51,"numerosity":150,"matchType":"unpaired","which":"first","trial_type":"numerosity-estimation","trial_index":64,"time_elapsed":336394,"subject_id":"78325"},{"rt":4332,"stimulus":52,"slider_start":100,"sprites":"crackers","response":96,"absDeviation":18,"callibration":"test","block":3,"seed":52,"numerosity":78,"matchType":"unpaired","which":"first","trial_type":"numerosity-estimation","trial_index":65,"time_elapsed":340729,"subject_id":"78325"},{"rt":4512,"stimulus":53,"slider_start":100,"sprites":"bears","response":94,"absDeviation":44,"callibration":"test","block":3,"seed":53,"numerosity":50,"matchType":"paired","which":"first","trial_type":"numerosity-estimation","trial_index":66,"time_elapsed":345244,"subject_id":"78325"},{"rt":2714,"stimulus":53,"slider_start":100,"sprites":"bears","response":94,"absDeviation":44,"callibration":"test","block":3,"seed":53,"numerosity":50,"matchType":"paired","which":"second","trial_type":"numerosity-estimation","trial_index":67,"time_elapsed":347961,"subject_id":"78325"},{"rt":3547,"stimulus":55,"slider_start":100,"sprites":"jellyBeans","response":125,"absDeviation":4,"callibration":"test","block":3,"seed":55,"numerosity":121,"matchType":"unpaired","which":"first","trial_type":"numerosity-estimation","trial_index":68,"time_elapsed":351511,"subject_id":"78325"},{"rt":4713,"stimulus":56,"slider_start":100,"sprites":"marbles","response":90,"absDeviation":26,"callibration":"test","block":3,"seed":56,"numerosity":64,"matchType":"unpaired","which":"first","trial_type":"numerosity-estimation","trial_index":69,"time_elapsed":356227,"subject_id":"78325"},{"rt":5747,"stimulus":57,"slider_start":100,"sprites":"mints","response":89,"absDeviation":25,"callibration":"test","block":3,"seed":57,"numerosity":64,"matchType":"paired","which":"first","trial_type":"numerosity-estimation","trial_index":70,"time_elapsed":361977,"subject_id":"78325"},{"rt":2430,"stimulus":57,"slider_start":100,"sprites":"mints","response":90,"absDeviation":26,"callibration":"test","block":3,"seed":57,"numerosity":64,"matchType":"paired","which":"second","trial_type":"numerosity-estimation","trial_index":71,"time_elapsed":364410,"subject_id":"78325"},{"rt":2998,"stimulus":59,"slider_start":100,"sprites":"buttons","response":134,"absDeviation":1,"callibration":"test","block":3,"seed":59,"numerosity":135,"matchType":"unpaired","which":"first","trial_type":"numerosity-estimation","trial_index":72,"time_elapsed":367411,"subject_id":"78325"},{"rt":4230,"stimulus":60,"slider_start":100,"sprites":"animalCrackers","response":124,"absDeviation":26,"callibration":"test","block":3,"seed":60,"numerosity":150,"matchType":"unpaired","which":"first","trial_type":"numerosity-estimation","trial_index":73,"time_elapsed":371644,"subject_id":"78325"},{"rt":2565,"stimulus":61,"slider_start":100,"sprites":"letters","response":87,"absDeviation":37,"callibration":"test","block":3,"seed":61,"numerosity":50,"matchType":"paired","which":"first","trial_type":"numerosity-estimation","trial_index":74,"time_elapsed":374211,"subject_id":"78325"},{"rt":2580,"stimulus":61,"slider_start":100,"sprites":"letters","response":83,"absDeviation":33,"callibration":"test","block":3,"seed":61,"numerosity":50,"matchType":"paired","which":"second","trial_type":"numerosity-estimation","trial_index":75,"time_elapsed":376794,"subject_id":"78325"},{"rt":2181,"stimulus":63,"slider_start":100,"sprites":"hearts","response":83,"absDeviation":19,"callibration":"test","block":3,"seed":63,"numerosity":64,"matchType":"unpaired","which":"first","trial_type":"numerosity-estimation","trial_index":76,"time_elapsed":378977,"subject_id":"78325"},{"rt":3697,"stimulus":64,"slider_start":100,"sprites":"crackers","response":104,"absDeviation":31,"callibration":"test","block":3,"seed":64,"numerosity":135,"matchType":"unpaired","which":"first","trial_type":"numerosity-estimation","trial_index":77,"time_elapsed":382677,"subject_id":"78325"},{"rt":1598,"stimulus":"<p> For the last block of trials, the average deviation of your guesses from correct answers was 25.</p>\n     <p>The smaller the deviation the better.  Your deviation was <b> good</b>.</p><br>\n       <p>Press any key to continue to the next block of trials</p>","response":" ","trial_type":"html-keyboard-response","trial_index":78,"time_elapsed":384277,"subject_id":"78325"},{"rt":3430,"stimulus":65,"slider_start":100,"sprites":"bears","response":115,"absDeviation":8,"callibration":"test","block":4,"seed":65,"numerosity":107,"matchType":"paired","which":"first","trial_type":"numerosity-estimation","trial_index":79,"time_elapsed":387711,"subject_id":"78325"},{"rt":3563,"stimulus":65,"slider_start":100,"sprites":"bears","response":120,"absDeviation":13,"callibration":"test","block":4,"seed":65,"numerosity":107,"matchType":"paired","which":"second","trial_type":"numerosity-estimation","trial_index":80,"time_elapsed":391277,"subject_id":"78325"},{"rt":2414,"stimulus":67,"slider_start":100,"sprites":"jellyBeans","response":119,"absDeviation":12,"callibration":"test","block":4,"seed":67,"numerosity":107,"matchType":"unpaired","which":"first","trial_type":"numerosity-estimation","trial_index":81,"time_elapsed":393694,"subject_id":"78325"},{"rt":4230,"stimulus":68,"slider_start":100,"sprites":"marbles","response":114,"absDeviation":36,"callibration":"test","block":4,"seed":68,"numerosity":150,"matchType":"unpaired","which":"first","trial_type":"numerosity-estimation","trial_index":82,"time_elapsed":397927,"subject_id":"78325"},{"rt":5447,"stimulus":69,"slider_start":100,"sprites":"mints","response":135,"absDeviation":14,"callibration":"test","block":4,"seed":69,"numerosity":121,"matchType":"paired","which":"first","trial_type":"numerosity-estimation","trial_index":83,"time_elapsed":403377,"subject_id":"78325"},{"rt":2714,"stimulus":69,"slider_start":100,"sprites":"mints","response":137,"absDeviation":16,"callibration":"test","block":4,"seed":69,"numerosity":121,"matchType":"paired","which":"second","trial_type":"numerosity-estimation","trial_index":84,"time_elapsed":406094,"subject_id":"78325"},{"rt":2530,"stimulus":71,"slider_start":100,"sprites":"buttons","response":131,"absDeviation":24,"callibration":"test","block":4,"seed":71,"numerosity":107,"matchType":"unpaired","which":"first","trial_type":"numerosity-estimation","trial_index":85,"time_elapsed":408627,"subject_id":"78325"},{"rt":4330,"stimulus":72,"slider_start":100,"sprites":"animalCrackers","response":91,"absDeviation":41,"callibration":"test","block":4,"seed":72,"numerosity":50,"matchType":"unpaired","which":"first","trial_type":"numerosity-estimation","trial_index":86,"time_elapsed":412960,"subject_id":"78325"},{"rt":20449,"stimulus":73,"slider_start":100,"sprites":"letters","response":93,"absDeviation":15,"callibration":"test","block":4,"seed":73,"numerosity":78,"matchType":"paired","which":"first","trial_type":"numerosity-estimation","trial_index":87,"time_elapsed":433410,"subject_id":"78325"},{"rt":3697,"stimulus":73,"slider_start":100,"sprites":"letters","response":95,"absDeviation":17,"callibration":"test","block":4,"seed":73,"numerosity":78,"matchType":"paired","which":"second","trial_type":"numerosity-estimation","trial_index":88,"time_elapsed":437110,"subject_id":"78325"},{"rt":35181,"stimulus":75,"slider_start":100,"sprites":"hearts","response":109,"absDeviation":17,"callibration":"test","block":4,"seed":75,"numerosity":92,"matchType":"unpaired","which":"first","trial_type":"numerosity-estimation","trial_index":89,"time_elapsed":472294,"subject_id":"78325"},{"rt":33098,"stimulus":76,"slider_start":100,"sprites":"crackers","response":91,"absDeviation":27,"callibration":"test","block":4,"seed":76,"numerosity":64,"matchType":"unpaired","which":"first","trial_type":"numerosity-estimation","trial_index":90,"time_elapsed":505394,"subject_id":"78325"},{"rt":3380,"stimulus":77,"slider_start":100,"sprites":"bears","response":107,"absDeviation":28,"callibration":"test","block":4,"seed":77,"numerosity":135,"matchType":"paired","which":"first","trial_type":"numerosity-estimation","trial_index":91,"time_elapsed":508777,"subject_id":"78325"},{"rt":3280,"stimulus":77,"slider_start":100,"sprites":"bears","response":106,"absDeviation":29,"callibration":"test","block":4,"seed":77,"numerosity":135,"matchType":"paired","which":"second","trial_type":"numerosity-estimation","trial_index":92,"time_elapsed":512060,"subject_id":"78325"},{"rt":2497,"stimulus":79,"slider_start":100,"sprites":"jellyBeans","response":88,"absDeviation":38,"callibration":"test","block":4,"seed":79,"numerosity":50,"matchType":"unpaired","which":"first","trial_type":"numerosity-estimation","trial_index":93,"time_elapsed":514560,"subject_id":"78325"},{"rt":2647,"stimulus":80,"slider_start":100,"sprites":"marbles","response":107,"absDeviation":14,"callibration":"test","block":4,"seed":80,"numerosity":121,"matchType":"unpaired","which":"first","trial_type":"numerosity-estimation","trial_index":94,"time_elapsed":517210,"subject_id":"78325"},{"rt":1969,"stimulus":"<p> For the last block of trials, the average deviation of your guesses from correct answers was 22.</p>\n     <p>The smaller the deviation the better.  Your deviation was <b> VERY good</b>.</p><br>\n       <p>Press any key to continue to the next block of trials</p>","response":"j","trial_type":"html-keyboard-response","trial_index":95,"time_elapsed":519181,"subject_id":"78325"},{"rt":3077,"stimulus":81,"slider_start":100,"sprites":"mints","response":111,"absDeviation":10,"callibration":"test","block":5,"seed":81,"numerosity":121,"matchType":"paired","which":"first","trial_type":"numerosity-estimation","trial_index":96,"time_elapsed":522261,"subject_id":"78325"},{"rt":3614,"stimulus":81,"slider_start":100,"sprites":"mints","response":116,"absDeviation":5,"callibration":"test","block":5,"seed":81,"numerosity":121,"matchType":"paired","which":"second","trial_type":"numerosity-estimation","trial_index":97,"time_elapsed":525877,"subject_id":"78325"},{"rt":2597,"stimulus":83,"slider_start":100,"sprites":"buttons","response":114,"absDeviation":7,"callibration":"test","block":5,"seed":83,"numerosity":121,"matchType":"unpaired","which":"first","trial_type":"numerosity-estimation","trial_index":98,"time_elapsed":528477,"subject_id":"78325"},{"rt":3614,"stimulus":84,"slider_start":100,"sprites":"animalCrackers","response":93,"absDeviation":43,"callibration":"test","block":5,"seed":84,"numerosity":50,"matchType":"unpaired","which":"first","trial_type":"numerosity-estimation","trial_index":99,"time_elapsed":532094,"subject_id":"78325"},{"rt":3814,"stimulus":85,"slider_start":100,"sprites":"letters","response":108,"absDeviation":44,"callibration":"test","block":5,"seed":85,"numerosity":64,"matchType":"paired","which":"first","trial_type":"numerosity-estimation","trial_index":100,"time_elapsed":535910,"subject_id":"78325"},{"rt":3914,"stimulus":85,"slider_start":100,"sprites":"letters","response":93,"absDeviation":29,"callibration":"test","block":5,"seed":85,"numerosity":64,"matchType":"paired","which":"second","trial_type":"numerosity-estimation","trial_index":101,"time_elapsed":539827,"subject_id":"78325"},{"rt":3081,"stimulus":87,"slider_start":100,"sprites":"hearts","response":82,"absDeviation":32,"callibration":"test","block":5,"seed":87,"numerosity":50,"matchType":"unpaired","which":"first","trial_type":"numerosity-estimation","trial_index":102,"time_elapsed":542911,"subject_id":"78325"},{"rt":3997,"stimulus":88,"slider_start":100,"sprites":"crackers","response":116,"absDeviation":19,"callibration":"test","block":5,"seed":88,"numerosity":135,"matchType":"unpaired","which":"first","trial_type":"numerosity-estimation","trial_index":103,"time_elapsed":546910,"subject_id":"78325"},{"rt":5831,"stimulus":89,"slider_start":100,"sprites":"bears","response":72,"absDeviation":22,"callibration":"test","block":5,"seed":89,"numerosity":50,"matchType":"paired","which":"first","trial_type":"numerosity-estimation","trial_index":104,"time_elapsed":552743,"subject_id":"78325"},{"rt":4731,"stimulus":89,"slider_start":100,"sprites":"bears","response":89,"absDeviation":39,"callibration":"test","block":5,"seed":89,"numerosity":50,"matchType":"paired","which":"second","trial_type":"numerosity-estimation","trial_index":105,"time_elapsed":557477,"subject_id":"78325"},{"rt":3698,"stimulus":91,"slider_start":100,"sprites":"jellyBeans","response":109,"absDeviation":17,"callibration":"test","block":5,"seed":91,"numerosity":92,"matchType":"unpaired","which":"first","trial_type":"numerosity-estimation","trial_index":106,"time_elapsed":561177,"subject_id":"78325"},{"rt":2397,"stimulus":92,"slider_start":100,"sprites":"marbles","response":93,"absDeviation":28,"callibration":"test","block":5,"seed":92,"numerosity":121,"matchType":"unpaired","which":"first","trial_type":"numerosity-estimation","trial_index":107,"time_elapsed":563577,"subject_id":"78325"},{"rt":3581,"stimulus":93,"slider_start":100,"sprites":"mints","response":108,"absDeviation":30,"callibration":"test","block":5,"seed":93,"numerosity":78,"matchType":"paired","which":"first","trial_type":"numerosity-estimation","trial_index":108,"time_elapsed":567160,"subject_id":"78325"},{"rt":2280,"stimulus":93,"slider_start":100,"sprites":"mints","response":109,"absDeviation":31,"callibration":"test","block":5,"seed":93,"numerosity":78,"matchType":"paired","which":"second","trial_type":"numerosity-estimation","trial_index":109,"time_elapsed":569443,"subject_id":"78325"},{"rt":3264,"stimulus":95,"slider_start":100,"sprites":"buttons","response":85,"absDeviation":21,"callibration":"test","block":5,"seed":95,"numerosity":64,"matchType":"unpaired","which":"first","trial_type":"numerosity-estimation","trial_index":110,"time_elapsed":572710,"subject_id":"78325"},{"rt":6831,"stimulus":96,"slider_start":100,"sprites":"animalCrackers","response":114,"absDeviation":22,"callibration":"test","block":5,"seed":96,"numerosity":92,"matchType":"unpaired","which":"first","trial_type":"numerosity-estimation","trial_index":111,"time_elapsed":579544,"subject_id":"78325"},{"rt":2006,"stimulus":"<p> For the last block of trials, the average deviation of your guesses from correct answers was 25.</p>\n     <p>The smaller the deviation the better.  Your deviation was <b> good</b>.</p><br>\n       <p>Press any key to continue to the next block of trials</p>","response":"m","trial_type":"html-keyboard-response","trial_index":112,"time_elapsed":581551,"subject_id":"78325"},{"rt":4373,"stimulus":2,"slider_start":100,"sprites":"butterflies","response":93,"absDeviation":42,"callibration":"test","block":6,"seed":2,"numerosity":135,"matchType":"paired","which":"first","trial_type":"numerosity-estimation","trial_index":113,"time_elapsed":585927,"subject_id":"78325"},{"rt":4647,"stimulus":2,"slider_start":100,"sprites":"butterflies","response":102,"absDeviation":33,"callibration":"test","block":6,"seed":2,"numerosity":135,"matchType":"paired","which":"second","trial_type":"numerosity-estimation","trial_index":114,"time_elapsed":590577,"subject_id":"78325"},{"rt":4931,"stimulus":3,"slider_start":100,"sprites":"hearts","response":73,"absDeviation":23,"callibration":"test","block":6,"seed":3,"numerosity":50,"matchType":"unpaired","which":"second","trial_type":"numerosity-estimation","trial_index":115,"time_elapsed":595510,"subject_id":"78325"},{"rt":3397,"stimulus":4,"slider_start":100,"sprites":"crackers","response":89,"absDeviation":18,"callibration":"test","block":6,"seed":4,"numerosity":107,"matchType":"unpaired","which":"second","trial_type":"numerosity-estimation","trial_index":116,"time_elapsed":598910,"subject_id":"78325"},{"rt":3514,"stimulus":6,"slider_start":100,"sprites":"fruits","response":103,"absDeviation":25,"callibration":"test","block":6,"seed":6,"numerosity":78,"matchType":"paired","which":"first","trial_type":"numerosity-estimation","trial_index":117,"time_elapsed":602427,"subject_id":"78325"},{"rt":2797,"stimulus":6,"slider_start":100,"sprites":"fruits","response":103,"absDeviation":25,"callibration":"test","block":6,"seed":6,"numerosity":78,"matchType":"paired","which":"second","trial_type":"numerosity-estimation","trial_index":118,"time_elapsed":605227,"subject_id":"78325"},{"rt":3113,"stimulus":7,"slider_start":100,"sprites":"jellyBeans","response":70,"absDeviation":20,"callibration":"test","block":6,"seed":7,"numerosity":50,"matchType":"unpaired","which":"second","trial_type":"numerosity-estimation","trial_index":119,"time_elapsed":608343,"subject_id":"78325"},{"rt":2365,"stimulus":8,"slider_start":100,"sprites":"marbles","response":87,"absDeviation":5,"callibration":"test","block":6,"seed":8,"numerosity":92,"matchType":"unpaired","which":"second","trial_type":"numerosity-estimation","trial_index":120,"time_elapsed":610711,"subject_id":"78325"},{"rt":2997,"stimulus":10,"slider_start":100,"sprites":"rocks","response":92,"absDeviation":42,"callibration":"test","block":6,"seed":10,"numerosity":50,"matchType":"paired","which":"first","trial_type":"numerosity-estimation","trial_index":121,"time_elapsed":613710,"subject_id":"78325"},{"rt":2380,"stimulus":10,"slider_start":100,"sprites":"rocks","response":95,"absDeviation":45,"callibration":"test","block":6,"seed":10,"numerosity":50,"matchType":"paired","which":"second","trial_type":"numerosity-estimation","trial_index":122,"time_elapsed":616093,"subject_id":"78325"},{"rt":2314,"stimulus":11,"slider_start":100,"sprites":"buttons","response":112,"absDeviation":5,"callibration":"test","block":6,"seed":11,"numerosity":107,"matchType":"unpaired","which":"second","trial_type":"numerosity-estimation","trial_index":123,"time_elapsed":618410,"subject_id":"78325"},{"rt":2297,"stimulus":12,"slider_start":100,"sprites":"animalCrackers","response":109,"absDeviation":17,"callibration":"test","block":6,"seed":12,"numerosity":92,"matchType":"unpaired","which":"second","trial_type":"numerosity-estimation","trial_index":124,"time_elapsed":620710,"subject_id":"78325"},{"rt":3131,"stimulus":14,"slider_start":100,"sprites":"butterflies","response":130,"absDeviation":20,"callibration":"test","block":6,"seed":14,"numerosity":150,"matchType":"paired","which":"first","trial_type":"numerosity-estimation","trial_index":125,"time_elapsed":623843,"subject_id":"78325"},{"rt":2664,"stimulus":14,"slider_start":100,"sprites":"butterflies","response":131,"absDeviation":19,"callibration":"test","block":6,"seed":14,"numerosity":150,"matchType":"paired","which":"second","trial_type":"numerosity-estimation","trial_index":126,"time_elapsed":626510,"subject_id":"78325"},{"rt":2814,"stimulus":15,"slider_start":100,"sprites":"hearts","response":120,"absDeviation":1,"callibration":"test","block":6,"seed":15,"numerosity":121,"matchType":"unpaired","which":"second","trial_type":"numerosity-estimation","trial_index":127,"time_elapsed":629327,"subject_id":"78325"},{"rt":2948,"stimulus":16,"slider_start":100,"sprites":"crackers","response":87,"absDeviation":23,"callibration":"test","block":6,"seed":16,"numerosity":64,"matchType":"unpaired","which":"second","trial_type":"numerosity-estimation","trial_index":128,"time_elapsed":632277,"subject_id":"78325"},{"rt":2025,"stimulus":"<p> For the last block of trials, the average deviation of your guesses from correct answers was 23.</p>\n     <p>The smaller the deviation the better.  Your deviation was <b> VERY good</b>.</p><br>\n       <p>Press any key to continue to the next block of trials</p>","response":"m","trial_type":"html-keyboard-response","trial_index":129,"time_elapsed":634304,"subject_id":"78325"},{"rt":4370,"stimulus":18,"slider_start":100,"sprites":"fruits","response":76,"absDeviation":31,"callibration":"test","block":7,"seed":18,"numerosity":107,"matchType":"paired","which":"first","trial_type":"numerosity-estimation","trial_index":130,"time_elapsed":638677,"subject_id":"78325"},{"rt":6830,"stimulus":18,"slider_start":100,"sprites":"fruits","response":82,"absDeviation":25,"callibration":"test","block":7,"seed":18,"numerosity":107,"matchType":"paired","which":"second","trial_type":"numerosity-estimation","trial_index":131,"time_elapsed":645510,"subject_id":"78325"},{"rt":2714,"stimulus":19,"slider_start":100,"sprites":"jellyBeans","response":106,"absDeviation":29,"callibration":"test","block":7,"seed":19,"numerosity":135,"matchType":"unpaired","which":"second","trial_type":"numerosity-estimation","trial_index":132,"time_elapsed":648227,"subject_id":"78325"},{"rt":2831,"stimulus":20,"slider_start":100,"sprites":"marbles","response":78,"absDeviation":0,"callibration":"test","block":7,"seed":20,"numerosity":78,"matchType":"unpaired","which":"second","trial_type":"numerosity-estimation","trial_index":133,"time_elapsed":651060,"subject_id":"78325"},{"rt":2431,"stimulus":22,"slider_start":100,"sprites":"rocks","response":92,"absDeviation":0,"callibration":"test","block":7,"seed":22,"numerosity":92,"matchType":"paired","which":"first","trial_type":"numerosity-estimation","trial_index":134,"time_elapsed":653493,"subject_id":"78325"},{"rt":2430,"stimulus":22,"slider_start":100,"sprites":"rocks","response":91,"absDeviation":1,"callibration":"test","block":7,"seed":22,"numerosity":92,"matchType":"paired","which":"second","trial_type":"numerosity-estimation","trial_index":135,"time_elapsed":655927,"subject_id":"78325"},{"rt":2980,"stimulus":23,"slider_start":100,"sprites":"buttons","response":136,"absDeviation":14,"callibration":"test","block":7,"seed":23,"numerosity":150,"matchType":"unpaired","which":"second","trial_type":"numerosity-estimation","trial_index":136,"time_elapsed":658910,"subject_id":"78325"},{"rt":2930,"stimulus":24,"slider_start":100,"sprites":"animalCrackers","response":133,"absDeviation":26,"callibration":"test","block":7,"seed":24,"numerosity":107,"matchType":"unpaired","which":"second","trial_type":"numerosity-estimation","trial_index":137,"time_elapsed":661843,"subject_id":"78325"},{"rt":2764,"stimulus":26,"slider_start":100,"sprites":"butterflies","response":113,"absDeviation":21,"callibration":"test","block":7,"seed":26,"numerosity":92,"matchType":"paired","which":"first","trial_type":"numerosity-estimation","trial_index":138,"time_elapsed":664610,"subject_id":"78325"},{"rt":2531,"stimulus":26,"slider_start":100,"sprites":"butterflies","response":113,"absDeviation":21,"callibration":"test","block":7,"seed":26,"numerosity":92,"matchType":"paired","which":"second","trial_type":"numerosity-estimation","trial_index":139,"time_elapsed":667143,"subject_id":"78325"},{"rt":3347,"stimulus":27,"slider_start":100,"sprites":"hearts","response":126,"absDeviation":5,"callibration":"test","block":7,"seed":27,"numerosity":121,"matchType":"unpaired","which":"second","trial_type":"numerosity-estimation","trial_index":140,"time_elapsed":670493,"subject_id":"78325"},{"rt":2848,"stimulus":28,"slider_start":100,"sprites":"crackers","response":118,"absDeviation":32,"callibration":"test","block":7,"seed":28,"numerosity":150,"matchType":"unpaired","which":"second","trial_type":"numerosity-estimation","trial_index":141,"time_elapsed":673344,"subject_id":"78325"},{"rt":2880,"stimulus":30,"slider_start":100,"sprites":"fruits","response":118,"absDeviation":11,"callibration":"test","block":7,"seed":30,"numerosity":107,"matchType":"paired","which":"first","trial_type":"numerosity-estimation","trial_index":142,"time_elapsed":676227,"subject_id":"78325"},{"rt":2547,"stimulus":30,"slider_start":100,"sprites":"fruits","response":125,"absDeviation":18,"callibration":"test","block":7,"seed":30,"numerosity":107,"matchType":"paired","which":"second","trial_type":"numerosity-estimation","trial_index":143,"time_elapsed":678777,"subject_id":"78325"},{"rt":2498,"stimulus":31,"slider_start":100,"sprites":"jellyBeans","response":122,"absDeviation":28,"callibration":"test","block":7,"seed":31,"numerosity":150,"matchType":"unpaired","which":"second","trial_type":"numerosity-estimation","trial_index":144,"time_elapsed":681277,"subject_id":"78325"},{"rt":2780,"stimulus":32,"slider_start":100,"sprites":"marbles","response":119,"absDeviation":16,"callibration":"test","block":7,"seed":32,"numerosity":135,"matchType":"unpaired","which":"second","trial_type":"numerosity-estimation","trial_index":145,"time_elapsed":684060,"subject_id":"78325"},{"rt":1113,"stimulus":"<p> For the last block of trials, the average deviation of your guesses from correct answers was 17.</p>\n     <p>The smaller the deviation the better.  Your deviation was <b> VERY good</b>.</p><br>\n       <p>Press any key to continue to the next block of trials</p>","response":"m","trial_type":"html-keyboard-response","trial_index":146,"time_elapsed":685175,"subject_id":"78325"},{"rt":2798,"stimulus":34,"slider_start":100,"sprites":"rocks","response":80,"absDeviation":30,"callibration":"test","block":8,"seed":34,"numerosity":50,"matchType":"paired","which":"first","trial_type":"numerosity-estimation","trial_index":147,"time_elapsed":687977,"subject_id":"78325"},{"rt":3264,"stimulus":34,"slider_start":100,"sprites":"rocks","response":85,"absDeviation":35,"callibration":"test","block":8,"seed":34,"numerosity":50,"matchType":"paired","which":"second","trial_type":"numerosity-estimation","trial_index":148,"time_elapsed":691243,"subject_id":"78325"},{"rt":2263,"stimulus":35,"slider_start":100,"sprites":"buttons","response":118,"absDeviation":40,"callibration":"test","block":8,"seed":35,"numerosity":78,"matchType":"unpaired","which":"second","trial_type":"numerosity-estimation","trial_index":149,"time_elapsed":693510,"subject_id":"78325"},{"rt":2180,"stimulus":36,"slider_start":100,"sprites":"animalCrackers","response":77,"absDeviation":27,"callibration":"test","block":8,"seed":36,"numerosity":50,"matchType":"unpaired","which":"second","trial_type":"numerosity-estimation","trial_index":150,"time_elapsed":695693,"subject_id":"78325"},{"rt":4147,"stimulus":38,"slider_start":100,"sprites":"butterflies","response":93,"absDeviation":15,"callibration":"test","block":8,"seed":38,"numerosity":78,"matchType":"paired","which":"first","trial_type":"numerosity-estimation","trial_index":151,"time_elapsed":699843,"subject_id":"78325"},{"rt":4197,"stimulus":38,"slider_start":100,"sprites":"butterflies","response":92,"absDeviation":14,"callibration":"test","block":8,"seed":38,"numerosity":78,"matchType":"paired","which":"second","trial_type":"numerosity-estimation","trial_index":152,"time_elapsed":704043,"subject_id":"78325"},{"rt":5798,"stimulus":39,"slider_start":100,"sprites":"hearts","response":92,"absDeviation":14,"callibration":"test","block":8,"seed":39,"numerosity":78,"matchType":"unpaired","which":"second","trial_type":"numerosity-estimation","trial_index":153,"time_elapsed":709843,"subject_id":"78325"},{"rt":3464,"stimulus":40,"slider_start":100,"sprites":"crackers","response":116,"absDeviation":5,"callibration":"test","block":8,"seed":40,"numerosity":121,"matchType":"unpaired","which":"second","trial_type":"numerosity-estimation","trial_index":154,"time_elapsed":713310,"subject_id":"78325"},{"rt":8748,"stimulus":42,"slider_start":100,"sprites":"fruits","response":107,"absDeviation":29,"callibration":"test","block":8,"seed":42,"numerosity":78,"matchType":"paired","which":"first","trial_type":"numerosity-estimation","trial_index":155,"time_elapsed":722060,"subject_id":"78325"},{"rt":12298,"stimulus":42,"slider_start":100,"sprites":"fruits","response":94,"absDeviation":16,"callibration":"test","block":8,"seed":42,"numerosity":78,"matchType":"paired","which":"second","trial_type":"numerosity-estimation","trial_index":156,"time_elapsed":734360,"subject_id":"78325"},{"rt":6464,"stimulus":43,"slider_start":100,"sprites":"jellyBeans","response":93,"absDeviation":29,"callibration":"test","block":8,"seed":43,"numerosity":64,"matchType":"unpaired","which":"second","trial_type":"numerosity-estimation","trial_index":157,"time_elapsed":740827,"subject_id":"78325"},{"rt":55282,"stimulus":44,"slider_start":100,"sprites":"marbles","response":86,"absDeviation":35,"callibration":"test","block":8,"seed":44,"numerosity":121,"matchType":"unpaired","which":"second","trial_type":"numerosity-estimation","trial_index":158,"time_elapsed":796110,"subject_id":"78325"},{"rt":5664,"stimulus":46,"slider_start":100,"sprites":"rocks","response":109,"absDeviation":2,"callibration":"test","block":8,"seed":46,"numerosity":107,"matchType":"paired","which":"first","trial_type":"numerosity-estimation","trial_index":159,"time_elapsed":801776,"subject_id":"78325"},{"rt":2680,"stimulus":46,"slider_start":100,"sprites":"rocks","response":109,"absDeviation":2,"callibration":"test","block":8,"seed":46,"numerosity":107,"matchType":"paired","which":"second","trial_type":"numerosity-estimation","trial_index":160,"time_elapsed":804460,"subject_id":"78325"},{"rt":2364,"stimulus":47,"slider_start":100,"sprites":"buttons","response":114,"absDeviation":7,"callibration":"test","block":8,"seed":47,"numerosity":121,"matchType":"unpaired","which":"second","trial_type":"numerosity-estimation","trial_index":161,"time_elapsed":806826,"subject_id":"78325"},{"rt":2264,"stimulus":48,"slider_start":100,"sprites":"animalCrackers","response":115,"absDeviation":20,"callibration":"test","block":8,"seed":48,"numerosity":135,"matchType":"unpaired","which":"second","trial_type":"numerosity-estimation","trial_index":162,"time_elapsed":809093,"subject_id":"78325"},{"rt":1824,"stimulus":"<p> For the last block of trials, the average deviation of your guesses from correct answers was 20.</p>\n     <p>The smaller the deviation the better.  Your deviation was <b> VERY good</b>.</p><br>\n       <p>Press any key to continue to the next block of trials</p>","response":" ","trial_type":"html-keyboard-response","trial_index":163,"time_elapsed":810919,"subject_id":"78325"},{"rt":3320,"stimulus":50,"slider_start":100,"sprites":"butterflies","response":90,"absDeviation":60,"callibration":"test","block":9,"seed":50,"numerosity":150,"matchType":"paired","which":"first","trial_type":"numerosity-estimation","trial_index":164,"time_elapsed":814242,"subject_id":"78325"},{"rt":3480,"stimulus":50,"slider_start":100,"sprites":"butterflies","response":95,"absDeviation":55,"callibration":"test","block":9,"seed":50,"numerosity":150,"matchType":"paired","which":"second","trial_type":"numerosity-estimation","trial_index":165,"time_elapsed":817726,"subject_id":"78325"},{"rt":2547,"stimulus":51,"slider_start":100,"sprites":"hearts","response":109,"absDeviation":41,"callibration":"test","block":9,"seed":51,"numerosity":150,"matchType":"unpaired","which":"second","trial_type":"numerosity-estimation","trial_index":166,"time_elapsed":820276,"subject_id":"78325"},{"rt":3547,"stimulus":52,"slider_start":100,"sprites":"crackers","response":81,"absDeviation":3,"callibration":"test","block":9,"seed":52,"numerosity":78,"matchType":"unpaired","which":"second","trial_type":"numerosity-estimation","trial_index":167,"time_elapsed":823826,"subject_id":"78325"},{"rt":2564,"stimulus":54,"slider_start":100,"sprites":"fruits","response":92,"absDeviation":0,"callibration":"test","block":9,"seed":54,"numerosity":92,"matchType":"paired","which":"first","trial_type":"numerosity-estimation","trial_index":168,"time_elapsed":826393,"subject_id":"78325"},{"rt":2580,"stimulus":54,"slider_start":100,"sprites":"fruits","response":93,"absDeviation":1,"callibration":"test","block":9,"seed":54,"numerosity":92,"matchType":"paired","which":"second","trial_type":"numerosity-estimation","trial_index":169,"time_elapsed":828976,"subject_id":"78325"},{"rt":2547,"stimulus":55,"slider_start":100,"sprites":"jellyBeans","response":110,"absDeviation":11,"callibration":"test","block":9,"seed":55,"numerosity":121,"matchType":"unpaired","which":"second","trial_type":"numerosity-estimation","trial_index":170,"time_elapsed":831526,"subject_id":"78325"},{"rt":2981,"stimulus":56,"slider_start":100,"sprites":"marbles","response":85,"absDeviation":21,"callibration":"test","block":9,"seed":56,"numerosity":64,"matchType":"unpaired","which":"second","trial_type":"numerosity-estimation","trial_index":171,"time_elapsed":834510,"subject_id":"78325"},{"rt":2680,"stimulus":58,"slider_start":100,"sprites":"rocks","response":121,"absDeviation":0,"callibration":"test","block":9,"seed":58,"numerosity":121,"matchType":"paired","which":"first","trial_type":"numerosity-estimation","trial_index":172,"time_elapsed":837193,"subject_id":"78325"},{"rt":2713,"stimulus":58,"slider_start":100,"sprites":"rocks","response":126,"absDeviation":5,"callibration":"test","block":9,"seed":58,"numerosity":121,"matchType":"paired","which":"second","trial_type":"numerosity-estimation","trial_index":173,"time_elapsed":839910,"subject_id":"78325"},{"rt":2698,"stimulus":59,"slider_start":100,"sprites":"buttons","response":126,"absDeviation":9,"callibration":"test","block":9,"seed":59,"numerosity":135,"matchType":"unpaired","which":"second","trial_type":"numerosity-estimation","trial_index":174,"time_elapsed":842610,"subject_id":"78325"},{"rt":3580,"stimulus":60,"slider_start":100,"sprites":"animalCrackers","response":141,"absDeviation":9,"callibration":"test","block":9,"seed":60,"numerosity":150,"matchType":"unpaired","which":"second","trial_type":"numerosity-estimation","trial_index":175,"time_elapsed":846193,"subject_id":"78325"},{"rt":2531,"stimulus":62,"slider_start":100,"sprites":"butterflies","response":118,"absDeviation":17,"callibration":"test","block":9,"seed":62,"numerosity":135,"matchType":"paired","which":"first","trial_type":"numerosity-estimation","trial_index":176,"time_elapsed":848726,"subject_id":"78325"},{"rt":2613,"stimulus":62,"slider_start":100,"sprites":"butterflies","response":119,"absDeviation":16,"callibration":"test","block":9,"seed":62,"numerosity":135,"matchType":"paired","which":"second","trial_type":"numerosity-estimation","trial_index":177,"time_elapsed":851342,"subject_id":"78325"},{"rt":2265,"stimulus":63,"slider_start":100,"sprites":"hearts","response":86,"absDeviation":22,"callibration":"test","block":9,"seed":63,"numerosity":64,"matchType":"unpaired","which":"second","trial_type":"numerosity-estimation","trial_index":178,"time_elapsed":853610,"subject_id":"78325"},{"rt":2597,"stimulus":64,"slider_start":100,"sprites":"crackers","response":120,"absDeviation":15,"callibration":"test","block":9,"seed":64,"numerosity":135,"matchType":"unpaired","which":"second","trial_type":"numerosity-estimation","trial_index":179,"time_elapsed":856209,"subject_id":"78325"},{"rt":991,"stimulus":"<p> For the last block of trials, the average deviation of your guesses from correct answers was 18.</p>\n     <p>The smaller the deviation the better.  Your deviation was <b> VERY good</b>.</p><br>\n       <p>Press any key to continue to the next block of trials</p>","response":" ","trial_type":"html-keyboard-response","trial_index":180,"time_elapsed":857203,"subject_id":"78325"},{"rt":4854,"stimulus":66,"slider_start":100,"sprites":"fruits","response":74,"absDeviation":10,"callibration":"test","block":10,"seed":66,"numerosity":64,"matchType":"paired","which":"first","trial_type":"numerosity-estimation","trial_index":181,"time_elapsed":862060,"subject_id":"78325"},{"rt":2763,"stimulus":66,"slider_start":100,"sprites":"fruits","response":74,"absDeviation":10,"callibration":"test","block":10,"seed":66,"numerosity":64,"matchType":"paired","which":"second","trial_type":"numerosity-estimation","trial_index":182,"time_elapsed":864826,"subject_id":"78325"},{"rt":2764,"stimulus":67,"slider_start":100,"sprites":"jellyBeans","response":120,"absDeviation":13,"callibration":"test","block":10,"seed":67,"numerosity":107,"matchType":"unpaired","which":"second","trial_type":"numerosity-estimation","trial_index":183,"time_elapsed":867593,"subject_id":"78325"},{"rt":7065,"stimulus":68,"slider_start":100,"sprites":"marbles","response":117,"absDeviation":33,"callibration":"test","block":10,"seed":68,"numerosity":150,"matchType":"unpaired","which":"second","trial_type":"numerosity-estimation","trial_index":184,"time_elapsed":874660,"subject_id":"78325"},{"rt":3747,"stimulus":70,"slider_start":100,"sprites":"rocks","response":85,"absDeviation":7,"callibration":"test","block":10,"seed":70,"numerosity":92,"matchType":"paired","which":"first","trial_type":"numerosity-estimation","trial_index":185,"time_elapsed":878410,"subject_id":"78325"},{"rt":3780,"stimulus":70,"slider_start":100,"sprites":"rocks","response":88,"absDeviation":4,"callibration":"test","block":10,"seed":70,"numerosity":92,"matchType":"paired","which":"second","trial_type":"numerosity-estimation","trial_index":186,"time_elapsed":882193,"subject_id":"78325"},{"rt":2447,"stimulus":71,"slider_start":100,"sprites":"buttons","response":119,"absDeviation":12,"callibration":"test","block":10,"seed":71,"numerosity":107,"matchType":"unpaired","which":"second","trial_type":"numerosity-estimation","trial_index":187,"time_elapsed":884643,"subject_id":"78325"},{"rt":2947,"stimulus":72,"slider_start":100,"sprites":"animalCrackers","response":62,"absDeviation":12,"callibration":"test","block":10,"seed":72,"numerosity":50,"matchType":"unpaired","which":"second","trial_type":"numerosity-estimation","trial_index":188,"time_elapsed":887593,"subject_id":"78325"},{"rt":2731,"stimulus":74,"slider_start":100,"sprites":"butterflies","response":57,"absDeviation":7,"callibration":"test","block":10,"seed":74,"numerosity":64,"matchType":"paired","which":"first","trial_type":"numerosity-estimation","trial_index":189,"time_elapsed":890326,"subject_id":"78325"},{"rt":3280,"stimulus":74,"slider_start":100,"sprites":"butterflies","response":65,"absDeviation":1,"callibration":"test","block":10,"seed":74,"numerosity":64,"matchType":"paired","which":"second","trial_type":"numerosity-estimation","trial_index":190,"time_elapsed":893610,"subject_id":"78325"},{"rt":2097,"stimulus":75,"slider_start":100,"sprites":"hearts","response":110,"absDeviation":18,"callibration":"test","block":10,"seed":75,"numerosity":92,"matchType":"unpaired","which":"second","trial_type":"numerosity-estimation","trial_index":191,"time_elapsed":895709,"subject_id":"78325"},{"rt":3214,"stimulus":76,"slider_start":100,"sprites":"crackers","response":89,"absDeviation":25,"callibration":"test","block":10,"seed":76,"numerosity":64,"matchType":"unpaired","which":"second","trial_type":"numerosity-estimation","trial_index":192,"time_elapsed":898926,"subject_id":"78325"},{"rt":4497,"stimulus":78,"slider_start":100,"sprites":"fruits","response":103,"absDeviation":39,"callibration":"test","block":10,"seed":78,"numerosity":64,"matchType":"paired","which":"first","trial_type":"numerosity-estimation","trial_index":193,"time_elapsed":903426,"subject_id":"78325"},{"rt":3314,"stimulus":78,"slider_start":100,"sprites":"fruits","response":102,"absDeviation":38,"callibration":"test","block":10,"seed":78,"numerosity":64,"matchType":"paired","which":"second","trial_type":"numerosity-estimation","trial_index":194,"time_elapsed":906743,"subject_id":"78325"},{"rt":2164,"stimulus":79,"slider_start":100,"sprites":"jellyBeans","response":83,"absDeviation":33,"callibration":"test","block":10,"seed":79,"numerosity":50,"matchType":"unpaired","which":"second","trial_type":"numerosity-estimation","trial_index":195,"time_elapsed":908910,"subject_id":"78325"},{"rt":2146,"stimulus":80,"slider_start":100,"sprites":"marbles","response":113,"absDeviation":8,"callibration":"test","block":10,"seed":80,"numerosity":121,"matchType":"unpaired","which":"second","trial_type":"numerosity-estimation","trial_index":196,"time_elapsed":911059,"subject_id":"78325"},{"rt":914,"stimulus":"<p> For the last block of trials, the average deviation of your guesses from correct answers was 17.</p>\n     <p>The smaller the deviation the better.  Your deviation was <b> VERY good</b>.</p><br>\n       <p>Press any key to continue to the next block of trials</p>","response":" ","trial_type":"html-keyboard-response","trial_index":197,"time_elapsed":911976,"subject_id":"78325"},{"rt":2914,"stimulus":82,"slider_start":100,"sprites":"rocks","response":84,"absDeviation":20,"callibration":"test","block":11,"seed":82,"numerosity":64,"matchType":"paired","which":"first","trial_type":"numerosity-estimation","trial_index":198,"time_elapsed":914893,"subject_id":"78325"},{"rt":2464,"stimulus":82,"slider_start":100,"sprites":"rocks","response":97,"absDeviation":33,"callibration":"test","block":11,"seed":82,"numerosity":64,"matchType":"paired","which":"second","trial_type":"numerosity-estimation","trial_index":199,"time_elapsed":917359,"subject_id":"78325"},{"rt":2514,"stimulus":83,"slider_start":100,"sprites":"buttons","response":127,"absDeviation":6,"callibration":"test","block":11,"seed":83,"numerosity":121,"matchType":"unpaired","which":"second","trial_type":"numerosity-estimation","trial_index":200,"time_elapsed":919876,"subject_id":"78325"},{"rt":2664,"stimulus":84,"slider_start":100,"sprites":"animalCrackers","response":85,"absDeviation":35,"callibration":"test","block":11,"seed":84,"numerosity":50,"matchType":"unpaired","which":"second","trial_type":"numerosity-estimation","trial_index":201,"time_elapsed":922543,"subject_id":"78325"},{"rt":2247,"stimulus":86,"slider_start":100,"sprites":"butterflies","response":120,"absDeviation":1,"callibration":"test","block":11,"seed":86,"numerosity":121,"matchType":"paired","which":"first","trial_type":"numerosity-estimation","trial_index":202,"time_elapsed":924793,"subject_id":"78325"},{"rt":2564,"stimulus":86,"slider_start":100,"sprites":"butterflies","response":124,"absDeviation":3,"callibration":"test","block":11,"seed":86,"numerosity":121,"matchType":"paired","which":"second","trial_type":"numerosity-estimation","trial_index":203,"time_elapsed":927360,"subject_id":"78325"},{"rt":1964,"stimulus":87,"slider_start":100,"sprites":"hearts","response":76,"absDeviation":26,"callibration":"test","block":11,"seed":87,"numerosity":50,"matchType":"unpaired","which":"second","trial_type":"numerosity-estimation","trial_index":204,"time_elapsed":929326,"subject_id":"78325"},{"rt":3664,"stimulus":88,"slider_start":100,"sprites":"crackers","response":140,"absDeviation":5,"callibration":"test","block":11,"seed":88,"numerosity":135,"matchType":"unpaired","which":"second","trial_type":"numerosity-estimation","trial_index":205,"time_elapsed":932993,"subject_id":"78325"},{"rt":4247,"stimulus":90,"slider_start":100,"sprites":"fruits","response":145,"absDeviation":5,"callibration":"test","block":11,"seed":90,"numerosity":150,"matchType":"paired","which":"first","trial_type":"numerosity-estimation","trial_index":206,"time_elapsed":937243,"subject_id":"78325"},{"rt":2230,"stimulus":90,"slider_start":100,"sprites":"fruits","response":147,"absDeviation":3,"callibration":"test","block":11,"seed":90,"numerosity":150,"matchType":"paired","which":"second","trial_type":"numerosity-estimation","trial_index":207,"time_elapsed":939476,"subject_id":"78325"},{"rt":3147,"stimulus":91,"slider_start":100,"sprites":"jellyBeans","response":91,"absDeviation":1,"callibration":"test","block":11,"seed":91,"numerosity":92,"matchType":"unpaired","which":"second","trial_type":"numerosity-estimation","trial_index":208,"time_elapsed":942626,"subject_id":"78325"},{"rt":2664,"stimulus":92,"slider_start":100,"sprites":"marbles","response":123,"absDeviation":2,"callibration":"test","block":11,"seed":92,"numerosity":121,"matchType":"unpaired","which":"second","trial_type":"numerosity-estimation","trial_index":209,"time_elapsed":945293,"subject_id":"78325"},{"rt":2931,"stimulus":94,"slider_start":100,"sprites":"rocks","response":110,"absDeviation":32,"callibration":"test","block":11,"seed":94,"numerosity":78,"matchType":"paired","which":"first","trial_type":"numerosity-estimation","trial_index":210,"time_elapsed":948226,"subject_id":"78325"},{"rt":1797,"stimulus":94,"slider_start":100,"sprites":"rocks","response":107,"absDeviation":29,"callibration":"test","block":11,"seed":94,"numerosity":78,"matchType":"paired","which":"second","trial_type":"numerosity-estimation","trial_index":211,"time_elapsed":950026,"subject_id":"78325"},{"rt":3114,"stimulus":95,"slider_start":100,"sprites":"buttons","response":108,"absDeviation":44,"callibration":"test","block":11,"seed":95,"numerosity":64,"matchType":"unpaired","which":"second","trial_type":"numerosity-estimation","trial_index":212,"time_elapsed":953143,"subject_id":"78325"},{"rt":1896,"stimulus":96,"slider_start":100,"sprites":"animalCrackers","response":122,"absDeviation":30,"callibration":"test","block":11,"seed":96,"numerosity":92,"matchType":"unpaired","which":"second","trial_type":"numerosity-estimation","trial_index":213,"time_elapsed":955043,"subject_id":"78325"},{"rt":1126,"stimulus":"<p> For the last block of trials, the average deviation of your guesses from correct answers was 17.</p>\n     <p>The smaller the deviation the better.  Your deviation was <b> VERY good</b>.</p><br>\n       <p>Press any key to continue to the next block of trials</p>","response":" ","trial_type":"html-keyboard-response","trial_index":214,"time_elapsed":956171,"subject_id":"78325"},{"rt":19770,"response":{"averageEstimates":"When the two displays occured back-to-back, in immediate succession.","firstOrSecond":"The second time the objects were shown"},"question_order":[0,1],"trial_type":"survey-multi-choice","trial_index":215,"time_elapsed":975944,"subject_id":"78325"}]