[{"rt":14646,"url":"consent.html","trial_type":"external-html","trial_index":0,"time_elapsed":14677,"subject_id":"78141"},{"view_history":[{"page_index":0,"viewing_time":5107}],"rt":5107,"trial_type":"instructions","trial_index":1,"time_elapsed":19785,"subject_id":"78141"},{"rt":8959,"stimulus":0,"slider_start":100,"sprites":"animalCrackers","response":48,"absDeviation":2,"callibration":"callibration","block":-1,"seed":0,"numerosity":50,"matchType":"callibration","which":"first","trial_type":"numerosity-estimation","trial_index":2,"time_elapsed":28754,"subject_id":"78141"},{"rt":6646,"stimulus":1,"slider_start":100,"sprites":"letters","response":64,"absDeviation":0,"callibration":"callibration","block":-1,"seed":1,"numerosity":64,"matchType":"callibration","which":"first","trial_type":"numerosity-estimation","trial_index":3,"time_elapsed":35405,"subject_id":"78141"},{"rt":5234,"stimulus":2,"slider_start":100,"sprites":"butterflies","response":78,"absDeviation":0,"callibration":"callibration","block":-1,"seed":2,"numerosity":78,"matchType":"callibration","which":"first","trial_type":"numerosity-estimation","trial_index":4,"time_elapsed":40642,"subject_id":"78141"},{"rt":3381,"stimulus":3,"slider_start":100,"sprites":"hearts","response":92,"absDeviation":0,"callibration":"callibration","block":-1,"seed":3,"numerosity":92,"matchType":"callibration","which":"first","trial_type":"numerosity-estimation","trial_index":5,"time_elapsed":44026,"subject_id":"78141"},{"rt":3679,"stimulus":4,"slider_start":100,"sprites":"crackers","response":106,"absDeviation":1,"callibration":"callibration","block":-1,"seed":4,"numerosity":107,"matchType":"callibration","which":"first","trial_type":"numerosity-estimation","trial_index":6,"time_elapsed":47708,"subject_id":"78141"},{"rt":5361,"stimulus":5,"slider_start":100,"sprites":"bears","response":121,"absDeviation":0,"callibration":"callibration","block":-1,"seed":5,"numerosity":121,"matchType":"callibration","which":"first","trial_type":"numerosity-estimation","trial_index":7,"time_elapsed":53074,"subject_id":"78141"},{"rt":4827,"stimulus":6,"slider_start":100,"sprites":"fruits","response":135,"absDeviation":0,"callibration":"callibration","block":-1,"seed":6,"numerosity":135,"matchType":"callibration","which":"first","trial_type":"numerosity-estimation","trial_index":8,"time_elapsed":57906,"subject_id":"78141"},{"rt":5523,"stimulus":7,"slider_start":100,"sprites":"jellyBeans","response":150,"absDeviation":0,"callibration":"callibration","block":-1,"seed":7,"numerosity":150,"matchType":"callibration","which":"first","trial_type":"numerosity-estimation","trial_index":9,"time_elapsed":63433,"subject_id":"78141"},{"view_history":[{"page_index":0,"viewing_time":11838}],"rt":11838,"trial_type":"instructions","trial_index":10,"time_elapsed":75274,"subject_id":"78141"},{"rt":7143,"stimulus":1,"slider_start":100,"sprites":"letters","response":61,"absDeviation":31,"callibration":"test","block":0,"seed":1,"numerosity":92,"matchType":"paired","which":"first","trial_type":"numerosity-estimation","trial_index":11,"time_elapsed":82420,"subject_id":"78141"},{"rt":9498,"stimulus":1,"slider_start":100,"sprites":"letters","response":50,"absDeviation":42,"callibration":"test","block":0,"seed":1,"numerosity":92,"matchType":"paired","which":"second","trial_type":"numerosity-estimation","trial_index":12,"time_elapsed":91922,"subject_id":"78141"},{"rt":7280,"stimulus":3,"slider_start":100,"sprites":"hearts","response":36,"absDeviation":14,"callibration":"test","block":0,"seed":3,"numerosity":50,"matchType":"unpaired","which":"first","trial_type":"numerosity-estimation","trial_index":13,"time_elapsed":99205,"subject_id":"78141"},{"rt":5446,"stimulus":4,"slider_start":100,"sprites":"crackers","response":78,"absDeviation":29,"callibration":"test","block":0,"seed":4,"numerosity":107,"matchType":"unpaired","which":"first","trial_type":"numerosity-estimation","trial_index":14,"time_elapsed":104653,"subject_id":"78141"},{"rt":4916,"stimulus":5,"slider_start":100,"sprites":"bears","response":63,"absDeviation":13,"callibration":"test","block":0,"seed":5,"numerosity":50,"matchType":"paired","which":"first","trial_type":"numerosity-estimation","trial_index":15,"time_elapsed":109573,"subject_id":"78141"},{"rt":8219,"stimulus":5,"slider_start":100,"sprites":"bears","response":54,"absDeviation":4,"callibration":"test","block":0,"seed":5,"numerosity":50,"matchType":"paired","which":"second","trial_type":"numerosity-estimation","trial_index":16,"time_elapsed":117796,"subject_id":"78141"},{"rt":8298,"stimulus":7,"slider_start":100,"sprites":"jellyBeans","response":60,"absDeviation":10,"callibration":"test","block":0,"seed":7,"numerosity":50,"matchType":"unpaired","which":"first","trial_type":"numerosity-estimation","trial_index":17,"time_elapsed":126098,"subject_id":"78141"},{"rt":5850,"stimulus":8,"slider_start":100,"sprites":"marbles","response":85,"absDeviation":7,"callibration":"test","block":0,"seed":8,"numerosity":92,"matchType":"unpaired","which":"first","trial_type":"numerosity-estimation","trial_index":18,"time_elapsed":131953,"subject_id":"78141"},{"rt":5670,"stimulus":9,"slider_start":100,"sprites":"mints","response":111,"absDeviation":24,"callibration":"test","block":0,"seed":9,"numerosity":135,"matchType":"paired","which":"first","trial_type":"numerosity-estimation","trial_index":19,"time_elapsed":137625,"subject_id":"78141"},{"rt":7602,"stimulus":9,"slider_start":100,"sprites":"mints","response":142,"absDeviation":7,"callibration":"test","block":0,"seed":9,"numerosity":135,"matchType":"paired","which":"second","trial_type":"numerosity-estimation","trial_index":20,"time_elapsed":145232,"subject_id":"78141"},{"rt":7974,"stimulus":11,"slider_start":100,"sprites":"buttons","response":91,"absDeviation":16,"callibration":"test","block":0,"seed":11,"numerosity":107,"matchType":"unpaired","which":"first","trial_type":"numerosity-estimation","trial_index":21,"time_elapsed":153211,"subject_id":"78141"},{"rt":6877,"stimulus":12,"slider_start":100,"sprites":"animalCrackers","response":74,"absDeviation":18,"callibration":"test","block":0,"seed":12,"numerosity":92,"matchType":"unpaired","which":"first","trial_type":"numerosity-estimation","trial_index":22,"time_elapsed":160094,"subject_id":"78141"},{"rt":8977,"stimulus":13,"slider_start":100,"sprites":"letters","response":74,"absDeviation":33,"callibration":"test","block":0,"seed":13,"numerosity":107,"matchType":"paired","which":"first","trial_type":"numerosity-estimation","trial_index":23,"time_elapsed":169076,"subject_id":"78141"},{"rt":7482,"stimulus":13,"slider_start":100,"sprites":"letters","response":66,"absDeviation":41,"callibration":"test","block":0,"seed":13,"numerosity":107,"matchType":"paired","which":"second","trial_type":"numerosity-estimation","trial_index":24,"time_elapsed":176562,"subject_id":"78141"},{"rt":6431,"stimulus":15,"slider_start":100,"sprites":"hearts","response":116,"absDeviation":5,"callibration":"test","block":0,"seed":15,"numerosity":121,"matchType":"unpaired","which":"first","trial_type":"numerosity-estimation","trial_index":25,"time_elapsed":182996,"subject_id":"78141"},{"rt":6177,"stimulus":16,"slider_start":100,"sprites":"crackers","response":55,"absDeviation":9,"callibration":"test","block":0,"seed":16,"numerosity":64,"matchType":"unpaired","which":"first","trial_type":"numerosity-estimation","trial_index":26,"time_elapsed":189178,"subject_id":"78141"},{"rt":3932,"stimulus":"<p> For the last block of trials, the average deviation of your guesses from correct answers was 19.</p>\n     <p>The smaller the deviation the better.  Your deviation was <b> VERY good</b>.</p><br>\n       <p>Press any key to continue to the next block of trials</p>","response":" ","trial_type":"html-keyboard-response","trial_index":27,"time_elapsed":193114,"subject_id":"78141"},{"rt":6399,"stimulus":17,"slider_start":100,"sprites":"bears","response":74,"absDeviation":18,"callibration":"test","block":1,"seed":17,"numerosity":92,"matchType":"paired","which":"first","trial_type":"numerosity-estimation","trial_index":28,"time_elapsed":199517,"subject_id":"78141"},{"rt":6616,"stimulus":17,"slider_start":100,"sprites":"bears","response":80,"absDeviation":12,"callibration":"test","block":1,"seed":17,"numerosity":92,"matchType":"paired","which":"second","trial_type":"numerosity-estimation","trial_index":29,"time_elapsed":206137,"subject_id":"78141"},{"rt":5699,"stimulus":19,"slider_start":100,"sprites":"jellyBeans","response":110,"absDeviation":25,"callibration":"test","block":1,"seed":19,"numerosity":135,"matchType":"unpaired","which":"first","trial_type":"numerosity-estimation","trial_index":30,"time_elapsed":211842,"subject_id":"78141"},{"rt":7081,"stimulus":20,"slider_start":100,"sprites":"marbles","response":46,"absDeviation":32,"callibration":"test","block":1,"seed":20,"numerosity":78,"matchType":"unpaired","which":"first","trial_type":"numerosity-estimation","trial_index":31,"time_elapsed":218926,"subject_id":"78141"},{"rt":6564,"stimulus":21,"slider_start":100,"sprites":"mints","response":79,"absDeviation":13,"callibration":"test","block":1,"seed":21,"numerosity":92,"matchType":"paired","which":"first","trial_type":"numerosity-estimation","trial_index":32,"time_elapsed":225496,"subject_id":"78141"},{"rt":4383,"stimulus":21,"slider_start":100,"sprites":"mints","response":66,"absDeviation":26,"callibration":"test","block":1,"seed":21,"numerosity":92,"matchType":"paired","which":"second","trial_type":"numerosity-estimation","trial_index":33,"time_elapsed":229883,"subject_id":"78141"},{"rt":3217,"stimulus":23,"slider_start":100,"sprites":"buttons","response":94,"absDeviation":56,"callibration":"test","block":1,"seed":23,"numerosity":150,"matchType":"unpaired","which":"first","trial_type":"numerosity-estimation","trial_index":34,"time_elapsed":233104,"subject_id":"78141"},{"rt":2587,"stimulus":24,"slider_start":100,"sprites":"animalCrackers","response":81,"absDeviation":26,"callibration":"test","block":1,"seed":24,"numerosity":107,"matchType":"unpaired","which":"first","trial_type":"numerosity-estimation","trial_index":35,"time_elapsed":235694,"subject_id":"78141"},{"rt":5750,"stimulus":25,"slider_start":100,"sprites":"letters","response":59,"absDeviation":48,"callibration":"test","block":1,"seed":25,"numerosity":107,"matchType":"paired","which":"first","trial_type":"numerosity-estimation","trial_index":36,"time_elapsed":241448,"subject_id":"78141"},{"rt":2593,"stimulus":25,"slider_start":100,"sprites":"letters","response":72,"absDeviation":35,"callibration":"test","block":1,"seed":25,"numerosity":107,"matchType":"paired","which":"second","trial_type":"numerosity-estimation","trial_index":37,"time_elapsed":244046,"subject_id":"78141"},{"rt":2205,"stimulus":27,"slider_start":100,"sprites":"hearts","response":82,"absDeviation":39,"callibration":"test","block":1,"seed":27,"numerosity":121,"matchType":"unpaired","which":"first","trial_type":"numerosity-estimation","trial_index":38,"time_elapsed":246256,"subject_id":"78141"},{"rt":2214,"stimulus":28,"slider_start":100,"sprites":"crackers","response":117,"absDeviation":33,"callibration":"test","block":1,"seed":28,"numerosity":150,"matchType":"unpaired","which":"first","trial_type":"numerosity-estimation","trial_index":39,"time_elapsed":248473,"subject_id":"78141"},{"rt":3339,"stimulus":29,"slider_start":100,"sprites":"bears","response":52,"absDeviation":12,"callibration":"test","block":1,"seed":29,"numerosity":64,"matchType":"paired","which":"first","trial_type":"numerosity-estimation","trial_index":40,"time_elapsed":251815,"subject_id":"78141"},{"rt":3976,"stimulus":29,"slider_start":100,"sprites":"bears","response":59,"absDeviation":5,"callibration":"test","block":1,"seed":29,"numerosity":64,"matchType":"paired","which":"second","trial_type":"numerosity-estimation","trial_index":41,"time_elapsed":255795,"subject_id":"78141"},{"rt":3398,"stimulus":31,"slider_start":100,"sprites":"jellyBeans","response":88,"absDeviation":62,"callibration":"test","block":1,"seed":31,"numerosity":150,"matchType":"unpaired","which":"first","trial_type":"numerosity-estimation","trial_index":42,"time_elapsed":259195,"subject_id":"78141"},{"rt":5530,"stimulus":32,"slider_start":100,"sprites":"marbles","response":92,"absDeviation":43,"callibration":"test","block":1,"seed":32,"numerosity":135,"matchType":"unpaired","which":"first","trial_type":"numerosity-estimation","trial_index":43,"time_elapsed":264729,"subject_id":"78141"},{"rt":5420,"stimulus":"<p> For the last block of trials, the average deviation of your guesses from correct answers was 30.</p>\n     <p>The smaller the deviation the better.  Your deviation was <b> good</b>.</p><br>\n       <p>Press any key to continue to the next block of trials</p>","response":" ","trial_type":"html-keyboard-response","trial_index":44,"time_elapsed":270151,"subject_id":"78141"},{"rt":7978,"stimulus":33,"slider_start":100,"sprites":"mints","response":49,"absDeviation":72,"callibration":"test","block":2,"seed":33,"numerosity":121,"matchType":"paired","which":"first","trial_type":"numerosity-estimation","trial_index":45,"time_elapsed":278134,"subject_id":"78141"},{"rt":3669,"stimulus":33,"slider_start":100,"sprites":"mints","response":69,"absDeviation":52,"callibration":"test","block":2,"seed":33,"numerosity":121,"matchType":"paired","which":"second","trial_type":"numerosity-estimation","trial_index":46,"time_elapsed":281808,"subject_id":"78141"},{"rt":6615,"stimulus":35,"slider_start":100,"sprites":"buttons","response":65,"absDeviation":13,"callibration":"test","block":2,"seed":35,"numerosity":78,"matchType":"unpaired","which":"first","trial_type":"numerosity-estimation","trial_index":47,"time_elapsed":288429,"subject_id":"78141"},{"rt":7205,"stimulus":36,"slider_start":100,"sprites":"animalCrackers","response":44,"absDeviation":6,"callibration":"test","block":2,"seed":36,"numerosity":50,"matchType":"unpaired","which":"first","trial_type":"numerosity-estimation","trial_index":48,"time_elapsed":295638,"subject_id":"78141"},{"rt":5470,"stimulus":37,"slider_start":100,"sprites":"letters","response":79,"absDeviation":56,"callibration":"test","block":2,"seed":37,"numerosity":135,"matchType":"paired","which":"first","trial_type":"numerosity-estimation","trial_index":49,"time_elapsed":301110,"subject_id":"78141"},{"rt":3070,"stimulus":37,"slider_start":100,"sprites":"letters","response":75,"absDeviation":60,"callibration":"test","block":2,"seed":37,"numerosity":135,"matchType":"paired","which":"second","trial_type":"numerosity-estimation","trial_index":50,"time_elapsed":304185,"subject_id":"78141"},{"rt":6739,"stimulus":39,"slider_start":100,"sprites":"hearts","response":61,"absDeviation":17,"callibration":"test","block":2,"seed":39,"numerosity":78,"matchType":"unpaired","which":"first","trial_type":"numerosity-estimation","trial_index":51,"time_elapsed":310927,"subject_id":"78141"},{"rt":5585,"stimulus":40,"slider_start":100,"sprites":"crackers","response":80,"absDeviation":41,"callibration":"test","block":2,"seed":40,"numerosity":121,"matchType":"unpaired","which":"first","trial_type":"numerosity-estimation","trial_index":52,"time_elapsed":316518,"subject_id":"78141"},{"rt":5297,"stimulus":41,"slider_start":100,"sprites":"bears","response":36,"absDeviation":14,"callibration":"test","block":2,"seed":41,"numerosity":50,"matchType":"paired","which":"first","trial_type":"numerosity-estimation","trial_index":53,"time_elapsed":321819,"subject_id":"78141"},{"rt":9311,"stimulus":41,"slider_start":100,"sprites":"bears","response":43,"absDeviation":7,"callibration":"test","block":2,"seed":41,"numerosity":50,"matchType":"paired","which":"second","trial_type":"numerosity-estimation","trial_index":54,"time_elapsed":331133,"subject_id":"78141"},{"rt":5994,"stimulus":43,"slider_start":100,"sprites":"jellyBeans","response":48,"absDeviation":16,"callibration":"test","block":2,"seed":43,"numerosity":64,"matchType":"unpaired","which":"first","trial_type":"numerosity-estimation","trial_index":55,"time_elapsed":337131,"subject_id":"78141"},{"rt":4195,"stimulus":44,"slider_start":100,"sprites":"marbles","response":72,"absDeviation":49,"callibration":"test","block":2,"seed":44,"numerosity":121,"matchType":"unpaired","which":"first","trial_type":"numerosity-estimation","trial_index":56,"time_elapsed":341331,"subject_id":"78141"},{"rt":5288,"stimulus":45,"slider_start":100,"sprites":"mints","response":82,"absDeviation":39,"callibration":"test","block":2,"seed":45,"numerosity":121,"matchType":"paired","which":"first","trial_type":"numerosity-estimation","trial_index":57,"time_elapsed":346623,"subject_id":"78141"},{"rt":7360,"stimulus":45,"slider_start":100,"sprites":"mints","response":96,"absDeviation":25,"callibration":"test","block":2,"seed":45,"numerosity":121,"matchType":"paired","which":"second","trial_type":"numerosity-estimation","trial_index":58,"time_elapsed":353987,"subject_id":"78141"},{"rt":2580,"stimulus":47,"slider_start":100,"sprites":"buttons","response":89,"absDeviation":32,"callibration":"test","block":2,"seed":47,"numerosity":121,"matchType":"unpaired","which":"first","trial_type":"numerosity-estimation","trial_index":59,"time_elapsed":356570,"subject_id":"78141"},{"rt":2375,"stimulus":48,"slider_start":100,"sprites":"animalCrackers","response":77,"absDeviation":58,"callibration":"test","block":2,"seed":48,"numerosity":135,"matchType":"unpaired","which":"first","trial_type":"numerosity-estimation","trial_index":60,"time_elapsed":358947,"subject_id":"78141"},{"rt":1718,"stimulus":"<p> For the last block of trials, the average deviation of your guesses from correct answers was 35.</p>\n     <p>The smaller the deviation the better.  Your deviation was <b> good</b>.</p><br>\n       <p>Press any key to continue to the next block of trials</p>","response":" ","trial_type":"html-keyboard-response","trial_index":61,"time_elapsed":360668,"subject_id":"78141"},{"rt":3802,"stimulus":49,"slider_start":100,"sprites":"letters","response":70,"absDeviation":8,"callibration":"test","block":3,"seed":49,"numerosity":78,"matchType":"paired","which":"first","trial_type":"numerosity-estimation","trial_index":62,"time_elapsed":364475,"subject_id":"78141"},{"rt":6584,"stimulus":49,"slider_start":100,"sprites":"letters","response":65,"absDeviation":13,"callibration":"test","block":3,"seed":49,"numerosity":78,"matchType":"paired","which":"second","trial_type":"numerosity-estimation","trial_index":63,"time_elapsed":371063,"subject_id":"78141"},{"rt":2753,"stimulus":51,"slider_start":100,"sprites":"hearts","response":95,"absDeviation":55,"callibration":"test","block":3,"seed":51,"numerosity":150,"matchType":"unpaired","which":"first","trial_type":"numerosity-estimation","trial_index":64,"time_elapsed":373822,"subject_id":"78141"},{"rt":4940,"stimulus":52,"slider_start":100,"sprites":"crackers","response":68,"absDeviation":10,"callibration":"test","block":3,"seed":52,"numerosity":78,"matchType":"unpaired","which":"first","trial_type":"numerosity-estimation","trial_index":65,"time_elapsed":378766,"subject_id":"78141"},{"rt":4536,"stimulus":53,"slider_start":100,"sprites":"bears","response":41,"absDeviation":9,"callibration":"test","block":3,"seed":53,"numerosity":50,"matchType":"paired","which":"first","trial_type":"numerosity-estimation","trial_index":66,"time_elapsed":383305,"subject_id":"78141"},{"rt":2691,"stimulus":53,"slider_start":100,"sprites":"bears","response":49,"absDeviation":1,"callibration":"test","block":3,"seed":53,"numerosity":50,"matchType":"paired","which":"second","trial_type":"numerosity-estimation","trial_index":67,"time_elapsed":385998,"subject_id":"78141"},{"rt":4667,"stimulus":55,"slider_start":100,"sprites":"jellyBeans","response":69,"absDeviation":52,"callibration":"test","block":3,"seed":55,"numerosity":121,"matchType":"unpaired","which":"first","trial_type":"numerosity-estimation","trial_index":68,"time_elapsed":390668,"subject_id":"78141"},{"rt":4538,"stimulus":56,"slider_start":100,"sprites":"marbles","response":41,"absDeviation":23,"callibration":"test","block":3,"seed":56,"numerosity":64,"matchType":"unpaired","which":"first","trial_type":"numerosity-estimation","trial_index":69,"time_elapsed":395209,"subject_id":"78141"},{"rt":4697,"stimulus":57,"slider_start":100,"sprites":"mints","response":40,"absDeviation":24,"callibration":"test","block":3,"seed":57,"numerosity":64,"matchType":"paired","which":"first","trial_type":"numerosity-estimation","trial_index":70,"time_elapsed":399911,"subject_id":"78141"},{"rt":2392,"stimulus":57,"slider_start":100,"sprites":"mints","response":34,"absDeviation":30,"callibration":"test","block":3,"seed":57,"numerosity":64,"matchType":"paired","which":"second","trial_type":"numerosity-estimation","trial_index":71,"time_elapsed":402306,"subject_id":"78141"},{"rt":3494,"stimulus":59,"slider_start":100,"sprites":"buttons","response":67,"absDeviation":68,"callibration":"test","block":3,"seed":59,"numerosity":135,"matchType":"unpaired","which":"first","trial_type":"numerosity-estimation","trial_index":72,"time_elapsed":405802,"subject_id":"78141"},{"rt":2594,"stimulus":60,"slider_start":100,"sprites":"animalCrackers","response":81,"absDeviation":69,"callibration":"test","block":3,"seed":60,"numerosity":150,"matchType":"unpaired","which":"first","trial_type":"numerosity-estimation","trial_index":73,"time_elapsed":408399,"subject_id":"78141"},{"rt":3289,"stimulus":61,"slider_start":100,"sprites":"letters","response":39,"absDeviation":11,"callibration":"test","block":3,"seed":61,"numerosity":50,"matchType":"paired","which":"first","trial_type":"numerosity-estimation","trial_index":74,"time_elapsed":411693,"subject_id":"78141"},{"rt":5919,"stimulus":61,"slider_start":100,"sprites":"letters","response":31,"absDeviation":19,"callibration":"test","block":3,"seed":61,"numerosity":50,"matchType":"paired","which":"second","trial_type":"numerosity-estimation","trial_index":75,"time_elapsed":417616,"subject_id":"78141"},{"rt":3243,"stimulus":63,"slider_start":100,"sprites":"hearts","response":52,"absDeviation":12,"callibration":"test","block":3,"seed":63,"numerosity":64,"matchType":"unpaired","which":"first","trial_type":"numerosity-estimation","trial_index":76,"time_elapsed":420862,"subject_id":"78141"},{"rt":3143,"stimulus":64,"slider_start":100,"sprites":"crackers","response":83,"absDeviation":52,"callibration":"test","block":3,"seed":64,"numerosity":135,"matchType":"unpaired","which":"first","trial_type":"numerosity-estimation","trial_index":77,"time_elapsed":424010,"subject_id":"78141"},{"rt":1341,"stimulus":"<p> For the last block of trials, the average deviation of your guesses from correct answers was 29.</p>\n     <p>The smaller the deviation the better.  Your deviation was <b> good</b>.</p><br>\n       <p>Press any key to continue to the next block of trials</p>","response":" ","trial_type":"html-keyboard-response","trial_index":78,"time_elapsed":425354,"subject_id":"78141"},{"rt":4075,"stimulus":65,"slider_start":100,"sprites":"bears","response":79,"absDeviation":28,"callibration":"test","block":4,"seed":65,"numerosity":107,"matchType":"paired","which":"first","trial_type":"numerosity-estimation","trial_index":79,"time_elapsed":429434,"subject_id":"78141"},{"rt":2009,"stimulus":65,"slider_start":100,"sprites":"bears","response":71,"absDeviation":36,"callibration":"test","block":4,"seed":65,"numerosity":107,"matchType":"paired","which":"second","trial_type":"numerosity-estimation","trial_index":80,"time_elapsed":431447,"subject_id":"78141"},{"rt":3186,"stimulus":67,"slider_start":100,"sprites":"jellyBeans","response":62,"absDeviation":45,"callibration":"test","block":4,"seed":67,"numerosity":107,"matchType":"unpaired","which":"first","trial_type":"numerosity-estimation","trial_index":81,"time_elapsed":434637,"subject_id":"78141"},{"rt":2429,"stimulus":68,"slider_start":100,"sprites":"marbles","response":68,"absDeviation":82,"callibration":"test","block":4,"seed":68,"numerosity":150,"matchType":"unpaired","which":"first","trial_type":"numerosity-estimation","trial_index":82,"time_elapsed":437071,"subject_id":"78141"},{"rt":2134,"stimulus":69,"slider_start":100,"sprites":"mints","response":78,"absDeviation":43,"callibration":"test","block":4,"seed":69,"numerosity":121,"matchType":"paired","which":"first","trial_type":"numerosity-estimation","trial_index":83,"time_elapsed":439209,"subject_id":"78141"},{"rt":3466,"stimulus":69,"slider_start":100,"sprites":"mints","response":68,"absDeviation":53,"callibration":"test","block":4,"seed":69,"numerosity":121,"matchType":"paired","which":"second","trial_type":"numerosity-estimation","trial_index":84,"time_elapsed":442679,"subject_id":"78141"},{"rt":2619,"stimulus":71,"slider_start":100,"sprites":"buttons","response":64,"absDeviation":43,"callibration":"test","block":4,"seed":71,"numerosity":107,"matchType":"unpaired","which":"first","trial_type":"numerosity-estimation","trial_index":85,"time_elapsed":445302,"subject_id":"78141"},{"rt":5781,"stimulus":72,"slider_start":100,"sprites":"animalCrackers","response":36,"absDeviation":14,"callibration":"test","block":4,"seed":72,"numerosity":50,"matchType":"unpaired","which":"first","trial_type":"numerosity-estimation","trial_index":86,"time_elapsed":451088,"subject_id":"78141"},{"rt":3816,"stimulus":73,"slider_start":100,"sprites":"letters","response":51,"absDeviation":27,"callibration":"test","block":4,"seed":73,"numerosity":78,"matchType":"paired","which":"first","trial_type":"numerosity-estimation","trial_index":87,"time_elapsed":454907,"subject_id":"78141"},{"rt":5476,"stimulus":73,"slider_start":100,"sprites":"letters","response":40,"absDeviation":38,"callibration":"test","block":4,"seed":73,"numerosity":78,"matchType":"paired","which":"second","trial_type":"numerosity-estimation","trial_index":88,"time_elapsed":460388,"subject_id":"78141"},{"rt":3482,"stimulus":75,"slider_start":100,"sprites":"hearts","response":65,"absDeviation":27,"callibration":"test","block":4,"seed":75,"numerosity":92,"matchType":"unpaired","which":"first","trial_type":"numerosity-estimation","trial_index":89,"time_elapsed":463874,"subject_id":"78141"},{"rt":4446,"stimulus":76,"slider_start":100,"sprites":"crackers","response":50,"absDeviation":14,"callibration":"test","block":4,"seed":76,"numerosity":64,"matchType":"unpaired","which":"first","trial_type":"numerosity-estimation","trial_index":90,"time_elapsed":468324,"subject_id":"78141"},{"rt":3128,"stimulus":77,"slider_start":100,"sprites":"bears","response":84,"absDeviation":51,"callibration":"test","block":4,"seed":77,"numerosity":135,"matchType":"paired","which":"first","trial_type":"numerosity-estimation","trial_index":91,"time_elapsed":471456,"subject_id":"78141"},{"rt":4034,"stimulus":77,"slider_start":100,"sprites":"bears","response":68,"absDeviation":67,"callibration":"test","block":4,"seed":77,"numerosity":135,"matchType":"paired","which":"second","trial_type":"numerosity-estimation","trial_index":92,"time_elapsed":475493,"subject_id":"78141"},{"rt":5152,"stimulus":79,"slider_start":100,"sprites":"jellyBeans","response":41,"absDeviation":9,"callibration":"test","block":4,"seed":79,"numerosity":50,"matchType":"unpaired","which":"first","trial_type":"numerosity-estimation","trial_index":93,"time_elapsed":480650,"subject_id":"78141"},{"rt":3294,"stimulus":80,"slider_start":100,"sprites":"marbles","response":51,"absDeviation":70,"callibration":"test","block":4,"seed":80,"numerosity":121,"matchType":"unpaired","which":"first","trial_type":"numerosity-estimation","trial_index":94,"time_elapsed":483949,"subject_id":"78141"},{"rt":2941,"stimulus":"<p> For the last block of trials, the average deviation of your guesses from correct answers was 40.</p>\n     <p>The smaller the deviation the better.  Your deviation was <b> good</b>.</p><br>\n       <p>Press any key to continue to the next block of trials</p>","response":" ","trial_type":"html-keyboard-response","trial_index":95,"time_elapsed":486892,"subject_id":"78141"},{"rt":2647,"stimulus":81,"slider_start":100,"sprites":"mints","response":74,"absDeviation":47,"callibration":"test","block":5,"seed":81,"numerosity":121,"matchType":"paired","which":"first","trial_type":"numerosity-estimation","trial_index":96,"time_elapsed":489546,"subject_id":"78141"},{"rt":2337,"stimulus":81,"slider_start":100,"sprites":"mints","response":64,"absDeviation":57,"callibration":"test","block":5,"seed":81,"numerosity":121,"matchType":"paired","which":"second","trial_type":"numerosity-estimation","trial_index":97,"time_elapsed":491886,"subject_id":"78141"},{"rt":2059,"stimulus":83,"slider_start":100,"sprites":"buttons","response":61,"absDeviation":60,"callibration":"test","block":5,"seed":83,"numerosity":121,"matchType":"unpaired","which":"first","trial_type":"numerosity-estimation","trial_index":98,"time_elapsed":493949,"subject_id":"78141"},{"rt":3030,"stimulus":84,"slider_start":100,"sprites":"animalCrackers","response":31,"absDeviation":19,"callibration":"test","block":5,"seed":84,"numerosity":50,"matchType":"unpaired","which":"first","trial_type":"numerosity-estimation","trial_index":99,"time_elapsed":496983,"subject_id":"78141"},{"rt":2292,"stimulus":85,"slider_start":100,"sprites":"letters","response":33,"absDeviation":31,"callibration":"test","block":5,"seed":85,"numerosity":64,"matchType":"paired","which":"first","trial_type":"numerosity-estimation","trial_index":100,"time_elapsed":499280,"subject_id":"78141"},{"rt":3696,"stimulus":85,"slider_start":100,"sprites":"letters","response":43,"absDeviation":21,"callibration":"test","block":5,"seed":85,"numerosity":64,"matchType":"paired","which":"second","trial_type":"numerosity-estimation","trial_index":101,"time_elapsed":502980,"subject_id":"78141"},{"rt":2598,"stimulus":87,"slider_start":100,"sprites":"hearts","response":52,"absDeviation":2,"callibration":"test","block":5,"seed":87,"numerosity":50,"matchType":"unpaired","which":"first","trial_type":"numerosity-estimation","trial_index":102,"time_elapsed":505582,"subject_id":"78141"},{"rt":2783,"stimulus":88,"slider_start":100,"sprites":"crackers","response":65,"absDeviation":70,"callibration":"test","block":5,"seed":88,"numerosity":135,"matchType":"unpaired","which":"first","trial_type":"numerosity-estimation","trial_index":103,"time_elapsed":508368,"subject_id":"78141"},{"rt":2341,"stimulus":89,"slider_start":100,"sprites":"bears","response":51,"absDeviation":1,"callibration":"test","block":5,"seed":89,"numerosity":50,"matchType":"paired","which":"first","trial_type":"numerosity-estimation","trial_index":104,"time_elapsed":510713,"subject_id":"78141"},{"rt":2442,"stimulus":89,"slider_start":100,"sprites":"bears","response":58,"absDeviation":8,"callibration":"test","block":5,"seed":89,"numerosity":50,"matchType":"paired","which":"second","trial_type":"numerosity-estimation","trial_index":105,"time_elapsed":513158,"subject_id":"78141"},{"rt":2165,"stimulus":91,"slider_start":100,"sprites":"jellyBeans","response":73,"absDeviation":19,"callibration":"test","block":5,"seed":91,"numerosity":92,"matchType":"unpaired","which":"first","trial_type":"numerosity-estimation","trial_index":106,"time_elapsed":515326,"subject_id":"78141"},{"rt":2813,"stimulus":92,"slider_start":100,"sprites":"marbles","response":79,"absDeviation":42,"callibration":"test","block":5,"seed":92,"numerosity":121,"matchType":"unpaired","which":"first","trial_type":"numerosity-estimation","trial_index":107,"time_elapsed":518144,"subject_id":"78141"},{"rt":2381,"stimulus":93,"slider_start":100,"sprites":"mints","response":60,"absDeviation":18,"callibration":"test","block":5,"seed":93,"numerosity":78,"matchType":"paired","which":"first","trial_type":"numerosity-estimation","trial_index":108,"time_elapsed":520530,"subject_id":"78141"},{"rt":2651,"stimulus":93,"slider_start":100,"sprites":"mints","response":49,"absDeviation":29,"callibration":"test","block":5,"seed":93,"numerosity":78,"matchType":"paired","which":"second","trial_type":"numerosity-estimation","trial_index":109,"time_elapsed":523184,"subject_id":"78141"},{"rt":2849,"stimulus":95,"slider_start":100,"sprites":"buttons","response":63,"absDeviation":1,"callibration":"test","block":5,"seed":95,"numerosity":64,"matchType":"unpaired","which":"first","trial_type":"numerosity-estimation","trial_index":110,"time_elapsed":526039,"subject_id":"78141"},{"rt":2366,"stimulus":96,"slider_start":100,"sprites":"animalCrackers","response":75,"absDeviation":17,"callibration":"test","block":5,"seed":96,"numerosity":92,"matchType":"unpaired","which":"first","trial_type":"numerosity-estimation","trial_index":111,"time_elapsed":528409,"subject_id":"78141"},{"rt":893,"stimulus":"<p> For the last block of trials, the average deviation of your guesses from correct answers was 28.</p>\n     <p>The smaller the deviation the better.  Your deviation was <b> good</b>.</p><br>\n       <p>Press any key to continue to the next block of trials</p>","response":" ","trial_type":"html-keyboard-response","trial_index":112,"time_elapsed":529305,"subject_id":"78141"},{"rt":2831,"stimulus":2,"slider_start":100,"sprites":"butterflies","response":77,"absDeviation":58,"callibration":"test","block":6,"seed":2,"numerosity":135,"matchType":"paired","which":"first","trial_type":"numerosity-estimation","trial_index":113,"time_elapsed":532141,"subject_id":"78141"},{"rt":2600,"stimulus":2,"slider_start":100,"sprites":"butterflies","response":62,"absDeviation":73,"callibration":"test","block":6,"seed":2,"numerosity":135,"matchType":"paired","which":"second","trial_type":"numerosity-estimation","trial_index":114,"time_elapsed":534745,"subject_id":"78141"},{"rt":2425,"stimulus":3,"slider_start":100,"sprites":"hearts","response":51,"absDeviation":1,"callibration":"test","block":6,"seed":3,"numerosity":50,"matchType":"unpaired","which":"second","trial_type":"numerosity-estimation","trial_index":115,"time_elapsed":537174,"subject_id":"78141"},{"rt":2252,"stimulus":4,"slider_start":100,"sprites":"crackers","response":76,"absDeviation":31,"callibration":"test","block":6,"seed":4,"numerosity":107,"matchType":"unpaired","which":"second","trial_type":"numerosity-estimation","trial_index":116,"time_elapsed":539432,"subject_id":"78141"},{"rt":2267,"stimulus":6,"slider_start":100,"sprites":"fruits","response":56,"absDeviation":22,"callibration":"test","block":6,"seed":6,"numerosity":78,"matchType":"paired","which":"first","trial_type":"numerosity-estimation","trial_index":117,"time_elapsed":541704,"subject_id":"78141"},{"rt":3961,"stimulus":6,"slider_start":100,"sprites":"fruits","response":41,"absDeviation":37,"callibration":"test","block":6,"seed":6,"numerosity":78,"matchType":"paired","which":"second","trial_type":"numerosity-estimation","trial_index":118,"time_elapsed":545669,"subject_id":"78141"},{"rt":2917,"stimulus":7,"slider_start":100,"sprites":"jellyBeans","response":49,"absDeviation":1,"callibration":"test","block":6,"seed":7,"numerosity":50,"matchType":"unpaired","which":"second","trial_type":"numerosity-estimation","trial_index":119,"time_elapsed":548589,"subject_id":"78141"},{"rt":2481,"stimulus":8,"slider_start":100,"sprites":"marbles","response":66,"absDeviation":26,"callibration":"test","block":6,"seed":8,"numerosity":92,"matchType":"unpaired","which":"second","trial_type":"numerosity-estimation","trial_index":120,"time_elapsed":551074,"subject_id":"78141"},{"rt":2439,"stimulus":10,"slider_start":100,"sprites":"rocks","response":50,"absDeviation":0,"callibration":"test","block":6,"seed":10,"numerosity":50,"matchType":"paired","which":"first","trial_type":"numerosity-estimation","trial_index":121,"time_elapsed":553517,"subject_id":"78141"},{"rt":2150,"stimulus":10,"slider_start":100,"sprites":"rocks","response":41,"absDeviation":9,"callibration":"test","block":6,"seed":10,"numerosity":50,"matchType":"paired","which":"second","trial_type":"numerosity-estimation","trial_index":122,"time_elapsed":555670,"subject_id":"78141"},{"rt":3272,"stimulus":11,"slider_start":100,"sprites":"buttons","response":79,"absDeviation":28,"callibration":"test","block":6,"seed":11,"numerosity":107,"matchType":"unpaired","which":"second","trial_type":"numerosity-estimation","trial_index":123,"time_elapsed":558946,"subject_id":"78141"},{"rt":2561,"stimulus":12,"slider_start":100,"sprites":"animalCrackers","response":61,"absDeviation":31,"callibration":"test","block":6,"seed":12,"numerosity":92,"matchType":"unpaired","which":"second","trial_type":"numerosity-estimation","trial_index":124,"time_elapsed":561511,"subject_id":"78141"},{"rt":2651,"stimulus":14,"slider_start":100,"sprites":"butterflies","response":63,"absDeviation":87,"callibration":"test","block":6,"seed":14,"numerosity":150,"matchType":"paired","which":"first","trial_type":"numerosity-estimation","trial_index":125,"time_elapsed":564166,"subject_id":"78141"},{"rt":2092,"stimulus":14,"slider_start":100,"sprites":"butterflies","response":79,"absDeviation":71,"callibration":"test","block":6,"seed":14,"numerosity":150,"matchType":"paired","which":"second","trial_type":"numerosity-estimation","trial_index":126,"time_elapsed":566262,"subject_id":"78141"},{"rt":2351,"stimulus":15,"slider_start":100,"sprites":"hearts","response":85,"absDeviation":36,"callibration":"test","block":6,"seed":15,"numerosity":121,"matchType":"unpaired","which":"second","trial_type":"numerosity-estimation","trial_index":127,"time_elapsed":568617,"subject_id":"78141"},{"rt":2334,"stimulus":16,"slider_start":100,"sprites":"crackers","response":53,"absDeviation":11,"callibration":"test","block":6,"seed":16,"numerosity":64,"matchType":"unpaired","which":"second","trial_type":"numerosity-estimation","trial_index":128,"time_elapsed":570955,"subject_id":"78141"},{"rt":1090,"stimulus":"<p> For the last block of trials, the average deviation of your guesses from correct answers was 33.</p>\n     <p>The smaller the deviation the better.  Your deviation was <b> good</b>.</p><br>\n       <p>Press any key to continue to the next block of trials</p>","response":" ","trial_type":"html-keyboard-response","trial_index":129,"time_elapsed":572048,"subject_id":"78141"},{"rt":2599,"stimulus":18,"slider_start":100,"sprites":"fruits","response":87,"absDeviation":20,"callibration":"test","block":7,"seed":18,"numerosity":107,"matchType":"paired","which":"first","trial_type":"numerosity-estimation","trial_index":130,"time_elapsed":574652,"subject_id":"78141"},{"rt":2716,"stimulus":18,"slider_start":100,"sprites":"fruits","response":90,"absDeviation":17,"callibration":"test","block":7,"seed":18,"numerosity":107,"matchType":"paired","which":"second","trial_type":"numerosity-estimation","trial_index":131,"time_elapsed":577371,"subject_id":"78141"},{"rt":3039,"stimulus":19,"slider_start":100,"sprites":"jellyBeans","response":96,"absDeviation":39,"callibration":"test","block":7,"seed":19,"numerosity":135,"matchType":"unpaired","which":"second","trial_type":"numerosity-estimation","trial_index":132,"time_elapsed":580412,"subject_id":"78141"},{"rt":2488,"stimulus":20,"slider_start":100,"sprites":"marbles","response":70,"absDeviation":8,"callibration":"test","block":7,"seed":20,"numerosity":78,"matchType":"unpaired","which":"second","trial_type":"numerosity-estimation","trial_index":133,"time_elapsed":582904,"subject_id":"78141"},{"rt":2450,"stimulus":22,"slider_start":100,"sprites":"rocks","response":76,"absDeviation":16,"callibration":"test","block":7,"seed":22,"numerosity":92,"matchType":"paired","which":"first","trial_type":"numerosity-estimation","trial_index":134,"time_elapsed":585357,"subject_id":"78141"},{"rt":2333,"stimulus":22,"slider_start":100,"sprites":"rocks","response":66,"absDeviation":26,"callibration":"test","block":7,"seed":22,"numerosity":92,"matchType":"paired","which":"second","trial_type":"numerosity-estimation","trial_index":135,"time_elapsed":587696,"subject_id":"78141"},{"rt":2276,"stimulus":23,"slider_start":100,"sprites":"buttons","response":93,"absDeviation":57,"callibration":"test","block":7,"seed":23,"numerosity":150,"matchType":"unpaired","which":"second","trial_type":"numerosity-estimation","trial_index":136,"time_elapsed":589976,"subject_id":"78141"},{"rt":2992,"stimulus":24,"slider_start":100,"sprites":"animalCrackers","response":89,"absDeviation":18,"callibration":"test","block":7,"seed":24,"numerosity":107,"matchType":"unpaired","which":"second","trial_type":"numerosity-estimation","trial_index":137,"time_elapsed":592971,"subject_id":"78141"},{"rt":3006,"stimulus":26,"slider_start":100,"sprites":"butterflies","response":68,"absDeviation":24,"callibration":"test","block":7,"seed":26,"numerosity":92,"matchType":"paired","which":"first","trial_type":"numerosity-estimation","trial_index":138,"time_elapsed":595980,"subject_id":"78141"},{"rt":3776,"stimulus":26,"slider_start":100,"sprites":"butterflies","response":53,"absDeviation":39,"callibration":"test","block":7,"seed":26,"numerosity":92,"matchType":"paired","which":"second","trial_type":"numerosity-estimation","trial_index":139,"time_elapsed":599759,"subject_id":"78141"},{"rt":2545,"stimulus":27,"slider_start":100,"sprites":"hearts","response":88,"absDeviation":33,"callibration":"test","block":7,"seed":27,"numerosity":121,"matchType":"unpaired","which":"second","trial_type":"numerosity-estimation","trial_index":140,"time_elapsed":602307,"subject_id":"78141"},{"rt":2102,"stimulus":28,"slider_start":100,"sprites":"crackers","response":96,"absDeviation":54,"callibration":"test","block":7,"seed":28,"numerosity":150,"matchType":"unpaired","which":"second","trial_type":"numerosity-estimation","trial_index":141,"time_elapsed":604413,"subject_id":"78141"},{"rt":2291,"stimulus":30,"slider_start":100,"sprites":"fruits","response":86,"absDeviation":21,"callibration":"test","block":7,"seed":30,"numerosity":107,"matchType":"paired","which":"first","trial_type":"numerosity-estimation","trial_index":142,"time_elapsed":606710,"subject_id":"78141"},{"rt":2528,"stimulus":30,"slider_start":100,"sprites":"fruits","response":78,"absDeviation":29,"callibration":"test","block":7,"seed":30,"numerosity":107,"matchType":"paired","which":"second","trial_type":"numerosity-estimation","trial_index":143,"time_elapsed":609242,"subject_id":"78141"},{"rt":3186,"stimulus":31,"slider_start":100,"sprites":"jellyBeans","response":94,"absDeviation":56,"callibration":"test","block":7,"seed":31,"numerosity":150,"matchType":"unpaired","which":"second","trial_type":"numerosity-estimation","trial_index":144,"time_elapsed":612431,"subject_id":"78141"},{"rt":2535,"stimulus":32,"slider_start":100,"sprites":"marbles","response":85,"absDeviation":50,"callibration":"test","block":7,"seed":32,"numerosity":135,"matchType":"unpaired","which":"second","trial_type":"numerosity-estimation","trial_index":145,"time_elapsed":614970,"subject_id":"78141"},{"rt":907,"stimulus":"<p> For the last block of trials, the average deviation of your guesses from correct answers was 32.</p>\n     <p>The smaller the deviation the better.  Your deviation was <b> good</b>.</p><br>\n       <p>Press any key to continue to the next block of trials</p>","response":" ","trial_type":"html-keyboard-response","trial_index":146,"time_elapsed":615881,"subject_id":"78141"},{"rt":2863,"stimulus":34,"slider_start":100,"sprites":"rocks","response":65,"absDeviation":15,"callibration":"test","block":8,"seed":34,"numerosity":50,"matchType":"paired","which":"first","trial_type":"numerosity-estimation","trial_index":147,"time_elapsed":618749,"subject_id":"78141"},{"rt":2020,"stimulus":34,"slider_start":100,"sprites":"rocks","response":45,"absDeviation":5,"callibration":"test","block":8,"seed":34,"numerosity":50,"matchType":"paired","which":"second","trial_type":"numerosity-estimation","trial_index":148,"time_elapsed":620771,"subject_id":"78141"},{"rt":3210,"stimulus":35,"slider_start":100,"sprites":"buttons","response":73,"absDeviation":5,"callibration":"test","block":8,"seed":35,"numerosity":78,"matchType":"unpaired","which":"second","trial_type":"numerosity-estimation","trial_index":149,"time_elapsed":623983,"subject_id":"78141"},{"rt":2020,"stimulus":36,"slider_start":100,"sprites":"animalCrackers","response":41,"absDeviation":9,"callibration":"test","block":8,"seed":36,"numerosity":50,"matchType":"unpaired","which":"second","trial_type":"numerosity-estimation","trial_index":150,"time_elapsed":626007,"subject_id":"78141"},{"rt":3540,"stimulus":38,"slider_start":100,"sprites":"butterflies","response":58,"absDeviation":20,"callibration":"test","block":8,"seed":38,"numerosity":78,"matchType":"paired","which":"first","trial_type":"numerosity-estimation","trial_index":151,"time_elapsed":629552,"subject_id":"78141"},{"rt":4259,"stimulus":38,"slider_start":100,"sprites":"butterflies","response":45,"absDeviation":33,"callibration":"test","block":8,"seed":38,"numerosity":78,"matchType":"paired","which":"second","trial_type":"numerosity-estimation","trial_index":152,"time_elapsed":633816,"subject_id":"78141"},{"rt":2544,"stimulus":39,"slider_start":100,"sprites":"hearts","response":65,"absDeviation":13,"callibration":"test","block":8,"seed":39,"numerosity":78,"matchType":"unpaired","which":"second","trial_type":"numerosity-estimation","trial_index":153,"time_elapsed":636364,"subject_id":"78141"},{"rt":2133,"stimulus":40,"slider_start":100,"sprites":"crackers","response":86,"absDeviation":35,"callibration":"test","block":8,"seed":40,"numerosity":121,"matchType":"unpaired","which":"second","trial_type":"numerosity-estimation","trial_index":154,"time_elapsed":638500,"subject_id":"78141"},{"rt":3635,"stimulus":42,"slider_start":100,"sprites":"fruits","response":67,"absDeviation":11,"callibration":"test","block":8,"seed":42,"numerosity":78,"matchType":"paired","which":"first","trial_type":"numerosity-estimation","trial_index":155,"time_elapsed":642140,"subject_id":"78141"},{"rt":7506,"stimulus":42,"slider_start":100,"sprites":"fruits","response":75,"absDeviation":3,"callibration":"test","block":8,"seed":42,"numerosity":78,"matchType":"paired","which":"second","trial_type":"numerosity-estimation","trial_index":156,"time_elapsed":649649,"subject_id":"78141"},{"rt":2359,"stimulus":43,"slider_start":100,"sprites":"jellyBeans","response":63,"absDeviation":1,"callibration":"test","block":8,"seed":43,"numerosity":64,"matchType":"unpaired","which":"second","trial_type":"numerosity-estimation","trial_index":157,"time_elapsed":652013,"subject_id":"78141"},{"rt":2431,"stimulus":44,"slider_start":100,"sprites":"marbles","response":78,"absDeviation":43,"callibration":"test","block":8,"seed":44,"numerosity":121,"matchType":"unpaired","which":"second","trial_type":"numerosity-estimation","trial_index":158,"time_elapsed":654448,"subject_id":"78141"},{"rt":2123,"stimulus":46,"slider_start":100,"sprites":"rocks","response":88,"absDeviation":19,"callibration":"test","block":8,"seed":46,"numerosity":107,"matchType":"paired","which":"first","trial_type":"numerosity-estimation","trial_index":159,"time_elapsed":656576,"subject_id":"78141"},{"rt":1930,"stimulus":46,"slider_start":100,"sprites":"rocks","response":92,"absDeviation":15,"callibration":"test","block":8,"seed":46,"numerosity":107,"matchType":"paired","which":"second","trial_type":"numerosity-estimation","trial_index":160,"time_elapsed":658510,"subject_id":"78141"},{"rt":2051,"stimulus":47,"slider_start":100,"sprites":"buttons","response":89,"absDeviation":32,"callibration":"test","block":8,"seed":47,"numerosity":121,"matchType":"unpaired","which":"second","trial_type":"numerosity-estimation","trial_index":161,"time_elapsed":660564,"subject_id":"78141"},{"rt":1987,"stimulus":48,"slider_start":100,"sprites":"animalCrackers","response":90,"absDeviation":45,"callibration":"test","block":8,"seed":48,"numerosity":135,"matchType":"unpaired","which":"second","trial_type":"numerosity-estimation","trial_index":162,"time_elapsed":662554,"subject_id":"78141"},{"rt":1271,"stimulus":"<p> For the last block of trials, the average deviation of your guesses from correct answers was 19.</p>\n     <p>The smaller the deviation the better.  Your deviation was <b> VERY good</b>.</p><br>\n       <p>Press any key to continue to the next block of trials</p>","response":" ","trial_type":"html-keyboard-response","trial_index":163,"time_elapsed":663827,"subject_id":"78141"},{"rt":2563,"stimulus":50,"slider_start":100,"sprites":"butterflies","response":86,"absDeviation":64,"callibration":"test","block":9,"seed":50,"numerosity":150,"matchType":"paired","which":"first","trial_type":"numerosity-estimation","trial_index":164,"time_elapsed":666397,"subject_id":"78141"},{"rt":2601,"stimulus":50,"slider_start":100,"sprites":"butterflies","response":75,"absDeviation":75,"callibration":"test","block":9,"seed":50,"numerosity":150,"matchType":"paired","which":"second","trial_type":"numerosity-estimation","trial_index":165,"time_elapsed":669003,"subject_id":"78141"},{"rt":2496,"stimulus":51,"slider_start":100,"sprites":"hearts","response":91,"absDeviation":59,"callibration":"test","block":9,"seed":51,"numerosity":150,"matchType":"unpaired","which":"second","trial_type":"numerosity-estimation","trial_index":166,"time_elapsed":671503,"subject_id":"78141"},{"rt":2155,"stimulus":52,"slider_start":100,"sprites":"crackers","response":63,"absDeviation":15,"callibration":"test","block":9,"seed":52,"numerosity":78,"matchType":"unpaired","which":"second","trial_type":"numerosity-estimation","trial_index":167,"time_elapsed":673662,"subject_id":"78141"},{"rt":2142,"stimulus":54,"slider_start":100,"sprites":"fruits","response":84,"absDeviation":8,"callibration":"test","block":9,"seed":54,"numerosity":92,"matchType":"paired","which":"first","trial_type":"numerosity-estimation","trial_index":168,"time_elapsed":675806,"subject_id":"78141"},{"rt":3105,"stimulus":54,"slider_start":100,"sprites":"fruits","response":68,"absDeviation":24,"callibration":"test","block":9,"seed":54,"numerosity":92,"matchType":"paired","which":"second","trial_type":"numerosity-estimation","trial_index":169,"time_elapsed":678913,"subject_id":"78141"},{"rt":2152,"stimulus":55,"slider_start":100,"sprites":"jellyBeans","response":87,"absDeviation":34,"callibration":"test","block":9,"seed":55,"numerosity":121,"matchType":"unpaired","which":"second","trial_type":"numerosity-estimation","trial_index":170,"time_elapsed":681067,"subject_id":"78141"},{"rt":2503,"stimulus":56,"slider_start":100,"sprites":"marbles","response":44,"absDeviation":20,"callibration":"test","block":9,"seed":56,"numerosity":64,"matchType":"unpaired","which":"second","trial_type":"numerosity-estimation","trial_index":171,"time_elapsed":683574,"subject_id":"78141"},{"rt":2183,"stimulus":58,"slider_start":100,"sprites":"rocks","response":76,"absDeviation":45,"callibration":"test","block":9,"seed":58,"numerosity":121,"matchType":"paired","which":"first","trial_type":"numerosity-estimation","trial_index":172,"time_elapsed":685761,"subject_id":"78141"},{"rt":2640,"stimulus":58,"slider_start":100,"sprites":"rocks","response":88,"absDeviation":33,"callibration":"test","block":9,"seed":58,"numerosity":121,"matchType":"paired","which":"second","trial_type":"numerosity-estimation","trial_index":173,"time_elapsed":688404,"subject_id":"78141"},{"rt":2028,"stimulus":59,"slider_start":100,"sprites":"buttons","response":88,"absDeviation":47,"callibration":"test","block":9,"seed":59,"numerosity":135,"matchType":"unpaired","which":"second","trial_type":"numerosity-estimation","trial_index":174,"time_elapsed":690436,"subject_id":"78141"},{"rt":2294,"stimulus":60,"slider_start":100,"sprites":"animalCrackers","response":94,"absDeviation":56,"callibration":"test","block":9,"seed":60,"numerosity":150,"matchType":"unpaired","which":"second","trial_type":"numerosity-estimation","trial_index":175,"time_elapsed":692734,"subject_id":"78141"},{"rt":2267,"stimulus":62,"slider_start":100,"sprites":"butterflies","response":75,"absDeviation":60,"callibration":"test","block":9,"seed":62,"numerosity":135,"matchType":"paired","which":"first","trial_type":"numerosity-estimation","trial_index":176,"time_elapsed":695006,"subject_id":"78141"},{"rt":2627,"stimulus":62,"slider_start":100,"sprites":"butterflies","response":79,"absDeviation":56,"callibration":"test","block":9,"seed":62,"numerosity":135,"matchType":"paired","which":"second","trial_type":"numerosity-estimation","trial_index":177,"time_elapsed":697636,"subject_id":"78141"},{"rt":1987,"stimulus":63,"slider_start":100,"sprites":"hearts","response":54,"absDeviation":10,"callibration":"test","block":9,"seed":63,"numerosity":64,"matchType":"unpaired","which":"second","trial_type":"numerosity-estimation","trial_index":178,"time_elapsed":699627,"subject_id":"78141"},{"rt":2254,"stimulus":64,"slider_start":100,"sprites":"crackers","response":84,"absDeviation":51,"callibration":"test","block":9,"seed":64,"numerosity":135,"matchType":"unpaired","which":"second","trial_type":"numerosity-estimation","trial_index":179,"time_elapsed":701884,"subject_id":"78141"},{"rt":1085,"stimulus":"<p> For the last block of trials, the average deviation of your guesses from correct answers was 41.</p>\n     <p>The smaller the deviation the better.  Your deviation was <b> good</b>.</p><br>\n       <p>Press any key to continue to the next block of trials</p>","response":" ","trial_type":"html-keyboard-response","trial_index":180,"time_elapsed":702971,"subject_id":"78141"},{"rt":2129,"stimulus":66,"slider_start":100,"sprites":"fruits","response":61,"absDeviation":3,"callibration":"test","block":10,"seed":66,"numerosity":64,"matchType":"paired","which":"first","trial_type":"numerosity-estimation","trial_index":181,"time_elapsed":705105,"subject_id":"78141"},{"rt":2335,"stimulus":66,"slider_start":100,"sprites":"fruits","response":52,"absDeviation":12,"callibration":"test","block":10,"seed":66,"numerosity":64,"matchType":"paired","which":"second","trial_type":"numerosity-estimation","trial_index":182,"time_elapsed":707442,"subject_id":"78141"},{"rt":2126,"stimulus":67,"slider_start":100,"sprites":"jellyBeans","response":76,"absDeviation":31,"callibration":"test","block":10,"seed":67,"numerosity":107,"matchType":"unpaired","which":"second","trial_type":"numerosity-estimation","trial_index":183,"time_elapsed":709571,"subject_id":"78141"},{"rt":2221,"stimulus":68,"slider_start":100,"sprites":"marbles","response":87,"absDeviation":63,"callibration":"test","block":10,"seed":68,"numerosity":150,"matchType":"unpaired","which":"second","trial_type":"numerosity-estimation","trial_index":184,"time_elapsed":711796,"subject_id":"78141"},{"rt":2237,"stimulus":70,"slider_start":100,"sprites":"rocks","response":68,"absDeviation":24,"callibration":"test","block":10,"seed":70,"numerosity":92,"matchType":"paired","which":"first","trial_type":"numerosity-estimation","trial_index":185,"time_elapsed":714036,"subject_id":"78141"},{"rt":3209,"stimulus":70,"slider_start":100,"sprites":"rocks","response":78,"absDeviation":14,"callibration":"test","block":10,"seed":70,"numerosity":92,"matchType":"paired","which":"second","trial_type":"numerosity-estimation","trial_index":186,"time_elapsed":717248,"subject_id":"78141"},{"rt":3337,"stimulus":71,"slider_start":100,"sprites":"buttons","response":83,"absDeviation":24,"callibration":"test","block":10,"seed":71,"numerosity":107,"matchType":"unpaired","which":"second","trial_type":"numerosity-estimation","trial_index":187,"time_elapsed":720589,"subject_id":"78141"},{"rt":2160,"stimulus":72,"slider_start":100,"sprites":"animalCrackers","response":41,"absDeviation":9,"callibration":"test","block":10,"seed":72,"numerosity":50,"matchType":"unpaired","which":"second","trial_type":"numerosity-estimation","trial_index":188,"time_elapsed":722751,"subject_id":"78141"},{"rt":2392,"stimulus":74,"slider_start":100,"sprites":"butterflies","response":34,"absDeviation":30,"callibration":"test","block":10,"seed":74,"numerosity":64,"matchType":"paired","which":"first","trial_type":"numerosity-estimation","trial_index":189,"time_elapsed":725145,"subject_id":"78141"},{"rt":2673,"stimulus":74,"slider_start":100,"sprites":"butterflies","response":45,"absDeviation":19,"callibration":"test","block":10,"seed":74,"numerosity":64,"matchType":"paired","which":"second","trial_type":"numerosity-estimation","trial_index":190,"time_elapsed":727823,"subject_id":"78141"},{"rt":2780,"stimulus":75,"slider_start":100,"sprites":"hearts","response":79,"absDeviation":13,"callibration":"test","block":10,"seed":75,"numerosity":92,"matchType":"unpaired","which":"second","trial_type":"numerosity-estimation","trial_index":191,"time_elapsed":730607,"subject_id":"78141"},{"rt":2212,"stimulus":76,"slider_start":100,"sprites":"crackers","response":65,"absDeviation":1,"callibration":"test","block":10,"seed":76,"numerosity":64,"matchType":"unpaired","which":"second","trial_type":"numerosity-estimation","trial_index":192,"time_elapsed":732823,"subject_id":"78141"},{"rt":2277,"stimulus":78,"slider_start":100,"sprites":"fruits","response":72,"absDeviation":8,"callibration":"test","block":10,"seed":78,"numerosity":64,"matchType":"paired","which":"first","trial_type":"numerosity-estimation","trial_index":193,"time_elapsed":735104,"subject_id":"78141"},{"rt":2789,"stimulus":78,"slider_start":100,"sprites":"fruits","response":79,"absDeviation":15,"callibration":"test","block":10,"seed":78,"numerosity":64,"matchType":"paired","which":"second","trial_type":"numerosity-estimation","trial_index":194,"time_elapsed":737896,"subject_id":"78141"},{"rt":2034,"stimulus":79,"slider_start":100,"sprites":"jellyBeans","response":55,"absDeviation":5,"callibration":"test","block":10,"seed":79,"numerosity":50,"matchType":"unpaired","which":"second","trial_type":"numerosity-estimation","trial_index":195,"time_elapsed":739934,"subject_id":"78141"},{"rt":3021,"stimulus":80,"slider_start":100,"sprites":"marbles","response":71,"absDeviation":50,"callibration":"test","block":10,"seed":80,"numerosity":121,"matchType":"unpaired","which":"second","trial_type":"numerosity-estimation","trial_index":196,"time_elapsed":742958,"subject_id":"78141"},{"rt":1211,"stimulus":"<p> For the last block of trials, the average deviation of your guesses from correct answers was 20.</p>\n     <p>The smaller the deviation the better.  Your deviation was <b> VERY good</b>.</p><br>\n       <p>Press any key to continue to the next block of trials</p>","response":" ","trial_type":"html-keyboard-response","trial_index":197,"time_elapsed":744171,"subject_id":"78141"},{"rt":2556,"stimulus":82,"slider_start":100,"sprites":"rocks","response":69,"absDeviation":5,"callibration":"test","block":11,"seed":82,"numerosity":64,"matchType":"paired","which":"first","trial_type":"numerosity-estimation","trial_index":198,"time_elapsed":746730,"subject_id":"78141"},{"rt":2382,"stimulus":82,"slider_start":100,"sprites":"rocks","response":57,"absDeviation":7,"callibration":"test","block":11,"seed":82,"numerosity":64,"matchType":"paired","which":"second","trial_type":"numerosity-estimation","trial_index":199,"time_elapsed":749116,"subject_id":"78141"},{"rt":2578,"stimulus":83,"slider_start":100,"sprites":"buttons","response":80,"absDeviation":41,"callibration":"test","block":11,"seed":83,"numerosity":121,"matchType":"unpaired","which":"second","trial_type":"numerosity-estimation","trial_index":200,"time_elapsed":751697,"subject_id":"78141"},{"rt":2538,"stimulus":84,"slider_start":100,"sprites":"animalCrackers","response":38,"absDeviation":12,"callibration":"test","block":11,"seed":84,"numerosity":50,"matchType":"unpaired","which":"second","trial_type":"numerosity-estimation","trial_index":201,"time_elapsed":754238,"subject_id":"78141"},{"rt":2328,"stimulus":86,"slider_start":100,"sprites":"butterflies","response":60,"absDeviation":61,"callibration":"test","block":11,"seed":86,"numerosity":121,"matchType":"paired","which":"first","trial_type":"numerosity-estimation","trial_index":202,"time_elapsed":756569,"subject_id":"78141"},{"rt":2454,"stimulus":86,"slider_start":100,"sprites":"butterflies","response":42,"absDeviation":79,"callibration":"test","block":11,"seed":86,"numerosity":121,"matchType":"paired","which":"second","trial_type":"numerosity-estimation","trial_index":203,"time_elapsed":759028,"subject_id":"78141"},{"rt":2053,"stimulus":87,"slider_start":100,"sprites":"hearts","response":48,"absDeviation":2,"callibration":"test","block":11,"seed":87,"numerosity":50,"matchType":"unpaired","which":"second","trial_type":"numerosity-estimation","trial_index":204,"time_elapsed":761084,"subject_id":"78141"},{"rt":5700,"stimulus":88,"slider_start":100,"sprites":"crackers","response":91,"absDeviation":44,"callibration":"test","block":11,"seed":88,"numerosity":135,"matchType":"unpaired","which":"second","trial_type":"numerosity-estimation","trial_index":205,"time_elapsed":766787,"subject_id":"78141"},{"rt":2077,"stimulus":90,"slider_start":100,"sprites":"fruits","response":92,"absDeviation":58,"callibration":"test","block":11,"seed":90,"numerosity":150,"matchType":"paired","which":"first","trial_type":"numerosity-estimation","trial_index":206,"time_elapsed":768866,"subject_id":"78141"},{"rt":2204,"stimulus":90,"slider_start":100,"sprites":"fruits","response":106,"absDeviation":44,"callibration":"test","block":11,"seed":90,"numerosity":150,"matchType":"paired","which":"second","trial_type":"numerosity-estimation","trial_index":207,"time_elapsed":771076,"subject_id":"78141"},{"rt":2957,"stimulus":91,"slider_start":100,"sprites":"jellyBeans","response":70,"absDeviation":22,"callibration":"test","block":11,"seed":91,"numerosity":92,"matchType":"unpaired","which":"second","trial_type":"numerosity-estimation","trial_index":208,"time_elapsed":774037,"subject_id":"78141"},{"rt":2956,"stimulus":92,"slider_start":100,"sprites":"marbles","response":65,"absDeviation":56,"callibration":"test","block":11,"seed":92,"numerosity":121,"matchType":"unpaired","which":"second","trial_type":"numerosity-estimation","trial_index":209,"time_elapsed":776996,"subject_id":"78141"},{"rt":2901,"stimulus":94,"slider_start":100,"sprites":"rocks","response":72,"absDeviation":6,"callibration":"test","block":11,"seed":94,"numerosity":78,"matchType":"paired","which":"first","trial_type":"numerosity-estimation","trial_index":210,"time_elapsed":779900,"subject_id":"78141"},{"rt":3331,"stimulus":94,"slider_start":100,"sprites":"rocks","response":58,"absDeviation":20,"callibration":"test","block":11,"seed":94,"numerosity":78,"matchType":"paired","which":"second","trial_type":"numerosity-estimation","trial_index":211,"time_elapsed":783234,"subject_id":"78141"},{"rt":2108,"stimulus":95,"slider_start":100,"sprites":"buttons","response":66,"absDeviation":2,"callibration":"test","block":11,"seed":95,"numerosity":64,"matchType":"unpaired","which":"second","trial_type":"numerosity-estimation","trial_index":212,"time_elapsed":785346,"subject_id":"78141"},{"rt":2213,"stimulus":96,"slider_start":100,"sprites":"animalCrackers","response":78,"absDeviation":14,"callibration":"test","block":11,"seed":96,"numerosity":92,"matchType":"unpaired","which":"second","trial_type":"numerosity-estimation","trial_index":213,"time_elapsed":787563,"subject_id":"78141"},{"rt":1009,"stimulus":"<p> For the last block of trials, the average deviation of your guesses from correct answers was 30.</p>\n     <p>The smaller the deviation the better.  Your deviation was <b> good</b>.</p><br>\n       <p>Press any key to continue to the next block of trials</p>","response":" ","trial_type":"html-keyboard-response","trial_index":214,"time_elapsed":788574,"subject_id":"78141"},{"rt":7584,"response":{"averageEstimates":"When the two displays occured back-to-back, in immediate succession.","firstOrSecond":"The second time the objects were shown"},"question_order":[0,1],"trial_type":"survey-multi-choice","trial_index":215,"time_elapsed":796162,"subject_id":"78141"}]