[{"rt":57999,"url":"consent.html","trial_type":"external-html","trial_index":0,"time_elapsed":58020,"subject_id":"77278"},{"view_history":[{"page_index":0,"viewing_time":3950}],"rt":3952,"trial_type":"instructions","trial_index":1,"time_elapsed":61976,"subject_id":"77278"},{"rt":4846,"stimulus":0,"slider_start":100,"sprites":"animalCrackers","response":100,"absDeviation":50,"callibration":"callibration","block":-1,"seed":0,"numerosity":50,"matchType":"callibration","which":"first","trial_type":"numerosity-estimation","trial_index":2,"time_elapsed":66832,"subject_id":"77278"},{"rt":5606,"stimulus":1,"slider_start":100,"sprites":"letters","response":100,"absDeviation":36,"callibration":"callibration","block":-1,"seed":1,"numerosity":64,"matchType":"callibration","which":"first","trial_type":"numerosity-estimation","trial_index":3,"time_elapsed":72443,"subject_id":"77278"},{"rt":3020,"stimulus":2,"slider_start":100,"sprites":"butterflies","response":100,"absDeviation":22,"callibration":"callibration","block":-1,"seed":2,"numerosity":78,"matchType":"callibration","which":"first","trial_type":"numerosity-estimation","trial_index":4,"time_elapsed":75469,"subject_id":"77278"},{"rt":3840,"stimulus":3,"slider_start":100,"sprites":"hearts","response":100,"absDeviation":8,"callibration":"callibration","block":-1,"seed":3,"numerosity":92,"matchType":"callibration","which":"first","trial_type":"numerosity-estimation","trial_index":5,"time_elapsed":79314,"subject_id":"77278"},{"rt":2237,"stimulus":4,"slider_start":100,"sprites":"crackers","response":100,"absDeviation":7,"callibration":"callibration","block":-1,"seed":4,"numerosity":107,"matchType":"callibration","which":"first","trial_type":"numerosity-estimation","trial_index":6,"time_elapsed":81557,"subject_id":"77278"},{"rt":2117,"stimulus":5,"slider_start":100,"sprites":"bears","response":100,"absDeviation":21,"callibration":"callibration","block":-1,"seed":5,"numerosity":121,"matchType":"callibration","which":"first","trial_type":"numerosity-estimation","trial_index":7,"time_elapsed":83678,"subject_id":"77278"},{"rt":2191,"stimulus":6,"slider_start":100,"sprites":"fruits","response":100,"absDeviation":35,"callibration":"callibration","block":-1,"seed":6,"numerosity":135,"matchType":"callibration","which":"first","trial_type":"numerosity-estimation","trial_index":8,"time_elapsed":85874,"subject_id":"77278"},{"rt":1931,"stimulus":7,"slider_start":100,"sprites":"jellyBeans","response":100,"absDeviation":50,"callibration":"callibration","block":-1,"seed":7,"numerosity":150,"matchType":"callibration","which":"first","trial_type":"numerosity-estimation","trial_index":9,"time_elapsed":87811,"subject_id":"77278"},{"view_history":[{"page_index":0,"viewing_time":4880}],"rt":4881,"trial_type":"instructions","trial_index":10,"time_elapsed":92695,"subject_id":"77278"},{"rt":11302,"stimulus":1,"slider_start":100,"sprites":"letters","response":90,"absDeviation":2,"callibration":"test","block":0,"seed":1,"numerosity":92,"matchType":"paired","which":"first","trial_type":"numerosity-estimation","trial_index":11,"time_elapsed":104002,"subject_id":"77278"},{"rt":9683,"stimulus":1,"slider_start":100,"sprites":"letters","response":85,"absDeviation":7,"callibration":"test","block":0,"seed":1,"numerosity":92,"matchType":"paired","which":"second","trial_type":"numerosity-estimation","trial_index":12,"time_elapsed":113691,"subject_id":"77278"},{"rt":8484,"stimulus":3,"slider_start":100,"sprites":"hearts","response":44,"absDeviation":6,"callibration":"test","block":0,"seed":3,"numerosity":50,"matchType":"unpaired","which":"first","trial_type":"numerosity-estimation","trial_index":13,"time_elapsed":122178,"subject_id":"77278"},{"rt":9501,"stimulus":4,"slider_start":100,"sprites":"crackers","response":116,"absDeviation":9,"callibration":"test","block":0,"seed":4,"numerosity":107,"matchType":"unpaired","which":"first","trial_type":"numerosity-estimation","trial_index":14,"time_elapsed":131682,"subject_id":"77278"},{"rt":7706,"stimulus":5,"slider_start":100,"sprites":"bears","response":36,"absDeviation":14,"callibration":"test","block":0,"seed":5,"numerosity":50,"matchType":"paired","which":"first","trial_type":"numerosity-estimation","trial_index":15,"time_elapsed":139393,"subject_id":"77278"},{"rt":7179,"stimulus":5,"slider_start":100,"sprites":"bears","response":41,"absDeviation":9,"callibration":"test","block":0,"seed":5,"numerosity":50,"matchType":"paired","which":"second","trial_type":"numerosity-estimation","trial_index":16,"time_elapsed":146577,"subject_id":"77278"},{"rt":4552,"stimulus":7,"slider_start":100,"sprites":"jellyBeans","response":60,"absDeviation":10,"callibration":"test","block":0,"seed":7,"numerosity":50,"matchType":"unpaired","which":"first","trial_type":"numerosity-estimation","trial_index":17,"time_elapsed":151134,"subject_id":"77278"},{"rt":8737,"stimulus":8,"slider_start":100,"sprites":"marbles","response":76,"absDeviation":16,"callibration":"test","block":0,"seed":8,"numerosity":92,"matchType":"unpaired","which":"first","trial_type":"numerosity-estimation","trial_index":18,"time_elapsed":159877,"subject_id":"77278"},{"rt":5632,"stimulus":9,"slider_start":100,"sprites":"mints","response":111,"absDeviation":24,"callibration":"test","block":0,"seed":9,"numerosity":135,"matchType":"paired","which":"first","trial_type":"numerosity-estimation","trial_index":19,"time_elapsed":165514,"subject_id":"77278"},{"rt":6399,"stimulus":9,"slider_start":100,"sprites":"mints","response":108,"absDeviation":27,"callibration":"test","block":0,"seed":9,"numerosity":135,"matchType":"paired","which":"second","trial_type":"numerosity-estimation","trial_index":20,"time_elapsed":171919,"subject_id":"77278"},{"rt":39029,"stimulus":11,"slider_start":100,"sprites":"buttons","response":86,"absDeviation":21,"callibration":"test","block":0,"seed":11,"numerosity":107,"matchType":"unpaired","which":"first","trial_type":"numerosity-estimation","trial_index":21,"time_elapsed":210952,"subject_id":"77278"},{"rt":7321,"stimulus":12,"slider_start":100,"sprites":"animalCrackers","response":111,"absDeviation":19,"callibration":"test","block":0,"seed":12,"numerosity":92,"matchType":"unpaired","which":"first","trial_type":"numerosity-estimation","trial_index":22,"time_elapsed":218277,"subject_id":"77278"},{"rt":8208,"stimulus":13,"slider_start":100,"sprites":"letters","response":85,"absDeviation":22,"callibration":"test","block":0,"seed":13,"numerosity":107,"matchType":"paired","which":"first","trial_type":"numerosity-estimation","trial_index":23,"time_elapsed":226490,"subject_id":"77278"},{"rt":7108,"stimulus":13,"slider_start":100,"sprites":"letters","response":119,"absDeviation":12,"callibration":"test","block":0,"seed":13,"numerosity":107,"matchType":"paired","which":"second","trial_type":"numerosity-estimation","trial_index":24,"time_elapsed":233603,"subject_id":"77278"},{"rt":6658,"stimulus":15,"slider_start":100,"sprites":"hearts","response":130,"absDeviation":9,"callibration":"test","block":0,"seed":15,"numerosity":121,"matchType":"unpaired","which":"first","trial_type":"numerosity-estimation","trial_index":25,"time_elapsed":240266,"subject_id":"77278"},{"rt":10610,"stimulus":16,"slider_start":100,"sprites":"crackers","response":45,"absDeviation":19,"callibration":"test","block":0,"seed":16,"numerosity":64,"matchType":"unpaired","which":"first","trial_type":"numerosity-estimation","trial_index":26,"time_elapsed":250881,"subject_id":"77278"},{"rt":13513,"stimulus":"<p> For the last block of trials, the average deviation of your guesses from correct answers was 14.</p>\n     <p>The smaller the deviation the better.  Your deviation was <b> AMAZINGLY good</b>.</p><br>\n       <p>Press any key to continue to the next block of trials</p>","response":" ","trial_type":"html-keyboard-response","trial_index":27,"time_elapsed":264399,"subject_id":"77278"},{"rt":8769,"stimulus":17,"slider_start":100,"sprites":"bears","response":73,"absDeviation":19,"callibration":"test","block":1,"seed":17,"numerosity":92,"matchType":"paired","which":"first","trial_type":"numerosity-estimation","trial_index":28,"time_elapsed":273171,"subject_id":"77278"},{"rt":9284,"stimulus":17,"slider_start":100,"sprites":"bears","response":73,"absDeviation":19,"callibration":"test","block":1,"seed":17,"numerosity":92,"matchType":"paired","which":"second","trial_type":"numerosity-estimation","trial_index":29,"time_elapsed":282460,"subject_id":"77278"},{"rt":8581,"stimulus":19,"slider_start":100,"sprites":"jellyBeans","response":119,"absDeviation":16,"callibration":"test","block":1,"seed":19,"numerosity":135,"matchType":"unpaired","which":"first","trial_type":"numerosity-estimation","trial_index":30,"time_elapsed":291046,"subject_id":"77278"},{"rt":8285,"stimulus":20,"slider_start":100,"sprites":"marbles","response":40,"absDeviation":38,"callibration":"test","block":1,"seed":20,"numerosity":78,"matchType":"unpaired","which":"first","trial_type":"numerosity-estimation","trial_index":31,"time_elapsed":299336,"subject_id":"77278"},{"rt":5170,"stimulus":21,"slider_start":100,"sprites":"mints","response":106,"absDeviation":14,"callibration":"test","block":1,"seed":21,"numerosity":92,"matchType":"paired","which":"first","trial_type":"numerosity-estimation","trial_index":32,"time_elapsed":304510,"subject_id":"77278"},{"rt":5571,"stimulus":21,"slider_start":100,"sprites":"mints","response":106,"absDeviation":14,"callibration":"test","block":1,"seed":21,"numerosity":92,"matchType":"paired","which":"second","trial_type":"numerosity-estimation","trial_index":33,"time_elapsed":310087,"subject_id":"77278"},{"rt":3500,"stimulus":23,"slider_start":100,"sprites":"buttons","response":128,"absDeviation":22,"callibration":"test","block":1,"seed":23,"numerosity":150,"matchType":"unpaired","which":"first","trial_type":"numerosity-estimation","trial_index":34,"time_elapsed":313592,"subject_id":"77278"},{"rt":3415,"stimulus":24,"slider_start":100,"sprites":"animalCrackers","response":124,"absDeviation":17,"callibration":"test","block":1,"seed":24,"numerosity":107,"matchType":"unpaired","which":"first","trial_type":"numerosity-estimation","trial_index":35,"time_elapsed":317012,"subject_id":"77278"},{"rt":4488,"stimulus":25,"slider_start":100,"sprites":"letters","response":117,"absDeviation":10,"callibration":"test","block":1,"seed":25,"numerosity":107,"matchType":"paired","which":"first","trial_type":"numerosity-estimation","trial_index":36,"time_elapsed":321505,"subject_id":"77278"},{"rt":7477,"stimulus":25,"slider_start":100,"sprites":"letters","response":123,"absDeviation":16,"callibration":"test","block":1,"seed":25,"numerosity":107,"matchType":"paired","which":"second","trial_type":"numerosity-estimation","trial_index":37,"time_elapsed":328986,"subject_id":"77278"},{"rt":5521,"stimulus":27,"slider_start":100,"sprites":"hearts","response":120,"absDeviation":1,"callibration":"test","block":1,"seed":27,"numerosity":121,"matchType":"unpaired","which":"first","trial_type":"numerosity-estimation","trial_index":38,"time_elapsed":334512,"subject_id":"77278"},{"rt":3260,"stimulus":28,"slider_start":100,"sprites":"crackers","response":134,"absDeviation":16,"callibration":"test","block":1,"seed":28,"numerosity":150,"matchType":"unpaired","which":"first","trial_type":"numerosity-estimation","trial_index":39,"time_elapsed":337785,"subject_id":"77278"},{"rt":4696,"stimulus":29,"slider_start":100,"sprites":"bears","response":51,"absDeviation":13,"callibration":"test","block":1,"seed":29,"numerosity":64,"matchType":"paired","which":"first","trial_type":"numerosity-estimation","trial_index":40,"time_elapsed":342486,"subject_id":"77278"},{"rt":3591,"stimulus":29,"slider_start":100,"sprites":"bears","response":56,"absDeviation":8,"callibration":"test","block":1,"seed":29,"numerosity":64,"matchType":"paired","which":"second","trial_type":"numerosity-estimation","trial_index":41,"time_elapsed":346082,"subject_id":"77278"},{"rt":4468,"stimulus":31,"slider_start":100,"sprites":"jellyBeans","response":115,"absDeviation":35,"callibration":"test","block":1,"seed":31,"numerosity":150,"matchType":"unpaired","which":"first","trial_type":"numerosity-estimation","trial_index":42,"time_elapsed":350555,"subject_id":"77278"},{"rt":9006,"stimulus":32,"slider_start":100,"sprites":"marbles","response":85,"absDeviation":50,"callibration":"test","block":1,"seed":32,"numerosity":135,"matchType":"unpaired","which":"first","trial_type":"numerosity-estimation","trial_index":43,"time_elapsed":359566,"subject_id":"77278"},{"rt":27240,"stimulus":"<p> For the last block of trials, the average deviation of your guesses from correct answers was 19.</p>\n     <p>The smaller the deviation the better.  Your deviation was <b> VERY good</b>.</p><br>\n       <p>Press any key to continue to the next block of trials</p>","response":" ","trial_type":"html-keyboard-response","trial_index":44,"time_elapsed":386809,"subject_id":"77278"},{"rt":8124,"stimulus":33,"slider_start":100,"sprites":"mints","response":116,"absDeviation":5,"callibration":"test","block":2,"seed":33,"numerosity":121,"matchType":"paired","which":"first","trial_type":"numerosity-estimation","trial_index":45,"time_elapsed":394938,"subject_id":"77278"},{"rt":6349,"stimulus":33,"slider_start":100,"sprites":"mints","response":117,"absDeviation":4,"callibration":"test","block":2,"seed":33,"numerosity":121,"matchType":"paired","which":"second","trial_type":"numerosity-estimation","trial_index":46,"time_elapsed":401291,"subject_id":"77278"},{"rt":11197,"stimulus":35,"slider_start":100,"sprites":"buttons","response":74,"absDeviation":4,"callibration":"test","block":2,"seed":35,"numerosity":78,"matchType":"unpaired","which":"first","trial_type":"numerosity-estimation","trial_index":47,"time_elapsed":412493,"subject_id":"77278"},{"rt":10650,"stimulus":36,"slider_start":100,"sprites":"animalCrackers","response":38,"absDeviation":12,"callibration":"test","block":2,"seed":36,"numerosity":50,"matchType":"unpaired","which":"first","trial_type":"numerosity-estimation","trial_index":48,"time_elapsed":423149,"subject_id":"77278"},{"rt":7628,"stimulus":37,"slider_start":100,"sprites":"letters","response":126,"absDeviation":9,"callibration":"test","block":2,"seed":37,"numerosity":135,"matchType":"paired","which":"first","trial_type":"numerosity-estimation","trial_index":49,"time_elapsed":430781,"subject_id":"77278"},{"rt":4757,"stimulus":37,"slider_start":100,"sprites":"letters","response":127,"absDeviation":8,"callibration":"test","block":2,"seed":37,"numerosity":135,"matchType":"paired","which":"second","trial_type":"numerosity-estimation","trial_index":50,"time_elapsed":435544,"subject_id":"77278"},{"rt":14009,"stimulus":39,"slider_start":100,"sprites":"hearts","response":63,"absDeviation":15,"callibration":"test","block":2,"seed":39,"numerosity":78,"matchType":"unpaired","which":"first","trial_type":"numerosity-estimation","trial_index":51,"time_elapsed":449557,"subject_id":"77278"},{"rt":6961,"stimulus":40,"slider_start":100,"sprites":"crackers","response":137,"absDeviation":16,"callibration":"test","block":2,"seed":40,"numerosity":121,"matchType":"unpaired","which":"first","trial_type":"numerosity-estimation","trial_index":52,"time_elapsed":456520,"subject_id":"77278"},{"rt":6465,"stimulus":41,"slider_start":100,"sprites":"bears","response":40,"absDeviation":10,"callibration":"test","block":2,"seed":41,"numerosity":50,"matchType":"paired","which":"first","trial_type":"numerosity-estimation","trial_index":53,"time_elapsed":462989,"subject_id":"77278"},{"rt":6998,"stimulus":41,"slider_start":100,"sprites":"bears","response":49,"absDeviation":1,"callibration":"test","block":2,"seed":41,"numerosity":50,"matchType":"paired","which":"second","trial_type":"numerosity-estimation","trial_index":54,"time_elapsed":469992,"subject_id":"77278"},{"rt":6343,"stimulus":43,"slider_start":100,"sprites":"jellyBeans","response":58,"absDeviation":6,"callibration":"test","block":2,"seed":43,"numerosity":64,"matchType":"unpaired","which":"first","trial_type":"numerosity-estimation","trial_index":55,"time_elapsed":476337,"subject_id":"77278"},{"rt":10139,"stimulus":44,"slider_start":100,"sprites":"marbles","response":72,"absDeviation":49,"callibration":"test","block":2,"seed":44,"numerosity":121,"matchType":"unpaired","which":"first","trial_type":"numerosity-estimation","trial_index":56,"time_elapsed":486481,"subject_id":"77278"},{"rt":6548,"stimulus":45,"slider_start":100,"sprites":"mints","response":105,"absDeviation":16,"callibration":"test","block":2,"seed":45,"numerosity":121,"matchType":"paired","which":"first","trial_type":"numerosity-estimation","trial_index":57,"time_elapsed":493033,"subject_id":"77278"},{"rt":3876,"stimulus":45,"slider_start":100,"sprites":"mints","response":108,"absDeviation":13,"callibration":"test","block":2,"seed":45,"numerosity":121,"matchType":"paired","which":"second","trial_type":"numerosity-estimation","trial_index":58,"time_elapsed":496914,"subject_id":"77278"},{"rt":7857,"stimulus":47,"slider_start":100,"sprites":"buttons","response":126,"absDeviation":5,"callibration":"test","block":2,"seed":47,"numerosity":121,"matchType":"unpaired","which":"first","trial_type":"numerosity-estimation","trial_index":59,"time_elapsed":504784,"subject_id":"77278"},{"rt":5405,"stimulus":48,"slider_start":100,"sprites":"animalCrackers","response":130,"absDeviation":5,"callibration":"test","block":2,"seed":48,"numerosity":135,"matchType":"unpaired","which":"first","trial_type":"numerosity-estimation","trial_index":60,"time_elapsed":510193,"subject_id":"77278"},{"rt":30795,"stimulus":"<p> For the last block of trials, the average deviation of your guesses from correct answers was 11.</p>\n     <p>The smaller the deviation the better.  Your deviation was <b> AMAZINGLY good</b>.</p><br>\n       <p>Press any key to continue to the next block of trials</p>","response":" ","trial_type":"html-keyboard-response","trial_index":61,"time_elapsed":540989,"subject_id":"77278"},{"rt":10552,"stimulus":49,"slider_start":100,"sprites":"letters","response":63,"absDeviation":15,"callibration":"test","block":3,"seed":49,"numerosity":78,"matchType":"paired","which":"first","trial_type":"numerosity-estimation","trial_index":62,"time_elapsed":551546,"subject_id":"77278"},{"rt":6486,"stimulus":49,"slider_start":100,"sprites":"letters","response":62,"absDeviation":16,"callibration":"test","block":3,"seed":49,"numerosity":78,"matchType":"paired","which":"second","trial_type":"numerosity-estimation","trial_index":63,"time_elapsed":558036,"subject_id":"77278"},{"rt":6627,"stimulus":51,"slider_start":100,"sprites":"hearts","response":129,"absDeviation":21,"callibration":"test","block":3,"seed":51,"numerosity":150,"matchType":"unpaired","which":"first","trial_type":"numerosity-estimation","trial_index":64,"time_elapsed":564667,"subject_id":"77278"},{"rt":6652,"stimulus":52,"slider_start":100,"sprites":"crackers","response":67,"absDeviation":11,"callibration":"test","block":3,"seed":52,"numerosity":78,"matchType":"unpaired","which":"first","trial_type":"numerosity-estimation","trial_index":65,"time_elapsed":571325,"subject_id":"77278"},{"rt":11527,"stimulus":53,"slider_start":100,"sprites":"bears","response":38,"absDeviation":12,"callibration":"test","block":3,"seed":53,"numerosity":50,"matchType":"paired","which":"first","trial_type":"numerosity-estimation","trial_index":66,"time_elapsed":582857,"subject_id":"77278"},{"rt":6744,"stimulus":53,"slider_start":100,"sprites":"bears","response":37,"absDeviation":13,"callibration":"test","block":3,"seed":53,"numerosity":50,"matchType":"paired","which":"second","trial_type":"numerosity-estimation","trial_index":67,"time_elapsed":589606,"subject_id":"77278"},{"rt":4665,"stimulus":55,"slider_start":100,"sprites":"jellyBeans","response":112,"absDeviation":9,"callibration":"test","block":3,"seed":55,"numerosity":121,"matchType":"unpaired","which":"first","trial_type":"numerosity-estimation","trial_index":68,"time_elapsed":594277,"subject_id":"77278"},{"rt":6738,"stimulus":56,"slider_start":100,"sprites":"marbles","response":47,"absDeviation":17,"callibration":"test","block":3,"seed":56,"numerosity":64,"matchType":"unpaired","which":"first","trial_type":"numerosity-estimation","trial_index":69,"time_elapsed":601020,"subject_id":"77278"},{"rt":5976,"stimulus":57,"slider_start":100,"sprites":"mints","response":60,"absDeviation":4,"callibration":"test","block":3,"seed":57,"numerosity":64,"matchType":"paired","which":"first","trial_type":"numerosity-estimation","trial_index":70,"time_elapsed":607001,"subject_id":"77278"},{"rt":7887,"stimulus":57,"slider_start":100,"sprites":"mints","response":56,"absDeviation":8,"callibration":"test","block":3,"seed":57,"numerosity":64,"matchType":"paired","which":"second","trial_type":"numerosity-estimation","trial_index":71,"time_elapsed":614892,"subject_id":"77278"},{"rt":5399,"stimulus":59,"slider_start":100,"sprites":"buttons","response":126,"absDeviation":9,"callibration":"test","block":3,"seed":59,"numerosity":135,"matchType":"unpaired","which":"first","trial_type":"numerosity-estimation","trial_index":72,"time_elapsed":620297,"subject_id":"77278"},{"rt":3914,"stimulus":60,"slider_start":100,"sprites":"animalCrackers","response":126,"absDeviation":24,"callibration":"test","block":3,"seed":60,"numerosity":150,"matchType":"unpaired","which":"first","trial_type":"numerosity-estimation","trial_index":73,"time_elapsed":624215,"subject_id":"77278"},{"rt":4668,"stimulus":61,"slider_start":100,"sprites":"letters","response":39,"absDeviation":11,"callibration":"test","block":3,"seed":61,"numerosity":50,"matchType":"paired","which":"first","trial_type":"numerosity-estimation","trial_index":74,"time_elapsed":628889,"subject_id":"77278"},{"rt":4327,"stimulus":61,"slider_start":100,"sprites":"letters","response":40,"absDeviation":10,"callibration":"test","block":3,"seed":61,"numerosity":50,"matchType":"paired","which":"second","trial_type":"numerosity-estimation","trial_index":75,"time_elapsed":633220,"subject_id":"77278"},{"rt":7447,"stimulus":63,"slider_start":100,"sprites":"hearts","response":61,"absDeviation":3,"callibration":"test","block":3,"seed":63,"numerosity":64,"matchType":"unpaired","which":"first","trial_type":"numerosity-estimation","trial_index":76,"time_elapsed":640670,"subject_id":"77278"},{"rt":7001,"stimulus":64,"slider_start":100,"sprites":"crackers","response":114,"absDeviation":21,"callibration":"test","block":3,"seed":64,"numerosity":135,"matchType":"unpaired","which":"first","trial_type":"numerosity-estimation","trial_index":77,"time_elapsed":647674,"subject_id":"77278"},{"rt":28642,"stimulus":"<p> For the last block of trials, the average deviation of your guesses from correct answers was 13.</p>\n     <p>The smaller the deviation the better.  Your deviation was <b> AMAZINGLY good</b>.</p><br>\n       <p>Press any key to continue to the next block of trials</p>","response":" ","trial_type":"html-keyboard-response","trial_index":78,"time_elapsed":676318,"subject_id":"77278"},{"rt":11103,"stimulus":65,"slider_start":100,"sprites":"bears","response":85,"absDeviation":22,"callibration":"test","block":4,"seed":65,"numerosity":107,"matchType":"paired","which":"first","trial_type":"numerosity-estimation","trial_index":79,"time_elapsed":687425,"subject_id":"77278"},{"rt":5793,"stimulus":65,"slider_start":100,"sprites":"bears","response":70,"absDeviation":37,"callibration":"test","block":4,"seed":65,"numerosity":107,"matchType":"paired","which":"second","trial_type":"numerosity-estimation","trial_index":80,"time_elapsed":693223,"subject_id":"77278"},{"rt":5185,"stimulus":67,"slider_start":100,"sprites":"jellyBeans","response":90,"absDeviation":17,"callibration":"test","block":4,"seed":67,"numerosity":107,"matchType":"unpaired","which":"first","trial_type":"numerosity-estimation","trial_index":81,"time_elapsed":698413,"subject_id":"77278"},{"rt":7264,"stimulus":68,"slider_start":100,"sprites":"marbles","response":68,"absDeviation":82,"callibration":"test","block":4,"seed":68,"numerosity":150,"matchType":"unpaired","which":"first","trial_type":"numerosity-estimation","trial_index":82,"time_elapsed":705682,"subject_id":"77278"},{"rt":4475,"stimulus":69,"slider_start":100,"sprites":"mints","response":112,"absDeviation":9,"callibration":"test","block":4,"seed":69,"numerosity":121,"matchType":"paired","which":"first","trial_type":"numerosity-estimation","trial_index":83,"time_elapsed":710160,"subject_id":"77278"},{"rt":58184,"stimulus":69,"slider_start":100,"sprites":"mints","response":114,"absDeviation":7,"callibration":"test","block":4,"seed":69,"numerosity":121,"matchType":"paired","which":"second","trial_type":"numerosity-estimation","trial_index":84,"time_elapsed":768349,"subject_id":"77278"},{"rt":54328,"stimulus":71,"slider_start":100,"sprites":"buttons","response":113,"absDeviation":6,"callibration":"test","block":4,"seed":71,"numerosity":107,"matchType":"unpaired","which":"first","trial_type":"numerosity-estimation","trial_index":85,"time_elapsed":822682,"subject_id":"77278"},{"rt":43897,"stimulus":72,"slider_start":100,"sprites":"animalCrackers","response":33,"absDeviation":17,"callibration":"test","block":4,"seed":72,"numerosity":50,"matchType":"unpaired","which":"first","trial_type":"numerosity-estimation","trial_index":86,"time_elapsed":866585,"subject_id":"77278"},{"rt":10138,"stimulus":73,"slider_start":100,"sprites":"letters","response":56,"absDeviation":22,"callibration":"test","block":4,"seed":73,"numerosity":78,"matchType":"paired","which":"first","trial_type":"numerosity-estimation","trial_index":87,"time_elapsed":876727,"subject_id":"77278"},{"rt":7090,"stimulus":73,"slider_start":100,"sprites":"letters","response":62,"absDeviation":16,"callibration":"test","block":4,"seed":73,"numerosity":78,"matchType":"paired","which":"second","trial_type":"numerosity-estimation","trial_index":88,"time_elapsed":883823,"subject_id":"77278"},{"rt":13274,"stimulus":75,"slider_start":100,"sprites":"hearts","response":97,"absDeviation":5,"callibration":"test","block":4,"seed":75,"numerosity":92,"matchType":"unpaired","which":"first","trial_type":"numerosity-estimation","trial_index":89,"time_elapsed":897102,"subject_id":"77278"},{"rt":10254,"stimulus":76,"slider_start":100,"sprites":"crackers","response":58,"absDeviation":6,"callibration":"test","block":4,"seed":76,"numerosity":64,"matchType":"unpaired","which":"first","trial_type":"numerosity-estimation","trial_index":90,"time_elapsed":907361,"subject_id":"77278"},{"rt":61539,"stimulus":77,"slider_start":100,"sprites":"bears","response":131,"absDeviation":4,"callibration":"test","block":4,"seed":77,"numerosity":135,"matchType":"paired","which":"first","trial_type":"numerosity-estimation","trial_index":91,"time_elapsed":968905,"subject_id":"77278"},{"rt":10795,"stimulus":77,"slider_start":100,"sprites":"bears","response":117,"absDeviation":18,"callibration":"test","block":4,"seed":77,"numerosity":135,"matchType":"paired","which":"second","trial_type":"numerosity-estimation","trial_index":92,"time_elapsed":979703,"subject_id":"77278"},{"rt":11289,"stimulus":79,"slider_start":100,"sprites":"jellyBeans","response":32,"absDeviation":18,"callibration":"test","block":4,"seed":79,"numerosity":50,"matchType":"unpaired","which":"first","trial_type":"numerosity-estimation","trial_index":93,"time_elapsed":990997,"subject_id":"77278"},{"rt":44414,"stimulus":80,"slider_start":100,"sprites":"marbles","response":65,"absDeviation":56,"callibration":"test","block":4,"seed":80,"numerosity":121,"matchType":"unpaired","which":"first","trial_type":"numerosity-estimation","trial_index":94,"time_elapsed":1035416,"subject_id":"77278"},{"rt":6795,"stimulus":"<p> For the last block of trials, the average deviation of your guesses from correct answers was 21.</p>\n     <p>The smaller the deviation the better.  Your deviation was <b> VERY good</b>.</p><br>\n       <p>Press any key to continue to the next block of trials</p>","response":" ","trial_type":"html-keyboard-response","trial_index":95,"time_elapsed":1042214,"subject_id":"77278"},{"rt":5740,"stimulus":81,"slider_start":100,"sprites":"mints","response":124,"absDeviation":3,"callibration":"test","block":5,"seed":81,"numerosity":121,"matchType":"paired","which":"first","trial_type":"numerosity-estimation","trial_index":96,"time_elapsed":1047960,"subject_id":"77278"},{"rt":5527,"stimulus":81,"slider_start":100,"sprites":"mints","response":126,"absDeviation":5,"callibration":"test","block":5,"seed":81,"numerosity":121,"matchType":"paired","which":"second","trial_type":"numerosity-estimation","trial_index":97,"time_elapsed":1053492,"subject_id":"77278"},{"rt":6608,"stimulus":83,"slider_start":100,"sprites":"buttons","response":127,"absDeviation":6,"callibration":"test","block":5,"seed":83,"numerosity":121,"matchType":"unpaired","which":"first","trial_type":"numerosity-estimation","trial_index":98,"time_elapsed":1060104,"subject_id":"77278"},{"rt":9613,"stimulus":84,"slider_start":100,"sprites":"animalCrackers","response":50,"absDeviation":0,"callibration":"test","block":5,"seed":84,"numerosity":50,"matchType":"unpaired","which":"first","trial_type":"numerosity-estimation","trial_index":99,"time_elapsed":1069722,"subject_id":"77278"},{"rt":11585,"stimulus":85,"slider_start":100,"sprites":"letters","response":65,"absDeviation":1,"callibration":"test","block":5,"seed":85,"numerosity":64,"matchType":"paired","which":"first","trial_type":"numerosity-estimation","trial_index":100,"time_elapsed":1081312,"subject_id":"77278"},{"rt":10563,"stimulus":85,"slider_start":100,"sprites":"letters","response":62,"absDeviation":2,"callibration":"test","block":5,"seed":85,"numerosity":64,"matchType":"paired","which":"second","trial_type":"numerosity-estimation","trial_index":101,"time_elapsed":1091881,"subject_id":"77278"},{"rt":6736,"stimulus":87,"slider_start":100,"sprites":"hearts","response":47,"absDeviation":3,"callibration":"test","block":5,"seed":87,"numerosity":50,"matchType":"unpaired","which":"first","trial_type":"numerosity-estimation","trial_index":102,"time_elapsed":1098623,"subject_id":"77278"},{"rt":48766,"stimulus":88,"slider_start":100,"sprites":"crackers","response":129,"absDeviation":6,"callibration":"test","block":5,"seed":88,"numerosity":135,"matchType":"unpaired","which":"first","trial_type":"numerosity-estimation","trial_index":103,"time_elapsed":1147394,"subject_id":"77278"},{"rt":26388,"stimulus":89,"slider_start":100,"sprites":"bears","response":108,"absDeviation":58,"callibration":"test","block":5,"seed":89,"numerosity":50,"matchType":"paired","which":"first","trial_type":"numerosity-estimation","trial_index":104,"time_elapsed":1173787,"subject_id":"77278"},{"rt":17793,"stimulus":89,"slider_start":100,"sprites":"bears","response":72,"absDeviation":22,"callibration":"test","block":5,"seed":89,"numerosity":50,"matchType":"paired","which":"second","trial_type":"numerosity-estimation","trial_index":105,"time_elapsed":1191585,"subject_id":"77278"},{"rt":10683,"stimulus":91,"slider_start":100,"sprites":"jellyBeans","response":69,"absDeviation":23,"callibration":"test","block":5,"seed":91,"numerosity":92,"matchType":"unpaired","which":"first","trial_type":"numerosity-estimation","trial_index":106,"time_elapsed":1202273,"subject_id":"77278"},{"rt":10160,"stimulus":92,"slider_start":100,"sprites":"marbles","response":76,"absDeviation":45,"callibration":"test","block":5,"seed":92,"numerosity":121,"matchType":"unpaired","which":"first","trial_type":"numerosity-estimation","trial_index":107,"time_elapsed":1212437,"subject_id":"77278"},{"rt":5635,"stimulus":93,"slider_start":100,"sprites":"mints","response":73,"absDeviation":5,"callibration":"test","block":5,"seed":93,"numerosity":78,"matchType":"paired","which":"first","trial_type":"numerosity-estimation","trial_index":108,"time_elapsed":1218078,"subject_id":"77278"},{"rt":9842,"stimulus":93,"slider_start":100,"sprites":"mints","response":74,"absDeviation":4,"callibration":"test","block":5,"seed":93,"numerosity":78,"matchType":"paired","which":"second","trial_type":"numerosity-estimation","trial_index":109,"time_elapsed":1227925,"subject_id":"77278"},{"rt":8087,"stimulus":95,"slider_start":100,"sprites":"buttons","response":83,"absDeviation":19,"callibration":"test","block":5,"seed":95,"numerosity":64,"matchType":"unpaired","which":"first","trial_type":"numerosity-estimation","trial_index":110,"time_elapsed":1236016,"subject_id":"77278"},{"rt":36764,"stimulus":96,"slider_start":100,"sprites":"animalCrackers","response":122,"absDeviation":30,"callibration":"test","block":5,"seed":96,"numerosity":92,"matchType":"unpaired","which":"first","trial_type":"numerosity-estimation","trial_index":111,"time_elapsed":1272784,"subject_id":"77278"},{"rt":13693,"stimulus":"<p> For the last block of trials, the average deviation of your guesses from correct answers was 15.</p>\n     <p>The smaller the deviation the better.  Your deviation was <b> VERY good</b>.</p><br>\n       <p>Press any key to continue to the next block of trials</p>","response":" ","trial_type":"html-keyboard-response","trial_index":112,"time_elapsed":1286480,"subject_id":"77278"},{"rt":7330,"stimulus":2,"slider_start":100,"sprites":"butterflies","response":108,"absDeviation":27,"callibration":"test","block":6,"seed":2,"numerosity":135,"matchType":"paired","which":"first","trial_type":"numerosity-estimation","trial_index":113,"time_elapsed":1293814,"subject_id":"77278"},{"rt":6084,"stimulus":2,"slider_start":100,"sprites":"butterflies","response":107,"absDeviation":28,"callibration":"test","block":6,"seed":2,"numerosity":135,"matchType":"paired","which":"second","trial_type":"numerosity-estimation","trial_index":114,"time_elapsed":1299901,"subject_id":"77278"},{"rt":9815,"stimulus":3,"slider_start":100,"sprites":"hearts","response":60,"absDeviation":10,"callibration":"test","block":6,"seed":3,"numerosity":50,"matchType":"unpaired","which":"second","trial_type":"numerosity-estimation","trial_index":115,"time_elapsed":1309722,"subject_id":"77278"},{"rt":9899,"stimulus":4,"slider_start":100,"sprites":"crackers","response":114,"absDeviation":7,"callibration":"test","block":6,"seed":4,"numerosity":107,"matchType":"unpaired","which":"second","trial_type":"numerosity-estimation","trial_index":116,"time_elapsed":1319625,"subject_id":"77278"},{"rt":6602,"stimulus":6,"slider_start":100,"sprites":"fruits","response":84,"absDeviation":6,"callibration":"test","block":6,"seed":6,"numerosity":78,"matchType":"paired","which":"first","trial_type":"numerosity-estimation","trial_index":117,"time_elapsed":1326233,"subject_id":"77278"},{"rt":9580,"stimulus":6,"slider_start":100,"sprites":"fruits","response":81,"absDeviation":3,"callibration":"test","block":6,"seed":6,"numerosity":78,"matchType":"paired","which":"second","trial_type":"numerosity-estimation","trial_index":118,"time_elapsed":1335817,"subject_id":"77278"},{"rt":68294,"stimulus":7,"slider_start":100,"sprites":"jellyBeans","response":45,"absDeviation":5,"callibration":"test","block":6,"seed":7,"numerosity":50,"matchType":"unpaired","which":"second","trial_type":"numerosity-estimation","trial_index":119,"time_elapsed":1404116,"subject_id":"77278"},{"rt":8846,"stimulus":8,"slider_start":100,"sprites":"marbles","response":80,"absDeviation":12,"callibration":"test","block":6,"seed":8,"numerosity":92,"matchType":"unpaired","which":"second","trial_type":"numerosity-estimation","trial_index":120,"time_elapsed":1412967,"subject_id":"77278"},{"rt":89585,"stimulus":10,"slider_start":100,"sprites":"rocks","response":57,"absDeviation":7,"callibration":"test","block":6,"seed":10,"numerosity":50,"matchType":"paired","which":"first","trial_type":"numerosity-estimation","trial_index":121,"time_elapsed":1502557,"subject_id":"77278"},{"rt":150707,"stimulus":10,"slider_start":100,"sprites":"rocks","response":60,"absDeviation":10,"callibration":"test","block":6,"seed":10,"numerosity":50,"matchType":"paired","which":"second","trial_type":"numerosity-estimation","trial_index":122,"time_elapsed":1653270,"subject_id":"77278"},{"rt":6054,"stimulus":11,"slider_start":100,"sprites":"buttons","response":118,"absDeviation":11,"callibration":"test","block":6,"seed":11,"numerosity":107,"matchType":"unpaired","which":"second","trial_type":"numerosity-estimation","trial_index":123,"time_elapsed":1659329,"subject_id":"77278"},{"rt":15254,"stimulus":12,"slider_start":100,"sprites":"animalCrackers","response":112,"absDeviation":20,"callibration":"test","block":6,"seed":12,"numerosity":92,"matchType":"unpaired","which":"second","trial_type":"numerosity-estimation","trial_index":124,"time_elapsed":1674586,"subject_id":"77278"},{"rt":8988,"stimulus":14,"slider_start":100,"sprites":"butterflies","response":120,"absDeviation":30,"callibration":"test","block":6,"seed":14,"numerosity":150,"matchType":"paired","which":"first","trial_type":"numerosity-estimation","trial_index":125,"time_elapsed":1683580,"subject_id":"77278"},{"rt":5779,"stimulus":14,"slider_start":100,"sprites":"butterflies","response":115,"absDeviation":35,"callibration":"test","block":6,"seed":14,"numerosity":150,"matchType":"paired","which":"second","trial_type":"numerosity-estimation","trial_index":126,"time_elapsed":1689364,"subject_id":"77278"},{"rt":62913,"stimulus":15,"slider_start":100,"sprites":"hearts","response":123,"absDeviation":2,"callibration":"test","block":6,"seed":15,"numerosity":121,"matchType":"unpaired","which":"second","trial_type":"numerosity-estimation","trial_index":127,"time_elapsed":1752283,"subject_id":"77278"},{"rt":97888,"stimulus":16,"slider_start":100,"sprites":"crackers","response":63,"absDeviation":1,"callibration":"test","block":6,"seed":16,"numerosity":64,"matchType":"unpaired","which":"second","trial_type":"numerosity-estimation","trial_index":128,"time_elapsed":1850175,"subject_id":"77278"},{"rt":75483,"stimulus":"<p> For the last block of trials, the average deviation of your guesses from correct answers was 13.</p>\n     <p>The smaller the deviation the better.  Your deviation was <b> AMAZINGLY good</b>.</p><br>\n       <p>Press any key to continue to the next block of trials</p>","response":" ","trial_type":"html-keyboard-response","trial_index":129,"time_elapsed":1925660,"subject_id":"77278"},{"rt":82706,"stimulus":18,"slider_start":100,"sprites":"fruits","response":80,"absDeviation":27,"callibration":"test","block":7,"seed":18,"numerosity":107,"matchType":"paired","which":"first","trial_type":"numerosity-estimation","trial_index":130,"time_elapsed":2008370,"subject_id":"77278"},{"rt":52546,"stimulus":18,"slider_start":100,"sprites":"fruits","response":77,"absDeviation":30,"callibration":"test","block":7,"seed":18,"numerosity":107,"matchType":"paired","which":"second","trial_type":"numerosity-estimation","trial_index":131,"time_elapsed":2060921,"subject_id":"77278"},{"rt":22214,"stimulus":19,"slider_start":100,"sprites":"jellyBeans","response":113,"absDeviation":22,"callibration":"test","block":7,"seed":19,"numerosity":135,"matchType":"unpaired","which":"second","trial_type":"numerosity-estimation","trial_index":132,"time_elapsed":2083138,"subject_id":"77278"},{"rt":106010,"stimulus":20,"slider_start":100,"sprites":"marbles","response":47,"absDeviation":31,"callibration":"test","block":7,"seed":20,"numerosity":78,"matchType":"unpaired","which":"second","trial_type":"numerosity-estimation","trial_index":133,"time_elapsed":2189155,"subject_id":"77278"},{"rt":7827,"stimulus":22,"slider_start":100,"sprites":"rocks","response":69,"absDeviation":23,"callibration":"test","block":7,"seed":22,"numerosity":92,"matchType":"paired","which":"first","trial_type":"numerosity-estimation","trial_index":134,"time_elapsed":2196987,"subject_id":"77278"},{"rt":3775,"stimulus":22,"slider_start":100,"sprites":"rocks","response":68,"absDeviation":24,"callibration":"test","block":7,"seed":22,"numerosity":92,"matchType":"paired","which":"second","trial_type":"numerosity-estimation","trial_index":135,"time_elapsed":2200766,"subject_id":"77278"},{"rt":7788,"stimulus":23,"slider_start":100,"sprites":"buttons","response":139,"absDeviation":11,"callibration":"test","block":7,"seed":23,"numerosity":150,"matchType":"unpaired","which":"second","trial_type":"numerosity-estimation","trial_index":136,"time_elapsed":2208559,"subject_id":"77278"},{"rt":4973,"stimulus":24,"slider_start":100,"sprites":"animalCrackers","response":122,"absDeviation":15,"callibration":"test","block":7,"seed":24,"numerosity":107,"matchType":"unpaired","which":"second","trial_type":"numerosity-estimation","trial_index":137,"time_elapsed":2213537,"subject_id":"77278"},{"rt":96257,"stimulus":26,"slider_start":100,"sprites":"butterflies","response":49,"absDeviation":43,"callibration":"test","block":7,"seed":26,"numerosity":92,"matchType":"paired","which":"first","trial_type":"numerosity-estimation","trial_index":138,"time_elapsed":2309799,"subject_id":"77278"},{"rt":5184,"stimulus":26,"slider_start":100,"sprites":"butterflies","response":67,"absDeviation":25,"callibration":"test","block":7,"seed":26,"numerosity":92,"matchType":"paired","which":"second","trial_type":"numerosity-estimation","trial_index":139,"time_elapsed":2314988,"subject_id":"77278"},{"rt":5806,"stimulus":27,"slider_start":100,"sprites":"hearts","response":116,"absDeviation":5,"callibration":"test","block":7,"seed":27,"numerosity":121,"matchType":"unpaired","which":"second","trial_type":"numerosity-estimation","trial_index":140,"time_elapsed":2320798,"subject_id":"77278"},{"rt":3364,"stimulus":28,"slider_start":100,"sprites":"crackers","response":131,"absDeviation":19,"callibration":"test","block":7,"seed":28,"numerosity":150,"matchType":"unpaired","which":"second","trial_type":"numerosity-estimation","trial_index":141,"time_elapsed":2324167,"subject_id":"77278"},{"rt":6674,"stimulus":30,"slider_start":100,"sprites":"fruits","response":105,"absDeviation":2,"callibration":"test","block":7,"seed":30,"numerosity":107,"matchType":"paired","which":"first","trial_type":"numerosity-estimation","trial_index":142,"time_elapsed":2330846,"subject_id":"77278"},{"rt":4748,"stimulus":30,"slider_start":100,"sprites":"fruits","response":105,"absDeviation":2,"callibration":"test","block":7,"seed":30,"numerosity":107,"matchType":"paired","which":"second","trial_type":"numerosity-estimation","trial_index":143,"time_elapsed":2335599,"subject_id":"77278"},{"rt":4440,"stimulus":31,"slider_start":100,"sprites":"jellyBeans","response":130,"absDeviation":20,"callibration":"test","block":7,"seed":31,"numerosity":150,"matchType":"unpaired","which":"second","trial_type":"numerosity-estimation","trial_index":144,"time_elapsed":2340045,"subject_id":"77278"},{"rt":5521,"stimulus":32,"slider_start":100,"sprites":"marbles","response":85,"absDeviation":50,"callibration":"test","block":7,"seed":32,"numerosity":135,"matchType":"unpaired","which":"second","trial_type":"numerosity-estimation","trial_index":145,"time_elapsed":2345571,"subject_id":"77278"},{"rt":6026,"stimulus":"<p> For the last block of trials, the average deviation of your guesses from correct answers was 22.</p>\n     <p>The smaller the deviation the better.  Your deviation was <b> VERY good</b>.</p><br>\n       <p>Press any key to continue to the next block of trials</p>","response":" ","trial_type":"html-keyboard-response","trial_index":146,"time_elapsed":2351600,"subject_id":"77278"},{"rt":6557,"stimulus":34,"slider_start":100,"sprites":"rocks","response":38,"absDeviation":12,"callibration":"test","block":8,"seed":34,"numerosity":50,"matchType":"paired","which":"first","trial_type":"numerosity-estimation","trial_index":147,"time_elapsed":2358162,"subject_id":"77278"},{"rt":3707,"stimulus":34,"slider_start":100,"sprites":"rocks","response":37,"absDeviation":13,"callibration":"test","block":8,"seed":34,"numerosity":50,"matchType":"paired","which":"second","trial_type":"numerosity-estimation","trial_index":148,"time_elapsed":2361873,"subject_id":"77278"},{"rt":6702,"stimulus":35,"slider_start":100,"sprites":"buttons","response":73,"absDeviation":5,"callibration":"test","block":8,"seed":35,"numerosity":78,"matchType":"unpaired","which":"second","trial_type":"numerosity-estimation","trial_index":149,"time_elapsed":2368580,"subject_id":"77278"},{"rt":6583,"stimulus":36,"slider_start":100,"sprites":"animalCrackers","response":39,"absDeviation":11,"callibration":"test","block":8,"seed":36,"numerosity":50,"matchType":"unpaired","which":"second","trial_type":"numerosity-estimation","trial_index":150,"time_elapsed":2375168,"subject_id":"77278"},{"rt":7556,"stimulus":38,"slider_start":100,"sprites":"butterflies","response":56,"absDeviation":22,"callibration":"test","block":8,"seed":38,"numerosity":78,"matchType":"paired","which":"first","trial_type":"numerosity-estimation","trial_index":151,"time_elapsed":2382730,"subject_id":"77278"},{"rt":5847,"stimulus":38,"slider_start":100,"sprites":"butterflies","response":58,"absDeviation":20,"callibration":"test","block":8,"seed":38,"numerosity":78,"matchType":"paired","which":"second","trial_type":"numerosity-estimation","trial_index":152,"time_elapsed":2388582,"subject_id":"77278"},{"rt":6324,"stimulus":39,"slider_start":100,"sprites":"hearts","response":94,"absDeviation":16,"callibration":"test","block":8,"seed":39,"numerosity":78,"matchType":"unpaired","which":"second","trial_type":"numerosity-estimation","trial_index":153,"time_elapsed":2394910,"subject_id":"77278"},{"rt":3550,"stimulus":40,"slider_start":100,"sprites":"crackers","response":130,"absDeviation":9,"callibration":"test","block":8,"seed":40,"numerosity":121,"matchType":"unpaired","which":"second","trial_type":"numerosity-estimation","trial_index":154,"time_elapsed":2398465,"subject_id":"77278"},{"rt":3462,"stimulus":42,"slider_start":100,"sprites":"fruits","response":92,"absDeviation":14,"callibration":"test","block":8,"seed":42,"numerosity":78,"matchType":"paired","which":"first","trial_type":"numerosity-estimation","trial_index":155,"time_elapsed":2401931,"subject_id":"77278"},{"rt":7126,"stimulus":42,"slider_start":100,"sprites":"fruits","response":86,"absDeviation":8,"callibration":"test","block":8,"seed":42,"numerosity":78,"matchType":"paired","which":"second","trial_type":"numerosity-estimation","trial_index":156,"time_elapsed":2409062,"subject_id":"77278"},{"rt":6759,"stimulus":43,"slider_start":100,"sprites":"jellyBeans","response":71,"absDeviation":7,"callibration":"test","block":8,"seed":43,"numerosity":64,"matchType":"unpaired","which":"second","trial_type":"numerosity-estimation","trial_index":157,"time_elapsed":2415826,"subject_id":"77278"},{"rt":6616,"stimulus":44,"slider_start":100,"sprites":"marbles","response":106,"absDeviation":15,"callibration":"test","block":8,"seed":44,"numerosity":121,"matchType":"unpaired","which":"second","trial_type":"numerosity-estimation","trial_index":158,"time_elapsed":2422447,"subject_id":"77278"},{"rt":5031,"stimulus":46,"slider_start":100,"sprites":"rocks","response":114,"absDeviation":7,"callibration":"test","block":8,"seed":46,"numerosity":107,"matchType":"paired","which":"first","trial_type":"numerosity-estimation","trial_index":159,"time_elapsed":2427482,"subject_id":"77278"},{"rt":2903,"stimulus":46,"slider_start":100,"sprites":"rocks","response":113,"absDeviation":6,"callibration":"test","block":8,"seed":46,"numerosity":107,"matchType":"paired","which":"second","trial_type":"numerosity-estimation","trial_index":160,"time_elapsed":2430389,"subject_id":"77278"},{"rt":7886,"stimulus":47,"slider_start":100,"sprites":"buttons","response":129,"absDeviation":8,"callibration":"test","block":8,"seed":47,"numerosity":121,"matchType":"unpaired","which":"second","trial_type":"numerosity-estimation","trial_index":161,"time_elapsed":2438281,"subject_id":"77278"},{"rt":3911,"stimulus":48,"slider_start":100,"sprites":"animalCrackers","response":134,"absDeviation":1,"callibration":"test","block":8,"seed":48,"numerosity":135,"matchType":"unpaired","which":"second","trial_type":"numerosity-estimation","trial_index":162,"time_elapsed":2442197,"subject_id":"77278"},{"rt":76438,"stimulus":"<p> For the last block of trials, the average deviation of your guesses from correct answers was 11.</p>\n     <p>The smaller the deviation the better.  Your deviation was <b> AMAZINGLY good</b>.</p><br>\n       <p>Press any key to continue to the next block of trials</p>","response":"v","trial_type":"html-keyboard-response","trial_index":163,"time_elapsed":2518637,"subject_id":"77278"},{"rt":79563,"stimulus":50,"slider_start":100,"sprites":"butterflies","response":116,"absDeviation":34,"callibration":"test","block":9,"seed":50,"numerosity":150,"matchType":"paired","which":"first","trial_type":"numerosity-estimation","trial_index":164,"time_elapsed":2598202,"subject_id":"77278"},{"rt":93117,"stimulus":50,"slider_start":100,"sprites":"butterflies","response":124,"absDeviation":26,"callibration":"test","block":9,"seed":50,"numerosity":150,"matchType":"paired","which":"second","trial_type":"numerosity-estimation","trial_index":165,"time_elapsed":2691322,"subject_id":"77278"},{"rt":15816,"stimulus":51,"slider_start":100,"sprites":"hearts","response":138,"absDeviation":12,"callibration":"test","block":9,"seed":51,"numerosity":150,"matchType":"unpaired","which":"second","trial_type":"numerosity-estimation","trial_index":166,"time_elapsed":2707141,"subject_id":"77278"},{"rt":101347,"stimulus":52,"slider_start":100,"sprites":"crackers","response":73,"absDeviation":5,"callibration":"test","block":9,"seed":52,"numerosity":78,"matchType":"unpaired","which":"second","trial_type":"numerosity-estimation","trial_index":167,"time_elapsed":2808493,"subject_id":"77278"},{"rt":7932,"stimulus":54,"slider_start":100,"sprites":"fruits","response":75,"absDeviation":17,"callibration":"test","block":9,"seed":54,"numerosity":92,"matchType":"paired","which":"first","trial_type":"numerosity-estimation","trial_index":168,"time_elapsed":2816428,"subject_id":"77278"},{"rt":5190,"stimulus":54,"slider_start":100,"sprites":"fruits","response":76,"absDeviation":16,"callibration":"test","block":9,"seed":54,"numerosity":92,"matchType":"paired","which":"second","trial_type":"numerosity-estimation","trial_index":169,"time_elapsed":2821622,"subject_id":"77278"},{"rt":4186,"stimulus":55,"slider_start":100,"sprites":"jellyBeans","response":112,"absDeviation":9,"callibration":"test","block":9,"seed":55,"numerosity":121,"matchType":"unpaired","which":"second","trial_type":"numerosity-estimation","trial_index":170,"time_elapsed":2825812,"subject_id":"77278"},{"rt":7050,"stimulus":56,"slider_start":100,"sprites":"marbles","response":41,"absDeviation":23,"callibration":"test","block":9,"seed":56,"numerosity":64,"matchType":"unpaired","which":"second","trial_type":"numerosity-estimation","trial_index":171,"time_elapsed":2832867,"subject_id":"77278"},{"rt":8842,"stimulus":58,"slider_start":100,"sprites":"rocks","response":120,"absDeviation":1,"callibration":"test","block":9,"seed":58,"numerosity":121,"matchType":"paired","which":"first","trial_type":"numerosity-estimation","trial_index":172,"time_elapsed":2841713,"subject_id":"77278"},{"rt":7887,"stimulus":58,"slider_start":100,"sprites":"rocks","response":121,"absDeviation":0,"callibration":"test","block":9,"seed":58,"numerosity":121,"matchType":"paired","which":"second","trial_type":"numerosity-estimation","trial_index":173,"time_elapsed":2849604,"subject_id":"77278"},{"rt":6042,"stimulus":59,"slider_start":100,"sprites":"buttons","response":122,"absDeviation":13,"callibration":"test","block":9,"seed":59,"numerosity":135,"matchType":"unpaired","which":"second","trial_type":"numerosity-estimation","trial_index":174,"time_elapsed":2855649,"subject_id":"77278"},{"rt":5657,"stimulus":60,"slider_start":100,"sprites":"animalCrackers","response":134,"absDeviation":16,"callibration":"test","block":9,"seed":60,"numerosity":150,"matchType":"unpaired","which":"second","trial_type":"numerosity-estimation","trial_index":175,"time_elapsed":2861310,"subject_id":"77278"},{"rt":8528,"stimulus":62,"slider_start":100,"sprites":"butterflies","response":79,"absDeviation":56,"callibration":"test","block":9,"seed":62,"numerosity":135,"matchType":"paired","which":"first","trial_type":"numerosity-estimation","trial_index":176,"time_elapsed":2869842,"subject_id":"77278"},{"rt":3737,"stimulus":62,"slider_start":100,"sprites":"butterflies","response":79,"absDeviation":56,"callibration":"test","block":9,"seed":62,"numerosity":135,"matchType":"paired","which":"second","trial_type":"numerosity-estimation","trial_index":177,"time_elapsed":2873584,"subject_id":"77278"},{"rt":15318,"stimulus":63,"slider_start":100,"sprites":"hearts","response":62,"absDeviation":2,"callibration":"test","block":9,"seed":63,"numerosity":64,"matchType":"unpaired","which":"second","trial_type":"numerosity-estimation","trial_index":178,"time_elapsed":2888907,"subject_id":"77278"},{"rt":3312,"stimulus":64,"slider_start":100,"sprites":"crackers","response":110,"absDeviation":25,"callibration":"test","block":9,"seed":64,"numerosity":135,"matchType":"unpaired","which":"second","trial_type":"numerosity-estimation","trial_index":179,"time_elapsed":2892225,"subject_id":"77278"},{"rt":32401,"stimulus":"<p> For the last block of trials, the average deviation of your guesses from correct answers was 19.</p>\n     <p>The smaller the deviation the better.  Your deviation was <b> VERY good</b>.</p><br>\n       <p>Press any key to continue to the next block of trials</p>","response":" ","trial_type":"html-keyboard-response","trial_index":180,"time_elapsed":2924629,"subject_id":"77278"},{"rt":9062,"stimulus":66,"slider_start":100,"sprites":"fruits","response":56,"absDeviation":8,"callibration":"test","block":10,"seed":66,"numerosity":64,"matchType":"paired","which":"first","trial_type":"numerosity-estimation","trial_index":181,"time_elapsed":2933695,"subject_id":"77278"},{"rt":6870,"stimulus":66,"slider_start":100,"sprites":"fruits","response":58,"absDeviation":6,"callibration":"test","block":10,"seed":66,"numerosity":64,"matchType":"paired","which":"second","trial_type":"numerosity-estimation","trial_index":182,"time_elapsed":2940569,"subject_id":"77278"},{"rt":7276,"stimulus":67,"slider_start":100,"sprites":"jellyBeans","response":119,"absDeviation":12,"callibration":"test","block":10,"seed":67,"numerosity":107,"matchType":"unpaired","which":"second","trial_type":"numerosity-estimation","trial_index":183,"time_elapsed":2947850,"subject_id":"77278"},{"rt":12246,"stimulus":68,"slider_start":100,"sprites":"marbles","response":120,"absDeviation":30,"callibration":"test","block":10,"seed":68,"numerosity":150,"matchType":"unpaired","which":"second","trial_type":"numerosity-estimation","trial_index":184,"time_elapsed":2960101,"subject_id":"77278"},{"rt":8814,"stimulus":70,"slider_start":100,"sprites":"rocks","response":113,"absDeviation":21,"callibration":"test","block":10,"seed":70,"numerosity":92,"matchType":"paired","which":"first","trial_type":"numerosity-estimation","trial_index":185,"time_elapsed":2968920,"subject_id":"77278"},{"rt":4234,"stimulus":70,"slider_start":100,"sprites":"rocks","response":113,"absDeviation":21,"callibration":"test","block":10,"seed":70,"numerosity":92,"matchType":"paired","which":"second","trial_type":"numerosity-estimation","trial_index":186,"time_elapsed":2973167,"subject_id":"77278"},{"rt":3414,"stimulus":71,"slider_start":100,"sprites":"buttons","response":120,"absDeviation":13,"callibration":"test","block":10,"seed":71,"numerosity":107,"matchType":"unpaired","which":"second","trial_type":"numerosity-estimation","trial_index":187,"time_elapsed":2976585,"subject_id":"77278"},{"rt":5010,"stimulus":72,"slider_start":100,"sprites":"animalCrackers","response":47,"absDeviation":3,"callibration":"test","block":10,"seed":72,"numerosity":50,"matchType":"unpaired","which":"second","trial_type":"numerosity-estimation","trial_index":188,"time_elapsed":2981598,"subject_id":"77278"},{"rt":8337,"stimulus":74,"slider_start":100,"sprites":"butterflies","response":42,"absDeviation":22,"callibration":"test","block":10,"seed":74,"numerosity":64,"matchType":"paired","which":"first","trial_type":"numerosity-estimation","trial_index":189,"time_elapsed":2989941,"subject_id":"77278"},{"rt":3998,"stimulus":74,"slider_start":100,"sprites":"butterflies","response":41,"absDeviation":23,"callibration":"test","block":10,"seed":74,"numerosity":64,"matchType":"paired","which":"second","trial_type":"numerosity-estimation","trial_index":190,"time_elapsed":2993944,"subject_id":"77278"},{"rt":13345,"stimulus":75,"slider_start":100,"sprites":"hearts","response":120,"absDeviation":28,"callibration":"test","block":10,"seed":75,"numerosity":92,"matchType":"unpaired","which":"second","trial_type":"numerosity-estimation","trial_index":191,"time_elapsed":3007293,"subject_id":"77278"},{"rt":11918,"stimulus":76,"slider_start":100,"sprites":"crackers","response":60,"absDeviation":4,"callibration":"test","block":10,"seed":76,"numerosity":64,"matchType":"unpaired","which":"second","trial_type":"numerosity-estimation","trial_index":192,"time_elapsed":3019217,"subject_id":"77278"},{"rt":8275,"stimulus":78,"slider_start":100,"sprites":"fruits","response":65,"absDeviation":1,"callibration":"test","block":10,"seed":78,"numerosity":64,"matchType":"paired","which":"first","trial_type":"numerosity-estimation","trial_index":193,"time_elapsed":3027496,"subject_id":"77278"},{"rt":3327,"stimulus":78,"slider_start":100,"sprites":"fruits","response":63,"absDeviation":1,"callibration":"test","block":10,"seed":78,"numerosity":64,"matchType":"paired","which":"second","trial_type":"numerosity-estimation","trial_index":194,"time_elapsed":3030829,"subject_id":"77278"},{"rt":6691,"stimulus":79,"slider_start":100,"sprites":"jellyBeans","response":47,"absDeviation":3,"callibration":"test","block":10,"seed":79,"numerosity":50,"matchType":"unpaired","which":"second","trial_type":"numerosity-estimation","trial_index":195,"time_elapsed":3037525,"subject_id":"77278"},{"rt":7851,"stimulus":80,"slider_start":100,"sprites":"marbles","response":79,"absDeviation":42,"callibration":"test","block":10,"seed":80,"numerosity":121,"matchType":"unpaired","which":"second","trial_type":"numerosity-estimation","trial_index":196,"time_elapsed":3045379,"subject_id":"77278"},{"rt":5227,"stimulus":"<p> For the last block of trials, the average deviation of your guesses from correct answers was 15.</p>\n     <p>The smaller the deviation the better.  Your deviation was <b> VERY good</b>.</p><br>\n       <p>Press any key to continue to the next block of trials</p>","response":" ","trial_type":"html-keyboard-response","trial_index":197,"time_elapsed":3050609,"subject_id":"77278"},{"rt":10383,"stimulus":82,"slider_start":100,"sprites":"rocks","response":78,"absDeviation":14,"callibration":"test","block":11,"seed":82,"numerosity":64,"matchType":"paired","which":"first","trial_type":"numerosity-estimation","trial_index":198,"time_elapsed":3060997,"subject_id":"77278"},{"rt":5115,"stimulus":82,"slider_start":100,"sprites":"rocks","response":73,"absDeviation":9,"callibration":"test","block":11,"seed":82,"numerosity":64,"matchType":"paired","which":"second","trial_type":"numerosity-estimation","trial_index":199,"time_elapsed":3066118,"subject_id":"77278"},{"rt":6300,"stimulus":83,"slider_start":100,"sprites":"buttons","response":124,"absDeviation":3,"callibration":"test","block":11,"seed":83,"numerosity":121,"matchType":"unpaired","which":"second","trial_type":"numerosity-estimation","trial_index":200,"time_elapsed":3072422,"subject_id":"77278"},{"rt":8360,"stimulus":84,"slider_start":100,"sprites":"animalCrackers","response":53,"absDeviation":3,"callibration":"test","block":11,"seed":84,"numerosity":50,"matchType":"unpaired","which":"second","trial_type":"numerosity-estimation","trial_index":201,"time_elapsed":3080786,"subject_id":"77278"},{"rt":10000,"stimulus":86,"slider_start":100,"sprites":"butterflies","response":77,"absDeviation":44,"callibration":"test","block":11,"seed":86,"numerosity":121,"matchType":"paired","which":"first","trial_type":"numerosity-estimation","trial_index":202,"time_elapsed":3090791,"subject_id":"77278"},{"rt":10082,"stimulus":86,"slider_start":100,"sprites":"butterflies","response":77,"absDeviation":44,"callibration":"test","block":11,"seed":86,"numerosity":121,"matchType":"paired","which":"second","trial_type":"numerosity-estimation","trial_index":203,"time_elapsed":3100879,"subject_id":"77278"},{"rt":10503,"stimulus":87,"slider_start":100,"sprites":"hearts","response":48,"absDeviation":2,"callibration":"test","block":11,"seed":87,"numerosity":50,"matchType":"unpaired","which":"second","trial_type":"numerosity-estimation","trial_index":204,"time_elapsed":3111386,"subject_id":"77278"},{"rt":5377,"stimulus":88,"slider_start":100,"sprites":"crackers","response":119,"absDeviation":16,"callibration":"test","block":11,"seed":88,"numerosity":135,"matchType":"unpaired","which":"second","trial_type":"numerosity-estimation","trial_index":205,"time_elapsed":3116766,"subject_id":"77278"},{"rt":7479,"stimulus":90,"slider_start":100,"sprites":"fruits","response":124,"absDeviation":26,"callibration":"test","block":11,"seed":90,"numerosity":150,"matchType":"paired","which":"first","trial_type":"numerosity-estimation","trial_index":206,"time_elapsed":3124251,"subject_id":"77278"},{"rt":5875,"stimulus":90,"slider_start":100,"sprites":"fruits","response":119,"absDeviation":31,"callibration":"test","block":11,"seed":90,"numerosity":150,"matchType":"paired","which":"second","trial_type":"numerosity-estimation","trial_index":207,"time_elapsed":3130131,"subject_id":"77278"},{"rt":5389,"stimulus":91,"slider_start":100,"sprites":"jellyBeans","response":85,"absDeviation":7,"callibration":"test","block":11,"seed":91,"numerosity":92,"matchType":"unpaired","which":"second","trial_type":"numerosity-estimation","trial_index":208,"time_elapsed":3135525,"subject_id":"77278"},{"rt":9193,"stimulus":92,"slider_start":100,"sprites":"marbles","response":74,"absDeviation":47,"callibration":"test","block":11,"seed":92,"numerosity":121,"matchType":"unpaired","which":"second","trial_type":"numerosity-estimation","trial_index":209,"time_elapsed":3144723,"subject_id":"77278"},{"rt":10139,"stimulus":94,"slider_start":100,"sprites":"rocks","response":78,"absDeviation":0,"callibration":"test","block":11,"seed":94,"numerosity":78,"matchType":"paired","which":"first","trial_type":"numerosity-estimation","trial_index":210,"time_elapsed":3154867,"subject_id":"77278"},{"rt":8347,"stimulus":94,"slider_start":100,"sprites":"rocks","response":71,"absDeviation":7,"callibration":"test","block":11,"seed":94,"numerosity":78,"matchType":"paired","which":"second","trial_type":"numerosity-estimation","trial_index":211,"time_elapsed":3163219,"subject_id":"77278"},{"rt":9716,"stimulus":95,"slider_start":100,"sprites":"buttons","response":65,"absDeviation":1,"callibration":"test","block":11,"seed":95,"numerosity":64,"matchType":"unpaired","which":"second","trial_type":"numerosity-estimation","trial_index":212,"time_elapsed":3172938,"subject_id":"77278"},{"rt":9235,"stimulus":96,"slider_start":100,"sprites":"animalCrackers","response":89,"absDeviation":3,"callibration":"test","block":11,"seed":96,"numerosity":92,"matchType":"unpaired","which":"second","trial_type":"numerosity-estimation","trial_index":213,"time_elapsed":3182179,"subject_id":"77278"},{"rt":3820,"stimulus":"<p> For the last block of trials, the average deviation of your guesses from correct answers was 16.</p>\n     <p>The smaller the deviation the better.  Your deviation was <b> VERY good</b>.</p><br>\n       <p>Press any key to continue to the next block of trials</p>","response":"k","trial_type":"html-keyboard-response","trial_index":214,"time_elapsed":3186002,"subject_id":"77278"},{"rt":39863,"response":{"averageEstimates":"When the two displays occured back-to-back, in immediate succession.","firstOrSecond":"The first time the objects were shown"},"question_order":[0,1],"trial_type":"survey-multi-choice","trial_index":215,"time_elapsed":3225881,"subject_id":"77278"}]