[{"rt":23098,"url":"consent.html","trial_type":"external-html","trial_index":0,"time_elapsed":23114,"subject_id":"76113"},{"view_history":[{"page_index":0,"viewing_time":19089}],"rt":19089,"trial_type":"instructions","trial_index":1,"time_elapsed":42204,"subject_id":"76113"},{"rt":33961,"stimulus":0,"slider_start":100,"sprites":"animalCrackers","response":70,"absDeviation":20,"callibration":"callibration","block":-1,"seed":0,"numerosity":50,"matchType":"callibration","which":"first","trial_type":"numerosity-estimation","trial_index":2,"time_elapsed":76172,"subject_id":"76113"},{"rt":20143,"stimulus":1,"slider_start":100,"sprites":"letters","response":64,"absDeviation":0,"callibration":"callibration","block":-1,"seed":1,"numerosity":64,"matchType":"callibration","which":"first","trial_type":"numerosity-estimation","trial_index":3,"time_elapsed":96319,"subject_id":"76113"},{"rt":9741,"stimulus":2,"slider_start":100,"sprites":"butterflies","response":78,"absDeviation":0,"callibration":"callibration","block":-1,"seed":2,"numerosity":78,"matchType":"callibration","which":"first","trial_type":"numerosity-estimation","trial_index":4,"time_elapsed":106063,"subject_id":"76113"},{"rt":11854,"stimulus":3,"slider_start":100,"sprites":"hearts","response":92,"absDeviation":0,"callibration":"callibration","block":-1,"seed":3,"numerosity":92,"matchType":"callibration","which":"first","trial_type":"numerosity-estimation","trial_index":5,"time_elapsed":117920,"subject_id":"76113"},{"rt":5214,"stimulus":4,"slider_start":100,"sprites":"crackers","response":107,"absDeviation":0,"callibration":"callibration","block":-1,"seed":4,"numerosity":107,"matchType":"callibration","which":"first","trial_type":"numerosity-estimation","trial_index":6,"time_elapsed":123137,"subject_id":"76113"},{"rt":5852,"stimulus":5,"slider_start":100,"sprites":"bears","response":121,"absDeviation":0,"callibration":"callibration","block":-1,"seed":5,"numerosity":121,"matchType":"callibration","which":"first","trial_type":"numerosity-estimation","trial_index":7,"time_elapsed":128995,"subject_id":"76113"},{"rt":4687,"stimulus":6,"slider_start":100,"sprites":"fruits","response":135,"absDeviation":0,"callibration":"callibration","block":-1,"seed":6,"numerosity":135,"matchType":"callibration","which":"first","trial_type":"numerosity-estimation","trial_index":8,"time_elapsed":133687,"subject_id":"76113"},{"rt":6558,"stimulus":7,"slider_start":100,"sprites":"jellyBeans","response":150,"absDeviation":0,"callibration":"callibration","block":-1,"seed":7,"numerosity":150,"matchType":"callibration","which":"first","trial_type":"numerosity-estimation","trial_index":9,"time_elapsed":140247,"subject_id":"76113"},{"view_history":[{"page_index":0,"viewing_time":59619}],"rt":59620,"trial_type":"instructions","trial_index":10,"time_elapsed":199868,"subject_id":"76113"},{"rt":11971,"stimulus":1,"slider_start":100,"sprites":"letters","response":57,"absDeviation":35,"callibration":"test","block":0,"seed":1,"numerosity":92,"matchType":"paired","which":"first","trial_type":"numerosity-estimation","trial_index":11,"time_elapsed":211842,"subject_id":"76113"},{"rt":10336,"stimulus":1,"slider_start":100,"sprites":"letters","response":62,"absDeviation":30,"callibration":"test","block":0,"seed":1,"numerosity":92,"matchType":"paired","which":"second","trial_type":"numerosity-estimation","trial_index":12,"time_elapsed":222182,"subject_id":"76113"},{"rt":11116,"stimulus":3,"slider_start":100,"sprites":"hearts","response":48,"absDeviation":2,"callibration":"test","block":0,"seed":3,"numerosity":50,"matchType":"unpaired","which":"first","trial_type":"numerosity-estimation","trial_index":13,"time_elapsed":233305,"subject_id":"76113"},{"rt":9411,"stimulus":4,"slider_start":100,"sprites":"crackers","response":89,"absDeviation":18,"callibration":"test","block":0,"seed":4,"numerosity":107,"matchType":"unpaired","which":"first","trial_type":"numerosity-estimation","trial_index":14,"time_elapsed":242723,"subject_id":"76113"},{"rt":9656,"stimulus":5,"slider_start":100,"sprites":"bears","response":77,"absDeviation":27,"callibration":"test","block":0,"seed":5,"numerosity":50,"matchType":"paired","which":"first","trial_type":"numerosity-estimation","trial_index":15,"time_elapsed":252383,"subject_id":"76113"},{"rt":10373,"stimulus":5,"slider_start":100,"sprites":"bears","response":70,"absDeviation":20,"callibration":"test","block":0,"seed":5,"numerosity":50,"matchType":"paired","which":"second","trial_type":"numerosity-estimation","trial_index":16,"time_elapsed":262758,"subject_id":"76113"},{"rt":8536,"stimulus":7,"slider_start":100,"sprites":"jellyBeans","response":88,"absDeviation":38,"callibration":"test","block":0,"seed":7,"numerosity":50,"matchType":"unpaired","which":"first","trial_type":"numerosity-estimation","trial_index":17,"time_elapsed":271298,"subject_id":"76113"},{"rt":6443,"stimulus":8,"slider_start":100,"sprites":"marbles","response":105,"absDeviation":13,"callibration":"test","block":0,"seed":8,"numerosity":92,"matchType":"unpaired","which":"first","trial_type":"numerosity-estimation","trial_index":18,"time_elapsed":277745,"subject_id":"76113"},{"rt":5181,"stimulus":9,"slider_start":100,"sprites":"mints","response":122,"absDeviation":13,"callibration":"test","block":0,"seed":9,"numerosity":135,"matchType":"paired","which":"first","trial_type":"numerosity-estimation","trial_index":19,"time_elapsed":282930,"subject_id":"76113"},{"rt":4886,"stimulus":9,"slider_start":100,"sprites":"mints","response":130,"absDeviation":5,"callibration":"test","block":0,"seed":9,"numerosity":135,"matchType":"paired","which":"second","trial_type":"numerosity-estimation","trial_index":20,"time_elapsed":287818,"subject_id":"76113"},{"rt":8566,"stimulus":11,"slider_start":100,"sprites":"buttons","response":105,"absDeviation":2,"callibration":"test","block":0,"seed":11,"numerosity":107,"matchType":"unpaired","which":"first","trial_type":"numerosity-estimation","trial_index":21,"time_elapsed":296387,"subject_id":"76113"},{"rt":5231,"stimulus":12,"slider_start":100,"sprites":"animalCrackers","response":93,"absDeviation":1,"callibration":"test","block":0,"seed":12,"numerosity":92,"matchType":"unpaired","which":"first","trial_type":"numerosity-estimation","trial_index":22,"time_elapsed":301623,"subject_id":"76113"},{"rt":18238,"stimulus":13,"slider_start":100,"sprites":"letters","response":85,"absDeviation":22,"callibration":"test","block":0,"seed":13,"numerosity":107,"matchType":"paired","which":"first","trial_type":"numerosity-estimation","trial_index":23,"time_elapsed":319863,"subject_id":"76113"},{"rt":10111,"stimulus":13,"slider_start":100,"sprites":"letters","response":93,"absDeviation":14,"callibration":"test","block":0,"seed":13,"numerosity":107,"matchType":"paired","which":"second","trial_type":"numerosity-estimation","trial_index":24,"time_elapsed":329977,"subject_id":"76113"},{"rt":11158,"stimulus":15,"slider_start":100,"sprites":"hearts","response":117,"absDeviation":4,"callibration":"test","block":0,"seed":15,"numerosity":121,"matchType":"unpaired","which":"first","trial_type":"numerosity-estimation","trial_index":25,"time_elapsed":341143,"subject_id":"76113"},{"rt":5949,"stimulus":16,"slider_start":100,"sprites":"crackers","response":96,"absDeviation":32,"callibration":"test","block":0,"seed":16,"numerosity":64,"matchType":"unpaired","which":"first","trial_type":"numerosity-estimation","trial_index":26,"time_elapsed":347098,"subject_id":"76113"},{"rt":14662,"stimulus":"<p> For the last block of trials, the average deviation of your guesses from correct answers was 17.</p>\n     <p>The smaller the deviation the better.  Your deviation was <b> VERY good</b>.</p><br>\n       <p>Press any key to continue to the next block of trials</p>","response":" ","trial_type":"html-keyboard-response","trial_index":27,"time_elapsed":361764,"subject_id":"76113"},{"rt":8002,"stimulus":17,"slider_start":100,"sprites":"bears","response":111,"absDeviation":19,"callibration":"test","block":1,"seed":17,"numerosity":92,"matchType":"paired","which":"first","trial_type":"numerosity-estimation","trial_index":28,"time_elapsed":369771,"subject_id":"76113"},{"rt":11694,"stimulus":17,"slider_start":100,"sprites":"bears","response":108,"absDeviation":16,"callibration":"test","block":1,"seed":17,"numerosity":92,"matchType":"paired","which":"second","trial_type":"numerosity-estimation","trial_index":29,"time_elapsed":381467,"subject_id":"76113"},{"rt":3881,"stimulus":19,"slider_start":100,"sprites":"jellyBeans","response":124,"absDeviation":11,"callibration":"test","block":1,"seed":19,"numerosity":135,"matchType":"unpaired","which":"first","trial_type":"numerosity-estimation","trial_index":30,"time_elapsed":385353,"subject_id":"76113"},{"rt":4956,"stimulus":20,"slider_start":100,"sprites":"marbles","response":84,"absDeviation":6,"callibration":"test","block":1,"seed":20,"numerosity":78,"matchType":"unpaired","which":"first","trial_type":"numerosity-estimation","trial_index":31,"time_elapsed":390313,"subject_id":"76113"},{"rt":6575,"stimulus":21,"slider_start":100,"sprites":"mints","response":115,"absDeviation":23,"callibration":"test","block":1,"seed":21,"numerosity":92,"matchType":"paired","which":"first","trial_type":"numerosity-estimation","trial_index":32,"time_elapsed":396894,"subject_id":"76113"},{"rt":4963,"stimulus":21,"slider_start":100,"sprites":"mints","response":108,"absDeviation":16,"callibration":"test","block":1,"seed":21,"numerosity":92,"matchType":"paired","which":"second","trial_type":"numerosity-estimation","trial_index":33,"time_elapsed":401861,"subject_id":"76113"},{"rt":4892,"stimulus":23,"slider_start":100,"sprites":"buttons","response":136,"absDeviation":14,"callibration":"test","block":1,"seed":23,"numerosity":150,"matchType":"unpaired","which":"first","trial_type":"numerosity-estimation","trial_index":34,"time_elapsed":406757,"subject_id":"76113"},{"rt":4145,"stimulus":24,"slider_start":100,"sprites":"animalCrackers","response":105,"absDeviation":2,"callibration":"test","block":1,"seed":24,"numerosity":107,"matchType":"unpaired","which":"first","trial_type":"numerosity-estimation","trial_index":35,"time_elapsed":410907,"subject_id":"76113"},{"rt":5352,"stimulus":25,"slider_start":100,"sprites":"letters","response":109,"absDeviation":2,"callibration":"test","block":1,"seed":25,"numerosity":107,"matchType":"paired","which":"first","trial_type":"numerosity-estimation","trial_index":36,"time_elapsed":416262,"subject_id":"76113"},{"rt":3023,"stimulus":25,"slider_start":100,"sprites":"letters","response":97,"absDeviation":10,"callibration":"test","block":1,"seed":25,"numerosity":107,"matchType":"paired","which":"second","trial_type":"numerosity-estimation","trial_index":37,"time_elapsed":419290,"subject_id":"76113"},{"rt":5228,"stimulus":27,"slider_start":100,"sprites":"hearts","response":113,"absDeviation":8,"callibration":"test","block":1,"seed":27,"numerosity":121,"matchType":"unpaired","which":"first","trial_type":"numerosity-estimation","trial_index":38,"time_elapsed":424524,"subject_id":"76113"},{"rt":4899,"stimulus":28,"slider_start":100,"sprites":"crackers","response":134,"absDeviation":16,"callibration":"test","block":1,"seed":28,"numerosity":150,"matchType":"unpaired","which":"first","trial_type":"numerosity-estimation","trial_index":39,"time_elapsed":429428,"subject_id":"76113"},{"rt":8257,"stimulus":29,"slider_start":100,"sprites":"bears","response":80,"absDeviation":16,"callibration":"test","block":1,"seed":29,"numerosity":64,"matchType":"paired","which":"first","trial_type":"numerosity-estimation","trial_index":40,"time_elapsed":437689,"subject_id":"76113"},{"rt":4414,"stimulus":29,"slider_start":100,"sprites":"bears","response":76,"absDeviation":12,"callibration":"test","block":1,"seed":29,"numerosity":64,"matchType":"paired","which":"second","trial_type":"numerosity-estimation","trial_index":41,"time_elapsed":442106,"subject_id":"76113"},{"rt":5981,"stimulus":31,"slider_start":100,"sprites":"jellyBeans","response":127,"absDeviation":23,"callibration":"test","block":1,"seed":31,"numerosity":150,"matchType":"unpaired","which":"first","trial_type":"numerosity-estimation","trial_index":42,"time_elapsed":448090,"subject_id":"76113"},{"rt":5055,"stimulus":32,"slider_start":100,"sprites":"marbles","response":90,"absDeviation":45,"callibration":"test","block":1,"seed":32,"numerosity":135,"matchType":"unpaired","which":"first","trial_type":"numerosity-estimation","trial_index":43,"time_elapsed":453147,"subject_id":"76113"},{"rt":2065,"stimulus":"<p> For the last block of trials, the average deviation of your guesses from correct answers was 15.</p>\n     <p>The smaller the deviation the better.  Your deviation was <b> VERY good</b>.</p><br>\n       <p>Press any key to continue to the next block of trials</p>","response":" ","trial_type":"html-keyboard-response","trial_index":44,"time_elapsed":455213,"subject_id":"76113"},{"rt":3794,"stimulus":33,"slider_start":100,"sprites":"mints","response":125,"absDeviation":4,"callibration":"test","block":2,"seed":33,"numerosity":121,"matchType":"paired","which":"first","trial_type":"numerosity-estimation","trial_index":45,"time_elapsed":459012,"subject_id":"76113"},{"rt":4121,"stimulus":33,"slider_start":100,"sprites":"mints","response":132,"absDeviation":11,"callibration":"test","block":2,"seed":33,"numerosity":121,"matchType":"paired","which":"second","trial_type":"numerosity-estimation","trial_index":46,"time_elapsed":463138,"subject_id":"76113"},{"rt":5828,"stimulus":35,"slider_start":100,"sprites":"buttons","response":93,"absDeviation":15,"callibration":"test","block":2,"seed":35,"numerosity":78,"matchType":"unpaired","which":"first","trial_type":"numerosity-estimation","trial_index":47,"time_elapsed":468969,"subject_id":"76113"},{"rt":7958,"stimulus":36,"slider_start":100,"sprites":"animalCrackers","response":68,"absDeviation":18,"callibration":"test","block":2,"seed":36,"numerosity":50,"matchType":"unpaired","which":"first","trial_type":"numerosity-estimation","trial_index":48,"time_elapsed":476932,"subject_id":"76113"},{"rt":5247,"stimulus":37,"slider_start":100,"sprites":"letters","response":96,"absDeviation":39,"callibration":"test","block":2,"seed":37,"numerosity":135,"matchType":"paired","which":"first","trial_type":"numerosity-estimation","trial_index":49,"time_elapsed":482181,"subject_id":"76113"},{"rt":5185,"stimulus":37,"slider_start":100,"sprites":"letters","response":106,"absDeviation":29,"callibration":"test","block":2,"seed":37,"numerosity":135,"matchType":"paired","which":"second","trial_type":"numerosity-estimation","trial_index":50,"time_elapsed":487367,"subject_id":"76113"},{"rt":6973,"stimulus":39,"slider_start":100,"sprites":"hearts","response":96,"absDeviation":18,"callibration":"test","block":2,"seed":39,"numerosity":78,"matchType":"unpaired","which":"first","trial_type":"numerosity-estimation","trial_index":51,"time_elapsed":494343,"subject_id":"76113"},{"rt":3613,"stimulus":40,"slider_start":100,"sprites":"crackers","response":130,"absDeviation":9,"callibration":"test","block":2,"seed":40,"numerosity":121,"matchType":"unpaired","which":"first","trial_type":"numerosity-estimation","trial_index":52,"time_elapsed":497962,"subject_id":"76113"},{"rt":5294,"stimulus":41,"slider_start":100,"sprites":"bears","response":79,"absDeviation":29,"callibration":"test","block":2,"seed":41,"numerosity":50,"matchType":"paired","which":"first","trial_type":"numerosity-estimation","trial_index":53,"time_elapsed":503259,"subject_id":"76113"},{"rt":2571,"stimulus":41,"slider_start":100,"sprites":"bears","response":75,"absDeviation":25,"callibration":"test","block":2,"seed":41,"numerosity":50,"matchType":"paired","which":"second","trial_type":"numerosity-estimation","trial_index":54,"time_elapsed":505835,"subject_id":"76113"},{"rt":10441,"stimulus":43,"slider_start":100,"sprites":"jellyBeans","response":93,"absDeviation":29,"callibration":"test","block":2,"seed":43,"numerosity":64,"matchType":"unpaired","which":"first","trial_type":"numerosity-estimation","trial_index":55,"time_elapsed":516278,"subject_id":"76113"},{"rt":4901,"stimulus":44,"slider_start":100,"sprites":"marbles","response":103,"absDeviation":18,"callibration":"test","block":2,"seed":44,"numerosity":121,"matchType":"unpaired","which":"first","trial_type":"numerosity-estimation","trial_index":56,"time_elapsed":521181,"subject_id":"76113"},{"rt":2940,"stimulus":45,"slider_start":100,"sprites":"mints","response":125,"absDeviation":4,"callibration":"test","block":2,"seed":45,"numerosity":121,"matchType":"paired","which":"first","trial_type":"numerosity-estimation","trial_index":57,"time_elapsed":524123,"subject_id":"76113"},{"rt":3921,"stimulus":45,"slider_start":100,"sprites":"mints","response":133,"absDeviation":12,"callibration":"test","block":2,"seed":45,"numerosity":121,"matchType":"paired","which":"second","trial_type":"numerosity-estimation","trial_index":58,"time_elapsed":528048,"subject_id":"76113"},{"rt":3088,"stimulus":47,"slider_start":100,"sprites":"buttons","response":130,"absDeviation":9,"callibration":"test","block":2,"seed":47,"numerosity":121,"matchType":"unpaired","which":"first","trial_type":"numerosity-estimation","trial_index":59,"time_elapsed":531139,"subject_id":"76113"},{"rt":2937,"stimulus":48,"slider_start":100,"sprites":"animalCrackers","response":146,"absDeviation":11,"callibration":"test","block":2,"seed":48,"numerosity":135,"matchType":"unpaired","which":"first","trial_type":"numerosity-estimation","trial_index":60,"time_elapsed":534079,"subject_id":"76113"},{"rt":1775,"stimulus":"<p> For the last block of trials, the average deviation of your guesses from correct answers was 18.</p>\n     <p>The smaller the deviation the better.  Your deviation was <b> VERY good</b>.</p><br>\n       <p>Press any key to continue to the next block of trials</p>","response":" ","trial_type":"html-keyboard-response","trial_index":61,"time_elapsed":535855,"subject_id":"76113"},{"rt":3987,"stimulus":49,"slider_start":100,"sprites":"letters","response":65,"absDeviation":13,"callibration":"test","block":3,"seed":49,"numerosity":78,"matchType":"paired","which":"first","trial_type":"numerosity-estimation","trial_index":62,"time_elapsed":539846,"subject_id":"76113"},{"rt":2768,"stimulus":49,"slider_start":100,"sprites":"letters","response":61,"absDeviation":17,"callibration":"test","block":3,"seed":49,"numerosity":78,"matchType":"paired","which":"second","trial_type":"numerosity-estimation","trial_index":63,"time_elapsed":542617,"subject_id":"76113"},{"rt":3263,"stimulus":51,"slider_start":100,"sprites":"hearts","response":133,"absDeviation":17,"callibration":"test","block":3,"seed":51,"numerosity":150,"matchType":"unpaired","which":"first","trial_type":"numerosity-estimation","trial_index":64,"time_elapsed":545881,"subject_id":"76113"},{"rt":3291,"stimulus":52,"slider_start":100,"sprites":"crackers","response":91,"absDeviation":13,"callibration":"test","block":3,"seed":52,"numerosity":78,"matchType":"unpaired","which":"first","trial_type":"numerosity-estimation","trial_index":65,"time_elapsed":549175,"subject_id":"76113"},{"rt":3585,"stimulus":53,"slider_start":100,"sprites":"bears","response":76,"absDeviation":26,"callibration":"test","block":3,"seed":53,"numerosity":50,"matchType":"paired","which":"first","trial_type":"numerosity-estimation","trial_index":66,"time_elapsed":552762,"subject_id":"76113"},{"rt":2750,"stimulus":53,"slider_start":100,"sprites":"bears","response":72,"absDeviation":22,"callibration":"test","block":3,"seed":53,"numerosity":50,"matchType":"paired","which":"second","trial_type":"numerosity-estimation","trial_index":67,"time_elapsed":555515,"subject_id":"76113"},{"rt":4955,"stimulus":55,"slider_start":100,"sprites":"jellyBeans","response":106,"absDeviation":15,"callibration":"test","block":3,"seed":55,"numerosity":121,"matchType":"unpaired","which":"first","trial_type":"numerosity-estimation","trial_index":68,"time_elapsed":560474,"subject_id":"76113"},{"rt":6722,"stimulus":56,"slider_start":100,"sprites":"marbles","response":54,"absDeviation":10,"callibration":"test","block":3,"seed":56,"numerosity":64,"matchType":"unpaired","which":"first","trial_type":"numerosity-estimation","trial_index":69,"time_elapsed":567200,"subject_id":"76113"},{"rt":3422,"stimulus":57,"slider_start":100,"sprites":"mints","response":83,"absDeviation":19,"callibration":"test","block":3,"seed":57,"numerosity":64,"matchType":"paired","which":"first","trial_type":"numerosity-estimation","trial_index":70,"time_elapsed":570625,"subject_id":"76113"},{"rt":4414,"stimulus":57,"slider_start":100,"sprites":"mints","response":76,"absDeviation":12,"callibration":"test","block":3,"seed":57,"numerosity":64,"matchType":"paired","which":"second","trial_type":"numerosity-estimation","trial_index":71,"time_elapsed":575043,"subject_id":"76113"},{"rt":3623,"stimulus":59,"slider_start":100,"sprites":"buttons","response":155,"absDeviation":20,"callibration":"test","block":3,"seed":59,"numerosity":135,"matchType":"unpaired","which":"first","trial_type":"numerosity-estimation","trial_index":72,"time_elapsed":578669,"subject_id":"76113"},{"rt":5279,"stimulus":60,"slider_start":100,"sprites":"animalCrackers","response":155,"absDeviation":5,"callibration":"test","block":3,"seed":60,"numerosity":150,"matchType":"unpaired","which":"first","trial_type":"numerosity-estimation","trial_index":73,"time_elapsed":583951,"subject_id":"76113"},{"rt":4155,"stimulus":61,"slider_start":100,"sprites":"letters","response":43,"absDeviation":7,"callibration":"test","block":3,"seed":61,"numerosity":50,"matchType":"paired","which":"first","trial_type":"numerosity-estimation","trial_index":74,"time_elapsed":588110,"subject_id":"76113"},{"rt":3300,"stimulus":61,"slider_start":100,"sprites":"letters","response":44,"absDeviation":6,"callibration":"test","block":3,"seed":61,"numerosity":50,"matchType":"paired","which":"second","trial_type":"numerosity-estimation","trial_index":75,"time_elapsed":591413,"subject_id":"76113"},{"rt":3986,"stimulus":63,"slider_start":100,"sprites":"hearts","response":82,"absDeviation":18,"callibration":"test","block":3,"seed":63,"numerosity":64,"matchType":"unpaired","which":"first","trial_type":"numerosity-estimation","trial_index":76,"time_elapsed":595403,"subject_id":"76113"},{"rt":3970,"stimulus":64,"slider_start":100,"sprites":"crackers","response":135,"absDeviation":0,"callibration":"test","block":3,"seed":64,"numerosity":135,"matchType":"unpaired","which":"first","trial_type":"numerosity-estimation","trial_index":77,"time_elapsed":599377,"subject_id":"76113"},{"rt":1770,"stimulus":"<p> For the last block of trials, the average deviation of your guesses from correct answers was 14.</p>\n     <p>The smaller the deviation the better.  Your deviation was <b> AMAZINGLY good</b>.</p><br>\n       <p>Press any key to continue to the next block of trials</p>","response":" ","trial_type":"html-keyboard-response","trial_index":78,"time_elapsed":601148,"subject_id":"76113"},{"rt":7882,"stimulus":65,"slider_start":100,"sprites":"bears","response":121,"absDeviation":14,"callibration":"test","block":4,"seed":65,"numerosity":107,"matchType":"paired","which":"first","trial_type":"numerosity-estimation","trial_index":79,"time_elapsed":609035,"subject_id":"76113"},{"rt":3004,"stimulus":65,"slider_start":100,"sprites":"bears","response":118,"absDeviation":11,"callibration":"test","block":4,"seed":65,"numerosity":107,"matchType":"paired","which":"second","trial_type":"numerosity-estimation","trial_index":80,"time_elapsed":612041,"subject_id":"76113"},{"rt":5089,"stimulus":67,"slider_start":100,"sprites":"jellyBeans","response":106,"absDeviation":1,"callibration":"test","block":4,"seed":67,"numerosity":107,"matchType":"unpaired","which":"first","trial_type":"numerosity-estimation","trial_index":81,"time_elapsed":617134,"subject_id":"76113"},{"rt":7541,"stimulus":68,"slider_start":100,"sprites":"marbles","response":114,"absDeviation":36,"callibration":"test","block":4,"seed":68,"numerosity":150,"matchType":"unpaired","which":"first","trial_type":"numerosity-estimation","trial_index":82,"time_elapsed":624679,"subject_id":"76113"},{"rt":3436,"stimulus":69,"slider_start":100,"sprites":"mints","response":141,"absDeviation":20,"callibration":"test","block":4,"seed":69,"numerosity":121,"matchType":"paired","which":"first","trial_type":"numerosity-estimation","trial_index":83,"time_elapsed":628117,"subject_id":"76113"},{"rt":2558,"stimulus":69,"slider_start":100,"sprites":"mints","response":145,"absDeviation":24,"callibration":"test","block":4,"seed":69,"numerosity":121,"matchType":"paired","which":"second","trial_type":"numerosity-estimation","trial_index":84,"time_elapsed":630679,"subject_id":"76113"},{"rt":2573,"stimulus":71,"slider_start":100,"sprites":"buttons","response":118,"absDeviation":11,"callibration":"test","block":4,"seed":71,"numerosity":107,"matchType":"unpaired","which":"first","trial_type":"numerosity-estimation","trial_index":85,"time_elapsed":633256,"subject_id":"76113"},{"rt":2660,"stimulus":72,"slider_start":100,"sprites":"animalCrackers","response":62,"absDeviation":12,"callibration":"test","block":4,"seed":72,"numerosity":50,"matchType":"unpaired","which":"first","trial_type":"numerosity-estimation","trial_index":86,"time_elapsed":635919,"subject_id":"76113"},{"rt":4570,"stimulus":73,"slider_start":100,"sprites":"letters","response":76,"absDeviation":2,"callibration":"test","block":4,"seed":73,"numerosity":78,"matchType":"paired","which":"first","trial_type":"numerosity-estimation","trial_index":87,"time_elapsed":640492,"subject_id":"76113"},{"rt":7052,"stimulus":73,"slider_start":100,"sprites":"letters","response":90,"absDeviation":12,"callibration":"test","block":4,"seed":73,"numerosity":78,"matchType":"paired","which":"second","trial_type":"numerosity-estimation","trial_index":88,"time_elapsed":647548,"subject_id":"76113"},{"rt":3478,"stimulus":75,"slider_start":100,"sprites":"hearts","response":112,"absDeviation":20,"callibration":"test","block":4,"seed":75,"numerosity":92,"matchType":"unpaired","which":"first","trial_type":"numerosity-estimation","trial_index":89,"time_elapsed":651030,"subject_id":"76113"},{"rt":6667,"stimulus":76,"slider_start":100,"sprites":"crackers","response":94,"absDeviation":30,"callibration":"test","block":4,"seed":76,"numerosity":64,"matchType":"unpaired","which":"first","trial_type":"numerosity-estimation","trial_index":90,"time_elapsed":657700,"subject_id":"76113"},{"rt":3533,"stimulus":77,"slider_start":100,"sprites":"bears","response":139,"absDeviation":4,"callibration":"test","block":4,"seed":77,"numerosity":135,"matchType":"paired","which":"first","trial_type":"numerosity-estimation","trial_index":91,"time_elapsed":661237,"subject_id":"76113"},{"rt":3153,"stimulus":77,"slider_start":100,"sprites":"bears","response":137,"absDeviation":2,"callibration":"test","block":4,"seed":77,"numerosity":135,"matchType":"paired","which":"second","trial_type":"numerosity-estimation","trial_index":92,"time_elapsed":664395,"subject_id":"76113"},{"rt":3977,"stimulus":79,"slider_start":100,"sprites":"jellyBeans","response":45,"absDeviation":5,"callibration":"test","block":4,"seed":79,"numerosity":50,"matchType":"unpaired","which":"first","trial_type":"numerosity-estimation","trial_index":93,"time_elapsed":668377,"subject_id":"76113"},{"rt":5205,"stimulus":80,"slider_start":100,"sprites":"marbles","response":88,"absDeviation":33,"callibration":"test","block":4,"seed":80,"numerosity":121,"matchType":"unpaired","which":"first","trial_type":"numerosity-estimation","trial_index":94,"time_elapsed":673586,"subject_id":"76113"},{"rt":1411,"stimulus":"<p> For the last block of trials, the average deviation of your guesses from correct answers was 15.</p>\n     <p>The smaller the deviation the better.  Your deviation was <b> VERY good</b>.</p><br>\n       <p>Press any key to continue to the next block of trials</p>","response":" ","trial_type":"html-keyboard-response","trial_index":95,"time_elapsed":674999,"subject_id":"76113"},{"rt":2644,"stimulus":81,"slider_start":100,"sprites":"mints","response":147,"absDeviation":26,"callibration":"test","block":5,"seed":81,"numerosity":121,"matchType":"paired","which":"first","trial_type":"numerosity-estimation","trial_index":96,"time_elapsed":677647,"subject_id":"76113"},{"rt":6007,"stimulus":81,"slider_start":100,"sprites":"mints","response":154,"absDeviation":33,"callibration":"test","block":5,"seed":81,"numerosity":121,"matchType":"paired","which":"second","trial_type":"numerosity-estimation","trial_index":97,"time_elapsed":683656,"subject_id":"76113"},{"rt":3115,"stimulus":83,"slider_start":100,"sprites":"buttons","response":119,"absDeviation":2,"callibration":"test","block":5,"seed":83,"numerosity":121,"matchType":"unpaired","which":"first","trial_type":"numerosity-estimation","trial_index":98,"time_elapsed":686774,"subject_id":"76113"},{"rt":2603,"stimulus":84,"slider_start":100,"sprites":"animalCrackers","response":72,"absDeviation":22,"callibration":"test","block":5,"seed":84,"numerosity":50,"matchType":"unpaired","which":"first","trial_type":"numerosity-estimation","trial_index":99,"time_elapsed":689382,"subject_id":"76113"},{"rt":6837,"stimulus":85,"slider_start":100,"sprites":"letters","response":75,"absDeviation":11,"callibration":"test","block":5,"seed":85,"numerosity":64,"matchType":"paired","which":"first","trial_type":"numerosity-estimation","trial_index":100,"time_elapsed":696224,"subject_id":"76113"},{"rt":3242,"stimulus":85,"slider_start":100,"sprites":"letters","response":84,"absDeviation":20,"callibration":"test","block":5,"seed":85,"numerosity":64,"matchType":"paired","which":"second","trial_type":"numerosity-estimation","trial_index":101,"time_elapsed":699471,"subject_id":"76113"},{"rt":3882,"stimulus":87,"slider_start":100,"sprites":"hearts","response":84,"absDeviation":34,"callibration":"test","block":5,"seed":87,"numerosity":50,"matchType":"unpaired","which":"first","trial_type":"numerosity-estimation","trial_index":102,"time_elapsed":703356,"subject_id":"76113"},{"rt":3193,"stimulus":88,"slider_start":100,"sprites":"crackers","response":144,"absDeviation":9,"callibration":"test","block":5,"seed":88,"numerosity":135,"matchType":"unpaired","which":"first","trial_type":"numerosity-estimation","trial_index":103,"time_elapsed":706551,"subject_id":"76113"},{"rt":6580,"stimulus":89,"slider_start":100,"sprites":"bears","response":61,"absDeviation":11,"callibration":"test","block":5,"seed":89,"numerosity":50,"matchType":"paired","which":"first","trial_type":"numerosity-estimation","trial_index":104,"time_elapsed":713134,"subject_id":"76113"},{"rt":2946,"stimulus":89,"slider_start":100,"sprites":"bears","response":58,"absDeviation":8,"callibration":"test","block":5,"seed":89,"numerosity":50,"matchType":"paired","which":"second","trial_type":"numerosity-estimation","trial_index":105,"time_elapsed":716083,"subject_id":"76113"},{"rt":2848,"stimulus":91,"slider_start":100,"sprites":"jellyBeans","response":75,"absDeviation":17,"callibration":"test","block":5,"seed":91,"numerosity":92,"matchType":"unpaired","which":"first","trial_type":"numerosity-estimation","trial_index":106,"time_elapsed":718934,"subject_id":"76113"},{"rt":4132,"stimulus":92,"slider_start":100,"sprites":"marbles","response":95,"absDeviation":26,"callibration":"test","block":5,"seed":92,"numerosity":121,"matchType":"unpaired","which":"first","trial_type":"numerosity-estimation","trial_index":107,"time_elapsed":723068,"subject_id":"76113"},{"rt":3711,"stimulus":93,"slider_start":100,"sprites":"mints","response":108,"absDeviation":30,"callibration":"test","block":5,"seed":93,"numerosity":78,"matchType":"paired","which":"first","trial_type":"numerosity-estimation","trial_index":108,"time_elapsed":726785,"subject_id":"76113"},{"rt":2773,"stimulus":93,"slider_start":100,"sprites":"mints","response":109,"absDeviation":31,"callibration":"test","block":5,"seed":93,"numerosity":78,"matchType":"paired","which":"second","trial_type":"numerosity-estimation","trial_index":109,"time_elapsed":729561,"subject_id":"76113"},{"rt":2655,"stimulus":95,"slider_start":100,"sprites":"buttons","response":108,"absDeviation":44,"callibration":"test","block":5,"seed":95,"numerosity":64,"matchType":"unpaired","which":"first","trial_type":"numerosity-estimation","trial_index":110,"time_elapsed":732219,"subject_id":"76113"},{"rt":4432,"stimulus":96,"slider_start":100,"sprites":"animalCrackers","response":131,"absDeviation":39,"callibration":"test","block":5,"seed":96,"numerosity":92,"matchType":"unpaired","which":"first","trial_type":"numerosity-estimation","trial_index":111,"time_elapsed":736652,"subject_id":"76113"},{"rt":955,"stimulus":"<p> For the last block of trials, the average deviation of your guesses from correct answers was 23.</p>\n     <p>The smaller the deviation the better.  Your deviation was <b> VERY good</b>.</p><br>\n       <p>Press any key to continue to the next block of trials</p>","response":" ","trial_type":"html-keyboard-response","trial_index":112,"time_elapsed":737609,"subject_id":"76113"},{"rt":6147,"stimulus":2,"slider_start":100,"sprites":"butterflies","response":108,"absDeviation":27,"callibration":"test","block":6,"seed":2,"numerosity":135,"matchType":"paired","which":"first","trial_type":"numerosity-estimation","trial_index":113,"time_elapsed":743760,"subject_id":"76113"},{"rt":3752,"stimulus":2,"slider_start":100,"sprites":"butterflies","response":105,"absDeviation":30,"callibration":"test","block":6,"seed":2,"numerosity":135,"matchType":"paired","which":"second","trial_type":"numerosity-estimation","trial_index":114,"time_elapsed":747515,"subject_id":"76113"},{"rt":3753,"stimulus":3,"slider_start":100,"sprites":"hearts","response":84,"absDeviation":34,"callibration":"test","block":6,"seed":3,"numerosity":50,"matchType":"unpaired","which":"second","trial_type":"numerosity-estimation","trial_index":115,"time_elapsed":751272,"subject_id":"76113"},{"rt":2354,"stimulus":4,"slider_start":100,"sprites":"crackers","response":117,"absDeviation":10,"callibration":"test","block":6,"seed":4,"numerosity":107,"matchType":"unpaired","which":"second","trial_type":"numerosity-estimation","trial_index":116,"time_elapsed":753629,"subject_id":"76113"},{"rt":7255,"stimulus":6,"slider_start":100,"sprites":"fruits","response":80,"absDeviation":2,"callibration":"test","block":6,"seed":6,"numerosity":78,"matchType":"paired","which":"first","trial_type":"numerosity-estimation","trial_index":117,"time_elapsed":760888,"subject_id":"76113"},{"rt":3252,"stimulus":6,"slider_start":100,"sprites":"fruits","response":82,"absDeviation":4,"callibration":"test","block":6,"seed":6,"numerosity":78,"matchType":"paired","which":"second","trial_type":"numerosity-estimation","trial_index":118,"time_elapsed":764144,"subject_id":"76113"},{"rt":7585,"stimulus":7,"slider_start":100,"sprites":"jellyBeans","response":60,"absDeviation":10,"callibration":"test","block":6,"seed":7,"numerosity":50,"matchType":"unpaired","which":"second","trial_type":"numerosity-estimation","trial_index":119,"time_elapsed":771733,"subject_id":"76113"},{"rt":5505,"stimulus":8,"slider_start":100,"sprites":"marbles","response":107,"absDeviation":15,"callibration":"test","block":6,"seed":8,"numerosity":92,"matchType":"unpaired","which":"second","trial_type":"numerosity-estimation","trial_index":120,"time_elapsed":777242,"subject_id":"76113"},{"rt":3904,"stimulus":10,"slider_start":100,"sprites":"rocks","response":75,"absDeviation":25,"callibration":"test","block":6,"seed":10,"numerosity":50,"matchType":"paired","which":"first","trial_type":"numerosity-estimation","trial_index":121,"time_elapsed":781148,"subject_id":"76113"},{"rt":7848,"stimulus":10,"slider_start":100,"sprites":"rocks","response":79,"absDeviation":29,"callibration":"test","block":6,"seed":10,"numerosity":50,"matchType":"paired","which":"second","trial_type":"numerosity-estimation","trial_index":122,"time_elapsed":789000,"subject_id":"76113"},{"rt":3573,"stimulus":11,"slider_start":100,"sprites":"buttons","response":130,"absDeviation":23,"callibration":"test","block":6,"seed":11,"numerosity":107,"matchType":"unpaired","which":"second","trial_type":"numerosity-estimation","trial_index":123,"time_elapsed":792577,"subject_id":"76113"},{"rt":2984,"stimulus":12,"slider_start":100,"sprites":"animalCrackers","response":138,"absDeviation":46,"callibration":"test","block":6,"seed":12,"numerosity":92,"matchType":"unpaired","which":"second","trial_type":"numerosity-estimation","trial_index":124,"time_elapsed":795565,"subject_id":"76113"},{"rt":3323,"stimulus":14,"slider_start":100,"sprites":"butterflies","response":134,"absDeviation":16,"callibration":"test","block":6,"seed":14,"numerosity":150,"matchType":"paired","which":"first","trial_type":"numerosity-estimation","trial_index":125,"time_elapsed":798893,"subject_id":"76113"},{"rt":2693,"stimulus":14,"slider_start":100,"sprites":"butterflies","response":140,"absDeviation":10,"callibration":"test","block":6,"seed":14,"numerosity":150,"matchType":"paired","which":"second","trial_type":"numerosity-estimation","trial_index":126,"time_elapsed":801589,"subject_id":"76113"},{"rt":4702,"stimulus":15,"slider_start":100,"sprites":"hearts","response":135,"absDeviation":14,"callibration":"test","block":6,"seed":15,"numerosity":121,"matchType":"unpaired","which":"second","trial_type":"numerosity-estimation","trial_index":127,"time_elapsed":806294,"subject_id":"76113"},{"rt":7562,"stimulus":16,"slider_start":100,"sprites":"crackers","response":73,"absDeviation":9,"callibration":"test","block":6,"seed":16,"numerosity":64,"matchType":"unpaired","which":"second","trial_type":"numerosity-estimation","trial_index":128,"time_elapsed":813858,"subject_id":"76113"},{"rt":888,"stimulus":"<p> For the last block of trials, the average deviation of your guesses from correct answers was 19.</p>\n     <p>The smaller the deviation the better.  Your deviation was <b> VERY good</b>.</p><br>\n       <p>Press any key to continue to the next block of trials</p>","response":" ","trial_type":"html-keyboard-response","trial_index":129,"time_elapsed":814749,"subject_id":"76113"},{"rt":10805,"stimulus":18,"slider_start":100,"sprites":"fruits","response":91,"absDeviation":16,"callibration":"test","block":7,"seed":18,"numerosity":107,"matchType":"paired","which":"first","trial_type":"numerosity-estimation","trial_index":130,"time_elapsed":825558,"subject_id":"76113"},{"rt":4555,"stimulus":18,"slider_start":100,"sprites":"fruits","response":91,"absDeviation":16,"callibration":"test","block":7,"seed":18,"numerosity":107,"matchType":"paired","which":"second","trial_type":"numerosity-estimation","trial_index":131,"time_elapsed":830118,"subject_id":"76113"},{"rt":9915,"stimulus":19,"slider_start":100,"sprites":"jellyBeans","response":87,"absDeviation":48,"callibration":"test","block":7,"seed":19,"numerosity":135,"matchType":"unpaired","which":"second","trial_type":"numerosity-estimation","trial_index":132,"time_elapsed":840035,"subject_id":"76113"},{"rt":4437,"stimulus":20,"slider_start":100,"sprites":"marbles","response":75,"absDeviation":3,"callibration":"test","block":7,"seed":20,"numerosity":78,"matchType":"unpaired","which":"second","trial_type":"numerosity-estimation","trial_index":133,"time_elapsed":844477,"subject_id":"76113"},{"rt":4079,"stimulus":22,"slider_start":100,"sprites":"rocks","response":105,"absDeviation":13,"callibration":"test","block":7,"seed":22,"numerosity":92,"matchType":"paired","which":"first","trial_type":"numerosity-estimation","trial_index":134,"time_elapsed":848562,"subject_id":"76113"},{"rt":3331,"stimulus":22,"slider_start":100,"sprites":"rocks","response":113,"absDeviation":21,"callibration":"test","block":7,"seed":22,"numerosity":92,"matchType":"paired","which":"second","trial_type":"numerosity-estimation","trial_index":135,"time_elapsed":851897,"subject_id":"76113"},{"rt":3002,"stimulus":23,"slider_start":100,"sprites":"buttons","response":131,"absDeviation":19,"callibration":"test","block":7,"seed":23,"numerosity":150,"matchType":"unpaired","which":"second","trial_type":"numerosity-estimation","trial_index":136,"time_elapsed":854903,"subject_id":"76113"},{"rt":7984,"stimulus":24,"slider_start":100,"sprites":"animalCrackers","response":125,"absDeviation":18,"callibration":"test","block":7,"seed":24,"numerosity":107,"matchType":"unpaired","which":"second","trial_type":"numerosity-estimation","trial_index":137,"time_elapsed":862889,"subject_id":"76113"},{"rt":5439,"stimulus":26,"slider_start":100,"sprites":"butterflies","response":90,"absDeviation":2,"callibration":"test","block":7,"seed":26,"numerosity":92,"matchType":"paired","which":"first","trial_type":"numerosity-estimation","trial_index":138,"time_elapsed":868331,"subject_id":"76113"},{"rt":4584,"stimulus":26,"slider_start":100,"sprites":"butterflies","response":83,"absDeviation":9,"callibration":"test","block":7,"seed":26,"numerosity":92,"matchType":"paired","which":"second","trial_type":"numerosity-estimation","trial_index":139,"time_elapsed":872918,"subject_id":"76113"},{"rt":7922,"stimulus":27,"slider_start":100,"sprites":"hearts","response":109,"absDeviation":12,"callibration":"test","block":7,"seed":27,"numerosity":121,"matchType":"unpaired","which":"second","trial_type":"numerosity-estimation","trial_index":140,"time_elapsed":880843,"subject_id":"76113"},{"rt":6700,"stimulus":28,"slider_start":100,"sprites":"crackers","response":134,"absDeviation":16,"callibration":"test","block":7,"seed":28,"numerosity":150,"matchType":"unpaired","which":"second","trial_type":"numerosity-estimation","trial_index":141,"time_elapsed":887546,"subject_id":"76113"},{"rt":5835,"stimulus":30,"slider_start":100,"sprites":"fruits","response":107,"absDeviation":0,"callibration":"test","block":7,"seed":30,"numerosity":107,"matchType":"paired","which":"first","trial_type":"numerosity-estimation","trial_index":142,"time_elapsed":893385,"subject_id":"76113"},{"rt":7784,"stimulus":30,"slider_start":100,"sprites":"fruits","response":96,"absDeviation":11,"callibration":"test","block":7,"seed":30,"numerosity":107,"matchType":"paired","which":"second","trial_type":"numerosity-estimation","trial_index":143,"time_elapsed":901172,"subject_id":"76113"},{"rt":4568,"stimulus":31,"slider_start":100,"sprites":"jellyBeans","response":96,"absDeviation":54,"callibration":"test","block":7,"seed":31,"numerosity":150,"matchType":"unpaired","which":"second","trial_type":"numerosity-estimation","trial_index":144,"time_elapsed":905744,"subject_id":"76113"},{"rt":5916,"stimulus":32,"slider_start":100,"sprites":"marbles","response":91,"absDeviation":44,"callibration":"test","block":7,"seed":32,"numerosity":135,"matchType":"unpaired","which":"second","trial_type":"numerosity-estimation","trial_index":145,"time_elapsed":911663,"subject_id":"76113"},{"rt":1840,"stimulus":"<p> For the last block of trials, the average deviation of your guesses from correct answers was 19.</p>\n     <p>The smaller the deviation the better.  Your deviation was <b> VERY good</b>.</p><br>\n       <p>Press any key to continue to the next block of trials</p>","response":" ","trial_type":"html-keyboard-response","trial_index":146,"time_elapsed":913507,"subject_id":"76113"},{"rt":5107,"stimulus":34,"slider_start":100,"sprites":"rocks","response":84,"absDeviation":34,"callibration":"test","block":8,"seed":34,"numerosity":50,"matchType":"paired","which":"first","trial_type":"numerosity-estimation","trial_index":147,"time_elapsed":918618,"subject_id":"76113"},{"rt":2305,"stimulus":34,"slider_start":100,"sprites":"rocks","response":75,"absDeviation":25,"callibration":"test","block":8,"seed":34,"numerosity":50,"matchType":"paired","which":"second","trial_type":"numerosity-estimation","trial_index":148,"time_elapsed":920928,"subject_id":"76113"},{"rt":7508,"stimulus":35,"slider_start":100,"sprites":"buttons","response":105,"absDeviation":27,"callibration":"test","block":8,"seed":35,"numerosity":78,"matchType":"unpaired","which":"second","trial_type":"numerosity-estimation","trial_index":149,"time_elapsed":928438,"subject_id":"76113"},{"rt":3241,"stimulus":36,"slider_start":100,"sprites":"animalCrackers","response":72,"absDeviation":22,"callibration":"test","block":8,"seed":36,"numerosity":50,"matchType":"unpaired","which":"second","trial_type":"numerosity-estimation","trial_index":150,"time_elapsed":931683,"subject_id":"76113"},{"rt":5022,"stimulus":38,"slider_start":100,"sprites":"butterflies","response":77,"absDeviation":1,"callibration":"test","block":8,"seed":38,"numerosity":78,"matchType":"paired","which":"first","trial_type":"numerosity-estimation","trial_index":151,"time_elapsed":936707,"subject_id":"76113"},{"rt":2655,"stimulus":38,"slider_start":100,"sprites":"butterflies","response":74,"absDeviation":4,"callibration":"test","block":8,"seed":38,"numerosity":78,"matchType":"paired","which":"second","trial_type":"numerosity-estimation","trial_index":152,"time_elapsed":939364,"subject_id":"76113"},{"rt":2549,"stimulus":39,"slider_start":100,"sprites":"hearts","response":113,"absDeviation":35,"callibration":"test","block":8,"seed":39,"numerosity":78,"matchType":"unpaired","which":"second","trial_type":"numerosity-estimation","trial_index":153,"time_elapsed":941916,"subject_id":"76113"},{"rt":3037,"stimulus":40,"slider_start":100,"sprites":"crackers","response":147,"absDeviation":26,"callibration":"test","block":8,"seed":40,"numerosity":121,"matchType":"unpaired","which":"second","trial_type":"numerosity-estimation","trial_index":154,"time_elapsed":944955,"subject_id":"76113"},{"rt":7692,"stimulus":42,"slider_start":100,"sprites":"fruits","response":84,"absDeviation":6,"callibration":"test","block":8,"seed":42,"numerosity":78,"matchType":"paired","which":"first","trial_type":"numerosity-estimation","trial_index":155,"time_elapsed":952651,"subject_id":"76113"},{"rt":5203,"stimulus":42,"slider_start":100,"sprites":"fruits","response":93,"absDeviation":15,"callibration":"test","block":8,"seed":42,"numerosity":78,"matchType":"paired","which":"second","trial_type":"numerosity-estimation","trial_index":156,"time_elapsed":957859,"subject_id":"76113"},{"rt":5781,"stimulus":43,"slider_start":100,"sprites":"jellyBeans","response":93,"absDeviation":29,"callibration":"test","block":8,"seed":43,"numerosity":64,"matchType":"unpaired","which":"second","trial_type":"numerosity-estimation","trial_index":157,"time_elapsed":963642,"subject_id":"76113"},{"rt":4191,"stimulus":44,"slider_start":100,"sprites":"marbles","response":115,"absDeviation":6,"callibration":"test","block":8,"seed":44,"numerosity":121,"matchType":"unpaired","which":"second","trial_type":"numerosity-estimation","trial_index":158,"time_elapsed":967835,"subject_id":"76113"},{"rt":3663,"stimulus":46,"slider_start":100,"sprites":"rocks","response":120,"absDeviation":13,"callibration":"test","block":8,"seed":46,"numerosity":107,"matchType":"paired","which":"first","trial_type":"numerosity-estimation","trial_index":159,"time_elapsed":971502,"subject_id":"76113"},{"rt":3598,"stimulus":46,"slider_start":100,"sprites":"rocks","response":124,"absDeviation":17,"callibration":"test","block":8,"seed":46,"numerosity":107,"matchType":"paired","which":"second","trial_type":"numerosity-estimation","trial_index":160,"time_elapsed":975102,"subject_id":"76113"},{"rt":5061,"stimulus":47,"slider_start":100,"sprites":"buttons","response":137,"absDeviation":16,"callibration":"test","block":8,"seed":47,"numerosity":121,"matchType":"unpaired","which":"second","trial_type":"numerosity-estimation","trial_index":161,"time_elapsed":980167,"subject_id":"76113"},{"rt":3928,"stimulus":48,"slider_start":100,"sprites":"animalCrackers","response":143,"absDeviation":8,"callibration":"test","block":8,"seed":48,"numerosity":135,"matchType":"unpaired","which":"second","trial_type":"numerosity-estimation","trial_index":162,"time_elapsed":984101,"subject_id":"76113"},{"rt":842,"stimulus":"<p> For the last block of trials, the average deviation of your guesses from correct answers was 18.</p>\n     <p>The smaller the deviation the better.  Your deviation was <b> VERY good</b>.</p><br>\n       <p>Press any key to continue to the next block of trials</p>","response":" ","trial_type":"html-keyboard-response","trial_index":163,"time_elapsed":984946,"subject_id":"76113"},{"rt":4619,"stimulus":50,"slider_start":100,"sprites":"butterflies","response":116,"absDeviation":34,"callibration":"test","block":9,"seed":50,"numerosity":150,"matchType":"paired","which":"first","trial_type":"numerosity-estimation","trial_index":164,"time_elapsed":989569,"subject_id":"76113"},{"rt":3971,"stimulus":50,"slider_start":100,"sprites":"butterflies","response":112,"absDeviation":38,"callibration":"test","block":9,"seed":50,"numerosity":150,"matchType":"paired","which":"second","trial_type":"numerosity-estimation","trial_index":165,"time_elapsed":993543,"subject_id":"76113"},{"rt":2823,"stimulus":51,"slider_start":100,"sprites":"hearts","response":129,"absDeviation":21,"callibration":"test","block":9,"seed":51,"numerosity":150,"matchType":"unpaired","which":"second","trial_type":"numerosity-estimation","trial_index":166,"time_elapsed":996368,"subject_id":"76113"},{"rt":3803,"stimulus":52,"slider_start":100,"sprites":"crackers","response":93,"absDeviation":15,"callibration":"test","block":9,"seed":52,"numerosity":78,"matchType":"unpaired","which":"second","trial_type":"numerosity-estimation","trial_index":167,"time_elapsed":1000174,"subject_id":"76113"},{"rt":4573,"stimulus":54,"slider_start":100,"sprites":"fruits","response":102,"absDeviation":10,"callibration":"test","block":9,"seed":54,"numerosity":92,"matchType":"paired","which":"first","trial_type":"numerosity-estimation","trial_index":168,"time_elapsed":1004751,"subject_id":"76113"},{"rt":3617,"stimulus":54,"slider_start":100,"sprites":"fruits","response":97,"absDeviation":5,"callibration":"test","block":9,"seed":54,"numerosity":92,"matchType":"paired","which":"second","trial_type":"numerosity-estimation","trial_index":169,"time_elapsed":1008372,"subject_id":"76113"},{"rt":7122,"stimulus":55,"slider_start":100,"sprites":"jellyBeans","response":91,"absDeviation":30,"callibration":"test","block":9,"seed":55,"numerosity":121,"matchType":"unpaired","which":"second","trial_type":"numerosity-estimation","trial_index":170,"time_elapsed":1015497,"subject_id":"76113"},{"rt":5424,"stimulus":56,"slider_start":100,"sprites":"marbles","response":67,"absDeviation":3,"callibration":"test","block":9,"seed":56,"numerosity":64,"matchType":"unpaired","which":"second","trial_type":"numerosity-estimation","trial_index":171,"time_elapsed":1020924,"subject_id":"76113"},{"rt":4097,"stimulus":58,"slider_start":100,"sprites":"rocks","response":121,"absDeviation":0,"callibration":"test","block":9,"seed":58,"numerosity":121,"matchType":"paired","which":"first","trial_type":"numerosity-estimation","trial_index":172,"time_elapsed":1025026,"subject_id":"76113"},{"rt":6229,"stimulus":58,"slider_start":100,"sprites":"rocks","response":117,"absDeviation":4,"callibration":"test","block":9,"seed":58,"numerosity":121,"matchType":"paired","which":"second","trial_type":"numerosity-estimation","trial_index":173,"time_elapsed":1031259,"subject_id":"76113"},{"rt":3423,"stimulus":59,"slider_start":100,"sprites":"buttons","response":134,"absDeviation":1,"callibration":"test","block":9,"seed":59,"numerosity":135,"matchType":"unpaired","which":"second","trial_type":"numerosity-estimation","trial_index":174,"time_elapsed":1034686,"subject_id":"76113"},{"rt":2462,"stimulus":60,"slider_start":100,"sprites":"animalCrackers","response":151,"absDeviation":1,"callibration":"test","block":9,"seed":60,"numerosity":150,"matchType":"unpaired","which":"second","trial_type":"numerosity-estimation","trial_index":175,"time_elapsed":1037150,"subject_id":"76113"},{"rt":2580,"stimulus":62,"slider_start":100,"sprites":"butterflies","response":121,"absDeviation":14,"callibration":"test","block":9,"seed":62,"numerosity":135,"matchType":"paired","which":"first","trial_type":"numerosity-estimation","trial_index":176,"time_elapsed":1039732,"subject_id":"76113"},{"rt":2461,"stimulus":62,"slider_start":100,"sprites":"butterflies","response":114,"absDeviation":21,"callibration":"test","block":9,"seed":62,"numerosity":135,"matchType":"paired","which":"second","trial_type":"numerosity-estimation","trial_index":177,"time_elapsed":1042196,"subject_id":"76113"},{"rt":4212,"stimulus":63,"slider_start":100,"sprites":"hearts","response":88,"absDeviation":24,"callibration":"test","block":9,"seed":63,"numerosity":64,"matchType":"unpaired","which":"second","trial_type":"numerosity-estimation","trial_index":178,"time_elapsed":1046413,"subject_id":"76113"},{"rt":6076,"stimulus":64,"slider_start":100,"sprites":"crackers","response":136,"absDeviation":1,"callibration":"test","block":9,"seed":64,"numerosity":135,"matchType":"unpaired","which":"second","trial_type":"numerosity-estimation","trial_index":179,"time_elapsed":1052492,"subject_id":"76113"},{"rt":1900,"stimulus":"<p> For the last block of trials, the average deviation of your guesses from correct answers was 14.</p>\n     <p>The smaller the deviation the better.  Your deviation was <b> AMAZINGLY good</b>.</p><br>\n       <p>Press any key to continue to the next block of trials</p>","response":" ","trial_type":"html-keyboard-response","trial_index":180,"time_elapsed":1054395,"subject_id":"76113"},{"rt":4341,"stimulus":66,"slider_start":100,"sprites":"fruits","response":88,"absDeviation":24,"callibration":"test","block":10,"seed":66,"numerosity":64,"matchType":"paired","which":"first","trial_type":"numerosity-estimation","trial_index":181,"time_elapsed":1058740,"subject_id":"76113"},{"rt":2563,"stimulus":66,"slider_start":100,"sprites":"fruits","response":86,"absDeviation":22,"callibration":"test","block":10,"seed":66,"numerosity":64,"matchType":"paired","which":"second","trial_type":"numerosity-estimation","trial_index":182,"time_elapsed":1061305,"subject_id":"76113"},{"rt":2897,"stimulus":67,"slider_start":100,"sprites":"jellyBeans","response":105,"absDeviation":2,"callibration":"test","block":10,"seed":67,"numerosity":107,"matchType":"unpaired","which":"second","trial_type":"numerosity-estimation","trial_index":183,"time_elapsed":1064207,"subject_id":"76113"},{"rt":5691,"stimulus":68,"slider_start":100,"sprites":"marbles","response":96,"absDeviation":54,"callibration":"test","block":10,"seed":68,"numerosity":150,"matchType":"unpaired","which":"second","trial_type":"numerosity-estimation","trial_index":184,"time_elapsed":1069901,"subject_id":"76113"},{"rt":2952,"stimulus":70,"slider_start":100,"sprites":"rocks","response":115,"absDeviation":23,"callibration":"test","block":10,"seed":70,"numerosity":92,"matchType":"paired","which":"first","trial_type":"numerosity-estimation","trial_index":185,"time_elapsed":1072857,"subject_id":"76113"},{"rt":3670,"stimulus":70,"slider_start":100,"sprites":"rocks","response":120,"absDeviation":28,"callibration":"test","block":10,"seed":70,"numerosity":92,"matchType":"paired","which":"second","trial_type":"numerosity-estimation","trial_index":186,"time_elapsed":1076530,"subject_id":"76113"},{"rt":3355,"stimulus":71,"slider_start":100,"sprites":"buttons","response":120,"absDeviation":13,"callibration":"test","block":10,"seed":71,"numerosity":107,"matchType":"unpaired","which":"second","trial_type":"numerosity-estimation","trial_index":187,"time_elapsed":1079890,"subject_id":"76113"},{"rt":4247,"stimulus":72,"slider_start":100,"sprites":"animalCrackers","response":60,"absDeviation":10,"callibration":"test","block":10,"seed":72,"numerosity":50,"matchType":"unpaired","which":"second","trial_type":"numerosity-estimation","trial_index":188,"time_elapsed":1084139,"subject_id":"76113"},{"rt":3597,"stimulus":74,"slider_start":100,"sprites":"butterflies","response":71,"absDeviation":7,"callibration":"test","block":10,"seed":74,"numerosity":64,"matchType":"paired","which":"first","trial_type":"numerosity-estimation","trial_index":189,"time_elapsed":1087740,"subject_id":"76113"},{"rt":4175,"stimulus":74,"slider_start":100,"sprites":"butterflies","response":57,"absDeviation":7,"callibration":"test","block":10,"seed":74,"numerosity":64,"matchType":"paired","which":"second","trial_type":"numerosity-estimation","trial_index":190,"time_elapsed":1091918,"subject_id":"76113"},{"rt":5042,"stimulus":75,"slider_start":100,"sprites":"hearts","response":116,"absDeviation":24,"callibration":"test","block":10,"seed":75,"numerosity":92,"matchType":"unpaired","which":"second","trial_type":"numerosity-estimation","trial_index":191,"time_elapsed":1096965,"subject_id":"76113"},{"rt":4664,"stimulus":76,"slider_start":100,"sprites":"crackers","response":80,"absDeviation":16,"callibration":"test","block":10,"seed":76,"numerosity":64,"matchType":"unpaired","which":"second","trial_type":"numerosity-estimation","trial_index":192,"time_elapsed":1101633,"subject_id":"76113"},{"rt":9204,"stimulus":78,"slider_start":100,"sprites":"fruits","response":78,"absDeviation":14,"callibration":"test","block":10,"seed":78,"numerosity":64,"matchType":"paired","which":"first","trial_type":"numerosity-estimation","trial_index":193,"time_elapsed":1110839,"subject_id":"76113"},{"rt":3578,"stimulus":78,"slider_start":100,"sprites":"fruits","response":81,"absDeviation":17,"callibration":"test","block":10,"seed":78,"numerosity":64,"matchType":"paired","which":"second","trial_type":"numerosity-estimation","trial_index":194,"time_elapsed":1114421,"subject_id":"76113"},{"rt":3960,"stimulus":79,"slider_start":100,"sprites":"jellyBeans","response":63,"absDeviation":13,"callibration":"test","block":10,"seed":79,"numerosity":50,"matchType":"unpaired","which":"second","trial_type":"numerosity-estimation","trial_index":195,"time_elapsed":1118384,"subject_id":"76113"},{"rt":4059,"stimulus":80,"slider_start":100,"sprites":"marbles","response":97,"absDeviation":24,"callibration":"test","block":10,"seed":80,"numerosity":121,"matchType":"unpaired","which":"second","trial_type":"numerosity-estimation","trial_index":196,"time_elapsed":1122448,"subject_id":"76113"},{"rt":3314,"stimulus":"<p> For the last block of trials, the average deviation of your guesses from correct answers was 19.</p>\n     <p>The smaller the deviation the better.  Your deviation was <b> VERY good</b>.</p><br>\n       <p>Press any key to continue to the next block of trials</p>","response":" ","trial_type":"html-keyboard-response","trial_index":197,"time_elapsed":1125763,"subject_id":"76113"},{"rt":3212,"stimulus":82,"slider_start":100,"sprites":"rocks","response":106,"absDeviation":42,"callibration":"test","block":11,"seed":82,"numerosity":64,"matchType":"paired","which":"first","trial_type":"numerosity-estimation","trial_index":198,"time_elapsed":1128979,"subject_id":"76113"},{"rt":2881,"stimulus":82,"slider_start":100,"sprites":"rocks","response":114,"absDeviation":50,"callibration":"test","block":11,"seed":82,"numerosity":64,"matchType":"paired","which":"second","trial_type":"numerosity-estimation","trial_index":199,"time_elapsed":1131863,"subject_id":"76113"},{"rt":3073,"stimulus":83,"slider_start":100,"sprites":"buttons","response":139,"absDeviation":18,"callibration":"test","block":11,"seed":83,"numerosity":121,"matchType":"unpaired","which":"second","trial_type":"numerosity-estimation","trial_index":200,"time_elapsed":1134940,"subject_id":"76113"},{"rt":4049,"stimulus":84,"slider_start":100,"sprites":"animalCrackers","response":61,"absDeviation":11,"callibration":"test","block":11,"seed":84,"numerosity":50,"matchType":"unpaired","which":"second","trial_type":"numerosity-estimation","trial_index":201,"time_elapsed":1138996,"subject_id":"76113"},{"rt":2870,"stimulus":86,"slider_start":100,"sprites":"butterflies","response":86,"absDeviation":35,"callibration":"test","block":11,"seed":86,"numerosity":121,"matchType":"paired","which":"first","trial_type":"numerosity-estimation","trial_index":202,"time_elapsed":1141870,"subject_id":"76113"},{"rt":2669,"stimulus":86,"slider_start":100,"sprites":"butterflies","response":89,"absDeviation":32,"callibration":"test","block":11,"seed":86,"numerosity":121,"matchType":"paired","which":"second","trial_type":"numerosity-estimation","trial_index":203,"time_elapsed":1144544,"subject_id":"76113"},{"rt":3510,"stimulus":87,"slider_start":100,"sprites":"hearts","response":68,"absDeviation":18,"callibration":"test","block":11,"seed":87,"numerosity":50,"matchType":"unpaired","which":"second","trial_type":"numerosity-estimation","trial_index":204,"time_elapsed":1148057,"subject_id":"76113"},{"rt":3550,"stimulus":88,"slider_start":100,"sprites":"crackers","response":152,"absDeviation":17,"callibration":"test","block":11,"seed":88,"numerosity":135,"matchType":"unpaired","which":"second","trial_type":"numerosity-estimation","trial_index":205,"time_elapsed":1151611,"subject_id":"76113"},{"rt":4992,"stimulus":90,"slider_start":100,"sprites":"fruits","response":156,"absDeviation":6,"callibration":"test","block":11,"seed":90,"numerosity":150,"matchType":"paired","which":"first","trial_type":"numerosity-estimation","trial_index":206,"time_elapsed":1156609,"subject_id":"76113"},{"rt":3179,"stimulus":90,"slider_start":100,"sprites":"fruits","response":150,"absDeviation":0,"callibration":"test","block":11,"seed":90,"numerosity":150,"matchType":"paired","which":"second","trial_type":"numerosity-estimation","trial_index":207,"time_elapsed":1159792,"subject_id":"76113"},{"rt":4813,"stimulus":91,"slider_start":100,"sprites":"jellyBeans","response":93,"absDeviation":1,"callibration":"test","block":11,"seed":91,"numerosity":92,"matchType":"unpaired","which":"second","trial_type":"numerosity-estimation","trial_index":208,"time_elapsed":1164608,"subject_id":"76113"},{"rt":5264,"stimulus":92,"slider_start":100,"sprites":"marbles","response":105,"absDeviation":16,"callibration":"test","block":11,"seed":92,"numerosity":121,"matchType":"unpaired","which":"second","trial_type":"numerosity-estimation","trial_index":209,"time_elapsed":1169876,"subject_id":"76113"},{"rt":3705,"stimulus":94,"slider_start":100,"sprites":"rocks","response":111,"absDeviation":33,"callibration":"test","block":11,"seed":94,"numerosity":78,"matchType":"paired","which":"first","trial_type":"numerosity-estimation","trial_index":210,"time_elapsed":1173583,"subject_id":"76113"},{"rt":2668,"stimulus":94,"slider_start":100,"sprites":"rocks","response":113,"absDeviation":35,"callibration":"test","block":11,"seed":94,"numerosity":78,"matchType":"paired","which":"second","trial_type":"numerosity-estimation","trial_index":211,"time_elapsed":1176256,"subject_id":"76113"},{"rt":8192,"stimulus":95,"slider_start":100,"sprites":"buttons","response":98,"absDeviation":34,"callibration":"test","block":11,"seed":95,"numerosity":64,"matchType":"unpaired","which":"second","trial_type":"numerosity-estimation","trial_index":212,"time_elapsed":1184453,"subject_id":"76113"},{"rt":4050,"stimulus":96,"slider_start":100,"sprites":"animalCrackers","response":116,"absDeviation":24,"callibration":"test","block":11,"seed":96,"numerosity":92,"matchType":"unpaired","which":"second","trial_type":"numerosity-estimation","trial_index":213,"time_elapsed":1188507,"subject_id":"76113"},{"rt":1401,"stimulus":"<p> For the last block of trials, the average deviation of your guesses from correct answers was 23.</p>\n     <p>The smaller the deviation the better.  Your deviation was <b> VERY good</b>.</p><br>\n       <p>Press any key to continue to the next block of trials</p>","response":" ","trial_type":"html-keyboard-response","trial_index":214,"time_elapsed":1189909,"subject_id":"76113"},{"rt":17339,"response":{"averageEstimates":"When the two displays occured back-to-back, in immediate succession.","firstOrSecond":"The second time the objects were shown"},"question_order":[0,1],"trial_type":"survey-multi-choice","trial_index":215,"time_elapsed":1207252,"subject_id":"76113"}]