[{"rt":7479,"url":"consent.html","trial_type":"external-html","trial_index":0,"time_elapsed":7507,"subject_id":"78644"},{"view_history":[{"page_index":0,"viewing_time":5487}],"rt":5488,"trial_type":"instructions","trial_index":1,"time_elapsed":12998,"subject_id":"78644"},{"rt":15263,"stimulus":0,"slider_start":100,"sprites":"animalCrackers","response":50,"absDeviation":0,"callibration":"callibration","block":-1,"seed":0,"numerosity":50,"matchType":"callibration","which":"first","trial_type":"numerosity-estimation","trial_index":2,"time_elapsed":28270,"subject_id":"78644"},{"rt":14491,"stimulus":1,"slider_start":100,"sprites":"letters","response":64,"absDeviation":0,"callibration":"callibration","block":-1,"seed":1,"numerosity":64,"matchType":"callibration","which":"first","trial_type":"numerosity-estimation","trial_index":3,"time_elapsed":42763,"subject_id":"78644"},{"rt":11793,"stimulus":2,"slider_start":100,"sprites":"butterflies","response":78,"absDeviation":0,"callibration":"callibration","block":-1,"seed":2,"numerosity":78,"matchType":"callibration","which":"first","trial_type":"numerosity-estimation","trial_index":4,"time_elapsed":54560,"subject_id":"78644"},{"rt":12291,"stimulus":3,"slider_start":100,"sprites":"hearts","response":92,"absDeviation":0,"callibration":"callibration","block":-1,"seed":3,"numerosity":92,"matchType":"callibration","which":"first","trial_type":"numerosity-estimation","trial_index":5,"time_elapsed":66855,"subject_id":"78644"},{"rt":6294,"stimulus":4,"slider_start":100,"sprites":"crackers","response":107,"absDeviation":0,"callibration":"callibration","block":-1,"seed":4,"numerosity":107,"matchType":"callibration","which":"first","trial_type":"numerosity-estimation","trial_index":6,"time_elapsed":73153,"subject_id":"78644"},{"rt":4555,"stimulus":5,"slider_start":100,"sprites":"bears","response":121,"absDeviation":0,"callibration":"callibration","block":-1,"seed":5,"numerosity":121,"matchType":"callibration","which":"first","trial_type":"numerosity-estimation","trial_index":7,"time_elapsed":77712,"subject_id":"78644"},{"rt":9101,"stimulus":6,"slider_start":100,"sprites":"fruits","response":135,"absDeviation":0,"callibration":"callibration","block":-1,"seed":6,"numerosity":135,"matchType":"callibration","which":"first","trial_type":"numerosity-estimation","trial_index":8,"time_elapsed":86820,"subject_id":"78644"},{"rt":6773,"stimulus":7,"slider_start":100,"sprites":"jellyBeans","response":150,"absDeviation":0,"callibration":"callibration","block":-1,"seed":7,"numerosity":150,"matchType":"callibration","which":"first","trial_type":"numerosity-estimation","trial_index":9,"time_elapsed":93599,"subject_id":"78644"},{"view_history":[{"page_index":0,"viewing_time":8034}],"rt":8035,"trial_type":"instructions","trial_index":10,"time_elapsed":101637,"subject_id":"78644"},{"rt":12586,"stimulus":1,"slider_start":100,"sprites":"letters","response":115,"absDeviation":23,"callibration":"test","block":0,"seed":1,"numerosity":92,"matchType":"paired","which":"first","trial_type":"numerosity-estimation","trial_index":11,"time_elapsed":114227,"subject_id":"78644"},{"rt":11641,"stimulus":1,"slider_start":100,"sprites":"letters","response":91,"absDeviation":1,"callibration":"test","block":0,"seed":1,"numerosity":92,"matchType":"paired","which":"second","trial_type":"numerosity-estimation","trial_index":12,"time_elapsed":125873,"subject_id":"78644"},{"rt":10832,"stimulus":3,"slider_start":100,"sprites":"hearts","response":58,"absDeviation":8,"callibration":"test","block":0,"seed":3,"numerosity":50,"matchType":"unpaired","which":"first","trial_type":"numerosity-estimation","trial_index":13,"time_elapsed":136708,"subject_id":"78644"},{"rt":9873,"stimulus":4,"slider_start":100,"sprites":"crackers","response":142,"absDeviation":35,"callibration":"test","block":0,"seed":4,"numerosity":107,"matchType":"unpaired","which":"first","trial_type":"numerosity-estimation","trial_index":14,"time_elapsed":146585,"subject_id":"78644"},{"rt":12459,"stimulus":5,"slider_start":100,"sprites":"bears","response":59,"absDeviation":9,"callibration":"test","block":0,"seed":5,"numerosity":50,"matchType":"paired","which":"first","trial_type":"numerosity-estimation","trial_index":15,"time_elapsed":159047,"subject_id":"78644"},{"rt":9478,"stimulus":5,"slider_start":100,"sprites":"bears","response":67,"absDeviation":17,"callibration":"test","block":0,"seed":5,"numerosity":50,"matchType":"paired","which":"second","trial_type":"numerosity-estimation","trial_index":16,"time_elapsed":168528,"subject_id":"78644"},{"rt":8562,"stimulus":7,"slider_start":100,"sprites":"jellyBeans","response":73,"absDeviation":23,"callibration":"test","block":0,"seed":7,"numerosity":50,"matchType":"unpaired","which":"first","trial_type":"numerosity-estimation","trial_index":17,"time_elapsed":177093,"subject_id":"78644"},{"rt":8883,"stimulus":8,"slider_start":100,"sprites":"marbles","response":88,"absDeviation":4,"callibration":"test","block":0,"seed":8,"numerosity":92,"matchType":"unpaired","which":"first","trial_type":"numerosity-estimation","trial_index":18,"time_elapsed":185982,"subject_id":"78644"},{"rt":10286,"stimulus":9,"slider_start":100,"sprites":"mints","response":157,"absDeviation":22,"callibration":"test","block":0,"seed":9,"numerosity":135,"matchType":"paired","which":"first","trial_type":"numerosity-estimation","trial_index":19,"time_elapsed":196270,"subject_id":"78644"},{"rt":5898,"stimulus":9,"slider_start":100,"sprites":"mints","response":162,"absDeviation":27,"callibration":"test","block":0,"seed":9,"numerosity":135,"matchType":"paired","which":"second","trial_type":"numerosity-estimation","trial_index":20,"time_elapsed":202172,"subject_id":"78644"},{"rt":8302,"stimulus":11,"slider_start":100,"sprites":"buttons","response":128,"absDeviation":21,"callibration":"test","block":0,"seed":11,"numerosity":107,"matchType":"unpaired","which":"first","trial_type":"numerosity-estimation","trial_index":21,"time_elapsed":210481,"subject_id":"78644"},{"rt":7249,"stimulus":12,"slider_start":100,"sprites":"animalCrackers","response":113,"absDeviation":21,"callibration":"test","block":0,"seed":12,"numerosity":92,"matchType":"unpaired","which":"first","trial_type":"numerosity-estimation","trial_index":22,"time_elapsed":217735,"subject_id":"78644"},{"rt":8109,"stimulus":13,"slider_start":100,"sprites":"letters","response":121,"absDeviation":14,"callibration":"test","block":0,"seed":13,"numerosity":107,"matchType":"paired","which":"first","trial_type":"numerosity-estimation","trial_index":23,"time_elapsed":225847,"subject_id":"78644"},{"rt":5834,"stimulus":13,"slider_start":100,"sprites":"letters","response":115,"absDeviation":8,"callibration":"test","block":0,"seed":13,"numerosity":107,"matchType":"paired","which":"second","trial_type":"numerosity-estimation","trial_index":24,"time_elapsed":231684,"subject_id":"78644"},{"rt":9177,"stimulus":15,"slider_start":100,"sprites":"hearts","response":130,"absDeviation":9,"callibration":"test","block":0,"seed":15,"numerosity":121,"matchType":"unpaired","which":"first","trial_type":"numerosity-estimation","trial_index":25,"time_elapsed":240865,"subject_id":"78644"},{"rt":11232,"stimulus":16,"slider_start":100,"sprites":"crackers","response":50,"absDeviation":14,"callibration":"test","block":0,"seed":16,"numerosity":64,"matchType":"unpaired","which":"first","trial_type":"numerosity-estimation","trial_index":26,"time_elapsed":252102,"subject_id":"78644"},{"rt":12280,"stimulus":"<p> For the last block of trials, the average deviation of your guesses from correct answers was 16.</p>\n     <p>The smaller the deviation the better.  Your deviation was <b> VERY good</b>.</p><br>\n       <p>Press any key to continue to the next block of trials</p>","response":" ","trial_type":"html-keyboard-response","trial_index":27,"time_elapsed":264384,"subject_id":"78644"},{"rt":10958,"stimulus":17,"slider_start":100,"sprites":"bears","response":121,"absDeviation":29,"callibration":"test","block":1,"seed":17,"numerosity":92,"matchType":"paired","which":"first","trial_type":"numerosity-estimation","trial_index":28,"time_elapsed":275344,"subject_id":"78644"},{"rt":8063,"stimulus":17,"slider_start":100,"sprites":"bears","response":122,"absDeviation":30,"callibration":"test","block":1,"seed":17,"numerosity":92,"matchType":"paired","which":"second","trial_type":"numerosity-estimation","trial_index":29,"time_elapsed":283410,"subject_id":"78644"},{"rt":8183,"stimulus":19,"slider_start":100,"sprites":"jellyBeans","response":152,"absDeviation":17,"callibration":"test","block":1,"seed":19,"numerosity":135,"matchType":"unpaired","which":"first","trial_type":"numerosity-estimation","trial_index":30,"time_elapsed":291596,"subject_id":"78644"},{"rt":10802,"stimulus":20,"slider_start":100,"sprites":"marbles","response":60,"absDeviation":18,"callibration":"test","block":1,"seed":20,"numerosity":78,"matchType":"unpaired","which":"first","trial_type":"numerosity-estimation","trial_index":31,"time_elapsed":302405,"subject_id":"78644"},{"rt":10593,"stimulus":21,"slider_start":100,"sprites":"mints","response":105,"absDeviation":13,"callibration":"test","block":1,"seed":21,"numerosity":92,"matchType":"paired","which":"first","trial_type":"numerosity-estimation","trial_index":32,"time_elapsed":313005,"subject_id":"78644"},{"rt":12804,"stimulus":21,"slider_start":100,"sprites":"mints","response":106,"absDeviation":14,"callibration":"test","block":1,"seed":21,"numerosity":92,"matchType":"paired","which":"second","trial_type":"numerosity-estimation","trial_index":33,"time_elapsed":325812,"subject_id":"78644"},{"rt":12759,"stimulus":23,"slider_start":100,"sprites":"buttons","response":126,"absDeviation":24,"callibration":"test","block":1,"seed":23,"numerosity":150,"matchType":"unpaired","which":"first","trial_type":"numerosity-estimation","trial_index":34,"time_elapsed":338577,"subject_id":"78644"},{"rt":10195,"stimulus":24,"slider_start":100,"sprites":"animalCrackers","response":94,"absDeviation":13,"callibration":"test","block":1,"seed":24,"numerosity":107,"matchType":"unpaired","which":"first","trial_type":"numerosity-estimation","trial_index":35,"time_elapsed":348776,"subject_id":"78644"},{"rt":9608,"stimulus":25,"slider_start":100,"sprites":"letters","response":83,"absDeviation":24,"callibration":"test","block":1,"seed":25,"numerosity":107,"matchType":"paired","which":"first","trial_type":"numerosity-estimation","trial_index":36,"time_elapsed":358388,"subject_id":"78644"},{"rt":6514,"stimulus":25,"slider_start":100,"sprites":"letters","response":80,"absDeviation":27,"callibration":"test","block":1,"seed":25,"numerosity":107,"matchType":"paired","which":"second","trial_type":"numerosity-estimation","trial_index":37,"time_elapsed":364904,"subject_id":"78644"},{"rt":9537,"stimulus":27,"slider_start":100,"sprites":"hearts","response":127,"absDeviation":6,"callibration":"test","block":1,"seed":27,"numerosity":121,"matchType":"unpaired","which":"first","trial_type":"numerosity-estimation","trial_index":38,"time_elapsed":374448,"subject_id":"78644"},{"rt":8987,"stimulus":28,"slider_start":100,"sprites":"crackers","response":153,"absDeviation":3,"callibration":"test","block":1,"seed":28,"numerosity":150,"matchType":"unpaired","which":"first","trial_type":"numerosity-estimation","trial_index":39,"time_elapsed":383438,"subject_id":"78644"},{"rt":11570,"stimulus":29,"slider_start":100,"sprites":"bears","response":52,"absDeviation":12,"callibration":"test","block":1,"seed":29,"numerosity":64,"matchType":"paired","which":"first","trial_type":"numerosity-estimation","trial_index":40,"time_elapsed":395011,"subject_id":"78644"},{"rt":14573,"stimulus":29,"slider_start":100,"sprites":"bears","response":78,"absDeviation":14,"callibration":"test","block":1,"seed":29,"numerosity":64,"matchType":"paired","which":"second","trial_type":"numerosity-estimation","trial_index":41,"time_elapsed":409587,"subject_id":"78644"},{"rt":7208,"stimulus":31,"slider_start":100,"sprites":"jellyBeans","response":129,"absDeviation":21,"callibration":"test","block":1,"seed":31,"numerosity":150,"matchType":"unpaired","which":"first","trial_type":"numerosity-estimation","trial_index":42,"time_elapsed":416800,"subject_id":"78644"},{"rt":10086,"stimulus":32,"slider_start":100,"sprites":"marbles","response":85,"absDeviation":50,"callibration":"test","block":1,"seed":32,"numerosity":135,"matchType":"unpaired","which":"first","trial_type":"numerosity-estimation","trial_index":43,"time_elapsed":426891,"subject_id":"78644"},{"rt":33851,"stimulus":"<p> For the last block of trials, the average deviation of your guesses from correct answers was 20.</p>\n     <p>The smaller the deviation the better.  Your deviation was <b> VERY good</b>.</p><br>\n       <p>Press any key to continue to the next block of trials</p>","response":" ","trial_type":"html-keyboard-response","trial_index":44,"time_elapsed":460748,"subject_id":"78644"},{"rt":8176,"stimulus":33,"slider_start":100,"sprites":"mints","response":130,"absDeviation":9,"callibration":"test","block":2,"seed":33,"numerosity":121,"matchType":"paired","which":"first","trial_type":"numerosity-estimation","trial_index":45,"time_elapsed":468930,"subject_id":"78644"},{"rt":5634,"stimulus":33,"slider_start":100,"sprites":"mints","response":124,"absDeviation":3,"callibration":"test","block":2,"seed":33,"numerosity":121,"matchType":"paired","which":"second","trial_type":"numerosity-estimation","trial_index":46,"time_elapsed":474569,"subject_id":"78644"},{"rt":8400,"stimulus":35,"slider_start":100,"sprites":"buttons","response":105,"absDeviation":27,"callibration":"test","block":2,"seed":35,"numerosity":78,"matchType":"unpaired","which":"first","trial_type":"numerosity-estimation","trial_index":47,"time_elapsed":482973,"subject_id":"78644"},{"rt":8062,"stimulus":36,"slider_start":100,"sprites":"animalCrackers","response":53,"absDeviation":3,"callibration":"test","block":2,"seed":36,"numerosity":50,"matchType":"unpaired","which":"first","trial_type":"numerosity-estimation","trial_index":48,"time_elapsed":491042,"subject_id":"78644"},{"rt":10858,"stimulus":37,"slider_start":100,"sprites":"letters","response":143,"absDeviation":8,"callibration":"test","block":2,"seed":37,"numerosity":135,"matchType":"paired","which":"first","trial_type":"numerosity-estimation","trial_index":49,"time_elapsed":501905,"subject_id":"78644"},{"rt":7175,"stimulus":37,"slider_start":100,"sprites":"letters","response":134,"absDeviation":1,"callibration":"test","block":2,"seed":37,"numerosity":135,"matchType":"paired","which":"second","trial_type":"numerosity-estimation","trial_index":50,"time_elapsed":509085,"subject_id":"78644"},{"rt":8352,"stimulus":39,"slider_start":100,"sprites":"hearts","response":107,"absDeviation":29,"callibration":"test","block":2,"seed":39,"numerosity":78,"matchType":"unpaired","which":"first","trial_type":"numerosity-estimation","trial_index":51,"time_elapsed":517439,"subject_id":"78644"},{"rt":5648,"stimulus":40,"slider_start":100,"sprites":"crackers","response":143,"absDeviation":22,"callibration":"test","block":2,"seed":40,"numerosity":121,"matchType":"unpaired","which":"first","trial_type":"numerosity-estimation","trial_index":52,"time_elapsed":523091,"subject_id":"78644"},{"rt":7596,"stimulus":41,"slider_start":100,"sprites":"bears","response":64,"absDeviation":14,"callibration":"test","block":2,"seed":41,"numerosity":50,"matchType":"paired","which":"first","trial_type":"numerosity-estimation","trial_index":53,"time_elapsed":530693,"subject_id":"78644"},{"rt":4224,"stimulus":41,"slider_start":100,"sprites":"bears","response":62,"absDeviation":12,"callibration":"test","block":2,"seed":41,"numerosity":50,"matchType":"paired","which":"second","trial_type":"numerosity-estimation","trial_index":54,"time_elapsed":534922,"subject_id":"78644"},{"rt":8937,"stimulus":43,"slider_start":100,"sprites":"jellyBeans","response":62,"absDeviation":2,"callibration":"test","block":2,"seed":43,"numerosity":64,"matchType":"unpaired","which":"first","trial_type":"numerosity-estimation","trial_index":55,"time_elapsed":543862,"subject_id":"78644"},{"rt":12435,"stimulus":44,"slider_start":100,"sprites":"marbles","response":75,"absDeviation":46,"callibration":"test","block":2,"seed":44,"numerosity":121,"matchType":"unpaired","which":"first","trial_type":"numerosity-estimation","trial_index":56,"time_elapsed":556302,"subject_id":"78644"},{"rt":8143,"stimulus":45,"slider_start":100,"sprites":"mints","response":112,"absDeviation":9,"callibration":"test","block":2,"seed":45,"numerosity":121,"matchType":"paired","which":"first","trial_type":"numerosity-estimation","trial_index":57,"time_elapsed":564450,"subject_id":"78644"},{"rt":4234,"stimulus":45,"slider_start":100,"sprites":"mints","response":117,"absDeviation":4,"callibration":"test","block":2,"seed":45,"numerosity":121,"matchType":"paired","which":"second","trial_type":"numerosity-estimation","trial_index":58,"time_elapsed":568689,"subject_id":"78644"},{"rt":12858,"stimulus":47,"slider_start":100,"sprites":"buttons","response":106,"absDeviation":15,"callibration":"test","block":2,"seed":47,"numerosity":121,"matchType":"unpaired","which":"first","trial_type":"numerosity-estimation","trial_index":59,"time_elapsed":581551,"subject_id":"78644"},{"rt":6503,"stimulus":48,"slider_start":100,"sprites":"animalCrackers","response":136,"absDeviation":1,"callibration":"test","block":2,"seed":48,"numerosity":135,"matchType":"unpaired","which":"first","trial_type":"numerosity-estimation","trial_index":60,"time_elapsed":588060,"subject_id":"78644"},{"rt":75337,"stimulus":"<p> For the last block of trials, the average deviation of your guesses from correct answers was 13.</p>\n     <p>The smaller the deviation the better.  Your deviation was <b> AMAZINGLY good</b>.</p><br>\n       <p>Press any key to continue to the next block of trials</p>","response":" ","trial_type":"html-keyboard-response","trial_index":61,"time_elapsed":663400,"subject_id":"78644"},{"rt":10813,"stimulus":49,"slider_start":100,"sprites":"letters","response":83,"absDeviation":5,"callibration":"test","block":3,"seed":49,"numerosity":78,"matchType":"paired","which":"first","trial_type":"numerosity-estimation","trial_index":62,"time_elapsed":674217,"subject_id":"78644"},{"rt":9651,"stimulus":49,"slider_start":100,"sprites":"letters","response":78,"absDeviation":0,"callibration":"test","block":3,"seed":49,"numerosity":78,"matchType":"paired","which":"second","trial_type":"numerosity-estimation","trial_index":63,"time_elapsed":683871,"subject_id":"78644"},{"rt":8866,"stimulus":51,"slider_start":100,"sprites":"hearts","response":147,"absDeviation":3,"callibration":"test","block":3,"seed":51,"numerosity":150,"matchType":"unpaired","which":"first","trial_type":"numerosity-estimation","trial_index":64,"time_elapsed":692742,"subject_id":"78644"},{"rt":8049,"stimulus":52,"slider_start":100,"sprites":"crackers","response":89,"absDeviation":11,"callibration":"test","block":3,"seed":52,"numerosity":78,"matchType":"unpaired","which":"first","trial_type":"numerosity-estimation","trial_index":65,"time_elapsed":700796,"subject_id":"78644"},{"rt":7749,"stimulus":53,"slider_start":100,"sprites":"bears","response":66,"absDeviation":16,"callibration":"test","block":3,"seed":53,"numerosity":50,"matchType":"paired","which":"first","trial_type":"numerosity-estimation","trial_index":66,"time_elapsed":708551,"subject_id":"78644"},{"rt":5999,"stimulus":53,"slider_start":100,"sprites":"bears","response":67,"absDeviation":17,"callibration":"test","block":3,"seed":53,"numerosity":50,"matchType":"paired","which":"second","trial_type":"numerosity-estimation","trial_index":67,"time_elapsed":714554,"subject_id":"78644"},{"rt":10827,"stimulus":55,"slider_start":100,"sprites":"jellyBeans","response":107,"absDeviation":14,"callibration":"test","block":3,"seed":55,"numerosity":121,"matchType":"unpaired","which":"first","trial_type":"numerosity-estimation","trial_index":68,"time_elapsed":725385,"subject_id":"78644"},{"rt":14383,"stimulus":56,"slider_start":100,"sprites":"marbles","response":57,"absDeviation":7,"callibration":"test","block":3,"seed":56,"numerosity":64,"matchType":"unpaired","which":"first","trial_type":"numerosity-estimation","trial_index":69,"time_elapsed":739771,"subject_id":"78644"},{"rt":9705,"stimulus":57,"slider_start":100,"sprites":"mints","response":74,"absDeviation":10,"callibration":"test","block":3,"seed":57,"numerosity":64,"matchType":"paired","which":"first","trial_type":"numerosity-estimation","trial_index":70,"time_elapsed":749478,"subject_id":"78644"},{"rt":6514,"stimulus":57,"slider_start":100,"sprites":"mints","response":72,"absDeviation":8,"callibration":"test","block":3,"seed":57,"numerosity":64,"matchType":"paired","which":"second","trial_type":"numerosity-estimation","trial_index":71,"time_elapsed":755996,"subject_id":"78644"},{"rt":9525,"stimulus":59,"slider_start":100,"sprites":"buttons","response":133,"absDeviation":2,"callibration":"test","block":3,"seed":59,"numerosity":135,"matchType":"unpaired","which":"first","trial_type":"numerosity-estimation","trial_index":72,"time_elapsed":765525,"subject_id":"78644"},{"rt":9930,"stimulus":60,"slider_start":100,"sprites":"animalCrackers","response":151,"absDeviation":1,"callibration":"test","block":3,"seed":60,"numerosity":150,"matchType":"unpaired","which":"first","trial_type":"numerosity-estimation","trial_index":73,"time_elapsed":775459,"subject_id":"78644"},{"rt":7810,"stimulus":61,"slider_start":100,"sprites":"letters","response":65,"absDeviation":15,"callibration":"test","block":3,"seed":61,"numerosity":50,"matchType":"paired","which":"first","trial_type":"numerosity-estimation","trial_index":74,"time_elapsed":783271,"subject_id":"78644"},{"rt":6779,"stimulus":61,"slider_start":100,"sprites":"letters","response":62,"absDeviation":12,"callibration":"test","block":3,"seed":61,"numerosity":50,"matchType":"paired","which":"second","trial_type":"numerosity-estimation","trial_index":75,"time_elapsed":790053,"subject_id":"78644"},{"rt":9354,"stimulus":63,"slider_start":100,"sprites":"hearts","response":70,"absDeviation":6,"callibration":"test","block":3,"seed":63,"numerosity":64,"matchType":"unpaired","which":"first","trial_type":"numerosity-estimation","trial_index":76,"time_elapsed":799413,"subject_id":"78644"},{"rt":8288,"stimulus":64,"slider_start":100,"sprites":"crackers","response":155,"absDeviation":20,"callibration":"test","block":3,"seed":64,"numerosity":135,"matchType":"unpaired","which":"first","trial_type":"numerosity-estimation","trial_index":77,"time_elapsed":807703,"subject_id":"78644"},{"rt":121394,"stimulus":"<p> For the last block of trials, the average deviation of your guesses from correct answers was 9.</p>\n     <p>The smaller the deviation the better.  Your deviation was <b> AMAZINGLY good</b>.</p><br>\n       <p>Press any key to continue to the next block of trials</p>","response":" ","trial_type":"html-keyboard-response","trial_index":78,"time_elapsed":929099,"subject_id":"78644"},{"rt":10060,"stimulus":65,"slider_start":100,"sprites":"bears","response":128,"absDeviation":21,"callibration":"test","block":4,"seed":65,"numerosity":107,"matchType":"paired","which":"first","trial_type":"numerosity-estimation","trial_index":79,"time_elapsed":939162,"subject_id":"78644"},{"rt":7488,"stimulus":65,"slider_start":100,"sprites":"bears","response":118,"absDeviation":11,"callibration":"test","block":4,"seed":65,"numerosity":107,"matchType":"paired","which":"second","trial_type":"numerosity-estimation","trial_index":80,"time_elapsed":946654,"subject_id":"78644"},{"rt":9075,"stimulus":67,"slider_start":100,"sprites":"jellyBeans","response":103,"absDeviation":4,"callibration":"test","block":4,"seed":67,"numerosity":107,"matchType":"unpaired","which":"first","trial_type":"numerosity-estimation","trial_index":81,"time_elapsed":955734,"subject_id":"78644"},{"rt":8539,"stimulus":68,"slider_start":100,"sprites":"marbles","response":97,"absDeviation":53,"callibration":"test","block":4,"seed":68,"numerosity":150,"matchType":"unpaired","which":"first","trial_type":"numerosity-estimation","trial_index":82,"time_elapsed":964278,"subject_id":"78644"},{"rt":9469,"stimulus":69,"slider_start":100,"sprites":"mints","response":128,"absDeviation":7,"callibration":"test","block":4,"seed":69,"numerosity":121,"matchType":"paired","which":"first","trial_type":"numerosity-estimation","trial_index":83,"time_elapsed":973753,"subject_id":"78644"},{"rt":6671,"stimulus":69,"slider_start":100,"sprites":"mints","response":130,"absDeviation":9,"callibration":"test","block":4,"seed":69,"numerosity":121,"matchType":"paired","which":"second","trial_type":"numerosity-estimation","trial_index":84,"time_elapsed":980427,"subject_id":"78644"},{"rt":10201,"stimulus":71,"slider_start":100,"sprites":"buttons","response":138,"absDeviation":31,"callibration":"test","block":4,"seed":71,"numerosity":107,"matchType":"unpaired","which":"first","trial_type":"numerosity-estimation","trial_index":85,"time_elapsed":990632,"subject_id":"78644"},{"rt":8107,"stimulus":72,"slider_start":100,"sprites":"animalCrackers","response":55,"absDeviation":5,"callibration":"test","block":4,"seed":72,"numerosity":50,"matchType":"unpaired","which":"first","trial_type":"numerosity-estimation","trial_index":86,"time_elapsed":998745,"subject_id":"78644"},{"rt":12906,"stimulus":73,"slider_start":100,"sprites":"letters","response":95,"absDeviation":17,"callibration":"test","block":4,"seed":73,"numerosity":78,"matchType":"paired","which":"first","trial_type":"numerosity-estimation","trial_index":87,"time_elapsed":1011654,"subject_id":"78644"},{"rt":7770,"stimulus":73,"slider_start":100,"sprites":"letters","response":84,"absDeviation":6,"callibration":"test","block":4,"seed":73,"numerosity":78,"matchType":"paired","which":"second","trial_type":"numerosity-estimation","trial_index":88,"time_elapsed":1019428,"subject_id":"78644"},{"rt":8047,"stimulus":75,"slider_start":100,"sprites":"hearts","response":112,"absDeviation":20,"callibration":"test","block":4,"seed":75,"numerosity":92,"matchType":"unpaired","which":"first","trial_type":"numerosity-estimation","trial_index":89,"time_elapsed":1027481,"subject_id":"78644"},{"rt":10131,"stimulus":76,"slider_start":100,"sprites":"crackers","response":76,"absDeviation":12,"callibration":"test","block":4,"seed":76,"numerosity":64,"matchType":"unpaired","which":"first","trial_type":"numerosity-estimation","trial_index":90,"time_elapsed":1037615,"subject_id":"78644"},{"rt":8696,"stimulus":77,"slider_start":100,"sprites":"bears","response":123,"absDeviation":12,"callibration":"test","block":4,"seed":77,"numerosity":135,"matchType":"paired","which":"first","trial_type":"numerosity-estimation","trial_index":91,"time_elapsed":1046314,"subject_id":"78644"},{"rt":4058,"stimulus":77,"slider_start":100,"sprites":"bears","response":131,"absDeviation":4,"callibration":"test","block":4,"seed":77,"numerosity":135,"matchType":"paired","which":"second","trial_type":"numerosity-estimation","trial_index":92,"time_elapsed":1050377,"subject_id":"78644"},{"rt":9287,"stimulus":79,"slider_start":100,"sprites":"jellyBeans","response":64,"absDeviation":14,"callibration":"test","block":4,"seed":79,"numerosity":50,"matchType":"unpaired","which":"first","trial_type":"numerosity-estimation","trial_index":93,"time_elapsed":1059669,"subject_id":"78644"},{"rt":11400,"stimulus":80,"slider_start":100,"sprites":"marbles","response":95,"absDeviation":26,"callibration":"test","block":4,"seed":80,"numerosity":121,"matchType":"unpaired","which":"first","trial_type":"numerosity-estimation","trial_index":94,"time_elapsed":1071074,"subject_id":"78644"},{"rt":96258,"stimulus":"<p> For the last block of trials, the average deviation of your guesses from correct answers was 16.</p>\n     <p>The smaller the deviation the better.  Your deviation was <b> VERY good</b>.</p><br>\n       <p>Press any key to continue to the next block of trials</p>","response":" ","trial_type":"html-keyboard-response","trial_index":95,"time_elapsed":1167334,"subject_id":"78644"},{"rt":6798,"stimulus":81,"slider_start":100,"sprites":"mints","response":121,"absDeviation":0,"callibration":"test","block":5,"seed":81,"numerosity":121,"matchType":"paired","which":"first","trial_type":"numerosity-estimation","trial_index":96,"time_elapsed":1174137,"subject_id":"78644"},{"rt":4340,"stimulus":81,"slider_start":100,"sprites":"mints","response":122,"absDeviation":1,"callibration":"test","block":5,"seed":81,"numerosity":121,"matchType":"paired","which":"second","trial_type":"numerosity-estimation","trial_index":97,"time_elapsed":1178479,"subject_id":"78644"},{"rt":6569,"stimulus":83,"slider_start":100,"sprites":"buttons","response":111,"absDeviation":10,"callibration":"test","block":5,"seed":83,"numerosity":121,"matchType":"unpaired","which":"first","trial_type":"numerosity-estimation","trial_index":98,"time_elapsed":1185053,"subject_id":"78644"},{"rt":10553,"stimulus":84,"slider_start":100,"sprites":"animalCrackers","response":58,"absDeviation":8,"callibration":"test","block":5,"seed":84,"numerosity":50,"matchType":"unpaired","which":"first","trial_type":"numerosity-estimation","trial_index":99,"time_elapsed":1195610,"subject_id":"78644"},{"rt":10868,"stimulus":85,"slider_start":100,"sprites":"letters","response":68,"absDeviation":4,"callibration":"test","block":5,"seed":85,"numerosity":64,"matchType":"paired","which":"first","trial_type":"numerosity-estimation","trial_index":100,"time_elapsed":1206482,"subject_id":"78644"},{"rt":5660,"stimulus":85,"slider_start":100,"sprites":"letters","response":72,"absDeviation":8,"callibration":"test","block":5,"seed":85,"numerosity":64,"matchType":"paired","which":"second","trial_type":"numerosity-estimation","trial_index":101,"time_elapsed":1212144,"subject_id":"78644"},{"rt":6935,"stimulus":87,"slider_start":100,"sprites":"hearts","response":66,"absDeviation":16,"callibration":"test","block":5,"seed":87,"numerosity":50,"matchType":"unpaired","which":"first","trial_type":"numerosity-estimation","trial_index":102,"time_elapsed":1219083,"subject_id":"78644"},{"rt":7486,"stimulus":88,"slider_start":100,"sprites":"crackers","response":139,"absDeviation":4,"callibration":"test","block":5,"seed":88,"numerosity":135,"matchType":"unpaired","which":"first","trial_type":"numerosity-estimation","trial_index":103,"time_elapsed":1226573,"subject_id":"78644"},{"rt":6184,"stimulus":89,"slider_start":100,"sprites":"bears","response":63,"absDeviation":13,"callibration":"test","block":5,"seed":89,"numerosity":50,"matchType":"paired","which":"first","trial_type":"numerosity-estimation","trial_index":104,"time_elapsed":1232761,"subject_id":"78644"},{"rt":4243,"stimulus":89,"slider_start":100,"sprites":"bears","response":60,"absDeviation":10,"callibration":"test","block":5,"seed":89,"numerosity":50,"matchType":"paired","which":"second","trial_type":"numerosity-estimation","trial_index":105,"time_elapsed":1237007,"subject_id":"78644"},{"rt":9400,"stimulus":91,"slider_start":100,"sprites":"jellyBeans","response":96,"absDeviation":4,"callibration":"test","block":5,"seed":91,"numerosity":92,"matchType":"unpaired","which":"first","trial_type":"numerosity-estimation","trial_index":106,"time_elapsed":1246411,"subject_id":"78644"},{"rt":10527,"stimulus":92,"slider_start":100,"sprites":"marbles","response":107,"absDeviation":14,"callibration":"test","block":5,"seed":92,"numerosity":121,"matchType":"unpaired","which":"first","trial_type":"numerosity-estimation","trial_index":107,"time_elapsed":1256943,"subject_id":"78644"},{"rt":3922,"stimulus":93,"slider_start":100,"sprites":"mints","response":113,"absDeviation":35,"callibration":"test","block":5,"seed":93,"numerosity":78,"matchType":"paired","which":"first","trial_type":"numerosity-estimation","trial_index":108,"time_elapsed":1260869,"subject_id":"78644"},{"rt":5204,"stimulus":93,"slider_start":100,"sprites":"mints","response":110,"absDeviation":32,"callibration":"test","block":5,"seed":93,"numerosity":78,"matchType":"paired","which":"second","trial_type":"numerosity-estimation","trial_index":109,"time_elapsed":1266077,"subject_id":"78644"},{"rt":9371,"stimulus":95,"slider_start":100,"sprites":"buttons","response":89,"absDeviation":25,"callibration":"test","block":5,"seed":95,"numerosity":64,"matchType":"unpaired","which":"first","trial_type":"numerosity-estimation","trial_index":110,"time_elapsed":1275452,"subject_id":"78644"},{"rt":7584,"stimulus":96,"slider_start":100,"sprites":"animalCrackers","response":105,"absDeviation":13,"callibration":"test","block":5,"seed":96,"numerosity":92,"matchType":"unpaired","which":"first","trial_type":"numerosity-estimation","trial_index":111,"time_elapsed":1283039,"subject_id":"78644"},{"rt":13638,"stimulus":"<p> For the last block of trials, the average deviation of your guesses from correct answers was 12.</p>\n     <p>The smaller the deviation the better.  Your deviation was <b> AMAZINGLY good</b>.</p><br>\n       <p>Press any key to continue to the next block of trials</p>","response":" ","trial_type":"html-keyboard-response","trial_index":112,"time_elapsed":1296679,"subject_id":"78644"},{"rt":8011,"stimulus":2,"slider_start":100,"sprites":"butterflies","response":111,"absDeviation":24,"callibration":"test","block":6,"seed":2,"numerosity":135,"matchType":"paired","which":"first","trial_type":"numerosity-estimation","trial_index":113,"time_elapsed":1304693,"subject_id":"78644"},{"rt":5784,"stimulus":2,"slider_start":100,"sprites":"butterflies","response":110,"absDeviation":25,"callibration":"test","block":6,"seed":2,"numerosity":135,"matchType":"paired","which":"second","trial_type":"numerosity-estimation","trial_index":114,"time_elapsed":1310482,"subject_id":"78644"},{"rt":8331,"stimulus":3,"slider_start":100,"sprites":"hearts","response":60,"absDeviation":10,"callibration":"test","block":6,"seed":3,"numerosity":50,"matchType":"unpaired","which":"second","trial_type":"numerosity-estimation","trial_index":115,"time_elapsed":1318818,"subject_id":"78644"},{"rt":8930,"stimulus":4,"slider_start":100,"sprites":"crackers","response":119,"absDeviation":12,"callibration":"test","block":6,"seed":4,"numerosity":107,"matchType":"unpaired","which":"second","trial_type":"numerosity-estimation","trial_index":116,"time_elapsed":1327752,"subject_id":"78644"},{"rt":14251,"stimulus":6,"slider_start":100,"sprites":"fruits","response":105,"absDeviation":27,"callibration":"test","block":6,"seed":6,"numerosity":78,"matchType":"paired","which":"first","trial_type":"numerosity-estimation","trial_index":117,"time_elapsed":1342007,"subject_id":"78644"},{"rt":6531,"stimulus":6,"slider_start":100,"sprites":"fruits","response":102,"absDeviation":24,"callibration":"test","block":6,"seed":6,"numerosity":78,"matchType":"paired","which":"second","trial_type":"numerosity-estimation","trial_index":118,"time_elapsed":1348544,"subject_id":"78644"},{"rt":6383,"stimulus":7,"slider_start":100,"sprites":"jellyBeans","response":57,"absDeviation":7,"callibration":"test","block":6,"seed":7,"numerosity":50,"matchType":"unpaired","which":"second","trial_type":"numerosity-estimation","trial_index":119,"time_elapsed":1354932,"subject_id":"78644"},{"rt":6629,"stimulus":8,"slider_start":100,"sprites":"marbles","response":89,"absDeviation":3,"callibration":"test","block":6,"seed":8,"numerosity":92,"matchType":"unpaired","which":"second","trial_type":"numerosity-estimation","trial_index":120,"time_elapsed":1361564,"subject_id":"78644"},{"rt":7129,"stimulus":10,"slider_start":100,"sprites":"rocks","response":74,"absDeviation":24,"callibration":"test","block":6,"seed":10,"numerosity":50,"matchType":"paired","which":"first","trial_type":"numerosity-estimation","trial_index":121,"time_elapsed":1368696,"subject_id":"78644"},{"rt":7546,"stimulus":10,"slider_start":100,"sprites":"rocks","response":70,"absDeviation":20,"callibration":"test","block":6,"seed":10,"numerosity":50,"matchType":"paired","which":"second","trial_type":"numerosity-estimation","trial_index":122,"time_elapsed":1376248,"subject_id":"78644"},{"rt":7294,"stimulus":11,"slider_start":100,"sprites":"buttons","response":113,"absDeviation":6,"callibration":"test","block":6,"seed":11,"numerosity":107,"matchType":"unpaired","which":"second","trial_type":"numerosity-estimation","trial_index":123,"time_elapsed":1383547,"subject_id":"78644"},{"rt":9440,"stimulus":12,"slider_start":100,"sprites":"animalCrackers","response":110,"absDeviation":18,"callibration":"test","block":6,"seed":12,"numerosity":92,"matchType":"unpaired","which":"second","trial_type":"numerosity-estimation","trial_index":124,"time_elapsed":1392992,"subject_id":"78644"},{"rt":7414,"stimulus":14,"slider_start":100,"sprites":"butterflies","response":118,"absDeviation":32,"callibration":"test","block":6,"seed":14,"numerosity":150,"matchType":"paired","which":"first","trial_type":"numerosity-estimation","trial_index":125,"time_elapsed":1400410,"subject_id":"78644"},{"rt":5749,"stimulus":14,"slider_start":100,"sprites":"butterflies","response":109,"absDeviation":41,"callibration":"test","block":6,"seed":14,"numerosity":150,"matchType":"paired","which":"second","trial_type":"numerosity-estimation","trial_index":126,"time_elapsed":1406165,"subject_id":"78644"},{"rt":9430,"stimulus":15,"slider_start":100,"sprites":"hearts","response":119,"absDeviation":2,"callibration":"test","block":6,"seed":15,"numerosity":121,"matchType":"unpaired","which":"second","trial_type":"numerosity-estimation","trial_index":127,"time_elapsed":1415602,"subject_id":"78644"},{"rt":7664,"stimulus":16,"slider_start":100,"sprites":"crackers","response":68,"absDeviation":4,"callibration":"test","block":6,"seed":16,"numerosity":64,"matchType":"unpaired","which":"second","trial_type":"numerosity-estimation","trial_index":128,"time_elapsed":1423269,"subject_id":"78644"},{"rt":12563,"stimulus":"<p> For the last block of trials, the average deviation of your guesses from correct answers was 17.</p>\n     <p>The smaller the deviation the better.  Your deviation was <b> VERY good</b>.</p><br>\n       <p>Press any key to continue to the next block of trials</p>","response":" ","trial_type":"html-keyboard-response","trial_index":129,"time_elapsed":1435837,"subject_id":"78644"},{"rt":5921,"stimulus":18,"slider_start":100,"sprites":"fruits","response":102,"absDeviation":5,"callibration":"test","block":7,"seed":18,"numerosity":107,"matchType":"paired","which":"first","trial_type":"numerosity-estimation","trial_index":130,"time_elapsed":1441760,"subject_id":"78644"},{"rt":5433,"stimulus":18,"slider_start":100,"sprites":"fruits","response":96,"absDeviation":11,"callibration":"test","block":7,"seed":18,"numerosity":107,"matchType":"paired","which":"second","trial_type":"numerosity-estimation","trial_index":131,"time_elapsed":1447198,"subject_id":"78644"},{"rt":8464,"stimulus":19,"slider_start":100,"sprites":"jellyBeans","response":119,"absDeviation":16,"callibration":"test","block":7,"seed":19,"numerosity":135,"matchType":"unpaired","which":"second","trial_type":"numerosity-estimation","trial_index":132,"time_elapsed":1455666,"subject_id":"78644"},{"rt":8659,"stimulus":20,"slider_start":100,"sprites":"marbles","response":51,"absDeviation":27,"callibration":"test","block":7,"seed":20,"numerosity":78,"matchType":"unpaired","which":"second","trial_type":"numerosity-estimation","trial_index":133,"time_elapsed":1464327,"subject_id":"78644"},{"rt":8433,"stimulus":22,"slider_start":100,"sprites":"rocks","response":51,"absDeviation":41,"callibration":"test","block":7,"seed":22,"numerosity":92,"matchType":"paired","which":"first","trial_type":"numerosity-estimation","trial_index":134,"time_elapsed":1472764,"subject_id":"78644"},{"rt":6842,"stimulus":22,"slider_start":100,"sprites":"rocks","response":106,"absDeviation":14,"callibration":"test","block":7,"seed":22,"numerosity":92,"matchType":"paired","which":"second","trial_type":"numerosity-estimation","trial_index":135,"time_elapsed":1479611,"subject_id":"78644"},{"rt":7816,"stimulus":23,"slider_start":100,"sprites":"buttons","response":127,"absDeviation":23,"callibration":"test","block":7,"seed":23,"numerosity":150,"matchType":"unpaired","which":"second","trial_type":"numerosity-estimation","trial_index":136,"time_elapsed":1487430,"subject_id":"78644"},{"rt":6696,"stimulus":24,"slider_start":100,"sprites":"animalCrackers","response":98,"absDeviation":9,"callibration":"test","block":7,"seed":24,"numerosity":107,"matchType":"unpaired","which":"second","trial_type":"numerosity-estimation","trial_index":137,"time_elapsed":1494130,"subject_id":"78644"},{"rt":6744,"stimulus":26,"slider_start":100,"sprites":"butterflies","response":89,"absDeviation":3,"callibration":"test","block":7,"seed":26,"numerosity":92,"matchType":"paired","which":"first","trial_type":"numerosity-estimation","trial_index":138,"time_elapsed":1500878,"subject_id":"78644"},{"rt":9105,"stimulus":26,"slider_start":100,"sprites":"butterflies","response":96,"absDeviation":4,"callibration":"test","block":7,"seed":26,"numerosity":92,"matchType":"paired","which":"second","trial_type":"numerosity-estimation","trial_index":139,"time_elapsed":1509987,"subject_id":"78644"},{"rt":6985,"stimulus":27,"slider_start":100,"sprites":"hearts","response":116,"absDeviation":5,"callibration":"test","block":7,"seed":27,"numerosity":121,"matchType":"unpaired","which":"second","trial_type":"numerosity-estimation","trial_index":140,"time_elapsed":1516976,"subject_id":"78644"},{"rt":7311,"stimulus":28,"slider_start":100,"sprites":"crackers","response":136,"absDeviation":14,"callibration":"test","block":7,"seed":28,"numerosity":150,"matchType":"unpaired","which":"second","trial_type":"numerosity-estimation","trial_index":141,"time_elapsed":1524290,"subject_id":"78644"},{"rt":7261,"stimulus":30,"slider_start":100,"sprites":"fruits","response":111,"absDeviation":4,"callibration":"test","block":7,"seed":30,"numerosity":107,"matchType":"paired","which":"first","trial_type":"numerosity-estimation","trial_index":142,"time_elapsed":1531555,"subject_id":"78644"},{"rt":5237,"stimulus":30,"slider_start":100,"sprites":"fruits","response":106,"absDeviation":1,"callibration":"test","block":7,"seed":30,"numerosity":107,"matchType":"paired","which":"second","trial_type":"numerosity-estimation","trial_index":143,"time_elapsed":1536797,"subject_id":"78644"},{"rt":9217,"stimulus":31,"slider_start":100,"sprites":"jellyBeans","response":121,"absDeviation":29,"callibration":"test","block":7,"seed":31,"numerosity":150,"matchType":"unpaired","which":"second","trial_type":"numerosity-estimation","trial_index":144,"time_elapsed":1546019,"subject_id":"78644"},{"rt":6971,"stimulus":32,"slider_start":100,"sprites":"marbles","response":87,"absDeviation":48,"callibration":"test","block":7,"seed":32,"numerosity":135,"matchType":"unpaired","which":"second","trial_type":"numerosity-estimation","trial_index":145,"time_elapsed":1552993,"subject_id":"78644"},{"rt":24661,"stimulus":"<p> For the last block of trials, the average deviation of your guesses from correct answers was 16.</p>\n     <p>The smaller the deviation the better.  Your deviation was <b> VERY good</b>.</p><br>\n       <p>Press any key to continue to the next block of trials</p>","response":" ","trial_type":"html-keyboard-response","trial_index":146,"time_elapsed":1577656,"subject_id":"78644"},{"rt":9461,"stimulus":34,"slider_start":100,"sprites":"rocks","response":73,"absDeviation":23,"callibration":"test","block":8,"seed":34,"numerosity":50,"matchType":"paired","which":"first","trial_type":"numerosity-estimation","trial_index":147,"time_elapsed":1587119,"subject_id":"78644"},{"rt":5836,"stimulus":34,"slider_start":100,"sprites":"rocks","response":67,"absDeviation":17,"callibration":"test","block":8,"seed":34,"numerosity":50,"matchType":"paired","which":"second","trial_type":"numerosity-estimation","trial_index":148,"time_elapsed":1592960,"subject_id":"78644"},{"rt":10912,"stimulus":35,"slider_start":100,"sprites":"buttons","response":85,"absDeviation":7,"callibration":"test","block":8,"seed":35,"numerosity":78,"matchType":"unpaired","which":"second","trial_type":"numerosity-estimation","trial_index":149,"time_elapsed":1603876,"subject_id":"78644"},{"rt":8393,"stimulus":36,"slider_start":100,"sprites":"animalCrackers","response":81,"absDeviation":31,"callibration":"test","block":8,"seed":36,"numerosity":50,"matchType":"unpaired","which":"second","trial_type":"numerosity-estimation","trial_index":150,"time_elapsed":1612275,"subject_id":"78644"},{"rt":7971,"stimulus":38,"slider_start":100,"sprites":"butterflies","response":83,"absDeviation":5,"callibration":"test","block":8,"seed":38,"numerosity":78,"matchType":"paired","which":"first","trial_type":"numerosity-estimation","trial_index":151,"time_elapsed":1620251,"subject_id":"78644"},{"rt":4072,"stimulus":38,"slider_start":100,"sprites":"butterflies","response":84,"absDeviation":6,"callibration":"test","block":8,"seed":38,"numerosity":78,"matchType":"paired","which":"second","trial_type":"numerosity-estimation","trial_index":152,"time_elapsed":1624326,"subject_id":"78644"},{"rt":10585,"stimulus":39,"slider_start":100,"sprites":"hearts","response":78,"absDeviation":0,"callibration":"test","block":8,"seed":39,"numerosity":78,"matchType":"unpaired","which":"second","trial_type":"numerosity-estimation","trial_index":153,"time_elapsed":1634914,"subject_id":"78644"},{"rt":6671,"stimulus":40,"slider_start":100,"sprites":"crackers","response":139,"absDeviation":18,"callibration":"test","block":8,"seed":40,"numerosity":121,"matchType":"unpaired","which":"second","trial_type":"numerosity-estimation","trial_index":154,"time_elapsed":1641588,"subject_id":"78644"},{"rt":7865,"stimulus":42,"slider_start":100,"sprites":"fruits","response":91,"absDeviation":13,"callibration":"test","block":8,"seed":42,"numerosity":78,"matchType":"paired","which":"first","trial_type":"numerosity-estimation","trial_index":155,"time_elapsed":1649457,"subject_id":"78644"},{"rt":4323,"stimulus":42,"slider_start":100,"sprites":"fruits","response":87,"absDeviation":9,"callibration":"test","block":8,"seed":42,"numerosity":78,"matchType":"paired","which":"second","trial_type":"numerosity-estimation","trial_index":156,"time_elapsed":1653783,"subject_id":"78644"},{"rt":8857,"stimulus":43,"slider_start":100,"sprites":"jellyBeans","response":70,"absDeviation":6,"callibration":"test","block":8,"seed":43,"numerosity":64,"matchType":"unpaired","which":"second","trial_type":"numerosity-estimation","trial_index":157,"time_elapsed":1662646,"subject_id":"78644"},{"rt":9221,"stimulus":44,"slider_start":100,"sprites":"marbles","response":94,"absDeviation":27,"callibration":"test","block":8,"seed":44,"numerosity":121,"matchType":"unpaired","which":"second","trial_type":"numerosity-estimation","trial_index":158,"time_elapsed":1671873,"subject_id":"78644"},{"rt":15141,"stimulus":46,"slider_start":100,"sprites":"rocks","response":95,"absDeviation":12,"callibration":"test","block":8,"seed":46,"numerosity":107,"matchType":"paired","which":"first","trial_type":"numerosity-estimation","trial_index":159,"time_elapsed":1687017,"subject_id":"78644"},{"rt":4275,"stimulus":46,"slider_start":100,"sprites":"rocks","response":89,"absDeviation":18,"callibration":"test","block":8,"seed":46,"numerosity":107,"matchType":"paired","which":"second","trial_type":"numerosity-estimation","trial_index":160,"time_elapsed":1691297,"subject_id":"78644"},{"rt":5829,"stimulus":47,"slider_start":100,"sprites":"buttons","response":112,"absDeviation":9,"callibration":"test","block":8,"seed":47,"numerosity":121,"matchType":"unpaired","which":"second","trial_type":"numerosity-estimation","trial_index":161,"time_elapsed":1697129,"subject_id":"78644"},{"rt":6114,"stimulus":48,"slider_start":100,"sprites":"animalCrackers","response":125,"absDeviation":10,"callibration":"test","block":8,"seed":48,"numerosity":135,"matchType":"unpaired","which":"second","trial_type":"numerosity-estimation","trial_index":162,"time_elapsed":1703247,"subject_id":"78644"},{"rt":92161,"stimulus":"<p> For the last block of trials, the average deviation of your guesses from correct answers was 13.</p>\n     <p>The smaller the deviation the better.  Your deviation was <b> AMAZINGLY good</b>.</p><br>\n       <p>Press any key to continue to the next block of trials</p>","response":" ","trial_type":"html-keyboard-response","trial_index":163,"time_elapsed":1795412,"subject_id":"78644"},{"rt":7380,"stimulus":50,"slider_start":100,"sprites":"butterflies","response":103,"absDeviation":47,"callibration":"test","block":9,"seed":50,"numerosity":150,"matchType":"paired","which":"first","trial_type":"numerosity-estimation","trial_index":164,"time_elapsed":1802797,"subject_id":"78644"},{"rt":3658,"stimulus":50,"slider_start":100,"sprites":"butterflies","response":104,"absDeviation":46,"callibration":"test","block":9,"seed":50,"numerosity":150,"matchType":"paired","which":"second","trial_type":"numerosity-estimation","trial_index":165,"time_elapsed":1806459,"subject_id":"78644"},{"rt":6867,"stimulus":51,"slider_start":100,"sprites":"hearts","response":119,"absDeviation":31,"callibration":"test","block":9,"seed":51,"numerosity":150,"matchType":"unpaired","which":"second","trial_type":"numerosity-estimation","trial_index":166,"time_elapsed":1813329,"subject_id":"78644"},{"rt":9274,"stimulus":52,"slider_start":100,"sprites":"crackers","response":91,"absDeviation":13,"callibration":"test","block":9,"seed":52,"numerosity":78,"matchType":"unpaired","which":"second","trial_type":"numerosity-estimation","trial_index":167,"time_elapsed":1822607,"subject_id":"78644"},{"rt":6949,"stimulus":54,"slider_start":100,"sprites":"fruits","response":94,"absDeviation":2,"callibration":"test","block":9,"seed":54,"numerosity":92,"matchType":"paired","which":"first","trial_type":"numerosity-estimation","trial_index":168,"time_elapsed":1829560,"subject_id":"78644"},{"rt":3487,"stimulus":54,"slider_start":100,"sprites":"fruits","response":94,"absDeviation":2,"callibration":"test","block":9,"seed":54,"numerosity":92,"matchType":"paired","which":"second","trial_type":"numerosity-estimation","trial_index":169,"time_elapsed":1833051,"subject_id":"78644"},{"rt":7610,"stimulus":55,"slider_start":100,"sprites":"jellyBeans","response":109,"absDeviation":12,"callibration":"test","block":9,"seed":55,"numerosity":121,"matchType":"unpaired","which":"second","trial_type":"numerosity-estimation","trial_index":170,"time_elapsed":1840662,"subject_id":"78644"},{"rt":3914,"stimulus":56,"slider_start":100,"sprites":"marbles","response":58,"absDeviation":6,"callibration":"test","block":9,"seed":56,"numerosity":64,"matchType":"unpaired","which":"second","trial_type":"numerosity-estimation","trial_index":171,"time_elapsed":1844580,"subject_id":"78644"},{"rt":6100,"stimulus":58,"slider_start":100,"sprites":"rocks","response":123,"absDeviation":2,"callibration":"test","block":9,"seed":58,"numerosity":121,"matchType":"paired","which":"first","trial_type":"numerosity-estimation","trial_index":172,"time_elapsed":1850684,"subject_id":"78644"},{"rt":4659,"stimulus":58,"slider_start":100,"sprites":"rocks","response":123,"absDeviation":2,"callibration":"test","block":9,"seed":58,"numerosity":121,"matchType":"paired","which":"second","trial_type":"numerosity-estimation","trial_index":173,"time_elapsed":1855346,"subject_id":"78644"},{"rt":5576,"stimulus":59,"slider_start":100,"sprites":"buttons","response":130,"absDeviation":5,"callibration":"test","block":9,"seed":59,"numerosity":135,"matchType":"unpaired","which":"second","trial_type":"numerosity-estimation","trial_index":174,"time_elapsed":1860924,"subject_id":"78644"},{"rt":5764,"stimulus":60,"slider_start":100,"sprites":"animalCrackers","response":135,"absDeviation":15,"callibration":"test","block":9,"seed":60,"numerosity":150,"matchType":"unpaired","which":"second","trial_type":"numerosity-estimation","trial_index":175,"time_elapsed":1866691,"subject_id":"78644"},{"rt":3808,"stimulus":62,"slider_start":100,"sprites":"butterflies","response":115,"absDeviation":20,"callibration":"test","block":9,"seed":62,"numerosity":135,"matchType":"paired","which":"first","trial_type":"numerosity-estimation","trial_index":176,"time_elapsed":1870501,"subject_id":"78644"},{"rt":3925,"stimulus":62,"slider_start":100,"sprites":"butterflies","response":116,"absDeviation":19,"callibration":"test","block":9,"seed":62,"numerosity":135,"matchType":"paired","which":"second","trial_type":"numerosity-estimation","trial_index":177,"time_elapsed":1874429,"subject_id":"78644"},{"rt":5340,"stimulus":63,"slider_start":100,"sprites":"hearts","response":63,"absDeviation":1,"callibration":"test","block":9,"seed":63,"numerosity":64,"matchType":"unpaired","which":"second","trial_type":"numerosity-estimation","trial_index":178,"time_elapsed":1879772,"subject_id":"78644"},{"rt":5939,"stimulus":64,"slider_start":100,"sprites":"crackers","response":134,"absDeviation":1,"callibration":"test","block":9,"seed":64,"numerosity":135,"matchType":"unpaired","which":"second","trial_type":"numerosity-estimation","trial_index":179,"time_elapsed":1885713,"subject_id":"78644"},{"rt":9290,"stimulus":"<p> For the last block of trials, the average deviation of your guesses from correct answers was 14.</p>\n     <p>The smaller the deviation the better.  Your deviation was <b> AMAZINGLY good</b>.</p><br>\n       <p>Press any key to continue to the next block of trials</p>","response":" ","trial_type":"html-keyboard-response","trial_index":180,"time_elapsed":1895006,"subject_id":"78644"},{"rt":7230,"stimulus":66,"slider_start":100,"sprites":"fruits","response":78,"absDeviation":14,"callibration":"test","block":10,"seed":66,"numerosity":64,"matchType":"paired","which":"first","trial_type":"numerosity-estimation","trial_index":181,"time_elapsed":1902238,"subject_id":"78644"},{"rt":4470,"stimulus":66,"slider_start":100,"sprites":"fruits","response":75,"absDeviation":11,"callibration":"test","block":10,"seed":66,"numerosity":64,"matchType":"paired","which":"second","trial_type":"numerosity-estimation","trial_index":182,"time_elapsed":1906713,"subject_id":"78644"},{"rt":6030,"stimulus":67,"slider_start":100,"sprites":"jellyBeans","response":96,"absDeviation":11,"callibration":"test","block":10,"seed":67,"numerosity":107,"matchType":"unpaired","which":"second","trial_type":"numerosity-estimation","trial_index":183,"time_elapsed":1912748,"subject_id":"78644"},{"rt":4473,"stimulus":68,"slider_start":100,"sprites":"marbles","response":84,"absDeviation":66,"callibration":"test","block":10,"seed":68,"numerosity":150,"matchType":"unpaired","which":"second","trial_type":"numerosity-estimation","trial_index":184,"time_elapsed":1917224,"subject_id":"78644"},{"rt":3872,"stimulus":70,"slider_start":100,"sprites":"rocks","response":86,"absDeviation":6,"callibration":"test","block":10,"seed":70,"numerosity":92,"matchType":"paired","which":"first","trial_type":"numerosity-estimation","trial_index":185,"time_elapsed":1921099,"subject_id":"78644"},{"rt":4133,"stimulus":70,"slider_start":100,"sprites":"rocks","response":86,"absDeviation":6,"callibration":"test","block":10,"seed":70,"numerosity":92,"matchType":"paired","which":"second","trial_type":"numerosity-estimation","trial_index":186,"time_elapsed":1925234,"subject_id":"78644"},{"rt":6390,"stimulus":71,"slider_start":100,"sprites":"buttons","response":93,"absDeviation":14,"callibration":"test","block":10,"seed":71,"numerosity":107,"matchType":"unpaired","which":"second","trial_type":"numerosity-estimation","trial_index":187,"time_elapsed":1931627,"subject_id":"78644"},{"rt":3803,"stimulus":72,"slider_start":100,"sprites":"animalCrackers","response":54,"absDeviation":4,"callibration":"test","block":10,"seed":72,"numerosity":50,"matchType":"unpaired","which":"second","trial_type":"numerosity-estimation","trial_index":188,"time_elapsed":1935434,"subject_id":"78644"},{"rt":3841,"stimulus":74,"slider_start":100,"sprites":"butterflies","response":57,"absDeviation":7,"callibration":"test","block":10,"seed":74,"numerosity":64,"matchType":"paired","which":"first","trial_type":"numerosity-estimation","trial_index":189,"time_elapsed":1939279,"subject_id":"78644"},{"rt":3262,"stimulus":74,"slider_start":100,"sprites":"butterflies","response":54,"absDeviation":10,"callibration":"test","block":10,"seed":74,"numerosity":64,"matchType":"paired","which":"second","trial_type":"numerosity-estimation","trial_index":190,"time_elapsed":1942546,"subject_id":"78644"},{"rt":5920,"stimulus":75,"slider_start":100,"sprites":"hearts","response":90,"absDeviation":2,"callibration":"test","block":10,"seed":75,"numerosity":92,"matchType":"unpaired","which":"second","trial_type":"numerosity-estimation","trial_index":191,"time_elapsed":1948470,"subject_id":"78644"},{"rt":3570,"stimulus":76,"slider_start":100,"sprites":"crackers","response":86,"absDeviation":22,"callibration":"test","block":10,"seed":76,"numerosity":64,"matchType":"unpaired","which":"second","trial_type":"numerosity-estimation","trial_index":192,"time_elapsed":1952045,"subject_id":"78644"},{"rt":2409,"stimulus":78,"slider_start":100,"sprites":"fruits","response":87,"absDeviation":23,"callibration":"test","block":10,"seed":78,"numerosity":64,"matchType":"paired","which":"first","trial_type":"numerosity-estimation","trial_index":193,"time_elapsed":1954457,"subject_id":"78644"},{"rt":2475,"stimulus":78,"slider_start":100,"sprites":"fruits","response":86,"absDeviation":22,"callibration":"test","block":10,"seed":78,"numerosity":64,"matchType":"paired","which":"second","trial_type":"numerosity-estimation","trial_index":194,"time_elapsed":1956937,"subject_id":"78644"},{"rt":6463,"stimulus":79,"slider_start":100,"sprites":"jellyBeans","response":68,"absDeviation":18,"callibration":"test","block":10,"seed":79,"numerosity":50,"matchType":"unpaired","which":"second","trial_type":"numerosity-estimation","trial_index":195,"time_elapsed":1963405,"subject_id":"78644"},{"rt":4986,"stimulus":80,"slider_start":100,"sprites":"marbles","response":74,"absDeviation":47,"callibration":"test","block":10,"seed":80,"numerosity":121,"matchType":"unpaired","which":"second","trial_type":"numerosity-estimation","trial_index":196,"time_elapsed":1968397,"subject_id":"78644"},{"rt":3727,"stimulus":"<p> For the last block of trials, the average deviation of your guesses from correct answers was 18.</p>\n     <p>The smaller the deviation the better.  Your deviation was <b> VERY good</b>.</p><br>\n       <p>Press any key to continue to the next block of trials</p>","response":" ","trial_type":"html-keyboard-response","trial_index":197,"time_elapsed":1972128,"subject_id":"78644"},{"rt":6617,"stimulus":82,"slider_start":100,"sprites":"rocks","response":65,"absDeviation":1,"callibration":"test","block":11,"seed":82,"numerosity":64,"matchType":"paired","which":"first","trial_type":"numerosity-estimation","trial_index":198,"time_elapsed":1978748,"subject_id":"78644"},{"rt":2975,"stimulus":82,"slider_start":100,"sprites":"rocks","response":55,"absDeviation":9,"callibration":"test","block":11,"seed":82,"numerosity":64,"matchType":"paired","which":"second","trial_type":"numerosity-estimation","trial_index":199,"time_elapsed":1981728,"subject_id":"78644"},{"rt":5313,"stimulus":83,"slider_start":100,"sprites":"buttons","response":117,"absDeviation":4,"callibration":"test","block":11,"seed":83,"numerosity":121,"matchType":"unpaired","which":"second","trial_type":"numerosity-estimation","trial_index":200,"time_elapsed":1987046,"subject_id":"78644"},{"rt":3687,"stimulus":84,"slider_start":100,"sprites":"animalCrackers","response":62,"absDeviation":12,"callibration":"test","block":11,"seed":84,"numerosity":50,"matchType":"unpaired","which":"second","trial_type":"numerosity-estimation","trial_index":201,"time_elapsed":1990736,"subject_id":"78644"},{"rt":7381,"stimulus":86,"slider_start":100,"sprites":"butterflies","response":102,"absDeviation":19,"callibration":"test","block":11,"seed":86,"numerosity":121,"matchType":"paired","which":"first","trial_type":"numerosity-estimation","trial_index":202,"time_elapsed":1998121,"subject_id":"78644"},{"rt":2713,"stimulus":86,"slider_start":100,"sprites":"butterflies","response":95,"absDeviation":26,"callibration":"test","block":11,"seed":86,"numerosity":121,"matchType":"paired","which":"second","trial_type":"numerosity-estimation","trial_index":203,"time_elapsed":2000837,"subject_id":"78644"},{"rt":8108,"stimulus":87,"slider_start":100,"sprites":"hearts","response":68,"absDeviation":18,"callibration":"test","block":11,"seed":87,"numerosity":50,"matchType":"unpaired","which":"second","trial_type":"numerosity-estimation","trial_index":204,"time_elapsed":2008949,"subject_id":"78644"},{"rt":4468,"stimulus":88,"slider_start":100,"sprites":"crackers","response":139,"absDeviation":4,"callibration":"test","block":11,"seed":88,"numerosity":135,"matchType":"unpaired","which":"second","trial_type":"numerosity-estimation","trial_index":205,"time_elapsed":2013426,"subject_id":"78644"},{"rt":7057,"stimulus":90,"slider_start":100,"sprites":"fruits","response":128,"absDeviation":22,"callibration":"test","block":11,"seed":90,"numerosity":150,"matchType":"paired","which":"first","trial_type":"numerosity-estimation","trial_index":206,"time_elapsed":2020487,"subject_id":"78644"},{"rt":3309,"stimulus":90,"slider_start":100,"sprites":"fruits","response":133,"absDeviation":17,"callibration":"test","block":11,"seed":90,"numerosity":150,"matchType":"paired","which":"second","trial_type":"numerosity-estimation","trial_index":207,"time_elapsed":2023798,"subject_id":"78644"},{"rt":6584,"stimulus":91,"slider_start":100,"sprites":"jellyBeans","response":93,"absDeviation":1,"callibration":"test","block":11,"seed":91,"numerosity":92,"matchType":"unpaired","which":"second","trial_type":"numerosity-estimation","trial_index":208,"time_elapsed":2030387,"subject_id":"78644"},{"rt":4550,"stimulus":92,"slider_start":100,"sprites":"marbles","response":72,"absDeviation":49,"callibration":"test","block":11,"seed":92,"numerosity":121,"matchType":"unpaired","which":"second","trial_type":"numerosity-estimation","trial_index":209,"time_elapsed":2034941,"subject_id":"78644"},{"rt":5608,"stimulus":94,"slider_start":100,"sprites":"rocks","response":76,"absDeviation":2,"callibration":"test","block":11,"seed":94,"numerosity":78,"matchType":"paired","which":"first","trial_type":"numerosity-estimation","trial_index":210,"time_elapsed":2040553,"subject_id":"78644"},{"rt":2694,"stimulus":94,"slider_start":100,"sprites":"rocks","response":75,"absDeviation":3,"callibration":"test","block":11,"seed":94,"numerosity":78,"matchType":"paired","which":"second","trial_type":"numerosity-estimation","trial_index":211,"time_elapsed":2043250,"subject_id":"78644"},{"rt":4962,"stimulus":95,"slider_start":100,"sprites":"buttons","response":67,"absDeviation":3,"callibration":"test","block":11,"seed":95,"numerosity":64,"matchType":"unpaired","which":"second","trial_type":"numerosity-estimation","trial_index":212,"time_elapsed":2048214,"subject_id":"78644"},{"rt":6414,"stimulus":96,"slider_start":100,"sprites":"animalCrackers","response":92,"absDeviation":0,"callibration":"test","block":11,"seed":96,"numerosity":92,"matchType":"unpaired","which":"second","trial_type":"numerosity-estimation","trial_index":213,"time_elapsed":2054632,"subject_id":"78644"},{"rt":3475,"stimulus":"<p> For the last block of trials, the average deviation of your guesses from correct answers was 12.</p>\n     <p>The smaller the deviation the better.  Your deviation was <b> AMAZINGLY good</b>.</p><br>\n       <p>Press any key to continue to the next block of trials</p>","response":" ","trial_type":"html-keyboard-response","trial_index":214,"time_elapsed":2058110,"subject_id":"78644"},{"rt":18957,"response":{"averageEstimates":"When the two displays occured back-to-back, in immediate succession.","firstOrSecond":"The second time the objects were shown"},"question_order":[0,1],"trial_type":"survey-multi-choice","trial_index":215,"time_elapsed":2077069,"subject_id":"78644"}]