[{"rt":4420,"url":"consent.html","trial_type":"external-html","trial_index":0,"time_elapsed":4458,"subject_id":"76478"},{"view_history":[{"page_index":0,"viewing_time":3578}],"rt":3579,"trial_type":"instructions","trial_index":1,"time_elapsed":8038,"subject_id":"76478"},{"rt":12534,"stimulus":0,"slider_start":100,"sprites":"animalCrackers","response":50,"absDeviation":0,"callibration":"callibration","block":-1,"seed":0,"numerosity":50,"matchType":"callibration","which":"first","trial_type":"numerosity-estimation","trial_index":2,"time_elapsed":20580,"subject_id":"76478"},{"rt":6866,"stimulus":1,"slider_start":100,"sprites":"letters","response":64,"absDeviation":0,"callibration":"callibration","block":-1,"seed":1,"numerosity":64,"matchType":"callibration","which":"first","trial_type":"numerosity-estimation","trial_index":3,"time_elapsed":27449,"subject_id":"76478"},{"rt":6785,"stimulus":2,"slider_start":100,"sprites":"butterflies","response":78,"absDeviation":0,"callibration":"callibration","block":-1,"seed":2,"numerosity":78,"matchType":"callibration","which":"first","trial_type":"numerosity-estimation","trial_index":4,"time_elapsed":34236,"subject_id":"76478"},{"rt":4831,"stimulus":3,"slider_start":100,"sprites":"hearts","response":92,"absDeviation":0,"callibration":"callibration","block":-1,"seed":3,"numerosity":92,"matchType":"callibration","which":"first","trial_type":"numerosity-estimation","trial_index":5,"time_elapsed":39070,"subject_id":"76478"},{"rt":4133,"stimulus":4,"slider_start":100,"sprites":"crackers","response":107,"absDeviation":0,"callibration":"callibration","block":-1,"seed":4,"numerosity":107,"matchType":"callibration","which":"first","trial_type":"numerosity-estimation","trial_index":6,"time_elapsed":43205,"subject_id":"76478"},{"rt":3556,"stimulus":5,"slider_start":100,"sprites":"bears","response":121,"absDeviation":0,"callibration":"callibration","block":-1,"seed":5,"numerosity":121,"matchType":"callibration","which":"first","trial_type":"numerosity-estimation","trial_index":7,"time_elapsed":46764,"subject_id":"76478"},{"rt":6069,"stimulus":6,"slider_start":100,"sprites":"fruits","response":135,"absDeviation":0,"callibration":"callibration","block":-1,"seed":6,"numerosity":135,"matchType":"callibration","which":"first","trial_type":"numerosity-estimation","trial_index":8,"time_elapsed":52835,"subject_id":"76478"},{"rt":5689,"stimulus":7,"slider_start":100,"sprites":"jellyBeans","response":150,"absDeviation":0,"callibration":"callibration","block":-1,"seed":7,"numerosity":150,"matchType":"callibration","which":"first","trial_type":"numerosity-estimation","trial_index":9,"time_elapsed":58527,"subject_id":"76478"},{"view_history":[{"page_index":0,"viewing_time":9070}],"rt":9070,"trial_type":"instructions","trial_index":10,"time_elapsed":67598,"subject_id":"76478"},{"rt":7015,"stimulus":1,"slider_start":100,"sprites":"letters","response":74,"absDeviation":18,"callibration":"test","block":0,"seed":1,"numerosity":92,"matchType":"paired","which":"first","trial_type":"numerosity-estimation","trial_index":11,"time_elapsed":74616,"subject_id":"76478"},{"rt":4541,"stimulus":1,"slider_start":100,"sprites":"letters","response":82,"absDeviation":10,"callibration":"test","block":0,"seed":1,"numerosity":92,"matchType":"paired","which":"second","trial_type":"numerosity-estimation","trial_index":12,"time_elapsed":79160,"subject_id":"76478"},{"rt":3884,"stimulus":3,"slider_start":100,"sprites":"hearts","response":62,"absDeviation":12,"callibration":"test","block":0,"seed":3,"numerosity":50,"matchType":"unpaired","which":"first","trial_type":"numerosity-estimation","trial_index":13,"time_elapsed":83046,"subject_id":"76478"},{"rt":4424,"stimulus":4,"slider_start":100,"sprites":"crackers","response":105,"absDeviation":2,"callibration":"test","block":0,"seed":4,"numerosity":107,"matchType":"unpaired","which":"first","trial_type":"numerosity-estimation","trial_index":14,"time_elapsed":87472,"subject_id":"76478"},{"rt":5021,"stimulus":5,"slider_start":100,"sprites":"bears","response":65,"absDeviation":15,"callibration":"test","block":0,"seed":5,"numerosity":50,"matchType":"paired","which":"first","trial_type":"numerosity-estimation","trial_index":15,"time_elapsed":92495,"subject_id":"76478"},{"rt":3346,"stimulus":5,"slider_start":100,"sprites":"bears","response":58,"absDeviation":8,"callibration":"test","block":0,"seed":5,"numerosity":50,"matchType":"paired","which":"second","trial_type":"numerosity-estimation","trial_index":16,"time_elapsed":95843,"subject_id":"76478"},{"rt":3380,"stimulus":7,"slider_start":100,"sprites":"jellyBeans","response":72,"absDeviation":22,"callibration":"test","block":0,"seed":7,"numerosity":50,"matchType":"unpaired","which":"first","trial_type":"numerosity-estimation","trial_index":17,"time_elapsed":99225,"subject_id":"76478"},{"rt":3547,"stimulus":8,"slider_start":100,"sprites":"marbles","response":106,"absDeviation":14,"callibration":"test","block":0,"seed":8,"numerosity":92,"matchType":"unpaired","which":"first","trial_type":"numerosity-estimation","trial_index":18,"time_elapsed":102775,"subject_id":"76478"},{"rt":3263,"stimulus":9,"slider_start":100,"sprites":"mints","response":138,"absDeviation":3,"callibration":"test","block":0,"seed":9,"numerosity":135,"matchType":"paired","which":"first","trial_type":"numerosity-estimation","trial_index":19,"time_elapsed":106040,"subject_id":"76478"},{"rt":3066,"stimulus":9,"slider_start":100,"sprites":"mints","response":145,"absDeviation":10,"callibration":"test","block":0,"seed":9,"numerosity":135,"matchType":"paired","which":"second","trial_type":"numerosity-estimation","trial_index":20,"time_elapsed":109108,"subject_id":"76478"},{"rt":3010,"stimulus":11,"slider_start":100,"sprites":"buttons","response":119,"absDeviation":12,"callibration":"test","block":0,"seed":11,"numerosity":107,"matchType":"unpaired","which":"first","trial_type":"numerosity-estimation","trial_index":21,"time_elapsed":112120,"subject_id":"76478"},{"rt":2694,"stimulus":12,"slider_start":100,"sprites":"animalCrackers","response":86,"absDeviation":6,"callibration":"test","block":0,"seed":12,"numerosity":92,"matchType":"unpaired","which":"first","trial_type":"numerosity-estimation","trial_index":22,"time_elapsed":114817,"subject_id":"76478"},{"rt":3028,"stimulus":13,"slider_start":100,"sprites":"letters","response":131,"absDeviation":24,"callibration":"test","block":0,"seed":13,"numerosity":107,"matchType":"paired","which":"first","trial_type":"numerosity-estimation","trial_index":23,"time_elapsed":117847,"subject_id":"76478"},{"rt":2945,"stimulus":13,"slider_start":100,"sprites":"letters","response":130,"absDeviation":23,"callibration":"test","block":0,"seed":13,"numerosity":107,"matchType":"paired","which":"second","trial_type":"numerosity-estimation","trial_index":24,"time_elapsed":120795,"subject_id":"76478"},{"rt":3047,"stimulus":15,"slider_start":100,"sprites":"hearts","response":155,"absDeviation":34,"callibration":"test","block":0,"seed":15,"numerosity":121,"matchType":"unpaired","which":"first","trial_type":"numerosity-estimation","trial_index":25,"time_elapsed":123844,"subject_id":"76478"},{"rt":2785,"stimulus":16,"slider_start":100,"sprites":"crackers","response":87,"absDeviation":23,"callibration":"test","block":0,"seed":16,"numerosity":64,"matchType":"unpaired","which":"first","trial_type":"numerosity-estimation","trial_index":26,"time_elapsed":126631,"subject_id":"76478"},{"rt":10062,"stimulus":"<p> For the last block of trials, the average deviation of your guesses from correct answers was 15.</p>\n     <p>The smaller the deviation the better.  Your deviation was <b> VERY good</b>.</p><br>\n       <p>Press any key to continue to the next block of trials</p>","response":" ","trial_type":"html-keyboard-response","trial_index":27,"time_elapsed":136696,"subject_id":"76478"},{"rt":3007,"stimulus":17,"slider_start":100,"sprites":"bears","response":84,"absDeviation":8,"callibration":"test","block":1,"seed":17,"numerosity":92,"matchType":"paired","which":"first","trial_type":"numerosity-estimation","trial_index":28,"time_elapsed":139706,"subject_id":"76478"},{"rt":3283,"stimulus":17,"slider_start":100,"sprites":"bears","response":94,"absDeviation":2,"callibration":"test","block":1,"seed":17,"numerosity":92,"matchType":"paired","which":"second","trial_type":"numerosity-estimation","trial_index":29,"time_elapsed":142992,"subject_id":"76478"},{"rt":3130,"stimulus":19,"slider_start":100,"sprites":"jellyBeans","response":136,"absDeviation":1,"callibration":"test","block":1,"seed":19,"numerosity":135,"matchType":"unpaired","which":"first","trial_type":"numerosity-estimation","trial_index":30,"time_elapsed":146124,"subject_id":"76478"},{"rt":4065,"stimulus":20,"slider_start":100,"sprites":"marbles","response":67,"absDeviation":11,"callibration":"test","block":1,"seed":20,"numerosity":78,"matchType":"unpaired","which":"first","trial_type":"numerosity-estimation","trial_index":31,"time_elapsed":150191,"subject_id":"76478"},{"rt":2938,"stimulus":21,"slider_start":100,"sprites":"mints","response":121,"absDeviation":29,"callibration":"test","block":1,"seed":21,"numerosity":92,"matchType":"paired","which":"first","trial_type":"numerosity-estimation","trial_index":32,"time_elapsed":153132,"subject_id":"76478"},{"rt":2511,"stimulus":21,"slider_start":100,"sprites":"mints","response":107,"absDeviation":15,"callibration":"test","block":1,"seed":21,"numerosity":92,"matchType":"paired","which":"second","trial_type":"numerosity-estimation","trial_index":33,"time_elapsed":155645,"subject_id":"76478"},{"rt":3328,"stimulus":23,"slider_start":100,"sprites":"buttons","response":157,"absDeviation":7,"callibration":"test","block":1,"seed":23,"numerosity":150,"matchType":"unpaired","which":"first","trial_type":"numerosity-estimation","trial_index":34,"time_elapsed":158975,"subject_id":"76478"},{"rt":3401,"stimulus":24,"slider_start":100,"sprites":"animalCrackers","response":139,"absDeviation":32,"callibration":"test","block":1,"seed":24,"numerosity":107,"matchType":"unpaired","which":"first","trial_type":"numerosity-estimation","trial_index":35,"time_elapsed":162379,"subject_id":"76478"},{"rt":3050,"stimulus":25,"slider_start":100,"sprites":"letters","response":124,"absDeviation":17,"callibration":"test","block":1,"seed":25,"numerosity":107,"matchType":"paired","which":"first","trial_type":"numerosity-estimation","trial_index":36,"time_elapsed":165431,"subject_id":"76478"},{"rt":3167,"stimulus":25,"slider_start":100,"sprites":"letters","response":136,"absDeviation":29,"callibration":"test","block":1,"seed":25,"numerosity":107,"matchType":"paired","which":"second","trial_type":"numerosity-estimation","trial_index":37,"time_elapsed":168601,"subject_id":"76478"},{"rt":2320,"stimulus":27,"slider_start":100,"sprites":"hearts","response":156,"absDeviation":35,"callibration":"test","block":1,"seed":27,"numerosity":121,"matchType":"unpaired","which":"first","trial_type":"numerosity-estimation","trial_index":38,"time_elapsed":170922,"subject_id":"76478"},{"rt":2995,"stimulus":28,"slider_start":100,"sprites":"crackers","response":165,"absDeviation":15,"callibration":"test","block":1,"seed":28,"numerosity":150,"matchType":"unpaired","which":"first","trial_type":"numerosity-estimation","trial_index":39,"time_elapsed":173920,"subject_id":"76478"},{"rt":3653,"stimulus":29,"slider_start":100,"sprites":"bears","response":65,"absDeviation":1,"callibration":"test","block":1,"seed":29,"numerosity":64,"matchType":"paired","which":"first","trial_type":"numerosity-estimation","trial_index":40,"time_elapsed":177575,"subject_id":"76478"},{"rt":3550,"stimulus":29,"slider_start":100,"sprites":"bears","response":62,"absDeviation":2,"callibration":"test","block":1,"seed":29,"numerosity":64,"matchType":"paired","which":"second","trial_type":"numerosity-estimation","trial_index":41,"time_elapsed":181128,"subject_id":"76478"},{"rt":2691,"stimulus":31,"slider_start":100,"sprites":"jellyBeans","response":151,"absDeviation":1,"callibration":"test","block":1,"seed":31,"numerosity":150,"matchType":"unpaired","which":"first","trial_type":"numerosity-estimation","trial_index":42,"time_elapsed":183821,"subject_id":"76478"},{"rt":2668,"stimulus":32,"slider_start":100,"sprites":"marbles","response":132,"absDeviation":3,"callibration":"test","block":1,"seed":32,"numerosity":135,"matchType":"unpaired","which":"first","trial_type":"numerosity-estimation","trial_index":43,"time_elapsed":186491,"subject_id":"76478"},{"rt":4761,"stimulus":"<p> For the last block of trials, the average deviation of your guesses from correct answers was 13.</p>\n     <p>The smaller the deviation the better.  Your deviation was <b> AMAZINGLY good</b>.</p><br>\n       <p>Press any key to continue to the next block of trials</p>","response":" ","trial_type":"html-keyboard-response","trial_index":44,"time_elapsed":191253,"subject_id":"76478"},{"rt":3013,"stimulus":33,"slider_start":100,"sprites":"mints","response":139,"absDeviation":18,"callibration":"test","block":2,"seed":33,"numerosity":121,"matchType":"paired","which":"first","trial_type":"numerosity-estimation","trial_index":45,"time_elapsed":194268,"subject_id":"76478"},{"rt":2358,"stimulus":33,"slider_start":100,"sprites":"mints","response":140,"absDeviation":19,"callibration":"test","block":2,"seed":33,"numerosity":121,"matchType":"paired","which":"second","trial_type":"numerosity-estimation","trial_index":46,"time_elapsed":196629,"subject_id":"76478"},{"rt":5483,"stimulus":35,"slider_start":100,"sprites":"buttons","response":82,"absDeviation":4,"callibration":"test","block":2,"seed":35,"numerosity":78,"matchType":"unpaired","which":"first","trial_type":"numerosity-estimation","trial_index":47,"time_elapsed":202114,"subject_id":"76478"},{"rt":2456,"stimulus":36,"slider_start":100,"sprites":"animalCrackers","response":68,"absDeviation":18,"callibration":"test","block":2,"seed":36,"numerosity":50,"matchType":"unpaired","which":"first","trial_type":"numerosity-estimation","trial_index":48,"time_elapsed":204572,"subject_id":"76478"},{"rt":3188,"stimulus":37,"slider_start":100,"sprites":"letters","response":130,"absDeviation":5,"callibration":"test","block":2,"seed":37,"numerosity":135,"matchType":"paired","which":"first","trial_type":"numerosity-estimation","trial_index":49,"time_elapsed":207762,"subject_id":"76478"},{"rt":3142,"stimulus":37,"slider_start":100,"sprites":"letters","response":132,"absDeviation":3,"callibration":"test","block":2,"seed":37,"numerosity":135,"matchType":"paired","which":"second","trial_type":"numerosity-estimation","trial_index":50,"time_elapsed":210906,"subject_id":"76478"},{"rt":4126,"stimulus":39,"slider_start":100,"sprites":"hearts","response":117,"absDeviation":39,"callibration":"test","block":2,"seed":39,"numerosity":78,"matchType":"unpaired","which":"first","trial_type":"numerosity-estimation","trial_index":51,"time_elapsed":215035,"subject_id":"76478"},{"rt":2789,"stimulus":40,"slider_start":100,"sprites":"crackers","response":155,"absDeviation":34,"callibration":"test","block":2,"seed":40,"numerosity":121,"matchType":"unpaired","which":"first","trial_type":"numerosity-estimation","trial_index":52,"time_elapsed":217826,"subject_id":"76478"},{"rt":4161,"stimulus":41,"slider_start":100,"sprites":"bears","response":50,"absDeviation":0,"callibration":"test","block":2,"seed":41,"numerosity":50,"matchType":"paired","which":"first","trial_type":"numerosity-estimation","trial_index":53,"time_elapsed":221989,"subject_id":"76478"},{"rt":2787,"stimulus":41,"slider_start":100,"sprites":"bears","response":53,"absDeviation":3,"callibration":"test","block":2,"seed":41,"numerosity":50,"matchType":"paired","which":"second","trial_type":"numerosity-estimation","trial_index":54,"time_elapsed":224778,"subject_id":"76478"},{"rt":3169,"stimulus":43,"slider_start":100,"sprites":"jellyBeans","response":78,"absDeviation":14,"callibration":"test","block":2,"seed":43,"numerosity":64,"matchType":"unpaired","which":"first","trial_type":"numerosity-estimation","trial_index":55,"time_elapsed":227949,"subject_id":"76478"},{"rt":3673,"stimulus":44,"slider_start":100,"sprites":"marbles","response":103,"absDeviation":18,"callibration":"test","block":2,"seed":44,"numerosity":121,"matchType":"unpaired","which":"first","trial_type":"numerosity-estimation","trial_index":56,"time_elapsed":231624,"subject_id":"76478"},{"rt":2984,"stimulus":45,"slider_start":100,"sprites":"mints","response":140,"absDeviation":19,"callibration":"test","block":2,"seed":45,"numerosity":121,"matchType":"paired","which":"first","trial_type":"numerosity-estimation","trial_index":57,"time_elapsed":234611,"subject_id":"76478"},{"rt":2339,"stimulus":45,"slider_start":100,"sprites":"mints","response":147,"absDeviation":26,"callibration":"test","block":2,"seed":45,"numerosity":121,"matchType":"paired","which":"second","trial_type":"numerosity-estimation","trial_index":58,"time_elapsed":236953,"subject_id":"76478"},{"rt":2253,"stimulus":47,"slider_start":100,"sprites":"buttons","response":146,"absDeviation":25,"callibration":"test","block":2,"seed":47,"numerosity":121,"matchType":"unpaired","which":"first","trial_type":"numerosity-estimation","trial_index":59,"time_elapsed":239208,"subject_id":"76478"},{"rt":2524,"stimulus":48,"slider_start":100,"sprites":"animalCrackers","response":162,"absDeviation":27,"callibration":"test","block":2,"seed":48,"numerosity":135,"matchType":"unpaired","which":"first","trial_type":"numerosity-estimation","trial_index":60,"time_elapsed":241734,"subject_id":"76478"},{"rt":1500,"stimulus":"<p> For the last block of trials, the average deviation of your guesses from correct answers was 17.</p>\n     <p>The smaller the deviation the better.  Your deviation was <b> VERY good</b>.</p><br>\n       <p>Press any key to continue to the next block of trials</p>","response":" ","trial_type":"html-keyboard-response","trial_index":61,"time_elapsed":243235,"subject_id":"76478"},{"rt":3078,"stimulus":49,"slider_start":100,"sprites":"letters","response":112,"absDeviation":34,"callibration":"test","block":3,"seed":49,"numerosity":78,"matchType":"paired","which":"first","trial_type":"numerosity-estimation","trial_index":62,"time_elapsed":246315,"subject_id":"76478"},{"rt":2419,"stimulus":49,"slider_start":100,"sprites":"letters","response":88,"absDeviation":10,"callibration":"test","block":3,"seed":49,"numerosity":78,"matchType":"paired","which":"second","trial_type":"numerosity-estimation","trial_index":63,"time_elapsed":248736,"subject_id":"76478"},{"rt":2835,"stimulus":51,"slider_start":100,"sprites":"hearts","response":164,"absDeviation":14,"callibration":"test","block":3,"seed":51,"numerosity":150,"matchType":"unpaired","which":"first","trial_type":"numerosity-estimation","trial_index":64,"time_elapsed":251572,"subject_id":"76478"},{"rt":2507,"stimulus":52,"slider_start":100,"sprites":"crackers","response":110,"absDeviation":32,"callibration":"test","block":3,"seed":52,"numerosity":78,"matchType":"unpaired","which":"first","trial_type":"numerosity-estimation","trial_index":65,"time_elapsed":254082,"subject_id":"76478"},{"rt":3014,"stimulus":53,"slider_start":100,"sprites":"bears","response":80,"absDeviation":30,"callibration":"test","block":3,"seed":53,"numerosity":50,"matchType":"paired","which":"first","trial_type":"numerosity-estimation","trial_index":66,"time_elapsed":257097,"subject_id":"76478"},{"rt":2219,"stimulus":53,"slider_start":100,"sprites":"bears","response":60,"absDeviation":10,"callibration":"test","block":3,"seed":53,"numerosity":50,"matchType":"paired","which":"second","trial_type":"numerosity-estimation","trial_index":67,"time_elapsed":259318,"subject_id":"76478"},{"rt":3012,"stimulus":55,"slider_start":100,"sprites":"jellyBeans","response":123,"absDeviation":2,"callibration":"test","block":3,"seed":55,"numerosity":121,"matchType":"unpaired","which":"first","trial_type":"numerosity-estimation","trial_index":68,"time_elapsed":262333,"subject_id":"76478"},{"rt":2935,"stimulus":56,"slider_start":100,"sprites":"marbles","response":61,"absDeviation":3,"callibration":"test","block":3,"seed":56,"numerosity":64,"matchType":"unpaired","which":"first","trial_type":"numerosity-estimation","trial_index":69,"time_elapsed":265270,"subject_id":"76478"},{"rt":2188,"stimulus":57,"slider_start":100,"sprites":"mints","response":91,"absDeviation":27,"callibration":"test","block":3,"seed":57,"numerosity":64,"matchType":"paired","which":"first","trial_type":"numerosity-estimation","trial_index":70,"time_elapsed":267460,"subject_id":"76478"},{"rt":2211,"stimulus":57,"slider_start":100,"sprites":"mints","response":81,"absDeviation":17,"callibration":"test","block":3,"seed":57,"numerosity":64,"matchType":"paired","which":"second","trial_type":"numerosity-estimation","trial_index":71,"time_elapsed":269673,"subject_id":"76478"},{"rt":2858,"stimulus":59,"slider_start":100,"sprites":"buttons","response":134,"absDeviation":1,"callibration":"test","block":3,"seed":59,"numerosity":135,"matchType":"unpaired","which":"first","trial_type":"numerosity-estimation","trial_index":72,"time_elapsed":272533,"subject_id":"76478"},{"rt":3192,"stimulus":60,"slider_start":100,"sprites":"animalCrackers","response":149,"absDeviation":1,"callibration":"test","block":3,"seed":60,"numerosity":150,"matchType":"unpaired","which":"first","trial_type":"numerosity-estimation","trial_index":73,"time_elapsed":275728,"subject_id":"76478"},{"rt":4204,"stimulus":61,"slider_start":100,"sprites":"letters","response":73,"absDeviation":23,"callibration":"test","block":3,"seed":61,"numerosity":50,"matchType":"paired","which":"first","trial_type":"numerosity-estimation","trial_index":74,"time_elapsed":279934,"subject_id":"76478"},{"rt":3157,"stimulus":61,"slider_start":100,"sprites":"letters","response":78,"absDeviation":28,"callibration":"test","block":3,"seed":61,"numerosity":50,"matchType":"paired","which":"second","trial_type":"numerosity-estimation","trial_index":75,"time_elapsed":283093,"subject_id":"76478"},{"rt":3656,"stimulus":63,"slider_start":100,"sprites":"hearts","response":115,"absDeviation":51,"callibration":"test","block":3,"seed":63,"numerosity":64,"matchType":"unpaired","which":"first","trial_type":"numerosity-estimation","trial_index":76,"time_elapsed":286752,"subject_id":"76478"},{"rt":2613,"stimulus":64,"slider_start":100,"sprites":"crackers","response":152,"absDeviation":17,"callibration":"test","block":3,"seed":64,"numerosity":135,"matchType":"unpaired","which":"first","trial_type":"numerosity-estimation","trial_index":77,"time_elapsed":289368,"subject_id":"76478"},{"rt":3299,"stimulus":"<p> For the last block of trials, the average deviation of your guesses from correct answers was 19.</p>\n     <p>The smaller the deviation the better.  Your deviation was <b> VERY good</b>.</p><br>\n       <p>Press any key to continue to the next block of trials</p>","response":" ","trial_type":"html-keyboard-response","trial_index":78,"time_elapsed":292668,"subject_id":"76478"},{"rt":3460,"stimulus":65,"slider_start":100,"sprites":"bears","response":111,"absDeviation":4,"callibration":"test","block":4,"seed":65,"numerosity":107,"matchType":"paired","which":"first","trial_type":"numerosity-estimation","trial_index":79,"time_elapsed":296130,"subject_id":"76478"},{"rt":2039,"stimulus":65,"slider_start":100,"sprites":"bears","response":125,"absDeviation":18,"callibration":"test","block":4,"seed":65,"numerosity":107,"matchType":"paired","which":"second","trial_type":"numerosity-estimation","trial_index":80,"time_elapsed":298172,"subject_id":"76478"},{"rt":2035,"stimulus":67,"slider_start":100,"sprites":"jellyBeans","response":123,"absDeviation":16,"callibration":"test","block":4,"seed":67,"numerosity":107,"matchType":"unpaired","which":"first","trial_type":"numerosity-estimation","trial_index":81,"time_elapsed":300208,"subject_id":"76478"},{"rt":2785,"stimulus":68,"slider_start":100,"sprites":"marbles","response":129,"absDeviation":21,"callibration":"test","block":4,"seed":68,"numerosity":150,"matchType":"unpaired","which":"first","trial_type":"numerosity-estimation","trial_index":82,"time_elapsed":302996,"subject_id":"76478"},{"rt":2434,"stimulus":69,"slider_start":100,"sprites":"mints","response":135,"absDeviation":14,"callibration":"test","block":4,"seed":69,"numerosity":121,"matchType":"paired","which":"first","trial_type":"numerosity-estimation","trial_index":83,"time_elapsed":305432,"subject_id":"76478"},{"rt":2447,"stimulus":69,"slider_start":100,"sprites":"mints","response":132,"absDeviation":11,"callibration":"test","block":4,"seed":69,"numerosity":121,"matchType":"paired","which":"second","trial_type":"numerosity-estimation","trial_index":84,"time_elapsed":307882,"subject_id":"76478"},{"rt":2245,"stimulus":71,"slider_start":100,"sprites":"buttons","response":131,"absDeviation":24,"callibration":"test","block":4,"seed":71,"numerosity":107,"matchType":"unpaired","which":"first","trial_type":"numerosity-estimation","trial_index":85,"time_elapsed":310129,"subject_id":"76478"},{"rt":2550,"stimulus":72,"slider_start":100,"sprites":"animalCrackers","response":75,"absDeviation":25,"callibration":"test","block":4,"seed":72,"numerosity":50,"matchType":"unpaired","which":"first","trial_type":"numerosity-estimation","trial_index":86,"time_elapsed":312681,"subject_id":"76478"},{"rt":3571,"stimulus":73,"slider_start":100,"sprites":"letters","response":117,"absDeviation":39,"callibration":"test","block":4,"seed":73,"numerosity":78,"matchType":"paired","which":"first","trial_type":"numerosity-estimation","trial_index":87,"time_elapsed":316254,"subject_id":"76478"},{"rt":4770,"stimulus":73,"slider_start":100,"sprites":"letters","response":122,"absDeviation":44,"callibration":"test","block":4,"seed":73,"numerosity":78,"matchType":"paired","which":"second","trial_type":"numerosity-estimation","trial_index":88,"time_elapsed":321026,"subject_id":"76478"},{"rt":2332,"stimulus":75,"slider_start":100,"sprites":"hearts","response":110,"absDeviation":18,"callibration":"test","block":4,"seed":75,"numerosity":92,"matchType":"unpaired","which":"first","trial_type":"numerosity-estimation","trial_index":89,"time_elapsed":323360,"subject_id":"76478"},{"rt":3323,"stimulus":76,"slider_start":100,"sprites":"crackers","response":108,"absDeviation":44,"callibration":"test","block":4,"seed":76,"numerosity":64,"matchType":"unpaired","which":"first","trial_type":"numerosity-estimation","trial_index":90,"time_elapsed":326685,"subject_id":"76478"},{"rt":3074,"stimulus":77,"slider_start":100,"sprites":"bears","response":137,"absDeviation":2,"callibration":"test","block":4,"seed":77,"numerosity":135,"matchType":"paired","which":"first","trial_type":"numerosity-estimation","trial_index":91,"time_elapsed":329762,"subject_id":"76478"},{"rt":3102,"stimulus":77,"slider_start":100,"sprites":"bears","response":124,"absDeviation":11,"callibration":"test","block":4,"seed":77,"numerosity":135,"matchType":"paired","which":"second","trial_type":"numerosity-estimation","trial_index":92,"time_elapsed":332866,"subject_id":"76478"},{"rt":3572,"stimulus":79,"slider_start":100,"sprites":"jellyBeans","response":68,"absDeviation":18,"callibration":"test","block":4,"seed":79,"numerosity":50,"matchType":"unpaired","which":"first","trial_type":"numerosity-estimation","trial_index":93,"time_elapsed":336440,"subject_id":"76478"},{"rt":3719,"stimulus":80,"slider_start":100,"sprites":"marbles","response":100,"absDeviation":21,"callibration":"test","block":4,"seed":80,"numerosity":121,"matchType":"unpaired","which":"first","trial_type":"numerosity-estimation","trial_index":94,"time_elapsed":340162,"subject_id":"76478"},{"rt":7027,"stimulus":"<p> For the last block of trials, the average deviation of your guesses from correct answers was 21.</p>\n     <p>The smaller the deviation the better.  Your deviation was <b> VERY good</b>.</p><br>\n       <p>Press any key to continue to the next block of trials</p>","response":" ","trial_type":"html-keyboard-response","trial_index":95,"time_elapsed":347190,"subject_id":"76478"},{"rt":3026,"stimulus":81,"slider_start":100,"sprites":"mints","response":109,"absDeviation":12,"callibration":"test","block":5,"seed":81,"numerosity":121,"matchType":"paired","which":"first","trial_type":"numerosity-estimation","trial_index":96,"time_elapsed":350217,"subject_id":"76478"},{"rt":2799,"stimulus":81,"slider_start":100,"sprites":"mints","response":112,"absDeviation":9,"callibration":"test","block":5,"seed":81,"numerosity":121,"matchType":"paired","which":"second","trial_type":"numerosity-estimation","trial_index":97,"time_elapsed":353019,"subject_id":"76478"},{"rt":2967,"stimulus":83,"slider_start":100,"sprites":"buttons","response":109,"absDeviation":12,"callibration":"test","block":5,"seed":83,"numerosity":121,"matchType":"unpaired","which":"first","trial_type":"numerosity-estimation","trial_index":98,"time_elapsed":355989,"subject_id":"76478"},{"rt":3990,"stimulus":84,"slider_start":100,"sprites":"animalCrackers","response":70,"absDeviation":20,"callibration":"test","block":5,"seed":84,"numerosity":50,"matchType":"unpaired","which":"first","trial_type":"numerosity-estimation","trial_index":99,"time_elapsed":359981,"subject_id":"76478"},{"rt":3621,"stimulus":85,"slider_start":100,"sprites":"letters","response":72,"absDeviation":8,"callibration":"test","block":5,"seed":85,"numerosity":64,"matchType":"paired","which":"first","trial_type":"numerosity-estimation","trial_index":100,"time_elapsed":363605,"subject_id":"76478"},{"rt":5265,"stimulus":85,"slider_start":100,"sprites":"letters","response":75,"absDeviation":11,"callibration":"test","block":5,"seed":85,"numerosity":64,"matchType":"paired","which":"second","trial_type":"numerosity-estimation","trial_index":101,"time_elapsed":368872,"subject_id":"76478"},{"rt":5812,"stimulus":87,"slider_start":100,"sprites":"hearts","response":87,"absDeviation":37,"callibration":"test","block":5,"seed":87,"numerosity":50,"matchType":"unpaired","which":"first","trial_type":"numerosity-estimation","trial_index":102,"time_elapsed":374687,"subject_id":"76478"},{"rt":4339,"stimulus":88,"slider_start":100,"sprites":"crackers","response":123,"absDeviation":12,"callibration":"test","block":5,"seed":88,"numerosity":135,"matchType":"unpaired","which":"first","trial_type":"numerosity-estimation","trial_index":103,"time_elapsed":379028,"subject_id":"76478"},{"rt":3868,"stimulus":89,"slider_start":100,"sprites":"bears","response":68,"absDeviation":18,"callibration":"test","block":5,"seed":89,"numerosity":50,"matchType":"paired","which":"first","trial_type":"numerosity-estimation","trial_index":104,"time_elapsed":382899,"subject_id":"76478"},{"rt":2623,"stimulus":89,"slider_start":100,"sprites":"bears","response":61,"absDeviation":11,"callibration":"test","block":5,"seed":89,"numerosity":50,"matchType":"paired","which":"second","trial_type":"numerosity-estimation","trial_index":105,"time_elapsed":385524,"subject_id":"76478"},{"rt":5487,"stimulus":91,"slider_start":100,"sprites":"jellyBeans","response":89,"absDeviation":3,"callibration":"test","block":5,"seed":91,"numerosity":92,"matchType":"unpaired","which":"first","trial_type":"numerosity-estimation","trial_index":106,"time_elapsed":391014,"subject_id":"76478"},{"rt":4320,"stimulus":92,"slider_start":100,"sprites":"marbles","response":106,"absDeviation":15,"callibration":"test","block":5,"seed":92,"numerosity":121,"matchType":"unpaired","which":"first","trial_type":"numerosity-estimation","trial_index":107,"time_elapsed":395336,"subject_id":"76478"},{"rt":3969,"stimulus":93,"slider_start":100,"sprites":"mints","response":86,"absDeviation":8,"callibration":"test","block":5,"seed":93,"numerosity":78,"matchType":"paired","which":"first","trial_type":"numerosity-estimation","trial_index":108,"time_elapsed":399308,"subject_id":"76478"},{"rt":2647,"stimulus":93,"slider_start":100,"sprites":"mints","response":87,"absDeviation":9,"callibration":"test","block":5,"seed":93,"numerosity":78,"matchType":"paired","which":"second","trial_type":"numerosity-estimation","trial_index":109,"time_elapsed":401957,"subject_id":"76478"},{"rt":3356,"stimulus":95,"slider_start":100,"sprites":"buttons","response":89,"absDeviation":25,"callibration":"test","block":5,"seed":95,"numerosity":64,"matchType":"unpaired","which":"first","trial_type":"numerosity-estimation","trial_index":110,"time_elapsed":405315,"subject_id":"76478"},{"rt":3534,"stimulus":96,"slider_start":100,"sprites":"animalCrackers","response":113,"absDeviation":21,"callibration":"test","block":5,"seed":96,"numerosity":92,"matchType":"unpaired","which":"first","trial_type":"numerosity-estimation","trial_index":111,"time_elapsed":408852,"subject_id":"76478"},{"rt":2149,"stimulus":"<p> For the last block of trials, the average deviation of your guesses from correct answers was 14.</p>\n     <p>The smaller the deviation the better.  Your deviation was <b> AMAZINGLY good</b>.</p><br>\n       <p>Press any key to continue to the next block of trials</p>","response":" ","trial_type":"html-keyboard-response","trial_index":112,"time_elapsed":411002,"subject_id":"76478"},{"rt":3919,"stimulus":2,"slider_start":100,"sprites":"butterflies","response":89,"absDeviation":46,"callibration":"test","block":6,"seed":2,"numerosity":135,"matchType":"paired","which":"first","trial_type":"numerosity-estimation","trial_index":113,"time_elapsed":414923,"subject_id":"76478"},{"rt":2396,"stimulus":2,"slider_start":100,"sprites":"butterflies","response":92,"absDeviation":43,"callibration":"test","block":6,"seed":2,"numerosity":135,"matchType":"paired","which":"second","trial_type":"numerosity-estimation","trial_index":114,"time_elapsed":417321,"subject_id":"76478"},{"rt":2684,"stimulus":3,"slider_start":100,"sprites":"hearts","response":57,"absDeviation":7,"callibration":"test","block":6,"seed":3,"numerosity":50,"matchType":"unpaired","which":"second","trial_type":"numerosity-estimation","trial_index":115,"time_elapsed":420008,"subject_id":"76478"},{"rt":3821,"stimulus":4,"slider_start":100,"sprites":"crackers","response":111,"absDeviation":4,"callibration":"test","block":6,"seed":4,"numerosity":107,"matchType":"unpaired","which":"second","trial_type":"numerosity-estimation","trial_index":116,"time_elapsed":423831,"subject_id":"76478"},{"rt":3976,"stimulus":6,"slider_start":100,"sprites":"fruits","response":85,"absDeviation":7,"callibration":"test","block":6,"seed":6,"numerosity":78,"matchType":"paired","which":"first","trial_type":"numerosity-estimation","trial_index":117,"time_elapsed":427808,"subject_id":"76478"},{"rt":2392,"stimulus":6,"slider_start":100,"sprites":"fruits","response":88,"absDeviation":10,"callibration":"test","block":6,"seed":6,"numerosity":78,"matchType":"paired","which":"second","trial_type":"numerosity-estimation","trial_index":118,"time_elapsed":430203,"subject_id":"76478"},{"rt":2947,"stimulus":7,"slider_start":100,"sprites":"jellyBeans","response":63,"absDeviation":13,"callibration":"test","block":6,"seed":7,"numerosity":50,"matchType":"unpaired","which":"second","trial_type":"numerosity-estimation","trial_index":119,"time_elapsed":433152,"subject_id":"76478"},{"rt":3458,"stimulus":8,"slider_start":100,"sprites":"marbles","response":118,"absDeviation":26,"callibration":"test","block":6,"seed":8,"numerosity":92,"matchType":"unpaired","which":"second","trial_type":"numerosity-estimation","trial_index":120,"time_elapsed":436612,"subject_id":"76478"},{"rt":2635,"stimulus":10,"slider_start":100,"sprites":"rocks","response":60,"absDeviation":10,"callibration":"test","block":6,"seed":10,"numerosity":50,"matchType":"paired","which":"first","trial_type":"numerosity-estimation","trial_index":121,"time_elapsed":439249,"subject_id":"76478"},{"rt":2805,"stimulus":10,"slider_start":100,"sprites":"rocks","response":58,"absDeviation":8,"callibration":"test","block":6,"seed":10,"numerosity":50,"matchType":"paired","which":"second","trial_type":"numerosity-estimation","trial_index":122,"time_elapsed":442056,"subject_id":"76478"},{"rt":2647,"stimulus":11,"slider_start":100,"sprites":"buttons","response":131,"absDeviation":24,"callibration":"test","block":6,"seed":11,"numerosity":107,"matchType":"unpaired","which":"second","trial_type":"numerosity-estimation","trial_index":123,"time_elapsed":444705,"subject_id":"76478"},{"rt":2870,"stimulus":12,"slider_start":100,"sprites":"animalCrackers","response":128,"absDeviation":36,"callibration":"test","block":6,"seed":12,"numerosity":92,"matchType":"unpaired","which":"second","trial_type":"numerosity-estimation","trial_index":124,"time_elapsed":447577,"subject_id":"76478"},{"rt":3280,"stimulus":14,"slider_start":100,"sprites":"butterflies","response":122,"absDeviation":28,"callibration":"test","block":6,"seed":14,"numerosity":150,"matchType":"paired","which":"first","trial_type":"numerosity-estimation","trial_index":125,"time_elapsed":450859,"subject_id":"76478"},{"rt":2130,"stimulus":14,"slider_start":100,"sprites":"butterflies","response":118,"absDeviation":32,"callibration":"test","block":6,"seed":14,"numerosity":150,"matchType":"paired","which":"second","trial_type":"numerosity-estimation","trial_index":126,"time_elapsed":452992,"subject_id":"76478"},{"rt":2145,"stimulus":15,"slider_start":100,"sprites":"hearts","response":123,"absDeviation":2,"callibration":"test","block":6,"seed":15,"numerosity":121,"matchType":"unpaired","which":"second","trial_type":"numerosity-estimation","trial_index":127,"time_elapsed":455139,"subject_id":"76478"},{"rt":3511,"stimulus":16,"slider_start":100,"sprites":"crackers","response":81,"absDeviation":17,"callibration":"test","block":6,"seed":16,"numerosity":64,"matchType":"unpaired","which":"second","trial_type":"numerosity-estimation","trial_index":128,"time_elapsed":458653,"subject_id":"76478"},{"rt":4574,"stimulus":"<p> For the last block of trials, the average deviation of your guesses from correct answers was 20.</p>\n     <p>The smaller the deviation the better.  Your deviation was <b> VERY good</b>.</p><br>\n       <p>Press any key to continue to the next block of trials</p>","response":" ","trial_type":"html-keyboard-response","trial_index":129,"time_elapsed":463228,"subject_id":"76478"},{"rt":2821,"stimulus":18,"slider_start":100,"sprites":"fruits","response":83,"absDeviation":24,"callibration":"test","block":7,"seed":18,"numerosity":107,"matchType":"paired","which":"first","trial_type":"numerosity-estimation","trial_index":130,"time_elapsed":466052,"subject_id":"76478"},{"rt":2359,"stimulus":18,"slider_start":100,"sprites":"fruits","response":114,"absDeviation":7,"callibration":"test","block":7,"seed":18,"numerosity":107,"matchType":"paired","which":"second","trial_type":"numerosity-estimation","trial_index":131,"time_elapsed":468413,"subject_id":"76478"},{"rt":3152,"stimulus":19,"slider_start":100,"sprites":"jellyBeans","response":122,"absDeviation":13,"callibration":"test","block":7,"seed":19,"numerosity":135,"matchType":"unpaired","which":"second","trial_type":"numerosity-estimation","trial_index":132,"time_elapsed":471567,"subject_id":"76478"},{"rt":3593,"stimulus":20,"slider_start":100,"sprites":"marbles","response":56,"absDeviation":22,"callibration":"test","block":7,"seed":20,"numerosity":78,"matchType":"unpaired","which":"second","trial_type":"numerosity-estimation","trial_index":133,"time_elapsed":475162,"subject_id":"76478"},{"rt":3145,"stimulus":22,"slider_start":100,"sprites":"rocks","response":91,"absDeviation":1,"callibration":"test","block":7,"seed":22,"numerosity":92,"matchType":"paired","which":"first","trial_type":"numerosity-estimation","trial_index":134,"time_elapsed":478309,"subject_id":"76478"},{"rt":3265,"stimulus":22,"slider_start":100,"sprites":"rocks","response":119,"absDeviation":27,"callibration":"test","block":7,"seed":22,"numerosity":92,"matchType":"paired","which":"second","trial_type":"numerosity-estimation","trial_index":135,"time_elapsed":481576,"subject_id":"76478"},{"rt":2621,"stimulus":23,"slider_start":100,"sprites":"buttons","response":134,"absDeviation":16,"callibration":"test","block":7,"seed":23,"numerosity":150,"matchType":"unpaired","which":"second","trial_type":"numerosity-estimation","trial_index":136,"time_elapsed":484200,"subject_id":"76478"},{"rt":2611,"stimulus":24,"slider_start":100,"sprites":"animalCrackers","response":120,"absDeviation":13,"callibration":"test","block":7,"seed":24,"numerosity":107,"matchType":"unpaired","which":"second","trial_type":"numerosity-estimation","trial_index":137,"time_elapsed":486813,"subject_id":"76478"},{"rt":2417,"stimulus":26,"slider_start":100,"sprites":"butterflies","response":77,"absDeviation":15,"callibration":"test","block":7,"seed":26,"numerosity":92,"matchType":"paired","which":"first","trial_type":"numerosity-estimation","trial_index":138,"time_elapsed":489232,"subject_id":"76478"},{"rt":4022,"stimulus":26,"slider_start":100,"sprites":"butterflies","response":81,"absDeviation":11,"callibration":"test","block":7,"seed":26,"numerosity":92,"matchType":"paired","which":"second","trial_type":"numerosity-estimation","trial_index":139,"time_elapsed":493256,"subject_id":"76478"},{"rt":2058,"stimulus":27,"slider_start":100,"sprites":"hearts","response":127,"absDeviation":6,"callibration":"test","block":7,"seed":27,"numerosity":121,"matchType":"unpaired","which":"second","trial_type":"numerosity-estimation","trial_index":140,"time_elapsed":495316,"subject_id":"76478"},{"rt":3557,"stimulus":28,"slider_start":100,"sprites":"crackers","response":155,"absDeviation":5,"callibration":"test","block":7,"seed":28,"numerosity":150,"matchType":"unpaired","which":"second","trial_type":"numerosity-estimation","trial_index":141,"time_elapsed":498875,"subject_id":"76478"},{"rt":2545,"stimulus":30,"slider_start":100,"sprites":"fruits","response":122,"absDeviation":15,"callibration":"test","block":7,"seed":30,"numerosity":107,"matchType":"paired","which":"first","trial_type":"numerosity-estimation","trial_index":142,"time_elapsed":501423,"subject_id":"76478"},{"rt":2432,"stimulus":30,"slider_start":100,"sprites":"fruits","response":124,"absDeviation":17,"callibration":"test","block":7,"seed":30,"numerosity":107,"matchType":"paired","which":"second","trial_type":"numerosity-estimation","trial_index":143,"time_elapsed":503857,"subject_id":"76478"},{"rt":2388,"stimulus":31,"slider_start":100,"sprites":"jellyBeans","response":151,"absDeviation":1,"callibration":"test","block":7,"seed":31,"numerosity":150,"matchType":"unpaired","which":"second","trial_type":"numerosity-estimation","trial_index":144,"time_elapsed":506247,"subject_id":"76478"},{"rt":2942,"stimulus":32,"slider_start":100,"sprites":"marbles","response":129,"absDeviation":6,"callibration":"test","block":7,"seed":32,"numerosity":135,"matchType":"unpaired","which":"second","trial_type":"numerosity-estimation","trial_index":145,"time_elapsed":509191,"subject_id":"76478"},{"rt":1634,"stimulus":"<p> For the last block of trials, the average deviation of your guesses from correct answers was 12.</p>\n     <p>The smaller the deviation the better.  Your deviation was <b> AMAZINGLY good</b>.</p><br>\n       <p>Press any key to continue to the next block of trials</p>","response":" ","trial_type":"html-keyboard-response","trial_index":146,"time_elapsed":510826,"subject_id":"76478"},{"rt":4573,"stimulus":34,"slider_start":100,"sprites":"rocks","response":75,"absDeviation":25,"callibration":"test","block":8,"seed":34,"numerosity":50,"matchType":"paired","which":"first","trial_type":"numerosity-estimation","trial_index":147,"time_elapsed":515401,"subject_id":"76478"},{"rt":4620,"stimulus":34,"slider_start":100,"sprites":"rocks","response":81,"absDeviation":31,"callibration":"test","block":8,"seed":34,"numerosity":50,"matchType":"paired","which":"second","trial_type":"numerosity-estimation","trial_index":148,"time_elapsed":520023,"subject_id":"76478"},{"rt":3439,"stimulus":35,"slider_start":100,"sprites":"buttons","response":91,"absDeviation":13,"callibration":"test","block":8,"seed":35,"numerosity":78,"matchType":"unpaired","which":"second","trial_type":"numerosity-estimation","trial_index":149,"time_elapsed":523464,"subject_id":"76478"},{"rt":2508,"stimulus":36,"slider_start":100,"sprites":"animalCrackers","response":66,"absDeviation":16,"callibration":"test","block":8,"seed":36,"numerosity":50,"matchType":"unpaired","which":"second","trial_type":"numerosity-estimation","trial_index":150,"time_elapsed":525974,"subject_id":"76478"},{"rt":3648,"stimulus":38,"slider_start":100,"sprites":"butterflies","response":64,"absDeviation":14,"callibration":"test","block":8,"seed":38,"numerosity":78,"matchType":"paired","which":"first","trial_type":"numerosity-estimation","trial_index":151,"time_elapsed":529624,"subject_id":"76478"},{"rt":2212,"stimulus":38,"slider_start":100,"sprites":"butterflies","response":56,"absDeviation":22,"callibration":"test","block":8,"seed":38,"numerosity":78,"matchType":"paired","which":"second","trial_type":"numerosity-estimation","trial_index":152,"time_elapsed":531839,"subject_id":"76478"},{"rt":2562,"stimulus":39,"slider_start":100,"sprites":"hearts","response":115,"absDeviation":37,"callibration":"test","block":8,"seed":39,"numerosity":78,"matchType":"unpaired","which":"second","trial_type":"numerosity-estimation","trial_index":153,"time_elapsed":534404,"subject_id":"76478"},{"rt":2292,"stimulus":40,"slider_start":100,"sprites":"crackers","response":154,"absDeviation":33,"callibration":"test","block":8,"seed":40,"numerosity":121,"matchType":"unpaired","which":"second","trial_type":"numerosity-estimation","trial_index":154,"time_elapsed":536698,"subject_id":"76478"},{"rt":3366,"stimulus":42,"slider_start":100,"sprites":"fruits","response":119,"absDeviation":41,"callibration":"test","block":8,"seed":42,"numerosity":78,"matchType":"paired","which":"first","trial_type":"numerosity-estimation","trial_index":155,"time_elapsed":540066,"subject_id":"76478"},{"rt":2490,"stimulus":42,"slider_start":100,"sprites":"fruits","response":129,"absDeviation":51,"callibration":"test","block":8,"seed":42,"numerosity":78,"matchType":"paired","which":"second","trial_type":"numerosity-estimation","trial_index":156,"time_elapsed":542558,"subject_id":"76478"},{"rt":3823,"stimulus":43,"slider_start":100,"sprites":"jellyBeans","response":88,"absDeviation":24,"callibration":"test","block":8,"seed":43,"numerosity":64,"matchType":"unpaired","which":"second","trial_type":"numerosity-estimation","trial_index":157,"time_elapsed":546383,"subject_id":"76478"},{"rt":2585,"stimulus":44,"slider_start":100,"sprites":"marbles","response":127,"absDeviation":6,"callibration":"test","block":8,"seed":44,"numerosity":121,"matchType":"unpaired","which":"second","trial_type":"numerosity-estimation","trial_index":158,"time_elapsed":548970,"subject_id":"76478"},{"rt":2201,"stimulus":46,"slider_start":100,"sprites":"rocks","response":140,"absDeviation":33,"callibration":"test","block":8,"seed":46,"numerosity":107,"matchType":"paired","which":"first","trial_type":"numerosity-estimation","trial_index":159,"time_elapsed":551173,"subject_id":"76478"},{"rt":2799,"stimulus":46,"slider_start":100,"sprites":"rocks","response":154,"absDeviation":47,"callibration":"test","block":8,"seed":46,"numerosity":107,"matchType":"paired","which":"second","trial_type":"numerosity-estimation","trial_index":160,"time_elapsed":553974,"subject_id":"76478"},{"rt":3101,"stimulus":47,"slider_start":100,"sprites":"buttons","response":143,"absDeviation":22,"callibration":"test","block":8,"seed":47,"numerosity":121,"matchType":"unpaired","which":"second","trial_type":"numerosity-estimation","trial_index":161,"time_elapsed":557077,"subject_id":"76478"},{"rt":2276,"stimulus":48,"slider_start":100,"sprites":"animalCrackers","response":159,"absDeviation":24,"callibration":"test","block":8,"seed":48,"numerosity":135,"matchType":"unpaired","which":"second","trial_type":"numerosity-estimation","trial_index":162,"time_elapsed":559355,"subject_id":"76478"},{"rt":2909,"stimulus":"<p> For the last block of trials, the average deviation of your guesses from correct answers was 27.</p>\n     <p>The smaller the deviation the better.  Your deviation was <b> good</b>.</p><br>\n       <p>Press any key to continue to the next block of trials</p>","response":" ","trial_type":"html-keyboard-response","trial_index":163,"time_elapsed":562265,"subject_id":"76478"},{"rt":4452,"stimulus":50,"slider_start":100,"sprites":"butterflies","response":120,"absDeviation":30,"callibration":"test","block":9,"seed":50,"numerosity":150,"matchType":"paired","which":"first","trial_type":"numerosity-estimation","trial_index":164,"time_elapsed":566720,"subject_id":"76478"},{"rt":2232,"stimulus":50,"slider_start":100,"sprites":"butterflies","response":116,"absDeviation":34,"callibration":"test","block":9,"seed":50,"numerosity":150,"matchType":"paired","which":"second","trial_type":"numerosity-estimation","trial_index":165,"time_elapsed":568954,"subject_id":"76478"},{"rt":2872,"stimulus":51,"slider_start":100,"sprites":"hearts","response":129,"absDeviation":21,"callibration":"test","block":9,"seed":51,"numerosity":150,"matchType":"unpaired","which":"second","trial_type":"numerosity-estimation","trial_index":166,"time_elapsed":571829,"subject_id":"76478"},{"rt":2323,"stimulus":52,"slider_start":100,"sprites":"crackers","response":78,"absDeviation":0,"callibration":"test","block":9,"seed":52,"numerosity":78,"matchType":"unpaired","which":"second","trial_type":"numerosity-estimation","trial_index":167,"time_elapsed":574154,"subject_id":"76478"},{"rt":3783,"stimulus":54,"slider_start":100,"sprites":"fruits","response":113,"absDeviation":21,"callibration":"test","block":9,"seed":54,"numerosity":92,"matchType":"paired","which":"first","trial_type":"numerosity-estimation","trial_index":168,"time_elapsed":577940,"subject_id":"76478"},{"rt":2091,"stimulus":54,"slider_start":100,"sprites":"fruits","response":115,"absDeviation":23,"callibration":"test","block":9,"seed":54,"numerosity":92,"matchType":"paired","which":"second","trial_type":"numerosity-estimation","trial_index":169,"time_elapsed":580033,"subject_id":"76478"},{"rt":3279,"stimulus":55,"slider_start":100,"sprites":"jellyBeans","response":139,"absDeviation":18,"callibration":"test","block":9,"seed":55,"numerosity":121,"matchType":"unpaired","which":"second","trial_type":"numerosity-estimation","trial_index":170,"time_elapsed":583314,"subject_id":"76478"},{"rt":2958,"stimulus":56,"slider_start":100,"sprites":"marbles","response":60,"absDeviation":4,"callibration":"test","block":9,"seed":56,"numerosity":64,"matchType":"unpaired","which":"second","trial_type":"numerosity-estimation","trial_index":171,"time_elapsed":586273,"subject_id":"76478"},{"rt":2324,"stimulus":58,"slider_start":100,"sprites":"rocks","response":149,"absDeviation":28,"callibration":"test","block":9,"seed":58,"numerosity":121,"matchType":"paired","which":"first","trial_type":"numerosity-estimation","trial_index":172,"time_elapsed":588599,"subject_id":"76478"},{"rt":2798,"stimulus":58,"slider_start":100,"sprites":"rocks","response":142,"absDeviation":21,"callibration":"test","block":9,"seed":58,"numerosity":121,"matchType":"paired","which":"second","trial_type":"numerosity-estimation","trial_index":173,"time_elapsed":591399,"subject_id":"76478"},{"rt":2972,"stimulus":59,"slider_start":100,"sprites":"buttons","response":143,"absDeviation":8,"callibration":"test","block":9,"seed":59,"numerosity":135,"matchType":"unpaired","which":"second","trial_type":"numerosity-estimation","trial_index":174,"time_elapsed":594373,"subject_id":"76478"},{"rt":3589,"stimulus":60,"slider_start":100,"sprites":"animalCrackers","response":157,"absDeviation":7,"callibration":"test","block":9,"seed":60,"numerosity":150,"matchType":"unpaired","which":"second","trial_type":"numerosity-estimation","trial_index":175,"time_elapsed":597964,"subject_id":"76478"},{"rt":2772,"stimulus":62,"slider_start":100,"sprites":"butterflies","response":82,"absDeviation":53,"callibration":"test","block":9,"seed":62,"numerosity":135,"matchType":"paired","which":"first","trial_type":"numerosity-estimation","trial_index":176,"time_elapsed":600739,"subject_id":"76478"},{"rt":2251,"stimulus":62,"slider_start":100,"sprites":"butterflies","response":81,"absDeviation":54,"callibration":"test","block":9,"seed":62,"numerosity":135,"matchType":"paired","which":"second","trial_type":"numerosity-estimation","trial_index":177,"time_elapsed":602993,"subject_id":"76478"},{"rt":2291,"stimulus":63,"slider_start":100,"sprites":"hearts","response":63,"absDeviation":1,"callibration":"test","block":9,"seed":63,"numerosity":64,"matchType":"unpaired","which":"second","trial_type":"numerosity-estimation","trial_index":178,"time_elapsed":605286,"subject_id":"76478"},{"rt":2761,"stimulus":64,"slider_start":100,"sprites":"crackers","response":147,"absDeviation":12,"callibration":"test","block":9,"seed":64,"numerosity":135,"matchType":"unpaired","which":"second","trial_type":"numerosity-estimation","trial_index":179,"time_elapsed":608050,"subject_id":"76478"},{"rt":1431,"stimulus":"<p> For the last block of trials, the average deviation of your guesses from correct answers was 21.</p>\n     <p>The smaller the deviation the better.  Your deviation was <b> VERY good</b>.</p><br>\n       <p>Press any key to continue to the next block of trials</p>","response":" ","trial_type":"html-keyboard-response","trial_index":180,"time_elapsed":609482,"subject_id":"76478"},{"rt":3611,"stimulus":66,"slider_start":100,"sprites":"fruits","response":91,"absDeviation":27,"callibration":"test","block":10,"seed":66,"numerosity":64,"matchType":"paired","which":"first","trial_type":"numerosity-estimation","trial_index":181,"time_elapsed":613095,"subject_id":"76478"},{"rt":2212,"stimulus":66,"slider_start":100,"sprites":"fruits","response":87,"absDeviation":23,"callibration":"test","block":10,"seed":66,"numerosity":64,"matchType":"paired","which":"second","trial_type":"numerosity-estimation","trial_index":182,"time_elapsed":615309,"subject_id":"76478"},{"rt":2715,"stimulus":67,"slider_start":100,"sprites":"jellyBeans","response":108,"absDeviation":1,"callibration":"test","block":10,"seed":67,"numerosity":107,"matchType":"unpaired","which":"second","trial_type":"numerosity-estimation","trial_index":183,"time_elapsed":618027,"subject_id":"76478"},{"rt":2855,"stimulus":68,"slider_start":100,"sprites":"marbles","response":109,"absDeviation":41,"callibration":"test","block":10,"seed":68,"numerosity":150,"matchType":"unpaired","which":"second","trial_type":"numerosity-estimation","trial_index":184,"time_elapsed":620884,"subject_id":"76478"},{"rt":3708,"stimulus":70,"slider_start":100,"sprites":"rocks","response":107,"absDeviation":15,"callibration":"test","block":10,"seed":70,"numerosity":92,"matchType":"paired","which":"first","trial_type":"numerosity-estimation","trial_index":185,"time_elapsed":624594,"subject_id":"76478"},{"rt":2917,"stimulus":70,"slider_start":100,"sprites":"rocks","response":110,"absDeviation":18,"callibration":"test","block":10,"seed":70,"numerosity":92,"matchType":"paired","which":"second","trial_type":"numerosity-estimation","trial_index":186,"time_elapsed":627513,"subject_id":"76478"},{"rt":2599,"stimulus":71,"slider_start":100,"sprites":"buttons","response":119,"absDeviation":12,"callibration":"test","block":10,"seed":71,"numerosity":107,"matchType":"unpaired","which":"second","trial_type":"numerosity-estimation","trial_index":187,"time_elapsed":630113,"subject_id":"76478"},{"rt":2211,"stimulus":72,"slider_start":100,"sprites":"animalCrackers","response":68,"absDeviation":18,"callibration":"test","block":10,"seed":72,"numerosity":50,"matchType":"unpaired","which":"second","trial_type":"numerosity-estimation","trial_index":188,"time_elapsed":632327,"subject_id":"76478"},{"rt":3176,"stimulus":74,"slider_start":100,"sprites":"butterflies","response":50,"absDeviation":14,"callibration":"test","block":10,"seed":74,"numerosity":64,"matchType":"paired","which":"first","trial_type":"numerosity-estimation","trial_index":189,"time_elapsed":635505,"subject_id":"76478"},{"rt":2728,"stimulus":74,"slider_start":100,"sprites":"butterflies","response":65,"absDeviation":1,"callibration":"test","block":10,"seed":74,"numerosity":64,"matchType":"paired","which":"second","trial_type":"numerosity-estimation","trial_index":190,"time_elapsed":638236,"subject_id":"76478"},{"rt":3227,"stimulus":75,"slider_start":100,"sprites":"hearts","response":123,"absDeviation":31,"callibration":"test","block":10,"seed":75,"numerosity":92,"matchType":"unpaired","which":"second","trial_type":"numerosity-estimation","trial_index":191,"time_elapsed":641465,"subject_id":"76478"},{"rt":2300,"stimulus":76,"slider_start":100,"sprites":"crackers","response":63,"absDeviation":1,"callibration":"test","block":10,"seed":76,"numerosity":64,"matchType":"unpaired","which":"second","trial_type":"numerosity-estimation","trial_index":192,"time_elapsed":643767,"subject_id":"76478"},{"rt":4312,"stimulus":78,"slider_start":100,"sprites":"fruits","response":87,"absDeviation":23,"callibration":"test","block":10,"seed":78,"numerosity":64,"matchType":"paired","which":"first","trial_type":"numerosity-estimation","trial_index":193,"time_elapsed":648082,"subject_id":"76478"},{"rt":2301,"stimulus":78,"slider_start":100,"sprites":"fruits","response":87,"absDeviation":23,"callibration":"test","block":10,"seed":78,"numerosity":64,"matchType":"paired","which":"second","trial_type":"numerosity-estimation","trial_index":194,"time_elapsed":650385,"subject_id":"76478"},{"rt":3634,"stimulus":79,"slider_start":100,"sprites":"jellyBeans","response":67,"absDeviation":17,"callibration":"test","block":10,"seed":79,"numerosity":50,"matchType":"unpaired","which":"second","trial_type":"numerosity-estimation","trial_index":195,"time_elapsed":654021,"subject_id":"76478"},{"rt":2698,"stimulus":80,"slider_start":100,"sprites":"marbles","response":120,"absDeviation":1,"callibration":"test","block":10,"seed":80,"numerosity":121,"matchType":"unpaired","which":"second","trial_type":"numerosity-estimation","trial_index":196,"time_elapsed":656721,"subject_id":"76478"},{"rt":2098,"stimulus":"<p> For the last block of trials, the average deviation of your guesses from correct answers was 17.</p>\n     <p>The smaller the deviation the better.  Your deviation was <b> VERY good</b>.</p><br>\n       <p>Press any key to continue to the next block of trials</p>","response":" ","trial_type":"html-keyboard-response","trial_index":197,"time_elapsed":658823,"subject_id":"76478"},{"rt":2823,"stimulus":82,"slider_start":100,"sprites":"rocks","response":88,"absDeviation":24,"callibration":"test","block":11,"seed":82,"numerosity":64,"matchType":"paired","which":"first","trial_type":"numerosity-estimation","trial_index":198,"time_elapsed":661652,"subject_id":"76478"},{"rt":2944,"stimulus":82,"slider_start":100,"sprites":"rocks","response":83,"absDeviation":19,"callibration":"test","block":11,"seed":82,"numerosity":64,"matchType":"paired","which":"second","trial_type":"numerosity-estimation","trial_index":199,"time_elapsed":664601,"subject_id":"76478"},{"rt":2929,"stimulus":83,"slider_start":100,"sprites":"buttons","response":140,"absDeviation":19,"callibration":"test","block":11,"seed":83,"numerosity":121,"matchType":"unpaired","which":"second","trial_type":"numerosity-estimation","trial_index":200,"time_elapsed":667535,"subject_id":"76478"},{"rt":3893,"stimulus":84,"slider_start":100,"sprites":"animalCrackers","response":75,"absDeviation":25,"callibration":"test","block":11,"seed":84,"numerosity":50,"matchType":"unpaired","which":"second","trial_type":"numerosity-estimation","trial_index":201,"time_elapsed":671433,"subject_id":"76478"},{"rt":2542,"stimulus":86,"slider_start":100,"sprites":"butterflies","response":75,"absDeviation":46,"callibration":"test","block":11,"seed":86,"numerosity":121,"matchType":"paired","which":"first","trial_type":"numerosity-estimation","trial_index":202,"time_elapsed":673980,"subject_id":"76478"},{"rt":2180,"stimulus":86,"slider_start":100,"sprites":"butterflies","response":75,"absDeviation":46,"callibration":"test","block":11,"seed":86,"numerosity":121,"matchType":"paired","which":"second","trial_type":"numerosity-estimation","trial_index":203,"time_elapsed":676163,"subject_id":"76478"},{"rt":2207,"stimulus":87,"slider_start":100,"sprites":"hearts","response":73,"absDeviation":23,"callibration":"test","block":11,"seed":87,"numerosity":50,"matchType":"unpaired","which":"second","trial_type":"numerosity-estimation","trial_index":204,"time_elapsed":678372,"subject_id":"76478"},{"rt":3718,"stimulus":88,"slider_start":100,"sprites":"crackers","response":143,"absDeviation":8,"callibration":"test","block":11,"seed":88,"numerosity":135,"matchType":"unpaired","which":"second","trial_type":"numerosity-estimation","trial_index":205,"time_elapsed":682094,"subject_id":"76478"},{"rt":2947,"stimulus":90,"slider_start":100,"sprites":"fruits","response":174,"absDeviation":24,"callibration":"test","block":11,"seed":90,"numerosity":150,"matchType":"paired","which":"first","trial_type":"numerosity-estimation","trial_index":206,"time_elapsed":685043,"subject_id":"76478"},{"rt":2411,"stimulus":90,"slider_start":100,"sprites":"fruits","response":172,"absDeviation":22,"callibration":"test","block":11,"seed":90,"numerosity":150,"matchType":"paired","which":"second","trial_type":"numerosity-estimation","trial_index":207,"time_elapsed":687457,"subject_id":"76478"},{"rt":3210,"stimulus":91,"slider_start":100,"sprites":"jellyBeans","response":121,"absDeviation":29,"callibration":"test","block":11,"seed":91,"numerosity":92,"matchType":"unpaired","which":"second","trial_type":"numerosity-estimation","trial_index":208,"time_elapsed":690670,"subject_id":"76478"},{"rt":3288,"stimulus":92,"slider_start":100,"sprites":"marbles","response":131,"absDeviation":10,"callibration":"test","block":11,"seed":92,"numerosity":121,"matchType":"unpaired","which":"second","trial_type":"numerosity-estimation","trial_index":209,"time_elapsed":693960,"subject_id":"76478"},{"rt":3357,"stimulus":94,"slider_start":100,"sprites":"rocks","response":111,"absDeviation":33,"callibration":"test","block":11,"seed":94,"numerosity":78,"matchType":"paired","which":"first","trial_type":"numerosity-estimation","trial_index":210,"time_elapsed":697320,"subject_id":"76478"},{"rt":3163,"stimulus":94,"slider_start":100,"sprites":"rocks","response":118,"absDeviation":40,"callibration":"test","block":11,"seed":94,"numerosity":78,"matchType":"paired","which":"second","trial_type":"numerosity-estimation","trial_index":211,"time_elapsed":700486,"subject_id":"76478"},{"rt":2368,"stimulus":95,"slider_start":100,"sprites":"buttons","response":119,"absDeviation":55,"callibration":"test","block":11,"seed":95,"numerosity":64,"matchType":"unpaired","which":"second","trial_type":"numerosity-estimation","trial_index":212,"time_elapsed":702857,"subject_id":"76478"},{"rt":2407,"stimulus":96,"slider_start":100,"sprites":"animalCrackers","response":113,"absDeviation":21,"callibration":"test","block":11,"seed":96,"numerosity":92,"matchType":"unpaired","which":"second","trial_type":"numerosity-estimation","trial_index":213,"time_elapsed":705266,"subject_id":"76478"},{"rt":1268,"stimulus":"<p> For the last block of trials, the average deviation of your guesses from correct answers was 28.</p>\n     <p>The smaller the deviation the better.  Your deviation was <b> good</b>.</p><br>\n       <p>Press any key to continue to the next block of trials</p>","response":" ","trial_type":"html-keyboard-response","trial_index":214,"time_elapsed":706536,"subject_id":"76478"},{"rt":19913,"response":{"averageEstimates":"When the two displays occured back-to-back, in immediate succession.","firstOrSecond":"The second time the objects were shown"},"question_order":[0,1],"trial_type":"survey-multi-choice","trial_index":215,"time_elapsed":726453,"subject_id":"76478"}]