[{"rt":18271,"url":"consent.html","trial_type":"external-html","trial_index":0,"time_elapsed":18389,"subject_id":"78311"},{"view_history":[{"page_index":0,"viewing_time":3829}],"rt":3830,"trial_type":"instructions","trial_index":1,"time_elapsed":22220,"subject_id":"78311"},{"rt":17550,"stimulus":0,"slider_start":100,"sprites":"animalCrackers","response":38,"absDeviation":12,"callibration":"callibration","block":-1,"seed":0,"numerosity":50,"matchType":"callibration","which":"first","trial_type":"numerosity-estimation","trial_index":2,"time_elapsed":39766,"subject_id":"78311"},{"rt":7023,"stimulus":1,"slider_start":100,"sprites":"letters","response":100,"absDeviation":36,"callibration":"callibration","block":-1,"seed":1,"numerosity":64,"matchType":"callibration","which":"first","trial_type":"numerosity-estimation","trial_index":3,"time_elapsed":46791,"subject_id":"78311"},{"rt":3839,"stimulus":2,"slider_start":100,"sprites":"butterflies","response":100,"absDeviation":22,"callibration":"callibration","block":-1,"seed":2,"numerosity":78,"matchType":"callibration","which":"first","trial_type":"numerosity-estimation","trial_index":4,"time_elapsed":50632,"subject_id":"78311"},{"rt":4438,"stimulus":3,"slider_start":100,"sprites":"hearts","response":100,"absDeviation":8,"callibration":"callibration","block":-1,"seed":3,"numerosity":92,"matchType":"callibration","which":"first","trial_type":"numerosity-estimation","trial_index":5,"time_elapsed":55073,"subject_id":"78311"},{"rt":2501,"stimulus":4,"slider_start":100,"sprites":"crackers","response":100,"absDeviation":7,"callibration":"callibration","block":-1,"seed":4,"numerosity":107,"matchType":"callibration","which":"first","trial_type":"numerosity-estimation","trial_index":6,"time_elapsed":57577,"subject_id":"78311"},{"rt":2309,"stimulus":5,"slider_start":100,"sprites":"bears","response":100,"absDeviation":21,"callibration":"callibration","block":-1,"seed":5,"numerosity":121,"matchType":"callibration","which":"first","trial_type":"numerosity-estimation","trial_index":7,"time_elapsed":59890,"subject_id":"78311"},{"rt":1714,"stimulus":6,"slider_start":100,"sprites":"fruits","response":100,"absDeviation":35,"callibration":"callibration","block":-1,"seed":6,"numerosity":135,"matchType":"callibration","which":"first","trial_type":"numerosity-estimation","trial_index":8,"time_elapsed":61608,"subject_id":"78311"},{"rt":2240,"stimulus":7,"slider_start":100,"sprites":"jellyBeans","response":100,"absDeviation":50,"callibration":"callibration","block":-1,"seed":7,"numerosity":150,"matchType":"callibration","which":"first","trial_type":"numerosity-estimation","trial_index":9,"time_elapsed":63851,"subject_id":"78311"},{"view_history":[{"page_index":0,"viewing_time":3027}],"rt":3028,"trial_type":"instructions","trial_index":10,"time_elapsed":66880,"subject_id":"78311"},{"rt":8947,"stimulus":1,"slider_start":100,"sprites":"letters","response":105,"absDeviation":13,"callibration":"test","block":0,"seed":1,"numerosity":92,"matchType":"paired","which":"first","trial_type":"numerosity-estimation","trial_index":11,"time_elapsed":75830,"subject_id":"78311"},{"rt":11321,"stimulus":1,"slider_start":100,"sprites":"letters","response":105,"absDeviation":13,"callibration":"test","block":0,"seed":1,"numerosity":92,"matchType":"paired","which":"second","trial_type":"numerosity-estimation","trial_index":12,"time_elapsed":87154,"subject_id":"78311"},{"rt":9509,"stimulus":3,"slider_start":100,"sprites":"hearts","response":73,"absDeviation":23,"callibration":"test","block":0,"seed":3,"numerosity":50,"matchType":"unpaired","which":"first","trial_type":"numerosity-estimation","trial_index":13,"time_elapsed":96666,"subject_id":"78311"},{"rt":7722,"stimulus":4,"slider_start":100,"sprites":"crackers","response":109,"absDeviation":2,"callibration":"test","block":0,"seed":4,"numerosity":107,"matchType":"unpaired","which":"first","trial_type":"numerosity-estimation","trial_index":14,"time_elapsed":104391,"subject_id":"78311"},{"rt":9186,"stimulus":5,"slider_start":100,"sprites":"bears","response":47,"absDeviation":3,"callibration":"test","block":0,"seed":5,"numerosity":50,"matchType":"paired","which":"first","trial_type":"numerosity-estimation","trial_index":15,"time_elapsed":113580,"subject_id":"78311"},{"rt":5188,"stimulus":5,"slider_start":100,"sprites":"bears","response":53,"absDeviation":3,"callibration":"test","block":0,"seed":5,"numerosity":50,"matchType":"paired","which":"second","trial_type":"numerosity-estimation","trial_index":16,"time_elapsed":118771,"subject_id":"78311"},{"rt":5452,"stimulus":7,"slider_start":100,"sprites":"jellyBeans","response":53,"absDeviation":3,"callibration":"test","block":0,"seed":7,"numerosity":50,"matchType":"unpaired","which":"first","trial_type":"numerosity-estimation","trial_index":17,"time_elapsed":124227,"subject_id":"78311"},{"rt":4500,"stimulus":8,"slider_start":100,"sprites":"marbles","response":81,"absDeviation":11,"callibration":"test","block":0,"seed":8,"numerosity":92,"matchType":"unpaired","which":"first","trial_type":"numerosity-estimation","trial_index":18,"time_elapsed":128730,"subject_id":"78311"},{"rt":4374,"stimulus":9,"slider_start":100,"sprites":"mints","response":116,"absDeviation":19,"callibration":"test","block":0,"seed":9,"numerosity":135,"matchType":"paired","which":"first","trial_type":"numerosity-estimation","trial_index":19,"time_elapsed":133107,"subject_id":"78311"},{"rt":5008,"stimulus":9,"slider_start":100,"sprites":"mints","response":126,"absDeviation":9,"callibration":"test","block":0,"seed":9,"numerosity":135,"matchType":"paired","which":"second","trial_type":"numerosity-estimation","trial_index":20,"time_elapsed":138118,"subject_id":"78311"},{"rt":4976,"stimulus":11,"slider_start":100,"sprites":"buttons","response":126,"absDeviation":19,"callibration":"test","block":0,"seed":11,"numerosity":107,"matchType":"unpaired","which":"first","trial_type":"numerosity-estimation","trial_index":21,"time_elapsed":143099,"subject_id":"78311"},{"rt":4826,"stimulus":12,"slider_start":100,"sprites":"animalCrackers","response":90,"absDeviation":2,"callibration":"test","block":0,"seed":12,"numerosity":92,"matchType":"unpaired","which":"first","trial_type":"numerosity-estimation","trial_index":22,"time_elapsed":147926,"subject_id":"78311"},{"rt":6015,"stimulus":13,"slider_start":100,"sprites":"letters","response":88,"absDeviation":19,"callibration":"test","block":0,"seed":13,"numerosity":107,"matchType":"paired","which":"first","trial_type":"numerosity-estimation","trial_index":23,"time_elapsed":153945,"subject_id":"78311"},{"rt":4815,"stimulus":13,"slider_start":100,"sprites":"letters","response":100,"absDeviation":7,"callibration":"test","block":0,"seed":13,"numerosity":107,"matchType":"paired","which":"second","trial_type":"numerosity-estimation","trial_index":24,"time_elapsed":158763,"subject_id":"78311"},{"rt":5585,"stimulus":15,"slider_start":100,"sprites":"hearts","response":109,"absDeviation":12,"callibration":"test","block":0,"seed":15,"numerosity":121,"matchType":"unpaired","which":"first","trial_type":"numerosity-estimation","trial_index":25,"time_elapsed":164351,"subject_id":"78311"},{"rt":5112,"stimulus":16,"slider_start":100,"sprites":"crackers","response":85,"absDeviation":21,"callibration":"test","block":0,"seed":16,"numerosity":64,"matchType":"unpaired","which":"first","trial_type":"numerosity-estimation","trial_index":26,"time_elapsed":169466,"subject_id":"78311"},{"rt":13066,"stimulus":"<p> For the last block of trials, the average deviation of your guesses from correct answers was 11.</p>\n     <p>The smaller the deviation the better.  Your deviation was <b> AMAZINGLY good</b>.</p><br>\n       <p>Press any key to continue to the next block of trials</p>","response":" ","trial_type":"html-keyboard-response","trial_index":27,"time_elapsed":182537,"subject_id":"78311"},{"rt":5427,"stimulus":17,"slider_start":100,"sprites":"bears","response":88,"absDeviation":4,"callibration":"test","block":1,"seed":17,"numerosity":92,"matchType":"paired","which":"first","trial_type":"numerosity-estimation","trial_index":28,"time_elapsed":187966,"subject_id":"78311"},{"rt":3628,"stimulus":17,"slider_start":100,"sprites":"bears","response":94,"absDeviation":2,"callibration":"test","block":1,"seed":17,"numerosity":92,"matchType":"paired","which":"second","trial_type":"numerosity-estimation","trial_index":29,"time_elapsed":191599,"subject_id":"78311"},{"rt":6496,"stimulus":19,"slider_start":100,"sprites":"jellyBeans","response":106,"absDeviation":29,"callibration":"test","block":1,"seed":19,"numerosity":135,"matchType":"unpaired","which":"first","trial_type":"numerosity-estimation","trial_index":30,"time_elapsed":198097,"subject_id":"78311"},{"rt":7292,"stimulus":20,"slider_start":100,"sprites":"marbles","response":42,"absDeviation":36,"callibration":"test","block":1,"seed":20,"numerosity":78,"matchType":"unpaired","which":"first","trial_type":"numerosity-estimation","trial_index":31,"time_elapsed":205392,"subject_id":"78311"},{"rt":5599,"stimulus":21,"slider_start":100,"sprites":"mints","response":80,"absDeviation":12,"callibration":"test","block":1,"seed":21,"numerosity":92,"matchType":"paired","which":"first","trial_type":"numerosity-estimation","trial_index":32,"time_elapsed":210995,"subject_id":"78311"},{"rt":12530,"stimulus":21,"slider_start":100,"sprites":"mints","response":85,"absDeviation":7,"callibration":"test","block":1,"seed":21,"numerosity":92,"matchType":"paired","which":"second","trial_type":"numerosity-estimation","trial_index":33,"time_elapsed":223529,"subject_id":"78311"},{"rt":3888,"stimulus":23,"slider_start":100,"sprites":"buttons","response":119,"absDeviation":31,"callibration":"test","block":1,"seed":23,"numerosity":150,"matchType":"unpaired","which":"first","trial_type":"numerosity-estimation","trial_index":34,"time_elapsed":227420,"subject_id":"78311"},{"rt":5145,"stimulus":24,"slider_start":100,"sprites":"animalCrackers","response":111,"absDeviation":4,"callibration":"test","block":1,"seed":24,"numerosity":107,"matchType":"unpaired","which":"first","trial_type":"numerosity-estimation","trial_index":35,"time_elapsed":232568,"subject_id":"78311"},{"rt":7279,"stimulus":25,"slider_start":100,"sprites":"letters","response":121,"absDeviation":14,"callibration":"test","block":1,"seed":25,"numerosity":107,"matchType":"paired","which":"first","trial_type":"numerosity-estimation","trial_index":36,"time_elapsed":239852,"subject_id":"78311"},{"rt":4393,"stimulus":25,"slider_start":100,"sprites":"letters","response":116,"absDeviation":9,"callibration":"test","block":1,"seed":25,"numerosity":107,"matchType":"paired","which":"second","trial_type":"numerosity-estimation","trial_index":37,"time_elapsed":244247,"subject_id":"78311"},{"rt":6100,"stimulus":27,"slider_start":100,"sprites":"hearts","response":118,"absDeviation":3,"callibration":"test","block":1,"seed":27,"numerosity":121,"matchType":"unpaired","which":"first","trial_type":"numerosity-estimation","trial_index":38,"time_elapsed":250350,"subject_id":"78311"},{"rt":5353,"stimulus":28,"slider_start":100,"sprites":"crackers","response":129,"absDeviation":21,"callibration":"test","block":1,"seed":28,"numerosity":150,"matchType":"unpaired","which":"first","trial_type":"numerosity-estimation","trial_index":39,"time_elapsed":255706,"subject_id":"78311"},{"rt":5502,"stimulus":29,"slider_start":100,"sprites":"bears","response":66,"absDeviation":2,"callibration":"test","block":1,"seed":29,"numerosity":64,"matchType":"paired","which":"first","trial_type":"numerosity-estimation","trial_index":40,"time_elapsed":261211,"subject_id":"78311"},{"rt":5990,"stimulus":29,"slider_start":100,"sprites":"bears","response":55,"absDeviation":9,"callibration":"test","block":1,"seed":29,"numerosity":64,"matchType":"paired","which":"second","trial_type":"numerosity-estimation","trial_index":41,"time_elapsed":267204,"subject_id":"78311"},{"rt":4590,"stimulus":31,"slider_start":100,"sprites":"jellyBeans","response":105,"absDeviation":45,"callibration":"test","block":1,"seed":31,"numerosity":150,"matchType":"unpaired","which":"first","trial_type":"numerosity-estimation","trial_index":42,"time_elapsed":271798,"subject_id":"78311"},{"rt":3540,"stimulus":32,"slider_start":100,"sprites":"marbles","response":118,"absDeviation":17,"callibration":"test","block":1,"seed":32,"numerosity":135,"matchType":"unpaired","which":"first","trial_type":"numerosity-estimation","trial_index":43,"time_elapsed":275341,"subject_id":"78311"},{"rt":8217,"stimulus":"<p> For the last block of trials, the average deviation of your guesses from correct answers was 15.</p>\n     <p>The smaller the deviation the better.  Your deviation was <b> VERY good</b>.</p><br>\n       <p>Press any key to continue to the next block of trials</p>","response":" ","trial_type":"html-keyboard-response","trial_index":44,"time_elapsed":283561,"subject_id":"78311"},{"rt":5664,"stimulus":33,"slider_start":100,"sprites":"mints","response":114,"absDeviation":7,"callibration":"test","block":2,"seed":33,"numerosity":121,"matchType":"paired","which":"first","trial_type":"numerosity-estimation","trial_index":45,"time_elapsed":289228,"subject_id":"78311"},{"rt":2828,"stimulus":33,"slider_start":100,"sprites":"mints","response":112,"absDeviation":9,"callibration":"test","block":2,"seed":33,"numerosity":121,"matchType":"paired","which":"second","trial_type":"numerosity-estimation","trial_index":46,"time_elapsed":292059,"subject_id":"78311"},{"rt":5949,"stimulus":35,"slider_start":100,"sprites":"buttons","response":60,"absDeviation":18,"callibration":"test","block":2,"seed":35,"numerosity":78,"matchType":"unpaired","which":"first","trial_type":"numerosity-estimation","trial_index":47,"time_elapsed":298011,"subject_id":"78311"},{"rt":5965,"stimulus":36,"slider_start":100,"sprites":"animalCrackers","response":53,"absDeviation":3,"callibration":"test","block":2,"seed":36,"numerosity":50,"matchType":"unpaired","which":"first","trial_type":"numerosity-estimation","trial_index":48,"time_elapsed":303979,"subject_id":"78311"},{"rt":4733,"stimulus":37,"slider_start":100,"sprites":"letters","response":122,"absDeviation":13,"callibration":"test","block":2,"seed":37,"numerosity":135,"matchType":"paired","which":"first","trial_type":"numerosity-estimation","trial_index":49,"time_elapsed":308714,"subject_id":"78311"},{"rt":5634,"stimulus":37,"slider_start":100,"sprites":"letters","response":124,"absDeviation":11,"callibration":"test","block":2,"seed":37,"numerosity":135,"matchType":"paired","which":"second","trial_type":"numerosity-estimation","trial_index":50,"time_elapsed":314351,"subject_id":"78311"},{"rt":4844,"stimulus":39,"slider_start":100,"sprites":"hearts","response":83,"absDeviation":5,"callibration":"test","block":2,"seed":39,"numerosity":78,"matchType":"unpaired","which":"first","trial_type":"numerosity-estimation","trial_index":51,"time_elapsed":319197,"subject_id":"78311"},{"rt":3809,"stimulus":40,"slider_start":100,"sprites":"crackers","response":123,"absDeviation":2,"callibration":"test","block":2,"seed":40,"numerosity":121,"matchType":"unpaired","which":"first","trial_type":"numerosity-estimation","trial_index":52,"time_elapsed":323009,"subject_id":"78311"},{"rt":5601,"stimulus":41,"slider_start":100,"sprites":"bears","response":66,"absDeviation":16,"callibration":"test","block":2,"seed":41,"numerosity":50,"matchType":"paired","which":"first","trial_type":"numerosity-estimation","trial_index":53,"time_elapsed":328613,"subject_id":"78311"},{"rt":6462,"stimulus":41,"slider_start":100,"sprites":"bears","response":47,"absDeviation":3,"callibration":"test","block":2,"seed":41,"numerosity":50,"matchType":"paired","which":"second","trial_type":"numerosity-estimation","trial_index":54,"time_elapsed":335079,"subject_id":"78311"},{"rt":6966,"stimulus":43,"slider_start":100,"sprites":"jellyBeans","response":50,"absDeviation":14,"callibration":"test","block":2,"seed":43,"numerosity":64,"matchType":"unpaired","which":"first","trial_type":"numerosity-estimation","trial_index":55,"time_elapsed":342047,"subject_id":"78311"},{"rt":4230,"stimulus":44,"slider_start":100,"sprites":"marbles","response":92,"absDeviation":29,"callibration":"test","block":2,"seed":44,"numerosity":121,"matchType":"unpaired","which":"first","trial_type":"numerosity-estimation","trial_index":56,"time_elapsed":346281,"subject_id":"78311"},{"rt":5384,"stimulus":45,"slider_start":100,"sprites":"mints","response":116,"absDeviation":5,"callibration":"test","block":2,"seed":45,"numerosity":121,"matchType":"paired","which":"first","trial_type":"numerosity-estimation","trial_index":57,"time_elapsed":351669,"subject_id":"78311"},{"rt":5476,"stimulus":45,"slider_start":100,"sprites":"mints","response":126,"absDeviation":5,"callibration":"test","block":2,"seed":45,"numerosity":121,"matchType":"paired","which":"second","trial_type":"numerosity-estimation","trial_index":58,"time_elapsed":357148,"subject_id":"78311"},{"rt":3815,"stimulus":47,"slider_start":100,"sprites":"buttons","response":122,"absDeviation":1,"callibration":"test","block":2,"seed":47,"numerosity":121,"matchType":"unpaired","which":"first","trial_type":"numerosity-estimation","trial_index":59,"time_elapsed":360965,"subject_id":"78311"},{"rt":3051,"stimulus":48,"slider_start":100,"sprites":"animalCrackers","response":131,"absDeviation":4,"callibration":"test","block":2,"seed":48,"numerosity":135,"matchType":"unpaired","which":"first","trial_type":"numerosity-estimation","trial_index":60,"time_elapsed":364020,"subject_id":"78311"},{"rt":4632,"stimulus":"<p> For the last block of trials, the average deviation of your guesses from correct answers was 9.</p>\n     <p>The smaller the deviation the better.  Your deviation was <b> AMAZINGLY good</b>.</p><br>\n       <p>Press any key to continue to the next block of trials</p>","response":" ","trial_type":"html-keyboard-response","trial_index":61,"time_elapsed":368656,"subject_id":"78311"},{"rt":3659,"stimulus":49,"slider_start":100,"sprites":"letters","response":88,"absDeviation":10,"callibration":"test","block":3,"seed":49,"numerosity":78,"matchType":"paired","which":"first","trial_type":"numerosity-estimation","trial_index":62,"time_elapsed":372318,"subject_id":"78311"},{"rt":3143,"stimulus":49,"slider_start":100,"sprites":"letters","response":84,"absDeviation":6,"callibration":"test","block":3,"seed":49,"numerosity":78,"matchType":"paired","which":"second","trial_type":"numerosity-estimation","trial_index":63,"time_elapsed":375464,"subject_id":"78311"},{"rt":4490,"stimulus":51,"slider_start":100,"sprites":"hearts","response":121,"absDeviation":29,"callibration":"test","block":3,"seed":51,"numerosity":150,"matchType":"unpaired","which":"first","trial_type":"numerosity-estimation","trial_index":64,"time_elapsed":379958,"subject_id":"78311"},{"rt":4500,"stimulus":52,"slider_start":100,"sprites":"crackers","response":85,"absDeviation":7,"callibration":"test","block":3,"seed":52,"numerosity":78,"matchType":"unpaired","which":"first","trial_type":"numerosity-estimation","trial_index":65,"time_elapsed":384461,"subject_id":"78311"},{"rt":4598,"stimulus":53,"slider_start":100,"sprites":"bears","response":51,"absDeviation":1,"callibration":"test","block":3,"seed":53,"numerosity":50,"matchType":"paired","which":"first","trial_type":"numerosity-estimation","trial_index":66,"time_elapsed":389064,"subject_id":"78311"},{"rt":4675,"stimulus":53,"slider_start":100,"sprites":"bears","response":50,"absDeviation":0,"callibration":"test","block":3,"seed":53,"numerosity":50,"matchType":"paired","which":"second","trial_type":"numerosity-estimation","trial_index":67,"time_elapsed":393741,"subject_id":"78311"},{"rt":3805,"stimulus":55,"slider_start":100,"sprites":"jellyBeans","response":108,"absDeviation":13,"callibration":"test","block":3,"seed":55,"numerosity":121,"matchType":"unpaired","which":"first","trial_type":"numerosity-estimation","trial_index":68,"time_elapsed":397550,"subject_id":"78311"},{"rt":3730,"stimulus":56,"slider_start":100,"sprites":"marbles","response":43,"absDeviation":21,"callibration":"test","block":3,"seed":56,"numerosity":64,"matchType":"unpaired","which":"first","trial_type":"numerosity-estimation","trial_index":69,"time_elapsed":401283,"subject_id":"78311"},{"rt":3855,"stimulus":57,"slider_start":100,"sprites":"mints","response":70,"absDeviation":6,"callibration":"test","block":3,"seed":57,"numerosity":64,"matchType":"paired","which":"first","trial_type":"numerosity-estimation","trial_index":70,"time_elapsed":405140,"subject_id":"78311"},{"rt":6330,"stimulus":57,"slider_start":100,"sprites":"mints","response":57,"absDeviation":7,"callibration":"test","block":3,"seed":57,"numerosity":64,"matchType":"paired","which":"second","trial_type":"numerosity-estimation","trial_index":71,"time_elapsed":411473,"subject_id":"78311"},{"rt":4541,"stimulus":59,"slider_start":100,"sprites":"buttons","response":116,"absDeviation":19,"callibration":"test","block":3,"seed":59,"numerosity":135,"matchType":"unpaired","which":"first","trial_type":"numerosity-estimation","trial_index":72,"time_elapsed":416018,"subject_id":"78311"},{"rt":2364,"stimulus":60,"slider_start":100,"sprites":"animalCrackers","response":127,"absDeviation":23,"callibration":"test","block":3,"seed":60,"numerosity":150,"matchType":"unpaired","which":"first","trial_type":"numerosity-estimation","trial_index":73,"time_elapsed":418385,"subject_id":"78311"},{"rt":3911,"stimulus":61,"slider_start":100,"sprites":"letters","response":49,"absDeviation":1,"callibration":"test","block":3,"seed":61,"numerosity":50,"matchType":"paired","which":"first","trial_type":"numerosity-estimation","trial_index":74,"time_elapsed":422299,"subject_id":"78311"},{"rt":5270,"stimulus":61,"slider_start":100,"sprites":"letters","response":44,"absDeviation":6,"callibration":"test","block":3,"seed":61,"numerosity":50,"matchType":"paired","which":"second","trial_type":"numerosity-estimation","trial_index":75,"time_elapsed":427573,"subject_id":"78311"},{"rt":4045,"stimulus":63,"slider_start":100,"sprites":"hearts","response":65,"absDeviation":1,"callibration":"test","block":3,"seed":63,"numerosity":64,"matchType":"unpaired","which":"first","trial_type":"numerosity-estimation","trial_index":76,"time_elapsed":431621,"subject_id":"78311"},{"rt":3532,"stimulus":64,"slider_start":100,"sprites":"crackers","response":130,"absDeviation":5,"callibration":"test","block":3,"seed":64,"numerosity":135,"matchType":"unpaired","which":"first","trial_type":"numerosity-estimation","trial_index":77,"time_elapsed":435156,"subject_id":"78311"},{"rt":1750,"stimulus":"<p> For the last block of trials, the average deviation of your guesses from correct answers was 10.</p>\n     <p>The smaller the deviation the better.  Your deviation was <b> AMAZINGLY good</b>.</p><br>\n       <p>Press any key to continue to the next block of trials</p>","response":" ","trial_type":"html-keyboard-response","trial_index":78,"time_elapsed":436911,"subject_id":"78311"},{"rt":6362,"stimulus":65,"slider_start":100,"sprites":"bears","response":111,"absDeviation":4,"callibration":"test","block":4,"seed":65,"numerosity":107,"matchType":"paired","which":"first","trial_type":"numerosity-estimation","trial_index":79,"time_elapsed":443276,"subject_id":"78311"},{"rt":2803,"stimulus":65,"slider_start":100,"sprites":"bears","response":124,"absDeviation":17,"callibration":"test","block":4,"seed":65,"numerosity":107,"matchType":"paired","which":"second","trial_type":"numerosity-estimation","trial_index":80,"time_elapsed":446082,"subject_id":"78311"},{"rt":4333,"stimulus":67,"slider_start":100,"sprites":"jellyBeans","response":115,"absDeviation":8,"callibration":"test","block":4,"seed":67,"numerosity":107,"matchType":"unpaired","which":"first","trial_type":"numerosity-estimation","trial_index":81,"time_elapsed":450419,"subject_id":"78311"},{"rt":7000,"stimulus":68,"slider_start":100,"sprites":"marbles","response":96,"absDeviation":54,"callibration":"test","block":4,"seed":68,"numerosity":150,"matchType":"unpaired","which":"first","trial_type":"numerosity-estimation","trial_index":82,"time_elapsed":457422,"subject_id":"78311"},{"rt":2547,"stimulus":69,"slider_start":100,"sprites":"mints","response":105,"absDeviation":16,"callibration":"test","block":4,"seed":69,"numerosity":121,"matchType":"paired","which":"first","trial_type":"numerosity-estimation","trial_index":83,"time_elapsed":459972,"subject_id":"78311"},{"rt":2199,"stimulus":69,"slider_start":100,"sprites":"mints","response":109,"absDeviation":12,"callibration":"test","block":4,"seed":69,"numerosity":121,"matchType":"paired","which":"second","trial_type":"numerosity-estimation","trial_index":84,"time_elapsed":462174,"subject_id":"78311"},{"rt":2712,"stimulus":71,"slider_start":100,"sprites":"buttons","response":112,"absDeviation":5,"callibration":"test","block":4,"seed":71,"numerosity":107,"matchType":"unpaired","which":"first","trial_type":"numerosity-estimation","trial_index":85,"time_elapsed":464889,"subject_id":"78311"},{"rt":4392,"stimulus":72,"slider_start":100,"sprites":"animalCrackers","response":39,"absDeviation":11,"callibration":"test","block":4,"seed":72,"numerosity":50,"matchType":"unpaired","which":"first","trial_type":"numerosity-estimation","trial_index":86,"time_elapsed":469284,"subject_id":"78311"},{"rt":6709,"stimulus":73,"slider_start":100,"sprites":"letters","response":60,"absDeviation":18,"callibration":"test","block":4,"seed":73,"numerosity":78,"matchType":"paired","which":"first","trial_type":"numerosity-estimation","trial_index":87,"time_elapsed":475996,"subject_id":"78311"},{"rt":2818,"stimulus":73,"slider_start":100,"sprites":"letters","response":52,"absDeviation":26,"callibration":"test","block":4,"seed":73,"numerosity":78,"matchType":"paired","which":"second","trial_type":"numerosity-estimation","trial_index":88,"time_elapsed":478817,"subject_id":"78311"},{"rt":3384,"stimulus":75,"slider_start":100,"sprites":"hearts","response":65,"absDeviation":27,"callibration":"test","block":4,"seed":75,"numerosity":92,"matchType":"unpaired","which":"first","trial_type":"numerosity-estimation","trial_index":89,"time_elapsed":482204,"subject_id":"78311"},{"rt":3944,"stimulus":76,"slider_start":100,"sprites":"crackers","response":69,"absDeviation":5,"callibration":"test","block":4,"seed":76,"numerosity":64,"matchType":"unpaired","which":"first","trial_type":"numerosity-estimation","trial_index":90,"time_elapsed":486152,"subject_id":"78311"},{"rt":3193,"stimulus":77,"slider_start":100,"sprites":"bears","response":105,"absDeviation":30,"callibration":"test","block":4,"seed":77,"numerosity":135,"matchType":"paired","which":"first","trial_type":"numerosity-estimation","trial_index":91,"time_elapsed":489348,"subject_id":"78311"},{"rt":2063,"stimulus":77,"slider_start":100,"sprites":"bears","response":109,"absDeviation":26,"callibration":"test","block":4,"seed":77,"numerosity":135,"matchType":"paired","which":"second","trial_type":"numerosity-estimation","trial_index":92,"time_elapsed":491414,"subject_id":"78311"},{"rt":3576,"stimulus":79,"slider_start":100,"sprites":"jellyBeans","response":52,"absDeviation":2,"callibration":"test","block":4,"seed":79,"numerosity":50,"matchType":"unpaired","which":"first","trial_type":"numerosity-estimation","trial_index":93,"time_elapsed":494993,"subject_id":"78311"},{"rt":3216,"stimulus":80,"slider_start":100,"sprites":"marbles","response":81,"absDeviation":40,"callibration":"test","block":4,"seed":80,"numerosity":121,"matchType":"unpaired","which":"first","trial_type":"numerosity-estimation","trial_index":94,"time_elapsed":498212,"subject_id":"78311"},{"rt":3178,"stimulus":"<p> For the last block of trials, the average deviation of your guesses from correct answers was 19.</p>\n     <p>The smaller the deviation the better.  Your deviation was <b> VERY good</b>.</p><br>\n       <p>Press any key to continue to the next block of trials</p>","response":" ","trial_type":"html-keyboard-response","trial_index":95,"time_elapsed":501395,"subject_id":"78311"},{"rt":5441,"stimulus":81,"slider_start":100,"sprites":"mints","response":90,"absDeviation":31,"callibration":"test","block":5,"seed":81,"numerosity":121,"matchType":"paired","which":"first","trial_type":"numerosity-estimation","trial_index":96,"time_elapsed":506838,"subject_id":"78311"},{"rt":3142,"stimulus":81,"slider_start":100,"sprites":"mints","response":100,"absDeviation":21,"callibration":"test","block":5,"seed":81,"numerosity":121,"matchType":"paired","which":"second","trial_type":"numerosity-estimation","trial_index":97,"time_elapsed":509983,"subject_id":"78311"},{"rt":4095,"stimulus":83,"slider_start":100,"sprites":"buttons","response":99,"absDeviation":22,"callibration":"test","block":5,"seed":83,"numerosity":121,"matchType":"unpaired","which":"first","trial_type":"numerosity-estimation","trial_index":98,"time_elapsed":514081,"subject_id":"78311"},{"rt":3986,"stimulus":84,"slider_start":100,"sprites":"animalCrackers","response":37,"absDeviation":13,"callibration":"test","block":5,"seed":84,"numerosity":50,"matchType":"unpaired","which":"first","trial_type":"numerosity-estimation","trial_index":99,"time_elapsed":518070,"subject_id":"78311"},{"rt":3259,"stimulus":85,"slider_start":100,"sprites":"letters","response":39,"absDeviation":25,"callibration":"test","block":5,"seed":85,"numerosity":64,"matchType":"paired","which":"first","trial_type":"numerosity-estimation","trial_index":100,"time_elapsed":521331,"subject_id":"78311"},{"rt":3165,"stimulus":85,"slider_start":100,"sprites":"letters","response":39,"absDeviation":25,"callibration":"test","block":5,"seed":85,"numerosity":64,"matchType":"paired","which":"second","trial_type":"numerosity-estimation","trial_index":101,"time_elapsed":524500,"subject_id":"78311"},{"rt":4820,"stimulus":87,"slider_start":100,"sprites":"hearts","response":48,"absDeviation":2,"callibration":"test","block":5,"seed":87,"numerosity":50,"matchType":"unpaired","which":"first","trial_type":"numerosity-estimation","trial_index":102,"time_elapsed":529323,"subject_id":"78311"},{"rt":5084,"stimulus":88,"slider_start":100,"sprites":"crackers","response":92,"absDeviation":43,"callibration":"test","block":5,"seed":88,"numerosity":135,"matchType":"unpaired","which":"first","trial_type":"numerosity-estimation","trial_index":103,"time_elapsed":534410,"subject_id":"78311"},{"rt":2422,"stimulus":89,"slider_start":100,"sprites":"bears","response":46,"absDeviation":4,"callibration":"test","block":5,"seed":89,"numerosity":50,"matchType":"paired","which":"first","trial_type":"numerosity-estimation","trial_index":104,"time_elapsed":536835,"subject_id":"78311"},{"rt":4052,"stimulus":89,"slider_start":100,"sprites":"bears","response":48,"absDeviation":2,"callibration":"test","block":5,"seed":89,"numerosity":50,"matchType":"paired","which":"second","trial_type":"numerosity-estimation","trial_index":105,"time_elapsed":540890,"subject_id":"78311"},{"rt":4435,"stimulus":91,"slider_start":100,"sprites":"jellyBeans","response":82,"absDeviation":10,"callibration":"test","block":5,"seed":91,"numerosity":92,"matchType":"unpaired","which":"first","trial_type":"numerosity-estimation","trial_index":106,"time_elapsed":545327,"subject_id":"78311"},{"rt":4715,"stimulus":92,"slider_start":100,"sprites":"marbles","response":89,"absDeviation":32,"callibration":"test","block":5,"seed":92,"numerosity":121,"matchType":"unpaired","which":"first","trial_type":"numerosity-estimation","trial_index":107,"time_elapsed":550046,"subject_id":"78311"},{"rt":3994,"stimulus":93,"slider_start":100,"sprites":"mints","response":81,"absDeviation":3,"callibration":"test","block":5,"seed":93,"numerosity":78,"matchType":"paired","which":"first","trial_type":"numerosity-estimation","trial_index":108,"time_elapsed":554042,"subject_id":"78311"},{"rt":3847,"stimulus":93,"slider_start":100,"sprites":"mints","response":83,"absDeviation":5,"callibration":"test","block":5,"seed":93,"numerosity":78,"matchType":"paired","which":"second","trial_type":"numerosity-estimation","trial_index":109,"time_elapsed":557892,"subject_id":"78311"},{"rt":4217,"stimulus":95,"slider_start":100,"sprites":"buttons","response":43,"absDeviation":21,"callibration":"test","block":5,"seed":95,"numerosity":64,"matchType":"unpaired","which":"first","trial_type":"numerosity-estimation","trial_index":110,"time_elapsed":562111,"subject_id":"78311"},{"rt":3326,"stimulus":96,"slider_start":100,"sprites":"animalCrackers","response":66,"absDeviation":26,"callibration":"test","block":5,"seed":96,"numerosity":92,"matchType":"unpaired","which":"first","trial_type":"numerosity-estimation","trial_index":111,"time_elapsed":565440,"subject_id":"78311"},{"rt":2081,"stimulus":"<p> For the last block of trials, the average deviation of your guesses from correct answers was 18.</p>\n     <p>The smaller the deviation the better.  Your deviation was <b> VERY good</b>.</p><br>\n       <p>Press any key to continue to the next block of trials</p>","response":" ","trial_type":"html-keyboard-response","trial_index":112,"time_elapsed":567525,"subject_id":"78311"},{"rt":10659,"stimulus":2,"slider_start":100,"sprites":"butterflies","response":86,"absDeviation":49,"callibration":"test","block":6,"seed":2,"numerosity":135,"matchType":"paired","which":"first","trial_type":"numerosity-estimation","trial_index":113,"time_elapsed":578187,"subject_id":"78311"},{"rt":3063,"stimulus":2,"slider_start":100,"sprites":"butterflies","response":84,"absDeviation":51,"callibration":"test","block":6,"seed":2,"numerosity":135,"matchType":"paired","which":"second","trial_type":"numerosity-estimation","trial_index":114,"time_elapsed":581253,"subject_id":"78311"},{"rt":4210,"stimulus":3,"slider_start":100,"sprites":"hearts","response":58,"absDeviation":8,"callibration":"test","block":6,"seed":3,"numerosity":50,"matchType":"unpaired","which":"second","trial_type":"numerosity-estimation","trial_index":115,"time_elapsed":585466,"subject_id":"78311"},{"rt":8263,"stimulus":4,"slider_start":100,"sprites":"crackers","response":110,"absDeviation":3,"callibration":"test","block":6,"seed":4,"numerosity":107,"matchType":"unpaired","which":"second","trial_type":"numerosity-estimation","trial_index":116,"time_elapsed":593732,"subject_id":"78311"},{"rt":3780,"stimulus":6,"slider_start":100,"sprites":"fruits","response":81,"absDeviation":3,"callibration":"test","block":6,"seed":6,"numerosity":78,"matchType":"paired","which":"first","trial_type":"numerosity-estimation","trial_index":117,"time_elapsed":597514,"subject_id":"78311"},{"rt":2365,"stimulus":6,"slider_start":100,"sprites":"fruits","response":83,"absDeviation":5,"callibration":"test","block":6,"seed":6,"numerosity":78,"matchType":"paired","which":"second","trial_type":"numerosity-estimation","trial_index":118,"time_elapsed":599882,"subject_id":"78311"},{"rt":4873,"stimulus":7,"slider_start":100,"sprites":"jellyBeans","response":46,"absDeviation":4,"callibration":"test","block":6,"seed":7,"numerosity":50,"matchType":"unpaired","which":"second","trial_type":"numerosity-estimation","trial_index":119,"time_elapsed":604758,"subject_id":"78311"},{"rt":3804,"stimulus":8,"slider_start":100,"sprites":"marbles","response":67,"absDeviation":25,"callibration":"test","block":6,"seed":8,"numerosity":92,"matchType":"unpaired","which":"second","trial_type":"numerosity-estimation","trial_index":120,"time_elapsed":608565,"subject_id":"78311"},{"rt":4434,"stimulus":10,"slider_start":100,"sprites":"rocks","response":53,"absDeviation":3,"callibration":"test","block":6,"seed":10,"numerosity":50,"matchType":"paired","which":"first","trial_type":"numerosity-estimation","trial_index":121,"time_elapsed":613002,"subject_id":"78311"},{"rt":2944,"stimulus":10,"slider_start":100,"sprites":"rocks","response":46,"absDeviation":4,"callibration":"test","block":6,"seed":10,"numerosity":50,"matchType":"paired","which":"second","trial_type":"numerosity-estimation","trial_index":122,"time_elapsed":615950,"subject_id":"78311"},{"rt":4574,"stimulus":11,"slider_start":100,"sprites":"buttons","response":77,"absDeviation":30,"callibration":"test","block":6,"seed":11,"numerosity":107,"matchType":"unpaired","which":"second","trial_type":"numerosity-estimation","trial_index":123,"time_elapsed":620526,"subject_id":"78311"},{"rt":2737,"stimulus":12,"slider_start":100,"sprites":"animalCrackers","response":88,"absDeviation":4,"callibration":"test","block":6,"seed":12,"numerosity":92,"matchType":"unpaired","which":"second","trial_type":"numerosity-estimation","trial_index":124,"time_elapsed":623266,"subject_id":"78311"},{"rt":3829,"stimulus":14,"slider_start":100,"sprites":"butterflies","response":110,"absDeviation":40,"callibration":"test","block":6,"seed":14,"numerosity":150,"matchType":"paired","which":"first","trial_type":"numerosity-estimation","trial_index":125,"time_elapsed":627098,"subject_id":"78311"},{"rt":2853,"stimulus":14,"slider_start":100,"sprites":"butterflies","response":110,"absDeviation":40,"callibration":"test","block":6,"seed":14,"numerosity":150,"matchType":"paired","which":"second","trial_type":"numerosity-estimation","trial_index":126,"time_elapsed":629955,"subject_id":"78311"},{"rt":2985,"stimulus":15,"slider_start":100,"sprites":"hearts","response":114,"absDeviation":7,"callibration":"test","block":6,"seed":15,"numerosity":121,"matchType":"unpaired","which":"second","trial_type":"numerosity-estimation","trial_index":127,"time_elapsed":632942,"subject_id":"78311"},{"rt":2523,"stimulus":16,"slider_start":100,"sprites":"crackers","response":96,"absDeviation":32,"callibration":"test","block":6,"seed":16,"numerosity":64,"matchType":"unpaired","which":"second","trial_type":"numerosity-estimation","trial_index":128,"time_elapsed":635467,"subject_id":"78311"},{"rt":1042,"stimulus":"<p> For the last block of trials, the average deviation of your guesses from correct answers was 19.</p>\n     <p>The smaller the deviation the better.  Your deviation was <b> VERY good</b>.</p><br>\n       <p>Press any key to continue to the next block of trials</p>","response":" ","trial_type":"html-keyboard-response","trial_index":129,"time_elapsed":636516,"subject_id":"78311"},{"rt":3699,"stimulus":18,"slider_start":100,"sprites":"fruits","response":113,"absDeviation":6,"callibration":"test","block":7,"seed":18,"numerosity":107,"matchType":"paired","which":"first","trial_type":"numerosity-estimation","trial_index":130,"time_elapsed":640218,"subject_id":"78311"},{"rt":2981,"stimulus":18,"slider_start":100,"sprites":"fruits","response":110,"absDeviation":3,"callibration":"test","block":7,"seed":18,"numerosity":107,"matchType":"paired","which":"second","trial_type":"numerosity-estimation","trial_index":131,"time_elapsed":643202,"subject_id":"78311"},{"rt":2880,"stimulus":19,"slider_start":100,"sprites":"jellyBeans","response":135,"absDeviation":0,"callibration":"test","block":7,"seed":19,"numerosity":135,"matchType":"unpaired","which":"second","trial_type":"numerosity-estimation","trial_index":132,"time_elapsed":646086,"subject_id":"78311"},{"rt":4037,"stimulus":20,"slider_start":100,"sprites":"marbles","response":63,"absDeviation":15,"callibration":"test","block":7,"seed":20,"numerosity":78,"matchType":"unpaired","which":"second","trial_type":"numerosity-estimation","trial_index":133,"time_elapsed":650125,"subject_id":"78311"},{"rt":2481,"stimulus":22,"slider_start":100,"sprites":"rocks","response":84,"absDeviation":8,"callibration":"test","block":7,"seed":22,"numerosity":92,"matchType":"paired","which":"first","trial_type":"numerosity-estimation","trial_index":134,"time_elapsed":652609,"subject_id":"78311"},{"rt":2190,"stimulus":22,"slider_start":100,"sprites":"rocks","response":77,"absDeviation":15,"callibration":"test","block":7,"seed":22,"numerosity":92,"matchType":"paired","which":"second","trial_type":"numerosity-estimation","trial_index":135,"time_elapsed":654802,"subject_id":"78311"},{"rt":2415,"stimulus":23,"slider_start":100,"sprites":"buttons","response":118,"absDeviation":32,"callibration":"test","block":7,"seed":23,"numerosity":150,"matchType":"unpaired","which":"second","trial_type":"numerosity-estimation","trial_index":136,"time_elapsed":657220,"subject_id":"78311"},{"rt":3002,"stimulus":24,"slider_start":100,"sprites":"animalCrackers","response":129,"absDeviation":22,"callibration":"test","block":7,"seed":24,"numerosity":107,"matchType":"unpaired","which":"second","trial_type":"numerosity-estimation","trial_index":137,"time_elapsed":660224,"subject_id":"78311"},{"rt":3854,"stimulus":26,"slider_start":100,"sprites":"butterflies","response":106,"absDeviation":14,"callibration":"test","block":7,"seed":26,"numerosity":92,"matchType":"paired","which":"first","trial_type":"numerosity-estimation","trial_index":138,"time_elapsed":664081,"subject_id":"78311"},{"rt":2976,"stimulus":26,"slider_start":100,"sprites":"butterflies","response":107,"absDeviation":15,"callibration":"test","block":7,"seed":26,"numerosity":92,"matchType":"paired","which":"second","trial_type":"numerosity-estimation","trial_index":139,"time_elapsed":667061,"subject_id":"78311"},{"rt":2497,"stimulus":27,"slider_start":100,"sprites":"hearts","response":112,"absDeviation":9,"callibration":"test","block":7,"seed":27,"numerosity":121,"matchType":"unpaired","which":"second","trial_type":"numerosity-estimation","trial_index":140,"time_elapsed":669561,"subject_id":"78311"},{"rt":2463,"stimulus":28,"slider_start":100,"sprites":"crackers","response":120,"absDeviation":30,"callibration":"test","block":7,"seed":28,"numerosity":150,"matchType":"unpaired","which":"second","trial_type":"numerosity-estimation","trial_index":141,"time_elapsed":672028,"subject_id":"78311"},{"rt":2893,"stimulus":30,"slider_start":100,"sprites":"fruits","response":119,"absDeviation":12,"callibration":"test","block":7,"seed":30,"numerosity":107,"matchType":"paired","which":"first","trial_type":"numerosity-estimation","trial_index":142,"time_elapsed":674924,"subject_id":"78311"},{"rt":3789,"stimulus":30,"slider_start":100,"sprites":"fruits","response":128,"absDeviation":21,"callibration":"test","block":7,"seed":30,"numerosity":107,"matchType":"paired","which":"second","trial_type":"numerosity-estimation","trial_index":143,"time_elapsed":678716,"subject_id":"78311"},{"rt":3398,"stimulus":31,"slider_start":100,"sprites":"jellyBeans","response":126,"absDeviation":24,"callibration":"test","block":7,"seed":31,"numerosity":150,"matchType":"unpaired","which":"second","trial_type":"numerosity-estimation","trial_index":144,"time_elapsed":682117,"subject_id":"78311"},{"rt":2216,"stimulus":32,"slider_start":100,"sprites":"marbles","response":105,"absDeviation":30,"callibration":"test","block":7,"seed":32,"numerosity":135,"matchType":"unpaired","which":"second","trial_type":"numerosity-estimation","trial_index":145,"time_elapsed":684336,"subject_id":"78311"},{"rt":1055,"stimulus":"<p> For the last block of trials, the average deviation of your guesses from correct answers was 16.</p>\n     <p>The smaller the deviation the better.  Your deviation was <b> VERY good</b>.</p><br>\n       <p>Press any key to continue to the next block of trials</p>","response":" ","trial_type":"html-keyboard-response","trial_index":146,"time_elapsed":685394,"subject_id":"78311"},{"rt":2366,"stimulus":34,"slider_start":100,"sprites":"rocks","response":79,"absDeviation":29,"callibration":"test","block":8,"seed":34,"numerosity":50,"matchType":"paired","which":"first","trial_type":"numerosity-estimation","trial_index":147,"time_elapsed":687763,"subject_id":"78311"},{"rt":2414,"stimulus":34,"slider_start":100,"sprites":"rocks","response":64,"absDeviation":14,"callibration":"test","block":8,"seed":34,"numerosity":50,"matchType":"paired","which":"second","trial_type":"numerosity-estimation","trial_index":148,"time_elapsed":690180,"subject_id":"78311"},{"rt":4470,"stimulus":35,"slider_start":100,"sprites":"buttons","response":81,"absDeviation":3,"callibration":"test","block":8,"seed":35,"numerosity":78,"matchType":"unpaired","which":"second","trial_type":"numerosity-estimation","trial_index":149,"time_elapsed":694653,"subject_id":"78311"},{"rt":5013,"stimulus":36,"slider_start":100,"sprites":"animalCrackers","response":58,"absDeviation":8,"callibration":"test","block":8,"seed":36,"numerosity":50,"matchType":"unpaired","which":"second","trial_type":"numerosity-estimation","trial_index":150,"time_elapsed":699670,"subject_id":"78311"},{"rt":6819,"stimulus":38,"slider_start":100,"sprites":"butterflies","response":75,"absDeviation":3,"callibration":"test","block":8,"seed":38,"numerosity":78,"matchType":"paired","which":"first","trial_type":"numerosity-estimation","trial_index":151,"time_elapsed":706494,"subject_id":"78311"},{"rt":4044,"stimulus":38,"slider_start":100,"sprites":"butterflies","response":67,"absDeviation":11,"callibration":"test","block":8,"seed":38,"numerosity":78,"matchType":"paired","which":"second","trial_type":"numerosity-estimation","trial_index":152,"time_elapsed":710541,"subject_id":"78311"},{"rt":3342,"stimulus":39,"slider_start":100,"sprites":"hearts","response":65,"absDeviation":13,"callibration":"test","block":8,"seed":39,"numerosity":78,"matchType":"unpaired","which":"second","trial_type":"numerosity-estimation","trial_index":153,"time_elapsed":713885,"subject_id":"78311"},{"rt":2137,"stimulus":40,"slider_start":100,"sprites":"crackers","response":114,"absDeviation":7,"callibration":"test","block":8,"seed":40,"numerosity":121,"matchType":"unpaired","which":"second","trial_type":"numerosity-estimation","trial_index":154,"time_elapsed":716026,"subject_id":"78311"},{"rt":2723,"stimulus":42,"slider_start":100,"sprites":"fruits","response":111,"absDeviation":33,"callibration":"test","block":8,"seed":42,"numerosity":78,"matchType":"paired","which":"first","trial_type":"numerosity-estimation","trial_index":155,"time_elapsed":718753,"subject_id":"78311"},{"rt":8121,"stimulus":42,"slider_start":100,"sprites":"fruits","response":87,"absDeviation":9,"callibration":"test","block":8,"seed":42,"numerosity":78,"matchType":"paired","which":"second","trial_type":"numerosity-estimation","trial_index":156,"time_elapsed":726878,"subject_id":"78311"},{"rt":6458,"stimulus":43,"slider_start":100,"sprites":"jellyBeans","response":62,"absDeviation":2,"callibration":"test","block":8,"seed":43,"numerosity":64,"matchType":"unpaired","which":"second","trial_type":"numerosity-estimation","trial_index":157,"time_elapsed":733339,"subject_id":"78311"},{"rt":6708,"stimulus":44,"slider_start":100,"sprites":"marbles","response":82,"absDeviation":39,"callibration":"test","block":8,"seed":44,"numerosity":121,"matchType":"unpaired","which":"second","trial_type":"numerosity-estimation","trial_index":158,"time_elapsed":740051,"subject_id":"78311"},{"rt":2587,"stimulus":46,"slider_start":100,"sprites":"rocks","response":109,"absDeviation":2,"callibration":"test","block":8,"seed":46,"numerosity":107,"matchType":"paired","which":"first","trial_type":"numerosity-estimation","trial_index":159,"time_elapsed":742641,"subject_id":"78311"},{"rt":2762,"stimulus":46,"slider_start":100,"sprites":"rocks","response":117,"absDeviation":10,"callibration":"test","block":8,"seed":46,"numerosity":107,"matchType":"paired","which":"second","trial_type":"numerosity-estimation","trial_index":160,"time_elapsed":745406,"subject_id":"78311"},{"rt":2695,"stimulus":47,"slider_start":100,"sprites":"buttons","response":117,"absDeviation":4,"callibration":"test","block":8,"seed":47,"numerosity":121,"matchType":"unpaired","which":"second","trial_type":"numerosity-estimation","trial_index":161,"time_elapsed":748104,"subject_id":"78311"},{"rt":2672,"stimulus":48,"slider_start":100,"sprites":"animalCrackers","response":131,"absDeviation":4,"callibration":"test","block":8,"seed":48,"numerosity":135,"matchType":"unpaired","which":"second","trial_type":"numerosity-estimation","trial_index":162,"time_elapsed":750779,"subject_id":"78311"},{"rt":12532,"stimulus":"<p> For the last block of trials, the average deviation of your guesses from correct answers was 12.</p>\n     <p>The smaller the deviation the better.  Your deviation was <b> AMAZINGLY good</b>.</p><br>\n       <p>Press any key to continue to the next block of trials</p>","response":" ","trial_type":"html-keyboard-response","trial_index":163,"time_elapsed":763314,"subject_id":"78311"},{"rt":3139,"stimulus":50,"slider_start":100,"sprites":"butterflies","response":111,"absDeviation":39,"callibration":"test","block":9,"seed":50,"numerosity":150,"matchType":"paired","which":"first","trial_type":"numerosity-estimation","trial_index":164,"time_elapsed":766455,"subject_id":"78311"},{"rt":2738,"stimulus":50,"slider_start":100,"sprites":"butterflies","response":117,"absDeviation":33,"callibration":"test","block":9,"seed":50,"numerosity":150,"matchType":"paired","which":"second","trial_type":"numerosity-estimation","trial_index":165,"time_elapsed":769196,"subject_id":"78311"},{"rt":2588,"stimulus":51,"slider_start":100,"sprites":"hearts","response":116,"absDeviation":34,"callibration":"test","block":9,"seed":51,"numerosity":150,"matchType":"unpaired","which":"second","trial_type":"numerosity-estimation","trial_index":166,"time_elapsed":771786,"subject_id":"78311"},{"rt":2653,"stimulus":52,"slider_start":100,"sprites":"crackers","response":88,"absDeviation":10,"callibration":"test","block":9,"seed":52,"numerosity":78,"matchType":"unpaired","which":"second","trial_type":"numerosity-estimation","trial_index":167,"time_elapsed":774442,"subject_id":"78311"},{"rt":4459,"stimulus":54,"slider_start":100,"sprites":"fruits","response":89,"absDeviation":3,"callibration":"test","block":9,"seed":54,"numerosity":92,"matchType":"paired","which":"first","trial_type":"numerosity-estimation","trial_index":168,"time_elapsed":778904,"subject_id":"78311"},{"rt":3914,"stimulus":54,"slider_start":100,"sprites":"fruits","response":83,"absDeviation":9,"callibration":"test","block":9,"seed":54,"numerosity":92,"matchType":"paired","which":"second","trial_type":"numerosity-estimation","trial_index":169,"time_elapsed":782821,"subject_id":"78311"},{"rt":2813,"stimulus":55,"slider_start":100,"sprites":"jellyBeans","response":108,"absDeviation":13,"callibration":"test","block":9,"seed":55,"numerosity":121,"matchType":"unpaired","which":"second","trial_type":"numerosity-estimation","trial_index":170,"time_elapsed":785637,"subject_id":"78311"},{"rt":2617,"stimulus":56,"slider_start":100,"sprites":"marbles","response":75,"absDeviation":11,"callibration":"test","block":9,"seed":56,"numerosity":64,"matchType":"unpaired","which":"second","trial_type":"numerosity-estimation","trial_index":171,"time_elapsed":788256,"subject_id":"78311"},{"rt":2217,"stimulus":58,"slider_start":100,"sprites":"rocks","response":109,"absDeviation":12,"callibration":"test","block":9,"seed":58,"numerosity":121,"matchType":"paired","which":"first","trial_type":"numerosity-estimation","trial_index":172,"time_elapsed":790476,"subject_id":"78311"},{"rt":3108,"stimulus":58,"slider_start":100,"sprites":"rocks","response":118,"absDeviation":3,"callibration":"test","block":9,"seed":58,"numerosity":121,"matchType":"paired","which":"second","trial_type":"numerosity-estimation","trial_index":173,"time_elapsed":793587,"subject_id":"78311"},{"rt":2979,"stimulus":59,"slider_start":100,"sprites":"buttons","response":122,"absDeviation":13,"callibration":"test","block":9,"seed":59,"numerosity":135,"matchType":"unpaired","which":"second","trial_type":"numerosity-estimation","trial_index":174,"time_elapsed":796569,"subject_id":"78311"},{"rt":2658,"stimulus":60,"slider_start":100,"sprites":"animalCrackers","response":124,"absDeviation":26,"callibration":"test","block":9,"seed":60,"numerosity":150,"matchType":"unpaired","which":"second","trial_type":"numerosity-estimation","trial_index":175,"time_elapsed":799230,"subject_id":"78311"},{"rt":2625,"stimulus":62,"slider_start":100,"sprites":"butterflies","response":112,"absDeviation":23,"callibration":"test","block":9,"seed":62,"numerosity":135,"matchType":"paired","which":"first","trial_type":"numerosity-estimation","trial_index":176,"time_elapsed":801856,"subject_id":"78311"},{"rt":2272,"stimulus":62,"slider_start":100,"sprites":"butterflies","response":123,"absDeviation":12,"callibration":"test","block":9,"seed":62,"numerosity":135,"matchType":"paired","which":"second","trial_type":"numerosity-estimation","trial_index":177,"time_elapsed":804132,"subject_id":"78311"},{"rt":2407,"stimulus":63,"slider_start":100,"sprites":"hearts","response":70,"absDeviation":6,"callibration":"test","block":9,"seed":63,"numerosity":64,"matchType":"unpaired","which":"second","trial_type":"numerosity-estimation","trial_index":178,"time_elapsed":806541,"subject_id":"78311"},{"rt":3274,"stimulus":64,"slider_start":100,"sprites":"crackers","response":109,"absDeviation":26,"callibration":"test","block":9,"seed":64,"numerosity":135,"matchType":"unpaired","which":"second","trial_type":"numerosity-estimation","trial_index":179,"time_elapsed":809818,"subject_id":"78311"},{"rt":20451,"stimulus":"<p> For the last block of trials, the average deviation of your guesses from correct answers was 17.</p>\n     <p>The smaller the deviation the better.  Your deviation was <b> VERY good</b>.</p><br>\n       <p>Press any key to continue to the next block of trials</p>","response":" ","trial_type":"html-keyboard-response","trial_index":180,"time_elapsed":830274,"subject_id":"78311"},{"rt":2939,"stimulus":66,"slider_start":100,"sprites":"fruits","response":77,"absDeviation":13,"callibration":"test","block":10,"seed":66,"numerosity":64,"matchType":"paired","which":"first","trial_type":"numerosity-estimation","trial_index":181,"time_elapsed":833215,"subject_id":"78311"},{"rt":2083,"stimulus":66,"slider_start":100,"sprites":"fruits","response":63,"absDeviation":1,"callibration":"test","block":10,"seed":66,"numerosity":64,"matchType":"paired","which":"second","trial_type":"numerosity-estimation","trial_index":182,"time_elapsed":835301,"subject_id":"78311"},{"rt":2157,"stimulus":67,"slider_start":100,"sprites":"jellyBeans","response":113,"absDeviation":6,"callibration":"test","block":10,"seed":67,"numerosity":107,"matchType":"unpaired","which":"second","trial_type":"numerosity-estimation","trial_index":183,"time_elapsed":837461,"subject_id":"78311"},{"rt":2610,"stimulus":68,"slider_start":100,"sprites":"marbles","response":118,"absDeviation":32,"callibration":"test","block":10,"seed":68,"numerosity":150,"matchType":"unpaired","which":"second","trial_type":"numerosity-estimation","trial_index":184,"time_elapsed":840075,"subject_id":"78311"},{"rt":2616,"stimulus":70,"slider_start":100,"sprites":"rocks","response":113,"absDeviation":21,"callibration":"test","block":10,"seed":70,"numerosity":92,"matchType":"paired","which":"first","trial_type":"numerosity-estimation","trial_index":185,"time_elapsed":842693,"subject_id":"78311"},{"rt":1983,"stimulus":70,"slider_start":100,"sprites":"rocks","response":113,"absDeviation":21,"callibration":"test","block":10,"seed":70,"numerosity":92,"matchType":"paired","which":"second","trial_type":"numerosity-estimation","trial_index":186,"time_elapsed":844679,"subject_id":"78311"},{"rt":2752,"stimulus":71,"slider_start":100,"sprites":"buttons","response":117,"absDeviation":10,"callibration":"test","block":10,"seed":71,"numerosity":107,"matchType":"unpaired","which":"second","trial_type":"numerosity-estimation","trial_index":187,"time_elapsed":847434,"subject_id":"78311"},{"rt":2459,"stimulus":72,"slider_start":100,"sprites":"animalCrackers","response":78,"absDeviation":28,"callibration":"test","block":10,"seed":72,"numerosity":50,"matchType":"unpaired","which":"second","trial_type":"numerosity-estimation","trial_index":188,"time_elapsed":849895,"subject_id":"78311"},{"rt":2180,"stimulus":74,"slider_start":100,"sprites":"butterflies","response":79,"absDeviation":15,"callibration":"test","block":10,"seed":74,"numerosity":64,"matchType":"paired","which":"first","trial_type":"numerosity-estimation","trial_index":189,"time_elapsed":852078,"subject_id":"78311"},{"rt":4539,"stimulus":74,"slider_start":100,"sprites":"butterflies","response":89,"absDeviation":25,"callibration":"test","block":10,"seed":74,"numerosity":64,"matchType":"paired","which":"second","trial_type":"numerosity-estimation","trial_index":190,"time_elapsed":856621,"subject_id":"78311"},{"rt":2846,"stimulus":75,"slider_start":100,"sprites":"hearts","response":116,"absDeviation":24,"callibration":"test","block":10,"seed":75,"numerosity":92,"matchType":"unpaired","which":"second","trial_type":"numerosity-estimation","trial_index":191,"time_elapsed":859469,"subject_id":"78311"},{"rt":3316,"stimulus":76,"slider_start":100,"sprites":"crackers","response":90,"absDeviation":26,"callibration":"test","block":10,"seed":76,"numerosity":64,"matchType":"unpaired","which":"second","trial_type":"numerosity-estimation","trial_index":192,"time_elapsed":862788,"subject_id":"78311"},{"rt":2431,"stimulus":78,"slider_start":100,"sprites":"fruits","response":79,"absDeviation":15,"callibration":"test","block":10,"seed":78,"numerosity":64,"matchType":"paired","which":"first","trial_type":"numerosity-estimation","trial_index":193,"time_elapsed":865221,"subject_id":"78311"},{"rt":1933,"stimulus":78,"slider_start":100,"sprites":"fruits","response":89,"absDeviation":25,"callibration":"test","block":10,"seed":78,"numerosity":64,"matchType":"paired","which":"second","trial_type":"numerosity-estimation","trial_index":194,"time_elapsed":867158,"subject_id":"78311"},{"rt":2505,"stimulus":79,"slider_start":100,"sprites":"jellyBeans","response":84,"absDeviation":34,"callibration":"test","block":10,"seed":79,"numerosity":50,"matchType":"unpaired","which":"second","trial_type":"numerosity-estimation","trial_index":195,"time_elapsed":869666,"subject_id":"78311"},{"rt":3969,"stimulus":80,"slider_start":100,"sprites":"marbles","response":113,"absDeviation":8,"callibration":"test","block":10,"seed":80,"numerosity":121,"matchType":"unpaired","which":"second","trial_type":"numerosity-estimation","trial_index":196,"time_elapsed":873638,"subject_id":"78311"},{"rt":1066,"stimulus":"<p> For the last block of trials, the average deviation of your guesses from correct answers was 19.</p>\n     <p>The smaller the deviation the better.  Your deviation was <b> VERY good</b>.</p><br>\n       <p>Press any key to continue to the next block of trials</p>","response":" ","trial_type":"html-keyboard-response","trial_index":197,"time_elapsed":874708,"subject_id":"78311"},{"rt":2735,"stimulus":82,"slider_start":100,"sprites":"rocks","response":83,"absDeviation":19,"callibration":"test","block":11,"seed":82,"numerosity":64,"matchType":"paired","which":"first","trial_type":"numerosity-estimation","trial_index":198,"time_elapsed":877446,"subject_id":"78311"},{"rt":3076,"stimulus":82,"slider_start":100,"sprites":"rocks","response":67,"absDeviation":3,"callibration":"test","block":11,"seed":82,"numerosity":64,"matchType":"paired","which":"second","trial_type":"numerosity-estimation","trial_index":199,"time_elapsed":880525,"subject_id":"78311"},{"rt":2629,"stimulus":83,"slider_start":100,"sprites":"buttons","response":114,"absDeviation":7,"callibration":"test","block":11,"seed":83,"numerosity":121,"matchType":"unpaired","which":"second","trial_type":"numerosity-estimation","trial_index":200,"time_elapsed":883157,"subject_id":"78311"},{"rt":2224,"stimulus":84,"slider_start":100,"sprites":"animalCrackers","response":86,"absDeviation":36,"callibration":"test","block":11,"seed":84,"numerosity":50,"matchType":"unpaired","which":"second","trial_type":"numerosity-estimation","trial_index":201,"time_elapsed":885383,"subject_id":"78311"},{"rt":3399,"stimulus":86,"slider_start":100,"sprites":"butterflies","response":111,"absDeviation":10,"callibration":"test","block":11,"seed":86,"numerosity":121,"matchType":"paired","which":"first","trial_type":"numerosity-estimation","trial_index":202,"time_elapsed":888785,"subject_id":"78311"},{"rt":3075,"stimulus":86,"slider_start":100,"sprites":"butterflies","response":121,"absDeviation":0,"callibration":"test","block":11,"seed":86,"numerosity":121,"matchType":"paired","which":"second","trial_type":"numerosity-estimation","trial_index":203,"time_elapsed":891863,"subject_id":"78311"},{"rt":5311,"stimulus":87,"slider_start":100,"sprites":"hearts","response":76,"absDeviation":26,"callibration":"test","block":11,"seed":87,"numerosity":50,"matchType":"unpaired","which":"second","trial_type":"numerosity-estimation","trial_index":204,"time_elapsed":897177,"subject_id":"78311"},{"rt":2870,"stimulus":88,"slider_start":100,"sprites":"crackers","response":112,"absDeviation":23,"callibration":"test","block":11,"seed":88,"numerosity":135,"matchType":"unpaired","which":"second","trial_type":"numerosity-estimation","trial_index":205,"time_elapsed":900049,"subject_id":"78311"},{"rt":5255,"stimulus":90,"slider_start":100,"sprites":"fruits","response":145,"absDeviation":5,"callibration":"test","block":11,"seed":90,"numerosity":150,"matchType":"paired","which":"first","trial_type":"numerosity-estimation","trial_index":206,"time_elapsed":905306,"subject_id":"78311"},{"rt":2578,"stimulus":90,"slider_start":100,"sprites":"fruits","response":155,"absDeviation":5,"callibration":"test","block":11,"seed":90,"numerosity":150,"matchType":"paired","which":"second","trial_type":"numerosity-estimation","trial_index":207,"time_elapsed":907888,"subject_id":"78311"},{"rt":3474,"stimulus":91,"slider_start":100,"sprites":"jellyBeans","response":118,"absDeviation":26,"callibration":"test","block":11,"seed":91,"numerosity":92,"matchType":"unpaired","which":"second","trial_type":"numerosity-estimation","trial_index":208,"time_elapsed":911364,"subject_id":"78311"},{"rt":2050,"stimulus":92,"slider_start":100,"sprites":"marbles","response":137,"absDeviation":16,"callibration":"test","block":11,"seed":92,"numerosity":121,"matchType":"unpaired","which":"second","trial_type":"numerosity-estimation","trial_index":209,"time_elapsed":913417,"subject_id":"78311"},{"rt":2157,"stimulus":94,"slider_start":100,"sprites":"rocks","response":132,"absDeviation":54,"callibration":"test","block":11,"seed":94,"numerosity":78,"matchType":"paired","which":"first","trial_type":"numerosity-estimation","trial_index":210,"time_elapsed":915577,"subject_id":"78311"},{"rt":3730,"stimulus":94,"slider_start":100,"sprites":"rocks","response":114,"absDeviation":36,"callibration":"test","block":11,"seed":94,"numerosity":78,"matchType":"paired","which":"second","trial_type":"numerosity-estimation","trial_index":211,"time_elapsed":919311,"subject_id":"78311"},{"rt":2223,"stimulus":95,"slider_start":100,"sprites":"buttons","response":88,"absDeviation":24,"callibration":"test","block":11,"seed":95,"numerosity":64,"matchType":"unpaired","which":"second","trial_type":"numerosity-estimation","trial_index":212,"time_elapsed":921537,"subject_id":"78311"},{"rt":2190,"stimulus":96,"slider_start":100,"sprites":"animalCrackers","response":109,"absDeviation":17,"callibration":"test","block":11,"seed":96,"numerosity":92,"matchType":"unpaired","which":"second","trial_type":"numerosity-estimation","trial_index":213,"time_elapsed":923730,"subject_id":"78311"},{"rt":940,"stimulus":"<p> For the last block of trials, the average deviation of your guesses from correct answers was 19.</p>\n     <p>The smaller the deviation the better.  Your deviation was <b> VERY good</b>.</p><br>\n       <p>Press any key to continue to the next block of trials</p>","response":" ","trial_type":"html-keyboard-response","trial_index":214,"time_elapsed":924674,"subject_id":"78311"},{"rt":14214,"response":{"averageEstimates":"When the two displays occured back-to-back, in immediate succession.","firstOrSecond":"The first time the objects were shown"},"question_order":[0,1],"trial_type":"survey-multi-choice","trial_index":215,"time_elapsed":938891,"subject_id":"78311"}]