[{"rt":3053,"url":"consent.html","trial_type":"external-html","trial_index":0,"time_elapsed":3114,"subject_id":"77271"},{"view_history":[{"page_index":0,"viewing_time":965}],"rt":965,"trial_type":"instructions","trial_index":1,"time_elapsed":4080,"subject_id":"77271"},{"rt":2091,"stimulus":0,"slider_start":100,"sprites":"animalCrackers","response":100,"absDeviation":50,"callibration":"callibration","block":-1,"seed":0,"numerosity":50,"matchType":"callibration","which":"first","trial_type":"numerosity-estimation","trial_index":2,"time_elapsed":6180,"subject_id":"77271"},{"rt":1081,"stimulus":1,"slider_start":100,"sprites":"letters","response":100,"absDeviation":36,"callibration":"callibration","block":-1,"seed":1,"numerosity":64,"matchType":"callibration","which":"first","trial_type":"numerosity-estimation","trial_index":3,"time_elapsed":7263,"subject_id":"77271"},{"rt":1013,"stimulus":2,"slider_start":100,"sprites":"butterflies","response":100,"absDeviation":22,"callibration":"callibration","block":-1,"seed":2,"numerosity":78,"matchType":"callibration","which":"first","trial_type":"numerosity-estimation","trial_index":4,"time_elapsed":8279,"subject_id":"77271"},{"rt":1015,"stimulus":3,"slider_start":100,"sprites":"hearts","response":100,"absDeviation":8,"callibration":"callibration","block":-1,"seed":3,"numerosity":92,"matchType":"callibration","which":"first","trial_type":"numerosity-estimation","trial_index":5,"time_elapsed":9297,"subject_id":"77271"},{"rt":996,"stimulus":4,"slider_start":100,"sprites":"crackers","response":100,"absDeviation":7,"callibration":"callibration","block":-1,"seed":4,"numerosity":107,"matchType":"callibration","which":"first","trial_type":"numerosity-estimation","trial_index":6,"time_elapsed":10305,"subject_id":"77271"},{"rt":872,"stimulus":5,"slider_start":100,"sprites":"bears","response":100,"absDeviation":21,"callibration":"callibration","block":-1,"seed":5,"numerosity":121,"matchType":"callibration","which":"first","trial_type":"numerosity-estimation","trial_index":7,"time_elapsed":11180,"subject_id":"77271"},{"rt":981,"stimulus":6,"slider_start":100,"sprites":"fruits","response":100,"absDeviation":35,"callibration":"callibration","block":-1,"seed":6,"numerosity":135,"matchType":"callibration","which":"first","trial_type":"numerosity-estimation","trial_index":8,"time_elapsed":12164,"subject_id":"77271"},{"rt":1148,"stimulus":7,"slider_start":100,"sprites":"jellyBeans","response":100,"absDeviation":50,"callibration":"callibration","block":-1,"seed":7,"numerosity":150,"matchType":"callibration","which":"first","trial_type":"numerosity-estimation","trial_index":9,"time_elapsed":13314,"subject_id":"77271"},{"view_history":[{"page_index":0,"viewing_time":123757}],"rt":123758,"trial_type":"instructions","trial_index":10,"time_elapsed":137076,"subject_id":"77271"},{"rt":6281,"stimulus":1,"slider_start":100,"sprites":"letters","response":93,"absDeviation":1,"callibration":"test","block":0,"seed":1,"numerosity":92,"matchType":"paired","which":"first","trial_type":"numerosity-estimation","trial_index":11,"time_elapsed":143359,"subject_id":"77271"},{"rt":3065,"stimulus":1,"slider_start":100,"sprites":"letters","response":87,"absDeviation":5,"callibration":"test","block":0,"seed":1,"numerosity":92,"matchType":"paired","which":"second","trial_type":"numerosity-estimation","trial_index":12,"time_elapsed":146427,"subject_id":"77271"},{"rt":4998,"stimulus":3,"slider_start":100,"sprites":"hearts","response":94,"absDeviation":44,"callibration":"test","block":0,"seed":3,"numerosity":50,"matchType":"unpaired","which":"first","trial_type":"numerosity-estimation","trial_index":13,"time_elapsed":151427,"subject_id":"77271"},{"rt":2514,"stimulus":4,"slider_start":100,"sprites":"crackers","response":107,"absDeviation":0,"callibration":"test","block":0,"seed":4,"numerosity":107,"matchType":"unpaired","which":"first","trial_type":"numerosity-estimation","trial_index":14,"time_elapsed":153944,"subject_id":"77271"},{"rt":2332,"stimulus":5,"slider_start":100,"sprites":"bears","response":96,"absDeviation":46,"callibration":"test","block":0,"seed":5,"numerosity":50,"matchType":"paired","which":"first","trial_type":"numerosity-estimation","trial_index":15,"time_elapsed":156278,"subject_id":"77271"},{"rt":2015,"stimulus":5,"slider_start":100,"sprites":"bears","response":100,"absDeviation":50,"callibration":"test","block":0,"seed":5,"numerosity":50,"matchType":"paired","which":"second","trial_type":"numerosity-estimation","trial_index":16,"time_elapsed":158295,"subject_id":"77271"},{"rt":2131,"stimulus":7,"slider_start":100,"sprites":"jellyBeans","response":110,"absDeviation":60,"callibration":"test","block":0,"seed":7,"numerosity":50,"matchType":"unpaired","which":"first","trial_type":"numerosity-estimation","trial_index":17,"time_elapsed":160429,"subject_id":"77271"},{"rt":2532,"stimulus":8,"slider_start":100,"sprites":"marbles","response":112,"absDeviation":20,"callibration":"test","block":0,"seed":8,"numerosity":92,"matchType":"unpaired","which":"first","trial_type":"numerosity-estimation","trial_index":18,"time_elapsed":162963,"subject_id":"77271"},{"rt":3013,"stimulus":9,"slider_start":100,"sprites":"mints","response":123,"absDeviation":12,"callibration":"test","block":0,"seed":9,"numerosity":135,"matchType":"paired","which":"first","trial_type":"numerosity-estimation","trial_index":19,"time_elapsed":165979,"subject_id":"77271"},{"rt":3297,"stimulus":9,"slider_start":100,"sprites":"mints","response":130,"absDeviation":5,"callibration":"test","block":0,"seed":9,"numerosity":135,"matchType":"paired","which":"second","trial_type":"numerosity-estimation","trial_index":20,"time_elapsed":169279,"subject_id":"77271"},{"rt":2482,"stimulus":11,"slider_start":100,"sprites":"buttons","response":128,"absDeviation":21,"callibration":"test","block":0,"seed":11,"numerosity":107,"matchType":"unpaired","which":"first","trial_type":"numerosity-estimation","trial_index":21,"time_elapsed":171763,"subject_id":"77271"},{"rt":2397,"stimulus":12,"slider_start":100,"sprites":"animalCrackers","response":123,"absDeviation":31,"callibration":"test","block":0,"seed":12,"numerosity":92,"matchType":"unpaired","which":"first","trial_type":"numerosity-estimation","trial_index":22,"time_elapsed":174162,"subject_id":"77271"},{"rt":2499,"stimulus":13,"slider_start":100,"sprites":"letters","response":127,"absDeviation":20,"callibration":"test","block":0,"seed":13,"numerosity":107,"matchType":"paired","which":"first","trial_type":"numerosity-estimation","trial_index":23,"time_elapsed":176664,"subject_id":"77271"},{"rt":3514,"stimulus":13,"slider_start":100,"sprites":"letters","response":126,"absDeviation":19,"callibration":"test","block":0,"seed":13,"numerosity":107,"matchType":"paired","which":"second","trial_type":"numerosity-estimation","trial_index":24,"time_elapsed":180180,"subject_id":"77271"},{"rt":2865,"stimulus":15,"slider_start":100,"sprites":"hearts","response":140,"absDeviation":19,"callibration":"test","block":0,"seed":15,"numerosity":121,"matchType":"unpaired","which":"first","trial_type":"numerosity-estimation","trial_index":25,"time_elapsed":183047,"subject_id":"77271"},{"rt":2682,"stimulus":16,"slider_start":100,"sprites":"crackers","response":97,"absDeviation":33,"callibration":"test","block":0,"seed":16,"numerosity":64,"matchType":"unpaired","which":"first","trial_type":"numerosity-estimation","trial_index":26,"time_elapsed":185732,"subject_id":"77271"},{"rt":30048,"stimulus":"<p> For the last block of trials, the average deviation of your guesses from correct answers was 24.</p>\n     <p>The smaller the deviation the better.  Your deviation was <b> VERY good</b>.</p><br>\n       <p>Press any key to continue to the next block of trials</p>","response":"j","trial_type":"html-keyboard-response","trial_index":27,"time_elapsed":215784,"subject_id":"77271"},{"rt":3881,"stimulus":17,"slider_start":100,"sprites":"bears","response":109,"absDeviation":17,"callibration":"test","block":1,"seed":17,"numerosity":92,"matchType":"paired","which":"first","trial_type":"numerosity-estimation","trial_index":28,"time_elapsed":219667,"subject_id":"77271"},{"rt":2231,"stimulus":17,"slider_start":100,"sprites":"bears","response":112,"absDeviation":20,"callibration":"test","block":1,"seed":17,"numerosity":92,"matchType":"paired","which":"second","trial_type":"numerosity-estimation","trial_index":29,"time_elapsed":221901,"subject_id":"77271"},{"rt":3098,"stimulus":19,"slider_start":100,"sprites":"jellyBeans","response":127,"absDeviation":8,"callibration":"test","block":1,"seed":19,"numerosity":135,"matchType":"unpaired","which":"first","trial_type":"numerosity-estimation","trial_index":30,"time_elapsed":225001,"subject_id":"77271"},{"rt":1964,"stimulus":20,"slider_start":100,"sprites":"marbles","response":110,"absDeviation":32,"callibration":"test","block":1,"seed":20,"numerosity":78,"matchType":"unpaired","which":"first","trial_type":"numerosity-estimation","trial_index":31,"time_elapsed":226968,"subject_id":"77271"},{"rt":2332,"stimulus":21,"slider_start":100,"sprites":"mints","response":121,"absDeviation":29,"callibration":"test","block":1,"seed":21,"numerosity":92,"matchType":"paired","which":"first","trial_type":"numerosity-estimation","trial_index":32,"time_elapsed":229301,"subject_id":"77271"},{"rt":1932,"stimulus":21,"slider_start":100,"sprites":"mints","response":116,"absDeviation":24,"callibration":"test","block":1,"seed":21,"numerosity":92,"matchType":"paired","which":"second","trial_type":"numerosity-estimation","trial_index":33,"time_elapsed":231235,"subject_id":"77271"},{"rt":2231,"stimulus":23,"slider_start":100,"sprites":"buttons","response":134,"absDeviation":16,"callibration":"test","block":1,"seed":23,"numerosity":150,"matchType":"unpaired","which":"first","trial_type":"numerosity-estimation","trial_index":34,"time_elapsed":233469,"subject_id":"77271"},{"rt":2531,"stimulus":24,"slider_start":100,"sprites":"animalCrackers","response":135,"absDeviation":28,"callibration":"test","block":1,"seed":24,"numerosity":107,"matchType":"unpaired","which":"first","trial_type":"numerosity-estimation","trial_index":35,"time_elapsed":236002,"subject_id":"77271"},{"rt":2848,"stimulus":25,"slider_start":100,"sprites":"letters","response":113,"absDeviation":6,"callibration":"test","block":1,"seed":25,"numerosity":107,"matchType":"paired","which":"first","trial_type":"numerosity-estimation","trial_index":36,"time_elapsed":238852,"subject_id":"77271"},{"rt":3298,"stimulus":25,"slider_start":100,"sprites":"letters","response":113,"absDeviation":6,"callibration":"test","block":1,"seed":25,"numerosity":107,"matchType":"paired","which":"second","trial_type":"numerosity-estimation","trial_index":37,"time_elapsed":242153,"subject_id":"77271"},{"rt":2080,"stimulus":27,"slider_start":100,"sprites":"hearts","response":114,"absDeviation":7,"callibration":"test","block":1,"seed":27,"numerosity":121,"matchType":"unpaired","which":"first","trial_type":"numerosity-estimation","trial_index":38,"time_elapsed":244236,"subject_id":"77271"},{"rt":2898,"stimulus":28,"slider_start":100,"sprites":"crackers","response":135,"absDeviation":15,"callibration":"test","block":1,"seed":28,"numerosity":150,"matchType":"unpaired","which":"first","trial_type":"numerosity-estimation","trial_index":39,"time_elapsed":247136,"subject_id":"77271"},{"rt":2448,"stimulus":29,"slider_start":100,"sprites":"bears","response":96,"absDeviation":32,"callibration":"test","block":1,"seed":29,"numerosity":64,"matchType":"paired","which":"first","trial_type":"numerosity-estimation","trial_index":40,"time_elapsed":249587,"subject_id":"77271"},{"rt":3731,"stimulus":29,"slider_start":100,"sprites":"bears","response":100,"absDeviation":36,"callibration":"test","block":1,"seed":29,"numerosity":64,"matchType":"paired","which":"second","trial_type":"numerosity-estimation","trial_index":41,"time_elapsed":253320,"subject_id":"77271"},{"rt":2981,"stimulus":31,"slider_start":100,"sprites":"jellyBeans","response":112,"absDeviation":38,"callibration":"test","block":1,"seed":31,"numerosity":150,"matchType":"unpaired","which":"first","trial_type":"numerosity-estimation","trial_index":42,"time_elapsed":256304,"subject_id":"77271"},{"rt":3297,"stimulus":32,"slider_start":100,"sprites":"marbles","response":126,"absDeviation":9,"callibration":"test","block":1,"seed":32,"numerosity":135,"matchType":"unpaired","which":"first","trial_type":"numerosity-estimation","trial_index":43,"time_elapsed":259604,"subject_id":"77271"},{"rt":2260,"stimulus":"<p> For the last block of trials, the average deviation of your guesses from correct answers was 20.</p>\n     <p>The smaller the deviation the better.  Your deviation was <b> VERY good</b>.</p><br>\n       <p>Press any key to continue to the next block of trials</p>","response":"n","trial_type":"html-keyboard-response","trial_index":44,"time_elapsed":261866,"subject_id":"77271"},{"rt":3270,"stimulus":33,"slider_start":100,"sprites":"mints","response":120,"absDeviation":1,"callibration":"test","block":2,"seed":33,"numerosity":121,"matchType":"paired","which":"first","trial_type":"numerosity-estimation","trial_index":45,"time_elapsed":265138,"subject_id":"77271"},{"rt":2015,"stimulus":33,"slider_start":100,"sprites":"mints","response":124,"absDeviation":3,"callibration":"test","block":2,"seed":33,"numerosity":121,"matchType":"paired","which":"second","trial_type":"numerosity-estimation","trial_index":46,"time_elapsed":267155,"subject_id":"77271"},{"rt":2331,"stimulus":35,"slider_start":100,"sprites":"buttons","response":116,"absDeviation":38,"callibration":"test","block":2,"seed":35,"numerosity":78,"matchType":"unpaired","which":"first","trial_type":"numerosity-estimation","trial_index":47,"time_elapsed":269489,"subject_id":"77271"},{"rt":1965,"stimulus":36,"slider_start":100,"sprites":"animalCrackers","response":109,"absDeviation":59,"callibration":"test","block":2,"seed":36,"numerosity":50,"matchType":"unpaired","which":"first","trial_type":"numerosity-estimation","trial_index":48,"time_elapsed":271456,"subject_id":"77271"},{"rt":1798,"stimulus":37,"slider_start":100,"sprites":"letters","response":108,"absDeviation":27,"callibration":"test","block":2,"seed":37,"numerosity":135,"matchType":"paired","which":"first","trial_type":"numerosity-estimation","trial_index":49,"time_elapsed":273256,"subject_id":"77271"},{"rt":2065,"stimulus":37,"slider_start":100,"sprites":"letters","response":118,"absDeviation":17,"callibration":"test","block":2,"seed":37,"numerosity":135,"matchType":"paired","which":"second","trial_type":"numerosity-estimation","trial_index":50,"time_elapsed":275323,"subject_id":"77271"},{"rt":2814,"stimulus":39,"slider_start":100,"sprites":"hearts","response":119,"absDeviation":41,"callibration":"test","block":2,"seed":39,"numerosity":78,"matchType":"unpaired","which":"first","trial_type":"numerosity-estimation","trial_index":51,"time_elapsed":278140,"subject_id":"77271"},{"rt":2915,"stimulus":40,"slider_start":100,"sprites":"crackers","response":127,"absDeviation":6,"callibration":"test","block":2,"seed":40,"numerosity":121,"matchType":"unpaired","which":"first","trial_type":"numerosity-estimation","trial_index":52,"time_elapsed":281057,"subject_id":"77271"},{"rt":2548,"stimulus":41,"slider_start":100,"sprites":"bears","response":90,"absDeviation":40,"callibration":"test","block":2,"seed":41,"numerosity":50,"matchType":"paired","which":"first","trial_type":"numerosity-estimation","trial_index":53,"time_elapsed":283607,"subject_id":"77271"},{"rt":3215,"stimulus":41,"slider_start":100,"sprites":"bears","response":96,"absDeviation":46,"callibration":"test","block":2,"seed":41,"numerosity":50,"matchType":"paired","which":"second","trial_type":"numerosity-estimation","trial_index":54,"time_elapsed":286824,"subject_id":"77271"},{"rt":2364,"stimulus":43,"slider_start":100,"sprites":"jellyBeans","response":102,"absDeviation":38,"callibration":"test","block":2,"seed":43,"numerosity":64,"matchType":"unpaired","which":"first","trial_type":"numerosity-estimation","trial_index":55,"time_elapsed":289191,"subject_id":"77271"},{"rt":2697,"stimulus":44,"slider_start":100,"sprites":"marbles","response":110,"absDeviation":11,"callibration":"test","block":2,"seed":44,"numerosity":121,"matchType":"unpaired","which":"first","trial_type":"numerosity-estimation","trial_index":56,"time_elapsed":291891,"subject_id":"77271"},{"rt":2065,"stimulus":45,"slider_start":100,"sprites":"mints","response":120,"absDeviation":1,"callibration":"test","block":2,"seed":45,"numerosity":121,"matchType":"paired","which":"first","trial_type":"numerosity-estimation","trial_index":57,"time_elapsed":293958,"subject_id":"77271"},{"rt":2665,"stimulus":45,"slider_start":100,"sprites":"mints","response":133,"absDeviation":12,"callibration":"test","block":2,"seed":45,"numerosity":121,"matchType":"paired","which":"second","trial_type":"numerosity-estimation","trial_index":58,"time_elapsed":296625,"subject_id":"77271"},{"rt":3099,"stimulus":47,"slider_start":100,"sprites":"buttons","response":127,"absDeviation":6,"callibration":"test","block":2,"seed":47,"numerosity":121,"matchType":"unpaired","which":"first","trial_type":"numerosity-estimation","trial_index":59,"time_elapsed":299726,"subject_id":"77271"},{"rt":2348,"stimulus":48,"slider_start":100,"sprites":"animalCrackers","response":143,"absDeviation":8,"callibration":"test","block":2,"seed":48,"numerosity":135,"matchType":"unpaired","which":"first","trial_type":"numerosity-estimation","trial_index":60,"time_elapsed":302076,"subject_id":"77271"},{"rt":49394,"stimulus":"<p> For the last block of trials, the average deviation of your guesses from correct answers was 22.</p>\n     <p>The smaller the deviation the better.  Your deviation was <b> VERY good</b>.</p><br>\n       <p>Press any key to continue to the next block of trials</p>","response":" ","trial_type":"html-keyboard-response","trial_index":61,"time_elapsed":351472,"subject_id":"77271"},{"rt":3056,"stimulus":49,"slider_start":100,"sprites":"letters","response":104,"absDeviation":26,"callibration":"test","block":3,"seed":49,"numerosity":78,"matchType":"paired","which":"first","trial_type":"numerosity-estimation","trial_index":62,"time_elapsed":354530,"subject_id":"77271"},{"rt":2265,"stimulus":49,"slider_start":100,"sprites":"letters","response":106,"absDeviation":28,"callibration":"test","block":3,"seed":49,"numerosity":78,"matchType":"paired","which":"second","trial_type":"numerosity-estimation","trial_index":63,"time_elapsed":356797,"subject_id":"77271"},{"rt":3648,"stimulus":51,"slider_start":100,"sprites":"hearts","response":139,"absDeviation":11,"callibration":"test","block":3,"seed":51,"numerosity":150,"matchType":"unpaired","which":"first","trial_type":"numerosity-estimation","trial_index":64,"time_elapsed":360448,"subject_id":"77271"},{"rt":2681,"stimulus":52,"slider_start":100,"sprites":"crackers","response":108,"absDeviation":30,"callibration":"test","block":3,"seed":52,"numerosity":78,"matchType":"unpaired","which":"first","trial_type":"numerosity-estimation","trial_index":65,"time_elapsed":363131,"subject_id":"77271"},{"rt":2215,"stimulus":53,"slider_start":100,"sprites":"bears","response":99,"absDeviation":49,"callibration":"test","block":3,"seed":53,"numerosity":50,"matchType":"paired","which":"first","trial_type":"numerosity-estimation","trial_index":66,"time_elapsed":365348,"subject_id":"77271"},{"rt":2148,"stimulus":53,"slider_start":100,"sprites":"bears","response":99,"absDeviation":49,"callibration":"test","block":3,"seed":53,"numerosity":50,"matchType":"paired","which":"second","trial_type":"numerosity-estimation","trial_index":67,"time_elapsed":367498,"subject_id":"77271"},{"rt":2698,"stimulus":55,"slider_start":100,"sprites":"jellyBeans","response":120,"absDeviation":1,"callibration":"test","block":3,"seed":55,"numerosity":121,"matchType":"unpaired","which":"first","trial_type":"numerosity-estimation","trial_index":68,"time_elapsed":370199,"subject_id":"77271"},{"rt":2148,"stimulus":56,"slider_start":100,"sprites":"marbles","response":106,"absDeviation":42,"callibration":"test","block":3,"seed":56,"numerosity":64,"matchType":"unpaired","which":"first","trial_type":"numerosity-estimation","trial_index":69,"time_elapsed":372349,"subject_id":"77271"},{"rt":3681,"stimulus":57,"slider_start":100,"sprites":"mints","response":115,"absDeviation":51,"callibration":"test","block":3,"seed":57,"numerosity":64,"matchType":"paired","which":"first","trial_type":"numerosity-estimation","trial_index":70,"time_elapsed":376032,"subject_id":"77271"},{"rt":4232,"stimulus":57,"slider_start":100,"sprites":"mints","response":106,"absDeviation":42,"callibration":"test","block":3,"seed":57,"numerosity":64,"matchType":"paired","which":"second","trial_type":"numerosity-estimation","trial_index":71,"time_elapsed":380266,"subject_id":"77271"},{"rt":2832,"stimulus":59,"slider_start":100,"sprites":"buttons","response":125,"absDeviation":10,"callibration":"test","block":3,"seed":59,"numerosity":135,"matchType":"unpaired","which":"first","trial_type":"numerosity-estimation","trial_index":72,"time_elapsed":383100,"subject_id":"77271"},{"rt":2998,"stimulus":60,"slider_start":100,"sprites":"animalCrackers","response":127,"absDeviation":23,"callibration":"test","block":3,"seed":60,"numerosity":150,"matchType":"unpaired","which":"first","trial_type":"numerosity-estimation","trial_index":73,"time_elapsed":386101,"subject_id":"77271"},{"rt":4498,"stimulus":61,"slider_start":100,"sprites":"letters","response":80,"absDeviation":30,"callibration":"test","block":3,"seed":61,"numerosity":50,"matchType":"paired","which":"first","trial_type":"numerosity-estimation","trial_index":74,"time_elapsed":390601,"subject_id":"77271"},{"rt":2798,"stimulus":61,"slider_start":100,"sprites":"letters","response":78,"absDeviation":28,"callibration":"test","block":3,"seed":61,"numerosity":50,"matchType":"paired","which":"second","trial_type":"numerosity-estimation","trial_index":75,"time_elapsed":393401,"subject_id":"77271"},{"rt":2281,"stimulus":63,"slider_start":100,"sprites":"hearts","response":90,"absDeviation":26,"callibration":"test","block":3,"seed":63,"numerosity":64,"matchType":"unpaired","which":"first","trial_type":"numerosity-estimation","trial_index":76,"time_elapsed":395685,"subject_id":"77271"},{"rt":2082,"stimulus":64,"slider_start":100,"sprites":"crackers","response":119,"absDeviation":16,"callibration":"test","block":3,"seed":64,"numerosity":135,"matchType":"unpaired","which":"first","trial_type":"numerosity-estimation","trial_index":77,"time_elapsed":397768,"subject_id":"77271"},{"rt":1231,"stimulus":"<p> For the last block of trials, the average deviation of your guesses from correct answers was 29.</p>\n     <p>The smaller the deviation the better.  Your deviation was <b> good</b>.</p><br>\n       <p>Press any key to continue to the next block of trials</p>","response":"k","trial_type":"html-keyboard-response","trial_index":78,"time_elapsed":399001,"subject_id":"77271"},{"rt":2616,"stimulus":65,"slider_start":100,"sprites":"bears","response":118,"absDeviation":11,"callibration":"test","block":4,"seed":65,"numerosity":107,"matchType":"paired","which":"first","trial_type":"numerosity-estimation","trial_index":79,"time_elapsed":401619,"subject_id":"77271"},{"rt":1932,"stimulus":65,"slider_start":100,"sprites":"bears","response":118,"absDeviation":11,"callibration":"test","block":4,"seed":65,"numerosity":107,"matchType":"paired","which":"second","trial_type":"numerosity-estimation","trial_index":80,"time_elapsed":403553,"subject_id":"77271"},{"rt":1862,"stimulus":67,"slider_start":100,"sprites":"jellyBeans","response":111,"absDeviation":4,"callibration":"test","block":4,"seed":67,"numerosity":107,"matchType":"unpaired","which":"first","trial_type":"numerosity-estimation","trial_index":81,"time_elapsed":405419,"subject_id":"77271"},{"rt":1998,"stimulus":68,"slider_start":100,"sprites":"marbles","response":109,"absDeviation":41,"callibration":"test","block":4,"seed":68,"numerosity":150,"matchType":"unpaired","which":"first","trial_type":"numerosity-estimation","trial_index":82,"time_elapsed":407419,"subject_id":"77271"},{"rt":2016,"stimulus":69,"slider_start":100,"sprites":"mints","response":123,"absDeviation":2,"callibration":"test","block":4,"seed":69,"numerosity":121,"matchType":"paired","which":"first","trial_type":"numerosity-estimation","trial_index":83,"time_elapsed":409437,"subject_id":"77271"},{"rt":2063,"stimulus":69,"slider_start":100,"sprites":"mints","response":111,"absDeviation":10,"callibration":"test","block":4,"seed":69,"numerosity":121,"matchType":"paired","which":"second","trial_type":"numerosity-estimation","trial_index":84,"time_elapsed":411504,"subject_id":"77271"},{"rt":3214,"stimulus":71,"slider_start":100,"sprites":"buttons","response":119,"absDeviation":12,"callibration":"test","block":4,"seed":71,"numerosity":107,"matchType":"unpaired","which":"first","trial_type":"numerosity-estimation","trial_index":85,"time_elapsed":414720,"subject_id":"77271"},{"rt":3982,"stimulus":72,"slider_start":100,"sprites":"animalCrackers","response":59,"absDeviation":9,"callibration":"test","block":4,"seed":72,"numerosity":50,"matchType":"unpaired","which":"first","trial_type":"numerosity-estimation","trial_index":86,"time_elapsed":418704,"subject_id":"77271"},{"rt":2298,"stimulus":73,"slider_start":100,"sprites":"letters","response":81,"absDeviation":3,"callibration":"test","block":4,"seed":73,"numerosity":78,"matchType":"paired","which":"first","trial_type":"numerosity-estimation","trial_index":87,"time_elapsed":421004,"subject_id":"77271"},{"rt":2315,"stimulus":73,"slider_start":100,"sprites":"letters","response":95,"absDeviation":17,"callibration":"test","block":4,"seed":73,"numerosity":78,"matchType":"paired","which":"second","trial_type":"numerosity-estimation","trial_index":88,"time_elapsed":423321,"subject_id":"77271"},{"rt":2581,"stimulus":75,"slider_start":100,"sprites":"hearts","response":96,"absDeviation":4,"callibration":"test","block":4,"seed":75,"numerosity":92,"matchType":"unpaired","which":"first","trial_type":"numerosity-estimation","trial_index":89,"time_elapsed":425905,"subject_id":"77271"},{"rt":1848,"stimulus":76,"slider_start":100,"sprites":"crackers","response":94,"absDeviation":30,"callibration":"test","block":4,"seed":76,"numerosity":64,"matchType":"unpaired","which":"first","trial_type":"numerosity-estimation","trial_index":90,"time_elapsed":427754,"subject_id":"77271"},{"rt":2432,"stimulus":77,"slider_start":100,"sprites":"bears","response":105,"absDeviation":30,"callibration":"test","block":4,"seed":77,"numerosity":135,"matchType":"paired","which":"first","trial_type":"numerosity-estimation","trial_index":91,"time_elapsed":430188,"subject_id":"77271"},{"rt":3265,"stimulus":77,"slider_start":100,"sprites":"bears","response":115,"absDeviation":20,"callibration":"test","block":4,"seed":77,"numerosity":135,"matchType":"paired","which":"second","trial_type":"numerosity-estimation","trial_index":92,"time_elapsed":433455,"subject_id":"77271"},{"rt":2598,"stimulus":79,"slider_start":100,"sprites":"jellyBeans","response":45,"absDeviation":5,"callibration":"test","block":4,"seed":79,"numerosity":50,"matchType":"unpaired","which":"first","trial_type":"numerosity-estimation","trial_index":93,"time_elapsed":436055,"subject_id":"77271"},{"rt":2515,"stimulus":80,"slider_start":100,"sprites":"marbles","response":62,"absDeviation":59,"callibration":"test","block":4,"seed":80,"numerosity":121,"matchType":"unpaired","which":"first","trial_type":"numerosity-estimation","trial_index":94,"time_elapsed":438572,"subject_id":"77271"},{"rt":5806,"stimulus":"<p> For the last block of trials, the average deviation of your guesses from correct answers was 17.</p>\n     <p>The smaller the deviation the better.  Your deviation was <b> VERY good</b>.</p><br>\n       <p>Press any key to continue to the next block of trials</p>","response":" ","trial_type":"html-keyboard-response","trial_index":95,"time_elapsed":444380,"subject_id":"77271"},{"rt":3458,"stimulus":81,"slider_start":100,"sprites":"mints","response":115,"absDeviation":6,"callibration":"test","block":5,"seed":81,"numerosity":121,"matchType":"paired","which":"first","trial_type":"numerosity-estimation","trial_index":96,"time_elapsed":447840,"subject_id":"77271"},{"rt":2431,"stimulus":81,"slider_start":100,"sprites":"mints","response":125,"absDeviation":4,"callibration":"test","block":5,"seed":81,"numerosity":121,"matchType":"paired","which":"second","trial_type":"numerosity-estimation","trial_index":97,"time_elapsed":450273,"subject_id":"77271"},{"rt":2132,"stimulus":83,"slider_start":100,"sprites":"buttons","response":110,"absDeviation":11,"callibration":"test","block":5,"seed":83,"numerosity":121,"matchType":"unpaired","which":"first","trial_type":"numerosity-estimation","trial_index":98,"time_elapsed":452407,"subject_id":"77271"},{"rt":1882,"stimulus":84,"slider_start":100,"sprites":"animalCrackers","response":72,"absDeviation":22,"callibration":"test","block":5,"seed":84,"numerosity":50,"matchType":"unpaired","which":"first","trial_type":"numerosity-estimation","trial_index":99,"time_elapsed":454291,"subject_id":"77271"},{"rt":2265,"stimulus":85,"slider_start":100,"sprites":"letters","response":84,"absDeviation":20,"callibration":"test","block":5,"seed":85,"numerosity":64,"matchType":"paired","which":"first","trial_type":"numerosity-estimation","trial_index":100,"time_elapsed":456559,"subject_id":"77271"},{"rt":2462,"stimulus":85,"slider_start":100,"sprites":"letters","response":85,"absDeviation":21,"callibration":"test","block":5,"seed":85,"numerosity":64,"matchType":"paired","which":"second","trial_type":"numerosity-estimation","trial_index":101,"time_elapsed":459024,"subject_id":"77271"},{"rt":3649,"stimulus":87,"slider_start":100,"sprites":"hearts","response":97,"absDeviation":47,"callibration":"test","block":5,"seed":87,"numerosity":50,"matchType":"unpaired","which":"first","trial_type":"numerosity-estimation","trial_index":102,"time_elapsed":462674,"subject_id":"77271"},{"rt":2782,"stimulus":88,"slider_start":100,"sprites":"crackers","response":105,"absDeviation":30,"callibration":"test","block":5,"seed":88,"numerosity":135,"matchType":"unpaired","which":"first","trial_type":"numerosity-estimation","trial_index":103,"time_elapsed":465458,"subject_id":"77271"},{"rt":2065,"stimulus":89,"slider_start":100,"sprites":"bears","response":65,"absDeviation":15,"callibration":"test","block":5,"seed":89,"numerosity":50,"matchType":"paired","which":"first","trial_type":"numerosity-estimation","trial_index":104,"time_elapsed":467525,"subject_id":"77271"},{"rt":7198,"stimulus":89,"slider_start":100,"sprites":"bears","response":82,"absDeviation":32,"callibration":"test","block":5,"seed":89,"numerosity":50,"matchType":"paired","which":"second","trial_type":"numerosity-estimation","trial_index":105,"time_elapsed":474725,"subject_id":"77271"},{"rt":2282,"stimulus":91,"slider_start":100,"sprites":"jellyBeans","response":110,"absDeviation":18,"callibration":"test","block":5,"seed":91,"numerosity":92,"matchType":"unpaired","which":"first","trial_type":"numerosity-estimation","trial_index":106,"time_elapsed":477010,"subject_id":"77271"},{"rt":2199,"stimulus":92,"slider_start":100,"sprites":"marbles","response":106,"absDeviation":15,"callibration":"test","block":5,"seed":92,"numerosity":121,"matchType":"unpaired","which":"first","trial_type":"numerosity-estimation","trial_index":107,"time_elapsed":479211,"subject_id":"77271"},{"rt":2197,"stimulus":93,"slider_start":100,"sprites":"mints","response":116,"absDeviation":38,"callibration":"test","block":5,"seed":93,"numerosity":78,"matchType":"paired","which":"first","trial_type":"numerosity-estimation","trial_index":108,"time_elapsed":481410,"subject_id":"77271"},{"rt":2581,"stimulus":93,"slider_start":100,"sprites":"mints","response":101,"absDeviation":23,"callibration":"test","block":5,"seed":93,"numerosity":78,"matchType":"paired","which":"second","trial_type":"numerosity-estimation","trial_index":109,"time_elapsed":483993,"subject_id":"77271"},{"rt":2166,"stimulus":95,"slider_start":100,"sprites":"buttons","response":83,"absDeviation":19,"callibration":"test","block":5,"seed":95,"numerosity":64,"matchType":"unpaired","which":"first","trial_type":"numerosity-estimation","trial_index":110,"time_elapsed":486161,"subject_id":"77271"},{"rt":2881,"stimulus":96,"slider_start":100,"sprites":"animalCrackers","response":108,"absDeviation":16,"callibration":"test","block":5,"seed":96,"numerosity":92,"matchType":"unpaired","which":"first","trial_type":"numerosity-estimation","trial_index":111,"time_elapsed":489044,"subject_id":"77271"},{"rt":6329,"stimulus":"<p> For the last block of trials, the average deviation of your guesses from correct answers was 21.</p>\n     <p>The smaller the deviation the better.  Your deviation was <b> VERY good</b>.</p><br>\n       <p>Press any key to continue to the next block of trials</p>","response":"u","trial_type":"html-keyboard-response","trial_index":112,"time_elapsed":495375,"subject_id":"77271"},{"rt":3903,"stimulus":2,"slider_start":100,"sprites":"butterflies","response":110,"absDeviation":25,"callibration":"test","block":6,"seed":2,"numerosity":135,"matchType":"paired","which":"first","trial_type":"numerosity-estimation","trial_index":113,"time_elapsed":499280,"subject_id":"77271"},{"rt":2379,"stimulus":2,"slider_start":100,"sprites":"butterflies","response":108,"absDeviation":27,"callibration":"test","block":6,"seed":2,"numerosity":135,"matchType":"paired","which":"second","trial_type":"numerosity-estimation","trial_index":114,"time_elapsed":501661,"subject_id":"77271"},{"rt":2015,"stimulus":3,"slider_start":100,"sprites":"hearts","response":111,"absDeviation":61,"callibration":"test","block":6,"seed":3,"numerosity":50,"matchType":"unpaired","which":"second","trial_type":"numerosity-estimation","trial_index":115,"time_elapsed":503679,"subject_id":"77271"},{"rt":2531,"stimulus":4,"slider_start":100,"sprites":"crackers","response":116,"absDeviation":9,"callibration":"test","block":6,"seed":4,"numerosity":107,"matchType":"unpaired","which":"second","trial_type":"numerosity-estimation","trial_index":116,"time_elapsed":506212,"subject_id":"77271"},{"rt":2248,"stimulus":6,"slider_start":100,"sprites":"fruits","response":118,"absDeviation":40,"callibration":"test","block":6,"seed":6,"numerosity":78,"matchType":"paired","which":"first","trial_type":"numerosity-estimation","trial_index":117,"time_elapsed":508462,"subject_id":"77271"},{"rt":2014,"stimulus":6,"slider_start":100,"sprites":"fruits","response":119,"absDeviation":41,"callibration":"test","block":6,"seed":6,"numerosity":78,"matchType":"paired","which":"second","trial_type":"numerosity-estimation","trial_index":118,"time_elapsed":510479,"subject_id":"77271"},{"rt":2082,"stimulus":7,"slider_start":100,"sprites":"jellyBeans","response":113,"absDeviation":63,"callibration":"test","block":6,"seed":7,"numerosity":50,"matchType":"unpaired","which":"second","trial_type":"numerosity-estimation","trial_index":119,"time_elapsed":512563,"subject_id":"77271"},{"rt":1881,"stimulus":8,"slider_start":100,"sprites":"marbles","response":125,"absDeviation":33,"callibration":"test","block":6,"seed":8,"numerosity":92,"matchType":"unpaired","which":"second","trial_type":"numerosity-estimation","trial_index":120,"time_elapsed":514446,"subject_id":"77271"},{"rt":2648,"stimulus":10,"slider_start":100,"sprites":"rocks","response":93,"absDeviation":43,"callibration":"test","block":6,"seed":10,"numerosity":50,"matchType":"paired","which":"first","trial_type":"numerosity-estimation","trial_index":121,"time_elapsed":517097,"subject_id":"77271"},{"rt":2898,"stimulus":10,"slider_start":100,"sprites":"rocks","response":102,"absDeviation":52,"callibration":"test","block":6,"seed":10,"numerosity":50,"matchType":"paired","which":"second","trial_type":"numerosity-estimation","trial_index":122,"time_elapsed":519997,"subject_id":"77271"},{"rt":6349,"stimulus":11,"slider_start":100,"sprites":"buttons","response":109,"absDeviation":2,"callibration":"test","block":6,"seed":11,"numerosity":107,"matchType":"unpaired","which":"second","trial_type":"numerosity-estimation","trial_index":123,"time_elapsed":526347,"subject_id":"77271"},{"rt":2749,"stimulus":12,"slider_start":100,"sprites":"animalCrackers","response":111,"absDeviation":19,"callibration":"test","block":6,"seed":12,"numerosity":92,"matchType":"unpaired","which":"second","trial_type":"numerosity-estimation","trial_index":124,"time_elapsed":529098,"subject_id":"77271"},{"rt":2381,"stimulus":14,"slider_start":100,"sprites":"butterflies","response":114,"absDeviation":36,"callibration":"test","block":6,"seed":14,"numerosity":150,"matchType":"paired","which":"first","trial_type":"numerosity-estimation","trial_index":125,"time_elapsed":531481,"subject_id":"77271"},{"rt":2214,"stimulus":14,"slider_start":100,"sprites":"butterflies","response":121,"absDeviation":29,"callibration":"test","block":6,"seed":14,"numerosity":150,"matchType":"paired","which":"second","trial_type":"numerosity-estimation","trial_index":126,"time_elapsed":533698,"subject_id":"77271"},{"rt":2048,"stimulus":15,"slider_start":100,"sprites":"hearts","response":130,"absDeviation":9,"callibration":"test","block":6,"seed":15,"numerosity":121,"matchType":"unpaired","which":"second","trial_type":"numerosity-estimation","trial_index":127,"time_elapsed":535748,"subject_id":"77271"},{"rt":2214,"stimulus":16,"slider_start":100,"sprites":"crackers","response":113,"absDeviation":49,"callibration":"test","block":6,"seed":16,"numerosity":64,"matchType":"unpaired","which":"second","trial_type":"numerosity-estimation","trial_index":128,"time_elapsed":537965,"subject_id":"77271"},{"rt":1600,"stimulus":"<p> For the last block of trials, the average deviation of your guesses from correct answers was 34.</p>\n     <p>The smaller the deviation the better.  Your deviation was <b> good</b>.</p><br>\n       <p>Press any key to continue to the next block of trials</p>","response":"j","trial_type":"html-keyboard-response","trial_index":129,"time_elapsed":539566,"subject_id":"77271"},{"rt":2965,"stimulus":18,"slider_start":100,"sprites":"fruits","response":131,"absDeviation":24,"callibration":"test","block":7,"seed":18,"numerosity":107,"matchType":"paired","which":"first","trial_type":"numerosity-estimation","trial_index":130,"time_elapsed":542533,"subject_id":"77271"},{"rt":2330,"stimulus":18,"slider_start":100,"sprites":"fruits","response":115,"absDeviation":8,"callibration":"test","block":7,"seed":18,"numerosity":107,"matchType":"paired","which":"second","trial_type":"numerosity-estimation","trial_index":131,"time_elapsed":544866,"subject_id":"77271"},{"rt":2315,"stimulus":19,"slider_start":100,"sprites":"jellyBeans","response":113,"absDeviation":22,"callibration":"test","block":7,"seed":19,"numerosity":135,"matchType":"unpaired","which":"second","trial_type":"numerosity-estimation","trial_index":132,"time_elapsed":547183,"subject_id":"77271"},{"rt":2248,"stimulus":20,"slider_start":100,"sprites":"marbles","response":83,"absDeviation":5,"callibration":"test","block":7,"seed":20,"numerosity":78,"matchType":"unpaired","which":"second","trial_type":"numerosity-estimation","trial_index":133,"time_elapsed":549433,"subject_id":"77271"},{"rt":2332,"stimulus":22,"slider_start":100,"sprites":"rocks","response":101,"absDeviation":9,"callibration":"test","block":7,"seed":22,"numerosity":92,"matchType":"paired","which":"first","trial_type":"numerosity-estimation","trial_index":134,"time_elapsed":551767,"subject_id":"77271"},{"rt":3081,"stimulus":22,"slider_start":100,"sprites":"rocks","response":101,"absDeviation":9,"callibration":"test","block":7,"seed":22,"numerosity":92,"matchType":"paired","which":"second","trial_type":"numerosity-estimation","trial_index":135,"time_elapsed":554850,"subject_id":"77271"},{"rt":2931,"stimulus":23,"slider_start":100,"sprites":"buttons","response":109,"absDeviation":41,"callibration":"test","block":7,"seed":23,"numerosity":150,"matchType":"unpaired","which":"second","trial_type":"numerosity-estimation","trial_index":136,"time_elapsed":557784,"subject_id":"77271"},{"rt":2331,"stimulus":24,"slider_start":100,"sprites":"animalCrackers","response":110,"absDeviation":3,"callibration":"test","block":7,"seed":24,"numerosity":107,"matchType":"unpaired","which":"second","trial_type":"numerosity-estimation","trial_index":137,"time_elapsed":560117,"subject_id":"77271"},{"rt":2282,"stimulus":26,"slider_start":100,"sprites":"butterflies","response":92,"absDeviation":0,"callibration":"test","block":7,"seed":26,"numerosity":92,"matchType":"paired","which":"first","trial_type":"numerosity-estimation","trial_index":138,"time_elapsed":562401,"subject_id":"77271"},{"rt":2115,"stimulus":26,"slider_start":100,"sprites":"butterflies","response":99,"absDeviation":7,"callibration":"test","block":7,"seed":26,"numerosity":92,"matchType":"paired","which":"second","trial_type":"numerosity-estimation","trial_index":139,"time_elapsed":564518,"subject_id":"77271"},{"rt":2614,"stimulus":27,"slider_start":100,"sprites":"hearts","response":104,"absDeviation":17,"callibration":"test","block":7,"seed":27,"numerosity":121,"matchType":"unpaired","which":"second","trial_type":"numerosity-estimation","trial_index":140,"time_elapsed":567135,"subject_id":"77271"},{"rt":2348,"stimulus":28,"slider_start":100,"sprites":"crackers","response":110,"absDeviation":40,"callibration":"test","block":7,"seed":28,"numerosity":150,"matchType":"unpaired","which":"second","trial_type":"numerosity-estimation","trial_index":141,"time_elapsed":569485,"subject_id":"77271"},{"rt":2281,"stimulus":30,"slider_start":100,"sprites":"fruits","response":108,"absDeviation":1,"callibration":"test","block":7,"seed":30,"numerosity":107,"matchType":"paired","which":"first","trial_type":"numerosity-estimation","trial_index":142,"time_elapsed":571769,"subject_id":"77271"},{"rt":2314,"stimulus":30,"slider_start":100,"sprites":"fruits","response":106,"absDeviation":1,"callibration":"test","block":7,"seed":30,"numerosity":107,"matchType":"paired","which":"second","trial_type":"numerosity-estimation","trial_index":143,"time_elapsed":574085,"subject_id":"77271"},{"rt":2131,"stimulus":31,"slider_start":100,"sprites":"jellyBeans","response":114,"absDeviation":36,"callibration":"test","block":7,"seed":31,"numerosity":150,"matchType":"unpaired","which":"second","trial_type":"numerosity-estimation","trial_index":144,"time_elapsed":576219,"subject_id":"77271"},{"rt":2148,"stimulus":32,"slider_start":100,"sprites":"marbles","response":104,"absDeviation":31,"callibration":"test","block":7,"seed":32,"numerosity":135,"matchType":"unpaired","which":"second","trial_type":"numerosity-estimation","trial_index":145,"time_elapsed":578369,"subject_id":"77271"},{"rt":8159,"stimulus":"<p> For the last block of trials, the average deviation of your guesses from correct answers was 16.</p>\n     <p>The smaller the deviation the better.  Your deviation was <b> VERY good</b>.</p><br>\n       <p>Press any key to continue to the next block of trials</p>","response":"h","trial_type":"html-keyboard-response","trial_index":146,"time_elapsed":586529,"subject_id":"77271"},{"rt":3006,"stimulus":34,"slider_start":100,"sprites":"rocks","response":74,"absDeviation":24,"callibration":"test","block":8,"seed":34,"numerosity":50,"matchType":"paired","which":"first","trial_type":"numerosity-estimation","trial_index":147,"time_elapsed":589538,"subject_id":"77271"},{"rt":4564,"stimulus":34,"slider_start":100,"sprites":"rocks","response":70,"absDeviation":20,"callibration":"test","block":8,"seed":34,"numerosity":50,"matchType":"paired","which":"second","trial_type":"numerosity-estimation","trial_index":148,"time_elapsed":594106,"subject_id":"77271"},{"rt":3097,"stimulus":35,"slider_start":100,"sprites":"buttons","response":111,"absDeviation":33,"callibration":"test","block":8,"seed":35,"numerosity":78,"matchType":"unpaired","which":"second","trial_type":"numerosity-estimation","trial_index":149,"time_elapsed":597204,"subject_id":"77271"},{"rt":3131,"stimulus":36,"slider_start":100,"sprites":"animalCrackers","response":86,"absDeviation":36,"callibration":"test","block":8,"seed":36,"numerosity":50,"matchType":"unpaired","which":"second","trial_type":"numerosity-estimation","trial_index":150,"time_elapsed":600338,"subject_id":"77271"},{"rt":2399,"stimulus":38,"slider_start":100,"sprites":"butterflies","response":94,"absDeviation":16,"callibration":"test","block":8,"seed":38,"numerosity":78,"matchType":"paired","which":"first","trial_type":"numerosity-estimation","trial_index":151,"time_elapsed":602739,"subject_id":"77271"},{"rt":2466,"stimulus":38,"slider_start":100,"sprites":"butterflies","response":84,"absDeviation":6,"callibration":"test","block":8,"seed":38,"numerosity":78,"matchType":"paired","which":"second","trial_type":"numerosity-estimation","trial_index":152,"time_elapsed":605208,"subject_id":"77271"},{"rt":4215,"stimulus":39,"slider_start":100,"sprites":"hearts","response":100,"absDeviation":22,"callibration":"test","block":8,"seed":39,"numerosity":78,"matchType":"unpaired","which":"second","trial_type":"numerosity-estimation","trial_index":153,"time_elapsed":609425,"subject_id":"77271"},{"rt":3479,"stimulus":40,"slider_start":100,"sprites":"crackers","response":104,"absDeviation":17,"callibration":"test","block":8,"seed":40,"numerosity":121,"matchType":"unpaired","which":"second","trial_type":"numerosity-estimation","trial_index":154,"time_elapsed":612906,"subject_id":"77271"},{"rt":2518,"stimulus":42,"slider_start":100,"sprites":"fruits","response":93,"absDeviation":15,"callibration":"test","block":8,"seed":42,"numerosity":78,"matchType":"paired","which":"first","trial_type":"numerosity-estimation","trial_index":155,"time_elapsed":615426,"subject_id":"77271"},{"rt":2680,"stimulus":42,"slider_start":100,"sprites":"fruits","response":86,"absDeviation":8,"callibration":"test","block":8,"seed":42,"numerosity":78,"matchType":"paired","which":"second","trial_type":"numerosity-estimation","trial_index":156,"time_elapsed":618108,"subject_id":"77271"},{"rt":4566,"stimulus":43,"slider_start":100,"sprites":"jellyBeans","response":58,"absDeviation":6,"callibration":"test","block":8,"seed":43,"numerosity":64,"matchType":"unpaired","which":"second","trial_type":"numerosity-estimation","trial_index":157,"time_elapsed":622676,"subject_id":"77271"},{"rt":3049,"stimulus":44,"slider_start":100,"sprites":"marbles","response":80,"absDeviation":41,"callibration":"test","block":8,"seed":44,"numerosity":121,"matchType":"unpaired","which":"second","trial_type":"numerosity-estimation","trial_index":158,"time_elapsed":625727,"subject_id":"77271"},{"rt":2364,"stimulus":46,"slider_start":100,"sprites":"rocks","response":92,"absDeviation":15,"callibration":"test","block":8,"seed":46,"numerosity":107,"matchType":"paired","which":"first","trial_type":"numerosity-estimation","trial_index":159,"time_elapsed":628093,"subject_id":"77271"},{"rt":3197,"stimulus":46,"slider_start":100,"sprites":"rocks","response":86,"absDeviation":21,"callibration":"test","block":8,"seed":46,"numerosity":107,"matchType":"paired","which":"second","trial_type":"numerosity-estimation","trial_index":160,"time_elapsed":631293,"subject_id":"77271"},{"rt":2449,"stimulus":47,"slider_start":100,"sprites":"buttons","response":95,"absDeviation":26,"callibration":"test","block":8,"seed":47,"numerosity":121,"matchType":"unpaired","which":"second","trial_type":"numerosity-estimation","trial_index":161,"time_elapsed":633743,"subject_id":"77271"},{"rt":3179,"stimulus":48,"slider_start":100,"sprites":"animalCrackers","response":103,"absDeviation":32,"callibration":"test","block":8,"seed":48,"numerosity":135,"matchType":"unpaired","which":"second","trial_type":"numerosity-estimation","trial_index":162,"time_elapsed":636925,"subject_id":"77271"},{"rt":3579,"stimulus":"<p> For the last block of trials, the average deviation of your guesses from correct answers was 21.</p>\n     <p>The smaller the deviation the better.  Your deviation was <b> VERY good</b>.</p><br>\n       <p>Press any key to continue to the next block of trials</p>","response":"m","trial_type":"html-keyboard-response","trial_index":163,"time_elapsed":640505,"subject_id":"77271"},{"rt":3571,"stimulus":50,"slider_start":100,"sprites":"butterflies","response":112,"absDeviation":38,"callibration":"test","block":9,"seed":50,"numerosity":150,"matchType":"paired","which":"first","trial_type":"numerosity-estimation","trial_index":164,"time_elapsed":644077,"subject_id":"77271"},{"rt":3146,"stimulus":50,"slider_start":100,"sprites":"butterflies","response":105,"absDeviation":45,"callibration":"test","block":9,"seed":50,"numerosity":150,"matchType":"paired","which":"second","trial_type":"numerosity-estimation","trial_index":165,"time_elapsed":647226,"subject_id":"77271"},{"rt":9084,"stimulus":51,"slider_start":100,"sprites":"hearts","response":94,"absDeviation":56,"callibration":"test","block":9,"seed":51,"numerosity":150,"matchType":"unpaired","which":"second","trial_type":"numerosity-estimation","trial_index":166,"time_elapsed":656312,"subject_id":"77271"},{"rt":5483,"stimulus":52,"slider_start":100,"sprites":"crackers","response":89,"absDeviation":11,"callibration":"test","block":9,"seed":52,"numerosity":78,"matchType":"unpaired","which":"second","trial_type":"numerosity-estimation","trial_index":167,"time_elapsed":661797,"subject_id":"77271"},{"rt":2495,"stimulus":54,"slider_start":100,"sprites":"fruits","response":78,"absDeviation":14,"callibration":"test","block":9,"seed":54,"numerosity":92,"matchType":"paired","which":"first","trial_type":"numerosity-estimation","trial_index":168,"time_elapsed":664294,"subject_id":"77271"},{"rt":2984,"stimulus":54,"slider_start":100,"sprites":"fruits","response":85,"absDeviation":7,"callibration":"test","block":9,"seed":54,"numerosity":92,"matchType":"paired","which":"second","trial_type":"numerosity-estimation","trial_index":169,"time_elapsed":667281,"subject_id":"77271"},{"rt":2714,"stimulus":55,"slider_start":100,"sprites":"jellyBeans","response":77,"absDeviation":44,"callibration":"test","block":9,"seed":55,"numerosity":121,"matchType":"unpaired","which":"second","trial_type":"numerosity-estimation","trial_index":170,"time_elapsed":669997,"subject_id":"77271"},{"rt":2163,"stimulus":56,"slider_start":100,"sprites":"marbles","response":70,"absDeviation":6,"callibration":"test","block":9,"seed":56,"numerosity":64,"matchType":"unpaired","which":"second","trial_type":"numerosity-estimation","trial_index":171,"time_elapsed":672162,"subject_id":"77271"},{"rt":1983,"stimulus":58,"slider_start":100,"sprites":"rocks","response":95,"absDeviation":26,"callibration":"test","block":9,"seed":58,"numerosity":121,"matchType":"paired","which":"first","trial_type":"numerosity-estimation","trial_index":172,"time_elapsed":674147,"subject_id":"77271"},{"rt":1913,"stimulus":58,"slider_start":100,"sprites":"rocks","response":96,"absDeviation":25,"callibration":"test","block":9,"seed":58,"numerosity":121,"matchType":"paired","which":"second","trial_type":"numerosity-estimation","trial_index":173,"time_elapsed":676062,"subject_id":"77271"},{"rt":2598,"stimulus":59,"slider_start":100,"sprites":"buttons","response":106,"absDeviation":29,"callibration":"test","block":9,"seed":59,"numerosity":135,"matchType":"unpaired","which":"second","trial_type":"numerosity-estimation","trial_index":174,"time_elapsed":678662,"subject_id":"77271"},{"rt":2300,"stimulus":60,"slider_start":100,"sprites":"animalCrackers","response":117,"absDeviation":33,"callibration":"test","block":9,"seed":60,"numerosity":150,"matchType":"unpaired","which":"second","trial_type":"numerosity-estimation","trial_index":175,"time_elapsed":680964,"subject_id":"77271"},{"rt":5997,"stimulus":62,"slider_start":100,"sprites":"butterflies","response":112,"absDeviation":23,"callibration":"test","block":9,"seed":62,"numerosity":135,"matchType":"paired","which":"first","trial_type":"numerosity-estimation","trial_index":176,"time_elapsed":686963,"subject_id":"77271"},{"rt":2534,"stimulus":62,"slider_start":100,"sprites":"butterflies","response":108,"absDeviation":27,"callibration":"test","block":9,"seed":62,"numerosity":135,"matchType":"paired","which":"second","trial_type":"numerosity-estimation","trial_index":177,"time_elapsed":689499,"subject_id":"77271"},{"rt":2529,"stimulus":63,"slider_start":100,"sprites":"hearts","response":87,"absDeviation":23,"callibration":"test","block":9,"seed":63,"numerosity":64,"matchType":"unpaired","which":"second","trial_type":"numerosity-estimation","trial_index":178,"time_elapsed":692030,"subject_id":"77271"},{"rt":2517,"stimulus":64,"slider_start":100,"sprites":"crackers","response":108,"absDeviation":27,"callibration":"test","block":9,"seed":64,"numerosity":135,"matchType":"unpaired","which":"second","trial_type":"numerosity-estimation","trial_index":179,"time_elapsed":694549,"subject_id":"77271"},{"rt":37689,"stimulus":"<p> For the last block of trials, the average deviation of your guesses from correct answers was 27.</p>\n     <p>The smaller the deviation the better.  Your deviation was <b> good</b>.</p><br>\n       <p>Press any key to continue to the next block of trials</p>","response":"m","trial_type":"html-keyboard-response","trial_index":180,"time_elapsed":732240,"subject_id":"77271"},{"rt":4442,"stimulus":66,"slider_start":100,"sprites":"fruits","response":84,"absDeviation":20,"callibration":"test","block":10,"seed":66,"numerosity":64,"matchType":"paired","which":"first","trial_type":"numerosity-estimation","trial_index":181,"time_elapsed":736685,"subject_id":"77271"},{"rt":6101,"stimulus":66,"slider_start":100,"sprites":"fruits","response":73,"absDeviation":9,"callibration":"test","block":10,"seed":66,"numerosity":64,"matchType":"paired","which":"second","trial_type":"numerosity-estimation","trial_index":182,"time_elapsed":742788,"subject_id":"77271"},{"rt":4431,"stimulus":67,"slider_start":100,"sprites":"jellyBeans","response":80,"absDeviation":27,"callibration":"test","block":10,"seed":67,"numerosity":107,"matchType":"unpaired","which":"second","trial_type":"numerosity-estimation","trial_index":183,"time_elapsed":747221,"subject_id":"77271"},{"rt":2799,"stimulus":68,"slider_start":100,"sprites":"marbles","response":103,"absDeviation":47,"callibration":"test","block":10,"seed":68,"numerosity":150,"matchType":"unpaired","which":"second","trial_type":"numerosity-estimation","trial_index":184,"time_elapsed":750022,"subject_id":"77271"},{"rt":3312,"stimulus":70,"slider_start":100,"sprites":"rocks","response":108,"absDeviation":16,"callibration":"test","block":10,"seed":70,"numerosity":92,"matchType":"paired","which":"first","trial_type":"numerosity-estimation","trial_index":185,"time_elapsed":753337,"subject_id":"77271"},{"rt":2217,"stimulus":70,"slider_start":100,"sprites":"rocks","response":106,"absDeviation":14,"callibration":"test","block":10,"seed":70,"numerosity":92,"matchType":"paired","which":"second","trial_type":"numerosity-estimation","trial_index":186,"time_elapsed":755555,"subject_id":"77271"},{"rt":2196,"stimulus":71,"slider_start":100,"sprites":"buttons","response":104,"absDeviation":3,"callibration":"test","block":10,"seed":71,"numerosity":107,"matchType":"unpaired","which":"second","trial_type":"numerosity-estimation","trial_index":187,"time_elapsed":757754,"subject_id":"77271"},{"rt":3716,"stimulus":72,"slider_start":100,"sprites":"animalCrackers","response":60,"absDeviation":10,"callibration":"test","block":10,"seed":72,"numerosity":50,"matchType":"unpaired","which":"second","trial_type":"numerosity-estimation","trial_index":188,"time_elapsed":761472,"subject_id":"77271"},{"rt":3099,"stimulus":74,"slider_start":100,"sprites":"butterflies","response":85,"absDeviation":21,"callibration":"test","block":10,"seed":74,"numerosity":64,"matchType":"paired","which":"first","trial_type":"numerosity-estimation","trial_index":189,"time_elapsed":764573,"subject_id":"77271"},{"rt":3515,"stimulus":74,"slider_start":100,"sprites":"butterflies","response":88,"absDeviation":24,"callibration":"test","block":10,"seed":74,"numerosity":64,"matchType":"paired","which":"second","trial_type":"numerosity-estimation","trial_index":190,"time_elapsed":768090,"subject_id":"77271"},{"rt":3713,"stimulus":75,"slider_start":100,"sprites":"hearts","response":107,"absDeviation":15,"callibration":"test","block":10,"seed":75,"numerosity":92,"matchType":"unpaired","which":"second","trial_type":"numerosity-estimation","trial_index":191,"time_elapsed":771805,"subject_id":"77271"},{"rt":2851,"stimulus":76,"slider_start":100,"sprites":"crackers","response":107,"absDeviation":43,"callibration":"test","block":10,"seed":76,"numerosity":64,"matchType":"unpaired","which":"second","trial_type":"numerosity-estimation","trial_index":192,"time_elapsed":774658,"subject_id":"77271"},{"rt":3815,"stimulus":78,"slider_start":100,"sprites":"fruits","response":107,"absDeviation":43,"callibration":"test","block":10,"seed":78,"numerosity":64,"matchType":"paired","which":"first","trial_type":"numerosity-estimation","trial_index":193,"time_elapsed":778475,"subject_id":"77271"},{"rt":2049,"stimulus":78,"slider_start":100,"sprites":"fruits","response":106,"absDeviation":42,"callibration":"test","block":10,"seed":78,"numerosity":64,"matchType":"paired","which":"second","trial_type":"numerosity-estimation","trial_index":194,"time_elapsed":780525,"subject_id":"77271"},{"rt":3714,"stimulus":79,"slider_start":100,"sprites":"jellyBeans","response":110,"absDeviation":60,"callibration":"test","block":10,"seed":79,"numerosity":50,"matchType":"unpaired","which":"second","trial_type":"numerosity-estimation","trial_index":195,"time_elapsed":784242,"subject_id":"77271"},{"rt":2332,"stimulus":80,"slider_start":100,"sprites":"marbles","response":108,"absDeviation":13,"callibration":"test","block":10,"seed":80,"numerosity":121,"matchType":"unpaired","which":"second","trial_type":"numerosity-estimation","trial_index":196,"time_elapsed":786576,"subject_id":"77271"},{"rt":1028,"stimulus":"<p> For the last block of trials, the average deviation of your guesses from correct answers was 25.</p>\n     <p>The smaller the deviation the better.  Your deviation was <b> good</b>.</p><br>\n       <p>Press any key to continue to the next block of trials</p>","response":"j","trial_type":"html-keyboard-response","trial_index":197,"time_elapsed":787606,"subject_id":"77271"},{"rt":3684,"stimulus":82,"slider_start":100,"sprites":"rocks","response":109,"absDeviation":45,"callibration":"test","block":11,"seed":82,"numerosity":64,"matchType":"paired","which":"first","trial_type":"numerosity-estimation","trial_index":198,"time_elapsed":791293,"subject_id":"77271"},{"rt":2533,"stimulus":82,"slider_start":100,"sprites":"rocks","response":108,"absDeviation":44,"callibration":"test","block":11,"seed":82,"numerosity":64,"matchType":"paired","which":"second","trial_type":"numerosity-estimation","trial_index":199,"time_elapsed":793830,"subject_id":"77271"},{"rt":2114,"stimulus":83,"slider_start":100,"sprites":"buttons","response":116,"absDeviation":5,"callibration":"test","block":11,"seed":83,"numerosity":121,"matchType":"unpaired","which":"second","trial_type":"numerosity-estimation","trial_index":200,"time_elapsed":795946,"subject_id":"77271"},{"rt":3782,"stimulus":84,"slider_start":100,"sprites":"animalCrackers","response":75,"absDeviation":25,"callibration":"test","block":11,"seed":84,"numerosity":50,"matchType":"unpaired","which":"second","trial_type":"numerosity-estimation","trial_index":201,"time_elapsed":799731,"subject_id":"77271"},{"rt":2698,"stimulus":86,"slider_start":100,"sprites":"butterflies","response":111,"absDeviation":10,"callibration":"test","block":11,"seed":86,"numerosity":121,"matchType":"paired","which":"first","trial_type":"numerosity-estimation","trial_index":202,"time_elapsed":802432,"subject_id":"77271"},{"rt":2214,"stimulus":86,"slider_start":100,"sprites":"butterflies","response":108,"absDeviation":13,"callibration":"test","block":11,"seed":86,"numerosity":121,"matchType":"paired","which":"second","trial_type":"numerosity-estimation","trial_index":203,"time_elapsed":804649,"subject_id":"77271"},{"rt":1748,"stimulus":87,"slider_start":100,"sprites":"hearts","response":84,"absDeviation":34,"callibration":"test","block":11,"seed":87,"numerosity":50,"matchType":"unpaired","which":"second","trial_type":"numerosity-estimation","trial_index":204,"time_elapsed":806400,"subject_id":"77271"},{"rt":2131,"stimulus":88,"slider_start":100,"sprites":"crackers","response":115,"absDeviation":20,"callibration":"test","block":11,"seed":88,"numerosity":135,"matchType":"unpaired","which":"second","trial_type":"numerosity-estimation","trial_index":205,"time_elapsed":808533,"subject_id":"77271"},{"rt":2598,"stimulus":90,"slider_start":100,"sprites":"fruits","response":113,"absDeviation":37,"callibration":"test","block":11,"seed":90,"numerosity":150,"matchType":"paired","which":"first","trial_type":"numerosity-estimation","trial_index":206,"time_elapsed":811134,"subject_id":"77271"},{"rt":2548,"stimulus":90,"slider_start":100,"sprites":"fruits","response":120,"absDeviation":30,"callibration":"test","block":11,"seed":90,"numerosity":150,"matchType":"paired","which":"second","trial_type":"numerosity-estimation","trial_index":207,"time_elapsed":813684,"subject_id":"77271"},{"rt":1914,"stimulus":91,"slider_start":100,"sprites":"jellyBeans","response":113,"absDeviation":21,"callibration":"test","block":11,"seed":91,"numerosity":92,"matchType":"unpaired","which":"second","trial_type":"numerosity-estimation","trial_index":208,"time_elapsed":815601,"subject_id":"77271"},{"rt":3265,"stimulus":92,"slider_start":100,"sprites":"marbles","response":109,"absDeviation":12,"callibration":"test","block":11,"seed":92,"numerosity":121,"matchType":"unpaired","which":"second","trial_type":"numerosity-estimation","trial_index":209,"time_elapsed":818869,"subject_id":"77271"},{"rt":1898,"stimulus":94,"slider_start":100,"sprites":"rocks","response":118,"absDeviation":40,"callibration":"test","block":11,"seed":94,"numerosity":78,"matchType":"paired","which":"first","trial_type":"numerosity-estimation","trial_index":210,"time_elapsed":820769,"subject_id":"77271"},{"rt":2164,"stimulus":94,"slider_start":100,"sprites":"rocks","response":125,"absDeviation":47,"callibration":"test","block":11,"seed":94,"numerosity":78,"matchType":"paired","which":"second","trial_type":"numerosity-estimation","trial_index":211,"time_elapsed":822936,"subject_id":"77271"},{"rt":3850,"stimulus":95,"slider_start":100,"sprites":"buttons","response":110,"absDeviation":46,"callibration":"test","block":11,"seed":95,"numerosity":64,"matchType":"unpaired","which":"second","trial_type":"numerosity-estimation","trial_index":212,"time_elapsed":826788,"subject_id":"77271"},{"rt":58300,"stimulus":96,"slider_start":100,"sprites":"animalCrackers","response":92,"absDeviation":0,"callibration":"test","block":11,"seed":96,"numerosity":92,"matchType":"unpaired","which":"second","trial_type":"numerosity-estimation","trial_index":213,"time_elapsed":885093,"subject_id":"77271"},{"rt":1551,"stimulus":"<p> For the last block of trials, the average deviation of your guesses from correct answers was 27.</p>\n     <p>The smaller the deviation the better.  Your deviation was <b> good</b>.</p><br>\n       <p>Press any key to continue to the next block of trials</p>","response":"n","trial_type":"html-keyboard-response","trial_index":214,"time_elapsed":886645,"subject_id":"77271"},{"rt":20182,"response":{"averageEstimates":"When the two displays occured back-to-back, in immediate succession.","firstOrSecond":"The first time the objects were shown"},"question_order":[0,1],"trial_type":"survey-multi-choice","trial_index":215,"time_elapsed":906830,"subject_id":"77271"}]